kode_provinsi;nama_provinsi;kode_kabupaten;nama_kabupaten;kode_kecamatan;nama_kecamatan;data_pokok;tahun_ajaran;status;bidang_pendidikan;jumlah
15;JAMBI;1501;KERINCI;150105;AIR HANGAT;DATA SEKOLAH;2022/2023 GENAP;NEGERI;TK;2
15;JAMBI;1501;KERINCI;150105;AIR HANGAT;DATA SEKOLAH;2022/2023 GENAP;NEGERI;KB;0
15;JAMBI;1501;KERINCI;150105;AIR HANGAT;DATA SEKOLAH;2022/2023 GENAP;NEGERI;TPA;0
15;JAMBI;1501;KERINCI;150105;AIR HANGAT;DATA SEKOLAH;2022/2023 GENAP;NEGERI;SPS;0
15;JAMBI;1501;KERINCI;150105;AIR HANGAT;DATA SEKOLAH;2022/2023 GENAP;NEGERI;PKBM;0
15;JAMBI;1501;KERINCI;150105;AIR HANGAT;DATA SEKOLAH;2022/2023 GENAP;NEGERI;SKB;1
15;JAMBI;1501;KERINCI;150105;AIR HANGAT;DATA SEKOLAH;2022/2023 GENAP;NEGERI;SD;10
15;JAMBI;1501;KERINCI;150105;AIR HANGAT;DATA SEKOLAH;2022/2023 GENAP;NEGERI;SMP;1
15;JAMBI;1501;KERINCI;150105;AIR HANGAT;DATA SEKOLAH;2022/2023 GENAP;NEGERI;SMA;0
15;JAMBI;1501;KERINCI;150105;AIR HANGAT;DATA SEKOLAH;2022/2023 GENAP;NEGERI;SMK;0
15;JAMBI;1501;KERINCI;150105;AIR HANGAT;DATA SEKOLAH;2022/2023 GENAP;NEGERI;SLB;0
15;JAMBI;1501;KERINCI;150121;AIR HANGAT BARAT;DATA SEKOLAH;2022/2023 GENAP;NEGERI;TK;1
15;JAMBI;1501;KERINCI;150121;AIR HANGAT BARAT;DATA SEKOLAH;2022/2023 GENAP;NEGERI;KB;0
15;JAMBI;1501;KERINCI;150121;AIR HANGAT BARAT;DATA SEKOLAH;2022/2023 GENAP;NEGERI;TPA;0
15;JAMBI;1501;KERINCI;150121;AIR HANGAT BARAT;DATA SEKOLAH;2022/2023 GENAP;NEGERI;SPS;0
15;JAMBI;1501;KERINCI;150121;AIR HANGAT BARAT;DATA SEKOLAH;2022/2023 GENAP;NEGERI;PKBM;0
15;JAMBI;1501;KERINCI;150121;AIR HANGAT BARAT;DATA SEKOLAH;2022/2023 GENAP;NEGERI;SKB;0
15;JAMBI;1501;KERINCI;150121;AIR HANGAT BARAT;DATA SEKOLAH;2022/2023 GENAP;NEGERI;SD;9
15;JAMBI;1501;KERINCI;150121;AIR HANGAT BARAT;DATA SEKOLAH;2022/2023 GENAP;NEGERI;SMP;1
15;JAMBI;1501;KERINCI;150121;AIR HANGAT BARAT;DATA SEKOLAH;2022/2023 GENAP;NEGERI;SMA;1
15;JAMBI;1501;KERINCI;150121;AIR HANGAT BARAT;DATA SEKOLAH;2022/2023 GENAP;NEGERI;SMK;0
15;JAMBI;1501;KERINCI;150121;AIR HANGAT BARAT;DATA SEKOLAH;2022/2023 GENAP;NEGERI;SLB;0
15;JAMBI;1501;KERINCI;150111;AIR HANGAT TIMUR;DATA SEKOLAH;2022/2023 GENAP;NEGERI;TK;1
15;JAMBI;1501;KERINCI;150111;AIR HANGAT TIMUR;DATA SEKOLAH;2022/2023 GENAP;NEGERI;KB;0
15;JAMBI;1501;KERINCI;150111;AIR HANGAT TIMUR;DATA SEKOLAH;2022/2023 GENAP;NEGERI;TPA;0
15;JAMBI;1501;KERINCI;150111;AIR HANGAT TIMUR;DATA SEKOLAH;2022/2023 GENAP;NEGERI;SPS;0
15;JAMBI;1501;KERINCI;150111;AIR HANGAT TIMUR;DATA SEKOLAH;2022/2023 GENAP;NEGERI;PKBM;0
15;JAMBI;1501;KERINCI;150111;AIR HANGAT TIMUR;DATA SEKOLAH;2022/2023 GENAP;NEGERI;SKB;0
15;JAMBI;1501;KERINCI;150111;AIR HANGAT TIMUR;DATA SEKOLAH;2022/2023 GENAP;NEGERI;SD;16
15;JAMBI;1501;KERINCI;150111;AIR HANGAT TIMUR;DATA SEKOLAH;2022/2023 GENAP;NEGERI;SMP;4
15;JAMBI;1501;KERINCI;150111;AIR HANGAT TIMUR;DATA SEKOLAH;2022/2023 GENAP;NEGERI;SMA;1
15;JAMBI;1501;KERINCI;150111;AIR HANGAT TIMUR;DATA SEKOLAH;2022/2023 GENAP;NEGERI;SMK;0
15;JAMBI;1501;KERINCI;150111;AIR HANGAT TIMUR;DATA SEKOLAH;2022/2023 GENAP;NEGERI;SLB;0
15;JAMBI;1503;SAROLANGUN;150307;AIR HITAM;DATA SEKOLAH;2022/2023 GENAP;NEGERI;TK;0
15;JAMBI;1503;SAROLANGUN;150307;AIR HITAM;DATA SEKOLAH;2022/2023 GENAP;NEGERI;KB;0
15;JAMBI;1503;SAROLANGUN;150307;AIR HITAM;DATA SEKOLAH;2022/2023 GENAP;NEGERI;TPA;0
15;JAMBI;1503;SAROLANGUN;150307;AIR HITAM;DATA SEKOLAH;2022/2023 GENAP;NEGERI;SPS;0
15;JAMBI;1503;SAROLANGUN;150307;AIR HITAM;DATA SEKOLAH;2022/2023 GENAP;NEGERI;PKBM;0
15;JAMBI;1503;SAROLANGUN;150307;AIR HITAM;DATA SEKOLAH;2022/2023 GENAP;NEGERI;SKB;0
15;JAMBI;1503;SAROLANGUN;150307;AIR HITAM;DATA SEKOLAH;2022/2023 GENAP;NEGERI;SD;13
15;JAMBI;1503;SAROLANGUN;150307;AIR HITAM;DATA SEKOLAH;2022/2023 GENAP;NEGERI;SMP;5
15;JAMBI;1503;SAROLANGUN;150307;AIR HITAM;DATA SEKOLAH;2022/2023 GENAP;NEGERI;SMA;1
15;JAMBI;1503;SAROLANGUN;150307;AIR HITAM;DATA SEKOLAH;2022/2023 GENAP;NEGERI;SMK;2
15;JAMBI;1503;SAROLANGUN;150307;AIR HITAM;DATA SEKOLAH;2022/2023 GENAP;NEGERI;SLB;0
15;JAMBI;1571;KOTA JAMBI;157109;ALAM BARAJO;DATA SEKOLAH;2022/2023 GENAP;NEGERI;TK;0
15;JAMBI;1571;KOTA JAMBI;157109;ALAM BARAJO;DATA SEKOLAH;2022/2023 GENAP;NEGERI;KB;0
15;JAMBI;1571;KOTA JAMBI;157109;ALAM BARAJO;DATA SEKOLAH;2022/2023 GENAP;NEGERI;TPA;0
15;JAMBI;1571;KOTA JAMBI;157109;ALAM BARAJO;DATA SEKOLAH;2022/2023 GENAP;NEGERI;SPS;0
15;JAMBI;1571;KOTA JAMBI;157109;ALAM BARAJO;DATA SEKOLAH;2022/2023 GENAP;NEGERI;PKBM;0
15;JAMBI;1571;KOTA JAMBI;157109;ALAM BARAJO;DATA SEKOLAH;2022/2023 GENAP;NEGERI;SKB;0
15;JAMBI;1571;KOTA JAMBI;157109;ALAM BARAJO;DATA SEKOLAH;2022/2023 GENAP;NEGERI;SD;16
15;JAMBI;1571;KOTA JAMBI;157109;ALAM BARAJO;DATA SEKOLAH;2022/2023 GENAP;NEGERI;SMP;2
15;JAMBI;1571;KOTA JAMBI;157109;ALAM BARAJO;DATA SEKOLAH;2022/2023 GENAP;NEGERI;SMA;3
15;JAMBI;1571;KOTA JAMBI;157109;ALAM BARAJO;DATA SEKOLAH;2022/2023 GENAP;NEGERI;SMK;1
15;JAMBI;1571;KOTA JAMBI;157109;ALAM BARAJO;DATA SEKOLAH;2022/2023 GENAP;NEGERI;SLB;0
15;JAMBI;1505;MUARO JAMBI;150510;BAHAR SELATAN;DATA SEKOLAH;2022/2023 GENAP;NEGERI;TK;1
15;JAMBI;1505;MUARO JAMBI;150510;BAHAR SELATAN;DATA SEKOLAH;2022/2023 GENAP;NEGERI;KB;0
15;JAMBI;1505;MUARO JAMBI;150510;BAHAR SELATAN;DATA SEKOLAH;2022/2023 GENAP;NEGERI;TPA;0
15;JAMBI;1505;MUARO JAMBI;150510;BAHAR SELATAN;DATA SEKOLAH;2022/2023 GENAP;NEGERI;SPS;0
15;JAMBI;1505;MUARO JAMBI;150510;BAHAR SELATAN;DATA SEKOLAH;2022/2023 GENAP;NEGERI;PKBM;0
15;JAMBI;1505;MUARO JAMBI;150510;BAHAR SELATAN;DATA SEKOLAH;2022/2023 GENAP;NEGERI;SKB;0
15;JAMBI;1505;MUARO JAMBI;150510;BAHAR SELATAN;DATA SEKOLAH;2022/2023 GENAP;NEGERI;SD;15
15;JAMBI;1505;MUARO JAMBI;150510;BAHAR SELATAN;DATA SEKOLAH;2022/2023 GENAP;NEGERI;SMP;5
15;JAMBI;1505;MUARO JAMBI;150510;BAHAR SELATAN;DATA SEKOLAH;2022/2023 GENAP;NEGERI;SMA;1
15;JAMBI;1505;MUARO JAMBI;150510;BAHAR SELATAN;DATA SEKOLAH;2022/2023 GENAP;NEGERI;SMK;0
15;JAMBI;1505;MUARO JAMBI;150510;BAHAR SELATAN;DATA SEKOLAH;2022/2023 GENAP;NEGERI;SLB;0
15;JAMBI;1505;MUARO JAMBI;150509;BAHAR UTARA;DATA SEKOLAH;2022/2023 GENAP;NEGERI;TK;1
15;JAMBI;1505;MUARO JAMBI;150509;BAHAR UTARA;DATA SEKOLAH;2022/2023 GENAP;NEGERI;KB;0
15;JAMBI;1505;MUARO JAMBI;150509;BAHAR UTARA;DATA SEKOLAH;2022/2023 GENAP;NEGERI;TPA;0
15;JAMBI;1505;MUARO JAMBI;150509;BAHAR UTARA;DATA SEKOLAH;2022/2023 GENAP;NEGERI;SPS;0
15;JAMBI;1505;MUARO JAMBI;150509;BAHAR UTARA;DATA SEKOLAH;2022/2023 GENAP;NEGERI;PKBM;0
15;JAMBI;1505;MUARO JAMBI;150509;BAHAR UTARA;DATA SEKOLAH;2022/2023 GENAP;NEGERI;SKB;0
15;JAMBI;1505;MUARO JAMBI;150509;BAHAR UTARA;DATA SEKOLAH;2022/2023 GENAP;NEGERI;SD;11
15;JAMBI;1505;MUARO JAMBI;150509;BAHAR UTARA;DATA SEKOLAH;2022/2023 GENAP;NEGERI;SMP;4
15;JAMBI;1505;MUARO JAMBI;150509;BAHAR UTARA;DATA SEKOLAH;2022/2023 GENAP;NEGERI;SMA;1
15;JAMBI;1505;MUARO JAMBI;150509;BAHAR UTARA;DATA SEKOLAH;2022/2023 GENAP;NEGERI;SMK;1
15;JAMBI;1505;MUARO JAMBI;150509;BAHAR UTARA;DATA SEKOLAH;2022/2023 GENAP;NEGERI;SLB;0
15;JAMBI;1504;BATANGHARI;150407;BAJUBANG;DATA SEKOLAH;2022/2023 GENAP;NEGERI;TK;1
15;JAMBI;1504;BATANGHARI;150407;BAJUBANG;DATA SEKOLAH;2022/2023 GENAP;NEGERI;KB;0
15;JAMBI;1504;BATANGHARI;150407;BAJUBANG;DATA SEKOLAH;2022/2023 GENAP;NEGERI;TPA;0
15;JAMBI;1504;BATANGHARI;150407;BAJUBANG;DATA SEKOLAH;2022/2023 GENAP;NEGERI;SPS;0
15;JAMBI;1504;BATANGHARI;150407;BAJUBANG;DATA SEKOLAH;2022/2023 GENAP;NEGERI;PKBM;0
15;JAMBI;1504;BATANGHARI;150407;BAJUBANG;DATA SEKOLAH;2022/2023 GENAP;NEGERI;SKB;0
15;JAMBI;1504;BATANGHARI;150407;BAJUBANG;DATA SEKOLAH;2022/2023 GENAP;NEGERI;SD;28
15;JAMBI;1504;BATANGHARI;150407;BAJUBANG;DATA SEKOLAH;2022/2023 GENAP;NEGERI;SMP;7
15;JAMBI;1504;BATANGHARI;150407;BAJUBANG;DATA SEKOLAH;2022/2023 GENAP;NEGERI;SMA;1
15;JAMBI;1504;BATANGHARI;150407;BAJUBANG;DATA SEKOLAH;2022/2023 GENAP;NEGERI;SMK;1
15;JAMBI;1504;BATANGHARI;150407;BAJUBANG;DATA SEKOLAH;2022/2023 GENAP;NEGERI;SLB;0
15;JAMBI;1502;MERANGIN;150202;BANGKO;DATA SEKOLAH;2022/2023 GENAP;NEGERI;TK;2
15;JAMBI;1502;MERANGIN;150202;BANGKO;DATA SEKOLAH;2022/2023 GENAP;NEGERI;KB;0
15;JAMBI;1502;MERANGIN;150202;BANGKO;DATA SEKOLAH;2022/2023 GENAP;NEGERI;TPA;0
15;JAMBI;1502;MERANGIN;150202;BANGKO;DATA SEKOLAH;2022/2023 GENAP;NEGERI;SPS;0
15;JAMBI;1502;MERANGIN;150202;BANGKO;DATA SEKOLAH;2022/2023 GENAP;NEGERI;PKBM;0
15;JAMBI;1502;MERANGIN;150202;BANGKO;DATA SEKOLAH;2022/2023 GENAP;NEGERI;SKB;0
15;JAMBI;1502;MERANGIN;150202;BANGKO;DATA SEKOLAH;2022/2023 GENAP;NEGERI;SD;23
15;JAMBI;1502;MERANGIN;150202;BANGKO;DATA SEKOLAH;2022/2023 GENAP;NEGERI;SMP;5
15;JAMBI;1502;MERANGIN;150202;BANGKO;DATA SEKOLAH;2022/2023 GENAP;NEGERI;SMA;3
15;JAMBI;1502;MERANGIN;150202;BANGKO;DATA SEKOLAH;2022/2023 GENAP;NEGERI;SMK;1
15;JAMBI;1502;MERANGIN;150202;BANGKO;DATA SEKOLAH;2022/2023 GENAP;NEGERI;SLB;1
15;JAMBI;1502;MERANGIN;150210;BANGKO BARAT;DATA SEKOLAH;2022/2023 GENAP;NEGERI;TK;0
15;JAMBI;1502;MERANGIN;150210;BANGKO BARAT;DATA SEKOLAH;2022/2023 GENAP;NEGERI;KB;0
15;JAMBI;1502;MERANGIN;150210;BANGKO BARAT;DATA SEKOLAH;2022/2023 GENAP;NEGERI;TPA;0
15;JAMBI;1502;MERANGIN;150210;BANGKO BARAT;DATA SEKOLAH;2022/2023 GENAP;NEGERI;SPS;0
15;JAMBI;1502;MERANGIN;150210;BANGKO BARAT;DATA SEKOLAH;2022/2023 GENAP;NEGERI;PKBM;0
15;JAMBI;1502;MERANGIN;150210;BANGKO BARAT;DATA SEKOLAH;2022/2023 GENAP;NEGERI;SKB;0
15;JAMBI;1502;MERANGIN;150210;BANGKO BARAT;DATA SEKOLAH;2022/2023 GENAP;NEGERI;SD;11
15;JAMBI;1502;MERANGIN;150210;BANGKO BARAT;DATA SEKOLAH;2022/2023 GENAP;NEGERI;SMP;2
15;JAMBI;1502;MERANGIN;150210;BANGKO BARAT;DATA SEKOLAH;2022/2023 GENAP;NEGERI;SMA;0
15;JAMBI;1502;MERANGIN;150210;BANGKO BARAT;DATA SEKOLAH;2022/2023 GENAP;NEGERI;SMK;0
15;JAMBI;1502;MERANGIN;150210;BANGKO BARAT;DATA SEKOLAH;2022/2023 GENAP;NEGERI;SLB;0
15;JAMBI;1503;SAROLANGUN;150301;BATANG ASAI;DATA SEKOLAH;2022/2023 GENAP;NEGERI;TK;0
15;JAMBI;1503;SAROLANGUN;150301;BATANG ASAI;DATA SEKOLAH;2022/2023 GENAP;NEGERI;KB;0
15;JAMBI;1503;SAROLANGUN;150301;BATANG ASAI;DATA SEKOLAH;2022/2023 GENAP;NEGERI;TPA;0
15;JAMBI;1503;SAROLANGUN;150301;BATANG ASAI;DATA SEKOLAH;2022/2023 GENAP;NEGERI;SPS;0
15;JAMBI;1503;SAROLANGUN;150301;BATANG ASAI;DATA SEKOLAH;2022/2023 GENAP;NEGERI;PKBM;0
15;JAMBI;1503;SAROLANGUN;150301;BATANG ASAI;DATA SEKOLAH;2022/2023 GENAP;NEGERI;SKB;0
15;JAMBI;1503;SAROLANGUN;150301;BATANG ASAI;DATA SEKOLAH;2022/2023 GENAP;NEGERI;SD;34
15;JAMBI;1503;SAROLANGUN;150301;BATANG ASAI;DATA SEKOLAH;2022/2023 GENAP;NEGERI;SMP;8
15;JAMBI;1503;SAROLANGUN;150301;BATANG ASAI;DATA SEKOLAH;2022/2023 GENAP;NEGERI;SMA;1
15;JAMBI;1503;SAROLANGUN;150301;BATANG ASAI;DATA SEKOLAH;2022/2023 GENAP;NEGERI;SMK;2
15;JAMBI;1503;SAROLANGUN;150301;BATANG ASAI;DATA SEKOLAH;2022/2023 GENAP;NEGERI;SLB;0
15;JAMBI;1506;TANJUNG JABUNG BARAT;150607;BATANG ASAM;DATA SEKOLAH;2022/2023 GENAP;NEGERI;TK;1
15;JAMBI;1506;TANJUNG JABUNG BARAT;150607;BATANG ASAM;DATA SEKOLAH;2022/2023 GENAP;NEGERI;KB;0
15;JAMBI;1506;TANJUNG JABUNG BARAT;150607;BATANG ASAM;DATA SEKOLAH;2022/2023 GENAP;NEGERI;TPA;0
15;JAMBI;1506;TANJUNG JABUNG BARAT;150607;BATANG ASAM;DATA SEKOLAH;2022/2023 GENAP;NEGERI;SPS;0
15;JAMBI;1506;TANJUNG JABUNG BARAT;150607;BATANG ASAM;DATA SEKOLAH;2022/2023 GENAP;NEGERI;PKBM;0
15;JAMBI;1506;TANJUNG JABUNG BARAT;150607;BATANG ASAM;DATA SEKOLAH;2022/2023 GENAP;NEGERI;SKB;0
15;JAMBI;1506;TANJUNG JABUNG BARAT;150607;BATANG ASAM;DATA SEKOLAH;2022/2023 GENAP;NEGERI;SD;13
15;JAMBI;1506;TANJUNG JABUNG BARAT;150607;BATANG ASAM;DATA SEKOLAH;2022/2023 GENAP;NEGERI;SMP;6
15;JAMBI;1506;TANJUNG JABUNG BARAT;150607;BATANG ASAM;DATA SEKOLAH;2022/2023 GENAP;NEGERI;SMA;1
15;JAMBI;1506;TANJUNG JABUNG BARAT;150607;BATANG ASAM;DATA SEKOLAH;2022/2023 GENAP;NEGERI;SMK;1
15;JAMBI;1506;TANJUNG JABUNG BARAT;150607;BATANG ASAM;DATA SEKOLAH;2022/2023 GENAP;NEGERI;SLB;0
15;JAMBI;1502;MERANGIN;150212;BATANG MASUMAI;DATA SEKOLAH;2022/2023 GENAP;NEGERI;TK;0
15;JAMBI;1502;MERANGIN;150212;BATANG MASUMAI;DATA SEKOLAH;2022/2023 GENAP;NEGERI;KB;0
15;JAMBI;1502;MERANGIN;150212;BATANG MASUMAI;DATA SEKOLAH;2022/2023 GENAP;NEGERI;TPA;0
15;JAMBI;1502;MERANGIN;150212;BATANG MASUMAI;DATA SEKOLAH;2022/2023 GENAP;NEGERI;SPS;0
15;JAMBI;1502;MERANGIN;150212;BATANG MASUMAI;DATA SEKOLAH;2022/2023 GENAP;NEGERI;PKBM;0
15;JAMBI;1502;MERANGIN;150212;BATANG MASUMAI;DATA SEKOLAH;2022/2023 GENAP;NEGERI;SKB;0
15;JAMBI;1502;MERANGIN;150212;BATANG MASUMAI;DATA SEKOLAH;2022/2023 GENAP;NEGERI;SD;13
15;JAMBI;1502;MERANGIN;150212;BATANG MASUMAI;DATA SEKOLAH;2022/2023 GENAP;NEGERI;SMP;2
15;JAMBI;1502;MERANGIN;150212;BATANG MASUMAI;DATA SEKOLAH;2022/2023 GENAP;NEGERI;SMA;1
15;JAMBI;1502;MERANGIN;150212;BATANG MASUMAI;DATA SEKOLAH;2022/2023 GENAP;NEGERI;SMK;1
15;JAMBI;1502;MERANGIN;150212;BATANG MASUMAI;DATA SEKOLAH;2022/2023 GENAP;NEGERI;SLB;0
15;JAMBI;1501;KERINCI;150107;BATANG MERANGIN;DATA SEKOLAH;2022/2023 GENAP;NEGERI;TK;1
15;JAMBI;1501;KERINCI;150107;BATANG MERANGIN;DATA SEKOLAH;2022/2023 GENAP;NEGERI;KB;1
15;JAMBI;1501;KERINCI;150107;BATANG MERANGIN;DATA SEKOLAH;2022/2023 GENAP;NEGERI;TPA;0
15;JAMBI;1501;KERINCI;150107;BATANG MERANGIN;DATA SEKOLAH;2022/2023 GENAP;NEGERI;SPS;0
15;JAMBI;1501;KERINCI;150107;BATANG MERANGIN;DATA SEKOLAH;2022/2023 GENAP;NEGERI;PKBM;0
15;JAMBI;1501;KERINCI;150107;BATANG MERANGIN;DATA SEKOLAH;2022/2023 GENAP;NEGERI;SKB;0
15;JAMBI;1501;KERINCI;150107;BATANG MERANGIN;DATA SEKOLAH;2022/2023 GENAP;NEGERI;SD;13
15;JAMBI;1501;KERINCI;150107;BATANG MERANGIN;DATA SEKOLAH;2022/2023 GENAP;NEGERI;SMP;5
15;JAMBI;1501;KERINCI;150107;BATANG MERANGIN;DATA SEKOLAH;2022/2023 GENAP;NEGERI;SMA;2
15;JAMBI;1501;KERINCI;150107;BATANG MERANGIN;DATA SEKOLAH;2022/2023 GENAP;NEGERI;SMK;0
15;JAMBI;1501;KERINCI;150107;BATANG MERANGIN;DATA SEKOLAH;2022/2023 GENAP;NEGERI;SLB;0
15;JAMBI;1508;BUNGO;150815;BATHIN II PELAYANG;DATA SEKOLAH;2022/2023 GENAP;NEGERI;TK;0
15;JAMBI;1508;BUNGO;150815;BATHIN II PELAYANG;DATA SEKOLAH;2022/2023 GENAP;NEGERI;KB;0
15;JAMBI;1508;BUNGO;150815;BATHIN II PELAYANG;DATA SEKOLAH;2022/2023 GENAP;NEGERI;TPA;0
15;JAMBI;1508;BUNGO;150815;BATHIN II PELAYANG;DATA SEKOLAH;2022/2023 GENAP;NEGERI;SPS;0
15;JAMBI;1508;BUNGO;150815;BATHIN II PELAYANG;DATA SEKOLAH;2022/2023 GENAP;NEGERI;PKBM;0
15;JAMBI;1508;BUNGO;150815;BATHIN II PELAYANG;DATA SEKOLAH;2022/2023 GENAP;NEGERI;SKB;0
15;JAMBI;1508;BUNGO;150815;BATHIN II PELAYANG;DATA SEKOLAH;2022/2023 GENAP;NEGERI;SD;8
15;JAMBI;1508;BUNGO;150815;BATHIN II PELAYANG;DATA SEKOLAH;2022/2023 GENAP;NEGERI;SMP;2
15;JAMBI;1508;BUNGO;150815;BATHIN II PELAYANG;DATA SEKOLAH;2022/2023 GENAP;NEGERI;SMA;1
15;JAMBI;1508;BUNGO;150815;BATHIN II PELAYANG;DATA SEKOLAH;2022/2023 GENAP;NEGERI;SMK;0
15;JAMBI;1508;BUNGO;150815;BATHIN II PELAYANG;DATA SEKOLAH;2022/2023 GENAP;NEGERI;SLB;0
15;JAMBI;1508;BUNGO;150811;BATHIN III;DATA SEKOLAH;2022/2023 GENAP;NEGERI;TK;0
15;JAMBI;1508;BUNGO;150811;BATHIN III;DATA SEKOLAH;2022/2023 GENAP;NEGERI;KB;0
15;JAMBI;1508;BUNGO;150811;BATHIN III;DATA SEKOLAH;2022/2023 GENAP;NEGERI;TPA;0
15;JAMBI;1508;BUNGO;150811;BATHIN III;DATA SEKOLAH;2022/2023 GENAP;NEGERI;SPS;0
15;JAMBI;1508;BUNGO;150811;BATHIN III;DATA SEKOLAH;2022/2023 GENAP;NEGERI;PKBM;0
15;JAMBI;1508;BUNGO;150811;BATHIN III;DATA SEKOLAH;2022/2023 GENAP;NEGERI;SKB;1
15;JAMBI;1508;BUNGO;150811;BATHIN III;DATA SEKOLAH;2022/2023 GENAP;NEGERI;SD;9
15;JAMBI;1508;BUNGO;150811;BATHIN III;DATA SEKOLAH;2022/2023 GENAP;NEGERI;SMP;2
15;JAMBI;1508;BUNGO;150811;BATHIN III;DATA SEKOLAH;2022/2023 GENAP;NEGERI;SMA;1
15;JAMBI;1508;BUNGO;150811;BATHIN III;DATA SEKOLAH;2022/2023 GENAP;NEGERI;SMK;1
15;JAMBI;1508;BUNGO;150811;BATHIN III;DATA SEKOLAH;2022/2023 GENAP;NEGERI;SLB;0
15;JAMBI;1508;BUNGO;150814;BATHIN III ULU;DATA SEKOLAH;2022/2023 GENAP;NEGERI;TK;0
15;JAMBI;1508;BUNGO;150814;BATHIN III ULU;DATA SEKOLAH;2022/2023 GENAP;NEGERI;KB;0
15;JAMBI;1508;BUNGO;150814;BATHIN III ULU;DATA SEKOLAH;2022/2023 GENAP;NEGERI;TPA;0
15;JAMBI;1508;BUNGO;150814;BATHIN III ULU;DATA SEKOLAH;2022/2023 GENAP;NEGERI;SPS;0
15;JAMBI;1508;BUNGO;150814;BATHIN III ULU;DATA SEKOLAH;2022/2023 GENAP;NEGERI;PKBM;0
15;JAMBI;1508;BUNGO;150814;BATHIN III ULU;DATA SEKOLAH;2022/2023 GENAP;NEGERI;SKB;0
15;JAMBI;1508;BUNGO;150814;BATHIN III ULU;DATA SEKOLAH;2022/2023 GENAP;NEGERI;SD;17
15;JAMBI;1508;BUNGO;150814;BATHIN III ULU;DATA SEKOLAH;2022/2023 GENAP;NEGERI;SMP;2
15;JAMBI;1508;BUNGO;150814;BATHIN III ULU;DATA SEKOLAH;2022/2023 GENAP;NEGERI;SMA;0
15;JAMBI;1508;BUNGO;150814;BATHIN III ULU;DATA SEKOLAH;2022/2023 GENAP;NEGERI;SMK;1
15;JAMBI;1508;BUNGO;150814;BATHIN III ULU;DATA SEKOLAH;2022/2023 GENAP;NEGERI;SLB;0
15;JAMBI;1503;SAROLANGUN;150308;BATHIN VIII;DATA SEKOLAH;2022/2023 GENAP;NEGERI;TK;1
15;JAMBI;1503;SAROLANGUN;150308;BATHIN VIII;DATA SEKOLAH;2022/2023 GENAP;NEGERI;KB;0
15;JAMBI;1503;SAROLANGUN;150308;BATHIN VIII;DATA SEKOLAH;2022/2023 GENAP;NEGERI;TPA;0
15;JAMBI;1503;SAROLANGUN;150308;BATHIN VIII;DATA SEKOLAH;2022/2023 GENAP;NEGERI;SPS;0
15;JAMBI;1503;SAROLANGUN;150308;BATHIN VIII;DATA SEKOLAH;2022/2023 GENAP;NEGERI;PKBM;0
15;JAMBI;1503;SAROLANGUN;150308;BATHIN VIII;DATA SEKOLAH;2022/2023 GENAP;NEGERI;SKB;0
15;JAMBI;1503;SAROLANGUN;150308;BATHIN VIII;DATA SEKOLAH;2022/2023 GENAP;NEGERI;SD;21
15;JAMBI;1503;SAROLANGUN;150308;BATHIN VIII;DATA SEKOLAH;2022/2023 GENAP;NEGERI;SMP;4
15;JAMBI;1503;SAROLANGUN;150308;BATHIN VIII;DATA SEKOLAH;2022/2023 GENAP;NEGERI;SMA;1
15;JAMBI;1503;SAROLANGUN;150308;BATHIN VIII;DATA SEKOLAH;2022/2023 GENAP;NEGERI;SMK;0
15;JAMBI;1503;SAROLANGUN;150308;BATHIN VIII;DATA SEKOLAH;2022/2023 GENAP;NEGERI;SLB;0
15;JAMBI;1508;BUNGO;150810;BATIN II BABEKO;DATA SEKOLAH;2022/2023 GENAP;NEGERI;TK;0
15;JAMBI;1508;BUNGO;150810;BATIN II BABEKO;DATA SEKOLAH;2022/2023 GENAP;NEGERI;KB;1
15;JAMBI;1508;BUNGO;150810;BATIN II BABEKO;DATA SEKOLAH;2022/2023 GENAP;NEGERI;TPA;0
15;JAMBI;1508;BUNGO;150810;BATIN II BABEKO;DATA SEKOLAH;2022/2023 GENAP;NEGERI;SPS;0
15;JAMBI;1508;BUNGO;150810;BATIN II BABEKO;DATA SEKOLAH;2022/2023 GENAP;NEGERI;PKBM;0
15;JAMBI;1508;BUNGO;150810;BATIN II BABEKO;DATA SEKOLAH;2022/2023 GENAP;NEGERI;SKB;0
15;JAMBI;1508;BUNGO;150810;BATIN II BABEKO;DATA SEKOLAH;2022/2023 GENAP;NEGERI;SD;7
15;JAMBI;1508;BUNGO;150810;BATIN II BABEKO;DATA SEKOLAH;2022/2023 GENAP;NEGERI;SMP;2
15;JAMBI;1508;BUNGO;150810;BATIN II BABEKO;DATA SEKOLAH;2022/2023 GENAP;NEGERI;SMA;0
15;JAMBI;1508;BUNGO;150810;BATIN II BABEKO;DATA SEKOLAH;2022/2023 GENAP;NEGERI;SMK;1
15;JAMBI;1508;BUNGO;150810;BATIN II BABEKO;DATA SEKOLAH;2022/2023 GENAP;NEGERI;SLB;0
15;JAMBI;1504;BATANGHARI;150404;BATIN XXIV;DATA SEKOLAH;2022/2023 GENAP;NEGERI;TK;1
15;JAMBI;1504;BATANGHARI;150404;BATIN XXIV;DATA SEKOLAH;2022/2023 GENAP;NEGERI;KB;0
15;JAMBI;1504;BATANGHARI;150404;BATIN XXIV;DATA SEKOLAH;2022/2023 GENAP;NEGERI;TPA;0
15;JAMBI;1504;BATANGHARI;150404;BATIN XXIV;DATA SEKOLAH;2022/2023 GENAP;NEGERI;SPS;0
15;JAMBI;1504;BATANGHARI;150404;BATIN XXIV;DATA SEKOLAH;2022/2023 GENAP;NEGERI;PKBM;0
15;JAMBI;1504;BATANGHARI;150404;BATIN XXIV;DATA SEKOLAH;2022/2023 GENAP;NEGERI;SKB;0
15;JAMBI;1504;BATANGHARI;150404;BATIN XXIV;DATA SEKOLAH;2022/2023 GENAP;NEGERI;SD;31
15;JAMBI;1504;BATANGHARI;150404;BATIN XXIV;DATA SEKOLAH;2022/2023 GENAP;NEGERI;SMP;8
15;JAMBI;1504;BATANGHARI;150404;BATIN XXIV;DATA SEKOLAH;2022/2023 GENAP;NEGERI;SMA;2
15;JAMBI;1504;BATANGHARI;150404;BATIN XXIV;DATA SEKOLAH;2022/2023 GENAP;NEGERI;SMK;1
15;JAMBI;1504;BATANGHARI;150404;BATIN XXIV;DATA SEKOLAH;2022/2023 GENAP;NEGERI;SLB;0
15;JAMBI;1507;TANJUNG JABUNG TIMUR;150711;BERBAK;DATA SEKOLAH;2022/2023 GENAP;NEGERI;TK;2
15;JAMBI;1507;TANJUNG JABUNG TIMUR;150711;BERBAK;DATA SEKOLAH;2022/2023 GENAP;NEGERI;KB;0
15;JAMBI;1507;TANJUNG JABUNG TIMUR;150711;BERBAK;DATA SEKOLAH;2022/2023 GENAP;NEGERI;TPA;0
15;JAMBI;1507;TANJUNG JABUNG TIMUR;150711;BERBAK;DATA SEKOLAH;2022/2023 GENAP;NEGERI;SPS;0
15;JAMBI;1507;TANJUNG JABUNG TIMUR;150711;BERBAK;DATA SEKOLAH;2022/2023 GENAP;NEGERI;PKBM;0
15;JAMBI;1507;TANJUNG JABUNG TIMUR;150711;BERBAK;DATA SEKOLAH;2022/2023 GENAP;NEGERI;SKB;0
15;JAMBI;1507;TANJUNG JABUNG TIMUR;150711;BERBAK;DATA SEKOLAH;2022/2023 GENAP;NEGERI;SD;11
15;JAMBI;1507;TANJUNG JABUNG TIMUR;150711;BERBAK;DATA SEKOLAH;2022/2023 GENAP;NEGERI;SMP;4
15;JAMBI;1507;TANJUNG JABUNG TIMUR;150711;BERBAK;DATA SEKOLAH;2022/2023 GENAP;NEGERI;SMA;0
15;JAMBI;1507;TANJUNG JABUNG TIMUR;150711;BERBAK;DATA SEKOLAH;2022/2023 GENAP;NEGERI;SMK;1
15;JAMBI;1507;TANJUNG JABUNG TIMUR;150711;BERBAK;DATA SEKOLAH;2022/2023 GENAP;NEGERI;SLB;0
15;JAMBI;1506;TANJUNG JABUNG BARAT;150604;BETARA;DATA SEKOLAH;2022/2023 GENAP;NEGERI;TK;0
15;JAMBI;1506;TANJUNG JABUNG BARAT;150604;BETARA;DATA SEKOLAH;2022/2023 GENAP;NEGERI;KB;0
15;JAMBI;1506;TANJUNG JABUNG BARAT;150604;BETARA;DATA SEKOLAH;2022/2023 GENAP;NEGERI;TPA;0
15;JAMBI;1506;TANJUNG JABUNG BARAT;150604;BETARA;DATA SEKOLAH;2022/2023 GENAP;NEGERI;SPS;0
15;JAMBI;1506;TANJUNG JABUNG BARAT;150604;BETARA;DATA SEKOLAH;2022/2023 GENAP;NEGERI;PKBM;0
15;JAMBI;1506;TANJUNG JABUNG BARAT;150604;BETARA;DATA SEKOLAH;2022/2023 GENAP;NEGERI;SKB;0
15;JAMBI;1506;TANJUNG JABUNG BARAT;150604;BETARA;DATA SEKOLAH;2022/2023 GENAP;NEGERI;SD;20
15;JAMBI;1506;TANJUNG JABUNG BARAT;150604;BETARA;DATA SEKOLAH;2022/2023 GENAP;NEGERI;SMP;5
15;JAMBI;1506;TANJUNG JABUNG BARAT;150604;BETARA;DATA SEKOLAH;2022/2023 GENAP;NEGERI;SMA;1
15;JAMBI;1506;TANJUNG JABUNG BARAT;150604;BETARA;DATA SEKOLAH;2022/2023 GENAP;NEGERI;SMK;1
15;JAMBI;1506;TANJUNG JABUNG BARAT;150604;BETARA;DATA SEKOLAH;2022/2023 GENAP;NEGERI;SLB;0
15;JAMBI;1506;TANJUNG JABUNG BARAT;150611;BRAM ITAM;DATA SEKOLAH;2022/2023 GENAP;NEGERI;TK;0
15;JAMBI;1506;TANJUNG JABUNG BARAT;150611;BRAM ITAM;DATA SEKOLAH;2022/2023 GENAP;NEGERI;KB;0
15;JAMBI;1506;TANJUNG JABUNG BARAT;150611;BRAM ITAM;DATA SEKOLAH;2022/2023 GENAP;NEGERI;TPA;0
15;JAMBI;1506;TANJUNG JABUNG BARAT;150611;BRAM ITAM;DATA SEKOLAH;2022/2023 GENAP;NEGERI;SPS;0
15;JAMBI;1506;TANJUNG JABUNG BARAT;150611;BRAM ITAM;DATA SEKOLAH;2022/2023 GENAP;NEGERI;PKBM;0
15;JAMBI;1506;TANJUNG JABUNG BARAT;150611;BRAM ITAM;DATA SEKOLAH;2022/2023 GENAP;NEGERI;SKB;0
15;JAMBI;1506;TANJUNG JABUNG BARAT;150611;BRAM ITAM;DATA SEKOLAH;2022/2023 GENAP;NEGERI;SD;12
15;JAMBI;1506;TANJUNG JABUNG BARAT;150611;BRAM ITAM;DATA SEKOLAH;2022/2023 GENAP;NEGERI;SMP;2
15;JAMBI;1506;TANJUNG JABUNG BARAT;150611;BRAM ITAM;DATA SEKOLAH;2022/2023 GENAP;NEGERI;SMA;0
15;JAMBI;1506;TANJUNG JABUNG BARAT;150611;BRAM ITAM;DATA SEKOLAH;2022/2023 GENAP;NEGERI;SMK;0
15;JAMBI;1506;TANJUNG JABUNG BARAT;150611;BRAM ITAM;DATA SEKOLAH;2022/2023 GENAP;NEGERI;SLB;0
15;JAMBI;1501;KERINCI;150120;BUKITKERMAN;DATA SEKOLAH;2022/2023 GENAP;NEGERI;TK;1
15;JAMBI;1501;KERINCI;150120;BUKITKERMAN;DATA SEKOLAH;2022/2023 GENAP;NEGERI;KB;1
15;JAMBI;1501;KERINCI;150120;BUKITKERMAN;DATA SEKOLAH;2022/2023 GENAP;NEGERI;TPA;0
15;JAMBI;1501;KERINCI;150120;BUKITKERMAN;DATA SEKOLAH;2022/2023 GENAP;NEGERI;SPS;0
15;JAMBI;1501;KERINCI;150120;BUKITKERMAN;DATA SEKOLAH;2022/2023 GENAP;NEGERI;PKBM;0
15;JAMBI;1501;KERINCI;150120;BUKITKERMAN;DATA SEKOLAH;2022/2023 GENAP;NEGERI;SKB;0
15;JAMBI;1501;KERINCI;150120;BUKITKERMAN;DATA SEKOLAH;2022/2023 GENAP;NEGERI;SD;13
15;JAMBI;1501;KERINCI;150120;BUKITKERMAN;DATA SEKOLAH;2022/2023 GENAP;NEGERI;SMP;3
15;JAMBI;1501;KERINCI;150120;BUKITKERMAN;DATA SEKOLAH;2022/2023 GENAP;NEGERI;SMA;1
15;JAMBI;1501;KERINCI;150120;BUKITKERMAN;DATA SEKOLAH;2022/2023 GENAP;NEGERI;SMK;0
15;JAMBI;1501;KERINCI;150120;BUKITKERMAN;DATA SEKOLAH;2022/2023 GENAP;NEGERI;SLB;0
15;JAMBI;1508;BUNGO;150812;BUNGO DANI;DATA SEKOLAH;2022/2023 GENAP;NEGERI;TK;1
15;JAMBI;1508;BUNGO;150812;BUNGO DANI;DATA SEKOLAH;2022/2023 GENAP;NEGERI;KB;0
15;JAMBI;1508;BUNGO;150812;BUNGO DANI;DATA SEKOLAH;2022/2023 GENAP;NEGERI;TPA;0
15;JAMBI;1508;BUNGO;150812;BUNGO DANI;DATA SEKOLAH;2022/2023 GENAP;NEGERI;SPS;0
15;JAMBI;1508;BUNGO;150812;BUNGO DANI;DATA SEKOLAH;2022/2023 GENAP;NEGERI;PKBM;0
15;JAMBI;1508;BUNGO;150812;BUNGO DANI;DATA SEKOLAH;2022/2023 GENAP;NEGERI;SKB;0
15;JAMBI;1508;BUNGO;150812;BUNGO DANI;DATA SEKOLAH;2022/2023 GENAP;NEGERI;SD;11
15;JAMBI;1508;BUNGO;150812;BUNGO DANI;DATA SEKOLAH;2022/2023 GENAP;NEGERI;SMP;2
15;JAMBI;1508;BUNGO;150812;BUNGO DANI;DATA SEKOLAH;2022/2023 GENAP;NEGERI;SMA;0
15;JAMBI;1508;BUNGO;150812;BUNGO DANI;DATA SEKOLAH;2022/2023 GENAP;NEGERI;SMK;1
15;JAMBI;1508;BUNGO;150812;BUNGO DANI;DATA SEKOLAH;2022/2023 GENAP;NEGERI;SLB;0
15;JAMBI;1503;SAROLANGUN;150310;CERMIN NAN GEDANG;DATA SEKOLAH;2022/2023 GENAP;NEGERI;TK;0
15;JAMBI;1503;SAROLANGUN;150310;CERMIN NAN GEDANG;DATA SEKOLAH;2022/2023 GENAP;NEGERI;KB;0
15;JAMBI;1503;SAROLANGUN;150310;CERMIN NAN GEDANG;DATA SEKOLAH;2022/2023 GENAP;NEGERI;TPA;0
15;JAMBI;1503;SAROLANGUN;150310;CERMIN NAN GEDANG;DATA SEKOLAH;2022/2023 GENAP;NEGERI;SPS;0
15;JAMBI;1503;SAROLANGUN;150310;CERMIN NAN GEDANG;DATA SEKOLAH;2022/2023 GENAP;NEGERI;PKBM;0
15;JAMBI;1503;SAROLANGUN;150310;CERMIN NAN GEDANG;DATA SEKOLAH;2022/2023 GENAP;NEGERI;SKB;0
15;JAMBI;1503;SAROLANGUN;150310;CERMIN NAN GEDANG;DATA SEKOLAH;2022/2023 GENAP;NEGERI;SD;16
15;JAMBI;1503;SAROLANGUN;150310;CERMIN NAN GEDANG;DATA SEKOLAH;2022/2023 GENAP;NEGERI;SMP;4
15;JAMBI;1503;SAROLANGUN;150310;CERMIN NAN GEDANG;DATA SEKOLAH;2022/2023 GENAP;NEGERI;SMA;1
15;JAMBI;1503;SAROLANGUN;150310;CERMIN NAN GEDANG;DATA SEKOLAH;2022/2023 GENAP;NEGERI;SMK;1
15;JAMBI;1503;SAROLANGUN;150310;CERMIN NAN GEDANG;DATA SEKOLAH;2022/2023 GENAP;NEGERI;SLB;0
15;JAMBI;1501;KERINCI;150102;DANAU KERINCI;DATA SEKOLAH;2022/2023 GENAP;NEGERI;TK;1
15;JAMBI;1501;KERINCI;150102;DANAU KERINCI;DATA SEKOLAH;2022/2023 GENAP;NEGERI;KB;0
15;JAMBI;1501;KERINCI;150102;DANAU KERINCI;DATA SEKOLAH;2022/2023 GENAP;NEGERI;TPA;0
15;JAMBI;1501;KERINCI;150102;DANAU KERINCI;DATA SEKOLAH;2022/2023 GENAP;NEGERI;SPS;0
15;JAMBI;1501;KERINCI;150102;DANAU KERINCI;DATA SEKOLAH;2022/2023 GENAP;NEGERI;PKBM;0
15;JAMBI;1501;KERINCI;150102;DANAU KERINCI;DATA SEKOLAH;2022/2023 GENAP;NEGERI;SKB;0
15;JAMBI;1501;KERINCI;150102;DANAU KERINCI;DATA SEKOLAH;2022/2023 GENAP;NEGERI;SD;17
15;JAMBI;1501;KERINCI;150102;DANAU KERINCI;DATA SEKOLAH;2022/2023 GENAP;NEGERI;SMP;5
15;JAMBI;1501;KERINCI;150102;DANAU KERINCI;DATA SEKOLAH;2022/2023 GENAP;NEGERI;SMA;2
15;JAMBI;1501;KERINCI;150102;DANAU KERINCI;DATA SEKOLAH;2022/2023 GENAP;NEGERI;SMK;1
15;JAMBI;1501;KERINCI;150102;DANAU KERINCI;DATA SEKOLAH;2022/2023 GENAP;NEGERI;SLB;0
15;JAMBI;1571;KOTA JAMBI;157110;DANAU SIPIN;DATA SEKOLAH;2022/2023 GENAP;NEGERI;TK;1
15;JAMBI;1571;KOTA JAMBI;157110;DANAU SIPIN;DATA SEKOLAH;2022/2023 GENAP;NEGERI;KB;0
15;JAMBI;1571;KOTA JAMBI;157110;DANAU SIPIN;DATA SEKOLAH;2022/2023 GENAP;NEGERI;TPA;0
15;JAMBI;1571;KOTA JAMBI;157110;DANAU SIPIN;DATA SEKOLAH;2022/2023 GENAP;NEGERI;SPS;0
15;JAMBI;1571;KOTA JAMBI;157110;DANAU SIPIN;DATA SEKOLAH;2022/2023 GENAP;NEGERI;PKBM;0
15;JAMBI;1571;KOTA JAMBI;157110;DANAU SIPIN;DATA SEKOLAH;2022/2023 GENAP;NEGERI;SKB;0
15;JAMBI;1571;KOTA JAMBI;157110;DANAU SIPIN;DATA SEKOLAH;2022/2023 GENAP;NEGERI;SD;9
15;JAMBI;1571;KOTA JAMBI;157110;DANAU SIPIN;DATA SEKOLAH;2022/2023 GENAP;NEGERI;SMP;1
15;JAMBI;1571;KOTA JAMBI;157110;DANAU SIPIN;DATA SEKOLAH;2022/2023 GENAP;NEGERI;SMA;1
15;JAMBI;1571;KOTA JAMBI;157110;DANAU SIPIN;DATA SEKOLAH;2022/2023 GENAP;NEGERI;SMK;1
15;JAMBI;1571;KOTA JAMBI;157110;DANAU SIPIN;DATA SEKOLAH;2022/2023 GENAP;NEGERI;SLB;1
15;JAMBI;1571;KOTA JAMBI;157106;DANAU TELUK;DATA SEKOLAH;2022/2023 GENAP;NEGERI;TK;0
15;JAMBI;1571;KOTA JAMBI;157106;DANAU TELUK;DATA SEKOLAH;2022/2023 GENAP;NEGERI;KB;0
15;JAMBI;1571;KOTA JAMBI;157106;DANAU TELUK;DATA SEKOLAH;2022/2023 GENAP;NEGERI;TPA;0
15;JAMBI;1571;KOTA JAMBI;157106;DANAU TELUK;DATA SEKOLAH;2022/2023 GENAP;NEGERI;SPS;0
15;JAMBI;1571;KOTA JAMBI;157106;DANAU TELUK;DATA SEKOLAH;2022/2023 GENAP;NEGERI;PKBM;0
15;JAMBI;1571;KOTA JAMBI;157106;DANAU TELUK;DATA SEKOLAH;2022/2023 GENAP;NEGERI;SKB;0
15;JAMBI;1571;KOTA JAMBI;157106;DANAU TELUK;DATA SEKOLAH;2022/2023 GENAP;NEGERI;SD;5
15;JAMBI;1571;KOTA JAMBI;157106;DANAU TELUK;DATA SEKOLAH;2022/2023 GENAP;NEGERI;SMP;1
15;JAMBI;1571;KOTA JAMBI;157106;DANAU TELUK;DATA SEKOLAH;2022/2023 GENAP;NEGERI;SMA;1
15;JAMBI;1571;KOTA JAMBI;157106;DANAU TELUK;DATA SEKOLAH;2022/2023 GENAP;NEGERI;SMK;1
15;JAMBI;1571;KOTA JAMBI;157106;DANAU TELUK;DATA SEKOLAH;2022/2023 GENAP;NEGERI;SLB;0
15;JAMBI;1507;TANJUNG JABUNG TIMUR;150706;DENDANG;DATA SEKOLAH;2022/2023 GENAP;NEGERI;TK;1
15;JAMBI;1507;TANJUNG JABUNG TIMUR;150706;DENDANG;DATA SEKOLAH;2022/2023 GENAP;NEGERI;KB;0
15;JAMBI;1507;TANJUNG JABUNG TIMUR;150706;DENDANG;DATA SEKOLAH;2022/2023 GENAP;NEGERI;TPA;0
15;JAMBI;1507;TANJUNG JABUNG TIMUR;150706;DENDANG;DATA SEKOLAH;2022/2023 GENAP;NEGERI;SPS;0
15;JAMBI;1507;TANJUNG JABUNG TIMUR;150706;DENDANG;DATA SEKOLAH;2022/2023 GENAP;NEGERI;PKBM;0
15;JAMBI;1507;TANJUNG JABUNG TIMUR;150706;DENDANG;DATA SEKOLAH;2022/2023 GENAP;NEGERI;SKB;0
15;JAMBI;1507;TANJUNG JABUNG TIMUR;150706;DENDANG;DATA SEKOLAH;2022/2023 GENAP;NEGERI;SD;18
15;JAMBI;1507;TANJUNG JABUNG TIMUR;150706;DENDANG;DATA SEKOLAH;2022/2023 GENAP;NEGERI;SMP;4
15;JAMBI;1507;TANJUNG JABUNG TIMUR;150706;DENDANG;DATA SEKOLAH;2022/2023 GENAP;NEGERI;SMA;1
15;JAMBI;1507;TANJUNG JABUNG TIMUR;150706;DENDANG;DATA SEKOLAH;2022/2023 GENAP;NEGERI;SMK;1
15;JAMBI;1507;TANJUNG JABUNG TIMUR;150706;DENDANG;DATA SEKOLAH;2022/2023 GENAP;NEGERI;SLB;0
15;JAMBI;1501;KERINCI;150117;DEPATI TUJUH;DATA SEKOLAH;2022/2023 GENAP;NEGERI;TK;1
15;JAMBI;1501;KERINCI;150117;DEPATI TUJUH;DATA SEKOLAH;2022/2023 GENAP;NEGERI;KB;0
15;JAMBI;1501;KERINCI;150117;DEPATI TUJUH;DATA SEKOLAH;2022/2023 GENAP;NEGERI;TPA;0
15;JAMBI;1501;KERINCI;150117;DEPATI TUJUH;DATA SEKOLAH;2022/2023 GENAP;NEGERI;SPS;0
15;JAMBI;1501;KERINCI;150117;DEPATI TUJUH;DATA SEKOLAH;2022/2023 GENAP;NEGERI;PKBM;0
15;JAMBI;1501;KERINCI;150117;DEPATI TUJUH;DATA SEKOLAH;2022/2023 GENAP;NEGERI;SKB;0
15;JAMBI;1501;KERINCI;150117;DEPATI TUJUH;DATA SEKOLAH;2022/2023 GENAP;NEGERI;SD;15
15;JAMBI;1501;KERINCI;150117;DEPATI TUJUH;DATA SEKOLAH;2022/2023 GENAP;NEGERI;SMP;3
15;JAMBI;1501;KERINCI;150117;DEPATI TUJUH;DATA SEKOLAH;2022/2023 GENAP;NEGERI;SMA;0
15;JAMBI;1501;KERINCI;150117;DEPATI TUJUH;DATA SEKOLAH;2022/2023 GENAP;NEGERI;SMK;1
15;JAMBI;1501;KERINCI;150117;DEPATI TUJUH;DATA SEKOLAH;2022/2023 GENAP;NEGERI;SLB;0
15;JAMBI;1507;TANJUNG JABUNG TIMUR;150710;GERAGAI;DATA SEKOLAH;2022/2023 GENAP;NEGERI;TK;3
15;JAMBI;1507;TANJUNG JABUNG TIMUR;150710;GERAGAI;DATA SEKOLAH;2022/2023 GENAP;NEGERI;KB;0
15;JAMBI;1507;TANJUNG JABUNG TIMUR;150710;GERAGAI;DATA SEKOLAH;2022/2023 GENAP;NEGERI;TPA;0
15;JAMBI;1507;TANJUNG JABUNG TIMUR;150710;GERAGAI;DATA SEKOLAH;2022/2023 GENAP;NEGERI;SPS;0
15;JAMBI;1507;TANJUNG JABUNG TIMUR;150710;GERAGAI;DATA SEKOLAH;2022/2023 GENAP;NEGERI;PKBM;0
15;JAMBI;1507;TANJUNG JABUNG TIMUR;150710;GERAGAI;DATA SEKOLAH;2022/2023 GENAP;NEGERI;SKB;0
15;JAMBI;1507;TANJUNG JABUNG TIMUR;150710;GERAGAI;DATA SEKOLAH;2022/2023 GENAP;NEGERI;SD;21
15;JAMBI;1507;TANJUNG JABUNG TIMUR;150710;GERAGAI;DATA SEKOLAH;2022/2023 GENAP;NEGERI;SMP;4
15;JAMBI;1507;TANJUNG JABUNG TIMUR;150710;GERAGAI;DATA SEKOLAH;2022/2023 GENAP;NEGERI;SMA;2
15;JAMBI;1507;TANJUNG JABUNG TIMUR;150710;GERAGAI;DATA SEKOLAH;2022/2023 GENAP;NEGERI;SMK;0
15;JAMBI;1507;TANJUNG JABUNG TIMUR;150710;GERAGAI;DATA SEKOLAH;2022/2023 GENAP;NEGERI;SLB;0
15;JAMBI;1501;KERINCI;150106;GUNUNG KERINCI;DATA SEKOLAH;2022/2023 GENAP;NEGERI;TK;1
15;JAMBI;1501;KERINCI;150106;GUNUNG KERINCI;DATA SEKOLAH;2022/2023 GENAP;NEGERI;KB;0
15;JAMBI;1501;KERINCI;150106;GUNUNG KERINCI;DATA SEKOLAH;2022/2023 GENAP;NEGERI;TPA;0
15;JAMBI;1501;KERINCI;150106;GUNUNG KERINCI;DATA SEKOLAH;2022/2023 GENAP;NEGERI;SPS;0
15;JAMBI;1501;KERINCI;150106;GUNUNG KERINCI;DATA SEKOLAH;2022/2023 GENAP;NEGERI;PKBM;0
15;JAMBI;1501;KERINCI;150106;GUNUNG KERINCI;DATA SEKOLAH;2022/2023 GENAP;NEGERI;SKB;0
15;JAMBI;1501;KERINCI;150106;GUNUNG KERINCI;DATA SEKOLAH;2022/2023 GENAP;NEGERI;SD;12
15;JAMBI;1501;KERINCI;150106;GUNUNG KERINCI;DATA SEKOLAH;2022/2023 GENAP;NEGERI;SMP;3
15;JAMBI;1501;KERINCI;150106;GUNUNG KERINCI;DATA SEKOLAH;2022/2023 GENAP;NEGERI;SMA;1
15;JAMBI;1501;KERINCI;150106;GUNUNG KERINCI;DATA SEKOLAH;2022/2023 GENAP;NEGERI;SMK;0
15;JAMBI;1501;KERINCI;150106;GUNUNG KERINCI;DATA SEKOLAH;2022/2023 GENAP;NEGERI;SLB;0
15;JAMBI;1501;KERINCI;150101;GUNUNG RAYA;DATA SEKOLAH;2022/2023 GENAP;NEGERI;TK;1
15;JAMBI;1501;KERINCI;150101;GUNUNG RAYA;DATA SEKOLAH;2022/2023 GENAP;NEGERI;KB;0
15;JAMBI;1501;KERINCI;150101;GUNUNG RAYA;DATA SEKOLAH;2022/2023 GENAP;NEGERI;TPA;0
15;JAMBI;1501;KERINCI;150101;GUNUNG RAYA;DATA SEKOLAH;2022/2023 GENAP;NEGERI;SPS;0
15;JAMBI;1501;KERINCI;150101;GUNUNG RAYA;DATA SEKOLAH;2022/2023 GENAP;NEGERI;PKBM;0
15;JAMBI;1501;KERINCI;150101;GUNUNG RAYA;DATA SEKOLAH;2022/2023 GENAP;NEGERI;SKB;0
15;JAMBI;1501;KERINCI;150101;GUNUNG RAYA;DATA SEKOLAH;2022/2023 GENAP;NEGERI;SD;12
15;JAMBI;1501;KERINCI;150101;GUNUNG RAYA;DATA SEKOLAH;2022/2023 GENAP;NEGERI;SMP;3
15;JAMBI;1501;KERINCI;150101;GUNUNG RAYA;DATA SEKOLAH;2022/2023 GENAP;NEGERI;SMA;1
15;JAMBI;1501;KERINCI;150101;GUNUNG RAYA;DATA SEKOLAH;2022/2023 GENAP;NEGERI;SMK;0
15;JAMBI;1501;KERINCI;150101;GUNUNG RAYA;DATA SEKOLAH;2022/2023 GENAP;NEGERI;SLB;0
15;JAMBI;1501;KERINCI;150115;GUNUNG TUJUH;DATA SEKOLAH;2022/2023 GENAP;NEGERI;TK;1
15;JAMBI;1501;KERINCI;150115;GUNUNG TUJUH;DATA SEKOLAH;2022/2023 GENAP;NEGERI;KB;1
15;JAMBI;1501;KERINCI;150115;GUNUNG TUJUH;DATA SEKOLAH;2022/2023 GENAP;NEGERI;TPA;0
15;JAMBI;1501;KERINCI;150115;GUNUNG TUJUH;DATA SEKOLAH;2022/2023 GENAP;NEGERI;SPS;0
15;JAMBI;1501;KERINCI;150115;GUNUNG TUJUH;DATA SEKOLAH;2022/2023 GENAP;NEGERI;PKBM;0
15;JAMBI;1501;KERINCI;150115;GUNUNG TUJUH;DATA SEKOLAH;2022/2023 GENAP;NEGERI;SKB;0
15;JAMBI;1501;KERINCI;150115;GUNUNG TUJUH;DATA SEKOLAH;2022/2023 GENAP;NEGERI;SD;11
15;JAMBI;1501;KERINCI;150115;GUNUNG TUJUH;DATA SEKOLAH;2022/2023 GENAP;NEGERI;SMP;3
15;JAMBI;1501;KERINCI;150115;GUNUNG TUJUH;DATA SEKOLAH;2022/2023 GENAP;NEGERI;SMA;0
15;JAMBI;1501;KERINCI;150115;GUNUNG TUJUH;DATA SEKOLAH;2022/2023 GENAP;NEGERI;SMK;1
15;JAMBI;1501;KERINCI;150115;GUNUNG TUJUH;DATA SEKOLAH;2022/2023 GENAP;NEGERI;SLB;0
15;JAMBI;1572;KOTA SUNGAI PENUH;157203;HAMPARAN RAWANG;DATA SEKOLAH;2022/2023 GENAP;NEGERI;TK;1
15;JAMBI;1572;KOTA SUNGAI PENUH;157203;HAMPARAN RAWANG;DATA SEKOLAH;2022/2023 GENAP;NEGERI;KB;0
15;JAMBI;1572;KOTA SUNGAI PENUH;157203;HAMPARAN RAWANG;DATA SEKOLAH;2022/2023 GENAP;NEGERI;TPA;0
15;JAMBI;1572;KOTA SUNGAI PENUH;157203;HAMPARAN RAWANG;DATA SEKOLAH;2022/2023 GENAP;NEGERI;SPS;0
15;JAMBI;1572;KOTA SUNGAI PENUH;157203;HAMPARAN RAWANG;DATA SEKOLAH;2022/2023 GENAP;NEGERI;PKBM;0
15;JAMBI;1572;KOTA SUNGAI PENUH;157203;HAMPARAN RAWANG;DATA SEKOLAH;2022/2023 GENAP;NEGERI;SKB;0
15;JAMBI;1572;KOTA SUNGAI PENUH;157203;HAMPARAN RAWANG;DATA SEKOLAH;2022/2023 GENAP;NEGERI;SD;11
15;JAMBI;1572;KOTA SUNGAI PENUH;157203;HAMPARAN RAWANG;DATA SEKOLAH;2022/2023 GENAP;NEGERI;SMP;1
15;JAMBI;1572;KOTA SUNGAI PENUH;157203;HAMPARAN RAWANG;DATA SEKOLAH;2022/2023 GENAP;NEGERI;SMA;1
15;JAMBI;1572;KOTA SUNGAI PENUH;157203;HAMPARAN RAWANG;DATA SEKOLAH;2022/2023 GENAP;NEGERI;SMK;0
15;JAMBI;1572;KOTA SUNGAI PENUH;157203;HAMPARAN RAWANG;DATA SEKOLAH;2022/2023 GENAP;NEGERI;SLB;0
15;JAMBI;1505;MUARO JAMBI;150501;JAMBI LUAR KOTA;DATA SEKOLAH;2022/2023 GENAP;NEGERI;TK;1
15;JAMBI;1505;MUARO JAMBI;150501;JAMBI LUAR KOTA;DATA SEKOLAH;2022/2023 GENAP;NEGERI;KB;0
15;JAMBI;1505;MUARO JAMBI;150501;JAMBI LUAR KOTA;DATA SEKOLAH;2022/2023 GENAP;NEGERI;TPA;0
15;JAMBI;1505;MUARO JAMBI;150501;JAMBI LUAR KOTA;DATA SEKOLAH;2022/2023 GENAP;NEGERI;SPS;0
15;JAMBI;1505;MUARO JAMBI;150501;JAMBI LUAR KOTA;DATA SEKOLAH;2022/2023 GENAP;NEGERI;PKBM;0
15;JAMBI;1505;MUARO JAMBI;150501;JAMBI LUAR KOTA;DATA SEKOLAH;2022/2023 GENAP;NEGERI;SKB;0
15;JAMBI;1505;MUARO JAMBI;150501;JAMBI LUAR KOTA;DATA SEKOLAH;2022/2023 GENAP;NEGERI;SD;34
15;JAMBI;1505;MUARO JAMBI;150501;JAMBI LUAR KOTA;DATA SEKOLAH;2022/2023 GENAP;NEGERI;SMP;8
15;JAMBI;1505;MUARO JAMBI;150501;JAMBI LUAR KOTA;DATA SEKOLAH;2022/2023 GENAP;NEGERI;SMA;4
15;JAMBI;1505;MUARO JAMBI;150501;JAMBI LUAR KOTA;DATA SEKOLAH;2022/2023 GENAP;NEGERI;SMK;2
15;JAMBI;1505;MUARO JAMBI;150501;JAMBI LUAR KOTA;DATA SEKOLAH;2022/2023 GENAP;NEGERI;SLB;0
15;JAMBI;1571;KOTA JAMBI;157102;JAMBI SELATAN;DATA SEKOLAH;2022/2023 GENAP;NEGERI;TK;0
15;JAMBI;1571;KOTA JAMBI;157102;JAMBI SELATAN;DATA SEKOLAH;2022/2023 GENAP;NEGERI;KB;0
15;JAMBI;1571;KOTA JAMBI;157102;JAMBI SELATAN;DATA SEKOLAH;2022/2023 GENAP;NEGERI;TPA;0
15;JAMBI;1571;KOTA JAMBI;157102;JAMBI SELATAN;DATA SEKOLAH;2022/2023 GENAP;NEGERI;SPS;0
15;JAMBI;1571;KOTA JAMBI;157102;JAMBI SELATAN;DATA SEKOLAH;2022/2023 GENAP;NEGERI;PKBM;0
15;JAMBI;1571;KOTA JAMBI;157102;JAMBI SELATAN;DATA SEKOLAH;2022/2023 GENAP;NEGERI;SKB;1
15;JAMBI;1571;KOTA JAMBI;157102;JAMBI SELATAN;DATA SEKOLAH;2022/2023 GENAP;NEGERI;SD;24
15;JAMBI;1571;KOTA JAMBI;157102;JAMBI SELATAN;DATA SEKOLAH;2022/2023 GENAP;NEGERI;SMP;1
15;JAMBI;1571;KOTA JAMBI;157102;JAMBI SELATAN;DATA SEKOLAH;2022/2023 GENAP;NEGERI;SMA;0
15;JAMBI;1571;KOTA JAMBI;157102;JAMBI SELATAN;DATA SEKOLAH;2022/2023 GENAP;NEGERI;SMK;1
15;JAMBI;1571;KOTA JAMBI;157102;JAMBI SELATAN;DATA SEKOLAH;2022/2023 GENAP;NEGERI;SLB;1
15;JAMBI;1571;KOTA JAMBI;157103;JAMBI TIMUR;DATA SEKOLAH;2022/2023 GENAP;NEGERI;TK;0
15;JAMBI;1571;KOTA JAMBI;157103;JAMBI TIMUR;DATA SEKOLAH;2022/2023 GENAP;NEGERI;KB;0
15;JAMBI;1571;KOTA JAMBI;157103;JAMBI TIMUR;DATA SEKOLAH;2022/2023 GENAP;NEGERI;TPA;0
15;JAMBI;1571;KOTA JAMBI;157103;JAMBI TIMUR;DATA SEKOLAH;2022/2023 GENAP;NEGERI;SPS;0
15;JAMBI;1571;KOTA JAMBI;157103;JAMBI TIMUR;DATA SEKOLAH;2022/2023 GENAP;NEGERI;PKBM;0
15;JAMBI;1571;KOTA JAMBI;157103;JAMBI TIMUR;DATA SEKOLAH;2022/2023 GENAP;NEGERI;SKB;0
15;JAMBI;1571;KOTA JAMBI;157103;JAMBI TIMUR;DATA SEKOLAH;2022/2023 GENAP;NEGERI;SD;25
15;JAMBI;1571;KOTA JAMBI;157103;JAMBI TIMUR;DATA SEKOLAH;2022/2023 GENAP;NEGERI;SMP;5
15;JAMBI;1571;KOTA JAMBI;157103;JAMBI TIMUR;DATA SEKOLAH;2022/2023 GENAP;NEGERI;SMA;1
15;JAMBI;1571;KOTA JAMBI;157103;JAMBI TIMUR;DATA SEKOLAH;2022/2023 GENAP;NEGERI;SMK;0
15;JAMBI;1571;KOTA JAMBI;157103;JAMBI TIMUR;DATA SEKOLAH;2022/2023 GENAP;NEGERI;SLB;0
15;JAMBI;1502;MERANGIN;150201;JANGKAT;DATA SEKOLAH;2022/2023 GENAP;NEGERI;TK;0
15;JAMBI;1502;MERANGIN;150201;JANGKAT;DATA SEKOLAH;2022/2023 GENAP;NEGERI;KB;0
15;JAMBI;1502;MERANGIN;150201;JANGKAT;DATA SEKOLAH;2022/2023 GENAP;NEGERI;TPA;0
15;JAMBI;1502;MERANGIN;150201;JANGKAT;DATA SEKOLAH;2022/2023 GENAP;NEGERI;SPS;0
15;JAMBI;1502;MERANGIN;150201;JANGKAT;DATA SEKOLAH;2022/2023 GENAP;NEGERI;PKBM;0
15;JAMBI;1502;MERANGIN;150201;JANGKAT;DATA SEKOLAH;2022/2023 GENAP;NEGERI;SKB;0
15;JAMBI;1502;MERANGIN;150201;JANGKAT;DATA SEKOLAH;2022/2023 GENAP;NEGERI;SD;15
15;JAMBI;1502;MERANGIN;150201;JANGKAT;DATA SEKOLAH;2022/2023 GENAP;NEGERI;SMP;6
15;JAMBI;1502;MERANGIN;150201;JANGKAT;DATA SEKOLAH;2022/2023 GENAP;NEGERI;SMA;1
15;JAMBI;1502;MERANGIN;150201;JANGKAT;DATA SEKOLAH;2022/2023 GENAP;NEGERI;SMK;1
15;JAMBI;1502;MERANGIN;150201;JANGKAT;DATA SEKOLAH;2022/2023 GENAP;NEGERI;SLB;0
15;JAMBI;1502;MERANGIN;150218;JANGKAT TIMUR;DATA SEKOLAH;2022/2023 GENAP;NEGERI;TK;0
15;JAMBI;1502;MERANGIN;150218;JANGKAT TIMUR;DATA SEKOLAH;2022/2023 GENAP;NEGERI;KB;0
15;JAMBI;1502;MERANGIN;150218;JANGKAT TIMUR;DATA SEKOLAH;2022/2023 GENAP;NEGERI;TPA;0
15;JAMBI;1502;MERANGIN;150218;JANGKAT TIMUR;DATA SEKOLAH;2022/2023 GENAP;NEGERI;SPS;0
15;JAMBI;1502;MERANGIN;150218;JANGKAT TIMUR;DATA SEKOLAH;2022/2023 GENAP;NEGERI;PKBM;0
15;JAMBI;1502;MERANGIN;150218;JANGKAT TIMUR;DATA SEKOLAH;2022/2023 GENAP;NEGERI;SKB;0
15;JAMBI;1502;MERANGIN;150218;JANGKAT TIMUR;DATA SEKOLAH;2022/2023 GENAP;NEGERI;SD;16
15;JAMBI;1502;MERANGIN;150218;JANGKAT TIMUR;DATA SEKOLAH;2022/2023 GENAP;NEGERI;SMP;7
15;JAMBI;1502;MERANGIN;150218;JANGKAT TIMUR;DATA SEKOLAH;2022/2023 GENAP;NEGERI;SMA;1
15;JAMBI;1502;MERANGIN;150218;JANGKAT TIMUR;DATA SEKOLAH;2022/2023 GENAP;NEGERI;SMK;0
15;JAMBI;1502;MERANGIN;150218;JANGKAT TIMUR;DATA SEKOLAH;2022/2023 GENAP;NEGERI;SLB;0
15;JAMBI;1571;KOTA JAMBI;157108;JELUTUNG;DATA SEKOLAH;2022/2023 GENAP;NEGERI;TK;0
15;JAMBI;1571;KOTA JAMBI;157108;JELUTUNG;DATA SEKOLAH;2022/2023 GENAP;NEGERI;KB;0
15;JAMBI;1571;KOTA JAMBI;157108;JELUTUNG;DATA SEKOLAH;2022/2023 GENAP;NEGERI;TPA;0
15;JAMBI;1571;KOTA JAMBI;157108;JELUTUNG;DATA SEKOLAH;2022/2023 GENAP;NEGERI;SPS;0
15;JAMBI;1571;KOTA JAMBI;157108;JELUTUNG;DATA SEKOLAH;2022/2023 GENAP;NEGERI;PKBM;0
15;JAMBI;1571;KOTA JAMBI;157108;JELUTUNG;DATA SEKOLAH;2022/2023 GENAP;NEGERI;SKB;0
15;JAMBI;1571;KOTA JAMBI;157108;JELUTUNG;DATA SEKOLAH;2022/2023 GENAP;NEGERI;SD;18
15;JAMBI;1571;KOTA JAMBI;157108;JELUTUNG;DATA SEKOLAH;2022/2023 GENAP;NEGERI;SMP;1
15;JAMBI;1571;KOTA JAMBI;157108;JELUTUNG;DATA SEKOLAH;2022/2023 GENAP;NEGERI;SMA;1
15;JAMBI;1571;KOTA JAMBI;157108;JELUTUNG;DATA SEKOLAH;2022/2023 GENAP;NEGERI;SMK;0
15;JAMBI;1571;KOTA JAMBI;157108;JELUTUNG;DATA SEKOLAH;2022/2023 GENAP;NEGERI;SLB;0
15;JAMBI;1508;BUNGO;150804;JUJUHAN;DATA SEKOLAH;2022/2023 GENAP;NEGERI;TK;0
15;JAMBI;1508;BUNGO;150804;JUJUHAN;DATA SEKOLAH;2022/2023 GENAP;NEGERI;KB;0
15;JAMBI;1508;BUNGO;150804;JUJUHAN;DATA SEKOLAH;2022/2023 GENAP;NEGERI;TPA;0
15;JAMBI;1508;BUNGO;150804;JUJUHAN;DATA SEKOLAH;2022/2023 GENAP;NEGERI;SPS;0
15;JAMBI;1508;BUNGO;150804;JUJUHAN;DATA SEKOLAH;2022/2023 GENAP;NEGERI;PKBM;0
15;JAMBI;1508;BUNGO;150804;JUJUHAN;DATA SEKOLAH;2022/2023 GENAP;NEGERI;SKB;0
15;JAMBI;1508;BUNGO;150804;JUJUHAN;DATA SEKOLAH;2022/2023 GENAP;NEGERI;SD;15
15;JAMBI;1508;BUNGO;150804;JUJUHAN;DATA SEKOLAH;2022/2023 GENAP;NEGERI;SMP;3
15;JAMBI;1508;BUNGO;150804;JUJUHAN;DATA SEKOLAH;2022/2023 GENAP;NEGERI;SMA;1
15;JAMBI;1508;BUNGO;150804;JUJUHAN;DATA SEKOLAH;2022/2023 GENAP;NEGERI;SMK;1
15;JAMBI;1508;BUNGO;150804;JUJUHAN;DATA SEKOLAH;2022/2023 GENAP;NEGERI;SLB;0
15;JAMBI;1508;BUNGO;150816;JUJUHAN ILIR;DATA SEKOLAH;2022/2023 GENAP;NEGERI;TK;0
15;JAMBI;1508;BUNGO;150816;JUJUHAN ILIR;DATA SEKOLAH;2022/2023 GENAP;NEGERI;KB;0
15;JAMBI;1508;BUNGO;150816;JUJUHAN ILIR;DATA SEKOLAH;2022/2023 GENAP;NEGERI;TPA;0
15;JAMBI;1508;BUNGO;150816;JUJUHAN ILIR;DATA SEKOLAH;2022/2023 GENAP;NEGERI;SPS;0
15;JAMBI;1508;BUNGO;150816;JUJUHAN ILIR;DATA SEKOLAH;2022/2023 GENAP;NEGERI;PKBM;0
15;JAMBI;1508;BUNGO;150816;JUJUHAN ILIR;DATA SEKOLAH;2022/2023 GENAP;NEGERI;SKB;0
15;JAMBI;1508;BUNGO;150816;JUJUHAN ILIR;DATA SEKOLAH;2022/2023 GENAP;NEGERI;SD;9
15;JAMBI;1508;BUNGO;150816;JUJUHAN ILIR;DATA SEKOLAH;2022/2023 GENAP;NEGERI;SMP;2
15;JAMBI;1508;BUNGO;150816;JUJUHAN ILIR;DATA SEKOLAH;2022/2023 GENAP;NEGERI;SMA;1
15;JAMBI;1508;BUNGO;150816;JUJUHAN ILIR;DATA SEKOLAH;2022/2023 GENAP;NEGERI;SMK;0
15;JAMBI;1508;BUNGO;150816;JUJUHAN ILIR;DATA SEKOLAH;2022/2023 GENAP;NEGERI;SLB;0
15;JAMBI;1501;KERINCI;150109;KAYU ARO;DATA SEKOLAH;2022/2023 GENAP;NEGERI;TK;0
15;JAMBI;1501;KERINCI;150109;KAYU ARO;DATA SEKOLAH;2022/2023 GENAP;NEGERI;KB;0
15;JAMBI;1501;KERINCI;150109;KAYU ARO;DATA SEKOLAH;2022/2023 GENAP;NEGERI;TPA;0
15;JAMBI;1501;KERINCI;150109;KAYU ARO;DATA SEKOLAH;2022/2023 GENAP;NEGERI;SPS;0
15;JAMBI;1501;KERINCI;150109;KAYU ARO;DATA SEKOLAH;2022/2023 GENAP;NEGERI;PKBM;0
15;JAMBI;1501;KERINCI;150109;KAYU ARO;DATA SEKOLAH;2022/2023 GENAP;NEGERI;SKB;0
15;JAMBI;1501;KERINCI;150109;KAYU ARO;DATA SEKOLAH;2022/2023 GENAP;NEGERI;SD;15
15;JAMBI;1501;KERINCI;150109;KAYU ARO;DATA SEKOLAH;2022/2023 GENAP;NEGERI;SMP;4
15;JAMBI;1501;KERINCI;150109;KAYU ARO;DATA SEKOLAH;2022/2023 GENAP;NEGERI;SMA;1
15;JAMBI;1501;KERINCI;150109;KAYU ARO;DATA SEKOLAH;2022/2023 GENAP;NEGERI;SMK;1
15;JAMBI;1501;KERINCI;150109;KAYU ARO;DATA SEKOLAH;2022/2023 GENAP;NEGERI;SLB;0
15;JAMBI;1501;KERINCI;150119;KAYU ARO BARAT;DATA SEKOLAH;2022/2023 GENAP;NEGERI;TK;1
15;JAMBI;1501;KERINCI;150119;KAYU ARO BARAT;DATA SEKOLAH;2022/2023 GENAP;NEGERI;KB;0
15;JAMBI;1501;KERINCI;150119;KAYU ARO BARAT;DATA SEKOLAH;2022/2023 GENAP;NEGERI;TPA;0
15;JAMBI;1501;KERINCI;150119;KAYU ARO BARAT;DATA SEKOLAH;2022/2023 GENAP;NEGERI;SPS;0
15;JAMBI;1501;KERINCI;150119;KAYU ARO BARAT;DATA SEKOLAH;2022/2023 GENAP;NEGERI;PKBM;0
15;JAMBI;1501;KERINCI;150119;KAYU ARO BARAT;DATA SEKOLAH;2022/2023 GENAP;NEGERI;SKB;0
15;JAMBI;1501;KERINCI;150119;KAYU ARO BARAT;DATA SEKOLAH;2022/2023 GENAP;NEGERI;SD;17
15;JAMBI;1501;KERINCI;150119;KAYU ARO BARAT;DATA SEKOLAH;2022/2023 GENAP;NEGERI;SMP;5
15;JAMBI;1501;KERINCI;150119;KAYU ARO BARAT;DATA SEKOLAH;2022/2023 GENAP;NEGERI;SMA;0
15;JAMBI;1501;KERINCI;150119;KAYU ARO BARAT;DATA SEKOLAH;2022/2023 GENAP;NEGERI;SMK;1
15;JAMBI;1501;KERINCI;150119;KAYU ARO BARAT;DATA SEKOLAH;2022/2023 GENAP;NEGERI;SLB;0
15;JAMBI;1501;KERINCI;150108;KELILING DANAU;DATA SEKOLAH;2022/2023 GENAP;NEGERI;TK;1
15;JAMBI;1501;KERINCI;150108;KELILING DANAU;DATA SEKOLAH;2022/2023 GENAP;NEGERI;KB;0
15;JAMBI;1501;KERINCI;150108;KELILING DANAU;DATA SEKOLAH;2022/2023 GENAP;NEGERI;TPA;0
15;JAMBI;1501;KERINCI;150108;KELILING DANAU;DATA SEKOLAH;2022/2023 GENAP;NEGERI;SPS;0
15;JAMBI;1501;KERINCI;150108;KELILING DANAU;DATA SEKOLAH;2022/2023 GENAP;NEGERI;PKBM;0
15;JAMBI;1501;KERINCI;150108;KELILING DANAU;DATA SEKOLAH;2022/2023 GENAP;NEGERI;SKB;0
15;JAMBI;1501;KERINCI;150108;KELILING DANAU;DATA SEKOLAH;2022/2023 GENAP;NEGERI;SD;26
15;JAMBI;1501;KERINCI;150108;KELILING DANAU;DATA SEKOLAH;2022/2023 GENAP;NEGERI;SMP;5
15;JAMBI;1501;KERINCI;150108;KELILING DANAU;DATA SEKOLAH;2022/2023 GENAP;NEGERI;SMA;1
15;JAMBI;1501;KERINCI;150108;KELILING DANAU;DATA SEKOLAH;2022/2023 GENAP;NEGERI;SMK;1
15;JAMBI;1501;KERINCI;150108;KELILING DANAU;DATA SEKOLAH;2022/2023 GENAP;NEGERI;SLB;0
15;JAMBI;1571;KOTA JAMBI;157107;KOTA BARU;DATA SEKOLAH;2022/2023 GENAP;NEGERI;TK;1
15;JAMBI;1571;KOTA JAMBI;157107;KOTA BARU;DATA SEKOLAH;2022/2023 GENAP;NEGERI;KB;0
15;JAMBI;1571;KOTA JAMBI;157107;KOTA BARU;DATA SEKOLAH;2022/2023 GENAP;NEGERI;TPA;0
15;JAMBI;1571;KOTA JAMBI;157107;KOTA BARU;DATA SEKOLAH;2022/2023 GENAP;NEGERI;SPS;0
15;JAMBI;1571;KOTA JAMBI;157107;KOTA BARU;DATA SEKOLAH;2022/2023 GENAP;NEGERI;PKBM;0
15;JAMBI;1571;KOTA JAMBI;157107;KOTA BARU;DATA SEKOLAH;2022/2023 GENAP;NEGERI;SKB;0
15;JAMBI;1571;KOTA JAMBI;157107;KOTA BARU;DATA SEKOLAH;2022/2023 GENAP;NEGERI;SD;25
15;JAMBI;1571;KOTA JAMBI;157107;KOTA BARU;DATA SEKOLAH;2022/2023 GENAP;NEGERI;SMP;6
15;JAMBI;1571;KOTA JAMBI;157107;KOTA BARU;DATA SEKOLAH;2022/2023 GENAP;NEGERI;SMA;3
15;JAMBI;1571;KOTA JAMBI;157107;KOTA BARU;DATA SEKOLAH;2022/2023 GENAP;NEGERI;SMK;0
15;JAMBI;1571;KOTA JAMBI;157107;KOTA BARU;DATA SEKOLAH;2022/2023 GENAP;NEGERI;SLB;0
15;JAMBI;1572;KOTA SUNGAI PENUH;157207;KOTO BARU;DATA SEKOLAH;2022/2023 GENAP;NEGERI;TK;1
15;JAMBI;1572;KOTA SUNGAI PENUH;157207;KOTO BARU;DATA SEKOLAH;2022/2023 GENAP;NEGERI;KB;0
15;JAMBI;1572;KOTA SUNGAI PENUH;157207;KOTO BARU;DATA SEKOLAH;2022/2023 GENAP;NEGERI;TPA;0
15;JAMBI;1572;KOTA SUNGAI PENUH;157207;KOTO BARU;DATA SEKOLAH;2022/2023 GENAP;NEGERI;SPS;0
15;JAMBI;1572;KOTA SUNGAI PENUH;157207;KOTO BARU;DATA SEKOLAH;2022/2023 GENAP;NEGERI;PKBM;0
15;JAMBI;1572;KOTA SUNGAI PENUH;157207;KOTO BARU;DATA SEKOLAH;2022/2023 GENAP;NEGERI;SKB;0
15;JAMBI;1572;KOTA SUNGAI PENUH;157207;KOTO BARU;DATA SEKOLAH;2022/2023 GENAP;NEGERI;SD;4
15;JAMBI;1572;KOTA SUNGAI PENUH;157207;KOTO BARU;DATA SEKOLAH;2022/2023 GENAP;NEGERI;SMP;1
15;JAMBI;1572;KOTA SUNGAI PENUH;157207;KOTO BARU;DATA SEKOLAH;2022/2023 GENAP;NEGERI;SMA;1
15;JAMBI;1572;KOTA SUNGAI PENUH;157207;KOTO BARU;DATA SEKOLAH;2022/2023 GENAP;NEGERI;SMK;0
15;JAMBI;1572;KOTA SUNGAI PENUH;157207;KOTO BARU;DATA SEKOLAH;2022/2023 GENAP;NEGERI;SLB;0
15;JAMBI;1506;TANJUNG JABUNG BARAT;150612;KUALA BETARA;DATA SEKOLAH;2022/2023 GENAP;NEGERI;TK;0
15;JAMBI;1506;TANJUNG JABUNG BARAT;150612;KUALA BETARA;DATA SEKOLAH;2022/2023 GENAP;NEGERI;KB;0
15;JAMBI;1506;TANJUNG JABUNG BARAT;150612;KUALA BETARA;DATA SEKOLAH;2022/2023 GENAP;NEGERI;TPA;0
15;JAMBI;1506;TANJUNG JABUNG BARAT;150612;KUALA BETARA;DATA SEKOLAH;2022/2023 GENAP;NEGERI;SPS;0
15;JAMBI;1506;TANJUNG JABUNG BARAT;150612;KUALA BETARA;DATA SEKOLAH;2022/2023 GENAP;NEGERI;PKBM;0
15;JAMBI;1506;TANJUNG JABUNG BARAT;150612;KUALA BETARA;DATA SEKOLAH;2022/2023 GENAP;NEGERI;SKB;0
15;JAMBI;1506;TANJUNG JABUNG BARAT;150612;KUALA BETARA;DATA SEKOLAH;2022/2023 GENAP;NEGERI;SD;17
15;JAMBI;1506;TANJUNG JABUNG BARAT;150612;KUALA BETARA;DATA SEKOLAH;2022/2023 GENAP;NEGERI;SMP;4
15;JAMBI;1506;TANJUNG JABUNG BARAT;150612;KUALA BETARA;DATA SEKOLAH;2022/2023 GENAP;NEGERI;SMA;1
15;JAMBI;1506;TANJUNG JABUNG BARAT;150612;KUALA BETARA;DATA SEKOLAH;2022/2023 GENAP;NEGERI;SMK;0
15;JAMBI;1506;TANJUNG JABUNG BARAT;150612;KUALA BETARA;DATA SEKOLAH;2022/2023 GENAP;NEGERI;SLB;0
15;JAMBI;1507;TANJUNG JABUNG TIMUR;150708;KUALA JAMBI;DATA SEKOLAH;2022/2023 GENAP;NEGERI;TK;1
15;JAMBI;1507;TANJUNG JABUNG TIMUR;150708;KUALA JAMBI;DATA SEKOLAH;2022/2023 GENAP;NEGERI;KB;0
15;JAMBI;1507;TANJUNG JABUNG TIMUR;150708;KUALA JAMBI;DATA SEKOLAH;2022/2023 GENAP;NEGERI;TPA;0
15;JAMBI;1507;TANJUNG JABUNG TIMUR;150708;KUALA JAMBI;DATA SEKOLAH;2022/2023 GENAP;NEGERI;SPS;0
15;JAMBI;1507;TANJUNG JABUNG TIMUR;150708;KUALA JAMBI;DATA SEKOLAH;2022/2023 GENAP;NEGERI;PKBM;0
15;JAMBI;1507;TANJUNG JABUNG TIMUR;150708;KUALA JAMBI;DATA SEKOLAH;2022/2023 GENAP;NEGERI;SKB;0
15;JAMBI;1507;TANJUNG JABUNG TIMUR;150708;KUALA JAMBI;DATA SEKOLAH;2022/2023 GENAP;NEGERI;SD;11
15;JAMBI;1507;TANJUNG JABUNG TIMUR;150708;KUALA JAMBI;DATA SEKOLAH;2022/2023 GENAP;NEGERI;SMP;2
15;JAMBI;1507;TANJUNG JABUNG TIMUR;150708;KUALA JAMBI;DATA SEKOLAH;2022/2023 GENAP;NEGERI;SMA;1
15;JAMBI;1507;TANJUNG JABUNG TIMUR;150708;KUALA JAMBI;DATA SEKOLAH;2022/2023 GENAP;NEGERI;SMK;0
15;JAMBI;1507;TANJUNG JABUNG TIMUR;150708;KUALA JAMBI;DATA SEKOLAH;2022/2023 GENAP;NEGERI;SLB;0
15;JAMBI;1505;MUARO JAMBI;150503;KUMPEH;DATA SEKOLAH;2022/2023 GENAP;NEGERI;TK;1
15;JAMBI;1505;MUARO JAMBI;150503;KUMPEH;DATA SEKOLAH;2022/2023 GENAP;NEGERI;KB;0
15;JAMBI;1505;MUARO JAMBI;150503;KUMPEH;DATA SEKOLAH;2022/2023 GENAP;NEGERI;TPA;0
15;JAMBI;1505;MUARO JAMBI;150503;KUMPEH;DATA SEKOLAH;2022/2023 GENAP;NEGERI;SPS;0
15;JAMBI;1505;MUARO JAMBI;150503;KUMPEH;DATA SEKOLAH;2022/2023 GENAP;NEGERI;PKBM;0
15;JAMBI;1505;MUARO JAMBI;150503;KUMPEH;DATA SEKOLAH;2022/2023 GENAP;NEGERI;SKB;0
15;JAMBI;1505;MUARO JAMBI;150503;KUMPEH;DATA SEKOLAH;2022/2023 GENAP;NEGERI;SD;23
15;JAMBI;1505;MUARO JAMBI;150503;KUMPEH;DATA SEKOLAH;2022/2023 GENAP;NEGERI;SMP;5
15;JAMBI;1505;MUARO JAMBI;150503;KUMPEH;DATA SEKOLAH;2022/2023 GENAP;NEGERI;SMA;1
15;JAMBI;1505;MUARO JAMBI;150503;KUMPEH;DATA SEKOLAH;2022/2023 GENAP;NEGERI;SMK;1
15;JAMBI;1505;MUARO JAMBI;150503;KUMPEH;DATA SEKOLAH;2022/2023 GENAP;NEGERI;SLB;0
15;JAMBI;1505;MUARO JAMBI;150506;KUMPEH ULU;DATA SEKOLAH;2022/2023 GENAP;NEGERI;TK;3
15;JAMBI;1505;MUARO JAMBI;150506;KUMPEH ULU;DATA SEKOLAH;2022/2023 GENAP;NEGERI;KB;0
15;JAMBI;1505;MUARO JAMBI;150506;KUMPEH ULU;DATA SEKOLAH;2022/2023 GENAP;NEGERI;TPA;0
15;JAMBI;1505;MUARO JAMBI;150506;KUMPEH ULU;DATA SEKOLAH;2022/2023 GENAP;NEGERI;SPS;0
15;JAMBI;1505;MUARO JAMBI;150506;KUMPEH ULU;DATA SEKOLAH;2022/2023 GENAP;NEGERI;PKBM;0
15;JAMBI;1505;MUARO JAMBI;150506;KUMPEH ULU;DATA SEKOLAH;2022/2023 GENAP;NEGERI;SKB;0
15;JAMBI;1505;MUARO JAMBI;150506;KUMPEH ULU;DATA SEKOLAH;2022/2023 GENAP;NEGERI;SD;22
15;JAMBI;1505;MUARO JAMBI;150506;KUMPEH ULU;DATA SEKOLAH;2022/2023 GENAP;NEGERI;SMP;5
15;JAMBI;1505;MUARO JAMBI;150506;KUMPEH ULU;DATA SEKOLAH;2022/2023 GENAP;NEGERI;SMA;1
15;JAMBI;1505;MUARO JAMBI;150506;KUMPEH ULU;DATA SEKOLAH;2022/2023 GENAP;NEGERI;SMK;0
15;JAMBI;1505;MUARO JAMBI;150506;KUMPEH ULU;DATA SEKOLAH;2022/2023 GENAP;NEGERI;SLB;0
15;JAMBI;1572;KOTA SUNGAI PENUH;157205;KUMUN DEBAI;DATA SEKOLAH;2022/2023 GENAP;NEGERI;TK;1
15;JAMBI;1572;KOTA SUNGAI PENUH;157205;KUMUN DEBAI;DATA SEKOLAH;2022/2023 GENAP;NEGERI;KB;0
15;JAMBI;1572;KOTA SUNGAI PENUH;157205;KUMUN DEBAI;DATA SEKOLAH;2022/2023 GENAP;NEGERI;TPA;0
15;JAMBI;1572;KOTA SUNGAI PENUH;157205;KUMUN DEBAI;DATA SEKOLAH;2022/2023 GENAP;NEGERI;SPS;0
15;JAMBI;1572;KOTA SUNGAI PENUH;157205;KUMUN DEBAI;DATA SEKOLAH;2022/2023 GENAP;NEGERI;PKBM;0
15;JAMBI;1572;KOTA SUNGAI PENUH;157205;KUMUN DEBAI;DATA SEKOLAH;2022/2023 GENAP;NEGERI;SKB;0
15;JAMBI;1572;KOTA SUNGAI PENUH;157205;KUMUN DEBAI;DATA SEKOLAH;2022/2023 GENAP;NEGERI;SD;10
15;JAMBI;1572;KOTA SUNGAI PENUH;157205;KUMUN DEBAI;DATA SEKOLAH;2022/2023 GENAP;NEGERI;SMP;1
15;JAMBI;1572;KOTA SUNGAI PENUH;157205;KUMUN DEBAI;DATA SEKOLAH;2022/2023 GENAP;NEGERI;SMA;0
15;JAMBI;1572;KOTA SUNGAI PENUH;157205;KUMUN DEBAI;DATA SEKOLAH;2022/2023 GENAP;NEGERI;SMK;2
15;JAMBI;1572;KOTA SUNGAI PENUH;157205;KUMUN DEBAI;DATA SEKOLAH;2022/2023 GENAP;NEGERI;SLB;1
15;JAMBI;1502;MERANGIN;150209;LEMBAH MASURAI;DATA SEKOLAH;2022/2023 GENAP;NEGERI;TK;0
15;JAMBI;1502;MERANGIN;150209;LEMBAH MASURAI;DATA SEKOLAH;2022/2023 GENAP;NEGERI;KB;0
15;JAMBI;1502;MERANGIN;150209;LEMBAH MASURAI;DATA SEKOLAH;2022/2023 GENAP;NEGERI;TPA;0
15;JAMBI;1502;MERANGIN;150209;LEMBAH MASURAI;DATA SEKOLAH;2022/2023 GENAP;NEGERI;SPS;0
15;JAMBI;1502;MERANGIN;150209;LEMBAH MASURAI;DATA SEKOLAH;2022/2023 GENAP;NEGERI;PKBM;0
15;JAMBI;1502;MERANGIN;150209;LEMBAH MASURAI;DATA SEKOLAH;2022/2023 GENAP;NEGERI;SKB;0
15;JAMBI;1502;MERANGIN;150209;LEMBAH MASURAI;DATA SEKOLAH;2022/2023 GENAP;NEGERI;SD;18
15;JAMBI;1502;MERANGIN;150209;LEMBAH MASURAI;DATA SEKOLAH;2022/2023 GENAP;NEGERI;SMP;5
15;JAMBI;1502;MERANGIN;150209;LEMBAH MASURAI;DATA SEKOLAH;2022/2023 GENAP;NEGERI;SMA;1
15;JAMBI;1502;MERANGIN;150209;LEMBAH MASURAI;DATA SEKOLAH;2022/2023 GENAP;NEGERI;SMK;1
15;JAMBI;1502;MERANGIN;150209;LEMBAH MASURAI;DATA SEKOLAH;2022/2023 GENAP;NEGERI;SLB;0
15;JAMBI;1508;BUNGO;150807;LIMBUR LUBUK MENGKUANG;DATA SEKOLAH;2022/2023 GENAP;NEGERI;TK;0
15;JAMBI;1508;BUNGO;150807;LIMBUR LUBUK MENGKUANG;DATA SEKOLAH;2022/2023 GENAP;NEGERI;KB;0
15;JAMBI;1508;BUNGO;150807;LIMBUR LUBUK MENGKUANG;DATA SEKOLAH;2022/2023 GENAP;NEGERI;TPA;0
15;JAMBI;1508;BUNGO;150807;LIMBUR LUBUK MENGKUANG;DATA SEKOLAH;2022/2023 GENAP;NEGERI;SPS;0
15;JAMBI;1508;BUNGO;150807;LIMBUR LUBUK MENGKUANG;DATA SEKOLAH;2022/2023 GENAP;NEGERI;PKBM;0
15;JAMBI;1508;BUNGO;150807;LIMBUR LUBUK MENGKUANG;DATA SEKOLAH;2022/2023 GENAP;NEGERI;SKB;0
15;JAMBI;1508;BUNGO;150807;LIMBUR LUBUK MENGKUANG;DATA SEKOLAH;2022/2023 GENAP;NEGERI;SD;14
15;JAMBI;1508;BUNGO;150807;LIMBUR LUBUK MENGKUANG;DATA SEKOLAH;2022/2023 GENAP;NEGERI;SMP;6
15;JAMBI;1508;BUNGO;150807;LIMBUR LUBUK MENGKUANG;DATA SEKOLAH;2022/2023 GENAP;NEGERI;SMA;2
15;JAMBI;1508;BUNGO;150807;LIMBUR LUBUK MENGKUANG;DATA SEKOLAH;2022/2023 GENAP;NEGERI;SMK;1
15;JAMBI;1508;BUNGO;150807;LIMBUR LUBUK MENGKUANG;DATA SEKOLAH;2022/2023 GENAP;NEGERI;SLB;0
15;JAMBI;1503;SAROLANGUN;150302;LIMUN;DATA SEKOLAH;2022/2023 GENAP;NEGERI;TK;0
15;JAMBI;1503;SAROLANGUN;150302;LIMUN;DATA SEKOLAH;2022/2023 GENAP;NEGERI;KB;0
15;JAMBI;1503;SAROLANGUN;150302;LIMUN;DATA SEKOLAH;2022/2023 GENAP;NEGERI;TPA;0
15;JAMBI;1503;SAROLANGUN;150302;LIMUN;DATA SEKOLAH;2022/2023 GENAP;NEGERI;SPS;0
15;JAMBI;1503;SAROLANGUN;150302;LIMUN;DATA SEKOLAH;2022/2023 GENAP;NEGERI;PKBM;0
15;JAMBI;1503;SAROLANGUN;150302;LIMUN;DATA SEKOLAH;2022/2023 GENAP;NEGERI;SKB;0
15;JAMBI;1503;SAROLANGUN;150302;LIMUN;DATA SEKOLAH;2022/2023 GENAP;NEGERI;SD;27
15;JAMBI;1503;SAROLANGUN;150302;LIMUN;DATA SEKOLAH;2022/2023 GENAP;NEGERI;SMP;9
15;JAMBI;1503;SAROLANGUN;150302;LIMUN;DATA SEKOLAH;2022/2023 GENAP;NEGERI;SMA;2
15;JAMBI;1503;SAROLANGUN;150302;LIMUN;DATA SEKOLAH;2022/2023 GENAP;NEGERI;SMK;1
15;JAMBI;1503;SAROLANGUN;150302;LIMUN;DATA SEKOLAH;2022/2023 GENAP;NEGERI;SLB;0
15;JAMBI;1503;SAROLANGUN;150306;MANDIANGIN;DATA SEKOLAH;2022/2023 GENAP;NEGERI;TK;0
15;JAMBI;1503;SAROLANGUN;150306;MANDIANGIN;DATA SEKOLAH;2022/2023 GENAP;NEGERI;KB;0
15;JAMBI;1503;SAROLANGUN;150306;MANDIANGIN;DATA SEKOLAH;2022/2023 GENAP;NEGERI;TPA;0
15;JAMBI;1503;SAROLANGUN;150306;MANDIANGIN;DATA SEKOLAH;2022/2023 GENAP;NEGERI;SPS;0
15;JAMBI;1503;SAROLANGUN;150306;MANDIANGIN;DATA SEKOLAH;2022/2023 GENAP;NEGERI;PKBM;0
15;JAMBI;1503;SAROLANGUN;150306;MANDIANGIN;DATA SEKOLAH;2022/2023 GENAP;NEGERI;SKB;0
15;JAMBI;1503;SAROLANGUN;150306;MANDIANGIN;DATA SEKOLAH;2022/2023 GENAP;NEGERI;SD;23
15;JAMBI;1503;SAROLANGUN;150306;MANDIANGIN;DATA SEKOLAH;2022/2023 GENAP;NEGERI;SMP;4
15;JAMBI;1503;SAROLANGUN;150306;MANDIANGIN;DATA SEKOLAH;2022/2023 GENAP;NEGERI;SMA;2
15;JAMBI;1503;SAROLANGUN;150306;MANDIANGIN;DATA SEKOLAH;2022/2023 GENAP;NEGERI;SMK;2
15;JAMBI;1503;SAROLANGUN;150306;MANDIANGIN;DATA SEKOLAH;2022/2023 GENAP;NEGERI;SLB;0
15;JAMBI;1503;SAROLANGUN;150311;MANDIANGIN TIMUR;DATA SEKOLAH;2022/2023 GENAP;NEGERI;TK;0
15;JAMBI;1503;SAROLANGUN;150311;MANDIANGIN TIMUR;DATA SEKOLAH;2022/2023 GENAP;NEGERI;KB;0
15;JAMBI;1503;SAROLANGUN;150311;MANDIANGIN TIMUR;DATA SEKOLAH;2022/2023 GENAP;NEGERI;TPA;0
15;JAMBI;1503;SAROLANGUN;150311;MANDIANGIN TIMUR;DATA SEKOLAH;2022/2023 GENAP;NEGERI;SPS;0
15;JAMBI;1503;SAROLANGUN;150311;MANDIANGIN TIMUR;DATA SEKOLAH;2022/2023 GENAP;NEGERI;PKBM;0
15;JAMBI;1503;SAROLANGUN;150311;MANDIANGIN TIMUR;DATA SEKOLAH;2022/2023 GENAP;NEGERI;SKB;0
15;JAMBI;1503;SAROLANGUN;150311;MANDIANGIN TIMUR;DATA SEKOLAH;2022/2023 GENAP;NEGERI;SD;14
15;JAMBI;1503;SAROLANGUN;150311;MANDIANGIN TIMUR;DATA SEKOLAH;2022/2023 GENAP;NEGERI;SMP;6
15;JAMBI;1503;SAROLANGUN;150311;MANDIANGIN TIMUR;DATA SEKOLAH;2022/2023 GENAP;NEGERI;SMA;0
15;JAMBI;1503;SAROLANGUN;150311;MANDIANGIN TIMUR;DATA SEKOLAH;2022/2023 GENAP;NEGERI;SMK;0
15;JAMBI;1503;SAROLANGUN;150311;MANDIANGIN TIMUR;DATA SEKOLAH;2022/2023 GENAP;NEGERI;SLB;0
15;JAMBI;1502;MERANGIN;150221;MARGO TABIR;DATA SEKOLAH;2022/2023 GENAP;NEGERI;TK;0
15;JAMBI;1502;MERANGIN;150221;MARGO TABIR;DATA SEKOLAH;2022/2023 GENAP;NEGERI;KB;0
15;JAMBI;1502;MERANGIN;150221;MARGO TABIR;DATA SEKOLAH;2022/2023 GENAP;NEGERI;TPA;0
15;JAMBI;1502;MERANGIN;150221;MARGO TABIR;DATA SEKOLAH;2022/2023 GENAP;NEGERI;SPS;0
15;JAMBI;1502;MERANGIN;150221;MARGO TABIR;DATA SEKOLAH;2022/2023 GENAP;NEGERI;PKBM;0
15;JAMBI;1502;MERANGIN;150221;MARGO TABIR;DATA SEKOLAH;2022/2023 GENAP;NEGERI;SKB;0
15;JAMBI;1502;MERANGIN;150221;MARGO TABIR;DATA SEKOLAH;2022/2023 GENAP;NEGERI;SD;7
15;JAMBI;1502;MERANGIN;150221;MARGO TABIR;DATA SEKOLAH;2022/2023 GENAP;NEGERI;SMP;1
15;JAMBI;1502;MERANGIN;150221;MARGO TABIR;DATA SEKOLAH;2022/2023 GENAP;NEGERI;SMA;1
15;JAMBI;1502;MERANGIN;150221;MARGO TABIR;DATA SEKOLAH;2022/2023 GENAP;NEGERI;SMK;0
15;JAMBI;1502;MERANGIN;150221;MARGO TABIR;DATA SEKOLAH;2022/2023 GENAP;NEGERI;SLB;0
15;JAMBI;1505;MUARO JAMBI;150504;MARO SEBO;DATA SEKOLAH;2022/2023 GENAP;NEGERI;TK;2
15;JAMBI;1505;MUARO JAMBI;150504;MARO SEBO;DATA SEKOLAH;2022/2023 GENAP;NEGERI;KB;0
15;JAMBI;1505;MUARO JAMBI;150504;MARO SEBO;DATA SEKOLAH;2022/2023 GENAP;NEGERI;TPA;0
15;JAMBI;1505;MUARO JAMBI;150504;MARO SEBO;DATA SEKOLAH;2022/2023 GENAP;NEGERI;SPS;0
15;JAMBI;1505;MUARO JAMBI;150504;MARO SEBO;DATA SEKOLAH;2022/2023 GENAP;NEGERI;PKBM;0
15;JAMBI;1505;MUARO JAMBI;150504;MARO SEBO;DATA SEKOLAH;2022/2023 GENAP;NEGERI;SKB;0
15;JAMBI;1505;MUARO JAMBI;150504;MARO SEBO;DATA SEKOLAH;2022/2023 GENAP;NEGERI;SD;17
15;JAMBI;1505;MUARO JAMBI;150504;MARO SEBO;DATA SEKOLAH;2022/2023 GENAP;NEGERI;SMP;5
15;JAMBI;1505;MUARO JAMBI;150504;MARO SEBO;DATA SEKOLAH;2022/2023 GENAP;NEGERI;SMA;1
15;JAMBI;1505;MUARO JAMBI;150504;MARO SEBO;DATA SEKOLAH;2022/2023 GENAP;NEGERI;SMK;1
15;JAMBI;1505;MUARO JAMBI;150504;MARO SEBO;DATA SEKOLAH;2022/2023 GENAP;NEGERI;SLB;0
15;JAMBI;1504;BATANGHARI;150408;MARO SEBO ILIR;DATA SEKOLAH;2022/2023 GENAP;NEGERI;TK;1
15;JAMBI;1504;BATANGHARI;150408;MARO SEBO ILIR;DATA SEKOLAH;2022/2023 GENAP;NEGERI;KB;0
15;JAMBI;1504;BATANGHARI;150408;MARO SEBO ILIR;DATA SEKOLAH;2022/2023 GENAP;NEGERI;TPA;0
15;JAMBI;1504;BATANGHARI;150408;MARO SEBO ILIR;DATA SEKOLAH;2022/2023 GENAP;NEGERI;SPS;0
15;JAMBI;1504;BATANGHARI;150408;MARO SEBO ILIR;DATA SEKOLAH;2022/2023 GENAP;NEGERI;PKBM;0
15;JAMBI;1504;BATANGHARI;150408;MARO SEBO ILIR;DATA SEKOLAH;2022/2023 GENAP;NEGERI;SKB;0
15;JAMBI;1504;BATANGHARI;150408;MARO SEBO ILIR;DATA SEKOLAH;2022/2023 GENAP;NEGERI;SD;10
15;JAMBI;1504;BATANGHARI;150408;MARO SEBO ILIR;DATA SEKOLAH;2022/2023 GENAP;NEGERI;SMP;5
15;JAMBI;1504;BATANGHARI;150408;MARO SEBO ILIR;DATA SEKOLAH;2022/2023 GENAP;NEGERI;SMA;1
15;JAMBI;1504;BATANGHARI;150408;MARO SEBO ILIR;DATA SEKOLAH;2022/2023 GENAP;NEGERI;SMK;1
15;JAMBI;1504;BATANGHARI;150408;MARO SEBO ILIR;DATA SEKOLAH;2022/2023 GENAP;NEGERI;SLB;0
15;JAMBI;1504;BATANGHARI;150406;MARO SEBO ULU;DATA SEKOLAH;2022/2023 GENAP;NEGERI;TK;1
15;JAMBI;1504;BATANGHARI;150406;MARO SEBO ULU;DATA SEKOLAH;2022/2023 GENAP;NEGERI;KB;0
15;JAMBI;1504;BATANGHARI;150406;MARO SEBO ULU;DATA SEKOLAH;2022/2023 GENAP;NEGERI;TPA;0
15;JAMBI;1504;BATANGHARI;150406;MARO SEBO ULU;DATA SEKOLAH;2022/2023 GENAP;NEGERI;SPS;0
15;JAMBI;1504;BATANGHARI;150406;MARO SEBO ULU;DATA SEKOLAH;2022/2023 GENAP;NEGERI;PKBM;0
15;JAMBI;1504;BATANGHARI;150406;MARO SEBO ULU;DATA SEKOLAH;2022/2023 GENAP;NEGERI;SKB;0
15;JAMBI;1504;BATANGHARI;150406;MARO SEBO ULU;DATA SEKOLAH;2022/2023 GENAP;NEGERI;SD;24
15;JAMBI;1504;BATANGHARI;150406;MARO SEBO ULU;DATA SEKOLAH;2022/2023 GENAP;NEGERI;SMP;6
15;JAMBI;1504;BATANGHARI;150406;MARO SEBO ULU;DATA SEKOLAH;2022/2023 GENAP;NEGERI;SMA;1
15;JAMBI;1504;BATANGHARI;150406;MARO SEBO ULU;DATA SEKOLAH;2022/2023 GENAP;NEGERI;SMK;1
15;JAMBI;1504;BATANGHARI;150406;MARO SEBO ULU;DATA SEKOLAH;2022/2023 GENAP;NEGERI;SLB;0
15;JAMBI;1507;TANJUNG JABUNG TIMUR;150703;MENDAHARA;DATA SEKOLAH;2022/2023 GENAP;NEGERI;TK;1
15;JAMBI;1507;TANJUNG JABUNG TIMUR;150703;MENDAHARA;DATA SEKOLAH;2022/2023 GENAP;NEGERI;KB;1
15;JAMBI;1507;TANJUNG JABUNG TIMUR;150703;MENDAHARA;DATA SEKOLAH;2022/2023 GENAP;NEGERI;TPA;0
15;JAMBI;1507;TANJUNG JABUNG TIMUR;150703;MENDAHARA;DATA SEKOLAH;2022/2023 GENAP;NEGERI;SPS;0
15;JAMBI;1507;TANJUNG JABUNG TIMUR;150703;MENDAHARA;DATA SEKOLAH;2022/2023 GENAP;NEGERI;PKBM;0
15;JAMBI;1507;TANJUNG JABUNG TIMUR;150703;MENDAHARA;DATA SEKOLAH;2022/2023 GENAP;NEGERI;SKB;0
15;JAMBI;1507;TANJUNG JABUNG TIMUR;150703;MENDAHARA;DATA SEKOLAH;2022/2023 GENAP;NEGERI;SD;16
15;JAMBI;1507;TANJUNG JABUNG TIMUR;150703;MENDAHARA;DATA SEKOLAH;2022/2023 GENAP;NEGERI;SMP;4
15;JAMBI;1507;TANJUNG JABUNG TIMUR;150703;MENDAHARA;DATA SEKOLAH;2022/2023 GENAP;NEGERI;SMA;1
15;JAMBI;1507;TANJUNG JABUNG TIMUR;150703;MENDAHARA;DATA SEKOLAH;2022/2023 GENAP;NEGERI;SMK;0
15;JAMBI;1507;TANJUNG JABUNG TIMUR;150703;MENDAHARA;DATA SEKOLAH;2022/2023 GENAP;NEGERI;SLB;0
15;JAMBI;1507;TANJUNG JABUNG TIMUR;150709;MENDAHARA ULU;DATA SEKOLAH;2022/2023 GENAP;NEGERI;TK;1
15;JAMBI;1507;TANJUNG JABUNG TIMUR;150709;MENDAHARA ULU;DATA SEKOLAH;2022/2023 GENAP;NEGERI;KB;0
15;JAMBI;1507;TANJUNG JABUNG TIMUR;150709;MENDAHARA ULU;DATA SEKOLAH;2022/2023 GENAP;NEGERI;TPA;0
15;JAMBI;1507;TANJUNG JABUNG TIMUR;150709;MENDAHARA ULU;DATA SEKOLAH;2022/2023 GENAP;NEGERI;SPS;0
15;JAMBI;1507;TANJUNG JABUNG TIMUR;150709;MENDAHARA ULU;DATA SEKOLAH;2022/2023 GENAP;NEGERI;PKBM;0
15;JAMBI;1507;TANJUNG JABUNG TIMUR;150709;MENDAHARA ULU;DATA SEKOLAH;2022/2023 GENAP;NEGERI;SKB;0
15;JAMBI;1507;TANJUNG JABUNG TIMUR;150709;MENDAHARA ULU;DATA SEKOLAH;2022/2023 GENAP;NEGERI;SD;8
15;JAMBI;1507;TANJUNG JABUNG TIMUR;150709;MENDAHARA ULU;DATA SEKOLAH;2022/2023 GENAP;NEGERI;SMP;5
15;JAMBI;1507;TANJUNG JABUNG TIMUR;150709;MENDAHARA ULU;DATA SEKOLAH;2022/2023 GENAP;NEGERI;SMA;0
15;JAMBI;1507;TANJUNG JABUNG TIMUR;150709;MENDAHARA ULU;DATA SEKOLAH;2022/2023 GENAP;NEGERI;SMK;1
15;JAMBI;1507;TANJUNG JABUNG TIMUR;150709;MENDAHARA ULU;DATA SEKOLAH;2022/2023 GENAP;NEGERI;SLB;0
15;JAMBI;1506;TANJUNG JABUNG BARAT;150605;MERLUNG;DATA SEKOLAH;2022/2023 GENAP;NEGERI;TK;1
15;JAMBI;1506;TANJUNG JABUNG BARAT;150605;MERLUNG;DATA SEKOLAH;2022/2023 GENAP;NEGERI;KB;0
15;JAMBI;1506;TANJUNG JABUNG BARAT;150605;MERLUNG;DATA SEKOLAH;2022/2023 GENAP;NEGERI;TPA;0
15;JAMBI;1506;TANJUNG JABUNG BARAT;150605;MERLUNG;DATA SEKOLAH;2022/2023 GENAP;NEGERI;SPS;0
15;JAMBI;1506;TANJUNG JABUNG BARAT;150605;MERLUNG;DATA SEKOLAH;2022/2023 GENAP;NEGERI;PKBM;0
15;JAMBI;1506;TANJUNG JABUNG BARAT;150605;MERLUNG;DATA SEKOLAH;2022/2023 GENAP;NEGERI;SKB;0
15;JAMBI;1506;TANJUNG JABUNG BARAT;150605;MERLUNG;DATA SEKOLAH;2022/2023 GENAP;NEGERI;SD;10
15;JAMBI;1506;TANJUNG JABUNG BARAT;150605;MERLUNG;DATA SEKOLAH;2022/2023 GENAP;NEGERI;SMP;4
15;JAMBI;1506;TANJUNG JABUNG BARAT;150605;MERLUNG;DATA SEKOLAH;2022/2023 GENAP;NEGERI;SMA;2
15;JAMBI;1506;TANJUNG JABUNG BARAT;150605;MERLUNG;DATA SEKOLAH;2022/2023 GENAP;NEGERI;SMK;1
15;JAMBI;1506;TANJUNG JABUNG BARAT;150605;MERLUNG;DATA SEKOLAH;2022/2023 GENAP;NEGERI;SLB;1
15;JAMBI;1504;BATANGHARI;150401;MERSAM;DATA SEKOLAH;2022/2023 GENAP;NEGERI;TK;1
15;JAMBI;1504;BATANGHARI;150401;MERSAM;DATA SEKOLAH;2022/2023 GENAP;NEGERI;KB;0
15;JAMBI;1504;BATANGHARI;150401;MERSAM;DATA SEKOLAH;2022/2023 GENAP;NEGERI;TPA;0
15;JAMBI;1504;BATANGHARI;150401;MERSAM;DATA SEKOLAH;2022/2023 GENAP;NEGERI;SPS;0
15;JAMBI;1504;BATANGHARI;150401;MERSAM;DATA SEKOLAH;2022/2023 GENAP;NEGERI;PKBM;0
15;JAMBI;1504;BATANGHARI;150401;MERSAM;DATA SEKOLAH;2022/2023 GENAP;NEGERI;SKB;0
15;JAMBI;1504;BATANGHARI;150401;MERSAM;DATA SEKOLAH;2022/2023 GENAP;NEGERI;SD;23
15;JAMBI;1504;BATANGHARI;150401;MERSAM;DATA SEKOLAH;2022/2023 GENAP;NEGERI;SMP;3
15;JAMBI;1504;BATANGHARI;150401;MERSAM;DATA SEKOLAH;2022/2023 GENAP;NEGERI;SMA;1
15;JAMBI;1504;BATANGHARI;150401;MERSAM;DATA SEKOLAH;2022/2023 GENAP;NEGERI;SMK;1
15;JAMBI;1504;BATANGHARI;150401;MERSAM;DATA SEKOLAH;2022/2023 GENAP;NEGERI;SLB;0
15;JAMBI;1505;MUARO JAMBI;150505;MESTONG;DATA SEKOLAH;2022/2023 GENAP;NEGERI;TK;1
15;JAMBI;1505;MUARO JAMBI;150505;MESTONG;DATA SEKOLAH;2022/2023 GENAP;NEGERI;KB;0
15;JAMBI;1505;MUARO JAMBI;150505;MESTONG;DATA SEKOLAH;2022/2023 GENAP;NEGERI;TPA;0
15;JAMBI;1505;MUARO JAMBI;150505;MESTONG;DATA SEKOLAH;2022/2023 GENAP;NEGERI;SPS;0
15;JAMBI;1505;MUARO JAMBI;150505;MESTONG;DATA SEKOLAH;2022/2023 GENAP;NEGERI;PKBM;0
15;JAMBI;1505;MUARO JAMBI;150505;MESTONG;DATA SEKOLAH;2022/2023 GENAP;NEGERI;SKB;0
15;JAMBI;1505;MUARO JAMBI;150505;MESTONG;DATA SEKOLAH;2022/2023 GENAP;NEGERI;SD;32
15;JAMBI;1505;MUARO JAMBI;150505;MESTONG;DATA SEKOLAH;2022/2023 GENAP;NEGERI;SMP;9
15;JAMBI;1505;MUARO JAMBI;150505;MESTONG;DATA SEKOLAH;2022/2023 GENAP;NEGERI;SMA;3
15;JAMBI;1505;MUARO JAMBI;150505;MESTONG;DATA SEKOLAH;2022/2023 GENAP;NEGERI;SMK;1
15;JAMBI;1505;MUARO JAMBI;150505;MESTONG;DATA SEKOLAH;2022/2023 GENAP;NEGERI;SLB;0
15;JAMBI;1504;BATANGHARI;150403;MUARA BULIAN;DATA SEKOLAH;2022/2023 GENAP;NEGERI;TK;3
15;JAMBI;1504;BATANGHARI;150403;MUARA BULIAN;DATA SEKOLAH;2022/2023 GENAP;NEGERI;KB;0
15;JAMBI;1504;BATANGHARI;150403;MUARA BULIAN;DATA SEKOLAH;2022/2023 GENAP;NEGERI;TPA;0
15;JAMBI;1504;BATANGHARI;150403;MUARA BULIAN;DATA SEKOLAH;2022/2023 GENAP;NEGERI;SPS;0
15;JAMBI;1504;BATANGHARI;150403;MUARA BULIAN;DATA SEKOLAH;2022/2023 GENAP;NEGERI;PKBM;0
15;JAMBI;1504;BATANGHARI;150403;MUARA BULIAN;DATA SEKOLAH;2022/2023 GENAP;NEGERI;SKB;1
15;JAMBI;1504;BATANGHARI;150403;MUARA BULIAN;DATA SEKOLAH;2022/2023 GENAP;NEGERI;SD;36
15;JAMBI;1504;BATANGHARI;150403;MUARA BULIAN;DATA SEKOLAH;2022/2023 GENAP;NEGERI;SMP;7
15;JAMBI;1504;BATANGHARI;150403;MUARA BULIAN;DATA SEKOLAH;2022/2023 GENAP;NEGERI;SMA;3
15;JAMBI;1504;BATANGHARI;150403;MUARA BULIAN;DATA SEKOLAH;2022/2023 GENAP;NEGERI;SMK;3
15;JAMBI;1504;BATANGHARI;150403;MUARA BULIAN;DATA SEKOLAH;2022/2023 GENAP;NEGERI;SLB;1
15;JAMBI;1506;TANJUNG JABUNG BARAT;150609;MUARA PAPALIK;DATA SEKOLAH;2022/2023 GENAP;NEGERI;TK;0
15;JAMBI;1506;TANJUNG JABUNG BARAT;150609;MUARA PAPALIK;DATA SEKOLAH;2022/2023 GENAP;NEGERI;KB;0
15;JAMBI;1506;TANJUNG JABUNG BARAT;150609;MUARA PAPALIK;DATA SEKOLAH;2022/2023 GENAP;NEGERI;TPA;0
15;JAMBI;1506;TANJUNG JABUNG BARAT;150609;MUARA PAPALIK;DATA SEKOLAH;2022/2023 GENAP;NEGERI;SPS;0
15;JAMBI;1506;TANJUNG JABUNG BARAT;150609;MUARA PAPALIK;DATA SEKOLAH;2022/2023 GENAP;NEGERI;PKBM;0
15;JAMBI;1506;TANJUNG JABUNG BARAT;150609;MUARA PAPALIK;DATA SEKOLAH;2022/2023 GENAP;NEGERI;SKB;0
15;JAMBI;1506;TANJUNG JABUNG BARAT;150609;MUARA PAPALIK;DATA SEKOLAH;2022/2023 GENAP;NEGERI;SD;11
15;JAMBI;1506;TANJUNG JABUNG BARAT;150609;MUARA PAPALIK;DATA SEKOLAH;2022/2023 GENAP;NEGERI;SMP;3
15;JAMBI;1506;TANJUNG JABUNG BARAT;150609;MUARA PAPALIK;DATA SEKOLAH;2022/2023 GENAP;NEGERI;SMA;1
15;JAMBI;1506;TANJUNG JABUNG BARAT;150609;MUARA PAPALIK;DATA SEKOLAH;2022/2023 GENAP;NEGERI;SMK;0
15;JAMBI;1506;TANJUNG JABUNG BARAT;150609;MUARA PAPALIK;DATA SEKOLAH;2022/2023 GENAP;NEGERI;SLB;0
15;JAMBI;1507;TANJUNG JABUNG TIMUR;150707;MUARA SABAK BARAT;DATA SEKOLAH;2022/2023 GENAP;NEGERI;TK;1
15;JAMBI;1507;TANJUNG JABUNG TIMUR;150707;MUARA SABAK BARAT;DATA SEKOLAH;2022/2023 GENAP;NEGERI;KB;0
15;JAMBI;1507;TANJUNG JABUNG TIMUR;150707;MUARA SABAK BARAT;DATA SEKOLAH;2022/2023 GENAP;NEGERI;TPA;0
15;JAMBI;1507;TANJUNG JABUNG TIMUR;150707;MUARA SABAK BARAT;DATA SEKOLAH;2022/2023 GENAP;NEGERI;SPS;0
15;JAMBI;1507;TANJUNG JABUNG TIMUR;150707;MUARA SABAK BARAT;DATA SEKOLAH;2022/2023 GENAP;NEGERI;PKBM;0
15;JAMBI;1507;TANJUNG JABUNG TIMUR;150707;MUARA SABAK BARAT;DATA SEKOLAH;2022/2023 GENAP;NEGERI;SKB;0
15;JAMBI;1507;TANJUNG JABUNG TIMUR;150707;MUARA SABAK BARAT;DATA SEKOLAH;2022/2023 GENAP;NEGERI;SD;13
15;JAMBI;1507;TANJUNG JABUNG TIMUR;150707;MUARA SABAK BARAT;DATA SEKOLAH;2022/2023 GENAP;NEGERI;SMP;2
15;JAMBI;1507;TANJUNG JABUNG TIMUR;150707;MUARA SABAK BARAT;DATA SEKOLAH;2022/2023 GENAP;NEGERI;SMA;1
15;JAMBI;1507;TANJUNG JABUNG TIMUR;150707;MUARA SABAK BARAT;DATA SEKOLAH;2022/2023 GENAP;NEGERI;SMK;1
15;JAMBI;1507;TANJUNG JABUNG TIMUR;150707;MUARA SABAK BARAT;DATA SEKOLAH;2022/2023 GENAP;NEGERI;SLB;1
15;JAMBI;1507;TANJUNG JABUNG TIMUR;150701;MUARA SABAK TIMUR;DATA SEKOLAH;2022/2023 GENAP;NEGERI;TK;1
15;JAMBI;1507;TANJUNG JABUNG TIMUR;150701;MUARA SABAK TIMUR;DATA SEKOLAH;2022/2023 GENAP;NEGERI;KB;0
15;JAMBI;1507;TANJUNG JABUNG TIMUR;150701;MUARA SABAK TIMUR;DATA SEKOLAH;2022/2023 GENAP;NEGERI;TPA;0
15;JAMBI;1507;TANJUNG JABUNG TIMUR;150701;MUARA SABAK TIMUR;DATA SEKOLAH;2022/2023 GENAP;NEGERI;SPS;0
15;JAMBI;1507;TANJUNG JABUNG TIMUR;150701;MUARA SABAK TIMUR;DATA SEKOLAH;2022/2023 GENAP;NEGERI;PKBM;0
15;JAMBI;1507;TANJUNG JABUNG TIMUR;150701;MUARA SABAK TIMUR;DATA SEKOLAH;2022/2023 GENAP;NEGERI;SKB;1
15;JAMBI;1507;TANJUNG JABUNG TIMUR;150701;MUARA SABAK TIMUR;DATA SEKOLAH;2022/2023 GENAP;NEGERI;SD;23
15;JAMBI;1507;TANJUNG JABUNG TIMUR;150701;MUARA SABAK TIMUR;DATA SEKOLAH;2022/2023 GENAP;NEGERI;SMP;6
15;JAMBI;1507;TANJUNG JABUNG TIMUR;150701;MUARA SABAK TIMUR;DATA SEKOLAH;2022/2023 GENAP;NEGERI;SMA;1
15;JAMBI;1507;TANJUNG JABUNG TIMUR;150701;MUARA SABAK TIMUR;DATA SEKOLAH;2022/2023 GENAP;NEGERI;SMK;1
15;JAMBI;1507;TANJUNG JABUNG TIMUR;150701;MUARA SABAK TIMUR;DATA SEKOLAH;2022/2023 GENAP;NEGERI;SLB;0
15;JAMBI;1502;MERANGIN;150203;MUARA SIAU;DATA SEKOLAH;2022/2023 GENAP;NEGERI;TK;0
15;JAMBI;1502;MERANGIN;150203;MUARA SIAU;DATA SEKOLAH;2022/2023 GENAP;NEGERI;KB;0
15;JAMBI;1502;MERANGIN;150203;MUARA SIAU;DATA SEKOLAH;2022/2023 GENAP;NEGERI;TPA;0
15;JAMBI;1502;MERANGIN;150203;MUARA SIAU;DATA SEKOLAH;2022/2023 GENAP;NEGERI;SPS;0
15;JAMBI;1502;MERANGIN;150203;MUARA SIAU;DATA SEKOLAH;2022/2023 GENAP;NEGERI;PKBM;0
15;JAMBI;1502;MERANGIN;150203;MUARA SIAU;DATA SEKOLAH;2022/2023 GENAP;NEGERI;SKB;0
15;JAMBI;1502;MERANGIN;150203;MUARA SIAU;DATA SEKOLAH;2022/2023 GENAP;NEGERI;SD;17
15;JAMBI;1502;MERANGIN;150203;MUARA SIAU;DATA SEKOLAH;2022/2023 GENAP;NEGERI;SMP;3
15;JAMBI;1502;MERANGIN;150203;MUARA SIAU;DATA SEKOLAH;2022/2023 GENAP;NEGERI;SMA;1
15;JAMBI;1502;MERANGIN;150203;MUARA SIAU;DATA SEKOLAH;2022/2023 GENAP;NEGERI;SMK;0
15;JAMBI;1502;MERANGIN;150203;MUARA SIAU;DATA SEKOLAH;2022/2023 GENAP;NEGERI;SLB;0
15;JAMBI;1509;TEBO;150912;MUARA TABIR;DATA SEKOLAH;2022/2023 GENAP;NEGERI;TK;1
15;JAMBI;1509;TEBO;150912;MUARA TABIR;DATA SEKOLAH;2022/2023 GENAP;NEGERI;KB;0
15;JAMBI;1509;TEBO;150912;MUARA TABIR;DATA SEKOLAH;2022/2023 GENAP;NEGERI;TPA;0
15;JAMBI;1509;TEBO;150912;MUARA TABIR;DATA SEKOLAH;2022/2023 GENAP;NEGERI;SPS;0
15;JAMBI;1509;TEBO;150912;MUARA TABIR;DATA SEKOLAH;2022/2023 GENAP;NEGERI;PKBM;0
15;JAMBI;1509;TEBO;150912;MUARA TABIR;DATA SEKOLAH;2022/2023 GENAP;NEGERI;SKB;0
15;JAMBI;1509;TEBO;150912;MUARA TABIR;DATA SEKOLAH;2022/2023 GENAP;NEGERI;SD;11
15;JAMBI;1509;TEBO;150912;MUARA TABIR;DATA SEKOLAH;2022/2023 GENAP;NEGERI;SMP;3
15;JAMBI;1509;TEBO;150912;MUARA TABIR;DATA SEKOLAH;2022/2023 GENAP;NEGERI;SMA;1
15;JAMBI;1509;TEBO;150912;MUARA TABIR;DATA SEKOLAH;2022/2023 GENAP;NEGERI;SMK;0
15;JAMBI;1509;TEBO;150912;MUARA TABIR;DATA SEKOLAH;2022/2023 GENAP;NEGERI;SLB;0
15;JAMBI;1504;BATANGHARI;150402;MUARA TEMBESI;DATA SEKOLAH;2022/2023 GENAP;NEGERI;TK;2
15;JAMBI;1504;BATANGHARI;150402;MUARA TEMBESI;DATA SEKOLAH;2022/2023 GENAP;NEGERI;KB;0
15;JAMBI;1504;BATANGHARI;150402;MUARA TEMBESI;DATA SEKOLAH;2022/2023 GENAP;NEGERI;TPA;0
15;JAMBI;1504;BATANGHARI;150402;MUARA TEMBESI;DATA SEKOLAH;2022/2023 GENAP;NEGERI;SPS;0
15;JAMBI;1504;BATANGHARI;150402;MUARA TEMBESI;DATA SEKOLAH;2022/2023 GENAP;NEGERI;PKBM;0
15;JAMBI;1504;BATANGHARI;150402;MUARA TEMBESI;DATA SEKOLAH;2022/2023 GENAP;NEGERI;SKB;0
15;JAMBI;1504;BATANGHARI;150402;MUARA TEMBESI;DATA SEKOLAH;2022/2023 GENAP;NEGERI;SD;25
15;JAMBI;1504;BATANGHARI;150402;MUARA TEMBESI;DATA SEKOLAH;2022/2023 GENAP;NEGERI;SMP;4
15;JAMBI;1504;BATANGHARI;150402;MUARA TEMBESI;DATA SEKOLAH;2022/2023 GENAP;NEGERI;SMA;1
15;JAMBI;1504;BATANGHARI;150402;MUARA TEMBESI;DATA SEKOLAH;2022/2023 GENAP;NEGERI;SMK;0
15;JAMBI;1504;BATANGHARI;150402;MUARA TEMBESI;DATA SEKOLAH;2022/2023 GENAP;NEGERI;SLB;0
15;JAMBI;1508;BUNGO;150808;MUKO-MUKO BATHIN VII;DATA SEKOLAH;2022/2023 GENAP;NEGERI;TK;0
15;JAMBI;1508;BUNGO;150808;MUKO-MUKO BATHIN VII;DATA SEKOLAH;2022/2023 GENAP;NEGERI;KB;0
15;JAMBI;1508;BUNGO;150808;MUKO-MUKO BATHIN VII;DATA SEKOLAH;2022/2023 GENAP;NEGERI;TPA;0
15;JAMBI;1508;BUNGO;150808;MUKO-MUKO BATHIN VII;DATA SEKOLAH;2022/2023 GENAP;NEGERI;SPS;0
15;JAMBI;1508;BUNGO;150808;MUKO-MUKO BATHIN VII;DATA SEKOLAH;2022/2023 GENAP;NEGERI;PKBM;0
15;JAMBI;1508;BUNGO;150808;MUKO-MUKO BATHIN VII;DATA SEKOLAH;2022/2023 GENAP;NEGERI;SKB;0
15;JAMBI;1508;BUNGO;150808;MUKO-MUKO BATHIN VII;DATA SEKOLAH;2022/2023 GENAP;NEGERI;SD;14
15;JAMBI;1508;BUNGO;150808;MUKO-MUKO BATHIN VII;DATA SEKOLAH;2022/2023 GENAP;NEGERI;SMP;3
15;JAMBI;1508;BUNGO;150808;MUKO-MUKO BATHIN VII;DATA SEKOLAH;2022/2023 GENAP;NEGERI;SMA;1
15;JAMBI;1508;BUNGO;150808;MUKO-MUKO BATHIN VII;DATA SEKOLAH;2022/2023 GENAP;NEGERI;SMK;1
15;JAMBI;1508;BUNGO;150808;MUKO-MUKO BATHIN VII;DATA SEKOLAH;2022/2023 GENAP;NEGERI;SLB;0
15;JAMBI;1502;MERANGIN;150211;NALO TATAN;DATA SEKOLAH;2022/2023 GENAP;NEGERI;TK;0
15;JAMBI;1502;MERANGIN;150211;NALO TATAN;DATA SEKOLAH;2022/2023 GENAP;NEGERI;KB;0
15;JAMBI;1502;MERANGIN;150211;NALO TATAN;DATA SEKOLAH;2022/2023 GENAP;NEGERI;TPA;0
15;JAMBI;1502;MERANGIN;150211;NALO TATAN;DATA SEKOLAH;2022/2023 GENAP;NEGERI;SPS;0
15;JAMBI;1502;MERANGIN;150211;NALO TATAN;DATA SEKOLAH;2022/2023 GENAP;NEGERI;PKBM;0
15;JAMBI;1502;MERANGIN;150211;NALO TATAN;DATA SEKOLAH;2022/2023 GENAP;NEGERI;SKB;0
15;JAMBI;1502;MERANGIN;150211;NALO TATAN;DATA SEKOLAH;2022/2023 GENAP;NEGERI;SD;11
15;JAMBI;1502;MERANGIN;150211;NALO TATAN;DATA SEKOLAH;2022/2023 GENAP;NEGERI;SMP;3
15;JAMBI;1502;MERANGIN;150211;NALO TATAN;DATA SEKOLAH;2022/2023 GENAP;NEGERI;SMA;1
15;JAMBI;1502;MERANGIN;150211;NALO TATAN;DATA SEKOLAH;2022/2023 GENAP;NEGERI;SMK;1
15;JAMBI;1502;MERANGIN;150211;NALO TATAN;DATA SEKOLAH;2022/2023 GENAP;NEGERI;SLB;0
15;JAMBI;1507;TANJUNG JABUNG TIMUR;150702;NIPAH PANJANG;DATA SEKOLAH;2022/2023 GENAP;NEGERI;TK;3
15;JAMBI;1507;TANJUNG JABUNG TIMUR;150702;NIPAH PANJANG;DATA SEKOLAH;2022/2023 GENAP;NEGERI;KB;0
15;JAMBI;1507;TANJUNG JABUNG TIMUR;150702;NIPAH PANJANG;DATA SEKOLAH;2022/2023 GENAP;NEGERI;TPA;0
15;JAMBI;1507;TANJUNG JABUNG TIMUR;150702;NIPAH PANJANG;DATA SEKOLAH;2022/2023 GENAP;NEGERI;SPS;0
15;JAMBI;1507;TANJUNG JABUNG TIMUR;150702;NIPAH PANJANG;DATA SEKOLAH;2022/2023 GENAP;NEGERI;PKBM;0
15;JAMBI;1507;TANJUNG JABUNG TIMUR;150702;NIPAH PANJANG;DATA SEKOLAH;2022/2023 GENAP;NEGERI;SKB;0
15;JAMBI;1507;TANJUNG JABUNG TIMUR;150702;NIPAH PANJANG;DATA SEKOLAH;2022/2023 GENAP;NEGERI;SD;26
15;JAMBI;1507;TANJUNG JABUNG TIMUR;150702;NIPAH PANJANG;DATA SEKOLAH;2022/2023 GENAP;NEGERI;SMP;7
15;JAMBI;1507;TANJUNG JABUNG TIMUR;150702;NIPAH PANJANG;DATA SEKOLAH;2022/2023 GENAP;NEGERI;SMA;1
15;JAMBI;1507;TANJUNG JABUNG TIMUR;150702;NIPAH PANJANG;DATA SEKOLAH;2022/2023 GENAP;NEGERI;SMK;1
15;JAMBI;1507;TANJUNG JABUNG TIMUR;150702;NIPAH PANJANG;DATA SEKOLAH;2022/2023 GENAP;NEGERI;SLB;0
15;JAMBI;1571;KOTA JAMBI;157111;PAAL MERAH;DATA SEKOLAH;2022/2023 GENAP;NEGERI;TK;0
15;JAMBI;1571;KOTA JAMBI;157111;PAAL MERAH;DATA SEKOLAH;2022/2023 GENAP;NEGERI;KB;0
15;JAMBI;1571;KOTA JAMBI;157111;PAAL MERAH;DATA SEKOLAH;2022/2023 GENAP;NEGERI;TPA;0
15;JAMBI;1571;KOTA JAMBI;157111;PAAL MERAH;DATA SEKOLAH;2022/2023 GENAP;NEGERI;SPS;0
15;JAMBI;1571;KOTA JAMBI;157111;PAAL MERAH;DATA SEKOLAH;2022/2023 GENAP;NEGERI;PKBM;0
15;JAMBI;1571;KOTA JAMBI;157111;PAAL MERAH;DATA SEKOLAH;2022/2023 GENAP;NEGERI;SKB;0
15;JAMBI;1571;KOTA JAMBI;157111;PAAL MERAH;DATA SEKOLAH;2022/2023 GENAP;NEGERI;SD;15
15;JAMBI;1571;KOTA JAMBI;157111;PAAL MERAH;DATA SEKOLAH;2022/2023 GENAP;NEGERI;SMP;3
15;JAMBI;1571;KOTA JAMBI;157111;PAAL MERAH;DATA SEKOLAH;2022/2023 GENAP;NEGERI;SMA;2
15;JAMBI;1571;KOTA JAMBI;157111;PAAL MERAH;DATA SEKOLAH;2022/2023 GENAP;NEGERI;SMK;1
15;JAMBI;1571;KOTA JAMBI;157111;PAAL MERAH;DATA SEKOLAH;2022/2023 GENAP;NEGERI;SLB;0
15;JAMBI;1502;MERANGIN;150206;PAMENANG;DATA SEKOLAH;2022/2023 GENAP;NEGERI;TK;0
15;JAMBI;1502;MERANGIN;150206;PAMENANG;DATA SEKOLAH;2022/2023 GENAP;NEGERI;KB;0
15;JAMBI;1502;MERANGIN;150206;PAMENANG;DATA SEKOLAH;2022/2023 GENAP;NEGERI;TPA;0
15;JAMBI;1502;MERANGIN;150206;PAMENANG;DATA SEKOLAH;2022/2023 GENAP;NEGERI;SPS;0
15;JAMBI;1502;MERANGIN;150206;PAMENANG;DATA SEKOLAH;2022/2023 GENAP;NEGERI;PKBM;0
15;JAMBI;1502;MERANGIN;150206;PAMENANG;DATA SEKOLAH;2022/2023 GENAP;NEGERI;SKB;0
15;JAMBI;1502;MERANGIN;150206;PAMENANG;DATA SEKOLAH;2022/2023 GENAP;NEGERI;SD;22
15;JAMBI;1502;MERANGIN;150206;PAMENANG;DATA SEKOLAH;2022/2023 GENAP;NEGERI;SMP;5
15;JAMBI;1502;MERANGIN;150206;PAMENANG;DATA SEKOLAH;2022/2023 GENAP;NEGERI;SMA;1
15;JAMBI;1502;MERANGIN;150206;PAMENANG;DATA SEKOLAH;2022/2023 GENAP;NEGERI;SMK;1
15;JAMBI;1502;MERANGIN;150206;PAMENANG;DATA SEKOLAH;2022/2023 GENAP;NEGERI;SLB;0
15;JAMBI;1502;MERANGIN;150213;PAMENANG BARAT;DATA SEKOLAH;2022/2023 GENAP;NEGERI;TK;0
15;JAMBI;1502;MERANGIN;150213;PAMENANG BARAT;DATA SEKOLAH;2022/2023 GENAP;NEGERI;KB;0
15;JAMBI;1502;MERANGIN;150213;PAMENANG BARAT;DATA SEKOLAH;2022/2023 GENAP;NEGERI;TPA;0
15;JAMBI;1502;MERANGIN;150213;PAMENANG BARAT;DATA SEKOLAH;2022/2023 GENAP;NEGERI;SPS;0
15;JAMBI;1502;MERANGIN;150213;PAMENANG BARAT;DATA SEKOLAH;2022/2023 GENAP;NEGERI;PKBM;0
15;JAMBI;1502;MERANGIN;150213;PAMENANG BARAT;DATA SEKOLAH;2022/2023 GENAP;NEGERI;SKB;0
15;JAMBI;1502;MERANGIN;150213;PAMENANG BARAT;DATA SEKOLAH;2022/2023 GENAP;NEGERI;SD;12
15;JAMBI;1502;MERANGIN;150213;PAMENANG BARAT;DATA SEKOLAH;2022/2023 GENAP;NEGERI;SMP;3
15;JAMBI;1502;MERANGIN;150213;PAMENANG BARAT;DATA SEKOLAH;2022/2023 GENAP;NEGERI;SMA;1
15;JAMBI;1502;MERANGIN;150213;PAMENANG BARAT;DATA SEKOLAH;2022/2023 GENAP;NEGERI;SMK;1
15;JAMBI;1502;MERANGIN;150213;PAMENANG BARAT;DATA SEKOLAH;2022/2023 GENAP;NEGERI;SLB;1
15;JAMBI;1502;MERANGIN;150220;PAMENANG SELATAN;DATA SEKOLAH;2022/2023 GENAP;NEGERI;TK;0
15;JAMBI;1502;MERANGIN;150220;PAMENANG SELATAN;DATA SEKOLAH;2022/2023 GENAP;NEGERI;KB;0
15;JAMBI;1502;MERANGIN;150220;PAMENANG SELATAN;DATA SEKOLAH;2022/2023 GENAP;NEGERI;TPA;0
15;JAMBI;1502;MERANGIN;150220;PAMENANG SELATAN;DATA SEKOLAH;2022/2023 GENAP;NEGERI;SPS;0
15;JAMBI;1502;MERANGIN;150220;PAMENANG SELATAN;DATA SEKOLAH;2022/2023 GENAP;NEGERI;PKBM;0
15;JAMBI;1502;MERANGIN;150220;PAMENANG SELATAN;DATA SEKOLAH;2022/2023 GENAP;NEGERI;SKB;0
15;JAMBI;1502;MERANGIN;150220;PAMENANG SELATAN;DATA SEKOLAH;2022/2023 GENAP;NEGERI;SD;7
15;JAMBI;1502;MERANGIN;150220;PAMENANG SELATAN;DATA SEKOLAH;2022/2023 GENAP;NEGERI;SMP;4
15;JAMBI;1502;MERANGIN;150220;PAMENANG SELATAN;DATA SEKOLAH;2022/2023 GENAP;NEGERI;SMA;0
15;JAMBI;1502;MERANGIN;150220;PAMENANG SELATAN;DATA SEKOLAH;2022/2023 GENAP;NEGERI;SMK;1
15;JAMBI;1502;MERANGIN;150220;PAMENANG SELATAN;DATA SEKOLAH;2022/2023 GENAP;NEGERI;SLB;0
15;JAMBI;1502;MERANGIN;150217;PANGKALAN JAMBU;DATA SEKOLAH;2022/2023 GENAP;NEGERI;TK;0
15;JAMBI;1502;MERANGIN;150217;PANGKALAN JAMBU;DATA SEKOLAH;2022/2023 GENAP;NEGERI;KB;0
15;JAMBI;1502;MERANGIN;150217;PANGKALAN JAMBU;DATA SEKOLAH;2022/2023 GENAP;NEGERI;TPA;0
15;JAMBI;1502;MERANGIN;150217;PANGKALAN JAMBU;DATA SEKOLAH;2022/2023 GENAP;NEGERI;SPS;0
15;JAMBI;1502;MERANGIN;150217;PANGKALAN JAMBU;DATA SEKOLAH;2022/2023 GENAP;NEGERI;PKBM;0
15;JAMBI;1502;MERANGIN;150217;PANGKALAN JAMBU;DATA SEKOLAH;2022/2023 GENAP;NEGERI;SKB;0
15;JAMBI;1502;MERANGIN;150217;PANGKALAN JAMBU;DATA SEKOLAH;2022/2023 GENAP;NEGERI;SD;8
15;JAMBI;1502;MERANGIN;150217;PANGKALAN JAMBU;DATA SEKOLAH;2022/2023 GENAP;NEGERI;SMP;1
15;JAMBI;1502;MERANGIN;150217;PANGKALAN JAMBU;DATA SEKOLAH;2022/2023 GENAP;NEGERI;SMA;0
15;JAMBI;1502;MERANGIN;150217;PANGKALAN JAMBU;DATA SEKOLAH;2022/2023 GENAP;NEGERI;SMK;1
15;JAMBI;1502;MERANGIN;150217;PANGKALAN JAMBU;DATA SEKOLAH;2022/2023 GENAP;NEGERI;SLB;0
15;JAMBI;1571;KOTA JAMBI;157104;PASAR JAMBI;DATA SEKOLAH;2022/2023 GENAP;NEGERI;TK;0
15;JAMBI;1571;KOTA JAMBI;157104;PASAR JAMBI;DATA SEKOLAH;2022/2023 GENAP;NEGERI;KB;0
15;JAMBI;1571;KOTA JAMBI;157104;PASAR JAMBI;DATA SEKOLAH;2022/2023 GENAP;NEGERI;TPA;0
15;JAMBI;1571;KOTA JAMBI;157104;PASAR JAMBI;DATA SEKOLAH;2022/2023 GENAP;NEGERI;SPS;0
15;JAMBI;1571;KOTA JAMBI;157104;PASAR JAMBI;DATA SEKOLAH;2022/2023 GENAP;NEGERI;PKBM;0
15;JAMBI;1571;KOTA JAMBI;157104;PASAR JAMBI;DATA SEKOLAH;2022/2023 GENAP;NEGERI;SKB;0
15;JAMBI;1571;KOTA JAMBI;157104;PASAR JAMBI;DATA SEKOLAH;2022/2023 GENAP;NEGERI;SD;4
15;JAMBI;1571;KOTA JAMBI;157104;PASAR JAMBI;DATA SEKOLAH;2022/2023 GENAP;NEGERI;SMP;2
15;JAMBI;1571;KOTA JAMBI;157104;PASAR JAMBI;DATA SEKOLAH;2022/2023 GENAP;NEGERI;SMA;0
15;JAMBI;1571;KOTA JAMBI;157104;PASAR JAMBI;DATA SEKOLAH;2022/2023 GENAP;NEGERI;SMK;0
15;JAMBI;1571;KOTA JAMBI;157104;PASAR JAMBI;DATA SEKOLAH;2022/2023 GENAP;NEGERI;SLB;0
15;JAMBI;1508;BUNGO;150803;PASAR MUARO BUNGO;DATA SEKOLAH;2022/2023 GENAP;NEGERI;TK;0
15;JAMBI;1508;BUNGO;150803;PASAR MUARO BUNGO;DATA SEKOLAH;2022/2023 GENAP;NEGERI;KB;0
15;JAMBI;1508;BUNGO;150803;PASAR MUARO BUNGO;DATA SEKOLAH;2022/2023 GENAP;NEGERI;TPA;0
15;JAMBI;1508;BUNGO;150803;PASAR MUARO BUNGO;DATA SEKOLAH;2022/2023 GENAP;NEGERI;SPS;0
15;JAMBI;1508;BUNGO;150803;PASAR MUARO BUNGO;DATA SEKOLAH;2022/2023 GENAP;NEGERI;PKBM;0
15;JAMBI;1508;BUNGO;150803;PASAR MUARO BUNGO;DATA SEKOLAH;2022/2023 GENAP;NEGERI;SKB;0
15;JAMBI;1508;BUNGO;150803;PASAR MUARO BUNGO;DATA SEKOLAH;2022/2023 GENAP;NEGERI;SD;7
15;JAMBI;1508;BUNGO;150803;PASAR MUARO BUNGO;DATA SEKOLAH;2022/2023 GENAP;NEGERI;SMP;3
15;JAMBI;1508;BUNGO;150803;PASAR MUARO BUNGO;DATA SEKOLAH;2022/2023 GENAP;NEGERI;SMA;0
15;JAMBI;1508;BUNGO;150803;PASAR MUARO BUNGO;DATA SEKOLAH;2022/2023 GENAP;NEGERI;SMK;0
15;JAMBI;1508;BUNGO;150803;PASAR MUARO BUNGO;DATA SEKOLAH;2022/2023 GENAP;NEGERI;SLB;0
15;JAMBI;1503;SAROLANGUN;150304;PAUH;DATA SEKOLAH;2022/2023 GENAP;NEGERI;TK;0
15;JAMBI;1503;SAROLANGUN;150304;PAUH;DATA SEKOLAH;2022/2023 GENAP;NEGERI;KB;0
15;JAMBI;1503;SAROLANGUN;150304;PAUH;DATA SEKOLAH;2022/2023 GENAP;NEGERI;TPA;0
15;JAMBI;1503;SAROLANGUN;150304;PAUH;DATA SEKOLAH;2022/2023 GENAP;NEGERI;SPS;0
15;JAMBI;1503;SAROLANGUN;150304;PAUH;DATA SEKOLAH;2022/2023 GENAP;NEGERI;PKBM;0
15;JAMBI;1503;SAROLANGUN;150304;PAUH;DATA SEKOLAH;2022/2023 GENAP;NEGERI;SKB;0
15;JAMBI;1503;SAROLANGUN;150304;PAUH;DATA SEKOLAH;2022/2023 GENAP;NEGERI;SD;16
15;JAMBI;1503;SAROLANGUN;150304;PAUH;DATA SEKOLAH;2022/2023 GENAP;NEGERI;SMP;5
15;JAMBI;1503;SAROLANGUN;150304;PAUH;DATA SEKOLAH;2022/2023 GENAP;NEGERI;SMA;1
15;JAMBI;1503;SAROLANGUN;150304;PAUH;DATA SEKOLAH;2022/2023 GENAP;NEGERI;SMK;1
15;JAMBI;1503;SAROLANGUN;150304;PAUH;DATA SEKOLAH;2022/2023 GENAP;NEGERI;SLB;0
15;JAMBI;1503;SAROLANGUN;150305;PELAWAN;DATA SEKOLAH;2022/2023 GENAP;NEGERI;TK;0
15;JAMBI;1503;SAROLANGUN;150305;PELAWAN;DATA SEKOLAH;2022/2023 GENAP;NEGERI;KB;0
15;JAMBI;1503;SAROLANGUN;150305;PELAWAN;DATA SEKOLAH;2022/2023 GENAP;NEGERI;TPA;0
15;JAMBI;1503;SAROLANGUN;150305;PELAWAN;DATA SEKOLAH;2022/2023 GENAP;NEGERI;SPS;0
15;JAMBI;1503;SAROLANGUN;150305;PELAWAN;DATA SEKOLAH;2022/2023 GENAP;NEGERI;PKBM;0
15;JAMBI;1503;SAROLANGUN;150305;PELAWAN;DATA SEKOLAH;2022/2023 GENAP;NEGERI;SKB;0
15;JAMBI;1503;SAROLANGUN;150305;PELAWAN;DATA SEKOLAH;2022/2023 GENAP;NEGERI;SD;23
15;JAMBI;1503;SAROLANGUN;150305;PELAWAN;DATA SEKOLAH;2022/2023 GENAP;NEGERI;SMP;3
15;JAMBI;1503;SAROLANGUN;150305;PELAWAN;DATA SEKOLAH;2022/2023 GENAP;NEGERI;SMA;2
15;JAMBI;1503;SAROLANGUN;150305;PELAWAN;DATA SEKOLAH;2022/2023 GENAP;NEGERI;SMK;1
15;JAMBI;1503;SAROLANGUN;150305;PELAWAN;DATA SEKOLAH;2022/2023 GENAP;NEGERI;SLB;0
15;JAMBI;1571;KOTA JAMBI;157105;PELAYANGAN;DATA SEKOLAH;2022/2023 GENAP;NEGERI;TK;0
15;JAMBI;1571;KOTA JAMBI;157105;PELAYANGAN;DATA SEKOLAH;2022/2023 GENAP;NEGERI;KB;0
15;JAMBI;1571;KOTA JAMBI;157105;PELAYANGAN;DATA SEKOLAH;2022/2023 GENAP;NEGERI;TPA;0
15;JAMBI;1571;KOTA JAMBI;157105;PELAYANGAN;DATA SEKOLAH;2022/2023 GENAP;NEGERI;SPS;0
15;JAMBI;1571;KOTA JAMBI;157105;PELAYANGAN;DATA SEKOLAH;2022/2023 GENAP;NEGERI;PKBM;0
15;JAMBI;1571;KOTA JAMBI;157105;PELAYANGAN;DATA SEKOLAH;2022/2023 GENAP;NEGERI;SKB;0
15;JAMBI;1571;KOTA JAMBI;157105;PELAYANGAN;DATA SEKOLAH;2022/2023 GENAP;NEGERI;SD;4
15;JAMBI;1571;KOTA JAMBI;157105;PELAYANGAN;DATA SEKOLAH;2022/2023 GENAP;NEGERI;SMP;1
15;JAMBI;1571;KOTA JAMBI;157105;PELAYANGAN;DATA SEKOLAH;2022/2023 GENAP;NEGERI;SMA;0
15;JAMBI;1571;KOTA JAMBI;157105;PELAYANGAN;DATA SEKOLAH;2022/2023 GENAP;NEGERI;SMK;0
15;JAMBI;1571;KOTA JAMBI;157105;PELAYANGAN;DATA SEKOLAH;2022/2023 GENAP;NEGERI;SLB;0
15;JAMBI;1508;BUNGO;150806;PELEPAT;DATA SEKOLAH;2022/2023 GENAP;NEGERI;TK;0
15;JAMBI;1508;BUNGO;150806;PELEPAT;DATA SEKOLAH;2022/2023 GENAP;NEGERI;KB;0
15;JAMBI;1508;BUNGO;150806;PELEPAT;DATA SEKOLAH;2022/2023 GENAP;NEGERI;TPA;0
15;JAMBI;1508;BUNGO;150806;PELEPAT;DATA SEKOLAH;2022/2023 GENAP;NEGERI;SPS;0
15;JAMBI;1508;BUNGO;150806;PELEPAT;DATA SEKOLAH;2022/2023 GENAP;NEGERI;PKBM;0
15;JAMBI;1508;BUNGO;150806;PELEPAT;DATA SEKOLAH;2022/2023 GENAP;NEGERI;SKB;0
15;JAMBI;1508;BUNGO;150806;PELEPAT;DATA SEKOLAH;2022/2023 GENAP;NEGERI;SD;26
15;JAMBI;1508;BUNGO;150806;PELEPAT;DATA SEKOLAH;2022/2023 GENAP;NEGERI;SMP;6
15;JAMBI;1508;BUNGO;150806;PELEPAT;DATA SEKOLAH;2022/2023 GENAP;NEGERI;SMA;1
15;JAMBI;1508;BUNGO;150806;PELEPAT;DATA SEKOLAH;2022/2023 GENAP;NEGERI;SMK;3
15;JAMBI;1508;BUNGO;150806;PELEPAT;DATA SEKOLAH;2022/2023 GENAP;NEGERI;SLB;0
15;JAMBI;1508;BUNGO;150809;PELEPAT ILIR;DATA SEKOLAH;2022/2023 GENAP;NEGERI;TK;0
15;JAMBI;1508;BUNGO;150809;PELEPAT ILIR;DATA SEKOLAH;2022/2023 GENAP;NEGERI;KB;0
15;JAMBI;1508;BUNGO;150809;PELEPAT ILIR;DATA SEKOLAH;2022/2023 GENAP;NEGERI;TPA;0
15;JAMBI;1508;BUNGO;150809;PELEPAT ILIR;DATA SEKOLAH;2022/2023 GENAP;NEGERI;SPS;0
15;JAMBI;1508;BUNGO;150809;PELEPAT ILIR;DATA SEKOLAH;2022/2023 GENAP;NEGERI;PKBM;0
15;JAMBI;1508;BUNGO;150809;PELEPAT ILIR;DATA SEKOLAH;2022/2023 GENAP;NEGERI;SKB;0
15;JAMBI;1508;BUNGO;150809;PELEPAT ILIR;DATA SEKOLAH;2022/2023 GENAP;NEGERI;SD;25
15;JAMBI;1508;BUNGO;150809;PELEPAT ILIR;DATA SEKOLAH;2022/2023 GENAP;NEGERI;SMP;6
15;JAMBI;1508;BUNGO;150809;PELEPAT ILIR;DATA SEKOLAH;2022/2023 GENAP;NEGERI;SMA;2
15;JAMBI;1508;BUNGO;150809;PELEPAT ILIR;DATA SEKOLAH;2022/2023 GENAP;NEGERI;SMK;2
15;JAMBI;1508;BUNGO;150809;PELEPAT ILIR;DATA SEKOLAH;2022/2023 GENAP;NEGERI;SLB;0
15;JAMBI;1504;BATANGHARI;150405;PEMAYUNG;DATA SEKOLAH;2022/2023 GENAP;NEGERI;TK;1
15;JAMBI;1504;BATANGHARI;150405;PEMAYUNG;DATA SEKOLAH;2022/2023 GENAP;NEGERI;KB;0
15;JAMBI;1504;BATANGHARI;150405;PEMAYUNG;DATA SEKOLAH;2022/2023 GENAP;NEGERI;TPA;0
15;JAMBI;1504;BATANGHARI;150405;PEMAYUNG;DATA SEKOLAH;2022/2023 GENAP;NEGERI;SPS;0
15;JAMBI;1504;BATANGHARI;150405;PEMAYUNG;DATA SEKOLAH;2022/2023 GENAP;NEGERI;PKBM;0
15;JAMBI;1504;BATANGHARI;150405;PEMAYUNG;DATA SEKOLAH;2022/2023 GENAP;NEGERI;SKB;0
15;JAMBI;1504;BATANGHARI;150405;PEMAYUNG;DATA SEKOLAH;2022/2023 GENAP;NEGERI;SD;27
15;JAMBI;1504;BATANGHARI;150405;PEMAYUNG;DATA SEKOLAH;2022/2023 GENAP;NEGERI;SMP;6
15;JAMBI;1504;BATANGHARI;150405;PEMAYUNG;DATA SEKOLAH;2022/2023 GENAP;NEGERI;SMA;1
15;JAMBI;1504;BATANGHARI;150405;PEMAYUNG;DATA SEKOLAH;2022/2023 GENAP;NEGERI;SMK;1
15;JAMBI;1504;BATANGHARI;150405;PEMAYUNG;DATA SEKOLAH;2022/2023 GENAP;NEGERI;SLB;0
15;JAMBI;1506;TANJUNG JABUNG BARAT;150603;PENGABUAN;DATA SEKOLAH;2022/2023 GENAP;NEGERI;TK;0
15;JAMBI;1506;TANJUNG JABUNG BARAT;150603;PENGABUAN;DATA SEKOLAH;2022/2023 GENAP;NEGERI;KB;0
15;JAMBI;1506;TANJUNG JABUNG BARAT;150603;PENGABUAN;DATA SEKOLAH;2022/2023 GENAP;NEGERI;TPA;0
15;JAMBI;1506;TANJUNG JABUNG BARAT;150603;PENGABUAN;DATA SEKOLAH;2022/2023 GENAP;NEGERI;SPS;0
15;JAMBI;1506;TANJUNG JABUNG BARAT;150603;PENGABUAN;DATA SEKOLAH;2022/2023 GENAP;NEGERI;PKBM;0
15;JAMBI;1506;TANJUNG JABUNG BARAT;150603;PENGABUAN;DATA SEKOLAH;2022/2023 GENAP;NEGERI;SKB;0
15;JAMBI;1506;TANJUNG JABUNG BARAT;150603;PENGABUAN;DATA SEKOLAH;2022/2023 GENAP;NEGERI;SD;25
15;JAMBI;1506;TANJUNG JABUNG BARAT;150603;PENGABUAN;DATA SEKOLAH;2022/2023 GENAP;NEGERI;SMP;5
15;JAMBI;1506;TANJUNG JABUNG BARAT;150603;PENGABUAN;DATA SEKOLAH;2022/2023 GENAP;NEGERI;SMA;2
15;JAMBI;1506;TANJUNG JABUNG BARAT;150603;PENGABUAN;DATA SEKOLAH;2022/2023 GENAP;NEGERI;SMK;1
15;JAMBI;1506;TANJUNG JABUNG BARAT;150603;PENGABUAN;DATA SEKOLAH;2022/2023 GENAP;NEGERI;SLB;0
15;JAMBI;1572;KOTA SUNGAI PENUH;157202;PESISIR BUKIT;DATA SEKOLAH;2022/2023 GENAP;NEGERI;TK;1
15;JAMBI;1572;KOTA SUNGAI PENUH;157202;PESISIR BUKIT;DATA SEKOLAH;2022/2023 GENAP;NEGERI;KB;0
15;JAMBI;1572;KOTA SUNGAI PENUH;157202;PESISIR BUKIT;DATA SEKOLAH;2022/2023 GENAP;NEGERI;TPA;0
15;JAMBI;1572;KOTA SUNGAI PENUH;157202;PESISIR BUKIT;DATA SEKOLAH;2022/2023 GENAP;NEGERI;SPS;0
15;JAMBI;1572;KOTA SUNGAI PENUH;157202;PESISIR BUKIT;DATA SEKOLAH;2022/2023 GENAP;NEGERI;PKBM;0
15;JAMBI;1572;KOTA SUNGAI PENUH;157202;PESISIR BUKIT;DATA SEKOLAH;2022/2023 GENAP;NEGERI;SKB;0
15;JAMBI;1572;KOTA SUNGAI PENUH;157202;PESISIR BUKIT;DATA SEKOLAH;2022/2023 GENAP;NEGERI;SD;8
15;JAMBI;1572;KOTA SUNGAI PENUH;157202;PESISIR BUKIT;DATA SEKOLAH;2022/2023 GENAP;NEGERI;SMP;2
15;JAMBI;1572;KOTA SUNGAI PENUH;157202;PESISIR BUKIT;DATA SEKOLAH;2022/2023 GENAP;NEGERI;SMA;0
15;JAMBI;1572;KOTA SUNGAI PENUH;157202;PESISIR BUKIT;DATA SEKOLAH;2022/2023 GENAP;NEGERI;SMK;2
15;JAMBI;1572;KOTA SUNGAI PENUH;157202;PESISIR BUKIT;DATA SEKOLAH;2022/2023 GENAP;NEGERI;SLB;0
15;JAMBI;1572;KOTA SUNGAI PENUH;157206;PONDOK TINGGI;DATA SEKOLAH;2022/2023 GENAP;NEGERI;TK;1
15;JAMBI;1572;KOTA SUNGAI PENUH;157206;PONDOK TINGGI;DATA SEKOLAH;2022/2023 GENAP;NEGERI;KB;0
15;JAMBI;1572;KOTA SUNGAI PENUH;157206;PONDOK TINGGI;DATA SEKOLAH;2022/2023 GENAP;NEGERI;TPA;0
15;JAMBI;1572;KOTA SUNGAI PENUH;157206;PONDOK TINGGI;DATA SEKOLAH;2022/2023 GENAP;NEGERI;SPS;0
15;JAMBI;1572;KOTA SUNGAI PENUH;157206;PONDOK TINGGI;DATA SEKOLAH;2022/2023 GENAP;NEGERI;PKBM;0
15;JAMBI;1572;KOTA SUNGAI PENUH;157206;PONDOK TINGGI;DATA SEKOLAH;2022/2023 GENAP;NEGERI;SKB;0
15;JAMBI;1572;KOTA SUNGAI PENUH;157206;PONDOK TINGGI;DATA SEKOLAH;2022/2023 GENAP;NEGERI;SD;10
15;JAMBI;1572;KOTA SUNGAI PENUH;157206;PONDOK TINGGI;DATA SEKOLAH;2022/2023 GENAP;NEGERI;SMP;1
15;JAMBI;1572;KOTA SUNGAI PENUH;157206;PONDOK TINGGI;DATA SEKOLAH;2022/2023 GENAP;NEGERI;SMA;1
15;JAMBI;1572;KOTA SUNGAI PENUH;157206;PONDOK TINGGI;DATA SEKOLAH;2022/2023 GENAP;NEGERI;SMK;0
15;JAMBI;1572;KOTA SUNGAI PENUH;157206;PONDOK TINGGI;DATA SEKOLAH;2022/2023 GENAP;NEGERI;SLB;0
15;JAMBI;1508;BUNGO;150802;RANTAU PANDAN;DATA SEKOLAH;2022/2023 GENAP;NEGERI;TK;1
15;JAMBI;1508;BUNGO;150802;RANTAU PANDAN;DATA SEKOLAH;2022/2023 GENAP;NEGERI;KB;0
15;JAMBI;1508;BUNGO;150802;RANTAU PANDAN;DATA SEKOLAH;2022/2023 GENAP;NEGERI;TPA;0
15;JAMBI;1508;BUNGO;150802;RANTAU PANDAN;DATA SEKOLAH;2022/2023 GENAP;NEGERI;SPS;0
15;JAMBI;1508;BUNGO;150802;RANTAU PANDAN;DATA SEKOLAH;2022/2023 GENAP;NEGERI;PKBM;0
15;JAMBI;1508;BUNGO;150802;RANTAU PANDAN;DATA SEKOLAH;2022/2023 GENAP;NEGERI;SKB;0
15;JAMBI;1508;BUNGO;150802;RANTAU PANDAN;DATA SEKOLAH;2022/2023 GENAP;NEGERI;SD;10
15;JAMBI;1508;BUNGO;150802;RANTAU PANDAN;DATA SEKOLAH;2022/2023 GENAP;NEGERI;SMP;3
15;JAMBI;1508;BUNGO;150802;RANTAU PANDAN;DATA SEKOLAH;2022/2023 GENAP;NEGERI;SMA;1
15;JAMBI;1508;BUNGO;150802;RANTAU PANDAN;DATA SEKOLAH;2022/2023 GENAP;NEGERI;SMK;0
15;JAMBI;1508;BUNGO;150802;RANTAU PANDAN;DATA SEKOLAH;2022/2023 GENAP;NEGERI;SLB;0
15;JAMBI;1507;TANJUNG JABUNG TIMUR;150704;RANTAU RASAU;DATA SEKOLAH;2022/2023 GENAP;NEGERI;TK;1
15;JAMBI;1507;TANJUNG JABUNG TIMUR;150704;RANTAU RASAU;DATA SEKOLAH;2022/2023 GENAP;NEGERI;KB;0
15;JAMBI;1507;TANJUNG JABUNG TIMUR;150704;RANTAU RASAU;DATA SEKOLAH;2022/2023 GENAP;NEGERI;TPA;0
15;JAMBI;1507;TANJUNG JABUNG TIMUR;150704;RANTAU RASAU;DATA SEKOLAH;2022/2023 GENAP;NEGERI;SPS;0
15;JAMBI;1507;TANJUNG JABUNG TIMUR;150704;RANTAU RASAU;DATA SEKOLAH;2022/2023 GENAP;NEGERI;PKBM;0
15;JAMBI;1507;TANJUNG JABUNG TIMUR;150704;RANTAU RASAU;DATA SEKOLAH;2022/2023 GENAP;NEGERI;SKB;0
15;JAMBI;1507;TANJUNG JABUNG TIMUR;150704;RANTAU RASAU;DATA SEKOLAH;2022/2023 GENAP;NEGERI;SD;29
15;JAMBI;1507;TANJUNG JABUNG TIMUR;150704;RANTAU RASAU;DATA SEKOLAH;2022/2023 GENAP;NEGERI;SMP;3
15;JAMBI;1507;TANJUNG JABUNG TIMUR;150704;RANTAU RASAU;DATA SEKOLAH;2022/2023 GENAP;NEGERI;SMA;1
15;JAMBI;1507;TANJUNG JABUNG TIMUR;150704;RANTAU RASAU;DATA SEKOLAH;2022/2023 GENAP;NEGERI;SMK;0
15;JAMBI;1507;TANJUNG JABUNG TIMUR;150704;RANTAU RASAU;DATA SEKOLAH;2022/2023 GENAP;NEGERI;SLB;0
15;JAMBI;1506;TANJUNG JABUNG BARAT;150608;RENAH MENDALUH;DATA SEKOLAH;2022/2023 GENAP;NEGERI;TK;0
15;JAMBI;1506;TANJUNG JABUNG BARAT;150608;RENAH MENDALUH;DATA SEKOLAH;2022/2023 GENAP;NEGERI;KB;0
15;JAMBI;1506;TANJUNG JABUNG BARAT;150608;RENAH MENDALUH;DATA SEKOLAH;2022/2023 GENAP;NEGERI;TPA;0
15;JAMBI;1506;TANJUNG JABUNG BARAT;150608;RENAH MENDALUH;DATA SEKOLAH;2022/2023 GENAP;NEGERI;SPS;0
15;JAMBI;1506;TANJUNG JABUNG BARAT;150608;RENAH MENDALUH;DATA SEKOLAH;2022/2023 GENAP;NEGERI;PKBM;0
15;JAMBI;1506;TANJUNG JABUNG BARAT;150608;RENAH MENDALUH;DATA SEKOLAH;2022/2023 GENAP;NEGERI;SKB;0
15;JAMBI;1506;TANJUNG JABUNG BARAT;150608;RENAH MENDALUH;DATA SEKOLAH;2022/2023 GENAP;NEGERI;SD;11
15;JAMBI;1506;TANJUNG JABUNG BARAT;150608;RENAH MENDALUH;DATA SEKOLAH;2022/2023 GENAP;NEGERI;SMP;4
15;JAMBI;1506;TANJUNG JABUNG BARAT;150608;RENAH MENDALUH;DATA SEKOLAH;2022/2023 GENAP;NEGERI;SMA;2
15;JAMBI;1506;TANJUNG JABUNG BARAT;150608;RENAH MENDALUH;DATA SEKOLAH;2022/2023 GENAP;NEGERI;SMK;1
15;JAMBI;1506;TANJUNG JABUNG BARAT;150608;RENAH MENDALUH;DATA SEKOLAH;2022/2023 GENAP;NEGERI;SLB;0
15;JAMBI;1502;MERANGIN;150219;RENAH PAMENANG;DATA SEKOLAH;2022/2023 GENAP;NEGERI;TK;1
15;JAMBI;1502;MERANGIN;150219;RENAH PAMENANG;DATA SEKOLAH;2022/2023 GENAP;NEGERI;KB;0
15;JAMBI;1502;MERANGIN;150219;RENAH PAMENANG;DATA SEKOLAH;2022/2023 GENAP;NEGERI;TPA;0
15;JAMBI;1502;MERANGIN;150219;RENAH PAMENANG;DATA SEKOLAH;2022/2023 GENAP;NEGERI;SPS;0
15;JAMBI;1502;MERANGIN;150219;RENAH PAMENANG;DATA SEKOLAH;2022/2023 GENAP;NEGERI;PKBM;0
15;JAMBI;1502;MERANGIN;150219;RENAH PAMENANG;DATA SEKOLAH;2022/2023 GENAP;NEGERI;SKB;0
15;JAMBI;1502;MERANGIN;150219;RENAH PAMENANG;DATA SEKOLAH;2022/2023 GENAP;NEGERI;SD;8
15;JAMBI;1502;MERANGIN;150219;RENAH PAMENANG;DATA SEKOLAH;2022/2023 GENAP;NEGERI;SMP;3
15;JAMBI;1502;MERANGIN;150219;RENAH PAMENANG;DATA SEKOLAH;2022/2023 GENAP;NEGERI;SMA;1
15;JAMBI;1502;MERANGIN;150219;RENAH PAMENANG;DATA SEKOLAH;2022/2023 GENAP;NEGERI;SMK;1
15;JAMBI;1502;MERANGIN;150219;RENAH PAMENANG;DATA SEKOLAH;2022/2023 GENAP;NEGERI;SLB;0
15;JAMBI;1502;MERANGIN;150216;RENAH PEMBARAP;DATA SEKOLAH;2022/2023 GENAP;NEGERI;TK;0
15;JAMBI;1502;MERANGIN;150216;RENAH PEMBARAP;DATA SEKOLAH;2022/2023 GENAP;NEGERI;KB;0
15;JAMBI;1502;MERANGIN;150216;RENAH PEMBARAP;DATA SEKOLAH;2022/2023 GENAP;NEGERI;TPA;0
15;JAMBI;1502;MERANGIN;150216;RENAH PEMBARAP;DATA SEKOLAH;2022/2023 GENAP;NEGERI;SPS;0
15;JAMBI;1502;MERANGIN;150216;RENAH PEMBARAP;DATA SEKOLAH;2022/2023 GENAP;NEGERI;PKBM;0
15;JAMBI;1502;MERANGIN;150216;RENAH PEMBARAP;DATA SEKOLAH;2022/2023 GENAP;NEGERI;SKB;0
15;JAMBI;1502;MERANGIN;150216;RENAH PEMBARAP;DATA SEKOLAH;2022/2023 GENAP;NEGERI;SD;16
15;JAMBI;1502;MERANGIN;150216;RENAH PEMBARAP;DATA SEKOLAH;2022/2023 GENAP;NEGERI;SMP;4
15;JAMBI;1502;MERANGIN;150216;RENAH PEMBARAP;DATA SEKOLAH;2022/2023 GENAP;NEGERI;SMA;1
15;JAMBI;1502;MERANGIN;150216;RENAH PEMBARAP;DATA SEKOLAH;2022/2023 GENAP;NEGERI;SMK;0
15;JAMBI;1502;MERANGIN;150216;RENAH PEMBARAP;DATA SEKOLAH;2022/2023 GENAP;NEGERI;SLB;0
15;JAMBI;1509;TEBO;150904;RIMBO BUJANG;DATA SEKOLAH;2022/2023 GENAP;NEGERI;TK;1
15;JAMBI;1509;TEBO;150904;RIMBO BUJANG;DATA SEKOLAH;2022/2023 GENAP;NEGERI;KB;0
15;JAMBI;1509;TEBO;150904;RIMBO BUJANG;DATA SEKOLAH;2022/2023 GENAP;NEGERI;TPA;0
15;JAMBI;1509;TEBO;150904;RIMBO BUJANG;DATA SEKOLAH;2022/2023 GENAP;NEGERI;SPS;0
15;JAMBI;1509;TEBO;150904;RIMBO BUJANG;DATA SEKOLAH;2022/2023 GENAP;NEGERI;PKBM;0
15;JAMBI;1509;TEBO;150904;RIMBO BUJANG;DATA SEKOLAH;2022/2023 GENAP;NEGERI;SKB;0
15;JAMBI;1509;TEBO;150904;RIMBO BUJANG;DATA SEKOLAH;2022/2023 GENAP;NEGERI;SD;35
15;JAMBI;1509;TEBO;150904;RIMBO BUJANG;DATA SEKOLAH;2022/2023 GENAP;NEGERI;SMP;8
15;JAMBI;1509;TEBO;150904;RIMBO BUJANG;DATA SEKOLAH;2022/2023 GENAP;NEGERI;SMA;3
15;JAMBI;1509;TEBO;150904;RIMBO BUJANG;DATA SEKOLAH;2022/2023 GENAP;NEGERI;SMK;2
15;JAMBI;1509;TEBO;150904;RIMBO BUJANG;DATA SEKOLAH;2022/2023 GENAP;NEGERI;SLB;1
15;JAMBI;1509;TEBO;150908;RIMBO ILIR;DATA SEKOLAH;2022/2023 GENAP;NEGERI;TK;1
15;JAMBI;1509;TEBO;150908;RIMBO ILIR;DATA SEKOLAH;2022/2023 GENAP;NEGERI;KB;0
15;JAMBI;1509;TEBO;150908;RIMBO ILIR;DATA SEKOLAH;2022/2023 GENAP;NEGERI;TPA;0
15;JAMBI;1509;TEBO;150908;RIMBO ILIR;DATA SEKOLAH;2022/2023 GENAP;NEGERI;SPS;0
15;JAMBI;1509;TEBO;150908;RIMBO ILIR;DATA SEKOLAH;2022/2023 GENAP;NEGERI;PKBM;0
15;JAMBI;1509;TEBO;150908;RIMBO ILIR;DATA SEKOLAH;2022/2023 GENAP;NEGERI;SKB;0
15;JAMBI;1509;TEBO;150908;RIMBO ILIR;DATA SEKOLAH;2022/2023 GENAP;NEGERI;SD;14
15;JAMBI;1509;TEBO;150908;RIMBO ILIR;DATA SEKOLAH;2022/2023 GENAP;NEGERI;SMP;4
15;JAMBI;1509;TEBO;150908;RIMBO ILIR;DATA SEKOLAH;2022/2023 GENAP;NEGERI;SMA;2
15;JAMBI;1509;TEBO;150908;RIMBO ILIR;DATA SEKOLAH;2022/2023 GENAP;NEGERI;SMK;1
15;JAMBI;1509;TEBO;150908;RIMBO ILIR;DATA SEKOLAH;2022/2023 GENAP;NEGERI;SLB;0
15;JAMBI;1508;BUNGO;150813;RIMBO TENGAH;DATA SEKOLAH;2022/2023 GENAP;NEGERI;TK;0
15;JAMBI;1508;BUNGO;150813;RIMBO TENGAH;DATA SEKOLAH;2022/2023 GENAP;NEGERI;KB;0
15;JAMBI;1508;BUNGO;150813;RIMBO TENGAH;DATA SEKOLAH;2022/2023 GENAP;NEGERI;TPA;0
15;JAMBI;1508;BUNGO;150813;RIMBO TENGAH;DATA SEKOLAH;2022/2023 GENAP;NEGERI;SPS;0
15;JAMBI;1508;BUNGO;150813;RIMBO TENGAH;DATA SEKOLAH;2022/2023 GENAP;NEGERI;PKBM;0
15;JAMBI;1508;BUNGO;150813;RIMBO TENGAH;DATA SEKOLAH;2022/2023 GENAP;NEGERI;SKB;0
15;JAMBI;1508;BUNGO;150813;RIMBO TENGAH;DATA SEKOLAH;2022/2023 GENAP;NEGERI;SD;12
15;JAMBI;1508;BUNGO;150813;RIMBO TENGAH;DATA SEKOLAH;2022/2023 GENAP;NEGERI;SMP;3
15;JAMBI;1508;BUNGO;150813;RIMBO TENGAH;DATA SEKOLAH;2022/2023 GENAP;NEGERI;SMA;3
15;JAMBI;1508;BUNGO;150813;RIMBO TENGAH;DATA SEKOLAH;2022/2023 GENAP;NEGERI;SMK;0
15;JAMBI;1508;BUNGO;150813;RIMBO TENGAH;DATA SEKOLAH;2022/2023 GENAP;NEGERI;SLB;1
15;JAMBI;1509;TEBO;150907;RIMBO ULU;DATA SEKOLAH;2022/2023 GENAP;NEGERI;TK;1
15;JAMBI;1509;TEBO;150907;RIMBO ULU;DATA SEKOLAH;2022/2023 GENAP;NEGERI;KB;0
15;JAMBI;1509;TEBO;150907;RIMBO ULU;DATA SEKOLAH;2022/2023 GENAP;NEGERI;TPA;0
15;JAMBI;1509;TEBO;150907;RIMBO ULU;DATA SEKOLAH;2022/2023 GENAP;NEGERI;SPS;0
15;JAMBI;1509;TEBO;150907;RIMBO ULU;DATA SEKOLAH;2022/2023 GENAP;NEGERI;PKBM;0
15;JAMBI;1509;TEBO;150907;RIMBO ULU;DATA SEKOLAH;2022/2023 GENAP;NEGERI;SKB;0
15;JAMBI;1509;TEBO;150907;RIMBO ULU;DATA SEKOLAH;2022/2023 GENAP;NEGERI;SD;23
15;JAMBI;1509;TEBO;150907;RIMBO ULU;DATA SEKOLAH;2022/2023 GENAP;NEGERI;SMP;5
15;JAMBI;1509;TEBO;150907;RIMBO ULU;DATA SEKOLAH;2022/2023 GENAP;NEGERI;SMA;4
15;JAMBI;1509;TEBO;150907;RIMBO ULU;DATA SEKOLAH;2022/2023 GENAP;NEGERI;SMK;1
15;JAMBI;1509;TEBO;150907;RIMBO ULU;DATA SEKOLAH;2022/2023 GENAP;NEGERI;SLB;0
15;JAMBI;1507;TANJUNG JABUNG TIMUR;150705;S A D U;DATA SEKOLAH;2022/2023 GENAP;NEGERI;TK;2
15;JAMBI;1507;TANJUNG JABUNG TIMUR;150705;S A D U;DATA SEKOLAH;2022/2023 GENAP;NEGERI;KB;0
15;JAMBI;1507;TANJUNG JABUNG TIMUR;150705;S A D U;DATA SEKOLAH;2022/2023 GENAP;NEGERI;TPA;0
15;JAMBI;1507;TANJUNG JABUNG TIMUR;150705;S A D U;DATA SEKOLAH;2022/2023 GENAP;NEGERI;SPS;0
15;JAMBI;1507;TANJUNG JABUNG TIMUR;150705;S A D U;DATA SEKOLAH;2022/2023 GENAP;NEGERI;PKBM;0
15;JAMBI;1507;TANJUNG JABUNG TIMUR;150705;S A D U;DATA SEKOLAH;2022/2023 GENAP;NEGERI;SKB;0
15;JAMBI;1507;TANJUNG JABUNG TIMUR;150705;S A D U;DATA SEKOLAH;2022/2023 GENAP;NEGERI;SD;18
15;JAMBI;1507;TANJUNG JABUNG TIMUR;150705;S A D U;DATA SEKOLAH;2022/2023 GENAP;NEGERI;SMP;4
15;JAMBI;1507;TANJUNG JABUNG TIMUR;150705;S A D U;DATA SEKOLAH;2022/2023 GENAP;NEGERI;SMA;1
15;JAMBI;1507;TANJUNG JABUNG TIMUR;150705;S A D U;DATA SEKOLAH;2022/2023 GENAP;NEGERI;SMK;0
15;JAMBI;1507;TANJUNG JABUNG TIMUR;150705;S A D U;DATA SEKOLAH;2022/2023 GENAP;NEGERI;SLB;0
15;JAMBI;1503;SAROLANGUN;150303;SAROLANGUN;DATA SEKOLAH;2022/2023 GENAP;NEGERI;TK;2
15;JAMBI;1503;SAROLANGUN;150303;SAROLANGUN;DATA SEKOLAH;2022/2023 GENAP;NEGERI;KB;0
15;JAMBI;1503;SAROLANGUN;150303;SAROLANGUN;DATA SEKOLAH;2022/2023 GENAP;NEGERI;TPA;0
15;JAMBI;1503;SAROLANGUN;150303;SAROLANGUN;DATA SEKOLAH;2022/2023 GENAP;NEGERI;SPS;0
15;JAMBI;1503;SAROLANGUN;150303;SAROLANGUN;DATA SEKOLAH;2022/2023 GENAP;NEGERI;PKBM;0
15;JAMBI;1503;SAROLANGUN;150303;SAROLANGUN;DATA SEKOLAH;2022/2023 GENAP;NEGERI;SKB;1
15;JAMBI;1503;SAROLANGUN;150303;SAROLANGUN;DATA SEKOLAH;2022/2023 GENAP;NEGERI;SD;24
15;JAMBI;1503;SAROLANGUN;150303;SAROLANGUN;DATA SEKOLAH;2022/2023 GENAP;NEGERI;SMP;5
15;JAMBI;1503;SAROLANGUN;150303;SAROLANGUN;DATA SEKOLAH;2022/2023 GENAP;NEGERI;SMA;2
15;JAMBI;1503;SAROLANGUN;150303;SAROLANGUN;DATA SEKOLAH;2022/2023 GENAP;NEGERI;SMK;3
15;JAMBI;1503;SAROLANGUN;150303;SAROLANGUN;DATA SEKOLAH;2022/2023 GENAP;NEGERI;SLB;1
15;JAMBI;1506;TANJUNG JABUNG BARAT;150610;SEBERANG KOTA;DATA SEKOLAH;2022/2023 GENAP;NEGERI;TK;0
15;JAMBI;1506;TANJUNG JABUNG BARAT;150610;SEBERANG KOTA;DATA SEKOLAH;2022/2023 GENAP;NEGERI;KB;0
15;JAMBI;1506;TANJUNG JABUNG BARAT;150610;SEBERANG KOTA;DATA SEKOLAH;2022/2023 GENAP;NEGERI;TPA;0
15;JAMBI;1506;TANJUNG JABUNG BARAT;150610;SEBERANG KOTA;DATA SEKOLAH;2022/2023 GENAP;NEGERI;SPS;0
15;JAMBI;1506;TANJUNG JABUNG BARAT;150610;SEBERANG KOTA;DATA SEKOLAH;2022/2023 GENAP;NEGERI;PKBM;0
15;JAMBI;1506;TANJUNG JABUNG BARAT;150610;SEBERANG KOTA;DATA SEKOLAH;2022/2023 GENAP;NEGERI;SKB;0
15;JAMBI;1506;TANJUNG JABUNG BARAT;150610;SEBERANG KOTA;DATA SEKOLAH;2022/2023 GENAP;NEGERI;SD;10
15;JAMBI;1506;TANJUNG JABUNG BARAT;150610;SEBERANG KOTA;DATA SEKOLAH;2022/2023 GENAP;NEGERI;SMP;3
15;JAMBI;1506;TANJUNG JABUNG BARAT;150610;SEBERANG KOTA;DATA SEKOLAH;2022/2023 GENAP;NEGERI;SMA;0
15;JAMBI;1506;TANJUNG JABUNG BARAT;150610;SEBERANG KOTA;DATA SEKOLAH;2022/2023 GENAP;NEGERI;SMK;0
15;JAMBI;1506;TANJUNG JABUNG BARAT;150610;SEBERANG KOTA;DATA SEKOLAH;2022/2023 GENAP;NEGERI;SLB;0
15;JAMBI;1505;MUARO JAMBI;150502;SEKERNAN;DATA SEKOLAH;2022/2023 GENAP;NEGERI;TK;1
15;JAMBI;1505;MUARO JAMBI;150502;SEKERNAN;DATA SEKOLAH;2022/2023 GENAP;NEGERI;KB;0
15;JAMBI;1505;MUARO JAMBI;150502;SEKERNAN;DATA SEKOLAH;2022/2023 GENAP;NEGERI;TPA;0
15;JAMBI;1505;MUARO JAMBI;150502;SEKERNAN;DATA SEKOLAH;2022/2023 GENAP;NEGERI;SPS;0
15;JAMBI;1505;MUARO JAMBI;150502;SEKERNAN;DATA SEKOLAH;2022/2023 GENAP;NEGERI;PKBM;0
15;JAMBI;1505;MUARO JAMBI;150502;SEKERNAN;DATA SEKOLAH;2022/2023 GENAP;NEGERI;SKB;1
15;JAMBI;1505;MUARO JAMBI;150502;SEKERNAN;DATA SEKOLAH;2022/2023 GENAP;NEGERI;SD;31
15;JAMBI;1505;MUARO JAMBI;150502;SEKERNAN;DATA SEKOLAH;2022/2023 GENAP;NEGERI;SMP;7
15;JAMBI;1505;MUARO JAMBI;150502;SEKERNAN;DATA SEKOLAH;2022/2023 GENAP;NEGERI;SMA;2
15;JAMBI;1505;MUARO JAMBI;150502;SEKERNAN;DATA SEKOLAH;2022/2023 GENAP;NEGERI;SMK;1
15;JAMBI;1505;MUARO JAMBI;150502;SEKERNAN;DATA SEKOLAH;2022/2023 GENAP;NEGERI;SLB;1
15;JAMBI;1506;TANJUNG JABUNG BARAT;150613;SENYERANG;DATA SEKOLAH;2022/2023 GENAP;NEGERI;TK;0
15;JAMBI;1506;TANJUNG JABUNG BARAT;150613;SENYERANG;DATA SEKOLAH;2022/2023 GENAP;NEGERI;KB;0
15;JAMBI;1506;TANJUNG JABUNG BARAT;150613;SENYERANG;DATA SEKOLAH;2022/2023 GENAP;NEGERI;TPA;0
15;JAMBI;1506;TANJUNG JABUNG BARAT;150613;SENYERANG;DATA SEKOLAH;2022/2023 GENAP;NEGERI;SPS;0
15;JAMBI;1506;TANJUNG JABUNG BARAT;150613;SENYERANG;DATA SEKOLAH;2022/2023 GENAP;NEGERI;PKBM;0
15;JAMBI;1506;TANJUNG JABUNG BARAT;150613;SENYERANG;DATA SEKOLAH;2022/2023 GENAP;NEGERI;SKB;0
15;JAMBI;1506;TANJUNG JABUNG BARAT;150613;SENYERANG;DATA SEKOLAH;2022/2023 GENAP;NEGERI;SD;23
15;JAMBI;1506;TANJUNG JABUNG BARAT;150613;SENYERANG;DATA SEKOLAH;2022/2023 GENAP;NEGERI;SMP;7
15;JAMBI;1506;TANJUNG JABUNG BARAT;150613;SENYERANG;DATA SEKOLAH;2022/2023 GENAP;NEGERI;SMA;2
15;JAMBI;1506;TANJUNG JABUNG BARAT;150613;SENYERANG;DATA SEKOLAH;2022/2023 GENAP;NEGERI;SMK;0
15;JAMBI;1506;TANJUNG JABUNG BARAT;150613;SENYERANG;DATA SEKOLAH;2022/2023 GENAP;NEGERI;SLB;0
15;JAMBI;1509;TEBO;150910;SERAI SERUMPUN;DATA SEKOLAH;2022/2023 GENAP;NEGERI;TK;1
15;JAMBI;1509;TEBO;150910;SERAI SERUMPUN;DATA SEKOLAH;2022/2023 GENAP;NEGERI;KB;0
15;JAMBI;1509;TEBO;150910;SERAI SERUMPUN;DATA SEKOLAH;2022/2023 GENAP;NEGERI;TPA;0
15;JAMBI;1509;TEBO;150910;SERAI SERUMPUN;DATA SEKOLAH;2022/2023 GENAP;NEGERI;SPS;0
15;JAMBI;1509;TEBO;150910;SERAI SERUMPUN;DATA SEKOLAH;2022/2023 GENAP;NEGERI;PKBM;0
15;JAMBI;1509;TEBO;150910;SERAI SERUMPUN;DATA SEKOLAH;2022/2023 GENAP;NEGERI;SKB;0
15;JAMBI;1509;TEBO;150910;SERAI SERUMPUN;DATA SEKOLAH;2022/2023 GENAP;NEGERI;SD;9
15;JAMBI;1509;TEBO;150910;SERAI SERUMPUN;DATA SEKOLAH;2022/2023 GENAP;NEGERI;SMP;2
15;JAMBI;1509;TEBO;150910;SERAI SERUMPUN;DATA SEKOLAH;2022/2023 GENAP;NEGERI;SMA;1
15;JAMBI;1509;TEBO;150910;SERAI SERUMPUN;DATA SEKOLAH;2022/2023 GENAP;NEGERI;SMK;0
15;JAMBI;1509;TEBO;150910;SERAI SERUMPUN;DATA SEKOLAH;2022/2023 GENAP;NEGERI;SLB;0
15;JAMBI;1503;SAROLANGUN;150309;SINGKUT;DATA SEKOLAH;2022/2023 GENAP;NEGERI;TK;1
15;JAMBI;1503;SAROLANGUN;150309;SINGKUT;DATA SEKOLAH;2022/2023 GENAP;NEGERI;KB;0
15;JAMBI;1503;SAROLANGUN;150309;SINGKUT;DATA SEKOLAH;2022/2023 GENAP;NEGERI;TPA;0
15;JAMBI;1503;SAROLANGUN;150309;SINGKUT;DATA SEKOLAH;2022/2023 GENAP;NEGERI;SPS;0
15;JAMBI;1503;SAROLANGUN;150309;SINGKUT;DATA SEKOLAH;2022/2023 GENAP;NEGERI;PKBM;0
15;JAMBI;1503;SAROLANGUN;150309;SINGKUT;DATA SEKOLAH;2022/2023 GENAP;NEGERI;SKB;0
15;JAMBI;1503;SAROLANGUN;150309;SINGKUT;DATA SEKOLAH;2022/2023 GENAP;NEGERI;SD;17
15;JAMBI;1503;SAROLANGUN;150309;SINGKUT;DATA SEKOLAH;2022/2023 GENAP;NEGERI;SMP;3
15;JAMBI;1503;SAROLANGUN;150309;SINGKUT;DATA SEKOLAH;2022/2023 GENAP;NEGERI;SMA;1
15;JAMBI;1503;SAROLANGUN;150309;SINGKUT;DATA SEKOLAH;2022/2023 GENAP;NEGERI;SMK;1
15;JAMBI;1503;SAROLANGUN;150309;SINGKUT;DATA SEKOLAH;2022/2023 GENAP;NEGERI;SLB;0
15;JAMBI;1501;KERINCI;150104;SITINJAU LAUT;DATA SEKOLAH;2022/2023 GENAP;NEGERI;TK;1
15;JAMBI;1501;KERINCI;150104;SITINJAU LAUT;DATA SEKOLAH;2022/2023 GENAP;NEGERI;KB;0
15;JAMBI;1501;KERINCI;150104;SITINJAU LAUT;DATA SEKOLAH;2022/2023 GENAP;NEGERI;TPA;0
15;JAMBI;1501;KERINCI;150104;SITINJAU LAUT;DATA SEKOLAH;2022/2023 GENAP;NEGERI;SPS;0
15;JAMBI;1501;KERINCI;150104;SITINJAU LAUT;DATA SEKOLAH;2022/2023 GENAP;NEGERI;PKBM;0
15;JAMBI;1501;KERINCI;150104;SITINJAU LAUT;DATA SEKOLAH;2022/2023 GENAP;NEGERI;SKB;0
15;JAMBI;1501;KERINCI;150104;SITINJAU LAUT;DATA SEKOLAH;2022/2023 GENAP;NEGERI;SD;16
15;JAMBI;1501;KERINCI;150104;SITINJAU LAUT;DATA SEKOLAH;2022/2023 GENAP;NEGERI;SMP;1
15;JAMBI;1501;KERINCI;150104;SITINJAU LAUT;DATA SEKOLAH;2022/2023 GENAP;NEGERI;SMA;1
15;JAMBI;1501;KERINCI;150104;SITINJAU LAUT;DATA SEKOLAH;2022/2023 GENAP;NEGERI;SMK;0
15;JAMBI;1501;KERINCI;150104;SITINJAU LAUT;DATA SEKOLAH;2022/2023 GENAP;NEGERI;SLB;0
15;JAMBI;1501;KERINCI;150116;SIULAK;DATA SEKOLAH;2022/2023 GENAP;NEGERI;TK;2
15;JAMBI;1501;KERINCI;150116;SIULAK;DATA SEKOLAH;2022/2023 GENAP;NEGERI;KB;0
15;JAMBI;1501;KERINCI;150116;SIULAK;DATA SEKOLAH;2022/2023 GENAP;NEGERI;TPA;0
15;JAMBI;1501;KERINCI;150116;SIULAK;DATA SEKOLAH;2022/2023 GENAP;NEGERI;SPS;0
15;JAMBI;1501;KERINCI;150116;SIULAK;DATA SEKOLAH;2022/2023 GENAP;NEGERI;PKBM;0
15;JAMBI;1501;KERINCI;150116;SIULAK;DATA SEKOLAH;2022/2023 GENAP;NEGERI;SKB;0
15;JAMBI;1501;KERINCI;150116;SIULAK;DATA SEKOLAH;2022/2023 GENAP;NEGERI;SD;16
15;JAMBI;1501;KERINCI;150116;SIULAK;DATA SEKOLAH;2022/2023 GENAP;NEGERI;SMP;3
15;JAMBI;1501;KERINCI;150116;SIULAK;DATA SEKOLAH;2022/2023 GENAP;NEGERI;SMA;1
15;JAMBI;1501;KERINCI;150116;SIULAK;DATA SEKOLAH;2022/2023 GENAP;NEGERI;SMK;0
15;JAMBI;1501;KERINCI;150116;SIULAK;DATA SEKOLAH;2022/2023 GENAP;NEGERI;SLB;0
15;JAMBI;1501;KERINCI;150118;SIULAK MUKAI;DATA SEKOLAH;2022/2023 GENAP;NEGERI;TK;1
15;JAMBI;1501;KERINCI;150118;SIULAK MUKAI;DATA SEKOLAH;2022/2023 GENAP;NEGERI;KB;1
15;JAMBI;1501;KERINCI;150118;SIULAK MUKAI;DATA SEKOLAH;2022/2023 GENAP;NEGERI;TPA;0
15;JAMBI;1501;KERINCI;150118;SIULAK MUKAI;DATA SEKOLAH;2022/2023 GENAP;NEGERI;SPS;0
15;JAMBI;1501;KERINCI;150118;SIULAK MUKAI;DATA SEKOLAH;2022/2023 GENAP;NEGERI;PKBM;0
15;JAMBI;1501;KERINCI;150118;SIULAK MUKAI;DATA SEKOLAH;2022/2023 GENAP;NEGERI;SKB;0
15;JAMBI;1501;KERINCI;150118;SIULAK MUKAI;DATA SEKOLAH;2022/2023 GENAP;NEGERI;SD;9
15;JAMBI;1501;KERINCI;150118;SIULAK MUKAI;DATA SEKOLAH;2022/2023 GENAP;NEGERI;SMP;3
15;JAMBI;1501;KERINCI;150118;SIULAK MUKAI;DATA SEKOLAH;2022/2023 GENAP;NEGERI;SMA;1
15;JAMBI;1501;KERINCI;150118;SIULAK MUKAI;DATA SEKOLAH;2022/2023 GENAP;NEGERI;SMK;1
15;JAMBI;1501;KERINCI;150118;SIULAK MUKAI;DATA SEKOLAH;2022/2023 GENAP;NEGERI;SLB;0
15;JAMBI;1509;TEBO;150905;SUMAY;DATA SEKOLAH;2022/2023 GENAP;NEGERI;TK;1
15;JAMBI;1509;TEBO;150905;SUMAY;DATA SEKOLAH;2022/2023 GENAP;NEGERI;KB;0
15;JAMBI;1509;TEBO;150905;SUMAY;DATA SEKOLAH;2022/2023 GENAP;NEGERI;TPA;0
15;JAMBI;1509;TEBO;150905;SUMAY;DATA SEKOLAH;2022/2023 GENAP;NEGERI;SPS;0
15;JAMBI;1509;TEBO;150905;SUMAY;DATA SEKOLAH;2022/2023 GENAP;NEGERI;PKBM;0
15;JAMBI;1509;TEBO;150905;SUMAY;DATA SEKOLAH;2022/2023 GENAP;NEGERI;SKB;0
15;JAMBI;1509;TEBO;150905;SUMAY;DATA SEKOLAH;2022/2023 GENAP;NEGERI;SD;20
15;JAMBI;1509;TEBO;150905;SUMAY;DATA SEKOLAH;2022/2023 GENAP;NEGERI;SMP;6
15;JAMBI;1509;TEBO;150905;SUMAY;DATA SEKOLAH;2022/2023 GENAP;NEGERI;SMA;1
15;JAMBI;1509;TEBO;150905;SUMAY;DATA SEKOLAH;2022/2023 GENAP;NEGERI;SMK;1
15;JAMBI;1509;TEBO;150905;SUMAY;DATA SEKOLAH;2022/2023 GENAP;NEGERI;SLB;0
15;JAMBI;1505;MUARO JAMBI;150507;SUNGAI BAHAR;DATA SEKOLAH;2022/2023 GENAP;NEGERI;TK;0
15;JAMBI;1505;MUARO JAMBI;150507;SUNGAI BAHAR;DATA SEKOLAH;2022/2023 GENAP;NEGERI;KB;0
15;JAMBI;1505;MUARO JAMBI;150507;SUNGAI BAHAR;DATA SEKOLAH;2022/2023 GENAP;NEGERI;TPA;0
15;JAMBI;1505;MUARO JAMBI;150507;SUNGAI BAHAR;DATA SEKOLAH;2022/2023 GENAP;NEGERI;SPS;0
15;JAMBI;1505;MUARO JAMBI;150507;SUNGAI BAHAR;DATA SEKOLAH;2022/2023 GENAP;NEGERI;PKBM;0
15;JAMBI;1505;MUARO JAMBI;150507;SUNGAI BAHAR;DATA SEKOLAH;2022/2023 GENAP;NEGERI;SKB;0
15;JAMBI;1505;MUARO JAMBI;150507;SUNGAI BAHAR;DATA SEKOLAH;2022/2023 GENAP;NEGERI;SD;19
15;JAMBI;1505;MUARO JAMBI;150507;SUNGAI BAHAR;DATA SEKOLAH;2022/2023 GENAP;NEGERI;SMP;6
15;JAMBI;1505;MUARO JAMBI;150507;SUNGAI BAHAR;DATA SEKOLAH;2022/2023 GENAP;NEGERI;SMA;1
15;JAMBI;1505;MUARO JAMBI;150507;SUNGAI BAHAR;DATA SEKOLAH;2022/2023 GENAP;NEGERI;SMK;2
15;JAMBI;1505;MUARO JAMBI;150507;SUNGAI BAHAR;DATA SEKOLAH;2022/2023 GENAP;NEGERI;SLB;0
15;JAMBI;1572;KOTA SUNGAI PENUH;157208;SUNGAI BUNGKAL;DATA SEKOLAH;2022/2023 GENAP;NEGERI;TK;1
15;JAMBI;1572;KOTA SUNGAI PENUH;157208;SUNGAI BUNGKAL;DATA SEKOLAH;2022/2023 GENAP;NEGERI;KB;0
15;JAMBI;1572;KOTA SUNGAI PENUH;157208;SUNGAI BUNGKAL;DATA SEKOLAH;2022/2023 GENAP;NEGERI;TPA;0
15;JAMBI;1572;KOTA SUNGAI PENUH;157208;SUNGAI BUNGKAL;DATA SEKOLAH;2022/2023 GENAP;NEGERI;SPS;0
15;JAMBI;1572;KOTA SUNGAI PENUH;157208;SUNGAI BUNGKAL;DATA SEKOLAH;2022/2023 GENAP;NEGERI;PKBM;0
15;JAMBI;1572;KOTA SUNGAI PENUH;157208;SUNGAI BUNGKAL;DATA SEKOLAH;2022/2023 GENAP;NEGERI;SKB;0
15;JAMBI;1572;KOTA SUNGAI PENUH;157208;SUNGAI BUNGKAL;DATA SEKOLAH;2022/2023 GENAP;NEGERI;SD;9
15;JAMBI;1572;KOTA SUNGAI PENUH;157208;SUNGAI BUNGKAL;DATA SEKOLAH;2022/2023 GENAP;NEGERI;SMP;1
15;JAMBI;1572;KOTA SUNGAI PENUH;157208;SUNGAI BUNGKAL;DATA SEKOLAH;2022/2023 GENAP;NEGERI;SMA;0
15;JAMBI;1572;KOTA SUNGAI PENUH;157208;SUNGAI BUNGKAL;DATA SEKOLAH;2022/2023 GENAP;NEGERI;SMK;0
15;JAMBI;1572;KOTA SUNGAI PENUH;157208;SUNGAI BUNGKAL;DATA SEKOLAH;2022/2023 GENAP;NEGERI;SLB;0
15;JAMBI;1505;MUARO JAMBI;150508;SUNGAI GELAM;DATA SEKOLAH;2022/2023 GENAP;NEGERI;TK;1
15;JAMBI;1505;MUARO JAMBI;150508;SUNGAI GELAM;DATA SEKOLAH;2022/2023 GENAP;NEGERI;KB;0
15;JAMBI;1505;MUARO JAMBI;150508;SUNGAI GELAM;DATA SEKOLAH;2022/2023 GENAP;NEGERI;TPA;0
15;JAMBI;1505;MUARO JAMBI;150508;SUNGAI GELAM;DATA SEKOLAH;2022/2023 GENAP;NEGERI;SPS;0
15;JAMBI;1505;MUARO JAMBI;150508;SUNGAI GELAM;DATA SEKOLAH;2022/2023 GENAP;NEGERI;PKBM;0
15;JAMBI;1505;MUARO JAMBI;150508;SUNGAI GELAM;DATA SEKOLAH;2022/2023 GENAP;NEGERI;SKB;0
15;JAMBI;1505;MUARO JAMBI;150508;SUNGAI GELAM;DATA SEKOLAH;2022/2023 GENAP;NEGERI;SD;28
15;JAMBI;1505;MUARO JAMBI;150508;SUNGAI GELAM;DATA SEKOLAH;2022/2023 GENAP;NEGERI;SMP;11
15;JAMBI;1505;MUARO JAMBI;150508;SUNGAI GELAM;DATA SEKOLAH;2022/2023 GENAP;NEGERI;SMA;2
15;JAMBI;1505;MUARO JAMBI;150508;SUNGAI GELAM;DATA SEKOLAH;2022/2023 GENAP;NEGERI;SMK;1
15;JAMBI;1505;MUARO JAMBI;150508;SUNGAI GELAM;DATA SEKOLAH;2022/2023 GENAP;NEGERI;SLB;0
15;JAMBI;1502;MERANGIN;150204;SUNGAI MANAU;DATA SEKOLAH;2022/2023 GENAP;NEGERI;TK;0
15;JAMBI;1502;MERANGIN;150204;SUNGAI MANAU;DATA SEKOLAH;2022/2023 GENAP;NEGERI;KB;0
15;JAMBI;1502;MERANGIN;150204;SUNGAI MANAU;DATA SEKOLAH;2022/2023 GENAP;NEGERI;TPA;0
15;JAMBI;1502;MERANGIN;150204;SUNGAI MANAU;DATA SEKOLAH;2022/2023 GENAP;NEGERI;SPS;0
15;JAMBI;1502;MERANGIN;150204;SUNGAI MANAU;DATA SEKOLAH;2022/2023 GENAP;NEGERI;PKBM;0
15;JAMBI;1502;MERANGIN;150204;SUNGAI MANAU;DATA SEKOLAH;2022/2023 GENAP;NEGERI;SKB;0
15;JAMBI;1502;MERANGIN;150204;SUNGAI MANAU;DATA SEKOLAH;2022/2023 GENAP;NEGERI;SD;12
15;JAMBI;1502;MERANGIN;150204;SUNGAI MANAU;DATA SEKOLAH;2022/2023 GENAP;NEGERI;SMP;2
15;JAMBI;1502;MERANGIN;150204;SUNGAI MANAU;DATA SEKOLAH;2022/2023 GENAP;NEGERI;SMA;1
15;JAMBI;1502;MERANGIN;150204;SUNGAI MANAU;DATA SEKOLAH;2022/2023 GENAP;NEGERI;SMK;0
15;JAMBI;1502;MERANGIN;150204;SUNGAI MANAU;DATA SEKOLAH;2022/2023 GENAP;NEGERI;SLB;0
15;JAMBI;1572;KOTA SUNGAI PENUH;157201;SUNGAI PENUH;DATA SEKOLAH;2022/2023 GENAP;NEGERI;TK;1
15;JAMBI;1572;KOTA SUNGAI PENUH;157201;SUNGAI PENUH;DATA SEKOLAH;2022/2023 GENAP;NEGERI;KB;0
15;JAMBI;1572;KOTA SUNGAI PENUH;157201;SUNGAI PENUH;DATA SEKOLAH;2022/2023 GENAP;NEGERI;TPA;0
15;JAMBI;1572;KOTA SUNGAI PENUH;157201;SUNGAI PENUH;DATA SEKOLAH;2022/2023 GENAP;NEGERI;SPS;0
15;JAMBI;1572;KOTA SUNGAI PENUH;157201;SUNGAI PENUH;DATA SEKOLAH;2022/2023 GENAP;NEGERI;PKBM;0
15;JAMBI;1572;KOTA SUNGAI PENUH;157201;SUNGAI PENUH;DATA SEKOLAH;2022/2023 GENAP;NEGERI;SKB;0
15;JAMBI;1572;KOTA SUNGAI PENUH;157201;SUNGAI PENUH;DATA SEKOLAH;2022/2023 GENAP;NEGERI;SD;7
15;JAMBI;1572;KOTA SUNGAI PENUH;157201;SUNGAI PENUH;DATA SEKOLAH;2022/2023 GENAP;NEGERI;SMP;4
15;JAMBI;1572;KOTA SUNGAI PENUH;157201;SUNGAI PENUH;DATA SEKOLAH;2022/2023 GENAP;NEGERI;SMA;2
15;JAMBI;1572;KOTA SUNGAI PENUH;157201;SUNGAI PENUH;DATA SEKOLAH;2022/2023 GENAP;NEGERI;SMK;0
15;JAMBI;1572;KOTA SUNGAI PENUH;157201;SUNGAI PENUH;DATA SEKOLAH;2022/2023 GENAP;NEGERI;SLB;0
15;JAMBI;1502;MERANGIN;150205;TABIR;DATA SEKOLAH;2022/2023 GENAP;NEGERI;TK;1
15;JAMBI;1502;MERANGIN;150205;TABIR;DATA SEKOLAH;2022/2023 GENAP;NEGERI;KB;0
15;JAMBI;1502;MERANGIN;150205;TABIR;DATA SEKOLAH;2022/2023 GENAP;NEGERI;TPA;0
15;JAMBI;1502;MERANGIN;150205;TABIR;DATA SEKOLAH;2022/2023 GENAP;NEGERI;SPS;0
15;JAMBI;1502;MERANGIN;150205;TABIR;DATA SEKOLAH;2022/2023 GENAP;NEGERI;PKBM;0
15;JAMBI;1502;MERANGIN;150205;TABIR;DATA SEKOLAH;2022/2023 GENAP;NEGERI;SKB;1
15;JAMBI;1502;MERANGIN;150205;TABIR;DATA SEKOLAH;2022/2023 GENAP;NEGERI;SD;22
15;JAMBI;1502;MERANGIN;150205;TABIR;DATA SEKOLAH;2022/2023 GENAP;NEGERI;SMP;4
15;JAMBI;1502;MERANGIN;150205;TABIR;DATA SEKOLAH;2022/2023 GENAP;NEGERI;SMA;1
15;JAMBI;1502;MERANGIN;150205;TABIR;DATA SEKOLAH;2022/2023 GENAP;NEGERI;SMK;0
15;JAMBI;1502;MERANGIN;150205;TABIR;DATA SEKOLAH;2022/2023 GENAP;NEGERI;SLB;0
15;JAMBI;1502;MERANGIN;150223;TABIR BARAT;DATA SEKOLAH;2022/2023 GENAP;NEGERI;TK;0
15;JAMBI;1502;MERANGIN;150223;TABIR BARAT;DATA SEKOLAH;2022/2023 GENAP;NEGERI;KB;0
15;JAMBI;1502;MERANGIN;150223;TABIR BARAT;DATA SEKOLAH;2022/2023 GENAP;NEGERI;TPA;0
15;JAMBI;1502;MERANGIN;150223;TABIR BARAT;DATA SEKOLAH;2022/2023 GENAP;NEGERI;SPS;0
15;JAMBI;1502;MERANGIN;150223;TABIR BARAT;DATA SEKOLAH;2022/2023 GENAP;NEGERI;PKBM;0
15;JAMBI;1502;MERANGIN;150223;TABIR BARAT;DATA SEKOLAH;2022/2023 GENAP;NEGERI;SKB;0
15;JAMBI;1502;MERANGIN;150223;TABIR BARAT;DATA SEKOLAH;2022/2023 GENAP;NEGERI;SD;19
15;JAMBI;1502;MERANGIN;150223;TABIR BARAT;DATA SEKOLAH;2022/2023 GENAP;NEGERI;SMP;5
15;JAMBI;1502;MERANGIN;150223;TABIR BARAT;DATA SEKOLAH;2022/2023 GENAP;NEGERI;SMA;0
15;JAMBI;1502;MERANGIN;150223;TABIR BARAT;DATA SEKOLAH;2022/2023 GENAP;NEGERI;SMK;1
15;JAMBI;1502;MERANGIN;150223;TABIR BARAT;DATA SEKOLAH;2022/2023 GENAP;NEGERI;SLB;0
15;JAMBI;1502;MERANGIN;150214;TABIR ILIR;DATA SEKOLAH;2022/2023 GENAP;NEGERI;TK;0
15;JAMBI;1502;MERANGIN;150214;TABIR ILIR;DATA SEKOLAH;2022/2023 GENAP;NEGERI;KB;0
15;JAMBI;1502;MERANGIN;150214;TABIR ILIR;DATA SEKOLAH;2022/2023 GENAP;NEGERI;TPA;0
15;JAMBI;1502;MERANGIN;150214;TABIR ILIR;DATA SEKOLAH;2022/2023 GENAP;NEGERI;SPS;0
15;JAMBI;1502;MERANGIN;150214;TABIR ILIR;DATA SEKOLAH;2022/2023 GENAP;NEGERI;PKBM;0
15;JAMBI;1502;MERANGIN;150214;TABIR ILIR;DATA SEKOLAH;2022/2023 GENAP;NEGERI;SKB;0
15;JAMBI;1502;MERANGIN;150214;TABIR ILIR;DATA SEKOLAH;2022/2023 GENAP;NEGERI;SD;10
15;JAMBI;1502;MERANGIN;150214;TABIR ILIR;DATA SEKOLAH;2022/2023 GENAP;NEGERI;SMP;2
15;JAMBI;1502;MERANGIN;150214;TABIR ILIR;DATA SEKOLAH;2022/2023 GENAP;NEGERI;SMA;0
15;JAMBI;1502;MERANGIN;150214;TABIR ILIR;DATA SEKOLAH;2022/2023 GENAP;NEGERI;SMK;1
15;JAMBI;1502;MERANGIN;150214;TABIR ILIR;DATA SEKOLAH;2022/2023 GENAP;NEGERI;SLB;0
15;JAMBI;1502;MERANGIN;150222;TABIR LINTAS;DATA SEKOLAH;2022/2023 GENAP;NEGERI;TK;0
15;JAMBI;1502;MERANGIN;150222;TABIR LINTAS;DATA SEKOLAH;2022/2023 GENAP;NEGERI;KB;0
15;JAMBI;1502;MERANGIN;150222;TABIR LINTAS;DATA SEKOLAH;2022/2023 GENAP;NEGERI;TPA;0
15;JAMBI;1502;MERANGIN;150222;TABIR LINTAS;DATA SEKOLAH;2022/2023 GENAP;NEGERI;SPS;0
15;JAMBI;1502;MERANGIN;150222;TABIR LINTAS;DATA SEKOLAH;2022/2023 GENAP;NEGERI;PKBM;0
15;JAMBI;1502;MERANGIN;150222;TABIR LINTAS;DATA SEKOLAH;2022/2023 GENAP;NEGERI;SKB;0
15;JAMBI;1502;MERANGIN;150222;TABIR LINTAS;DATA SEKOLAH;2022/2023 GENAP;NEGERI;SD;7
15;JAMBI;1502;MERANGIN;150222;TABIR LINTAS;DATA SEKOLAH;2022/2023 GENAP;NEGERI;SMP;1
15;JAMBI;1502;MERANGIN;150222;TABIR LINTAS;DATA SEKOLAH;2022/2023 GENAP;NEGERI;SMA;0
15;JAMBI;1502;MERANGIN;150222;TABIR LINTAS;DATA SEKOLAH;2022/2023 GENAP;NEGERI;SMK;1
15;JAMBI;1502;MERANGIN;150222;TABIR LINTAS;DATA SEKOLAH;2022/2023 GENAP;NEGERI;SLB;0
15;JAMBI;1502;MERANGIN;150208;TABIR SELATAN;DATA SEKOLAH;2022/2023 GENAP;NEGERI;TK;0
15;JAMBI;1502;MERANGIN;150208;TABIR SELATAN;DATA SEKOLAH;2022/2023 GENAP;NEGERI;KB;0
15;JAMBI;1502;MERANGIN;150208;TABIR SELATAN;DATA SEKOLAH;2022/2023 GENAP;NEGERI;TPA;0
15;JAMBI;1502;MERANGIN;150208;TABIR SELATAN;DATA SEKOLAH;2022/2023 GENAP;NEGERI;SPS;0
15;JAMBI;1502;MERANGIN;150208;TABIR SELATAN;DATA SEKOLAH;2022/2023 GENAP;NEGERI;PKBM;0
15;JAMBI;1502;MERANGIN;150208;TABIR SELATAN;DATA SEKOLAH;2022/2023 GENAP;NEGERI;SKB;0
15;JAMBI;1502;MERANGIN;150208;TABIR SELATAN;DATA SEKOLAH;2022/2023 GENAP;NEGERI;SD;15
15;JAMBI;1502;MERANGIN;150208;TABIR SELATAN;DATA SEKOLAH;2022/2023 GENAP;NEGERI;SMP;5
15;JAMBI;1502;MERANGIN;150208;TABIR SELATAN;DATA SEKOLAH;2022/2023 GENAP;NEGERI;SMA;2
15;JAMBI;1502;MERANGIN;150208;TABIR SELATAN;DATA SEKOLAH;2022/2023 GENAP;NEGERI;SMK;2
15;JAMBI;1502;MERANGIN;150208;TABIR SELATAN;DATA SEKOLAH;2022/2023 GENAP;NEGERI;SLB;0
15;JAMBI;1502;MERANGIN;150215;TABIR TIMUR;DATA SEKOLAH;2022/2023 GENAP;NEGERI;TK;0
15;JAMBI;1502;MERANGIN;150215;TABIR TIMUR;DATA SEKOLAH;2022/2023 GENAP;NEGERI;KB;0
15;JAMBI;1502;MERANGIN;150215;TABIR TIMUR;DATA SEKOLAH;2022/2023 GENAP;NEGERI;TPA;0
15;JAMBI;1502;MERANGIN;150215;TABIR TIMUR;DATA SEKOLAH;2022/2023 GENAP;NEGERI;SPS;0
15;JAMBI;1502;MERANGIN;150215;TABIR TIMUR;DATA SEKOLAH;2022/2023 GENAP;NEGERI;PKBM;0
15;JAMBI;1502;MERANGIN;150215;TABIR TIMUR;DATA SEKOLAH;2022/2023 GENAP;NEGERI;SKB;0
15;JAMBI;1502;MERANGIN;150215;TABIR TIMUR;DATA SEKOLAH;2022/2023 GENAP;NEGERI;SD;7
15;JAMBI;1502;MERANGIN;150215;TABIR TIMUR;DATA SEKOLAH;2022/2023 GENAP;NEGERI;SMP;2
15;JAMBI;1502;MERANGIN;150215;TABIR TIMUR;DATA SEKOLAH;2022/2023 GENAP;NEGERI;SMA;0
15;JAMBI;1502;MERANGIN;150215;TABIR TIMUR;DATA SEKOLAH;2022/2023 GENAP;NEGERI;SMK;1
15;JAMBI;1502;MERANGIN;150215;TABIR TIMUR;DATA SEKOLAH;2022/2023 GENAP;NEGERI;SLB;0
15;JAMBI;1502;MERANGIN;150207;TABIR ULU;DATA SEKOLAH;2022/2023 GENAP;NEGERI;TK;0
15;JAMBI;1502;MERANGIN;150207;TABIR ULU;DATA SEKOLAH;2022/2023 GENAP;NEGERI;KB;0
15;JAMBI;1502;MERANGIN;150207;TABIR ULU;DATA SEKOLAH;2022/2023 GENAP;NEGERI;TPA;0
15;JAMBI;1502;MERANGIN;150207;TABIR ULU;DATA SEKOLAH;2022/2023 GENAP;NEGERI;SPS;0
15;JAMBI;1502;MERANGIN;150207;TABIR ULU;DATA SEKOLAH;2022/2023 GENAP;NEGERI;PKBM;0
15;JAMBI;1502;MERANGIN;150207;TABIR ULU;DATA SEKOLAH;2022/2023 GENAP;NEGERI;SKB;0
15;JAMBI;1502;MERANGIN;150207;TABIR ULU;DATA SEKOLAH;2022/2023 GENAP;NEGERI;SD;10
15;JAMBI;1502;MERANGIN;150207;TABIR ULU;DATA SEKOLAH;2022/2023 GENAP;NEGERI;SMP;2
15;JAMBI;1502;MERANGIN;150207;TABIR ULU;DATA SEKOLAH;2022/2023 GENAP;NEGERI;SMA;1
15;JAMBI;1502;MERANGIN;150207;TABIR ULU;DATA SEKOLAH;2022/2023 GENAP;NEGERI;SMK;0
15;JAMBI;1502;MERANGIN;150207;TABIR ULU;DATA SEKOLAH;2022/2023 GENAP;NEGERI;SLB;0
15;JAMBI;1505;MUARO JAMBI;150511;TAMAN RAJO;DATA SEKOLAH;2022/2023 GENAP;NEGERI;TK;0
15;JAMBI;1505;MUARO JAMBI;150511;TAMAN RAJO;DATA SEKOLAH;2022/2023 GENAP;NEGERI;KB;0
15;JAMBI;1505;MUARO JAMBI;150511;TAMAN RAJO;DATA SEKOLAH;2022/2023 GENAP;NEGERI;TPA;0
15;JAMBI;1505;MUARO JAMBI;150511;TAMAN RAJO;DATA SEKOLAH;2022/2023 GENAP;NEGERI;SPS;0
15;JAMBI;1505;MUARO JAMBI;150511;TAMAN RAJO;DATA SEKOLAH;2022/2023 GENAP;NEGERI;PKBM;0
15;JAMBI;1505;MUARO JAMBI;150511;TAMAN RAJO;DATA SEKOLAH;2022/2023 GENAP;NEGERI;SKB;0
15;JAMBI;1505;MUARO JAMBI;150511;TAMAN RAJO;DATA SEKOLAH;2022/2023 GENAP;NEGERI;SD;12
15;JAMBI;1505;MUARO JAMBI;150511;TAMAN RAJO;DATA SEKOLAH;2022/2023 GENAP;NEGERI;SMP;3
15;JAMBI;1505;MUARO JAMBI;150511;TAMAN RAJO;DATA SEKOLAH;2022/2023 GENAP;NEGERI;SMA;0
15;JAMBI;1505;MUARO JAMBI;150511;TAMAN RAJO;DATA SEKOLAH;2022/2023 GENAP;NEGERI;SMK;1
15;JAMBI;1505;MUARO JAMBI;150511;TAMAN RAJO;DATA SEKOLAH;2022/2023 GENAP;NEGERI;SLB;0
15;JAMBI;1501;KERINCI;150122;TANAH COGOK;DATA SEKOLAH;2022/2023 GENAP;NEGERI;TK;0
15;JAMBI;1501;KERINCI;150122;TANAH COGOK;DATA SEKOLAH;2022/2023 GENAP;NEGERI;KB;0
15;JAMBI;1501;KERINCI;150122;TANAH COGOK;DATA SEKOLAH;2022/2023 GENAP;NEGERI;TPA;0
15;JAMBI;1501;KERINCI;150122;TANAH COGOK;DATA SEKOLAH;2022/2023 GENAP;NEGERI;SPS;0
15;JAMBI;1501;KERINCI;150122;TANAH COGOK;DATA SEKOLAH;2022/2023 GENAP;NEGERI;PKBM;0
15;JAMBI;1501;KERINCI;150122;TANAH COGOK;DATA SEKOLAH;2022/2023 GENAP;NEGERI;SKB;0
15;JAMBI;1501;KERINCI;150122;TANAH COGOK;DATA SEKOLAH;2022/2023 GENAP;NEGERI;SD;0
15;JAMBI;1501;KERINCI;150122;TANAH COGOK;DATA SEKOLAH;2022/2023 GENAP;NEGERI;SMP;0
15;JAMBI;1501;KERINCI;150122;TANAH COGOK;DATA SEKOLAH;2022/2023 GENAP;NEGERI;SMA;0
15;JAMBI;1501;KERINCI;150122;TANAH COGOK;DATA SEKOLAH;2022/2023 GENAP;NEGERI;SMK;0
15;JAMBI;1501;KERINCI;150122;TANAH COGOK;DATA SEKOLAH;2022/2023 GENAP;NEGERI;SLB;0
15;JAMBI;1572;KOTA SUNGAI PENUH;157204;TANAH KAMPUNG;DATA SEKOLAH;2022/2023 GENAP;NEGERI;TK;1
15;JAMBI;1572;KOTA SUNGAI PENUH;157204;TANAH KAMPUNG;DATA SEKOLAH;2022/2023 GENAP;NEGERI;KB;0
15;JAMBI;1572;KOTA SUNGAI PENUH;157204;TANAH KAMPUNG;DATA SEKOLAH;2022/2023 GENAP;NEGERI;TPA;0
15;JAMBI;1572;KOTA SUNGAI PENUH;157204;TANAH KAMPUNG;DATA SEKOLAH;2022/2023 GENAP;NEGERI;SPS;0
15;JAMBI;1572;KOTA SUNGAI PENUH;157204;TANAH KAMPUNG;DATA SEKOLAH;2022/2023 GENAP;NEGERI;PKBM;0
15;JAMBI;1572;KOTA SUNGAI PENUH;157204;TANAH KAMPUNG;DATA SEKOLAH;2022/2023 GENAP;NEGERI;SKB;0
15;JAMBI;1572;KOTA SUNGAI PENUH;157204;TANAH KAMPUNG;DATA SEKOLAH;2022/2023 GENAP;NEGERI;SD;10
15;JAMBI;1572;KOTA SUNGAI PENUH;157204;TANAH KAMPUNG;DATA SEKOLAH;2022/2023 GENAP;NEGERI;SMP;2
15;JAMBI;1572;KOTA SUNGAI PENUH;157204;TANAH KAMPUNG;DATA SEKOLAH;2022/2023 GENAP;NEGERI;SMA;0
15;JAMBI;1572;KOTA SUNGAI PENUH;157204;TANAH KAMPUNG;DATA SEKOLAH;2022/2023 GENAP;NEGERI;SMK;1
15;JAMBI;1572;KOTA SUNGAI PENUH;157204;TANAH KAMPUNG;DATA SEKOLAH;2022/2023 GENAP;NEGERI;SLB;0
15;JAMBI;1508;BUNGO;150805;TANAH SEPENGGAL;DATA SEKOLAH;2022/2023 GENAP;NEGERI;TK;1
15;JAMBI;1508;BUNGO;150805;TANAH SEPENGGAL;DATA SEKOLAH;2022/2023 GENAP;NEGERI;KB;0
15;JAMBI;1508;BUNGO;150805;TANAH SEPENGGAL;DATA SEKOLAH;2022/2023 GENAP;NEGERI;TPA;0
15;JAMBI;1508;BUNGO;150805;TANAH SEPENGGAL;DATA SEKOLAH;2022/2023 GENAP;NEGERI;SPS;0
15;JAMBI;1508;BUNGO;150805;TANAH SEPENGGAL;DATA SEKOLAH;2022/2023 GENAP;NEGERI;PKBM;0
15;JAMBI;1508;BUNGO;150805;TANAH SEPENGGAL;DATA SEKOLAH;2022/2023 GENAP;NEGERI;SKB;0
15;JAMBI;1508;BUNGO;150805;TANAH SEPENGGAL;DATA SEKOLAH;2022/2023 GENAP;NEGERI;SD;16
15;JAMBI;1508;BUNGO;150805;TANAH SEPENGGAL;DATA SEKOLAH;2022/2023 GENAP;NEGERI;SMP;4
15;JAMBI;1508;BUNGO;150805;TANAH SEPENGGAL;DATA SEKOLAH;2022/2023 GENAP;NEGERI;SMA;1
15;JAMBI;1508;BUNGO;150805;TANAH SEPENGGAL;DATA SEKOLAH;2022/2023 GENAP;NEGERI;SMK;1
15;JAMBI;1508;BUNGO;150805;TANAH SEPENGGAL;DATA SEKOLAH;2022/2023 GENAP;NEGERI;SLB;0
15;JAMBI;1508;BUNGO;150817;TANAH SEPENGGAL LINTAS;DATA SEKOLAH;2022/2023 GENAP;NEGERI;TK;0
15;JAMBI;1508;BUNGO;150817;TANAH SEPENGGAL LINTAS;DATA SEKOLAH;2022/2023 GENAP;NEGERI;KB;0
15;JAMBI;1508;BUNGO;150817;TANAH SEPENGGAL LINTAS;DATA SEKOLAH;2022/2023 GENAP;NEGERI;TPA;0
15;JAMBI;1508;BUNGO;150817;TANAH SEPENGGAL LINTAS;DATA SEKOLAH;2022/2023 GENAP;NEGERI;SPS;0
15;JAMBI;1508;BUNGO;150817;TANAH SEPENGGAL LINTAS;DATA SEKOLAH;2022/2023 GENAP;NEGERI;PKBM;0
15;JAMBI;1508;BUNGO;150817;TANAH SEPENGGAL LINTAS;DATA SEKOLAH;2022/2023 GENAP;NEGERI;SKB;0
15;JAMBI;1508;BUNGO;150817;TANAH SEPENGGAL LINTAS;DATA SEKOLAH;2022/2023 GENAP;NEGERI;SD;14
15;JAMBI;1508;BUNGO;150817;TANAH SEPENGGAL LINTAS;DATA SEKOLAH;2022/2023 GENAP;NEGERI;SMP;4
15;JAMBI;1508;BUNGO;150817;TANAH SEPENGGAL LINTAS;DATA SEKOLAH;2022/2023 GENAP;NEGERI;SMA;2
15;JAMBI;1508;BUNGO;150817;TANAH SEPENGGAL LINTAS;DATA SEKOLAH;2022/2023 GENAP;NEGERI;SMK;0
15;JAMBI;1508;BUNGO;150817;TANAH SEPENGGAL LINTAS;DATA SEKOLAH;2022/2023 GENAP;NEGERI;SLB;0
15;JAMBI;1508;BUNGO;150801;TANAH TUMBUH;DATA SEKOLAH;2022/2023 GENAP;NEGERI;TK;0
15;JAMBI;1508;BUNGO;150801;TANAH TUMBUH;DATA SEKOLAH;2022/2023 GENAP;NEGERI;KB;0
15;JAMBI;1508;BUNGO;150801;TANAH TUMBUH;DATA SEKOLAH;2022/2023 GENAP;NEGERI;TPA;0
15;JAMBI;1508;BUNGO;150801;TANAH TUMBUH;DATA SEKOLAH;2022/2023 GENAP;NEGERI;SPS;0
15;JAMBI;1508;BUNGO;150801;TANAH TUMBUH;DATA SEKOLAH;2022/2023 GENAP;NEGERI;PKBM;0
15;JAMBI;1508;BUNGO;150801;TANAH TUMBUH;DATA SEKOLAH;2022/2023 GENAP;NEGERI;SKB;0
15;JAMBI;1508;BUNGO;150801;TANAH TUMBUH;DATA SEKOLAH;2022/2023 GENAP;NEGERI;SD;13
15;JAMBI;1508;BUNGO;150801;TANAH TUMBUH;DATA SEKOLAH;2022/2023 GENAP;NEGERI;SMP;2
15;JAMBI;1508;BUNGO;150801;TANAH TUMBUH;DATA SEKOLAH;2022/2023 GENAP;NEGERI;SMA;2
15;JAMBI;1508;BUNGO;150801;TANAH TUMBUH;DATA SEKOLAH;2022/2023 GENAP;NEGERI;SMK;0
15;JAMBI;1508;BUNGO;150801;TANAH TUMBUH;DATA SEKOLAH;2022/2023 GENAP;NEGERI;SLB;0
15;JAMBI;1506;TANJUNG JABUNG BARAT;150606;TEBING TINGGI;DATA SEKOLAH;2022/2023 GENAP;NEGERI;TK;0
15;JAMBI;1506;TANJUNG JABUNG BARAT;150606;TEBING TINGGI;DATA SEKOLAH;2022/2023 GENAP;NEGERI;KB;0
15;JAMBI;1506;TANJUNG JABUNG BARAT;150606;TEBING TINGGI;DATA SEKOLAH;2022/2023 GENAP;NEGERI;TPA;0
15;JAMBI;1506;TANJUNG JABUNG BARAT;150606;TEBING TINGGI;DATA SEKOLAH;2022/2023 GENAP;NEGERI;SPS;0
15;JAMBI;1506;TANJUNG JABUNG BARAT;150606;TEBING TINGGI;DATA SEKOLAH;2022/2023 GENAP;NEGERI;PKBM;0
15;JAMBI;1506;TANJUNG JABUNG BARAT;150606;TEBING TINGGI;DATA SEKOLAH;2022/2023 GENAP;NEGERI;SKB;0
15;JAMBI;1506;TANJUNG JABUNG BARAT;150606;TEBING TINGGI;DATA SEKOLAH;2022/2023 GENAP;NEGERI;SD;15
15;JAMBI;1506;TANJUNG JABUNG BARAT;150606;TEBING TINGGI;DATA SEKOLAH;2022/2023 GENAP;NEGERI;SMP;7
15;JAMBI;1506;TANJUNG JABUNG BARAT;150606;TEBING TINGGI;DATA SEKOLAH;2022/2023 GENAP;NEGERI;SMA;2
15;JAMBI;1506;TANJUNG JABUNG BARAT;150606;TEBING TINGGI;DATA SEKOLAH;2022/2023 GENAP;NEGERI;SMK;1
15;JAMBI;1506;TANJUNG JABUNG BARAT;150606;TEBING TINGGI;DATA SEKOLAH;2022/2023 GENAP;NEGERI;SLB;0
15;JAMBI;1509;TEBO;150902;TEBO ILIR;DATA SEKOLAH;2022/2023 GENAP;NEGERI;TK;1
15;JAMBI;1509;TEBO;150902;TEBO ILIR;DATA SEKOLAH;2022/2023 GENAP;NEGERI;KB;0
15;JAMBI;1509;TEBO;150902;TEBO ILIR;DATA SEKOLAH;2022/2023 GENAP;NEGERI;TPA;0
15;JAMBI;1509;TEBO;150902;TEBO ILIR;DATA SEKOLAH;2022/2023 GENAP;NEGERI;SPS;0
15;JAMBI;1509;TEBO;150902;TEBO ILIR;DATA SEKOLAH;2022/2023 GENAP;NEGERI;PKBM;0
15;JAMBI;1509;TEBO;150902;TEBO ILIR;DATA SEKOLAH;2022/2023 GENAP;NEGERI;SKB;0
15;JAMBI;1509;TEBO;150902;TEBO ILIR;DATA SEKOLAH;2022/2023 GENAP;NEGERI;SD;23
15;JAMBI;1509;TEBO;150902;TEBO ILIR;DATA SEKOLAH;2022/2023 GENAP;NEGERI;SMP;7
15;JAMBI;1509;TEBO;150902;TEBO ILIR;DATA SEKOLAH;2022/2023 GENAP;NEGERI;SMA;1
15;JAMBI;1509;TEBO;150902;TEBO ILIR;DATA SEKOLAH;2022/2023 GENAP;NEGERI;SMK;1
15;JAMBI;1509;TEBO;150902;TEBO ILIR;DATA SEKOLAH;2022/2023 GENAP;NEGERI;SLB;0
15;JAMBI;1509;TEBO;150901;TEBO TENGAH;DATA SEKOLAH;2022/2023 GENAP;NEGERI;TK;1
15;JAMBI;1509;TEBO;150901;TEBO TENGAH;DATA SEKOLAH;2022/2023 GENAP;NEGERI;KB;0
15;JAMBI;1509;TEBO;150901;TEBO TENGAH;DATA SEKOLAH;2022/2023 GENAP;NEGERI;TPA;0
15;JAMBI;1509;TEBO;150901;TEBO TENGAH;DATA SEKOLAH;2022/2023 GENAP;NEGERI;SPS;0
15;JAMBI;1509;TEBO;150901;TEBO TENGAH;DATA SEKOLAH;2022/2023 GENAP;NEGERI;PKBM;0
15;JAMBI;1509;TEBO;150901;TEBO TENGAH;DATA SEKOLAH;2022/2023 GENAP;NEGERI;SKB;1
15;JAMBI;1509;TEBO;150901;TEBO TENGAH;DATA SEKOLAH;2022/2023 GENAP;NEGERI;SD;26
15;JAMBI;1509;TEBO;150901;TEBO TENGAH;DATA SEKOLAH;2022/2023 GENAP;NEGERI;SMP;6
15;JAMBI;1509;TEBO;150901;TEBO TENGAH;DATA SEKOLAH;2022/2023 GENAP;NEGERI;SMA;2
15;JAMBI;1509;TEBO;150901;TEBO TENGAH;DATA SEKOLAH;2022/2023 GENAP;NEGERI;SMK;1
15;JAMBI;1509;TEBO;150901;TEBO TENGAH;DATA SEKOLAH;2022/2023 GENAP;NEGERI;SLB;0
15;JAMBI;1509;TEBO;150903;TEBO ULU;DATA SEKOLAH;2022/2023 GENAP;NEGERI;TK;1
15;JAMBI;1509;TEBO;150903;TEBO ULU;DATA SEKOLAH;2022/2023 GENAP;NEGERI;KB;0
15;JAMBI;1509;TEBO;150903;TEBO ULU;DATA SEKOLAH;2022/2023 GENAP;NEGERI;TPA;0
15;JAMBI;1509;TEBO;150903;TEBO ULU;DATA SEKOLAH;2022/2023 GENAP;NEGERI;SPS;0
15;JAMBI;1509;TEBO;150903;TEBO ULU;DATA SEKOLAH;2022/2023 GENAP;NEGERI;PKBM;0
15;JAMBI;1509;TEBO;150903;TEBO ULU;DATA SEKOLAH;2022/2023 GENAP;NEGERI;SKB;0
15;JAMBI;1509;TEBO;150903;TEBO ULU;DATA SEKOLAH;2022/2023 GENAP;NEGERI;SD;28
15;JAMBI;1509;TEBO;150903;TEBO ULU;DATA SEKOLAH;2022/2023 GENAP;NEGERI;SMP;7
15;JAMBI;1509;TEBO;150903;TEBO ULU;DATA SEKOLAH;2022/2023 GENAP;NEGERI;SMA;3
15;JAMBI;1509;TEBO;150903;TEBO ULU;DATA SEKOLAH;2022/2023 GENAP;NEGERI;SMK;1
15;JAMBI;1509;TEBO;150903;TEBO ULU;DATA SEKOLAH;2022/2023 GENAP;NEGERI;SLB;0
15;JAMBI;1571;KOTA JAMBI;157101;TELANAIPURA;DATA SEKOLAH;2022/2023 GENAP;NEGERI;TK;0
15;JAMBI;1571;KOTA JAMBI;157101;TELANAIPURA;DATA SEKOLAH;2022/2023 GENAP;NEGERI;KB;0
15;JAMBI;1571;KOTA JAMBI;157101;TELANAIPURA;DATA SEKOLAH;2022/2023 GENAP;NEGERI;TPA;0
15;JAMBI;1571;KOTA JAMBI;157101;TELANAIPURA;DATA SEKOLAH;2022/2023 GENAP;NEGERI;SPS;0
15;JAMBI;1571;KOTA JAMBI;157101;TELANAIPURA;DATA SEKOLAH;2022/2023 GENAP;NEGERI;PKBM;0
15;JAMBI;1571;KOTA JAMBI;157101;TELANAIPURA;DATA SEKOLAH;2022/2023 GENAP;NEGERI;SKB;0
15;JAMBI;1571;KOTA JAMBI;157101;TELANAIPURA;DATA SEKOLAH;2022/2023 GENAP;NEGERI;SD;19
15;JAMBI;1571;KOTA JAMBI;157101;TELANAIPURA;DATA SEKOLAH;2022/2023 GENAP;NEGERI;SMP;3
15;JAMBI;1571;KOTA JAMBI;157101;TELANAIPURA;DATA SEKOLAH;2022/2023 GENAP;NEGERI;SMA;2
15;JAMBI;1571;KOTA JAMBI;157101;TELANAIPURA;DATA SEKOLAH;2022/2023 GENAP;NEGERI;SMK;1
15;JAMBI;1571;KOTA JAMBI;157101;TELANAIPURA;DATA SEKOLAH;2022/2023 GENAP;NEGERI;SLB;1
15;JAMBI;1509;TEBO;150909;TENGAH ILIR;DATA SEKOLAH;2022/2023 GENAP;NEGERI;TK;1
15;JAMBI;1509;TEBO;150909;TENGAH ILIR;DATA SEKOLAH;2022/2023 GENAP;NEGERI;KB;0
15;JAMBI;1509;TEBO;150909;TENGAH ILIR;DATA SEKOLAH;2022/2023 GENAP;NEGERI;TPA;0
15;JAMBI;1509;TEBO;150909;TENGAH ILIR;DATA SEKOLAH;2022/2023 GENAP;NEGERI;SPS;0
15;JAMBI;1509;TEBO;150909;TENGAH ILIR;DATA SEKOLAH;2022/2023 GENAP;NEGERI;PKBM;0
15;JAMBI;1509;TEBO;150909;TENGAH ILIR;DATA SEKOLAH;2022/2023 GENAP;NEGERI;SKB;0
15;JAMBI;1509;TEBO;150909;TENGAH ILIR;DATA SEKOLAH;2022/2023 GENAP;NEGERI;SD;19
15;JAMBI;1509;TEBO;150909;TENGAH ILIR;DATA SEKOLAH;2022/2023 GENAP;NEGERI;SMP;4
15;JAMBI;1509;TEBO;150909;TENGAH ILIR;DATA SEKOLAH;2022/2023 GENAP;NEGERI;SMA;1
15;JAMBI;1509;TEBO;150909;TENGAH ILIR;DATA SEKOLAH;2022/2023 GENAP;NEGERI;SMK;1
15;JAMBI;1509;TEBO;150909;TENGAH ILIR;DATA SEKOLAH;2022/2023 GENAP;NEGERI;SLB;0
15;JAMBI;1502;MERANGIN;150224;TIANG PUMPUNG;DATA SEKOLAH;2022/2023 GENAP;NEGERI;TK;0
15;JAMBI;1502;MERANGIN;150224;TIANG PUMPUNG;DATA SEKOLAH;2022/2023 GENAP;NEGERI;KB;0
15;JAMBI;1502;MERANGIN;150224;TIANG PUMPUNG;DATA SEKOLAH;2022/2023 GENAP;NEGERI;TPA;0
15;JAMBI;1502;MERANGIN;150224;TIANG PUMPUNG;DATA SEKOLAH;2022/2023 GENAP;NEGERI;SPS;0
15;JAMBI;1502;MERANGIN;150224;TIANG PUMPUNG;DATA SEKOLAH;2022/2023 GENAP;NEGERI;PKBM;0
15;JAMBI;1502;MERANGIN;150224;TIANG PUMPUNG;DATA SEKOLAH;2022/2023 GENAP;NEGERI;SKB;0
15;JAMBI;1502;MERANGIN;150224;TIANG PUMPUNG;DATA SEKOLAH;2022/2023 GENAP;NEGERI;SD;7
15;JAMBI;1502;MERANGIN;150224;TIANG PUMPUNG;DATA SEKOLAH;2022/2023 GENAP;NEGERI;SMP;3
15;JAMBI;1502;MERANGIN;150224;TIANG PUMPUNG;DATA SEKOLAH;2022/2023 GENAP;NEGERI;SMA;1
15;JAMBI;1502;MERANGIN;150224;TIANG PUMPUNG;DATA SEKOLAH;2022/2023 GENAP;NEGERI;SMK;0
15;JAMBI;1502;MERANGIN;150224;TIANG PUMPUNG;DATA SEKOLAH;2022/2023 GENAP;NEGERI;SLB;0
15;JAMBI;1506;TANJUNG JABUNG BARAT;150602;TUNGKAL ILIR;DATA SEKOLAH;2022/2023 GENAP;NEGERI;TK;3
15;JAMBI;1506;TANJUNG JABUNG BARAT;150602;TUNGKAL ILIR;DATA SEKOLAH;2022/2023 GENAP;NEGERI;KB;0
15;JAMBI;1506;TANJUNG JABUNG BARAT;150602;TUNGKAL ILIR;DATA SEKOLAH;2022/2023 GENAP;NEGERI;TPA;0
15;JAMBI;1506;TANJUNG JABUNG BARAT;150602;TUNGKAL ILIR;DATA SEKOLAH;2022/2023 GENAP;NEGERI;SPS;0
15;JAMBI;1506;TANJUNG JABUNG BARAT;150602;TUNGKAL ILIR;DATA SEKOLAH;2022/2023 GENAP;NEGERI;PKBM;0
15;JAMBI;1506;TANJUNG JABUNG BARAT;150602;TUNGKAL ILIR;DATA SEKOLAH;2022/2023 GENAP;NEGERI;SKB;0
15;JAMBI;1506;TANJUNG JABUNG BARAT;150602;TUNGKAL ILIR;DATA SEKOLAH;2022/2023 GENAP;NEGERI;SD;24
15;JAMBI;1506;TANJUNG JABUNG BARAT;150602;TUNGKAL ILIR;DATA SEKOLAH;2022/2023 GENAP;NEGERI;SMP;4
15;JAMBI;1506;TANJUNG JABUNG BARAT;150602;TUNGKAL ILIR;DATA SEKOLAH;2022/2023 GENAP;NEGERI;SMA;3
15;JAMBI;1506;TANJUNG JABUNG BARAT;150602;TUNGKAL ILIR;DATA SEKOLAH;2022/2023 GENAP;NEGERI;SMK;2
15;JAMBI;1506;TANJUNG JABUNG BARAT;150602;TUNGKAL ILIR;DATA SEKOLAH;2022/2023 GENAP;NEGERI;SLB;1
15;JAMBI;1506;TANJUNG JABUNG BARAT;150601;TUNGKAL ULU;DATA SEKOLAH;2022/2023 GENAP;NEGERI;TK;0
15;JAMBI;1506;TANJUNG JABUNG BARAT;150601;TUNGKAL ULU;DATA SEKOLAH;2022/2023 GENAP;NEGERI;KB;0
15;JAMBI;1506;TANJUNG JABUNG BARAT;150601;TUNGKAL ULU;DATA SEKOLAH;2022/2023 GENAP;NEGERI;TPA;0
15;JAMBI;1506;TANJUNG JABUNG BARAT;150601;TUNGKAL ULU;DATA SEKOLAH;2022/2023 GENAP;NEGERI;SPS;0
15;JAMBI;1506;TANJUNG JABUNG BARAT;150601;TUNGKAL ULU;DATA SEKOLAH;2022/2023 GENAP;NEGERI;PKBM;0
15;JAMBI;1506;TANJUNG JABUNG BARAT;150601;TUNGKAL ULU;DATA SEKOLAH;2022/2023 GENAP;NEGERI;SKB;1
15;JAMBI;1506;TANJUNG JABUNG BARAT;150601;TUNGKAL ULU;DATA SEKOLAH;2022/2023 GENAP;NEGERI;SD;10
15;JAMBI;1506;TANJUNG JABUNG BARAT;150601;TUNGKAL ULU;DATA SEKOLAH;2022/2023 GENAP;NEGERI;SMP;4
15;JAMBI;1506;TANJUNG JABUNG BARAT;150601;TUNGKAL ULU;DATA SEKOLAH;2022/2023 GENAP;NEGERI;SMA;1
15;JAMBI;1506;TANJUNG JABUNG BARAT;150601;TUNGKAL ULU;DATA SEKOLAH;2022/2023 GENAP;NEGERI;SMK;1
15;JAMBI;1506;TANJUNG JABUNG BARAT;150601;TUNGKAL ULU;DATA SEKOLAH;2022/2023 GENAP;NEGERI;SLB;0
15;JAMBI;1509;TEBO;150906;VII KOTO;DATA SEKOLAH;2022/2023 GENAP;NEGERI;TK;1
15;JAMBI;1509;TEBO;150906;VII KOTO;DATA SEKOLAH;2022/2023 GENAP;NEGERI;KB;0
15;JAMBI;1509;TEBO;150906;VII KOTO;DATA SEKOLAH;2022/2023 GENAP;NEGERI;TPA;0
15;JAMBI;1509;TEBO;150906;VII KOTO;DATA SEKOLAH;2022/2023 GENAP;NEGERI;SPS;0
15;JAMBI;1509;TEBO;150906;VII KOTO;DATA SEKOLAH;2022/2023 GENAP;NEGERI;PKBM;0
15;JAMBI;1509;TEBO;150906;VII KOTO;DATA SEKOLAH;2022/2023 GENAP;NEGERI;SKB;0
15;JAMBI;1509;TEBO;150906;VII KOTO;DATA SEKOLAH;2022/2023 GENAP;NEGERI;SD;16
15;JAMBI;1509;TEBO;150906;VII KOTO;DATA SEKOLAH;2022/2023 GENAP;NEGERI;SMP;3
15;JAMBI;1509;TEBO;150906;VII KOTO;DATA SEKOLAH;2022/2023 GENAP;NEGERI;SMA;1
15;JAMBI;1509;TEBO;150906;VII KOTO;DATA SEKOLAH;2022/2023 GENAP;NEGERI;SMK;0
15;JAMBI;1509;TEBO;150906;VII KOTO;DATA SEKOLAH;2022/2023 GENAP;NEGERI;SLB;0
15;JAMBI;1509;TEBO;150911;VII KOTO ILIR;DATA SEKOLAH;2022/2023 GENAP;NEGERI;TK;1
15;JAMBI;1509;TEBO;150911;VII KOTO ILIR;DATA SEKOLAH;2022/2023 GENAP;NEGERI;KB;0
15;JAMBI;1509;TEBO;150911;VII KOTO ILIR;DATA SEKOLAH;2022/2023 GENAP;NEGERI;TPA;0
15;JAMBI;1509;TEBO;150911;VII KOTO ILIR;DATA SEKOLAH;2022/2023 GENAP;NEGERI;SPS;0
15;JAMBI;1509;TEBO;150911;VII KOTO ILIR;DATA SEKOLAH;2022/2023 GENAP;NEGERI;PKBM;0
15;JAMBI;1509;TEBO;150911;VII KOTO ILIR;DATA SEKOLAH;2022/2023 GENAP;NEGERI;SKB;0
15;JAMBI;1509;TEBO;150911;VII KOTO ILIR;DATA SEKOLAH;2022/2023 GENAP;NEGERI;SD;13
15;JAMBI;1509;TEBO;150911;VII KOTO ILIR;DATA SEKOLAH;2022/2023 GENAP;NEGERI;SMP;6
15;JAMBI;1509;TEBO;150911;VII KOTO ILIR;DATA SEKOLAH;2022/2023 GENAP;NEGERI;SMA;0
15;JAMBI;1509;TEBO;150911;VII KOTO ILIR;DATA SEKOLAH;2022/2023 GENAP;NEGERI;SMK;1
15;JAMBI;1509;TEBO;150911;VII KOTO ILIR;DATA SEKOLAH;2022/2023 GENAP;NEGERI;SLB;0
15;JAMBI;1501;KERINCI;150105;AIR HANGAT;DATA SEKOLAH;2022/2023 GENAP;SWASTA;TK;7
15;JAMBI;1501;KERINCI;150105;AIR HANGAT;DATA SEKOLAH;2022/2023 GENAP;SWASTA;KB;14
15;JAMBI;1501;KERINCI;150105;AIR HANGAT;DATA SEKOLAH;2022/2023 GENAP;SWASTA;TPA;0
15;JAMBI;1501;KERINCI;150105;AIR HANGAT;DATA SEKOLAH;2022/2023 GENAP;SWASTA;SPS;2
15;JAMBI;1501;KERINCI;150105;AIR HANGAT;DATA SEKOLAH;2022/2023 GENAP;SWASTA;PKBM;3
15;JAMBI;1501;KERINCI;150105;AIR HANGAT;DATA SEKOLAH;2022/2023 GENAP;SWASTA;SKB;0
15;JAMBI;1501;KERINCI;150105;AIR HANGAT;DATA SEKOLAH;2022/2023 GENAP;SWASTA;SD;0
15;JAMBI;1501;KERINCI;150105;AIR HANGAT;DATA SEKOLAH;2022/2023 GENAP;SWASTA;SMP;0
15;JAMBI;1501;KERINCI;150105;AIR HANGAT;DATA SEKOLAH;2022/2023 GENAP;SWASTA;SMA;0
15;JAMBI;1501;KERINCI;150105;AIR HANGAT;DATA SEKOLAH;2022/2023 GENAP;SWASTA;SMK;0
15;JAMBI;1501;KERINCI;150105;AIR HANGAT;DATA SEKOLAH;2022/2023 GENAP;SWASTA;SLB;0
15;JAMBI;1501;KERINCI;150121;AIR HANGAT BARAT;DATA SEKOLAH;2022/2023 GENAP;SWASTA;TK;2
15;JAMBI;1501;KERINCI;150121;AIR HANGAT BARAT;DATA SEKOLAH;2022/2023 GENAP;SWASTA;KB;11
15;JAMBI;1501;KERINCI;150121;AIR HANGAT BARAT;DATA SEKOLAH;2022/2023 GENAP;SWASTA;TPA;0
15;JAMBI;1501;KERINCI;150121;AIR HANGAT BARAT;DATA SEKOLAH;2022/2023 GENAP;SWASTA;SPS;2
15;JAMBI;1501;KERINCI;150121;AIR HANGAT BARAT;DATA SEKOLAH;2022/2023 GENAP;SWASTA;PKBM;0
15;JAMBI;1501;KERINCI;150121;AIR HANGAT BARAT;DATA SEKOLAH;2022/2023 GENAP;SWASTA;SKB;0
15;JAMBI;1501;KERINCI;150121;AIR HANGAT BARAT;DATA SEKOLAH;2022/2023 GENAP;SWASTA;SD;1
15;JAMBI;1501;KERINCI;150121;AIR HANGAT BARAT;DATA SEKOLAH;2022/2023 GENAP;SWASTA;SMP;1
15;JAMBI;1501;KERINCI;150121;AIR HANGAT BARAT;DATA SEKOLAH;2022/2023 GENAP;SWASTA;SMA;0
15;JAMBI;1501;KERINCI;150121;AIR HANGAT BARAT;DATA SEKOLAH;2022/2023 GENAP;SWASTA;SMK;1
15;JAMBI;1501;KERINCI;150121;AIR HANGAT BARAT;DATA SEKOLAH;2022/2023 GENAP;SWASTA;SLB;0
15;JAMBI;1501;KERINCI;150111;AIR HANGAT TIMUR;DATA SEKOLAH;2022/2023 GENAP;SWASTA;TK;7
15;JAMBI;1501;KERINCI;150111;AIR HANGAT TIMUR;DATA SEKOLAH;2022/2023 GENAP;SWASTA;KB;19
15;JAMBI;1501;KERINCI;150111;AIR HANGAT TIMUR;DATA SEKOLAH;2022/2023 GENAP;SWASTA;TPA;0
15;JAMBI;1501;KERINCI;150111;AIR HANGAT TIMUR;DATA SEKOLAH;2022/2023 GENAP;SWASTA;SPS;7
15;JAMBI;1501;KERINCI;150111;AIR HANGAT TIMUR;DATA SEKOLAH;2022/2023 GENAP;SWASTA;PKBM;3
15;JAMBI;1501;KERINCI;150111;AIR HANGAT TIMUR;DATA SEKOLAH;2022/2023 GENAP;SWASTA;SKB;0
15;JAMBI;1501;KERINCI;150111;AIR HANGAT TIMUR;DATA SEKOLAH;2022/2023 GENAP;SWASTA;SD;0
15;JAMBI;1501;KERINCI;150111;AIR HANGAT TIMUR;DATA SEKOLAH;2022/2023 GENAP;SWASTA;SMP;0
15;JAMBI;1501;KERINCI;150111;AIR HANGAT TIMUR;DATA SEKOLAH;2022/2023 GENAP;SWASTA;SMA;0
15;JAMBI;1501;KERINCI;150111;AIR HANGAT TIMUR;DATA SEKOLAH;2022/2023 GENAP;SWASTA;SMK;0
15;JAMBI;1501;KERINCI;150111;AIR HANGAT TIMUR;DATA SEKOLAH;2022/2023 GENAP;SWASTA;SLB;1
15;JAMBI;1503;SAROLANGUN;150307;AIR HITAM;DATA SEKOLAH;2022/2023 GENAP;SWASTA;TK;13
15;JAMBI;1503;SAROLANGUN;150307;AIR HITAM;DATA SEKOLAH;2022/2023 GENAP;SWASTA;KB;22
15;JAMBI;1503;SAROLANGUN;150307;AIR HITAM;DATA SEKOLAH;2022/2023 GENAP;SWASTA;TPA;0
15;JAMBI;1503;SAROLANGUN;150307;AIR HITAM;DATA SEKOLAH;2022/2023 GENAP;SWASTA;SPS;0
15;JAMBI;1503;SAROLANGUN;150307;AIR HITAM;DATA SEKOLAH;2022/2023 GENAP;SWASTA;PKBM;2
15;JAMBI;1503;SAROLANGUN;150307;AIR HITAM;DATA SEKOLAH;2022/2023 GENAP;SWASTA;SKB;0
15;JAMBI;1503;SAROLANGUN;150307;AIR HITAM;DATA SEKOLAH;2022/2023 GENAP;SWASTA;SD;3
15;JAMBI;1503;SAROLANGUN;150307;AIR HITAM;DATA SEKOLAH;2022/2023 GENAP;SWASTA;SMP;0
15;JAMBI;1503;SAROLANGUN;150307;AIR HITAM;DATA SEKOLAH;2022/2023 GENAP;SWASTA;SMA;1
15;JAMBI;1503;SAROLANGUN;150307;AIR HITAM;DATA SEKOLAH;2022/2023 GENAP;SWASTA;SMK;0
15;JAMBI;1503;SAROLANGUN;150307;AIR HITAM;DATA SEKOLAH;2022/2023 GENAP;SWASTA;SLB;0
15;JAMBI;1571;KOTA JAMBI;157109;ALAM BARAJO;DATA SEKOLAH;2022/2023 GENAP;SWASTA;TK;38
15;JAMBI;1571;KOTA JAMBI;157109;ALAM BARAJO;DATA SEKOLAH;2022/2023 GENAP;SWASTA;KB;21
15;JAMBI;1571;KOTA JAMBI;157109;ALAM BARAJO;DATA SEKOLAH;2022/2023 GENAP;SWASTA;TPA;6
15;JAMBI;1571;KOTA JAMBI;157109;ALAM BARAJO;DATA SEKOLAH;2022/2023 GENAP;SWASTA;SPS;6
15;JAMBI;1571;KOTA JAMBI;157109;ALAM BARAJO;DATA SEKOLAH;2022/2023 GENAP;SWASTA;PKBM;0
15;JAMBI;1571;KOTA JAMBI;157109;ALAM BARAJO;DATA SEKOLAH;2022/2023 GENAP;SWASTA;SKB;0
15;JAMBI;1571;KOTA JAMBI;157109;ALAM BARAJO;DATA SEKOLAH;2022/2023 GENAP;SWASTA;SD;5
15;JAMBI;1571;KOTA JAMBI;157109;ALAM BARAJO;DATA SEKOLAH;2022/2023 GENAP;SWASTA;SMP;4
15;JAMBI;1571;KOTA JAMBI;157109;ALAM BARAJO;DATA SEKOLAH;2022/2023 GENAP;SWASTA;SMA;3
15;JAMBI;1571;KOTA JAMBI;157109;ALAM BARAJO;DATA SEKOLAH;2022/2023 GENAP;SWASTA;SMK;3
15;JAMBI;1571;KOTA JAMBI;157109;ALAM BARAJO;DATA SEKOLAH;2022/2023 GENAP;SWASTA;SLB;0
15;JAMBI;1505;MUARO JAMBI;150510;BAHAR SELATAN;DATA SEKOLAH;2022/2023 GENAP;SWASTA;TK;12
15;JAMBI;1505;MUARO JAMBI;150510;BAHAR SELATAN;DATA SEKOLAH;2022/2023 GENAP;SWASTA;KB;5
15;JAMBI;1505;MUARO JAMBI;150510;BAHAR SELATAN;DATA SEKOLAH;2022/2023 GENAP;SWASTA;TPA;0
15;JAMBI;1505;MUARO JAMBI;150510;BAHAR SELATAN;DATA SEKOLAH;2022/2023 GENAP;SWASTA;SPS;2
15;JAMBI;1505;MUARO JAMBI;150510;BAHAR SELATAN;DATA SEKOLAH;2022/2023 GENAP;SWASTA;PKBM;0
15;JAMBI;1505;MUARO JAMBI;150510;BAHAR SELATAN;DATA SEKOLAH;2022/2023 GENAP;SWASTA;SKB;0
15;JAMBI;1505;MUARO JAMBI;150510;BAHAR SELATAN;DATA SEKOLAH;2022/2023 GENAP;SWASTA;SD;1
15;JAMBI;1505;MUARO JAMBI;150510;BAHAR SELATAN;DATA SEKOLAH;2022/2023 GENAP;SWASTA;SMP;0
15;JAMBI;1505;MUARO JAMBI;150510;BAHAR SELATAN;DATA SEKOLAH;2022/2023 GENAP;SWASTA;SMA;0
15;JAMBI;1505;MUARO JAMBI;150510;BAHAR SELATAN;DATA SEKOLAH;2022/2023 GENAP;SWASTA;SMK;0
15;JAMBI;1505;MUARO JAMBI;150510;BAHAR SELATAN;DATA SEKOLAH;2022/2023 GENAP;SWASTA;SLB;0
15;JAMBI;1505;MUARO JAMBI;150509;BAHAR UTARA;DATA SEKOLAH;2022/2023 GENAP;SWASTA;TK;10
15;JAMBI;1505;MUARO JAMBI;150509;BAHAR UTARA;DATA SEKOLAH;2022/2023 GENAP;SWASTA;KB;6
15;JAMBI;1505;MUARO JAMBI;150509;BAHAR UTARA;DATA SEKOLAH;2022/2023 GENAP;SWASTA;TPA;0
15;JAMBI;1505;MUARO JAMBI;150509;BAHAR UTARA;DATA SEKOLAH;2022/2023 GENAP;SWASTA;SPS;0
15;JAMBI;1505;MUARO JAMBI;150509;BAHAR UTARA;DATA SEKOLAH;2022/2023 GENAP;SWASTA;PKBM;0
15;JAMBI;1505;MUARO JAMBI;150509;BAHAR UTARA;DATA SEKOLAH;2022/2023 GENAP;SWASTA;SKB;0
15;JAMBI;1505;MUARO JAMBI;150509;BAHAR UTARA;DATA SEKOLAH;2022/2023 GENAP;SWASTA;SD;0
15;JAMBI;1505;MUARO JAMBI;150509;BAHAR UTARA;DATA SEKOLAH;2022/2023 GENAP;SWASTA;SMP;1
15;JAMBI;1505;MUARO JAMBI;150509;BAHAR UTARA;DATA SEKOLAH;2022/2023 GENAP;SWASTA;SMA;0
15;JAMBI;1505;MUARO JAMBI;150509;BAHAR UTARA;DATA SEKOLAH;2022/2023 GENAP;SWASTA;SMK;0
15;JAMBI;1505;MUARO JAMBI;150509;BAHAR UTARA;DATA SEKOLAH;2022/2023 GENAP;SWASTA;SLB;0
15;JAMBI;1504;BATANGHARI;150407;BAJUBANG;DATA SEKOLAH;2022/2023 GENAP;SWASTA;TK;17
15;JAMBI;1504;BATANGHARI;150407;BAJUBANG;DATA SEKOLAH;2022/2023 GENAP;SWASTA;KB;28
15;JAMBI;1504;BATANGHARI;150407;BAJUBANG;DATA SEKOLAH;2022/2023 GENAP;SWASTA;TPA;0
15;JAMBI;1504;BATANGHARI;150407;BAJUBANG;DATA SEKOLAH;2022/2023 GENAP;SWASTA;SPS;1
15;JAMBI;1504;BATANGHARI;150407;BAJUBANG;DATA SEKOLAH;2022/2023 GENAP;SWASTA;PKBM;1
15;JAMBI;1504;BATANGHARI;150407;BAJUBANG;DATA SEKOLAH;2022/2023 GENAP;SWASTA;SKB;0
15;JAMBI;1504;BATANGHARI;150407;BAJUBANG;DATA SEKOLAH;2022/2023 GENAP;SWASTA;SD;3
15;JAMBI;1504;BATANGHARI;150407;BAJUBANG;DATA SEKOLAH;2022/2023 GENAP;SWASTA;SMP;1
15;JAMBI;1504;BATANGHARI;150407;BAJUBANG;DATA SEKOLAH;2022/2023 GENAP;SWASTA;SMA;0
15;JAMBI;1504;BATANGHARI;150407;BAJUBANG;DATA SEKOLAH;2022/2023 GENAP;SWASTA;SMK;0
15;JAMBI;1504;BATANGHARI;150407;BAJUBANG;DATA SEKOLAH;2022/2023 GENAP;SWASTA;SLB;0
15;JAMBI;1502;MERANGIN;150202;BANGKO;DATA SEKOLAH;2022/2023 GENAP;SWASTA;TK;20
15;JAMBI;1502;MERANGIN;150202;BANGKO;DATA SEKOLAH;2022/2023 GENAP;SWASTA;KB;14
15;JAMBI;1502;MERANGIN;150202;BANGKO;DATA SEKOLAH;2022/2023 GENAP;SWASTA;TPA;1
15;JAMBI;1502;MERANGIN;150202;BANGKO;DATA SEKOLAH;2022/2023 GENAP;SWASTA;SPS;1
15;JAMBI;1502;MERANGIN;150202;BANGKO;DATA SEKOLAH;2022/2023 GENAP;SWASTA;PKBM;1
15;JAMBI;1502;MERANGIN;150202;BANGKO;DATA SEKOLAH;2022/2023 GENAP;SWASTA;SKB;0
15;JAMBI;1502;MERANGIN;150202;BANGKO;DATA SEKOLAH;2022/2023 GENAP;SWASTA;SD;2
15;JAMBI;1502;MERANGIN;150202;BANGKO;DATA SEKOLAH;2022/2023 GENAP;SWASTA;SMP;5
15;JAMBI;1502;MERANGIN;150202;BANGKO;DATA SEKOLAH;2022/2023 GENAP;SWASTA;SMA;1
15;JAMBI;1502;MERANGIN;150202;BANGKO;DATA SEKOLAH;2022/2023 GENAP;SWASTA;SMK;0
15;JAMBI;1502;MERANGIN;150202;BANGKO;DATA SEKOLAH;2022/2023 GENAP;SWASTA;SLB;0
15;JAMBI;1502;MERANGIN;150210;BANGKO BARAT;DATA SEKOLAH;2022/2023 GENAP;SWASTA;TK;5
15;JAMBI;1502;MERANGIN;150210;BANGKO BARAT;DATA SEKOLAH;2022/2023 GENAP;SWASTA;KB;8
15;JAMBI;1502;MERANGIN;150210;BANGKO BARAT;DATA SEKOLAH;2022/2023 GENAP;SWASTA;TPA;0
15;JAMBI;1502;MERANGIN;150210;BANGKO BARAT;DATA SEKOLAH;2022/2023 GENAP;SWASTA;SPS;0
15;JAMBI;1502;MERANGIN;150210;BANGKO BARAT;DATA SEKOLAH;2022/2023 GENAP;SWASTA;PKBM;1
15;JAMBI;1502;MERANGIN;150210;BANGKO BARAT;DATA SEKOLAH;2022/2023 GENAP;SWASTA;SKB;0
15;JAMBI;1502;MERANGIN;150210;BANGKO BARAT;DATA SEKOLAH;2022/2023 GENAP;SWASTA;SD;0
15;JAMBI;1502;MERANGIN;150210;BANGKO BARAT;DATA SEKOLAH;2022/2023 GENAP;SWASTA;SMP;0
15;JAMBI;1502;MERANGIN;150210;BANGKO BARAT;DATA SEKOLAH;2022/2023 GENAP;SWASTA;SMA;0
15;JAMBI;1502;MERANGIN;150210;BANGKO BARAT;DATA SEKOLAH;2022/2023 GENAP;SWASTA;SMK;0
15;JAMBI;1502;MERANGIN;150210;BANGKO BARAT;DATA SEKOLAH;2022/2023 GENAP;SWASTA;SLB;0
15;JAMBI;1503;SAROLANGUN;150301;BATANG ASAI;DATA SEKOLAH;2022/2023 GENAP;SWASTA;TK;19
15;JAMBI;1503;SAROLANGUN;150301;BATANG ASAI;DATA SEKOLAH;2022/2023 GENAP;SWASTA;KB;32
15;JAMBI;1503;SAROLANGUN;150301;BATANG ASAI;DATA SEKOLAH;2022/2023 GENAP;SWASTA;TPA;1
15;JAMBI;1503;SAROLANGUN;150301;BATANG ASAI;DATA SEKOLAH;2022/2023 GENAP;SWASTA;SPS;1
15;JAMBI;1503;SAROLANGUN;150301;BATANG ASAI;DATA SEKOLAH;2022/2023 GENAP;SWASTA;PKBM;1
15;JAMBI;1503;SAROLANGUN;150301;BATANG ASAI;DATA SEKOLAH;2022/2023 GENAP;SWASTA;SKB;0
15;JAMBI;1503;SAROLANGUN;150301;BATANG ASAI;DATA SEKOLAH;2022/2023 GENAP;SWASTA;SD;0
15;JAMBI;1503;SAROLANGUN;150301;BATANG ASAI;DATA SEKOLAH;2022/2023 GENAP;SWASTA;SMP;2
15;JAMBI;1503;SAROLANGUN;150301;BATANG ASAI;DATA SEKOLAH;2022/2023 GENAP;SWASTA;SMA;0
15;JAMBI;1503;SAROLANGUN;150301;BATANG ASAI;DATA SEKOLAH;2022/2023 GENAP;SWASTA;SMK;0
15;JAMBI;1503;SAROLANGUN;150301;BATANG ASAI;DATA SEKOLAH;2022/2023 GENAP;SWASTA;SLB;0
15;JAMBI;1506;TANJUNG JABUNG BARAT;150607;BATANG ASAM;DATA SEKOLAH;2022/2023 GENAP;SWASTA;TK;13
15;JAMBI;1506;TANJUNG JABUNG BARAT;150607;BATANG ASAM;DATA SEKOLAH;2022/2023 GENAP;SWASTA;KB;10
15;JAMBI;1506;TANJUNG JABUNG BARAT;150607;BATANG ASAM;DATA SEKOLAH;2022/2023 GENAP;SWASTA;TPA;1
15;JAMBI;1506;TANJUNG JABUNG BARAT;150607;BATANG ASAM;DATA SEKOLAH;2022/2023 GENAP;SWASTA;SPS;0
15;JAMBI;1506;TANJUNG JABUNG BARAT;150607;BATANG ASAM;DATA SEKOLAH;2022/2023 GENAP;SWASTA;PKBM;1
15;JAMBI;1506;TANJUNG JABUNG BARAT;150607;BATANG ASAM;DATA SEKOLAH;2022/2023 GENAP;SWASTA;SKB;0
15;JAMBI;1506;TANJUNG JABUNG BARAT;150607;BATANG ASAM;DATA SEKOLAH;2022/2023 GENAP;SWASTA;SD;2
15;JAMBI;1506;TANJUNG JABUNG BARAT;150607;BATANG ASAM;DATA SEKOLAH;2022/2023 GENAP;SWASTA;SMP;2
15;JAMBI;1506;TANJUNG JABUNG BARAT;150607;BATANG ASAM;DATA SEKOLAH;2022/2023 GENAP;SWASTA;SMA;1
15;JAMBI;1506;TANJUNG JABUNG BARAT;150607;BATANG ASAM;DATA SEKOLAH;2022/2023 GENAP;SWASTA;SMK;0
15;JAMBI;1506;TANJUNG JABUNG BARAT;150607;BATANG ASAM;DATA SEKOLAH;2022/2023 GENAP;SWASTA;SLB;0
15;JAMBI;1502;MERANGIN;150212;BATANG MASUMAI;DATA SEKOLAH;2022/2023 GENAP;SWASTA;TK;5
15;JAMBI;1502;MERANGIN;150212;BATANG MASUMAI;DATA SEKOLAH;2022/2023 GENAP;SWASTA;KB;7
15;JAMBI;1502;MERANGIN;150212;BATANG MASUMAI;DATA SEKOLAH;2022/2023 GENAP;SWASTA;TPA;0
15;JAMBI;1502;MERANGIN;150212;BATANG MASUMAI;DATA SEKOLAH;2022/2023 GENAP;SWASTA;SPS;0
15;JAMBI;1502;MERANGIN;150212;BATANG MASUMAI;DATA SEKOLAH;2022/2023 GENAP;SWASTA;PKBM;1
15;JAMBI;1502;MERANGIN;150212;BATANG MASUMAI;DATA SEKOLAH;2022/2023 GENAP;SWASTA;SKB;0
15;JAMBI;1502;MERANGIN;150212;BATANG MASUMAI;DATA SEKOLAH;2022/2023 GENAP;SWASTA;SD;1
15;JAMBI;1502;MERANGIN;150212;BATANG MASUMAI;DATA SEKOLAH;2022/2023 GENAP;SWASTA;SMP;1
15;JAMBI;1502;MERANGIN;150212;BATANG MASUMAI;DATA SEKOLAH;2022/2023 GENAP;SWASTA;SMA;0
15;JAMBI;1502;MERANGIN;150212;BATANG MASUMAI;DATA SEKOLAH;2022/2023 GENAP;SWASTA;SMK;0
15;JAMBI;1502;MERANGIN;150212;BATANG MASUMAI;DATA SEKOLAH;2022/2023 GENAP;SWASTA;SLB;0
15;JAMBI;1501;KERINCI;150107;BATANG MERANGIN;DATA SEKOLAH;2022/2023 GENAP;SWASTA;TK;3
15;JAMBI;1501;KERINCI;150107;BATANG MERANGIN;DATA SEKOLAH;2022/2023 GENAP;SWASTA;KB;14
15;JAMBI;1501;KERINCI;150107;BATANG MERANGIN;DATA SEKOLAH;2022/2023 GENAP;SWASTA;TPA;0
15;JAMBI;1501;KERINCI;150107;BATANG MERANGIN;DATA SEKOLAH;2022/2023 GENAP;SWASTA;SPS;0
15;JAMBI;1501;KERINCI;150107;BATANG MERANGIN;DATA SEKOLAH;2022/2023 GENAP;SWASTA;PKBM;1
15;JAMBI;1501;KERINCI;150107;BATANG MERANGIN;DATA SEKOLAH;2022/2023 GENAP;SWASTA;SKB;0
15;JAMBI;1501;KERINCI;150107;BATANG MERANGIN;DATA SEKOLAH;2022/2023 GENAP;SWASTA;SD;0
15;JAMBI;1501;KERINCI;150107;BATANG MERANGIN;DATA SEKOLAH;2022/2023 GENAP;SWASTA;SMP;0
15;JAMBI;1501;KERINCI;150107;BATANG MERANGIN;DATA SEKOLAH;2022/2023 GENAP;SWASTA;SMA;0
15;JAMBI;1501;KERINCI;150107;BATANG MERANGIN;DATA SEKOLAH;2022/2023 GENAP;SWASTA;SMK;0
15;JAMBI;1501;KERINCI;150107;BATANG MERANGIN;DATA SEKOLAH;2022/2023 GENAP;SWASTA;SLB;0
15;JAMBI;1508;BUNGO;150815;BATHIN II PELAYANG;DATA SEKOLAH;2022/2023 GENAP;SWASTA;TK;5
15;JAMBI;1508;BUNGO;150815;BATHIN II PELAYANG;DATA SEKOLAH;2022/2023 GENAP;SWASTA;KB;6
15;JAMBI;1508;BUNGO;150815;BATHIN II PELAYANG;DATA SEKOLAH;2022/2023 GENAP;SWASTA;TPA;0
15;JAMBI;1508;BUNGO;150815;BATHIN II PELAYANG;DATA SEKOLAH;2022/2023 GENAP;SWASTA;SPS;0
15;JAMBI;1508;BUNGO;150815;BATHIN II PELAYANG;DATA SEKOLAH;2022/2023 GENAP;SWASTA;PKBM;0
15;JAMBI;1508;BUNGO;150815;BATHIN II PELAYANG;DATA SEKOLAH;2022/2023 GENAP;SWASTA;SKB;0
15;JAMBI;1508;BUNGO;150815;BATHIN II PELAYANG;DATA SEKOLAH;2022/2023 GENAP;SWASTA;SD;1
15;JAMBI;1508;BUNGO;150815;BATHIN II PELAYANG;DATA SEKOLAH;2022/2023 GENAP;SWASTA;SMP;0
15;JAMBI;1508;BUNGO;150815;BATHIN II PELAYANG;DATA SEKOLAH;2022/2023 GENAP;SWASTA;SMA;0
15;JAMBI;1508;BUNGO;150815;BATHIN II PELAYANG;DATA SEKOLAH;2022/2023 GENAP;SWASTA;SMK;0
15;JAMBI;1508;BUNGO;150815;BATHIN II PELAYANG;DATA SEKOLAH;2022/2023 GENAP;SWASTA;SLB;0
15;JAMBI;1508;BUNGO;150811;BATHIN III;DATA SEKOLAH;2022/2023 GENAP;SWASTA;TK;5
15;JAMBI;1508;BUNGO;150811;BATHIN III;DATA SEKOLAH;2022/2023 GENAP;SWASTA;KB;9
15;JAMBI;1508;BUNGO;150811;BATHIN III;DATA SEKOLAH;2022/2023 GENAP;SWASTA;TPA;1
15;JAMBI;1508;BUNGO;150811;BATHIN III;DATA SEKOLAH;2022/2023 GENAP;SWASTA;SPS;1
15;JAMBI;1508;BUNGO;150811;BATHIN III;DATA SEKOLAH;2022/2023 GENAP;SWASTA;PKBM;2
15;JAMBI;1508;BUNGO;150811;BATHIN III;DATA SEKOLAH;2022/2023 GENAP;SWASTA;SKB;0
15;JAMBI;1508;BUNGO;150811;BATHIN III;DATA SEKOLAH;2022/2023 GENAP;SWASTA;SD;1
15;JAMBI;1508;BUNGO;150811;BATHIN III;DATA SEKOLAH;2022/2023 GENAP;SWASTA;SMP;0
15;JAMBI;1508;BUNGO;150811;BATHIN III;DATA SEKOLAH;2022/2023 GENAP;SWASTA;SMA;0
15;JAMBI;1508;BUNGO;150811;BATHIN III;DATA SEKOLAH;2022/2023 GENAP;SWASTA;SMK;0
15;JAMBI;1508;BUNGO;150811;BATHIN III;DATA SEKOLAH;2022/2023 GENAP;SWASTA;SLB;0
15;JAMBI;1508;BUNGO;150814;BATHIN III ULU;DATA SEKOLAH;2022/2023 GENAP;SWASTA;TK;3
15;JAMBI;1508;BUNGO;150814;BATHIN III ULU;DATA SEKOLAH;2022/2023 GENAP;SWASTA;KB;13
15;JAMBI;1508;BUNGO;150814;BATHIN III ULU;DATA SEKOLAH;2022/2023 GENAP;SWASTA;TPA;0
15;JAMBI;1508;BUNGO;150814;BATHIN III ULU;DATA SEKOLAH;2022/2023 GENAP;SWASTA;SPS;1
15;JAMBI;1508;BUNGO;150814;BATHIN III ULU;DATA SEKOLAH;2022/2023 GENAP;SWASTA;PKBM;1
15;JAMBI;1508;BUNGO;150814;BATHIN III ULU;DATA SEKOLAH;2022/2023 GENAP;SWASTA;SKB;0
15;JAMBI;1508;BUNGO;150814;BATHIN III ULU;DATA SEKOLAH;2022/2023 GENAP;SWASTA;SD;1
15;JAMBI;1508;BUNGO;150814;BATHIN III ULU;DATA SEKOLAH;2022/2023 GENAP;SWASTA;SMP;0
15;JAMBI;1508;BUNGO;150814;BATHIN III ULU;DATA SEKOLAH;2022/2023 GENAP;SWASTA;SMA;0
15;JAMBI;1508;BUNGO;150814;BATHIN III ULU;DATA SEKOLAH;2022/2023 GENAP;SWASTA;SMK;0
15;JAMBI;1508;BUNGO;150814;BATHIN III ULU;DATA SEKOLAH;2022/2023 GENAP;SWASTA;SLB;0
15;JAMBI;1503;SAROLANGUN;150308;BATHIN VIII;DATA SEKOLAH;2022/2023 GENAP;SWASTA;TK;19
15;JAMBI;1503;SAROLANGUN;150308;BATHIN VIII;DATA SEKOLAH;2022/2023 GENAP;SWASTA;KB;19
15;JAMBI;1503;SAROLANGUN;150308;BATHIN VIII;DATA SEKOLAH;2022/2023 GENAP;SWASTA;TPA;0
15;JAMBI;1503;SAROLANGUN;150308;BATHIN VIII;DATA SEKOLAH;2022/2023 GENAP;SWASTA;SPS;1
15;JAMBI;1503;SAROLANGUN;150308;BATHIN VIII;DATA SEKOLAH;2022/2023 GENAP;SWASTA;PKBM;0
15;JAMBI;1503;SAROLANGUN;150308;BATHIN VIII;DATA SEKOLAH;2022/2023 GENAP;SWASTA;SKB;0
15;JAMBI;1503;SAROLANGUN;150308;BATHIN VIII;DATA SEKOLAH;2022/2023 GENAP;SWASTA;SD;2
15;JAMBI;1503;SAROLANGUN;150308;BATHIN VIII;DATA SEKOLAH;2022/2023 GENAP;SWASTA;SMP;2
15;JAMBI;1503;SAROLANGUN;150308;BATHIN VIII;DATA SEKOLAH;2022/2023 GENAP;SWASTA;SMA;3
15;JAMBI;1503;SAROLANGUN;150308;BATHIN VIII;DATA SEKOLAH;2022/2023 GENAP;SWASTA;SMK;1
15;JAMBI;1503;SAROLANGUN;150308;BATHIN VIII;DATA SEKOLAH;2022/2023 GENAP;SWASTA;SLB;0
15;JAMBI;1508;BUNGO;150810;BATIN II BABEKO;DATA SEKOLAH;2022/2023 GENAP;SWASTA;TK;3
15;JAMBI;1508;BUNGO;150810;BATIN II BABEKO;DATA SEKOLAH;2022/2023 GENAP;SWASTA;KB;7
15;JAMBI;1508;BUNGO;150810;BATIN II BABEKO;DATA SEKOLAH;2022/2023 GENAP;SWASTA;TPA;0
15;JAMBI;1508;BUNGO;150810;BATIN II BABEKO;DATA SEKOLAH;2022/2023 GENAP;SWASTA;SPS;0
15;JAMBI;1508;BUNGO;150810;BATIN II BABEKO;DATA SEKOLAH;2022/2023 GENAP;SWASTA;PKBM;1
15;JAMBI;1508;BUNGO;150810;BATIN II BABEKO;DATA SEKOLAH;2022/2023 GENAP;SWASTA;SKB;0
15;JAMBI;1508;BUNGO;150810;BATIN II BABEKO;DATA SEKOLAH;2022/2023 GENAP;SWASTA;SD;0
15;JAMBI;1508;BUNGO;150810;BATIN II BABEKO;DATA SEKOLAH;2022/2023 GENAP;SWASTA;SMP;1
15;JAMBI;1508;BUNGO;150810;BATIN II BABEKO;DATA SEKOLAH;2022/2023 GENAP;SWASTA;SMA;1
15;JAMBI;1508;BUNGO;150810;BATIN II BABEKO;DATA SEKOLAH;2022/2023 GENAP;SWASTA;SMK;0
15;JAMBI;1508;BUNGO;150810;BATIN II BABEKO;DATA SEKOLAH;2022/2023 GENAP;SWASTA;SLB;0
15;JAMBI;1504;BATANGHARI;150404;BATIN XXIV;DATA SEKOLAH;2022/2023 GENAP;SWASTA;TK;17
15;JAMBI;1504;BATANGHARI;150404;BATIN XXIV;DATA SEKOLAH;2022/2023 GENAP;SWASTA;KB;21
15;JAMBI;1504;BATANGHARI;150404;BATIN XXIV;DATA SEKOLAH;2022/2023 GENAP;SWASTA;TPA;0
15;JAMBI;1504;BATANGHARI;150404;BATIN XXIV;DATA SEKOLAH;2022/2023 GENAP;SWASTA;SPS;0
15;JAMBI;1504;BATANGHARI;150404;BATIN XXIV;DATA SEKOLAH;2022/2023 GENAP;SWASTA;PKBM;2
15;JAMBI;1504;BATANGHARI;150404;BATIN XXIV;DATA SEKOLAH;2022/2023 GENAP;SWASTA;SKB;0
15;JAMBI;1504;BATANGHARI;150404;BATIN XXIV;DATA SEKOLAH;2022/2023 GENAP;SWASTA;SD;0
15;JAMBI;1504;BATANGHARI;150404;BATIN XXIV;DATA SEKOLAH;2022/2023 GENAP;SWASTA;SMP;0
15;JAMBI;1504;BATANGHARI;150404;BATIN XXIV;DATA SEKOLAH;2022/2023 GENAP;SWASTA;SMA;0
15;JAMBI;1504;BATANGHARI;150404;BATIN XXIV;DATA SEKOLAH;2022/2023 GENAP;SWASTA;SMK;0
15;JAMBI;1504;BATANGHARI;150404;BATIN XXIV;DATA SEKOLAH;2022/2023 GENAP;SWASTA;SLB;0
15;JAMBI;1507;TANJUNG JABUNG TIMUR;150711;BERBAK;DATA SEKOLAH;2022/2023 GENAP;SWASTA;TK;2
15;JAMBI;1507;TANJUNG JABUNG TIMUR;150711;BERBAK;DATA SEKOLAH;2022/2023 GENAP;SWASTA;KB;16
15;JAMBI;1507;TANJUNG JABUNG TIMUR;150711;BERBAK;DATA SEKOLAH;2022/2023 GENAP;SWASTA;TPA;0
15;JAMBI;1507;TANJUNG JABUNG TIMUR;150711;BERBAK;DATA SEKOLAH;2022/2023 GENAP;SWASTA;SPS;0
15;JAMBI;1507;TANJUNG JABUNG TIMUR;150711;BERBAK;DATA SEKOLAH;2022/2023 GENAP;SWASTA;PKBM;2
15;JAMBI;1507;TANJUNG JABUNG TIMUR;150711;BERBAK;DATA SEKOLAH;2022/2023 GENAP;SWASTA;SKB;0
15;JAMBI;1507;TANJUNG JABUNG TIMUR;150711;BERBAK;DATA SEKOLAH;2022/2023 GENAP;SWASTA;SD;0
15;JAMBI;1507;TANJUNG JABUNG TIMUR;150711;BERBAK;DATA SEKOLAH;2022/2023 GENAP;SWASTA;SMP;0
15;JAMBI;1507;TANJUNG JABUNG TIMUR;150711;BERBAK;DATA SEKOLAH;2022/2023 GENAP;SWASTA;SMA;1
15;JAMBI;1507;TANJUNG JABUNG TIMUR;150711;BERBAK;DATA SEKOLAH;2022/2023 GENAP;SWASTA;SMK;0
15;JAMBI;1507;TANJUNG JABUNG TIMUR;150711;BERBAK;DATA SEKOLAH;2022/2023 GENAP;SWASTA;SLB;0
15;JAMBI;1506;TANJUNG JABUNG BARAT;150604;BETARA;DATA SEKOLAH;2022/2023 GENAP;SWASTA;TK;3
15;JAMBI;1506;TANJUNG JABUNG BARAT;150604;BETARA;DATA SEKOLAH;2022/2023 GENAP;SWASTA;KB;15
15;JAMBI;1506;TANJUNG JABUNG BARAT;150604;BETARA;DATA SEKOLAH;2022/2023 GENAP;SWASTA;TPA;0
15;JAMBI;1506;TANJUNG JABUNG BARAT;150604;BETARA;DATA SEKOLAH;2022/2023 GENAP;SWASTA;SPS;5
15;JAMBI;1506;TANJUNG JABUNG BARAT;150604;BETARA;DATA SEKOLAH;2022/2023 GENAP;SWASTA;PKBM;0
15;JAMBI;1506;TANJUNG JABUNG BARAT;150604;BETARA;DATA SEKOLAH;2022/2023 GENAP;SWASTA;SKB;0
15;JAMBI;1506;TANJUNG JABUNG BARAT;150604;BETARA;DATA SEKOLAH;2022/2023 GENAP;SWASTA;SD;0
15;JAMBI;1506;TANJUNG JABUNG BARAT;150604;BETARA;DATA SEKOLAH;2022/2023 GENAP;SWASTA;SMP;2
15;JAMBI;1506;TANJUNG JABUNG BARAT;150604;BETARA;DATA SEKOLAH;2022/2023 GENAP;SWASTA;SMA;3
15;JAMBI;1506;TANJUNG JABUNG BARAT;150604;BETARA;DATA SEKOLAH;2022/2023 GENAP;SWASTA;SMK;1
15;JAMBI;1506;TANJUNG JABUNG BARAT;150604;BETARA;DATA SEKOLAH;2022/2023 GENAP;SWASTA;SLB;0
15;JAMBI;1506;TANJUNG JABUNG BARAT;150611;BRAM ITAM;DATA SEKOLAH;2022/2023 GENAP;SWASTA;TK;1
15;JAMBI;1506;TANJUNG JABUNG BARAT;150611;BRAM ITAM;DATA SEKOLAH;2022/2023 GENAP;SWASTA;KB;12
15;JAMBI;1506;TANJUNG JABUNG BARAT;150611;BRAM ITAM;DATA SEKOLAH;2022/2023 GENAP;SWASTA;TPA;0
15;JAMBI;1506;TANJUNG JABUNG BARAT;150611;BRAM ITAM;DATA SEKOLAH;2022/2023 GENAP;SWASTA;SPS;3
15;JAMBI;1506;TANJUNG JABUNG BARAT;150611;BRAM ITAM;DATA SEKOLAH;2022/2023 GENAP;SWASTA;PKBM;0
15;JAMBI;1506;TANJUNG JABUNG BARAT;150611;BRAM ITAM;DATA SEKOLAH;2022/2023 GENAP;SWASTA;SKB;0
15;JAMBI;1506;TANJUNG JABUNG BARAT;150611;BRAM ITAM;DATA SEKOLAH;2022/2023 GENAP;SWASTA;SD;0
15;JAMBI;1506;TANJUNG JABUNG BARAT;150611;BRAM ITAM;DATA SEKOLAH;2022/2023 GENAP;SWASTA;SMP;0
15;JAMBI;1506;TANJUNG JABUNG BARAT;150611;BRAM ITAM;DATA SEKOLAH;2022/2023 GENAP;SWASTA;SMA;1
15;JAMBI;1506;TANJUNG JABUNG BARAT;150611;BRAM ITAM;DATA SEKOLAH;2022/2023 GENAP;SWASTA;SMK;0
15;JAMBI;1506;TANJUNG JABUNG BARAT;150611;BRAM ITAM;DATA SEKOLAH;2022/2023 GENAP;SWASTA;SLB;0
15;JAMBI;1501;KERINCI;150120;BUKITKERMAN;DATA SEKOLAH;2022/2023 GENAP;SWASTA;TK;4
15;JAMBI;1501;KERINCI;150120;BUKITKERMAN;DATA SEKOLAH;2022/2023 GENAP;SWASTA;KB;15
15;JAMBI;1501;KERINCI;150120;BUKITKERMAN;DATA SEKOLAH;2022/2023 GENAP;SWASTA;TPA;0
15;JAMBI;1501;KERINCI;150120;BUKITKERMAN;DATA SEKOLAH;2022/2023 GENAP;SWASTA;SPS;0
15;JAMBI;1501;KERINCI;150120;BUKITKERMAN;DATA SEKOLAH;2022/2023 GENAP;SWASTA;PKBM;0
15;JAMBI;1501;KERINCI;150120;BUKITKERMAN;DATA SEKOLAH;2022/2023 GENAP;SWASTA;SKB;0
15;JAMBI;1501;KERINCI;150120;BUKITKERMAN;DATA SEKOLAH;2022/2023 GENAP;SWASTA;SD;0
15;JAMBI;1501;KERINCI;150120;BUKITKERMAN;DATA SEKOLAH;2022/2023 GENAP;SWASTA;SMP;0
15;JAMBI;1501;KERINCI;150120;BUKITKERMAN;DATA SEKOLAH;2022/2023 GENAP;SWASTA;SMA;0
15;JAMBI;1501;KERINCI;150120;BUKITKERMAN;DATA SEKOLAH;2022/2023 GENAP;SWASTA;SMK;0
15;JAMBI;1501;KERINCI;150120;BUKITKERMAN;DATA SEKOLAH;2022/2023 GENAP;SWASTA;SLB;0
15;JAMBI;1508;BUNGO;150812;BUNGO DANI;DATA SEKOLAH;2022/2023 GENAP;SWASTA;TK;5
15;JAMBI;1508;BUNGO;150812;BUNGO DANI;DATA SEKOLAH;2022/2023 GENAP;SWASTA;KB;12
15;JAMBI;1508;BUNGO;150812;BUNGO DANI;DATA SEKOLAH;2022/2023 GENAP;SWASTA;TPA;0
15;JAMBI;1508;BUNGO;150812;BUNGO DANI;DATA SEKOLAH;2022/2023 GENAP;SWASTA;SPS;3
15;JAMBI;1508;BUNGO;150812;BUNGO DANI;DATA SEKOLAH;2022/2023 GENAP;SWASTA;PKBM;5
15;JAMBI;1508;BUNGO;150812;BUNGO DANI;DATA SEKOLAH;2022/2023 GENAP;SWASTA;SKB;0
15;JAMBI;1508;BUNGO;150812;BUNGO DANI;DATA SEKOLAH;2022/2023 GENAP;SWASTA;SD;0
15;JAMBI;1508;BUNGO;150812;BUNGO DANI;DATA SEKOLAH;2022/2023 GENAP;SWASTA;SMP;0
15;JAMBI;1508;BUNGO;150812;BUNGO DANI;DATA SEKOLAH;2022/2023 GENAP;SWASTA;SMA;0
15;JAMBI;1508;BUNGO;150812;BUNGO DANI;DATA SEKOLAH;2022/2023 GENAP;SWASTA;SMK;1
15;JAMBI;1508;BUNGO;150812;BUNGO DANI;DATA SEKOLAH;2022/2023 GENAP;SWASTA;SLB;0
15;JAMBI;1503;SAROLANGUN;150310;CERMIN NAN GEDANG;DATA SEKOLAH;2022/2023 GENAP;SWASTA;TK;11
15;JAMBI;1503;SAROLANGUN;150310;CERMIN NAN GEDANG;DATA SEKOLAH;2022/2023 GENAP;SWASTA;KB;19
15;JAMBI;1503;SAROLANGUN;150310;CERMIN NAN GEDANG;DATA SEKOLAH;2022/2023 GENAP;SWASTA;TPA;0
15;JAMBI;1503;SAROLANGUN;150310;CERMIN NAN GEDANG;DATA SEKOLAH;2022/2023 GENAP;SWASTA;SPS;0
15;JAMBI;1503;SAROLANGUN;150310;CERMIN NAN GEDANG;DATA SEKOLAH;2022/2023 GENAP;SWASTA;PKBM;1
15;JAMBI;1503;SAROLANGUN;150310;CERMIN NAN GEDANG;DATA SEKOLAH;2022/2023 GENAP;SWASTA;SKB;0
15;JAMBI;1503;SAROLANGUN;150310;CERMIN NAN GEDANG;DATA SEKOLAH;2022/2023 GENAP;SWASTA;SD;0
15;JAMBI;1503;SAROLANGUN;150310;CERMIN NAN GEDANG;DATA SEKOLAH;2022/2023 GENAP;SWASTA;SMP;2
15;JAMBI;1503;SAROLANGUN;150310;CERMIN NAN GEDANG;DATA SEKOLAH;2022/2023 GENAP;SWASTA;SMA;0
15;JAMBI;1503;SAROLANGUN;150310;CERMIN NAN GEDANG;DATA SEKOLAH;2022/2023 GENAP;SWASTA;SMK;0
15;JAMBI;1503;SAROLANGUN;150310;CERMIN NAN GEDANG;DATA SEKOLAH;2022/2023 GENAP;SWASTA;SLB;0
15;JAMBI;1501;KERINCI;150102;DANAU KERINCI;DATA SEKOLAH;2022/2023 GENAP;SWASTA;TK;6
15;JAMBI;1501;KERINCI;150102;DANAU KERINCI;DATA SEKOLAH;2022/2023 GENAP;SWASTA;KB;11
15;JAMBI;1501;KERINCI;150102;DANAU KERINCI;DATA SEKOLAH;2022/2023 GENAP;SWASTA;TPA;0
15;JAMBI;1501;KERINCI;150102;DANAU KERINCI;DATA SEKOLAH;2022/2023 GENAP;SWASTA;SPS;0
15;JAMBI;1501;KERINCI;150102;DANAU KERINCI;DATA SEKOLAH;2022/2023 GENAP;SWASTA;PKBM;4
15;JAMBI;1501;KERINCI;150102;DANAU KERINCI;DATA SEKOLAH;2022/2023 GENAP;SWASTA;SKB;0
15;JAMBI;1501;KERINCI;150102;DANAU KERINCI;DATA SEKOLAH;2022/2023 GENAP;SWASTA;SD;0
15;JAMBI;1501;KERINCI;150102;DANAU KERINCI;DATA SEKOLAH;2022/2023 GENAP;SWASTA;SMP;0
15;JAMBI;1501;KERINCI;150102;DANAU KERINCI;DATA SEKOLAH;2022/2023 GENAP;SWASTA;SMA;0
15;JAMBI;1501;KERINCI;150102;DANAU KERINCI;DATA SEKOLAH;2022/2023 GENAP;SWASTA;SMK;0
15;JAMBI;1501;KERINCI;150102;DANAU KERINCI;DATA SEKOLAH;2022/2023 GENAP;SWASTA;SLB;0
15;JAMBI;1571;KOTA JAMBI;157110;DANAU SIPIN;DATA SEKOLAH;2022/2023 GENAP;SWASTA;TK;14
15;JAMBI;1571;KOTA JAMBI;157110;DANAU SIPIN;DATA SEKOLAH;2022/2023 GENAP;SWASTA;KB;7
15;JAMBI;1571;KOTA JAMBI;157110;DANAU SIPIN;DATA SEKOLAH;2022/2023 GENAP;SWASTA;TPA;2
15;JAMBI;1571;KOTA JAMBI;157110;DANAU SIPIN;DATA SEKOLAH;2022/2023 GENAP;SWASTA;SPS;2
15;JAMBI;1571;KOTA JAMBI;157110;DANAU SIPIN;DATA SEKOLAH;2022/2023 GENAP;SWASTA;PKBM;0
15;JAMBI;1571;KOTA JAMBI;157110;DANAU SIPIN;DATA SEKOLAH;2022/2023 GENAP;SWASTA;SKB;0
15;JAMBI;1571;KOTA JAMBI;157110;DANAU SIPIN;DATA SEKOLAH;2022/2023 GENAP;SWASTA;SD;5
15;JAMBI;1571;KOTA JAMBI;157110;DANAU SIPIN;DATA SEKOLAH;2022/2023 GENAP;SWASTA;SMP;5
15;JAMBI;1571;KOTA JAMBI;157110;DANAU SIPIN;DATA SEKOLAH;2022/2023 GENAP;SWASTA;SMA;7
15;JAMBI;1571;KOTA JAMBI;157110;DANAU SIPIN;DATA SEKOLAH;2022/2023 GENAP;SWASTA;SMK;5
15;JAMBI;1571;KOTA JAMBI;157110;DANAU SIPIN;DATA SEKOLAH;2022/2023 GENAP;SWASTA;SLB;0
15;JAMBI;1571;KOTA JAMBI;157106;DANAU TELUK;DATA SEKOLAH;2022/2023 GENAP;SWASTA;TK;3
15;JAMBI;1571;KOTA JAMBI;157106;DANAU TELUK;DATA SEKOLAH;2022/2023 GENAP;SWASTA;KB;6
15;JAMBI;1571;KOTA JAMBI;157106;DANAU TELUK;DATA SEKOLAH;2022/2023 GENAP;SWASTA;TPA;0
15;JAMBI;1571;KOTA JAMBI;157106;DANAU TELUK;DATA SEKOLAH;2022/2023 GENAP;SWASTA;SPS;0
15;JAMBI;1571;KOTA JAMBI;157106;DANAU TELUK;DATA SEKOLAH;2022/2023 GENAP;SWASTA;PKBM;0
15;JAMBI;1571;KOTA JAMBI;157106;DANAU TELUK;DATA SEKOLAH;2022/2023 GENAP;SWASTA;SKB;0
15;JAMBI;1571;KOTA JAMBI;157106;DANAU TELUK;DATA SEKOLAH;2022/2023 GENAP;SWASTA;SD;1
15;JAMBI;1571;KOTA JAMBI;157106;DANAU TELUK;DATA SEKOLAH;2022/2023 GENAP;SWASTA;SMP;0
15;JAMBI;1571;KOTA JAMBI;157106;DANAU TELUK;DATA SEKOLAH;2022/2023 GENAP;SWASTA;SMA;0
15;JAMBI;1571;KOTA JAMBI;157106;DANAU TELUK;DATA SEKOLAH;2022/2023 GENAP;SWASTA;SMK;0
15;JAMBI;1571;KOTA JAMBI;157106;DANAU TELUK;DATA SEKOLAH;2022/2023 GENAP;SWASTA;SLB;0
15;JAMBI;1507;TANJUNG JABUNG TIMUR;150706;DENDANG;DATA SEKOLAH;2022/2023 GENAP;SWASTA;TK;4
15;JAMBI;1507;TANJUNG JABUNG TIMUR;150706;DENDANG;DATA SEKOLAH;2022/2023 GENAP;SWASTA;KB;21
15;JAMBI;1507;TANJUNG JABUNG TIMUR;150706;DENDANG;DATA SEKOLAH;2022/2023 GENAP;SWASTA;TPA;0
15;JAMBI;1507;TANJUNG JABUNG TIMUR;150706;DENDANG;DATA SEKOLAH;2022/2023 GENAP;SWASTA;SPS;0
15;JAMBI;1507;TANJUNG JABUNG TIMUR;150706;DENDANG;DATA SEKOLAH;2022/2023 GENAP;SWASTA;PKBM;1
15;JAMBI;1507;TANJUNG JABUNG TIMUR;150706;DENDANG;DATA SEKOLAH;2022/2023 GENAP;SWASTA;SKB;0
15;JAMBI;1507;TANJUNG JABUNG TIMUR;150706;DENDANG;DATA SEKOLAH;2022/2023 GENAP;SWASTA;SD;0
15;JAMBI;1507;TANJUNG JABUNG TIMUR;150706;DENDANG;DATA SEKOLAH;2022/2023 GENAP;SWASTA;SMP;0
15;JAMBI;1507;TANJUNG JABUNG TIMUR;150706;DENDANG;DATA SEKOLAH;2022/2023 GENAP;SWASTA;SMA;0
15;JAMBI;1507;TANJUNG JABUNG TIMUR;150706;DENDANG;DATA SEKOLAH;2022/2023 GENAP;SWASTA;SMK;0
15;JAMBI;1507;TANJUNG JABUNG TIMUR;150706;DENDANG;DATA SEKOLAH;2022/2023 GENAP;SWASTA;SLB;0
15;JAMBI;1501;KERINCI;150117;DEPATI TUJUH;DATA SEKOLAH;2022/2023 GENAP;SWASTA;TK;8
15;JAMBI;1501;KERINCI;150117;DEPATI TUJUH;DATA SEKOLAH;2022/2023 GENAP;SWASTA;KB;23
15;JAMBI;1501;KERINCI;150117;DEPATI TUJUH;DATA SEKOLAH;2022/2023 GENAP;SWASTA;TPA;0
15;JAMBI;1501;KERINCI;150117;DEPATI TUJUH;DATA SEKOLAH;2022/2023 GENAP;SWASTA;SPS;4
15;JAMBI;1501;KERINCI;150117;DEPATI TUJUH;DATA SEKOLAH;2022/2023 GENAP;SWASTA;PKBM;2
15;JAMBI;1501;KERINCI;150117;DEPATI TUJUH;DATA SEKOLAH;2022/2023 GENAP;SWASTA;SKB;0
15;JAMBI;1501;KERINCI;150117;DEPATI TUJUH;DATA SEKOLAH;2022/2023 GENAP;SWASTA;SD;0
15;JAMBI;1501;KERINCI;150117;DEPATI TUJUH;DATA SEKOLAH;2022/2023 GENAP;SWASTA;SMP;0
15;JAMBI;1501;KERINCI;150117;DEPATI TUJUH;DATA SEKOLAH;2022/2023 GENAP;SWASTA;SMA;0
15;JAMBI;1501;KERINCI;150117;DEPATI TUJUH;DATA SEKOLAH;2022/2023 GENAP;SWASTA;SMK;0
15;JAMBI;1501;KERINCI;150117;DEPATI TUJUH;DATA SEKOLAH;2022/2023 GENAP;SWASTA;SLB;0
15;JAMBI;1507;TANJUNG JABUNG TIMUR;150710;GERAGAI;DATA SEKOLAH;2022/2023 GENAP;SWASTA;TK;3
15;JAMBI;1507;TANJUNG JABUNG TIMUR;150710;GERAGAI;DATA SEKOLAH;2022/2023 GENAP;SWASTA;KB;19
15;JAMBI;1507;TANJUNG JABUNG TIMUR;150710;GERAGAI;DATA SEKOLAH;2022/2023 GENAP;SWASTA;TPA;0
15;JAMBI;1507;TANJUNG JABUNG TIMUR;150710;GERAGAI;DATA SEKOLAH;2022/2023 GENAP;SWASTA;SPS;0
15;JAMBI;1507;TANJUNG JABUNG TIMUR;150710;GERAGAI;DATA SEKOLAH;2022/2023 GENAP;SWASTA;PKBM;1
15;JAMBI;1507;TANJUNG JABUNG TIMUR;150710;GERAGAI;DATA SEKOLAH;2022/2023 GENAP;SWASTA;SKB;0
15;JAMBI;1507;TANJUNG JABUNG TIMUR;150710;GERAGAI;DATA SEKOLAH;2022/2023 GENAP;SWASTA;SD;0
15;JAMBI;1507;TANJUNG JABUNG TIMUR;150710;GERAGAI;DATA SEKOLAH;2022/2023 GENAP;SWASTA;SMP;0
15;JAMBI;1507;TANJUNG JABUNG TIMUR;150710;GERAGAI;DATA SEKOLAH;2022/2023 GENAP;SWASTA;SMA;0
15;JAMBI;1507;TANJUNG JABUNG TIMUR;150710;GERAGAI;DATA SEKOLAH;2022/2023 GENAP;SWASTA;SMK;0
15;JAMBI;1507;TANJUNG JABUNG TIMUR;150710;GERAGAI;DATA SEKOLAH;2022/2023 GENAP;SWASTA;SLB;0
15;JAMBI;1501;KERINCI;150106;GUNUNG KERINCI;DATA SEKOLAH;2022/2023 GENAP;SWASTA;TK;1
15;JAMBI;1501;KERINCI;150106;GUNUNG KERINCI;DATA SEKOLAH;2022/2023 GENAP;SWASTA;KB;19
15;JAMBI;1501;KERINCI;150106;GUNUNG KERINCI;DATA SEKOLAH;2022/2023 GENAP;SWASTA;TPA;0
15;JAMBI;1501;KERINCI;150106;GUNUNG KERINCI;DATA SEKOLAH;2022/2023 GENAP;SWASTA;SPS;1
15;JAMBI;1501;KERINCI;150106;GUNUNG KERINCI;DATA SEKOLAH;2022/2023 GENAP;SWASTA;PKBM;8
15;JAMBI;1501;KERINCI;150106;GUNUNG KERINCI;DATA SEKOLAH;2022/2023 GENAP;SWASTA;SKB;0
15;JAMBI;1501;KERINCI;150106;GUNUNG KERINCI;DATA SEKOLAH;2022/2023 GENAP;SWASTA;SD;0
15;JAMBI;1501;KERINCI;150106;GUNUNG KERINCI;DATA SEKOLAH;2022/2023 GENAP;SWASTA;SMP;0
15;JAMBI;1501;KERINCI;150106;GUNUNG KERINCI;DATA SEKOLAH;2022/2023 GENAP;SWASTA;SMA;0
15;JAMBI;1501;KERINCI;150106;GUNUNG KERINCI;DATA SEKOLAH;2022/2023 GENAP;SWASTA;SMK;0
15;JAMBI;1501;KERINCI;150106;GUNUNG KERINCI;DATA SEKOLAH;2022/2023 GENAP;SWASTA;SLB;0
15;JAMBI;1501;KERINCI;150101;GUNUNG RAYA;DATA SEKOLAH;2022/2023 GENAP;SWASTA;TK;2
15;JAMBI;1501;KERINCI;150101;GUNUNG RAYA;DATA SEKOLAH;2022/2023 GENAP;SWASTA;KB;9
15;JAMBI;1501;KERINCI;150101;GUNUNG RAYA;DATA SEKOLAH;2022/2023 GENAP;SWASTA;TPA;0
15;JAMBI;1501;KERINCI;150101;GUNUNG RAYA;DATA SEKOLAH;2022/2023 GENAP;SWASTA;SPS;1
15;JAMBI;1501;KERINCI;150101;GUNUNG RAYA;DATA SEKOLAH;2022/2023 GENAP;SWASTA;PKBM;0
15;JAMBI;1501;KERINCI;150101;GUNUNG RAYA;DATA SEKOLAH;2022/2023 GENAP;SWASTA;SKB;0
15;JAMBI;1501;KERINCI;150101;GUNUNG RAYA;DATA SEKOLAH;2022/2023 GENAP;SWASTA;SD;0
15;JAMBI;1501;KERINCI;150101;GUNUNG RAYA;DATA SEKOLAH;2022/2023 GENAP;SWASTA;SMP;0
15;JAMBI;1501;KERINCI;150101;GUNUNG RAYA;DATA SEKOLAH;2022/2023 GENAP;SWASTA;SMA;0
15;JAMBI;1501;KERINCI;150101;GUNUNG RAYA;DATA SEKOLAH;2022/2023 GENAP;SWASTA;SMK;0
15;JAMBI;1501;KERINCI;150101;GUNUNG RAYA;DATA SEKOLAH;2022/2023 GENAP;SWASTA;SLB;0
15;JAMBI;1501;KERINCI;150115;GUNUNG TUJUH;DATA SEKOLAH;2022/2023 GENAP;SWASTA;TK;1
15;JAMBI;1501;KERINCI;150115;GUNUNG TUJUH;DATA SEKOLAH;2022/2023 GENAP;SWASTA;KB;15
15;JAMBI;1501;KERINCI;150115;GUNUNG TUJUH;DATA SEKOLAH;2022/2023 GENAP;SWASTA;TPA;0
15;JAMBI;1501;KERINCI;150115;GUNUNG TUJUH;DATA SEKOLAH;2022/2023 GENAP;SWASTA;SPS;0
15;JAMBI;1501;KERINCI;150115;GUNUNG TUJUH;DATA SEKOLAH;2022/2023 GENAP;SWASTA;PKBM;2
15;JAMBI;1501;KERINCI;150115;GUNUNG TUJUH;DATA SEKOLAH;2022/2023 GENAP;SWASTA;SKB;0
15;JAMBI;1501;KERINCI;150115;GUNUNG TUJUH;DATA SEKOLAH;2022/2023 GENAP;SWASTA;SD;1
15;JAMBI;1501;KERINCI;150115;GUNUNG TUJUH;DATA SEKOLAH;2022/2023 GENAP;SWASTA;SMP;0
15;JAMBI;1501;KERINCI;150115;GUNUNG TUJUH;DATA SEKOLAH;2022/2023 GENAP;SWASTA;SMA;0
15;JAMBI;1501;KERINCI;150115;GUNUNG TUJUH;DATA SEKOLAH;2022/2023 GENAP;SWASTA;SMK;0
15;JAMBI;1501;KERINCI;150115;GUNUNG TUJUH;DATA SEKOLAH;2022/2023 GENAP;SWASTA;SLB;0
15;JAMBI;1572;KOTA SUNGAI PENUH;157203;HAMPARAN RAWANG;DATA SEKOLAH;2022/2023 GENAP;SWASTA;TK;6
15;JAMBI;1572;KOTA SUNGAI PENUH;157203;HAMPARAN RAWANG;DATA SEKOLAH;2022/2023 GENAP;SWASTA;KB;14
15;JAMBI;1572;KOTA SUNGAI PENUH;157203;HAMPARAN RAWANG;DATA SEKOLAH;2022/2023 GENAP;SWASTA;TPA;0
15;JAMBI;1572;KOTA SUNGAI PENUH;157203;HAMPARAN RAWANG;DATA SEKOLAH;2022/2023 GENAP;SWASTA;SPS;8
15;JAMBI;1572;KOTA SUNGAI PENUH;157203;HAMPARAN RAWANG;DATA SEKOLAH;2022/2023 GENAP;SWASTA;PKBM;2
15;JAMBI;1572;KOTA SUNGAI PENUH;157203;HAMPARAN RAWANG;DATA SEKOLAH;2022/2023 GENAP;SWASTA;SKB;0
15;JAMBI;1572;KOTA SUNGAI PENUH;157203;HAMPARAN RAWANG;DATA SEKOLAH;2022/2023 GENAP;SWASTA;SD;0
15;JAMBI;1572;KOTA SUNGAI PENUH;157203;HAMPARAN RAWANG;DATA SEKOLAH;2022/2023 GENAP;SWASTA;SMP;0
15;JAMBI;1572;KOTA SUNGAI PENUH;157203;HAMPARAN RAWANG;DATA SEKOLAH;2022/2023 GENAP;SWASTA;SMA;0
15;JAMBI;1572;KOTA SUNGAI PENUH;157203;HAMPARAN RAWANG;DATA SEKOLAH;2022/2023 GENAP;SWASTA;SMK;0
15;JAMBI;1572;KOTA SUNGAI PENUH;157203;HAMPARAN RAWANG;DATA SEKOLAH;2022/2023 GENAP;SWASTA;SLB;0
15;JAMBI;1505;MUARO JAMBI;150501;JAMBI LUAR KOTA;DATA SEKOLAH;2022/2023 GENAP;SWASTA;TK;41
15;JAMBI;1505;MUARO JAMBI;150501;JAMBI LUAR KOTA;DATA SEKOLAH;2022/2023 GENAP;SWASTA;KB;18
15;JAMBI;1505;MUARO JAMBI;150501;JAMBI LUAR KOTA;DATA SEKOLAH;2022/2023 GENAP;SWASTA;TPA;2
15;JAMBI;1505;MUARO JAMBI;150501;JAMBI LUAR KOTA;DATA SEKOLAH;2022/2023 GENAP;SWASTA;SPS;2
15;JAMBI;1505;MUARO JAMBI;150501;JAMBI LUAR KOTA;DATA SEKOLAH;2022/2023 GENAP;SWASTA;PKBM;2
15;JAMBI;1505;MUARO JAMBI;150501;JAMBI LUAR KOTA;DATA SEKOLAH;2022/2023 GENAP;SWASTA;SKB;0
15;JAMBI;1505;MUARO JAMBI;150501;JAMBI LUAR KOTA;DATA SEKOLAH;2022/2023 GENAP;SWASTA;SD;4
15;JAMBI;1505;MUARO JAMBI;150501;JAMBI LUAR KOTA;DATA SEKOLAH;2022/2023 GENAP;SWASTA;SMP;0
15;JAMBI;1505;MUARO JAMBI;150501;JAMBI LUAR KOTA;DATA SEKOLAH;2022/2023 GENAP;SWASTA;SMA;0
15;JAMBI;1505;MUARO JAMBI;150501;JAMBI LUAR KOTA;DATA SEKOLAH;2022/2023 GENAP;SWASTA;SMK;0
15;JAMBI;1505;MUARO JAMBI;150501;JAMBI LUAR KOTA;DATA SEKOLAH;2022/2023 GENAP;SWASTA;SLB;0
15;JAMBI;1571;KOTA JAMBI;157102;JAMBI SELATAN;DATA SEKOLAH;2022/2023 GENAP;SWASTA;TK;19
15;JAMBI;1571;KOTA JAMBI;157102;JAMBI SELATAN;DATA SEKOLAH;2022/2023 GENAP;SWASTA;KB;9
15;JAMBI;1571;KOTA JAMBI;157102;JAMBI SELATAN;DATA SEKOLAH;2022/2023 GENAP;SWASTA;TPA;0
15;JAMBI;1571;KOTA JAMBI;157102;JAMBI SELATAN;DATA SEKOLAH;2022/2023 GENAP;SWASTA;SPS;1
15;JAMBI;1571;KOTA JAMBI;157102;JAMBI SELATAN;DATA SEKOLAH;2022/2023 GENAP;SWASTA;PKBM;1
15;JAMBI;1571;KOTA JAMBI;157102;JAMBI SELATAN;DATA SEKOLAH;2022/2023 GENAP;SWASTA;SKB;0
15;JAMBI;1571;KOTA JAMBI;157102;JAMBI SELATAN;DATA SEKOLAH;2022/2023 GENAP;SWASTA;SD;7
15;JAMBI;1571;KOTA JAMBI;157102;JAMBI SELATAN;DATA SEKOLAH;2022/2023 GENAP;SWASTA;SMP;8
15;JAMBI;1571;KOTA JAMBI;157102;JAMBI SELATAN;DATA SEKOLAH;2022/2023 GENAP;SWASTA;SMA;5
15;JAMBI;1571;KOTA JAMBI;157102;JAMBI SELATAN;DATA SEKOLAH;2022/2023 GENAP;SWASTA;SMK;3
15;JAMBI;1571;KOTA JAMBI;157102;JAMBI SELATAN;DATA SEKOLAH;2022/2023 GENAP;SWASTA;SLB;1
15;JAMBI;1571;KOTA JAMBI;157103;JAMBI TIMUR;DATA SEKOLAH;2022/2023 GENAP;SWASTA;TK;19
15;JAMBI;1571;KOTA JAMBI;157103;JAMBI TIMUR;DATA SEKOLAH;2022/2023 GENAP;SWASTA;KB;9
15;JAMBI;1571;KOTA JAMBI;157103;JAMBI TIMUR;DATA SEKOLAH;2022/2023 GENAP;SWASTA;TPA;0
15;JAMBI;1571;KOTA JAMBI;157103;JAMBI TIMUR;DATA SEKOLAH;2022/2023 GENAP;SWASTA;SPS;1
15;JAMBI;1571;KOTA JAMBI;157103;JAMBI TIMUR;DATA SEKOLAH;2022/2023 GENAP;SWASTA;PKBM;2
15;JAMBI;1571;KOTA JAMBI;157103;JAMBI TIMUR;DATA SEKOLAH;2022/2023 GENAP;SWASTA;SKB;0
15;JAMBI;1571;KOTA JAMBI;157103;JAMBI TIMUR;DATA SEKOLAH;2022/2023 GENAP;SWASTA;SD;7
15;JAMBI;1571;KOTA JAMBI;157103;JAMBI TIMUR;DATA SEKOLAH;2022/2023 GENAP;SWASTA;SMP;7
15;JAMBI;1571;KOTA JAMBI;157103;JAMBI TIMUR;DATA SEKOLAH;2022/2023 GENAP;SWASTA;SMA;4
15;JAMBI;1571;KOTA JAMBI;157103;JAMBI TIMUR;DATA SEKOLAH;2022/2023 GENAP;SWASTA;SMK;4
15;JAMBI;1571;KOTA JAMBI;157103;JAMBI TIMUR;DATA SEKOLAH;2022/2023 GENAP;SWASTA;SLB;2
15;JAMBI;1502;MERANGIN;150201;JANGKAT;DATA SEKOLAH;2022/2023 GENAP;SWASTA;TK;7
15;JAMBI;1502;MERANGIN;150201;JANGKAT;DATA SEKOLAH;2022/2023 GENAP;SWASTA;KB;1
15;JAMBI;1502;MERANGIN;150201;JANGKAT;DATA SEKOLAH;2022/2023 GENAP;SWASTA;TPA;0
15;JAMBI;1502;MERANGIN;150201;JANGKAT;DATA SEKOLAH;2022/2023 GENAP;SWASTA;SPS;0
15;JAMBI;1502;MERANGIN;150201;JANGKAT;DATA SEKOLAH;2022/2023 GENAP;SWASTA;PKBM;1
15;JAMBI;1502;MERANGIN;150201;JANGKAT;DATA SEKOLAH;2022/2023 GENAP;SWASTA;SKB;0
15;JAMBI;1502;MERANGIN;150201;JANGKAT;DATA SEKOLAH;2022/2023 GENAP;SWASTA;SD;0
15;JAMBI;1502;MERANGIN;150201;JANGKAT;DATA SEKOLAH;2022/2023 GENAP;SWASTA;SMP;0
15;JAMBI;1502;MERANGIN;150201;JANGKAT;DATA SEKOLAH;2022/2023 GENAP;SWASTA;SMA;0
15;JAMBI;1502;MERANGIN;150201;JANGKAT;DATA SEKOLAH;2022/2023 GENAP;SWASTA;SMK;0
15;JAMBI;1502;MERANGIN;150201;JANGKAT;DATA SEKOLAH;2022/2023 GENAP;SWASTA;SLB;0
15;JAMBI;1502;MERANGIN;150218;JANGKAT TIMUR;DATA SEKOLAH;2022/2023 GENAP;SWASTA;TK;9
15;JAMBI;1502;MERANGIN;150218;JANGKAT TIMUR;DATA SEKOLAH;2022/2023 GENAP;SWASTA;KB;3
15;JAMBI;1502;MERANGIN;150218;JANGKAT TIMUR;DATA SEKOLAH;2022/2023 GENAP;SWASTA;TPA;0
15;JAMBI;1502;MERANGIN;150218;JANGKAT TIMUR;DATA SEKOLAH;2022/2023 GENAP;SWASTA;SPS;0
15;JAMBI;1502;MERANGIN;150218;JANGKAT TIMUR;DATA SEKOLAH;2022/2023 GENAP;SWASTA;PKBM;0
15;JAMBI;1502;MERANGIN;150218;JANGKAT TIMUR;DATA SEKOLAH;2022/2023 GENAP;SWASTA;SKB;0
15;JAMBI;1502;MERANGIN;150218;JANGKAT TIMUR;DATA SEKOLAH;2022/2023 GENAP;SWASTA;SD;0
15;JAMBI;1502;MERANGIN;150218;JANGKAT TIMUR;DATA SEKOLAH;2022/2023 GENAP;SWASTA;SMP;0
15;JAMBI;1502;MERANGIN;150218;JANGKAT TIMUR;DATA SEKOLAH;2022/2023 GENAP;SWASTA;SMA;0
15;JAMBI;1502;MERANGIN;150218;JANGKAT TIMUR;DATA SEKOLAH;2022/2023 GENAP;SWASTA;SMK;0
15;JAMBI;1502;MERANGIN;150218;JANGKAT TIMUR;DATA SEKOLAH;2022/2023 GENAP;SWASTA;SLB;0
15;JAMBI;1571;KOTA JAMBI;157108;JELUTUNG;DATA SEKOLAH;2022/2023 GENAP;SWASTA;TK;15
15;JAMBI;1571;KOTA JAMBI;157108;JELUTUNG;DATA SEKOLAH;2022/2023 GENAP;SWASTA;KB;9
15;JAMBI;1571;KOTA JAMBI;157108;JELUTUNG;DATA SEKOLAH;2022/2023 GENAP;SWASTA;TPA;1
15;JAMBI;1571;KOTA JAMBI;157108;JELUTUNG;DATA SEKOLAH;2022/2023 GENAP;SWASTA;SPS;1
15;JAMBI;1571;KOTA JAMBI;157108;JELUTUNG;DATA SEKOLAH;2022/2023 GENAP;SWASTA;PKBM;2
15;JAMBI;1571;KOTA JAMBI;157108;JELUTUNG;DATA SEKOLAH;2022/2023 GENAP;SWASTA;SKB;0
15;JAMBI;1571;KOTA JAMBI;157108;JELUTUNG;DATA SEKOLAH;2022/2023 GENAP;SWASTA;SD;7
15;JAMBI;1571;KOTA JAMBI;157108;JELUTUNG;DATA SEKOLAH;2022/2023 GENAP;SWASTA;SMP;6
15;JAMBI;1571;KOTA JAMBI;157108;JELUTUNG;DATA SEKOLAH;2022/2023 GENAP;SWASTA;SMA;5
15;JAMBI;1571;KOTA JAMBI;157108;JELUTUNG;DATA SEKOLAH;2022/2023 GENAP;SWASTA;SMK;2
15;JAMBI;1571;KOTA JAMBI;157108;JELUTUNG;DATA SEKOLAH;2022/2023 GENAP;SWASTA;SLB;0
15;JAMBI;1508;BUNGO;150804;JUJUHAN;DATA SEKOLAH;2022/2023 GENAP;SWASTA;TK;3
15;JAMBI;1508;BUNGO;150804;JUJUHAN;DATA SEKOLAH;2022/2023 GENAP;SWASTA;KB;11
15;JAMBI;1508;BUNGO;150804;JUJUHAN;DATA SEKOLAH;2022/2023 GENAP;SWASTA;TPA;0
15;JAMBI;1508;BUNGO;150804;JUJUHAN;DATA SEKOLAH;2022/2023 GENAP;SWASTA;SPS;0
15;JAMBI;1508;BUNGO;150804;JUJUHAN;DATA SEKOLAH;2022/2023 GENAP;SWASTA;PKBM;1
15;JAMBI;1508;BUNGO;150804;JUJUHAN;DATA SEKOLAH;2022/2023 GENAP;SWASTA;SKB;0
15;JAMBI;1508;BUNGO;150804;JUJUHAN;DATA SEKOLAH;2022/2023 GENAP;SWASTA;SD;0
15;JAMBI;1508;BUNGO;150804;JUJUHAN;DATA SEKOLAH;2022/2023 GENAP;SWASTA;SMP;0
15;JAMBI;1508;BUNGO;150804;JUJUHAN;DATA SEKOLAH;2022/2023 GENAP;SWASTA;SMA;0
15;JAMBI;1508;BUNGO;150804;JUJUHAN;DATA SEKOLAH;2022/2023 GENAP;SWASTA;SMK;1
15;JAMBI;1508;BUNGO;150804;JUJUHAN;DATA SEKOLAH;2022/2023 GENAP;SWASTA;SLB;0
15;JAMBI;1508;BUNGO;150816;JUJUHAN ILIR;DATA SEKOLAH;2022/2023 GENAP;SWASTA;TK;2
15;JAMBI;1508;BUNGO;150816;JUJUHAN ILIR;DATA SEKOLAH;2022/2023 GENAP;SWASTA;KB;6
15;JAMBI;1508;BUNGO;150816;JUJUHAN ILIR;DATA SEKOLAH;2022/2023 GENAP;SWASTA;TPA;0
15;JAMBI;1508;BUNGO;150816;JUJUHAN ILIR;DATA SEKOLAH;2022/2023 GENAP;SWASTA;SPS;1
15;JAMBI;1508;BUNGO;150816;JUJUHAN ILIR;DATA SEKOLAH;2022/2023 GENAP;SWASTA;PKBM;1
15;JAMBI;1508;BUNGO;150816;JUJUHAN ILIR;DATA SEKOLAH;2022/2023 GENAP;SWASTA;SKB;0
15;JAMBI;1508;BUNGO;150816;JUJUHAN ILIR;DATA SEKOLAH;2022/2023 GENAP;SWASTA;SD;0
15;JAMBI;1508;BUNGO;150816;JUJUHAN ILIR;DATA SEKOLAH;2022/2023 GENAP;SWASTA;SMP;0
15;JAMBI;1508;BUNGO;150816;JUJUHAN ILIR;DATA SEKOLAH;2022/2023 GENAP;SWASTA;SMA;0
15;JAMBI;1508;BUNGO;150816;JUJUHAN ILIR;DATA SEKOLAH;2022/2023 GENAP;SWASTA;SMK;0
15;JAMBI;1508;BUNGO;150816;JUJUHAN ILIR;DATA SEKOLAH;2022/2023 GENAP;SWASTA;SLB;0
15;JAMBI;1501;KERINCI;150109;KAYU ARO;DATA SEKOLAH;2022/2023 GENAP;SWASTA;TK;10
15;JAMBI;1501;KERINCI;150109;KAYU ARO;DATA SEKOLAH;2022/2023 GENAP;SWASTA;KB;18
15;JAMBI;1501;KERINCI;150109;KAYU ARO;DATA SEKOLAH;2022/2023 GENAP;SWASTA;TPA;0
15;JAMBI;1501;KERINCI;150109;KAYU ARO;DATA SEKOLAH;2022/2023 GENAP;SWASTA;SPS;1
15;JAMBI;1501;KERINCI;150109;KAYU ARO;DATA SEKOLAH;2022/2023 GENAP;SWASTA;PKBM;3
15;JAMBI;1501;KERINCI;150109;KAYU ARO;DATA SEKOLAH;2022/2023 GENAP;SWASTA;SKB;0
15;JAMBI;1501;KERINCI;150109;KAYU ARO;DATA SEKOLAH;2022/2023 GENAP;SWASTA;SD;0
15;JAMBI;1501;KERINCI;150109;KAYU ARO;DATA SEKOLAH;2022/2023 GENAP;SWASTA;SMP;0
15;JAMBI;1501;KERINCI;150109;KAYU ARO;DATA SEKOLAH;2022/2023 GENAP;SWASTA;SMA;0
15;JAMBI;1501;KERINCI;150109;KAYU ARO;DATA SEKOLAH;2022/2023 GENAP;SWASTA;SMK;0
15;JAMBI;1501;KERINCI;150109;KAYU ARO;DATA SEKOLAH;2022/2023 GENAP;SWASTA;SLB;0
15;JAMBI;1501;KERINCI;150119;KAYU ARO BARAT;DATA SEKOLAH;2022/2023 GENAP;SWASTA;TK;1
15;JAMBI;1501;KERINCI;150119;KAYU ARO BARAT;DATA SEKOLAH;2022/2023 GENAP;SWASTA;KB;10
15;JAMBI;1501;KERINCI;150119;KAYU ARO BARAT;DATA SEKOLAH;2022/2023 GENAP;SWASTA;TPA;0
15;JAMBI;1501;KERINCI;150119;KAYU ARO BARAT;DATA SEKOLAH;2022/2023 GENAP;SWASTA;SPS;0
15;JAMBI;1501;KERINCI;150119;KAYU ARO BARAT;DATA SEKOLAH;2022/2023 GENAP;SWASTA;PKBM;1
15;JAMBI;1501;KERINCI;150119;KAYU ARO BARAT;DATA SEKOLAH;2022/2023 GENAP;SWASTA;SKB;0
15;JAMBI;1501;KERINCI;150119;KAYU ARO BARAT;DATA SEKOLAH;2022/2023 GENAP;SWASTA;SD;0
15;JAMBI;1501;KERINCI;150119;KAYU ARO BARAT;DATA SEKOLAH;2022/2023 GENAP;SWASTA;SMP;0
15;JAMBI;1501;KERINCI;150119;KAYU ARO BARAT;DATA SEKOLAH;2022/2023 GENAP;SWASTA;SMA;0
15;JAMBI;1501;KERINCI;150119;KAYU ARO BARAT;DATA SEKOLAH;2022/2023 GENAP;SWASTA;SMK;0
15;JAMBI;1501;KERINCI;150119;KAYU ARO BARAT;DATA SEKOLAH;2022/2023 GENAP;SWASTA;SLB;0
15;JAMBI;1501;KERINCI;150108;KELILING DANAU;DATA SEKOLAH;2022/2023 GENAP;SWASTA;TK;8
15;JAMBI;1501;KERINCI;150108;KELILING DANAU;DATA SEKOLAH;2022/2023 GENAP;SWASTA;KB;29
15;JAMBI;1501;KERINCI;150108;KELILING DANAU;DATA SEKOLAH;2022/2023 GENAP;SWASTA;TPA;0
15;JAMBI;1501;KERINCI;150108;KELILING DANAU;DATA SEKOLAH;2022/2023 GENAP;SWASTA;SPS;4
15;JAMBI;1501;KERINCI;150108;KELILING DANAU;DATA SEKOLAH;2022/2023 GENAP;SWASTA;PKBM;3
15;JAMBI;1501;KERINCI;150108;KELILING DANAU;DATA SEKOLAH;2022/2023 GENAP;SWASTA;SKB;0
15;JAMBI;1501;KERINCI;150108;KELILING DANAU;DATA SEKOLAH;2022/2023 GENAP;SWASTA;SD;0
15;JAMBI;1501;KERINCI;150108;KELILING DANAU;DATA SEKOLAH;2022/2023 GENAP;SWASTA;SMP;0
15;JAMBI;1501;KERINCI;150108;KELILING DANAU;DATA SEKOLAH;2022/2023 GENAP;SWASTA;SMA;0
15;JAMBI;1501;KERINCI;150108;KELILING DANAU;DATA SEKOLAH;2022/2023 GENAP;SWASTA;SMK;0
15;JAMBI;1501;KERINCI;150108;KELILING DANAU;DATA SEKOLAH;2022/2023 GENAP;SWASTA;SLB;0
15;JAMBI;1571;KOTA JAMBI;157107;KOTA BARU;DATA SEKOLAH;2022/2023 GENAP;SWASTA;TK;26
15;JAMBI;1571;KOTA JAMBI;157107;KOTA BARU;DATA SEKOLAH;2022/2023 GENAP;SWASTA;KB;8
15;JAMBI;1571;KOTA JAMBI;157107;KOTA BARU;DATA SEKOLAH;2022/2023 GENAP;SWASTA;TPA;5
15;JAMBI;1571;KOTA JAMBI;157107;KOTA BARU;DATA SEKOLAH;2022/2023 GENAP;SWASTA;SPS;3
15;JAMBI;1571;KOTA JAMBI;157107;KOTA BARU;DATA SEKOLAH;2022/2023 GENAP;SWASTA;PKBM;1
15;JAMBI;1571;KOTA JAMBI;157107;KOTA BARU;DATA SEKOLAH;2022/2023 GENAP;SWASTA;SKB;0
15;JAMBI;1571;KOTA JAMBI;157107;KOTA BARU;DATA SEKOLAH;2022/2023 GENAP;SWASTA;SD;2
15;JAMBI;1571;KOTA JAMBI;157107;KOTA BARU;DATA SEKOLAH;2022/2023 GENAP;SWASTA;SMP;4
15;JAMBI;1571;KOTA JAMBI;157107;KOTA BARU;DATA SEKOLAH;2022/2023 GENAP;SWASTA;SMA;1
15;JAMBI;1571;KOTA JAMBI;157107;KOTA BARU;DATA SEKOLAH;2022/2023 GENAP;SWASTA;SMK;6
15;JAMBI;1571;KOTA JAMBI;157107;KOTA BARU;DATA SEKOLAH;2022/2023 GENAP;SWASTA;SLB;0
15;JAMBI;1572;KOTA SUNGAI PENUH;157207;KOTO BARU;DATA SEKOLAH;2022/2023 GENAP;SWASTA;TK;6
15;JAMBI;1572;KOTA SUNGAI PENUH;157207;KOTO BARU;DATA SEKOLAH;2022/2023 GENAP;SWASTA;KB;9
15;JAMBI;1572;KOTA SUNGAI PENUH;157207;KOTO BARU;DATA SEKOLAH;2022/2023 GENAP;SWASTA;TPA;0
15;JAMBI;1572;KOTA SUNGAI PENUH;157207;KOTO BARU;DATA SEKOLAH;2022/2023 GENAP;SWASTA;SPS;1
15;JAMBI;1572;KOTA SUNGAI PENUH;157207;KOTO BARU;DATA SEKOLAH;2022/2023 GENAP;SWASTA;PKBM;1
15;JAMBI;1572;KOTA SUNGAI PENUH;157207;KOTO BARU;DATA SEKOLAH;2022/2023 GENAP;SWASTA;SKB;0
15;JAMBI;1572;KOTA SUNGAI PENUH;157207;KOTO BARU;DATA SEKOLAH;2022/2023 GENAP;SWASTA;SD;0
15;JAMBI;1572;KOTA SUNGAI PENUH;157207;KOTO BARU;DATA SEKOLAH;2022/2023 GENAP;SWASTA;SMP;0
15;JAMBI;1572;KOTA SUNGAI PENUH;157207;KOTO BARU;DATA SEKOLAH;2022/2023 GENAP;SWASTA;SMA;0
15;JAMBI;1572;KOTA SUNGAI PENUH;157207;KOTO BARU;DATA SEKOLAH;2022/2023 GENAP;SWASTA;SMK;0
15;JAMBI;1572;KOTA SUNGAI PENUH;157207;KOTO BARU;DATA SEKOLAH;2022/2023 GENAP;SWASTA;SLB;0
15;JAMBI;1506;TANJUNG JABUNG BARAT;150612;KUALA BETARA;DATA SEKOLAH;2022/2023 GENAP;SWASTA;TK;0
15;JAMBI;1506;TANJUNG JABUNG BARAT;150612;KUALA BETARA;DATA SEKOLAH;2022/2023 GENAP;SWASTA;KB;14
15;JAMBI;1506;TANJUNG JABUNG BARAT;150612;KUALA BETARA;DATA SEKOLAH;2022/2023 GENAP;SWASTA;TPA;0
15;JAMBI;1506;TANJUNG JABUNG BARAT;150612;KUALA BETARA;DATA SEKOLAH;2022/2023 GENAP;SWASTA;SPS;7
15;JAMBI;1506;TANJUNG JABUNG BARAT;150612;KUALA BETARA;DATA SEKOLAH;2022/2023 GENAP;SWASTA;PKBM;0
15;JAMBI;1506;TANJUNG JABUNG BARAT;150612;KUALA BETARA;DATA SEKOLAH;2022/2023 GENAP;SWASTA;SKB;0
15;JAMBI;1506;TANJUNG JABUNG BARAT;150612;KUALA BETARA;DATA SEKOLAH;2022/2023 GENAP;SWASTA;SD;0
15;JAMBI;1506;TANJUNG JABUNG BARAT;150612;KUALA BETARA;DATA SEKOLAH;2022/2023 GENAP;SWASTA;SMP;0
15;JAMBI;1506;TANJUNG JABUNG BARAT;150612;KUALA BETARA;DATA SEKOLAH;2022/2023 GENAP;SWASTA;SMA;0
15;JAMBI;1506;TANJUNG JABUNG BARAT;150612;KUALA BETARA;DATA SEKOLAH;2022/2023 GENAP;SWASTA;SMK;0
15;JAMBI;1506;TANJUNG JABUNG BARAT;150612;KUALA BETARA;DATA SEKOLAH;2022/2023 GENAP;SWASTA;SLB;0
15;JAMBI;1507;TANJUNG JABUNG TIMUR;150708;KUALA JAMBI;DATA SEKOLAH;2022/2023 GENAP;SWASTA;TK;5
15;JAMBI;1507;TANJUNG JABUNG TIMUR;150708;KUALA JAMBI;DATA SEKOLAH;2022/2023 GENAP;SWASTA;KB;7
15;JAMBI;1507;TANJUNG JABUNG TIMUR;150708;KUALA JAMBI;DATA SEKOLAH;2022/2023 GENAP;SWASTA;TPA;0
15;JAMBI;1507;TANJUNG JABUNG TIMUR;150708;KUALA JAMBI;DATA SEKOLAH;2022/2023 GENAP;SWASTA;SPS;0
15;JAMBI;1507;TANJUNG JABUNG TIMUR;150708;KUALA JAMBI;DATA SEKOLAH;2022/2023 GENAP;SWASTA;PKBM;0
15;JAMBI;1507;TANJUNG JABUNG TIMUR;150708;KUALA JAMBI;DATA SEKOLAH;2022/2023 GENAP;SWASTA;SKB;0
15;JAMBI;1507;TANJUNG JABUNG TIMUR;150708;KUALA JAMBI;DATA SEKOLAH;2022/2023 GENAP;SWASTA;SD;1
15;JAMBI;1507;TANJUNG JABUNG TIMUR;150708;KUALA JAMBI;DATA SEKOLAH;2022/2023 GENAP;SWASTA;SMP;0
15;JAMBI;1507;TANJUNG JABUNG TIMUR;150708;KUALA JAMBI;DATA SEKOLAH;2022/2023 GENAP;SWASTA;SMA;0
15;JAMBI;1507;TANJUNG JABUNG TIMUR;150708;KUALA JAMBI;DATA SEKOLAH;2022/2023 GENAP;SWASTA;SMK;0
15;JAMBI;1507;TANJUNG JABUNG TIMUR;150708;KUALA JAMBI;DATA SEKOLAH;2022/2023 GENAP;SWASTA;SLB;0
15;JAMBI;1505;MUARO JAMBI;150503;KUMPEH;DATA SEKOLAH;2022/2023 GENAP;SWASTA;TK;6
15;JAMBI;1505;MUARO JAMBI;150503;KUMPEH;DATA SEKOLAH;2022/2023 GENAP;SWASTA;KB;9
15;JAMBI;1505;MUARO JAMBI;150503;KUMPEH;DATA SEKOLAH;2022/2023 GENAP;SWASTA;TPA;0
15;JAMBI;1505;MUARO JAMBI;150503;KUMPEH;DATA SEKOLAH;2022/2023 GENAP;SWASTA;SPS;2
15;JAMBI;1505;MUARO JAMBI;150503;KUMPEH;DATA SEKOLAH;2022/2023 GENAP;SWASTA;PKBM;1
15;JAMBI;1505;MUARO JAMBI;150503;KUMPEH;DATA SEKOLAH;2022/2023 GENAP;SWASTA;SKB;0
15;JAMBI;1505;MUARO JAMBI;150503;KUMPEH;DATA SEKOLAH;2022/2023 GENAP;SWASTA;SD;1
15;JAMBI;1505;MUARO JAMBI;150503;KUMPEH;DATA SEKOLAH;2022/2023 GENAP;SWASTA;SMP;0
15;JAMBI;1505;MUARO JAMBI;150503;KUMPEH;DATA SEKOLAH;2022/2023 GENAP;SWASTA;SMA;0
15;JAMBI;1505;MUARO JAMBI;150503;KUMPEH;DATA SEKOLAH;2022/2023 GENAP;SWASTA;SMK;0
15;JAMBI;1505;MUARO JAMBI;150503;KUMPEH;DATA SEKOLAH;2022/2023 GENAP;SWASTA;SLB;0
15;JAMBI;1505;MUARO JAMBI;150506;KUMPEH ULU;DATA SEKOLAH;2022/2023 GENAP;SWASTA;TK;9
15;JAMBI;1505;MUARO JAMBI;150506;KUMPEH ULU;DATA SEKOLAH;2022/2023 GENAP;SWASTA;KB;23
15;JAMBI;1505;MUARO JAMBI;150506;KUMPEH ULU;DATA SEKOLAH;2022/2023 GENAP;SWASTA;TPA;0
15;JAMBI;1505;MUARO JAMBI;150506;KUMPEH ULU;DATA SEKOLAH;2022/2023 GENAP;SWASTA;SPS;1
15;JAMBI;1505;MUARO JAMBI;150506;KUMPEH ULU;DATA SEKOLAH;2022/2023 GENAP;SWASTA;PKBM;0
15;JAMBI;1505;MUARO JAMBI;150506;KUMPEH ULU;DATA SEKOLAH;2022/2023 GENAP;SWASTA;SKB;0
15;JAMBI;1505;MUARO JAMBI;150506;KUMPEH ULU;DATA SEKOLAH;2022/2023 GENAP;SWASTA;SD;2
15;JAMBI;1505;MUARO JAMBI;150506;KUMPEH ULU;DATA SEKOLAH;2022/2023 GENAP;SWASTA;SMP;2
15;JAMBI;1505;MUARO JAMBI;150506;KUMPEH ULU;DATA SEKOLAH;2022/2023 GENAP;SWASTA;SMA;2
15;JAMBI;1505;MUARO JAMBI;150506;KUMPEH ULU;DATA SEKOLAH;2022/2023 GENAP;SWASTA;SMK;2
15;JAMBI;1505;MUARO JAMBI;150506;KUMPEH ULU;DATA SEKOLAH;2022/2023 GENAP;SWASTA;SLB;0
15;JAMBI;1572;KOTA SUNGAI PENUH;157205;KUMUN DEBAI;DATA SEKOLAH;2022/2023 GENAP;SWASTA;TK;2
15;JAMBI;1572;KOTA SUNGAI PENUH;157205;KUMUN DEBAI;DATA SEKOLAH;2022/2023 GENAP;SWASTA;KB;7
15;JAMBI;1572;KOTA SUNGAI PENUH;157205;KUMUN DEBAI;DATA SEKOLAH;2022/2023 GENAP;SWASTA;TPA;0
15;JAMBI;1572;KOTA SUNGAI PENUH;157205;KUMUN DEBAI;DATA SEKOLAH;2022/2023 GENAP;SWASTA;SPS;5
15;JAMBI;1572;KOTA SUNGAI PENUH;157205;KUMUN DEBAI;DATA SEKOLAH;2022/2023 GENAP;SWASTA;PKBM;1
15;JAMBI;1572;KOTA SUNGAI PENUH;157205;KUMUN DEBAI;DATA SEKOLAH;2022/2023 GENAP;SWASTA;SKB;0
15;JAMBI;1572;KOTA SUNGAI PENUH;157205;KUMUN DEBAI;DATA SEKOLAH;2022/2023 GENAP;SWASTA;SD;0
15;JAMBI;1572;KOTA SUNGAI PENUH;157205;KUMUN DEBAI;DATA SEKOLAH;2022/2023 GENAP;SWASTA;SMP;0
15;JAMBI;1572;KOTA SUNGAI PENUH;157205;KUMUN DEBAI;DATA SEKOLAH;2022/2023 GENAP;SWASTA;SMA;0
15;JAMBI;1572;KOTA SUNGAI PENUH;157205;KUMUN DEBAI;DATA SEKOLAH;2022/2023 GENAP;SWASTA;SMK;0
15;JAMBI;1572;KOTA SUNGAI PENUH;157205;KUMUN DEBAI;DATA SEKOLAH;2022/2023 GENAP;SWASTA;SLB;0
15;JAMBI;1502;MERANGIN;150209;LEMBAH MASURAI;DATA SEKOLAH;2022/2023 GENAP;SWASTA;TK;16
15;JAMBI;1502;MERANGIN;150209;LEMBAH MASURAI;DATA SEKOLAH;2022/2023 GENAP;SWASTA;KB;2
15;JAMBI;1502;MERANGIN;150209;LEMBAH MASURAI;DATA SEKOLAH;2022/2023 GENAP;SWASTA;TPA;0
15;JAMBI;1502;MERANGIN;150209;LEMBAH MASURAI;DATA SEKOLAH;2022/2023 GENAP;SWASTA;SPS;3
15;JAMBI;1502;MERANGIN;150209;LEMBAH MASURAI;DATA SEKOLAH;2022/2023 GENAP;SWASTA;PKBM;2
15;JAMBI;1502;MERANGIN;150209;LEMBAH MASURAI;DATA SEKOLAH;2022/2023 GENAP;SWASTA;SKB;0
15;JAMBI;1502;MERANGIN;150209;LEMBAH MASURAI;DATA SEKOLAH;2022/2023 GENAP;SWASTA;SD;0
15;JAMBI;1502;MERANGIN;150209;LEMBAH MASURAI;DATA SEKOLAH;2022/2023 GENAP;SWASTA;SMP;0
15;JAMBI;1502;MERANGIN;150209;LEMBAH MASURAI;DATA SEKOLAH;2022/2023 GENAP;SWASTA;SMA;0
15;JAMBI;1502;MERANGIN;150209;LEMBAH MASURAI;DATA SEKOLAH;2022/2023 GENAP;SWASTA;SMK;0
15;JAMBI;1502;MERANGIN;150209;LEMBAH MASURAI;DATA SEKOLAH;2022/2023 GENAP;SWASTA;SLB;0
15;JAMBI;1508;BUNGO;150807;LIMBUR LUBUK MENGKUANG;DATA SEKOLAH;2022/2023 GENAP;SWASTA;TK;6
15;JAMBI;1508;BUNGO;150807;LIMBUR LUBUK MENGKUANG;DATA SEKOLAH;2022/2023 GENAP;SWASTA;KB;15
15;JAMBI;1508;BUNGO;150807;LIMBUR LUBUK MENGKUANG;DATA SEKOLAH;2022/2023 GENAP;SWASTA;TPA;0
15;JAMBI;1508;BUNGO;150807;LIMBUR LUBUK MENGKUANG;DATA SEKOLAH;2022/2023 GENAP;SWASTA;SPS;0
15;JAMBI;1508;BUNGO;150807;LIMBUR LUBUK MENGKUANG;DATA SEKOLAH;2022/2023 GENAP;SWASTA;PKBM;0
15;JAMBI;1508;BUNGO;150807;LIMBUR LUBUK MENGKUANG;DATA SEKOLAH;2022/2023 GENAP;SWASTA;SKB;0
15;JAMBI;1508;BUNGO;150807;LIMBUR LUBUK MENGKUANG;DATA SEKOLAH;2022/2023 GENAP;SWASTA;SD;1
15;JAMBI;1508;BUNGO;150807;LIMBUR LUBUK MENGKUANG;DATA SEKOLAH;2022/2023 GENAP;SWASTA;SMP;0
15;JAMBI;1508;BUNGO;150807;LIMBUR LUBUK MENGKUANG;DATA SEKOLAH;2022/2023 GENAP;SWASTA;SMA;0
15;JAMBI;1508;BUNGO;150807;LIMBUR LUBUK MENGKUANG;DATA SEKOLAH;2022/2023 GENAP;SWASTA;SMK;0
15;JAMBI;1508;BUNGO;150807;LIMBUR LUBUK MENGKUANG;DATA SEKOLAH;2022/2023 GENAP;SWASTA;SLB;0
15;JAMBI;1503;SAROLANGUN;150302;LIMUN;DATA SEKOLAH;2022/2023 GENAP;SWASTA;TK;7
15;JAMBI;1503;SAROLANGUN;150302;LIMUN;DATA SEKOLAH;2022/2023 GENAP;SWASTA;KB;28
15;JAMBI;1503;SAROLANGUN;150302;LIMUN;DATA SEKOLAH;2022/2023 GENAP;SWASTA;TPA;0
15;JAMBI;1503;SAROLANGUN;150302;LIMUN;DATA SEKOLAH;2022/2023 GENAP;SWASTA;SPS;0
15;JAMBI;1503;SAROLANGUN;150302;LIMUN;DATA SEKOLAH;2022/2023 GENAP;SWASTA;PKBM;3
15;JAMBI;1503;SAROLANGUN;150302;LIMUN;DATA SEKOLAH;2022/2023 GENAP;SWASTA;SKB;0
15;JAMBI;1503;SAROLANGUN;150302;LIMUN;DATA SEKOLAH;2022/2023 GENAP;SWASTA;SD;0
15;JAMBI;1503;SAROLANGUN;150302;LIMUN;DATA SEKOLAH;2022/2023 GENAP;SWASTA;SMP;0
15;JAMBI;1503;SAROLANGUN;150302;LIMUN;DATA SEKOLAH;2022/2023 GENAP;SWASTA;SMA;0
15;JAMBI;1503;SAROLANGUN;150302;LIMUN;DATA SEKOLAH;2022/2023 GENAP;SWASTA;SMK;0
15;JAMBI;1503;SAROLANGUN;150302;LIMUN;DATA SEKOLAH;2022/2023 GENAP;SWASTA;SLB;0
15;JAMBI;1503;SAROLANGUN;150306;MANDIANGIN;DATA SEKOLAH;2022/2023 GENAP;SWASTA;TK;26
15;JAMBI;1503;SAROLANGUN;150306;MANDIANGIN;DATA SEKOLAH;2022/2023 GENAP;SWASTA;KB;24
15;JAMBI;1503;SAROLANGUN;150306;MANDIANGIN;DATA SEKOLAH;2022/2023 GENAP;SWASTA;TPA;0
15;JAMBI;1503;SAROLANGUN;150306;MANDIANGIN;DATA SEKOLAH;2022/2023 GENAP;SWASTA;SPS;4
15;JAMBI;1503;SAROLANGUN;150306;MANDIANGIN;DATA SEKOLAH;2022/2023 GENAP;SWASTA;PKBM;1
15;JAMBI;1503;SAROLANGUN;150306;MANDIANGIN;DATA SEKOLAH;2022/2023 GENAP;SWASTA;SKB;0
15;JAMBI;1503;SAROLANGUN;150306;MANDIANGIN;DATA SEKOLAH;2022/2023 GENAP;SWASTA;SD;0
15;JAMBI;1503;SAROLANGUN;150306;MANDIANGIN;DATA SEKOLAH;2022/2023 GENAP;SWASTA;SMP;2
15;JAMBI;1503;SAROLANGUN;150306;MANDIANGIN;DATA SEKOLAH;2022/2023 GENAP;SWASTA;SMA;0
15;JAMBI;1503;SAROLANGUN;150306;MANDIANGIN;DATA SEKOLAH;2022/2023 GENAP;SWASTA;SMK;3
15;JAMBI;1503;SAROLANGUN;150306;MANDIANGIN;DATA SEKOLAH;2022/2023 GENAP;SWASTA;SLB;0
15;JAMBI;1503;SAROLANGUN;150311;MANDIANGIN TIMUR;DATA SEKOLAH;2022/2023 GENAP;SWASTA;TK;17
15;JAMBI;1503;SAROLANGUN;150311;MANDIANGIN TIMUR;DATA SEKOLAH;2022/2023 GENAP;SWASTA;KB;18
15;JAMBI;1503;SAROLANGUN;150311;MANDIANGIN TIMUR;DATA SEKOLAH;2022/2023 GENAP;SWASTA;TPA;0
15;JAMBI;1503;SAROLANGUN;150311;MANDIANGIN TIMUR;DATA SEKOLAH;2022/2023 GENAP;SWASTA;SPS;1
15;JAMBI;1503;SAROLANGUN;150311;MANDIANGIN TIMUR;DATA SEKOLAH;2022/2023 GENAP;SWASTA;PKBM;1
15;JAMBI;1503;SAROLANGUN;150311;MANDIANGIN TIMUR;DATA SEKOLAH;2022/2023 GENAP;SWASTA;SKB;0
15;JAMBI;1503;SAROLANGUN;150311;MANDIANGIN TIMUR;DATA SEKOLAH;2022/2023 GENAP;SWASTA;SD;0
15;JAMBI;1503;SAROLANGUN;150311;MANDIANGIN TIMUR;DATA SEKOLAH;2022/2023 GENAP;SWASTA;SMP;0
15;JAMBI;1503;SAROLANGUN;150311;MANDIANGIN TIMUR;DATA SEKOLAH;2022/2023 GENAP;SWASTA;SMA;0
15;JAMBI;1503;SAROLANGUN;150311;MANDIANGIN TIMUR;DATA SEKOLAH;2022/2023 GENAP;SWASTA;SMK;0
15;JAMBI;1503;SAROLANGUN;150311;MANDIANGIN TIMUR;DATA SEKOLAH;2022/2023 GENAP;SWASTA;SLB;0
15;JAMBI;1502;MERANGIN;150221;MARGO TABIR;DATA SEKOLAH;2022/2023 GENAP;SWASTA;TK;7
15;JAMBI;1502;MERANGIN;150221;MARGO TABIR;DATA SEKOLAH;2022/2023 GENAP;SWASTA;KB;2
15;JAMBI;1502;MERANGIN;150221;MARGO TABIR;DATA SEKOLAH;2022/2023 GENAP;SWASTA;TPA;1
15;JAMBI;1502;MERANGIN;150221;MARGO TABIR;DATA SEKOLAH;2022/2023 GENAP;SWASTA;SPS;0
15;JAMBI;1502;MERANGIN;150221;MARGO TABIR;DATA SEKOLAH;2022/2023 GENAP;SWASTA;PKBM;0
15;JAMBI;1502;MERANGIN;150221;MARGO TABIR;DATA SEKOLAH;2022/2023 GENAP;SWASTA;SKB;0
15;JAMBI;1502;MERANGIN;150221;MARGO TABIR;DATA SEKOLAH;2022/2023 GENAP;SWASTA;SD;2
15;JAMBI;1502;MERANGIN;150221;MARGO TABIR;DATA SEKOLAH;2022/2023 GENAP;SWASTA;SMP;1
15;JAMBI;1502;MERANGIN;150221;MARGO TABIR;DATA SEKOLAH;2022/2023 GENAP;SWASTA;SMA;0
15;JAMBI;1502;MERANGIN;150221;MARGO TABIR;DATA SEKOLAH;2022/2023 GENAP;SWASTA;SMK;1
15;JAMBI;1502;MERANGIN;150221;MARGO TABIR;DATA SEKOLAH;2022/2023 GENAP;SWASTA;SLB;0
15;JAMBI;1505;MUARO JAMBI;150504;MARO SEBO;DATA SEKOLAH;2022/2023 GENAP;SWASTA;TK;3
15;JAMBI;1505;MUARO JAMBI;150504;MARO SEBO;DATA SEKOLAH;2022/2023 GENAP;SWASTA;KB;8
15;JAMBI;1505;MUARO JAMBI;150504;MARO SEBO;DATA SEKOLAH;2022/2023 GENAP;SWASTA;TPA;0
15;JAMBI;1505;MUARO JAMBI;150504;MARO SEBO;DATA SEKOLAH;2022/2023 GENAP;SWASTA;SPS;0
15;JAMBI;1505;MUARO JAMBI;150504;MARO SEBO;DATA SEKOLAH;2022/2023 GENAP;SWASTA;PKBM;3
15;JAMBI;1505;MUARO JAMBI;150504;MARO SEBO;DATA SEKOLAH;2022/2023 GENAP;SWASTA;SKB;0
15;JAMBI;1505;MUARO JAMBI;150504;MARO SEBO;DATA SEKOLAH;2022/2023 GENAP;SWASTA;SD;0
15;JAMBI;1505;MUARO JAMBI;150504;MARO SEBO;DATA SEKOLAH;2022/2023 GENAP;SWASTA;SMP;0
15;JAMBI;1505;MUARO JAMBI;150504;MARO SEBO;DATA SEKOLAH;2022/2023 GENAP;SWASTA;SMA;0
15;JAMBI;1505;MUARO JAMBI;150504;MARO SEBO;DATA SEKOLAH;2022/2023 GENAP;SWASTA;SMK;0
15;JAMBI;1505;MUARO JAMBI;150504;MARO SEBO;DATA SEKOLAH;2022/2023 GENAP;SWASTA;SLB;0
15;JAMBI;1504;BATANGHARI;150408;MARO SEBO ILIR;DATA SEKOLAH;2022/2023 GENAP;SWASTA;TK;9
15;JAMBI;1504;BATANGHARI;150408;MARO SEBO ILIR;DATA SEKOLAH;2022/2023 GENAP;SWASTA;KB;9
15;JAMBI;1504;BATANGHARI;150408;MARO SEBO ILIR;DATA SEKOLAH;2022/2023 GENAP;SWASTA;TPA;1
15;JAMBI;1504;BATANGHARI;150408;MARO SEBO ILIR;DATA SEKOLAH;2022/2023 GENAP;SWASTA;SPS;0
15;JAMBI;1504;BATANGHARI;150408;MARO SEBO ILIR;DATA SEKOLAH;2022/2023 GENAP;SWASTA;PKBM;0
15;JAMBI;1504;BATANGHARI;150408;MARO SEBO ILIR;DATA SEKOLAH;2022/2023 GENAP;SWASTA;SKB;0
15;JAMBI;1504;BATANGHARI;150408;MARO SEBO ILIR;DATA SEKOLAH;2022/2023 GENAP;SWASTA;SD;1
15;JAMBI;1504;BATANGHARI;150408;MARO SEBO ILIR;DATA SEKOLAH;2022/2023 GENAP;SWASTA;SMP;0
15;JAMBI;1504;BATANGHARI;150408;MARO SEBO ILIR;DATA SEKOLAH;2022/2023 GENAP;SWASTA;SMA;0
15;JAMBI;1504;BATANGHARI;150408;MARO SEBO ILIR;DATA SEKOLAH;2022/2023 GENAP;SWASTA;SMK;0
15;JAMBI;1504;BATANGHARI;150408;MARO SEBO ILIR;DATA SEKOLAH;2022/2023 GENAP;SWASTA;SLB;0
15;JAMBI;1504;BATANGHARI;150406;MARO SEBO ULU;DATA SEKOLAH;2022/2023 GENAP;SWASTA;TK;21
15;JAMBI;1504;BATANGHARI;150406;MARO SEBO ULU;DATA SEKOLAH;2022/2023 GENAP;SWASTA;KB;22
15;JAMBI;1504;BATANGHARI;150406;MARO SEBO ULU;DATA SEKOLAH;2022/2023 GENAP;SWASTA;TPA;0
15;JAMBI;1504;BATANGHARI;150406;MARO SEBO ULU;DATA SEKOLAH;2022/2023 GENAP;SWASTA;SPS;1
15;JAMBI;1504;BATANGHARI;150406;MARO SEBO ULU;DATA SEKOLAH;2022/2023 GENAP;SWASTA;PKBM;2
15;JAMBI;1504;BATANGHARI;150406;MARO SEBO ULU;DATA SEKOLAH;2022/2023 GENAP;SWASTA;SKB;0
15;JAMBI;1504;BATANGHARI;150406;MARO SEBO ULU;DATA SEKOLAH;2022/2023 GENAP;SWASTA;SD;1
15;JAMBI;1504;BATANGHARI;150406;MARO SEBO ULU;DATA SEKOLAH;2022/2023 GENAP;SWASTA;SMP;0
15;JAMBI;1504;BATANGHARI;150406;MARO SEBO ULU;DATA SEKOLAH;2022/2023 GENAP;SWASTA;SMA;0
15;JAMBI;1504;BATANGHARI;150406;MARO SEBO ULU;DATA SEKOLAH;2022/2023 GENAP;SWASTA;SMK;0
15;JAMBI;1504;BATANGHARI;150406;MARO SEBO ULU;DATA SEKOLAH;2022/2023 GENAP;SWASTA;SLB;0
15;JAMBI;1507;TANJUNG JABUNG TIMUR;150703;MENDAHARA;DATA SEKOLAH;2022/2023 GENAP;SWASTA;TK;4
15;JAMBI;1507;TANJUNG JABUNG TIMUR;150703;MENDAHARA;DATA SEKOLAH;2022/2023 GENAP;SWASTA;KB;22
15;JAMBI;1507;TANJUNG JABUNG TIMUR;150703;MENDAHARA;DATA SEKOLAH;2022/2023 GENAP;SWASTA;TPA;0
15;JAMBI;1507;TANJUNG JABUNG TIMUR;150703;MENDAHARA;DATA SEKOLAH;2022/2023 GENAP;SWASTA;SPS;0
15;JAMBI;1507;TANJUNG JABUNG TIMUR;150703;MENDAHARA;DATA SEKOLAH;2022/2023 GENAP;SWASTA;PKBM;1
15;JAMBI;1507;TANJUNG JABUNG TIMUR;150703;MENDAHARA;DATA SEKOLAH;2022/2023 GENAP;SWASTA;SKB;0
15;JAMBI;1507;TANJUNG JABUNG TIMUR;150703;MENDAHARA;DATA SEKOLAH;2022/2023 GENAP;SWASTA;SD;0
15;JAMBI;1507;TANJUNG JABUNG TIMUR;150703;MENDAHARA;DATA SEKOLAH;2022/2023 GENAP;SWASTA;SMP;0
15;JAMBI;1507;TANJUNG JABUNG TIMUR;150703;MENDAHARA;DATA SEKOLAH;2022/2023 GENAP;SWASTA;SMA;0
15;JAMBI;1507;TANJUNG JABUNG TIMUR;150703;MENDAHARA;DATA SEKOLAH;2022/2023 GENAP;SWASTA;SMK;0
15;JAMBI;1507;TANJUNG JABUNG TIMUR;150703;MENDAHARA;DATA SEKOLAH;2022/2023 GENAP;SWASTA;SLB;0
15;JAMBI;1507;TANJUNG JABUNG TIMUR;150709;MENDAHARA ULU;DATA SEKOLAH;2022/2023 GENAP;SWASTA;TK;2
15;JAMBI;1507;TANJUNG JABUNG TIMUR;150709;MENDAHARA ULU;DATA SEKOLAH;2022/2023 GENAP;SWASTA;KB;15
15;JAMBI;1507;TANJUNG JABUNG TIMUR;150709;MENDAHARA ULU;DATA SEKOLAH;2022/2023 GENAP;SWASTA;TPA;1
15;JAMBI;1507;TANJUNG JABUNG TIMUR;150709;MENDAHARA ULU;DATA SEKOLAH;2022/2023 GENAP;SWASTA;SPS;0
15;JAMBI;1507;TANJUNG JABUNG TIMUR;150709;MENDAHARA ULU;DATA SEKOLAH;2022/2023 GENAP;SWASTA;PKBM;1
15;JAMBI;1507;TANJUNG JABUNG TIMUR;150709;MENDAHARA ULU;DATA SEKOLAH;2022/2023 GENAP;SWASTA;SKB;0
15;JAMBI;1507;TANJUNG JABUNG TIMUR;150709;MENDAHARA ULU;DATA SEKOLAH;2022/2023 GENAP;SWASTA;SD;0
15;JAMBI;1507;TANJUNG JABUNG TIMUR;150709;MENDAHARA ULU;DATA SEKOLAH;2022/2023 GENAP;SWASTA;SMP;0
15;JAMBI;1507;TANJUNG JABUNG TIMUR;150709;MENDAHARA ULU;DATA SEKOLAH;2022/2023 GENAP;SWASTA;SMA;0
15;JAMBI;1507;TANJUNG JABUNG TIMUR;150709;MENDAHARA ULU;DATA SEKOLAH;2022/2023 GENAP;SWASTA;SMK;0
15;JAMBI;1507;TANJUNG JABUNG TIMUR;150709;MENDAHARA ULU;DATA SEKOLAH;2022/2023 GENAP;SWASTA;SLB;0
15;JAMBI;1506;TANJUNG JABUNG BARAT;150605;MERLUNG;DATA SEKOLAH;2022/2023 GENAP;SWASTA;TK;6
15;JAMBI;1506;TANJUNG JABUNG BARAT;150605;MERLUNG;DATA SEKOLAH;2022/2023 GENAP;SWASTA;KB;6
15;JAMBI;1506;TANJUNG JABUNG BARAT;150605;MERLUNG;DATA SEKOLAH;2022/2023 GENAP;SWASTA;TPA;1
15;JAMBI;1506;TANJUNG JABUNG BARAT;150605;MERLUNG;DATA SEKOLAH;2022/2023 GENAP;SWASTA;SPS;4
15;JAMBI;1506;TANJUNG JABUNG BARAT;150605;MERLUNG;DATA SEKOLAH;2022/2023 GENAP;SWASTA;PKBM;0
15;JAMBI;1506;TANJUNG JABUNG BARAT;150605;MERLUNG;DATA SEKOLAH;2022/2023 GENAP;SWASTA;SKB;0
15;JAMBI;1506;TANJUNG JABUNG BARAT;150605;MERLUNG;DATA SEKOLAH;2022/2023 GENAP;SWASTA;SD;1
15;JAMBI;1506;TANJUNG JABUNG BARAT;150605;MERLUNG;DATA SEKOLAH;2022/2023 GENAP;SWASTA;SMP;0
15;JAMBI;1506;TANJUNG JABUNG BARAT;150605;MERLUNG;DATA SEKOLAH;2022/2023 GENAP;SWASTA;SMA;0
15;JAMBI;1506;TANJUNG JABUNG BARAT;150605;MERLUNG;DATA SEKOLAH;2022/2023 GENAP;SWASTA;SMK;0
15;JAMBI;1506;TANJUNG JABUNG BARAT;150605;MERLUNG;DATA SEKOLAH;2022/2023 GENAP;SWASTA;SLB;0
15;JAMBI;1504;BATANGHARI;150401;MERSAM;DATA SEKOLAH;2022/2023 GENAP;SWASTA;TK;16
15;JAMBI;1504;BATANGHARI;150401;MERSAM;DATA SEKOLAH;2022/2023 GENAP;SWASTA;KB;22
15;JAMBI;1504;BATANGHARI;150401;MERSAM;DATA SEKOLAH;2022/2023 GENAP;SWASTA;TPA;0
15;JAMBI;1504;BATANGHARI;150401;MERSAM;DATA SEKOLAH;2022/2023 GENAP;SWASTA;SPS;0
15;JAMBI;1504;BATANGHARI;150401;MERSAM;DATA SEKOLAH;2022/2023 GENAP;SWASTA;PKBM;2
15;JAMBI;1504;BATANGHARI;150401;MERSAM;DATA SEKOLAH;2022/2023 GENAP;SWASTA;SKB;0
15;JAMBI;1504;BATANGHARI;150401;MERSAM;DATA SEKOLAH;2022/2023 GENAP;SWASTA;SD;0
15;JAMBI;1504;BATANGHARI;150401;MERSAM;DATA SEKOLAH;2022/2023 GENAP;SWASTA;SMP;3
15;JAMBI;1504;BATANGHARI;150401;MERSAM;DATA SEKOLAH;2022/2023 GENAP;SWASTA;SMA;0
15;JAMBI;1504;BATANGHARI;150401;MERSAM;DATA SEKOLAH;2022/2023 GENAP;SWASTA;SMK;0
15;JAMBI;1504;BATANGHARI;150401;MERSAM;DATA SEKOLAH;2022/2023 GENAP;SWASTA;SLB;0
15;JAMBI;1505;MUARO JAMBI;150505;MESTONG;DATA SEKOLAH;2022/2023 GENAP;SWASTA;TK;19
15;JAMBI;1505;MUARO JAMBI;150505;MESTONG;DATA SEKOLAH;2022/2023 GENAP;SWASTA;KB;13
15;JAMBI;1505;MUARO JAMBI;150505;MESTONG;DATA SEKOLAH;2022/2023 GENAP;SWASTA;TPA;0
15;JAMBI;1505;MUARO JAMBI;150505;MESTONG;DATA SEKOLAH;2022/2023 GENAP;SWASTA;SPS;0
15;JAMBI;1505;MUARO JAMBI;150505;MESTONG;DATA SEKOLAH;2022/2023 GENAP;SWASTA;PKBM;0
15;JAMBI;1505;MUARO JAMBI;150505;MESTONG;DATA SEKOLAH;2022/2023 GENAP;SWASTA;SKB;0
15;JAMBI;1505;MUARO JAMBI;150505;MESTONG;DATA SEKOLAH;2022/2023 GENAP;SWASTA;SD;0
15;JAMBI;1505;MUARO JAMBI;150505;MESTONG;DATA SEKOLAH;2022/2023 GENAP;SWASTA;SMP;5
15;JAMBI;1505;MUARO JAMBI;150505;MESTONG;DATA SEKOLAH;2022/2023 GENAP;SWASTA;SMA;3
15;JAMBI;1505;MUARO JAMBI;150505;MESTONG;DATA SEKOLAH;2022/2023 GENAP;SWASTA;SMK;3
15;JAMBI;1505;MUARO JAMBI;150505;MESTONG;DATA SEKOLAH;2022/2023 GENAP;SWASTA;SLB;0
15;JAMBI;1504;BATANGHARI;150403;MUARA BULIAN;DATA SEKOLAH;2022/2023 GENAP;SWASTA;TK;30
15;JAMBI;1504;BATANGHARI;150403;MUARA BULIAN;DATA SEKOLAH;2022/2023 GENAP;SWASTA;KB;35
15;JAMBI;1504;BATANGHARI;150403;MUARA BULIAN;DATA SEKOLAH;2022/2023 GENAP;SWASTA;TPA;1
15;JAMBI;1504;BATANGHARI;150403;MUARA BULIAN;DATA SEKOLAH;2022/2023 GENAP;SWASTA;SPS;4
15;JAMBI;1504;BATANGHARI;150403;MUARA BULIAN;DATA SEKOLAH;2022/2023 GENAP;SWASTA;PKBM;9
15;JAMBI;1504;BATANGHARI;150403;MUARA BULIAN;DATA SEKOLAH;2022/2023 GENAP;SWASTA;SKB;0
15;JAMBI;1504;BATANGHARI;150403;MUARA BULIAN;DATA SEKOLAH;2022/2023 GENAP;SWASTA;SD;4
15;JAMBI;1504;BATANGHARI;150403;MUARA BULIAN;DATA SEKOLAH;2022/2023 GENAP;SWASTA;SMP;6
15;JAMBI;1504;BATANGHARI;150403;MUARA BULIAN;DATA SEKOLAH;2022/2023 GENAP;SWASTA;SMA;5
15;JAMBI;1504;BATANGHARI;150403;MUARA BULIAN;DATA SEKOLAH;2022/2023 GENAP;SWASTA;SMK;2
15;JAMBI;1504;BATANGHARI;150403;MUARA BULIAN;DATA SEKOLAH;2022/2023 GENAP;SWASTA;SLB;0
15;JAMBI;1506;TANJUNG JABUNG BARAT;150609;MUARA PAPALIK;DATA SEKOLAH;2022/2023 GENAP;SWASTA;TK;5
15;JAMBI;1506;TANJUNG JABUNG BARAT;150609;MUARA PAPALIK;DATA SEKOLAH;2022/2023 GENAP;SWASTA;KB;10
15;JAMBI;1506;TANJUNG JABUNG BARAT;150609;MUARA PAPALIK;DATA SEKOLAH;2022/2023 GENAP;SWASTA;TPA;0
15;JAMBI;1506;TANJUNG JABUNG BARAT;150609;MUARA PAPALIK;DATA SEKOLAH;2022/2023 GENAP;SWASTA;SPS;0
15;JAMBI;1506;TANJUNG JABUNG BARAT;150609;MUARA PAPALIK;DATA SEKOLAH;2022/2023 GENAP;SWASTA;PKBM;0
15;JAMBI;1506;TANJUNG JABUNG BARAT;150609;MUARA PAPALIK;DATA SEKOLAH;2022/2023 GENAP;SWASTA;SKB;0
15;JAMBI;1506;TANJUNG JABUNG BARAT;150609;MUARA PAPALIK;DATA SEKOLAH;2022/2023 GENAP;SWASTA;SD;0
15;JAMBI;1506;TANJUNG JABUNG BARAT;150609;MUARA PAPALIK;DATA SEKOLAH;2022/2023 GENAP;SWASTA;SMP;0
15;JAMBI;1506;TANJUNG JABUNG BARAT;150609;MUARA PAPALIK;DATA SEKOLAH;2022/2023 GENAP;SWASTA;SMA;0
15;JAMBI;1506;TANJUNG JABUNG BARAT;150609;MUARA PAPALIK;DATA SEKOLAH;2022/2023 GENAP;SWASTA;SMK;0
15;JAMBI;1506;TANJUNG JABUNG BARAT;150609;MUARA PAPALIK;DATA SEKOLAH;2022/2023 GENAP;SWASTA;SLB;0
15;JAMBI;1507;TANJUNG JABUNG TIMUR;150707;MUARA SABAK BARAT;DATA SEKOLAH;2022/2023 GENAP;SWASTA;TK;6
15;JAMBI;1507;TANJUNG JABUNG TIMUR;150707;MUARA SABAK BARAT;DATA SEKOLAH;2022/2023 GENAP;SWASTA;KB;20
15;JAMBI;1507;TANJUNG JABUNG TIMUR;150707;MUARA SABAK BARAT;DATA SEKOLAH;2022/2023 GENAP;SWASTA;TPA;1
15;JAMBI;1507;TANJUNG JABUNG TIMUR;150707;MUARA SABAK BARAT;DATA SEKOLAH;2022/2023 GENAP;SWASTA;SPS;0
15;JAMBI;1507;TANJUNG JABUNG TIMUR;150707;MUARA SABAK BARAT;DATA SEKOLAH;2022/2023 GENAP;SWASTA;PKBM;0
15;JAMBI;1507;TANJUNG JABUNG TIMUR;150707;MUARA SABAK BARAT;DATA SEKOLAH;2022/2023 GENAP;SWASTA;SKB;0
15;JAMBI;1507;TANJUNG JABUNG TIMUR;150707;MUARA SABAK BARAT;DATA SEKOLAH;2022/2023 GENAP;SWASTA;SD;2
15;JAMBI;1507;TANJUNG JABUNG TIMUR;150707;MUARA SABAK BARAT;DATA SEKOLAH;2022/2023 GENAP;SWASTA;SMP;4
15;JAMBI;1507;TANJUNG JABUNG TIMUR;150707;MUARA SABAK BARAT;DATA SEKOLAH;2022/2023 GENAP;SWASTA;SMA;1
15;JAMBI;1507;TANJUNG JABUNG TIMUR;150707;MUARA SABAK BARAT;DATA SEKOLAH;2022/2023 GENAP;SWASTA;SMK;0
15;JAMBI;1507;TANJUNG JABUNG TIMUR;150707;MUARA SABAK BARAT;DATA SEKOLAH;2022/2023 GENAP;SWASTA;SLB;0
15;JAMBI;1507;TANJUNG JABUNG TIMUR;150701;MUARA SABAK TIMUR;DATA SEKOLAH;2022/2023 GENAP;SWASTA;TK;7
15;JAMBI;1507;TANJUNG JABUNG TIMUR;150701;MUARA SABAK TIMUR;DATA SEKOLAH;2022/2023 GENAP;SWASTA;KB;28
15;JAMBI;1507;TANJUNG JABUNG TIMUR;150701;MUARA SABAK TIMUR;DATA SEKOLAH;2022/2023 GENAP;SWASTA;TPA;1
15;JAMBI;1507;TANJUNG JABUNG TIMUR;150701;MUARA SABAK TIMUR;DATA SEKOLAH;2022/2023 GENAP;SWASTA;SPS;3
15;JAMBI;1507;TANJUNG JABUNG TIMUR;150701;MUARA SABAK TIMUR;DATA SEKOLAH;2022/2023 GENAP;SWASTA;PKBM;1
15;JAMBI;1507;TANJUNG JABUNG TIMUR;150701;MUARA SABAK TIMUR;DATA SEKOLAH;2022/2023 GENAP;SWASTA;SKB;0
15;JAMBI;1507;TANJUNG JABUNG TIMUR;150701;MUARA SABAK TIMUR;DATA SEKOLAH;2022/2023 GENAP;SWASTA;SD;0
15;JAMBI;1507;TANJUNG JABUNG TIMUR;150701;MUARA SABAK TIMUR;DATA SEKOLAH;2022/2023 GENAP;SWASTA;SMP;0
15;JAMBI;1507;TANJUNG JABUNG TIMUR;150701;MUARA SABAK TIMUR;DATA SEKOLAH;2022/2023 GENAP;SWASTA;SMA;1
15;JAMBI;1507;TANJUNG JABUNG TIMUR;150701;MUARA SABAK TIMUR;DATA SEKOLAH;2022/2023 GENAP;SWASTA;SMK;0
15;JAMBI;1507;TANJUNG JABUNG TIMUR;150701;MUARA SABAK TIMUR;DATA SEKOLAH;2022/2023 GENAP;SWASTA;SLB;0
15;JAMBI;1502;MERANGIN;150203;MUARA SIAU;DATA SEKOLAH;2022/2023 GENAP;SWASTA;TK;8
15;JAMBI;1502;MERANGIN;150203;MUARA SIAU;DATA SEKOLAH;2022/2023 GENAP;SWASTA;KB;13
15;JAMBI;1502;MERANGIN;150203;MUARA SIAU;DATA SEKOLAH;2022/2023 GENAP;SWASTA;TPA;0
15;JAMBI;1502;MERANGIN;150203;MUARA SIAU;DATA SEKOLAH;2022/2023 GENAP;SWASTA;SPS;0
15;JAMBI;1502;MERANGIN;150203;MUARA SIAU;DATA SEKOLAH;2022/2023 GENAP;SWASTA;PKBM;1
15;JAMBI;1502;MERANGIN;150203;MUARA SIAU;DATA SEKOLAH;2022/2023 GENAP;SWASTA;SKB;0
15;JAMBI;1502;MERANGIN;150203;MUARA SIAU;DATA SEKOLAH;2022/2023 GENAP;SWASTA;SD;0
15;JAMBI;1502;MERANGIN;150203;MUARA SIAU;DATA SEKOLAH;2022/2023 GENAP;SWASTA;SMP;1
15;JAMBI;1502;MERANGIN;150203;MUARA SIAU;DATA SEKOLAH;2022/2023 GENAP;SWASTA;SMA;0
15;JAMBI;1502;MERANGIN;150203;MUARA SIAU;DATA SEKOLAH;2022/2023 GENAP;SWASTA;SMK;0
15;JAMBI;1502;MERANGIN;150203;MUARA SIAU;DATA SEKOLAH;2022/2023 GENAP;SWASTA;SLB;0
15;JAMBI;1509;TEBO;150912;MUARA TABIR;DATA SEKOLAH;2022/2023 GENAP;SWASTA;TK;6
15;JAMBI;1509;TEBO;150912;MUARA TABIR;DATA SEKOLAH;2022/2023 GENAP;SWASTA;KB;9
15;JAMBI;1509;TEBO;150912;MUARA TABIR;DATA SEKOLAH;2022/2023 GENAP;SWASTA;TPA;0
15;JAMBI;1509;TEBO;150912;MUARA TABIR;DATA SEKOLAH;2022/2023 GENAP;SWASTA;SPS;0
15;JAMBI;1509;TEBO;150912;MUARA TABIR;DATA SEKOLAH;2022/2023 GENAP;SWASTA;PKBM;1
15;JAMBI;1509;TEBO;150912;MUARA TABIR;DATA SEKOLAH;2022/2023 GENAP;SWASTA;SKB;0
15;JAMBI;1509;TEBO;150912;MUARA TABIR;DATA SEKOLAH;2022/2023 GENAP;SWASTA;SD;0
15;JAMBI;1509;TEBO;150912;MUARA TABIR;DATA SEKOLAH;2022/2023 GENAP;SWASTA;SMP;0
15;JAMBI;1509;TEBO;150912;MUARA TABIR;DATA SEKOLAH;2022/2023 GENAP;SWASTA;SMA;0
15;JAMBI;1509;TEBO;150912;MUARA TABIR;DATA SEKOLAH;2022/2023 GENAP;SWASTA;SMK;1
15;JAMBI;1509;TEBO;150912;MUARA TABIR;DATA SEKOLAH;2022/2023 GENAP;SWASTA;SLB;0
15;JAMBI;1504;BATANGHARI;150402;MUARA TEMBESI;DATA SEKOLAH;2022/2023 GENAP;SWASTA;TK;18
15;JAMBI;1504;BATANGHARI;150402;MUARA TEMBESI;DATA SEKOLAH;2022/2023 GENAP;SWASTA;KB;25
15;JAMBI;1504;BATANGHARI;150402;MUARA TEMBESI;DATA SEKOLAH;2022/2023 GENAP;SWASTA;TPA;1
15;JAMBI;1504;BATANGHARI;150402;MUARA TEMBESI;DATA SEKOLAH;2022/2023 GENAP;SWASTA;SPS;4
15;JAMBI;1504;BATANGHARI;150402;MUARA TEMBESI;DATA SEKOLAH;2022/2023 GENAP;SWASTA;PKBM;3
15;JAMBI;1504;BATANGHARI;150402;MUARA TEMBESI;DATA SEKOLAH;2022/2023 GENAP;SWASTA;SKB;0
15;JAMBI;1504;BATANGHARI;150402;MUARA TEMBESI;DATA SEKOLAH;2022/2023 GENAP;SWASTA;SD;2
15;JAMBI;1504;BATANGHARI;150402;MUARA TEMBESI;DATA SEKOLAH;2022/2023 GENAP;SWASTA;SMP;2
15;JAMBI;1504;BATANGHARI;150402;MUARA TEMBESI;DATA SEKOLAH;2022/2023 GENAP;SWASTA;SMA;1
15;JAMBI;1504;BATANGHARI;150402;MUARA TEMBESI;DATA SEKOLAH;2022/2023 GENAP;SWASTA;SMK;0
15;JAMBI;1504;BATANGHARI;150402;MUARA TEMBESI;DATA SEKOLAH;2022/2023 GENAP;SWASTA;SLB;0
15;JAMBI;1508;BUNGO;150808;MUKO-MUKO BATHIN VII;DATA SEKOLAH;2022/2023 GENAP;SWASTA;TK;7
15;JAMBI;1508;BUNGO;150808;MUKO-MUKO BATHIN VII;DATA SEKOLAH;2022/2023 GENAP;SWASTA;KB;12
15;JAMBI;1508;BUNGO;150808;MUKO-MUKO BATHIN VII;DATA SEKOLAH;2022/2023 GENAP;SWASTA;TPA;0
15;JAMBI;1508;BUNGO;150808;MUKO-MUKO BATHIN VII;DATA SEKOLAH;2022/2023 GENAP;SWASTA;SPS;1
15;JAMBI;1508;BUNGO;150808;MUKO-MUKO BATHIN VII;DATA SEKOLAH;2022/2023 GENAP;SWASTA;PKBM;4
15;JAMBI;1508;BUNGO;150808;MUKO-MUKO BATHIN VII;DATA SEKOLAH;2022/2023 GENAP;SWASTA;SKB;0
15;JAMBI;1508;BUNGO;150808;MUKO-MUKO BATHIN VII;DATA SEKOLAH;2022/2023 GENAP;SWASTA;SD;0
15;JAMBI;1508;BUNGO;150808;MUKO-MUKO BATHIN VII;DATA SEKOLAH;2022/2023 GENAP;SWASTA;SMP;0
15;JAMBI;1508;BUNGO;150808;MUKO-MUKO BATHIN VII;DATA SEKOLAH;2022/2023 GENAP;SWASTA;SMA;0
15;JAMBI;1508;BUNGO;150808;MUKO-MUKO BATHIN VII;DATA SEKOLAH;2022/2023 GENAP;SWASTA;SMK;0
15;JAMBI;1508;BUNGO;150808;MUKO-MUKO BATHIN VII;DATA SEKOLAH;2022/2023 GENAP;SWASTA;SLB;0
15;JAMBI;1502;MERANGIN;150211;NALO TATAN;DATA SEKOLAH;2022/2023 GENAP;SWASTA;TK;8
15;JAMBI;1502;MERANGIN;150211;NALO TATAN;DATA SEKOLAH;2022/2023 GENAP;SWASTA;KB;4
15;JAMBI;1502;MERANGIN;150211;NALO TATAN;DATA SEKOLAH;2022/2023 GENAP;SWASTA;TPA;0
15;JAMBI;1502;MERANGIN;150211;NALO TATAN;DATA SEKOLAH;2022/2023 GENAP;SWASTA;SPS;1
15;JAMBI;1502;MERANGIN;150211;NALO TATAN;DATA SEKOLAH;2022/2023 GENAP;SWASTA;PKBM;3
15;JAMBI;1502;MERANGIN;150211;NALO TATAN;DATA SEKOLAH;2022/2023 GENAP;SWASTA;SKB;0
15;JAMBI;1502;MERANGIN;150211;NALO TATAN;DATA SEKOLAH;2022/2023 GENAP;SWASTA;SD;2
15;JAMBI;1502;MERANGIN;150211;NALO TATAN;DATA SEKOLAH;2022/2023 GENAP;SWASTA;SMP;0
15;JAMBI;1502;MERANGIN;150211;NALO TATAN;DATA SEKOLAH;2022/2023 GENAP;SWASTA;SMA;0
15;JAMBI;1502;MERANGIN;150211;NALO TATAN;DATA SEKOLAH;2022/2023 GENAP;SWASTA;SMK;1
15;JAMBI;1502;MERANGIN;150211;NALO TATAN;DATA SEKOLAH;2022/2023 GENAP;SWASTA;SLB;0
15;JAMBI;1507;TANJUNG JABUNG TIMUR;150702;NIPAH PANJANG;DATA SEKOLAH;2022/2023 GENAP;SWASTA;TK;4
15;JAMBI;1507;TANJUNG JABUNG TIMUR;150702;NIPAH PANJANG;DATA SEKOLAH;2022/2023 GENAP;SWASTA;KB;25
15;JAMBI;1507;TANJUNG JABUNG TIMUR;150702;NIPAH PANJANG;DATA SEKOLAH;2022/2023 GENAP;SWASTA;TPA;0
15;JAMBI;1507;TANJUNG JABUNG TIMUR;150702;NIPAH PANJANG;DATA SEKOLAH;2022/2023 GENAP;SWASTA;SPS;1
15;JAMBI;1507;TANJUNG JABUNG TIMUR;150702;NIPAH PANJANG;DATA SEKOLAH;2022/2023 GENAP;SWASTA;PKBM;2
15;JAMBI;1507;TANJUNG JABUNG TIMUR;150702;NIPAH PANJANG;DATA SEKOLAH;2022/2023 GENAP;SWASTA;SKB;0
15;JAMBI;1507;TANJUNG JABUNG TIMUR;150702;NIPAH PANJANG;DATA SEKOLAH;2022/2023 GENAP;SWASTA;SD;1
15;JAMBI;1507;TANJUNG JABUNG TIMUR;150702;NIPAH PANJANG;DATA SEKOLAH;2022/2023 GENAP;SWASTA;SMP;0
15;JAMBI;1507;TANJUNG JABUNG TIMUR;150702;NIPAH PANJANG;DATA SEKOLAH;2022/2023 GENAP;SWASTA;SMA;0
15;JAMBI;1507;TANJUNG JABUNG TIMUR;150702;NIPAH PANJANG;DATA SEKOLAH;2022/2023 GENAP;SWASTA;SMK;0
15;JAMBI;1507;TANJUNG JABUNG TIMUR;150702;NIPAH PANJANG;DATA SEKOLAH;2022/2023 GENAP;SWASTA;SLB;0
15;JAMBI;1571;KOTA JAMBI;157111;PAAL MERAH;DATA SEKOLAH;2022/2023 GENAP;SWASTA;TK;34
15;JAMBI;1571;KOTA JAMBI;157111;PAAL MERAH;DATA SEKOLAH;2022/2023 GENAP;SWASTA;KB;14
15;JAMBI;1571;KOTA JAMBI;157111;PAAL MERAH;DATA SEKOLAH;2022/2023 GENAP;SWASTA;TPA;0
15;JAMBI;1571;KOTA JAMBI;157111;PAAL MERAH;DATA SEKOLAH;2022/2023 GENAP;SWASTA;SPS;2
15;JAMBI;1571;KOTA JAMBI;157111;PAAL MERAH;DATA SEKOLAH;2022/2023 GENAP;SWASTA;PKBM;5
15;JAMBI;1571;KOTA JAMBI;157111;PAAL MERAH;DATA SEKOLAH;2022/2023 GENAP;SWASTA;SKB;0
15;JAMBI;1571;KOTA JAMBI;157111;PAAL MERAH;DATA SEKOLAH;2022/2023 GENAP;SWASTA;SD;2
15;JAMBI;1571;KOTA JAMBI;157111;PAAL MERAH;DATA SEKOLAH;2022/2023 GENAP;SWASTA;SMP;5
15;JAMBI;1571;KOTA JAMBI;157111;PAAL MERAH;DATA SEKOLAH;2022/2023 GENAP;SWASTA;SMA;4
15;JAMBI;1571;KOTA JAMBI;157111;PAAL MERAH;DATA SEKOLAH;2022/2023 GENAP;SWASTA;SMK;6
15;JAMBI;1571;KOTA JAMBI;157111;PAAL MERAH;DATA SEKOLAH;2022/2023 GENAP;SWASTA;SLB;0
15;JAMBI;1502;MERANGIN;150206;PAMENANG;DATA SEKOLAH;2022/2023 GENAP;SWASTA;TK;16
15;JAMBI;1502;MERANGIN;150206;PAMENANG;DATA SEKOLAH;2022/2023 GENAP;SWASTA;KB;15
15;JAMBI;1502;MERANGIN;150206;PAMENANG;DATA SEKOLAH;2022/2023 GENAP;SWASTA;TPA;0
15;JAMBI;1502;MERANGIN;150206;PAMENANG;DATA SEKOLAH;2022/2023 GENAP;SWASTA;SPS;1
15;JAMBI;1502;MERANGIN;150206;PAMENANG;DATA SEKOLAH;2022/2023 GENAP;SWASTA;PKBM;2
15;JAMBI;1502;MERANGIN;150206;PAMENANG;DATA SEKOLAH;2022/2023 GENAP;SWASTA;SKB;0
15;JAMBI;1502;MERANGIN;150206;PAMENANG;DATA SEKOLAH;2022/2023 GENAP;SWASTA;SD;0
15;JAMBI;1502;MERANGIN;150206;PAMENANG;DATA SEKOLAH;2022/2023 GENAP;SWASTA;SMP;1
15;JAMBI;1502;MERANGIN;150206;PAMENANG;DATA SEKOLAH;2022/2023 GENAP;SWASTA;SMA;0
15;JAMBI;1502;MERANGIN;150206;PAMENANG;DATA SEKOLAH;2022/2023 GENAP;SWASTA;SMK;1
15;JAMBI;1502;MERANGIN;150206;PAMENANG;DATA SEKOLAH;2022/2023 GENAP;SWASTA;SLB;0
15;JAMBI;1502;MERANGIN;150213;PAMENANG BARAT;DATA SEKOLAH;2022/2023 GENAP;SWASTA;TK;7
15;JAMBI;1502;MERANGIN;150213;PAMENANG BARAT;DATA SEKOLAH;2022/2023 GENAP;SWASTA;KB;5
15;JAMBI;1502;MERANGIN;150213;PAMENANG BARAT;DATA SEKOLAH;2022/2023 GENAP;SWASTA;TPA;0
15;JAMBI;1502;MERANGIN;150213;PAMENANG BARAT;DATA SEKOLAH;2022/2023 GENAP;SWASTA;SPS;1
15;JAMBI;1502;MERANGIN;150213;PAMENANG BARAT;DATA SEKOLAH;2022/2023 GENAP;SWASTA;PKBM;1
15;JAMBI;1502;MERANGIN;150213;PAMENANG BARAT;DATA SEKOLAH;2022/2023 GENAP;SWASTA;SKB;0
15;JAMBI;1502;MERANGIN;150213;PAMENANG BARAT;DATA SEKOLAH;2022/2023 GENAP;SWASTA;SD;2
15;JAMBI;1502;MERANGIN;150213;PAMENANG BARAT;DATA SEKOLAH;2022/2023 GENAP;SWASTA;SMP;1
15;JAMBI;1502;MERANGIN;150213;PAMENANG BARAT;DATA SEKOLAH;2022/2023 GENAP;SWASTA;SMA;0
15;JAMBI;1502;MERANGIN;150213;PAMENANG BARAT;DATA SEKOLAH;2022/2023 GENAP;SWASTA;SMK;0
15;JAMBI;1502;MERANGIN;150213;PAMENANG BARAT;DATA SEKOLAH;2022/2023 GENAP;SWASTA;SLB;0
15;JAMBI;1502;MERANGIN;150220;PAMENANG SELATAN;DATA SEKOLAH;2022/2023 GENAP;SWASTA;TK;5
15;JAMBI;1502;MERANGIN;150220;PAMENANG SELATAN;DATA SEKOLAH;2022/2023 GENAP;SWASTA;KB;5
15;JAMBI;1502;MERANGIN;150220;PAMENANG SELATAN;DATA SEKOLAH;2022/2023 GENAP;SWASTA;TPA;0
15;JAMBI;1502;MERANGIN;150220;PAMENANG SELATAN;DATA SEKOLAH;2022/2023 GENAP;SWASTA;SPS;0
15;JAMBI;1502;MERANGIN;150220;PAMENANG SELATAN;DATA SEKOLAH;2022/2023 GENAP;SWASTA;PKBM;0
15;JAMBI;1502;MERANGIN;150220;PAMENANG SELATAN;DATA SEKOLAH;2022/2023 GENAP;SWASTA;SKB;0
15;JAMBI;1502;MERANGIN;150220;PAMENANG SELATAN;DATA SEKOLAH;2022/2023 GENAP;SWASTA;SD;1
15;JAMBI;1502;MERANGIN;150220;PAMENANG SELATAN;DATA SEKOLAH;2022/2023 GENAP;SWASTA;SMP;1
15;JAMBI;1502;MERANGIN;150220;PAMENANG SELATAN;DATA SEKOLAH;2022/2023 GENAP;SWASTA;SMA;1
15;JAMBI;1502;MERANGIN;150220;PAMENANG SELATAN;DATA SEKOLAH;2022/2023 GENAP;SWASTA;SMK;1
15;JAMBI;1502;MERANGIN;150220;PAMENANG SELATAN;DATA SEKOLAH;2022/2023 GENAP;SWASTA;SLB;0
15;JAMBI;1502;MERANGIN;150217;PANGKALAN JAMBU;DATA SEKOLAH;2022/2023 GENAP;SWASTA;TK;9
15;JAMBI;1502;MERANGIN;150217;PANGKALAN JAMBU;DATA SEKOLAH;2022/2023 GENAP;SWASTA;KB;8
15;JAMBI;1502;MERANGIN;150217;PANGKALAN JAMBU;DATA SEKOLAH;2022/2023 GENAP;SWASTA;TPA;0
15;JAMBI;1502;MERANGIN;150217;PANGKALAN JAMBU;DATA SEKOLAH;2022/2023 GENAP;SWASTA;SPS;4
15;JAMBI;1502;MERANGIN;150217;PANGKALAN JAMBU;DATA SEKOLAH;2022/2023 GENAP;SWASTA;PKBM;1
15;JAMBI;1502;MERANGIN;150217;PANGKALAN JAMBU;DATA SEKOLAH;2022/2023 GENAP;SWASTA;SKB;0
15;JAMBI;1502;MERANGIN;150217;PANGKALAN JAMBU;DATA SEKOLAH;2022/2023 GENAP;SWASTA;SD;0
15;JAMBI;1502;MERANGIN;150217;PANGKALAN JAMBU;DATA SEKOLAH;2022/2023 GENAP;SWASTA;SMP;0
15;JAMBI;1502;MERANGIN;150217;PANGKALAN JAMBU;DATA SEKOLAH;2022/2023 GENAP;SWASTA;SMA;0
15;JAMBI;1502;MERANGIN;150217;PANGKALAN JAMBU;DATA SEKOLAH;2022/2023 GENAP;SWASTA;SMK;0
15;JAMBI;1502;MERANGIN;150217;PANGKALAN JAMBU;DATA SEKOLAH;2022/2023 GENAP;SWASTA;SLB;0
15;JAMBI;1571;KOTA JAMBI;157104;PASAR JAMBI;DATA SEKOLAH;2022/2023 GENAP;SWASTA;TK;6
15;JAMBI;1571;KOTA JAMBI;157104;PASAR JAMBI;DATA SEKOLAH;2022/2023 GENAP;SWASTA;KB;3
15;JAMBI;1571;KOTA JAMBI;157104;PASAR JAMBI;DATA SEKOLAH;2022/2023 GENAP;SWASTA;TPA;0
15;JAMBI;1571;KOTA JAMBI;157104;PASAR JAMBI;DATA SEKOLAH;2022/2023 GENAP;SWASTA;SPS;1
15;JAMBI;1571;KOTA JAMBI;157104;PASAR JAMBI;DATA SEKOLAH;2022/2023 GENAP;SWASTA;PKBM;0
15;JAMBI;1571;KOTA JAMBI;157104;PASAR JAMBI;DATA SEKOLAH;2022/2023 GENAP;SWASTA;SKB;0
15;JAMBI;1571;KOTA JAMBI;157104;PASAR JAMBI;DATA SEKOLAH;2022/2023 GENAP;SWASTA;SD;3
15;JAMBI;1571;KOTA JAMBI;157104;PASAR JAMBI;DATA SEKOLAH;2022/2023 GENAP;SWASTA;SMP;1
15;JAMBI;1571;KOTA JAMBI;157104;PASAR JAMBI;DATA SEKOLAH;2022/2023 GENAP;SWASTA;SMA;0
15;JAMBI;1571;KOTA JAMBI;157104;PASAR JAMBI;DATA SEKOLAH;2022/2023 GENAP;SWASTA;SMK;1
15;JAMBI;1571;KOTA JAMBI;157104;PASAR JAMBI;DATA SEKOLAH;2022/2023 GENAP;SWASTA;SLB;0
15;JAMBI;1508;BUNGO;150803;PASAR MUARO BUNGO;DATA SEKOLAH;2022/2023 GENAP;SWASTA;TK;4
15;JAMBI;1508;BUNGO;150803;PASAR MUARO BUNGO;DATA SEKOLAH;2022/2023 GENAP;SWASTA;KB;5
15;JAMBI;1508;BUNGO;150803;PASAR MUARO BUNGO;DATA SEKOLAH;2022/2023 GENAP;SWASTA;TPA;0
15;JAMBI;1508;BUNGO;150803;PASAR MUARO BUNGO;DATA SEKOLAH;2022/2023 GENAP;SWASTA;SPS;0
15;JAMBI;1508;BUNGO;150803;PASAR MUARO BUNGO;DATA SEKOLAH;2022/2023 GENAP;SWASTA;PKBM;0
15;JAMBI;1508;BUNGO;150803;PASAR MUARO BUNGO;DATA SEKOLAH;2022/2023 GENAP;SWASTA;SKB;0
15;JAMBI;1508;BUNGO;150803;PASAR MUARO BUNGO;DATA SEKOLAH;2022/2023 GENAP;SWASTA;SD;0
15;JAMBI;1508;BUNGO;150803;PASAR MUARO BUNGO;DATA SEKOLAH;2022/2023 GENAP;SWASTA;SMP;0
15;JAMBI;1508;BUNGO;150803;PASAR MUARO BUNGO;DATA SEKOLAH;2022/2023 GENAP;SWASTA;SMA;0
15;JAMBI;1508;BUNGO;150803;PASAR MUARO BUNGO;DATA SEKOLAH;2022/2023 GENAP;SWASTA;SMK;0
15;JAMBI;1508;BUNGO;150803;PASAR MUARO BUNGO;DATA SEKOLAH;2022/2023 GENAP;SWASTA;SLB;0
15;JAMBI;1503;SAROLANGUN;150304;PAUH;DATA SEKOLAH;2022/2023 GENAP;SWASTA;TK;16
15;JAMBI;1503;SAROLANGUN;150304;PAUH;DATA SEKOLAH;2022/2023 GENAP;SWASTA;KB;28
15;JAMBI;1503;SAROLANGUN;150304;PAUH;DATA SEKOLAH;2022/2023 GENAP;SWASTA;TPA;0
15;JAMBI;1503;SAROLANGUN;150304;PAUH;DATA SEKOLAH;2022/2023 GENAP;SWASTA;SPS;1
15;JAMBI;1503;SAROLANGUN;150304;PAUH;DATA SEKOLAH;2022/2023 GENAP;SWASTA;PKBM;1
15;JAMBI;1503;SAROLANGUN;150304;PAUH;DATA SEKOLAH;2022/2023 GENAP;SWASTA;SKB;0
15;JAMBI;1503;SAROLANGUN;150304;PAUH;DATA SEKOLAH;2022/2023 GENAP;SWASTA;SD;3
15;JAMBI;1503;SAROLANGUN;150304;PAUH;DATA SEKOLAH;2022/2023 GENAP;SWASTA;SMP;2
15;JAMBI;1503;SAROLANGUN;150304;PAUH;DATA SEKOLAH;2022/2023 GENAP;SWASTA;SMA;1
15;JAMBI;1503;SAROLANGUN;150304;PAUH;DATA SEKOLAH;2022/2023 GENAP;SWASTA;SMK;2
15;JAMBI;1503;SAROLANGUN;150304;PAUH;DATA SEKOLAH;2022/2023 GENAP;SWASTA;SLB;0
15;JAMBI;1503;SAROLANGUN;150305;PELAWAN;DATA SEKOLAH;2022/2023 GENAP;SWASTA;TK;24
15;JAMBI;1503;SAROLANGUN;150305;PELAWAN;DATA SEKOLAH;2022/2023 GENAP;SWASTA;KB;20
15;JAMBI;1503;SAROLANGUN;150305;PELAWAN;DATA SEKOLAH;2022/2023 GENAP;SWASTA;TPA;0
15;JAMBI;1503;SAROLANGUN;150305;PELAWAN;DATA SEKOLAH;2022/2023 GENAP;SWASTA;SPS;0
15;JAMBI;1503;SAROLANGUN;150305;PELAWAN;DATA SEKOLAH;2022/2023 GENAP;SWASTA;PKBM;1
15;JAMBI;1503;SAROLANGUN;150305;PELAWAN;DATA SEKOLAH;2022/2023 GENAP;SWASTA;SKB;0
15;JAMBI;1503;SAROLANGUN;150305;PELAWAN;DATA SEKOLAH;2022/2023 GENAP;SWASTA;SD;2
15;JAMBI;1503;SAROLANGUN;150305;PELAWAN;DATA SEKOLAH;2022/2023 GENAP;SWASTA;SMP;3
15;JAMBI;1503;SAROLANGUN;150305;PELAWAN;DATA SEKOLAH;2022/2023 GENAP;SWASTA;SMA;0
15;JAMBI;1503;SAROLANGUN;150305;PELAWAN;DATA SEKOLAH;2022/2023 GENAP;SWASTA;SMK;1
15;JAMBI;1503;SAROLANGUN;150305;PELAWAN;DATA SEKOLAH;2022/2023 GENAP;SWASTA;SLB;0
15;JAMBI;1571;KOTA JAMBI;157105;PELAYANGAN;DATA SEKOLAH;2022/2023 GENAP;SWASTA;TK;3
15;JAMBI;1571;KOTA JAMBI;157105;PELAYANGAN;DATA SEKOLAH;2022/2023 GENAP;SWASTA;KB;8
15;JAMBI;1571;KOTA JAMBI;157105;PELAYANGAN;DATA SEKOLAH;2022/2023 GENAP;SWASTA;TPA;0
15;JAMBI;1571;KOTA JAMBI;157105;PELAYANGAN;DATA SEKOLAH;2022/2023 GENAP;SWASTA;SPS;1
15;JAMBI;1571;KOTA JAMBI;157105;PELAYANGAN;DATA SEKOLAH;2022/2023 GENAP;SWASTA;PKBM;0
15;JAMBI;1571;KOTA JAMBI;157105;PELAYANGAN;DATA SEKOLAH;2022/2023 GENAP;SWASTA;SKB;0
15;JAMBI;1571;KOTA JAMBI;157105;PELAYANGAN;DATA SEKOLAH;2022/2023 GENAP;SWASTA;SD;0
15;JAMBI;1571;KOTA JAMBI;157105;PELAYANGAN;DATA SEKOLAH;2022/2023 GENAP;SWASTA;SMP;0
15;JAMBI;1571;KOTA JAMBI;157105;PELAYANGAN;DATA SEKOLAH;2022/2023 GENAP;SWASTA;SMA;0
15;JAMBI;1571;KOTA JAMBI;157105;PELAYANGAN;DATA SEKOLAH;2022/2023 GENAP;SWASTA;SMK;0
15;JAMBI;1571;KOTA JAMBI;157105;PELAYANGAN;DATA SEKOLAH;2022/2023 GENAP;SWASTA;SLB;0
15;JAMBI;1508;BUNGO;150806;PELEPAT;DATA SEKOLAH;2022/2023 GENAP;SWASTA;TK;12
15;JAMBI;1508;BUNGO;150806;PELEPAT;DATA SEKOLAH;2022/2023 GENAP;SWASTA;KB;18
15;JAMBI;1508;BUNGO;150806;PELEPAT;DATA SEKOLAH;2022/2023 GENAP;SWASTA;TPA;0
15;JAMBI;1508;BUNGO;150806;PELEPAT;DATA SEKOLAH;2022/2023 GENAP;SWASTA;SPS;1
15;JAMBI;1508;BUNGO;150806;PELEPAT;DATA SEKOLAH;2022/2023 GENAP;SWASTA;PKBM;1
15;JAMBI;1508;BUNGO;150806;PELEPAT;DATA SEKOLAH;2022/2023 GENAP;SWASTA;SKB;0
15;JAMBI;1508;BUNGO;150806;PELEPAT;DATA SEKOLAH;2022/2023 GENAP;SWASTA;SD;2
15;JAMBI;1508;BUNGO;150806;PELEPAT;DATA SEKOLAH;2022/2023 GENAP;SWASTA;SMP;1
15;JAMBI;1508;BUNGO;150806;PELEPAT;DATA SEKOLAH;2022/2023 GENAP;SWASTA;SMA;0
15;JAMBI;1508;BUNGO;150806;PELEPAT;DATA SEKOLAH;2022/2023 GENAP;SWASTA;SMK;0
15;JAMBI;1508;BUNGO;150806;PELEPAT;DATA SEKOLAH;2022/2023 GENAP;SWASTA;SLB;0
15;JAMBI;1508;BUNGO;150809;PELEPAT ILIR;DATA SEKOLAH;2022/2023 GENAP;SWASTA;TK;20
15;JAMBI;1508;BUNGO;150809;PELEPAT ILIR;DATA SEKOLAH;2022/2023 GENAP;SWASTA;KB;23
15;JAMBI;1508;BUNGO;150809;PELEPAT ILIR;DATA SEKOLAH;2022/2023 GENAP;SWASTA;TPA;2
15;JAMBI;1508;BUNGO;150809;PELEPAT ILIR;DATA SEKOLAH;2022/2023 GENAP;SWASTA;SPS;1
15;JAMBI;1508;BUNGO;150809;PELEPAT ILIR;DATA SEKOLAH;2022/2023 GENAP;SWASTA;PKBM;3
15;JAMBI;1508;BUNGO;150809;PELEPAT ILIR;DATA SEKOLAH;2022/2023 GENAP;SWASTA;SKB;0
15;JAMBI;1508;BUNGO;150809;PELEPAT ILIR;DATA SEKOLAH;2022/2023 GENAP;SWASTA;SD;3
15;JAMBI;1508;BUNGO;150809;PELEPAT ILIR;DATA SEKOLAH;2022/2023 GENAP;SWASTA;SMP;2
15;JAMBI;1508;BUNGO;150809;PELEPAT ILIR;DATA SEKOLAH;2022/2023 GENAP;SWASTA;SMA;0
15;JAMBI;1508;BUNGO;150809;PELEPAT ILIR;DATA SEKOLAH;2022/2023 GENAP;SWASTA;SMK;1
15;JAMBI;1508;BUNGO;150809;PELEPAT ILIR;DATA SEKOLAH;2022/2023 GENAP;SWASTA;SLB;0
15;JAMBI;1504;BATANGHARI;150405;PEMAYUNG;DATA SEKOLAH;2022/2023 GENAP;SWASTA;TK;24
15;JAMBI;1504;BATANGHARI;150405;PEMAYUNG;DATA SEKOLAH;2022/2023 GENAP;SWASTA;KB;22
15;JAMBI;1504;BATANGHARI;150405;PEMAYUNG;DATA SEKOLAH;2022/2023 GENAP;SWASTA;TPA;0
15;JAMBI;1504;BATANGHARI;150405;PEMAYUNG;DATA SEKOLAH;2022/2023 GENAP;SWASTA;SPS;0
15;JAMBI;1504;BATANGHARI;150405;PEMAYUNG;DATA SEKOLAH;2022/2023 GENAP;SWASTA;PKBM;3
15;JAMBI;1504;BATANGHARI;150405;PEMAYUNG;DATA SEKOLAH;2022/2023 GENAP;SWASTA;SKB;0
15;JAMBI;1504;BATANGHARI;150405;PEMAYUNG;DATA SEKOLAH;2022/2023 GENAP;SWASTA;SD;0
15;JAMBI;1504;BATANGHARI;150405;PEMAYUNG;DATA SEKOLAH;2022/2023 GENAP;SWASTA;SMP;3
15;JAMBI;1504;BATANGHARI;150405;PEMAYUNG;DATA SEKOLAH;2022/2023 GENAP;SWASTA;SMA;1
15;JAMBI;1504;BATANGHARI;150405;PEMAYUNG;DATA SEKOLAH;2022/2023 GENAP;SWASTA;SMK;0
15;JAMBI;1504;BATANGHARI;150405;PEMAYUNG;DATA SEKOLAH;2022/2023 GENAP;SWASTA;SLB;0
15;JAMBI;1506;TANJUNG JABUNG BARAT;150603;PENGABUAN;DATA SEKOLAH;2022/2023 GENAP;SWASTA;TK;1
15;JAMBI;1506;TANJUNG JABUNG BARAT;150603;PENGABUAN;DATA SEKOLAH;2022/2023 GENAP;SWASTA;KB;20
15;JAMBI;1506;TANJUNG JABUNG BARAT;150603;PENGABUAN;DATA SEKOLAH;2022/2023 GENAP;SWASTA;TPA;0
15;JAMBI;1506;TANJUNG JABUNG BARAT;150603;PENGABUAN;DATA SEKOLAH;2022/2023 GENAP;SWASTA;SPS;4
15;JAMBI;1506;TANJUNG JABUNG BARAT;150603;PENGABUAN;DATA SEKOLAH;2022/2023 GENAP;SWASTA;PKBM;2
15;JAMBI;1506;TANJUNG JABUNG BARAT;150603;PENGABUAN;DATA SEKOLAH;2022/2023 GENAP;SWASTA;SKB;0
15;JAMBI;1506;TANJUNG JABUNG BARAT;150603;PENGABUAN;DATA SEKOLAH;2022/2023 GENAP;SWASTA;SD;0
15;JAMBI;1506;TANJUNG JABUNG BARAT;150603;PENGABUAN;DATA SEKOLAH;2022/2023 GENAP;SWASTA;SMP;0
15;JAMBI;1506;TANJUNG JABUNG BARAT;150603;PENGABUAN;DATA SEKOLAH;2022/2023 GENAP;SWASTA;SMA;1
15;JAMBI;1506;TANJUNG JABUNG BARAT;150603;PENGABUAN;DATA SEKOLAH;2022/2023 GENAP;SWASTA;SMK;0
15;JAMBI;1506;TANJUNG JABUNG BARAT;150603;PENGABUAN;DATA SEKOLAH;2022/2023 GENAP;SWASTA;SLB;0
15;JAMBI;1572;KOTA SUNGAI PENUH;157202;PESISIR BUKIT;DATA SEKOLAH;2022/2023 GENAP;SWASTA;TK;1
15;JAMBI;1572;KOTA SUNGAI PENUH;157202;PESISIR BUKIT;DATA SEKOLAH;2022/2023 GENAP;SWASTA;KB;6
15;JAMBI;1572;KOTA SUNGAI PENUH;157202;PESISIR BUKIT;DATA SEKOLAH;2022/2023 GENAP;SWASTA;TPA;1
15;JAMBI;1572;KOTA SUNGAI PENUH;157202;PESISIR BUKIT;DATA SEKOLAH;2022/2023 GENAP;SWASTA;SPS;7
15;JAMBI;1572;KOTA SUNGAI PENUH;157202;PESISIR BUKIT;DATA SEKOLAH;2022/2023 GENAP;SWASTA;PKBM;1
15;JAMBI;1572;KOTA SUNGAI PENUH;157202;PESISIR BUKIT;DATA SEKOLAH;2022/2023 GENAP;SWASTA;SKB;0
15;JAMBI;1572;KOTA SUNGAI PENUH;157202;PESISIR BUKIT;DATA SEKOLAH;2022/2023 GENAP;SWASTA;SD;0
15;JAMBI;1572;KOTA SUNGAI PENUH;157202;PESISIR BUKIT;DATA SEKOLAH;2022/2023 GENAP;SWASTA;SMP;0
15;JAMBI;1572;KOTA SUNGAI PENUH;157202;PESISIR BUKIT;DATA SEKOLAH;2022/2023 GENAP;SWASTA;SMA;0
15;JAMBI;1572;KOTA SUNGAI PENUH;157202;PESISIR BUKIT;DATA SEKOLAH;2022/2023 GENAP;SWASTA;SMK;0
15;JAMBI;1572;KOTA SUNGAI PENUH;157202;PESISIR BUKIT;DATA SEKOLAH;2022/2023 GENAP;SWASTA;SLB;0
15;JAMBI;1572;KOTA SUNGAI PENUH;157206;PONDOK TINGGI;DATA SEKOLAH;2022/2023 GENAP;SWASTA;TK;9
15;JAMBI;1572;KOTA SUNGAI PENUH;157206;PONDOK TINGGI;DATA SEKOLAH;2022/2023 GENAP;SWASTA;KB;8
15;JAMBI;1572;KOTA SUNGAI PENUH;157206;PONDOK TINGGI;DATA SEKOLAH;2022/2023 GENAP;SWASTA;TPA;1
15;JAMBI;1572;KOTA SUNGAI PENUH;157206;PONDOK TINGGI;DATA SEKOLAH;2022/2023 GENAP;SWASTA;SPS;1
15;JAMBI;1572;KOTA SUNGAI PENUH;157206;PONDOK TINGGI;DATA SEKOLAH;2022/2023 GENAP;SWASTA;PKBM;2
15;JAMBI;1572;KOTA SUNGAI PENUH;157206;PONDOK TINGGI;DATA SEKOLAH;2022/2023 GENAP;SWASTA;SKB;0
15;JAMBI;1572;KOTA SUNGAI PENUH;157206;PONDOK TINGGI;DATA SEKOLAH;2022/2023 GENAP;SWASTA;SD;0
15;JAMBI;1572;KOTA SUNGAI PENUH;157206;PONDOK TINGGI;DATA SEKOLAH;2022/2023 GENAP;SWASTA;SMP;0
15;JAMBI;1572;KOTA SUNGAI PENUH;157206;PONDOK TINGGI;DATA SEKOLAH;2022/2023 GENAP;SWASTA;SMA;0
15;JAMBI;1572;KOTA SUNGAI PENUH;157206;PONDOK TINGGI;DATA SEKOLAH;2022/2023 GENAP;SWASTA;SMK;0
15;JAMBI;1572;KOTA SUNGAI PENUH;157206;PONDOK TINGGI;DATA SEKOLAH;2022/2023 GENAP;SWASTA;SLB;0
15;JAMBI;1508;BUNGO;150802;RANTAU PANDAN;DATA SEKOLAH;2022/2023 GENAP;SWASTA;TK;0
15;JAMBI;1508;BUNGO;150802;RANTAU PANDAN;DATA SEKOLAH;2022/2023 GENAP;SWASTA;KB;8
15;JAMBI;1508;BUNGO;150802;RANTAU PANDAN;DATA SEKOLAH;2022/2023 GENAP;SWASTA;TPA;0
15;JAMBI;1508;BUNGO;150802;RANTAU PANDAN;DATA SEKOLAH;2022/2023 GENAP;SWASTA;SPS;0
15;JAMBI;1508;BUNGO;150802;RANTAU PANDAN;DATA SEKOLAH;2022/2023 GENAP;SWASTA;PKBM;3
15;JAMBI;1508;BUNGO;150802;RANTAU PANDAN;DATA SEKOLAH;2022/2023 GENAP;SWASTA;SKB;0
15;JAMBI;1508;BUNGO;150802;RANTAU PANDAN;DATA SEKOLAH;2022/2023 GENAP;SWASTA;SD;0
15;JAMBI;1508;BUNGO;150802;RANTAU PANDAN;DATA SEKOLAH;2022/2023 GENAP;SWASTA;SMP;1
15;JAMBI;1508;BUNGO;150802;RANTAU PANDAN;DATA SEKOLAH;2022/2023 GENAP;SWASTA;SMA;1
15;JAMBI;1508;BUNGO;150802;RANTAU PANDAN;DATA SEKOLAH;2022/2023 GENAP;SWASTA;SMK;0
15;JAMBI;1508;BUNGO;150802;RANTAU PANDAN;DATA SEKOLAH;2022/2023 GENAP;SWASTA;SLB;0
15;JAMBI;1507;TANJUNG JABUNG TIMUR;150704;RANTAU RASAU;DATA SEKOLAH;2022/2023 GENAP;SWASTA;TK;9
15;JAMBI;1507;TANJUNG JABUNG TIMUR;150704;RANTAU RASAU;DATA SEKOLAH;2022/2023 GENAP;SWASTA;KB;33
15;JAMBI;1507;TANJUNG JABUNG TIMUR;150704;RANTAU RASAU;DATA SEKOLAH;2022/2023 GENAP;SWASTA;TPA;0
15;JAMBI;1507;TANJUNG JABUNG TIMUR;150704;RANTAU RASAU;DATA SEKOLAH;2022/2023 GENAP;SWASTA;SPS;0
15;JAMBI;1507;TANJUNG JABUNG TIMUR;150704;RANTAU RASAU;DATA SEKOLAH;2022/2023 GENAP;SWASTA;PKBM;2
15;JAMBI;1507;TANJUNG JABUNG TIMUR;150704;RANTAU RASAU;DATA SEKOLAH;2022/2023 GENAP;SWASTA;SKB;0
15;JAMBI;1507;TANJUNG JABUNG TIMUR;150704;RANTAU RASAU;DATA SEKOLAH;2022/2023 GENAP;SWASTA;SD;0
15;JAMBI;1507;TANJUNG JABUNG TIMUR;150704;RANTAU RASAU;DATA SEKOLAH;2022/2023 GENAP;SWASTA;SMP;1
15;JAMBI;1507;TANJUNG JABUNG TIMUR;150704;RANTAU RASAU;DATA SEKOLAH;2022/2023 GENAP;SWASTA;SMA;0
15;JAMBI;1507;TANJUNG JABUNG TIMUR;150704;RANTAU RASAU;DATA SEKOLAH;2022/2023 GENAP;SWASTA;SMK;1
15;JAMBI;1507;TANJUNG JABUNG TIMUR;150704;RANTAU RASAU;DATA SEKOLAH;2022/2023 GENAP;SWASTA;SLB;0
15;JAMBI;1506;TANJUNG JABUNG BARAT;150608;RENAH MENDALUH;DATA SEKOLAH;2022/2023 GENAP;SWASTA;TK;5
15;JAMBI;1506;TANJUNG JABUNG BARAT;150608;RENAH MENDALUH;DATA SEKOLAH;2022/2023 GENAP;SWASTA;KB;7
15;JAMBI;1506;TANJUNG JABUNG BARAT;150608;RENAH MENDALUH;DATA SEKOLAH;2022/2023 GENAP;SWASTA;TPA;0
15;JAMBI;1506;TANJUNG JABUNG BARAT;150608;RENAH MENDALUH;DATA SEKOLAH;2022/2023 GENAP;SWASTA;SPS;0
15;JAMBI;1506;TANJUNG JABUNG BARAT;150608;RENAH MENDALUH;DATA SEKOLAH;2022/2023 GENAP;SWASTA;PKBM;0
15;JAMBI;1506;TANJUNG JABUNG BARAT;150608;RENAH MENDALUH;DATA SEKOLAH;2022/2023 GENAP;SWASTA;SKB;0
15;JAMBI;1506;TANJUNG JABUNG BARAT;150608;RENAH MENDALUH;DATA SEKOLAH;2022/2023 GENAP;SWASTA;SD;0
15;JAMBI;1506;TANJUNG JABUNG BARAT;150608;RENAH MENDALUH;DATA SEKOLAH;2022/2023 GENAP;SWASTA;SMP;0
15;JAMBI;1506;TANJUNG JABUNG BARAT;150608;RENAH MENDALUH;DATA SEKOLAH;2022/2023 GENAP;SWASTA;SMA;0
15;JAMBI;1506;TANJUNG JABUNG BARAT;150608;RENAH MENDALUH;DATA SEKOLAH;2022/2023 GENAP;SWASTA;SMK;0
15;JAMBI;1506;TANJUNG JABUNG BARAT;150608;RENAH MENDALUH;DATA SEKOLAH;2022/2023 GENAP;SWASTA;SLB;0
15;JAMBI;1502;MERANGIN;150219;RENAH PAMENANG;DATA SEKOLAH;2022/2023 GENAP;SWASTA;TK;6
15;JAMBI;1502;MERANGIN;150219;RENAH PAMENANG;DATA SEKOLAH;2022/2023 GENAP;SWASTA;KB;6
15;JAMBI;1502;MERANGIN;150219;RENAH PAMENANG;DATA SEKOLAH;2022/2023 GENAP;SWASTA;TPA;0
15;JAMBI;1502;MERANGIN;150219;RENAH PAMENANG;DATA SEKOLAH;2022/2023 GENAP;SWASTA;SPS;0
15;JAMBI;1502;MERANGIN;150219;RENAH PAMENANG;DATA SEKOLAH;2022/2023 GENAP;SWASTA;PKBM;0
15;JAMBI;1502;MERANGIN;150219;RENAH PAMENANG;DATA SEKOLAH;2022/2023 GENAP;SWASTA;SKB;0
15;JAMBI;1502;MERANGIN;150219;RENAH PAMENANG;DATA SEKOLAH;2022/2023 GENAP;SWASTA;SD;0
15;JAMBI;1502;MERANGIN;150219;RENAH PAMENANG;DATA SEKOLAH;2022/2023 GENAP;SWASTA;SMP;0
15;JAMBI;1502;MERANGIN;150219;RENAH PAMENANG;DATA SEKOLAH;2022/2023 GENAP;SWASTA;SMA;0
15;JAMBI;1502;MERANGIN;150219;RENAH PAMENANG;DATA SEKOLAH;2022/2023 GENAP;SWASTA;SMK;0
15;JAMBI;1502;MERANGIN;150219;RENAH PAMENANG;DATA SEKOLAH;2022/2023 GENAP;SWASTA;SLB;0
15;JAMBI;1502;MERANGIN;150216;RENAH PEMBARAP;DATA SEKOLAH;2022/2023 GENAP;SWASTA;TK;8
15;JAMBI;1502;MERANGIN;150216;RENAH PEMBARAP;DATA SEKOLAH;2022/2023 GENAP;SWASTA;KB;11
15;JAMBI;1502;MERANGIN;150216;RENAH PEMBARAP;DATA SEKOLAH;2022/2023 GENAP;SWASTA;TPA;1
15;JAMBI;1502;MERANGIN;150216;RENAH PEMBARAP;DATA SEKOLAH;2022/2023 GENAP;SWASTA;SPS;3
15;JAMBI;1502;MERANGIN;150216;RENAH PEMBARAP;DATA SEKOLAH;2022/2023 GENAP;SWASTA;PKBM;0
15;JAMBI;1502;MERANGIN;150216;RENAH PEMBARAP;DATA SEKOLAH;2022/2023 GENAP;SWASTA;SKB;0
15;JAMBI;1502;MERANGIN;150216;RENAH PEMBARAP;DATA SEKOLAH;2022/2023 GENAP;SWASTA;SD;0
15;JAMBI;1502;MERANGIN;150216;RENAH PEMBARAP;DATA SEKOLAH;2022/2023 GENAP;SWASTA;SMP;0
15;JAMBI;1502;MERANGIN;150216;RENAH PEMBARAP;DATA SEKOLAH;2022/2023 GENAP;SWASTA;SMA;0
15;JAMBI;1502;MERANGIN;150216;RENAH PEMBARAP;DATA SEKOLAH;2022/2023 GENAP;SWASTA;SMK;0
15;JAMBI;1502;MERANGIN;150216;RENAH PEMBARAP;DATA SEKOLAH;2022/2023 GENAP;SWASTA;SLB;0
15;JAMBI;1509;TEBO;150904;RIMBO BUJANG;DATA SEKOLAH;2022/2023 GENAP;SWASTA;TK;20
15;JAMBI;1509;TEBO;150904;RIMBO BUJANG;DATA SEKOLAH;2022/2023 GENAP;SWASTA;KB;18
15;JAMBI;1509;TEBO;150904;RIMBO BUJANG;DATA SEKOLAH;2022/2023 GENAP;SWASTA;TPA;1
15;JAMBI;1509;TEBO;150904;RIMBO BUJANG;DATA SEKOLAH;2022/2023 GENAP;SWASTA;SPS;7
15;JAMBI;1509;TEBO;150904;RIMBO BUJANG;DATA SEKOLAH;2022/2023 GENAP;SWASTA;PKBM;1
15;JAMBI;1509;TEBO;150904;RIMBO BUJANG;DATA SEKOLAH;2022/2023 GENAP;SWASTA;SKB;0
15;JAMBI;1509;TEBO;150904;RIMBO BUJANG;DATA SEKOLAH;2022/2023 GENAP;SWASTA;SD;5
15;JAMBI;1509;TEBO;150904;RIMBO BUJANG;DATA SEKOLAH;2022/2023 GENAP;SWASTA;SMP;7
15;JAMBI;1509;TEBO;150904;RIMBO BUJANG;DATA SEKOLAH;2022/2023 GENAP;SWASTA;SMA;3
15;JAMBI;1509;TEBO;150904;RIMBO BUJANG;DATA SEKOLAH;2022/2023 GENAP;SWASTA;SMK;6
15;JAMBI;1509;TEBO;150904;RIMBO BUJANG;DATA SEKOLAH;2022/2023 GENAP;SWASTA;SLB;1
15;JAMBI;1509;TEBO;150908;RIMBO ILIR;DATA SEKOLAH;2022/2023 GENAP;SWASTA;TK;8
15;JAMBI;1509;TEBO;150908;RIMBO ILIR;DATA SEKOLAH;2022/2023 GENAP;SWASTA;KB;7
15;JAMBI;1509;TEBO;150908;RIMBO ILIR;DATA SEKOLAH;2022/2023 GENAP;SWASTA;TPA;0
15;JAMBI;1509;TEBO;150908;RIMBO ILIR;DATA SEKOLAH;2022/2023 GENAP;SWASTA;SPS;0
15;JAMBI;1509;TEBO;150908;RIMBO ILIR;DATA SEKOLAH;2022/2023 GENAP;SWASTA;PKBM;0
15;JAMBI;1509;TEBO;150908;RIMBO ILIR;DATA SEKOLAH;2022/2023 GENAP;SWASTA;SKB;0
15;JAMBI;1509;TEBO;150908;RIMBO ILIR;DATA SEKOLAH;2022/2023 GENAP;SWASTA;SD;0
15;JAMBI;1509;TEBO;150908;RIMBO ILIR;DATA SEKOLAH;2022/2023 GENAP;SWASTA;SMP;0
15;JAMBI;1509;TEBO;150908;RIMBO ILIR;DATA SEKOLAH;2022/2023 GENAP;SWASTA;SMA;0
15;JAMBI;1509;TEBO;150908;RIMBO ILIR;DATA SEKOLAH;2022/2023 GENAP;SWASTA;SMK;1
15;JAMBI;1509;TEBO;150908;RIMBO ILIR;DATA SEKOLAH;2022/2023 GENAP;SWASTA;SLB;0
15;JAMBI;1508;BUNGO;150813;RIMBO TENGAH;DATA SEKOLAH;2022/2023 GENAP;SWASTA;TK;6
15;JAMBI;1508;BUNGO;150813;RIMBO TENGAH;DATA SEKOLAH;2022/2023 GENAP;SWASTA;KB;17
15;JAMBI;1508;BUNGO;150813;RIMBO TENGAH;DATA SEKOLAH;2022/2023 GENAP;SWASTA;TPA;1
15;JAMBI;1508;BUNGO;150813;RIMBO TENGAH;DATA SEKOLAH;2022/2023 GENAP;SWASTA;SPS;0
15;JAMBI;1508;BUNGO;150813;RIMBO TENGAH;DATA SEKOLAH;2022/2023 GENAP;SWASTA;PKBM;1
15;JAMBI;1508;BUNGO;150813;RIMBO TENGAH;DATA SEKOLAH;2022/2023 GENAP;SWASTA;SKB;0
15;JAMBI;1508;BUNGO;150813;RIMBO TENGAH;DATA SEKOLAH;2022/2023 GENAP;SWASTA;SD;5
15;JAMBI;1508;BUNGO;150813;RIMBO TENGAH;DATA SEKOLAH;2022/2023 GENAP;SWASTA;SMP;3
15;JAMBI;1508;BUNGO;150813;RIMBO TENGAH;DATA SEKOLAH;2022/2023 GENAP;SWASTA;SMA;1
15;JAMBI;1508;BUNGO;150813;RIMBO TENGAH;DATA SEKOLAH;2022/2023 GENAP;SWASTA;SMK;3
15;JAMBI;1508;BUNGO;150813;RIMBO TENGAH;DATA SEKOLAH;2022/2023 GENAP;SWASTA;SLB;0
15;JAMBI;1509;TEBO;150907;RIMBO ULU;DATA SEKOLAH;2022/2023 GENAP;SWASTA;TK;26
15;JAMBI;1509;TEBO;150907;RIMBO ULU;DATA SEKOLAH;2022/2023 GENAP;SWASTA;KB;1
15;JAMBI;1509;TEBO;150907;RIMBO ULU;DATA SEKOLAH;2022/2023 GENAP;SWASTA;TPA;1
15;JAMBI;1509;TEBO;150907;RIMBO ULU;DATA SEKOLAH;2022/2023 GENAP;SWASTA;SPS;0
15;JAMBI;1509;TEBO;150907;RIMBO ULU;DATA SEKOLAH;2022/2023 GENAP;SWASTA;PKBM;1
15;JAMBI;1509;TEBO;150907;RIMBO ULU;DATA SEKOLAH;2022/2023 GENAP;SWASTA;SKB;0
15;JAMBI;1509;TEBO;150907;RIMBO ULU;DATA SEKOLAH;2022/2023 GENAP;SWASTA;SD;3
15;JAMBI;1509;TEBO;150907;RIMBO ULU;DATA SEKOLAH;2022/2023 GENAP;SWASTA;SMP;2
15;JAMBI;1509;TEBO;150907;RIMBO ULU;DATA SEKOLAH;2022/2023 GENAP;SWASTA;SMA;0
15;JAMBI;1509;TEBO;150907;RIMBO ULU;DATA SEKOLAH;2022/2023 GENAP;SWASTA;SMK;1
15;JAMBI;1509;TEBO;150907;RIMBO ULU;DATA SEKOLAH;2022/2023 GENAP;SWASTA;SLB;0
15;JAMBI;1507;TANJUNG JABUNG TIMUR;150705;S A D U;DATA SEKOLAH;2022/2023 GENAP;SWASTA;TK;1
15;JAMBI;1507;TANJUNG JABUNG TIMUR;150705;S A D U;DATA SEKOLAH;2022/2023 GENAP;SWASTA;KB;17
15;JAMBI;1507;TANJUNG JABUNG TIMUR;150705;S A D U;DATA SEKOLAH;2022/2023 GENAP;SWASTA;TPA;0
15;JAMBI;1507;TANJUNG JABUNG TIMUR;150705;S A D U;DATA SEKOLAH;2022/2023 GENAP;SWASTA;SPS;0
15;JAMBI;1507;TANJUNG JABUNG TIMUR;150705;S A D U;DATA SEKOLAH;2022/2023 GENAP;SWASTA;PKBM;1
15;JAMBI;1507;TANJUNG JABUNG TIMUR;150705;S A D U;DATA SEKOLAH;2022/2023 GENAP;SWASTA;SKB;0
15;JAMBI;1507;TANJUNG JABUNG TIMUR;150705;S A D U;DATA SEKOLAH;2022/2023 GENAP;SWASTA;SD;0
15;JAMBI;1507;TANJUNG JABUNG TIMUR;150705;S A D U;DATA SEKOLAH;2022/2023 GENAP;SWASTA;SMP;0
15;JAMBI;1507;TANJUNG JABUNG TIMUR;150705;S A D U;DATA SEKOLAH;2022/2023 GENAP;SWASTA;SMA;0
15;JAMBI;1507;TANJUNG JABUNG TIMUR;150705;S A D U;DATA SEKOLAH;2022/2023 GENAP;SWASTA;SMK;0
15;JAMBI;1507;TANJUNG JABUNG TIMUR;150705;S A D U;DATA SEKOLAH;2022/2023 GENAP;SWASTA;SLB;0
15;JAMBI;1503;SAROLANGUN;150303;SAROLANGUN;DATA SEKOLAH;2022/2023 GENAP;SWASTA;TK;30
15;JAMBI;1503;SAROLANGUN;150303;SAROLANGUN;DATA SEKOLAH;2022/2023 GENAP;SWASTA;KB;35
15;JAMBI;1503;SAROLANGUN;150303;SAROLANGUN;DATA SEKOLAH;2022/2023 GENAP;SWASTA;TPA;3
15;JAMBI;1503;SAROLANGUN;150303;SAROLANGUN;DATA SEKOLAH;2022/2023 GENAP;SWASTA;SPS;3
15;JAMBI;1503;SAROLANGUN;150303;SAROLANGUN;DATA SEKOLAH;2022/2023 GENAP;SWASTA;PKBM;2
15;JAMBI;1503;SAROLANGUN;150303;SAROLANGUN;DATA SEKOLAH;2022/2023 GENAP;SWASTA;SKB;0
15;JAMBI;1503;SAROLANGUN;150303;SAROLANGUN;DATA SEKOLAH;2022/2023 GENAP;SWASTA;SD;6
15;JAMBI;1503;SAROLANGUN;150303;SAROLANGUN;DATA SEKOLAH;2022/2023 GENAP;SWASTA;SMP;6
15;JAMBI;1503;SAROLANGUN;150303;SAROLANGUN;DATA SEKOLAH;2022/2023 GENAP;SWASTA;SMA;1
15;JAMBI;1503;SAROLANGUN;150303;SAROLANGUN;DATA SEKOLAH;2022/2023 GENAP;SWASTA;SMK;0
15;JAMBI;1503;SAROLANGUN;150303;SAROLANGUN;DATA SEKOLAH;2022/2023 GENAP;SWASTA;SLB;0
15;JAMBI;1506;TANJUNG JABUNG BARAT;150610;SEBERANG KOTA;DATA SEKOLAH;2022/2023 GENAP;SWASTA;TK;0
15;JAMBI;1506;TANJUNG JABUNG BARAT;150610;SEBERANG KOTA;DATA SEKOLAH;2022/2023 GENAP;SWASTA;KB;11
15;JAMBI;1506;TANJUNG JABUNG BARAT;150610;SEBERANG KOTA;DATA SEKOLAH;2022/2023 GENAP;SWASTA;TPA;0
15;JAMBI;1506;TANJUNG JABUNG BARAT;150610;SEBERANG KOTA;DATA SEKOLAH;2022/2023 GENAP;SWASTA;SPS;1
15;JAMBI;1506;TANJUNG JABUNG BARAT;150610;SEBERANG KOTA;DATA SEKOLAH;2022/2023 GENAP;SWASTA;PKBM;1
15;JAMBI;1506;TANJUNG JABUNG BARAT;150610;SEBERANG KOTA;DATA SEKOLAH;2022/2023 GENAP;SWASTA;SKB;0
15;JAMBI;1506;TANJUNG JABUNG BARAT;150610;SEBERANG KOTA;DATA SEKOLAH;2022/2023 GENAP;SWASTA;SD;0
15;JAMBI;1506;TANJUNG JABUNG BARAT;150610;SEBERANG KOTA;DATA SEKOLAH;2022/2023 GENAP;SWASTA;SMP;0
15;JAMBI;1506;TANJUNG JABUNG BARAT;150610;SEBERANG KOTA;DATA SEKOLAH;2022/2023 GENAP;SWASTA;SMA;0
15;JAMBI;1506;TANJUNG JABUNG BARAT;150610;SEBERANG KOTA;DATA SEKOLAH;2022/2023 GENAP;SWASTA;SMK;0
15;JAMBI;1506;TANJUNG JABUNG BARAT;150610;SEBERANG KOTA;DATA SEKOLAH;2022/2023 GENAP;SWASTA;SLB;0
15;JAMBI;1505;MUARO JAMBI;150502;SEKERNAN;DATA SEKOLAH;2022/2023 GENAP;SWASTA;TK;22
15;JAMBI;1505;MUARO JAMBI;150502;SEKERNAN;DATA SEKOLAH;2022/2023 GENAP;SWASTA;KB;6
15;JAMBI;1505;MUARO JAMBI;150502;SEKERNAN;DATA SEKOLAH;2022/2023 GENAP;SWASTA;TPA;0
15;JAMBI;1505;MUARO JAMBI;150502;SEKERNAN;DATA SEKOLAH;2022/2023 GENAP;SWASTA;SPS;0
15;JAMBI;1505;MUARO JAMBI;150502;SEKERNAN;DATA SEKOLAH;2022/2023 GENAP;SWASTA;PKBM;4
15;JAMBI;1505;MUARO JAMBI;150502;SEKERNAN;DATA SEKOLAH;2022/2023 GENAP;SWASTA;SKB;0
15;JAMBI;1505;MUARO JAMBI;150502;SEKERNAN;DATA SEKOLAH;2022/2023 GENAP;SWASTA;SD;2
15;JAMBI;1505;MUARO JAMBI;150502;SEKERNAN;DATA SEKOLAH;2022/2023 GENAP;SWASTA;SMP;2
15;JAMBI;1505;MUARO JAMBI;150502;SEKERNAN;DATA SEKOLAH;2022/2023 GENAP;SWASTA;SMA;1
15;JAMBI;1505;MUARO JAMBI;150502;SEKERNAN;DATA SEKOLAH;2022/2023 GENAP;SWASTA;SMK;1
15;JAMBI;1505;MUARO JAMBI;150502;SEKERNAN;DATA SEKOLAH;2022/2023 GENAP;SWASTA;SLB;0
15;JAMBI;1506;TANJUNG JABUNG BARAT;150613;SENYERANG;DATA SEKOLAH;2022/2023 GENAP;SWASTA;TK;1
15;JAMBI;1506;TANJUNG JABUNG BARAT;150613;SENYERANG;DATA SEKOLAH;2022/2023 GENAP;SWASTA;KB;24
15;JAMBI;1506;TANJUNG JABUNG BARAT;150613;SENYERANG;DATA SEKOLAH;2022/2023 GENAP;SWASTA;TPA;0
15;JAMBI;1506;TANJUNG JABUNG BARAT;150613;SENYERANG;DATA SEKOLAH;2022/2023 GENAP;SWASTA;SPS;0
15;JAMBI;1506;TANJUNG JABUNG BARAT;150613;SENYERANG;DATA SEKOLAH;2022/2023 GENAP;SWASTA;PKBM;0
15;JAMBI;1506;TANJUNG JABUNG BARAT;150613;SENYERANG;DATA SEKOLAH;2022/2023 GENAP;SWASTA;SKB;0
15;JAMBI;1506;TANJUNG JABUNG BARAT;150613;SENYERANG;DATA SEKOLAH;2022/2023 GENAP;SWASTA;SD;0
15;JAMBI;1506;TANJUNG JABUNG BARAT;150613;SENYERANG;DATA SEKOLAH;2022/2023 GENAP;SWASTA;SMP;0
15;JAMBI;1506;TANJUNG JABUNG BARAT;150613;SENYERANG;DATA SEKOLAH;2022/2023 GENAP;SWASTA;SMA;2
15;JAMBI;1506;TANJUNG JABUNG BARAT;150613;SENYERANG;DATA SEKOLAH;2022/2023 GENAP;SWASTA;SMK;0
15;JAMBI;1506;TANJUNG JABUNG BARAT;150613;SENYERANG;DATA SEKOLAH;2022/2023 GENAP;SWASTA;SLB;0
15;JAMBI;1509;TEBO;150910;SERAI SERUMPUN;DATA SEKOLAH;2022/2023 GENAP;SWASTA;TK;6
15;JAMBI;1509;TEBO;150910;SERAI SERUMPUN;DATA SEKOLAH;2022/2023 GENAP;SWASTA;KB;8
15;JAMBI;1509;TEBO;150910;SERAI SERUMPUN;DATA SEKOLAH;2022/2023 GENAP;SWASTA;TPA;0
15;JAMBI;1509;TEBO;150910;SERAI SERUMPUN;DATA SEKOLAH;2022/2023 GENAP;SWASTA;SPS;0
15;JAMBI;1509;TEBO;150910;SERAI SERUMPUN;DATA SEKOLAH;2022/2023 GENAP;SWASTA;PKBM;0
15;JAMBI;1509;TEBO;150910;SERAI SERUMPUN;DATA SEKOLAH;2022/2023 GENAP;SWASTA;SKB;0
15;JAMBI;1509;TEBO;150910;SERAI SERUMPUN;DATA SEKOLAH;2022/2023 GENAP;SWASTA;SD;0
15;JAMBI;1509;TEBO;150910;SERAI SERUMPUN;DATA SEKOLAH;2022/2023 GENAP;SWASTA;SMP;0
15;JAMBI;1509;TEBO;150910;SERAI SERUMPUN;DATA SEKOLAH;2022/2023 GENAP;SWASTA;SMA;0
15;JAMBI;1509;TEBO;150910;SERAI SERUMPUN;DATA SEKOLAH;2022/2023 GENAP;SWASTA;SMK;0
15;JAMBI;1509;TEBO;150910;SERAI SERUMPUN;DATA SEKOLAH;2022/2023 GENAP;SWASTA;SLB;0
15;JAMBI;1503;SAROLANGUN;150309;SINGKUT;DATA SEKOLAH;2022/2023 GENAP;SWASTA;TK;30
15;JAMBI;1503;SAROLANGUN;150309;SINGKUT;DATA SEKOLAH;2022/2023 GENAP;SWASTA;KB;30
15;JAMBI;1503;SAROLANGUN;150309;SINGKUT;DATA SEKOLAH;2022/2023 GENAP;SWASTA;TPA;1
15;JAMBI;1503;SAROLANGUN;150309;SINGKUT;DATA SEKOLAH;2022/2023 GENAP;SWASTA;SPS;3
15;JAMBI;1503;SAROLANGUN;150309;SINGKUT;DATA SEKOLAH;2022/2023 GENAP;SWASTA;PKBM;1
15;JAMBI;1503;SAROLANGUN;150309;SINGKUT;DATA SEKOLAH;2022/2023 GENAP;SWASTA;SKB;0
15;JAMBI;1503;SAROLANGUN;150309;SINGKUT;DATA SEKOLAH;2022/2023 GENAP;SWASTA;SD;3
15;JAMBI;1503;SAROLANGUN;150309;SINGKUT;DATA SEKOLAH;2022/2023 GENAP;SWASTA;SMP;8
15;JAMBI;1503;SAROLANGUN;150309;SINGKUT;DATA SEKOLAH;2022/2023 GENAP;SWASTA;SMA;4
15;JAMBI;1503;SAROLANGUN;150309;SINGKUT;DATA SEKOLAH;2022/2023 GENAP;SWASTA;SMK;3
15;JAMBI;1503;SAROLANGUN;150309;SINGKUT;DATA SEKOLAH;2022/2023 GENAP;SWASTA;SLB;0
15;JAMBI;1501;KERINCI;150104;SITINJAU LAUT;DATA SEKOLAH;2022/2023 GENAP;SWASTA;TK;2
15;JAMBI;1501;KERINCI;150104;SITINJAU LAUT;DATA SEKOLAH;2022/2023 GENAP;SWASTA;KB;12
15;JAMBI;1501;KERINCI;150104;SITINJAU LAUT;DATA SEKOLAH;2022/2023 GENAP;SWASTA;TPA;0
15;JAMBI;1501;KERINCI;150104;SITINJAU LAUT;DATA SEKOLAH;2022/2023 GENAP;SWASTA;SPS;1
15;JAMBI;1501;KERINCI;150104;SITINJAU LAUT;DATA SEKOLAH;2022/2023 GENAP;SWASTA;PKBM;3
15;JAMBI;1501;KERINCI;150104;SITINJAU LAUT;DATA SEKOLAH;2022/2023 GENAP;SWASTA;SKB;0
15;JAMBI;1501;KERINCI;150104;SITINJAU LAUT;DATA SEKOLAH;2022/2023 GENAP;SWASTA;SD;0
15;JAMBI;1501;KERINCI;150104;SITINJAU LAUT;DATA SEKOLAH;2022/2023 GENAP;SWASTA;SMP;1
15;JAMBI;1501;KERINCI;150104;SITINJAU LAUT;DATA SEKOLAH;2022/2023 GENAP;SWASTA;SMA;0
15;JAMBI;1501;KERINCI;150104;SITINJAU LAUT;DATA SEKOLAH;2022/2023 GENAP;SWASTA;SMK;0
15;JAMBI;1501;KERINCI;150104;SITINJAU LAUT;DATA SEKOLAH;2022/2023 GENAP;SWASTA;SLB;0
15;JAMBI;1501;KERINCI;150116;SIULAK;DATA SEKOLAH;2022/2023 GENAP;SWASTA;TK;8
15;JAMBI;1501;KERINCI;150116;SIULAK;DATA SEKOLAH;2022/2023 GENAP;SWASTA;KB;29
15;JAMBI;1501;KERINCI;150116;SIULAK;DATA SEKOLAH;2022/2023 GENAP;SWASTA;TPA;1
15;JAMBI;1501;KERINCI;150116;SIULAK;DATA SEKOLAH;2022/2023 GENAP;SWASTA;SPS;6
15;JAMBI;1501;KERINCI;150116;SIULAK;DATA SEKOLAH;2022/2023 GENAP;SWASTA;PKBM;6
15;JAMBI;1501;KERINCI;150116;SIULAK;DATA SEKOLAH;2022/2023 GENAP;SWASTA;SKB;0
15;JAMBI;1501;KERINCI;150116;SIULAK;DATA SEKOLAH;2022/2023 GENAP;SWASTA;SD;1
15;JAMBI;1501;KERINCI;150116;SIULAK;DATA SEKOLAH;2022/2023 GENAP;SWASTA;SMP;0
15;JAMBI;1501;KERINCI;150116;SIULAK;DATA SEKOLAH;2022/2023 GENAP;SWASTA;SMA;0
15;JAMBI;1501;KERINCI;150116;SIULAK;DATA SEKOLAH;2022/2023 GENAP;SWASTA;SMK;0
15;JAMBI;1501;KERINCI;150116;SIULAK;DATA SEKOLAH;2022/2023 GENAP;SWASTA;SLB;0
15;JAMBI;1501;KERINCI;150118;SIULAK MUKAI;DATA SEKOLAH;2022/2023 GENAP;SWASTA;TK;7
15;JAMBI;1501;KERINCI;150118;SIULAK MUKAI;DATA SEKOLAH;2022/2023 GENAP;SWASTA;KB;15
15;JAMBI;1501;KERINCI;150118;SIULAK MUKAI;DATA SEKOLAH;2022/2023 GENAP;SWASTA;TPA;1
15;JAMBI;1501;KERINCI;150118;SIULAK MUKAI;DATA SEKOLAH;2022/2023 GENAP;SWASTA;SPS;1
15;JAMBI;1501;KERINCI;150118;SIULAK MUKAI;DATA SEKOLAH;2022/2023 GENAP;SWASTA;PKBM;5
15;JAMBI;1501;KERINCI;150118;SIULAK MUKAI;DATA SEKOLAH;2022/2023 GENAP;SWASTA;SKB;0
15;JAMBI;1501;KERINCI;150118;SIULAK MUKAI;DATA SEKOLAH;2022/2023 GENAP;SWASTA;SD;0
15;JAMBI;1501;KERINCI;150118;SIULAK MUKAI;DATA SEKOLAH;2022/2023 GENAP;SWASTA;SMP;0
15;JAMBI;1501;KERINCI;150118;SIULAK MUKAI;DATA SEKOLAH;2022/2023 GENAP;SWASTA;SMA;0
15;JAMBI;1501;KERINCI;150118;SIULAK MUKAI;DATA SEKOLAH;2022/2023 GENAP;SWASTA;SMK;0
15;JAMBI;1501;KERINCI;150118;SIULAK MUKAI;DATA SEKOLAH;2022/2023 GENAP;SWASTA;SLB;0
15;JAMBI;1509;TEBO;150905;SUMAY;DATA SEKOLAH;2022/2023 GENAP;SWASTA;TK;5
15;JAMBI;1509;TEBO;150905;SUMAY;DATA SEKOLAH;2022/2023 GENAP;SWASTA;KB;13
15;JAMBI;1509;TEBO;150905;SUMAY;DATA SEKOLAH;2022/2023 GENAP;SWASTA;TPA;0
15;JAMBI;1509;TEBO;150905;SUMAY;DATA SEKOLAH;2022/2023 GENAP;SWASTA;SPS;1
15;JAMBI;1509;TEBO;150905;SUMAY;DATA SEKOLAH;2022/2023 GENAP;SWASTA;PKBM;1
15;JAMBI;1509;TEBO;150905;SUMAY;DATA SEKOLAH;2022/2023 GENAP;SWASTA;SKB;0
15;JAMBI;1509;TEBO;150905;SUMAY;DATA SEKOLAH;2022/2023 GENAP;SWASTA;SD;0
15;JAMBI;1509;TEBO;150905;SUMAY;DATA SEKOLAH;2022/2023 GENAP;SWASTA;SMP;0
15;JAMBI;1509;TEBO;150905;SUMAY;DATA SEKOLAH;2022/2023 GENAP;SWASTA;SMA;0
15;JAMBI;1509;TEBO;150905;SUMAY;DATA SEKOLAH;2022/2023 GENAP;SWASTA;SMK;0
15;JAMBI;1509;TEBO;150905;SUMAY;DATA SEKOLAH;2022/2023 GENAP;SWASTA;SLB;0
15;JAMBI;1505;MUARO JAMBI;150507;SUNGAI BAHAR;DATA SEKOLAH;2022/2023 GENAP;SWASTA;TK;17
15;JAMBI;1505;MUARO JAMBI;150507;SUNGAI BAHAR;DATA SEKOLAH;2022/2023 GENAP;SWASTA;KB;6
15;JAMBI;1505;MUARO JAMBI;150507;SUNGAI BAHAR;DATA SEKOLAH;2022/2023 GENAP;SWASTA;TPA;0
15;JAMBI;1505;MUARO JAMBI;150507;SUNGAI BAHAR;DATA SEKOLAH;2022/2023 GENAP;SWASTA;SPS;0
15;JAMBI;1505;MUARO JAMBI;150507;SUNGAI BAHAR;DATA SEKOLAH;2022/2023 GENAP;SWASTA;PKBM;1
15;JAMBI;1505;MUARO JAMBI;150507;SUNGAI BAHAR;DATA SEKOLAH;2022/2023 GENAP;SWASTA;SKB;0
15;JAMBI;1505;MUARO JAMBI;150507;SUNGAI BAHAR;DATA SEKOLAH;2022/2023 GENAP;SWASTA;SD;2
15;JAMBI;1505;MUARO JAMBI;150507;SUNGAI BAHAR;DATA SEKOLAH;2022/2023 GENAP;SWASTA;SMP;3
15;JAMBI;1505;MUARO JAMBI;150507;SUNGAI BAHAR;DATA SEKOLAH;2022/2023 GENAP;SWASTA;SMA;1
15;JAMBI;1505;MUARO JAMBI;150507;SUNGAI BAHAR;DATA SEKOLAH;2022/2023 GENAP;SWASTA;SMK;1
15;JAMBI;1505;MUARO JAMBI;150507;SUNGAI BAHAR;DATA SEKOLAH;2022/2023 GENAP;SWASTA;SLB;0
15;JAMBI;1572;KOTA SUNGAI PENUH;157208;SUNGAI BUNGKAL;DATA SEKOLAH;2022/2023 GENAP;SWASTA;TK;4
15;JAMBI;1572;KOTA SUNGAI PENUH;157208;SUNGAI BUNGKAL;DATA SEKOLAH;2022/2023 GENAP;SWASTA;KB;3
15;JAMBI;1572;KOTA SUNGAI PENUH;157208;SUNGAI BUNGKAL;DATA SEKOLAH;2022/2023 GENAP;SWASTA;TPA;1
15;JAMBI;1572;KOTA SUNGAI PENUH;157208;SUNGAI BUNGKAL;DATA SEKOLAH;2022/2023 GENAP;SWASTA;SPS;3
15;JAMBI;1572;KOTA SUNGAI PENUH;157208;SUNGAI BUNGKAL;DATA SEKOLAH;2022/2023 GENAP;SWASTA;PKBM;1
15;JAMBI;1572;KOTA SUNGAI PENUH;157208;SUNGAI BUNGKAL;DATA SEKOLAH;2022/2023 GENAP;SWASTA;SKB;0
15;JAMBI;1572;KOTA SUNGAI PENUH;157208;SUNGAI BUNGKAL;DATA SEKOLAH;2022/2023 GENAP;SWASTA;SD;2
15;JAMBI;1572;KOTA SUNGAI PENUH;157208;SUNGAI BUNGKAL;DATA SEKOLAH;2022/2023 GENAP;SWASTA;SMP;1
15;JAMBI;1572;KOTA SUNGAI PENUH;157208;SUNGAI BUNGKAL;DATA SEKOLAH;2022/2023 GENAP;SWASTA;SMA;1
15;JAMBI;1572;KOTA SUNGAI PENUH;157208;SUNGAI BUNGKAL;DATA SEKOLAH;2022/2023 GENAP;SWASTA;SMK;0
15;JAMBI;1572;KOTA SUNGAI PENUH;157208;SUNGAI BUNGKAL;DATA SEKOLAH;2022/2023 GENAP;SWASTA;SLB;0
15;JAMBI;1505;MUARO JAMBI;150508;SUNGAI GELAM;DATA SEKOLAH;2022/2023 GENAP;SWASTA;TK;31
15;JAMBI;1505;MUARO JAMBI;150508;SUNGAI GELAM;DATA SEKOLAH;2022/2023 GENAP;SWASTA;KB;5
15;JAMBI;1505;MUARO JAMBI;150508;SUNGAI GELAM;DATA SEKOLAH;2022/2023 GENAP;SWASTA;TPA;0
15;JAMBI;1505;MUARO JAMBI;150508;SUNGAI GELAM;DATA SEKOLAH;2022/2023 GENAP;SWASTA;SPS;0
15;JAMBI;1505;MUARO JAMBI;150508;SUNGAI GELAM;DATA SEKOLAH;2022/2023 GENAP;SWASTA;PKBM;0
15;JAMBI;1505;MUARO JAMBI;150508;SUNGAI GELAM;DATA SEKOLAH;2022/2023 GENAP;SWASTA;SKB;0
15;JAMBI;1505;MUARO JAMBI;150508;SUNGAI GELAM;DATA SEKOLAH;2022/2023 GENAP;SWASTA;SD;3
15;JAMBI;1505;MUARO JAMBI;150508;SUNGAI GELAM;DATA SEKOLAH;2022/2023 GENAP;SWASTA;SMP;3
15;JAMBI;1505;MUARO JAMBI;150508;SUNGAI GELAM;DATA SEKOLAH;2022/2023 GENAP;SWASTA;SMA;2
15;JAMBI;1505;MUARO JAMBI;150508;SUNGAI GELAM;DATA SEKOLAH;2022/2023 GENAP;SWASTA;SMK;1
15;JAMBI;1505;MUARO JAMBI;150508;SUNGAI GELAM;DATA SEKOLAH;2022/2023 GENAP;SWASTA;SLB;0
15;JAMBI;1502;MERANGIN;150204;SUNGAI MANAU;DATA SEKOLAH;2022/2023 GENAP;SWASTA;TK;9
15;JAMBI;1502;MERANGIN;150204;SUNGAI MANAU;DATA SEKOLAH;2022/2023 GENAP;SWASTA;KB;16
15;JAMBI;1502;MERANGIN;150204;SUNGAI MANAU;DATA SEKOLAH;2022/2023 GENAP;SWASTA;TPA;0
15;JAMBI;1502;MERANGIN;150204;SUNGAI MANAU;DATA SEKOLAH;2022/2023 GENAP;SWASTA;SPS;9
15;JAMBI;1502;MERANGIN;150204;SUNGAI MANAU;DATA SEKOLAH;2022/2023 GENAP;SWASTA;PKBM;2
15;JAMBI;1502;MERANGIN;150204;SUNGAI MANAU;DATA SEKOLAH;2022/2023 GENAP;SWASTA;SKB;0
15;JAMBI;1502;MERANGIN;150204;SUNGAI MANAU;DATA SEKOLAH;2022/2023 GENAP;SWASTA;SD;0
15;JAMBI;1502;MERANGIN;150204;SUNGAI MANAU;DATA SEKOLAH;2022/2023 GENAP;SWASTA;SMP;0
15;JAMBI;1502;MERANGIN;150204;SUNGAI MANAU;DATA SEKOLAH;2022/2023 GENAP;SWASTA;SMA;0
15;JAMBI;1502;MERANGIN;150204;SUNGAI MANAU;DATA SEKOLAH;2022/2023 GENAP;SWASTA;SMK;0
15;JAMBI;1502;MERANGIN;150204;SUNGAI MANAU;DATA SEKOLAH;2022/2023 GENAP;SWASTA;SLB;0
15;JAMBI;1572;KOTA SUNGAI PENUH;157201;SUNGAI PENUH;DATA SEKOLAH;2022/2023 GENAP;SWASTA;TK;5
15;JAMBI;1572;KOTA SUNGAI PENUH;157201;SUNGAI PENUH;DATA SEKOLAH;2022/2023 GENAP;SWASTA;KB;2
15;JAMBI;1572;KOTA SUNGAI PENUH;157201;SUNGAI PENUH;DATA SEKOLAH;2022/2023 GENAP;SWASTA;TPA;0
15;JAMBI;1572;KOTA SUNGAI PENUH;157201;SUNGAI PENUH;DATA SEKOLAH;2022/2023 GENAP;SWASTA;SPS;0
15;JAMBI;1572;KOTA SUNGAI PENUH;157201;SUNGAI PENUH;DATA SEKOLAH;2022/2023 GENAP;SWASTA;PKBM;0
15;JAMBI;1572;KOTA SUNGAI PENUH;157201;SUNGAI PENUH;DATA SEKOLAH;2022/2023 GENAP;SWASTA;SKB;0
15;JAMBI;1572;KOTA SUNGAI PENUH;157201;SUNGAI PENUH;DATA SEKOLAH;2022/2023 GENAP;SWASTA;SD;3
15;JAMBI;1572;KOTA SUNGAI PENUH;157201;SUNGAI PENUH;DATA SEKOLAH;2022/2023 GENAP;SWASTA;SMP;1
15;JAMBI;1572;KOTA SUNGAI PENUH;157201;SUNGAI PENUH;DATA SEKOLAH;2022/2023 GENAP;SWASTA;SMA;0
15;JAMBI;1572;KOTA SUNGAI PENUH;157201;SUNGAI PENUH;DATA SEKOLAH;2022/2023 GENAP;SWASTA;SMK;0
15;JAMBI;1572;KOTA SUNGAI PENUH;157201;SUNGAI PENUH;DATA SEKOLAH;2022/2023 GENAP;SWASTA;SLB;0
15;JAMBI;1502;MERANGIN;150205;TABIR;DATA SEKOLAH;2022/2023 GENAP;SWASTA;TK;7
15;JAMBI;1502;MERANGIN;150205;TABIR;DATA SEKOLAH;2022/2023 GENAP;SWASTA;KB;2
15;JAMBI;1502;MERANGIN;150205;TABIR;DATA SEKOLAH;2022/2023 GENAP;SWASTA;TPA;0
15;JAMBI;1502;MERANGIN;150205;TABIR;DATA SEKOLAH;2022/2023 GENAP;SWASTA;SPS;0
15;JAMBI;1502;MERANGIN;150205;TABIR;DATA SEKOLAH;2022/2023 GENAP;SWASTA;PKBM;0
15;JAMBI;1502;MERANGIN;150205;TABIR;DATA SEKOLAH;2022/2023 GENAP;SWASTA;SKB;0
15;JAMBI;1502;MERANGIN;150205;TABIR;DATA SEKOLAH;2022/2023 GENAP;SWASTA;SD;1
15;JAMBI;1502;MERANGIN;150205;TABIR;DATA SEKOLAH;2022/2023 GENAP;SWASTA;SMP;0
15;JAMBI;1502;MERANGIN;150205;TABIR;DATA SEKOLAH;2022/2023 GENAP;SWASTA;SMA;0
15;JAMBI;1502;MERANGIN;150205;TABIR;DATA SEKOLAH;2022/2023 GENAP;SWASTA;SMK;0
15;JAMBI;1502;MERANGIN;150205;TABIR;DATA SEKOLAH;2022/2023 GENAP;SWASTA;SLB;0
15;JAMBI;1502;MERANGIN;150223;TABIR BARAT;DATA SEKOLAH;2022/2023 GENAP;SWASTA;TK;12
15;JAMBI;1502;MERANGIN;150223;TABIR BARAT;DATA SEKOLAH;2022/2023 GENAP;SWASTA;KB;4
15;JAMBI;1502;MERANGIN;150223;TABIR BARAT;DATA SEKOLAH;2022/2023 GENAP;SWASTA;TPA;0
15;JAMBI;1502;MERANGIN;150223;TABIR BARAT;DATA SEKOLAH;2022/2023 GENAP;SWASTA;SPS;0
15;JAMBI;1502;MERANGIN;150223;TABIR BARAT;DATA SEKOLAH;2022/2023 GENAP;SWASTA;PKBM;0
15;JAMBI;1502;MERANGIN;150223;TABIR BARAT;DATA SEKOLAH;2022/2023 GENAP;SWASTA;SKB;0
15;JAMBI;1502;MERANGIN;150223;TABIR BARAT;DATA SEKOLAH;2022/2023 GENAP;SWASTA;SD;0
15;JAMBI;1502;MERANGIN;150223;TABIR BARAT;DATA SEKOLAH;2022/2023 GENAP;SWASTA;SMP;0
15;JAMBI;1502;MERANGIN;150223;TABIR BARAT;DATA SEKOLAH;2022/2023 GENAP;SWASTA;SMA;1
15;JAMBI;1502;MERANGIN;150223;TABIR BARAT;DATA SEKOLAH;2022/2023 GENAP;SWASTA;SMK;0
15;JAMBI;1502;MERANGIN;150223;TABIR BARAT;DATA SEKOLAH;2022/2023 GENAP;SWASTA;SLB;0
15;JAMBI;1502;MERANGIN;150214;TABIR ILIR;DATA SEKOLAH;2022/2023 GENAP;SWASTA;TK;5
15;JAMBI;1502;MERANGIN;150214;TABIR ILIR;DATA SEKOLAH;2022/2023 GENAP;SWASTA;KB;8
15;JAMBI;1502;MERANGIN;150214;TABIR ILIR;DATA SEKOLAH;2022/2023 GENAP;SWASTA;TPA;0
15;JAMBI;1502;MERANGIN;150214;TABIR ILIR;DATA SEKOLAH;2022/2023 GENAP;SWASTA;SPS;4
15;JAMBI;1502;MERANGIN;150214;TABIR ILIR;DATA SEKOLAH;2022/2023 GENAP;SWASTA;PKBM;1
15;JAMBI;1502;MERANGIN;150214;TABIR ILIR;DATA SEKOLAH;2022/2023 GENAP;SWASTA;SKB;0
15;JAMBI;1502;MERANGIN;150214;TABIR ILIR;DATA SEKOLAH;2022/2023 GENAP;SWASTA;SD;0
15;JAMBI;1502;MERANGIN;150214;TABIR ILIR;DATA SEKOLAH;2022/2023 GENAP;SWASTA;SMP;0
15;JAMBI;1502;MERANGIN;150214;TABIR ILIR;DATA SEKOLAH;2022/2023 GENAP;SWASTA;SMA;0
15;JAMBI;1502;MERANGIN;150214;TABIR ILIR;DATA SEKOLAH;2022/2023 GENAP;SWASTA;SMK;0
15;JAMBI;1502;MERANGIN;150214;TABIR ILIR;DATA SEKOLAH;2022/2023 GENAP;SWASTA;SLB;0
15;JAMBI;1502;MERANGIN;150222;TABIR LINTAS;DATA SEKOLAH;2022/2023 GENAP;SWASTA;TK;6
15;JAMBI;1502;MERANGIN;150222;TABIR LINTAS;DATA SEKOLAH;2022/2023 GENAP;SWASTA;KB;1
15;JAMBI;1502;MERANGIN;150222;TABIR LINTAS;DATA SEKOLAH;2022/2023 GENAP;SWASTA;TPA;0
15;JAMBI;1502;MERANGIN;150222;TABIR LINTAS;DATA SEKOLAH;2022/2023 GENAP;SWASTA;SPS;0
15;JAMBI;1502;MERANGIN;150222;TABIR LINTAS;DATA SEKOLAH;2022/2023 GENAP;SWASTA;PKBM;0
15;JAMBI;1502;MERANGIN;150222;TABIR LINTAS;DATA SEKOLAH;2022/2023 GENAP;SWASTA;SKB;0
15;JAMBI;1502;MERANGIN;150222;TABIR LINTAS;DATA SEKOLAH;2022/2023 GENAP;SWASTA;SD;1
15;JAMBI;1502;MERANGIN;150222;TABIR LINTAS;DATA SEKOLAH;2022/2023 GENAP;SWASTA;SMP;1
15;JAMBI;1502;MERANGIN;150222;TABIR LINTAS;DATA SEKOLAH;2022/2023 GENAP;SWASTA;SMA;1
15;JAMBI;1502;MERANGIN;150222;TABIR LINTAS;DATA SEKOLAH;2022/2023 GENAP;SWASTA;SMK;0
15;JAMBI;1502;MERANGIN;150222;TABIR LINTAS;DATA SEKOLAH;2022/2023 GENAP;SWASTA;SLB;0
15;JAMBI;1502;MERANGIN;150208;TABIR SELATAN;DATA SEKOLAH;2022/2023 GENAP;SWASTA;TK;21
15;JAMBI;1502;MERANGIN;150208;TABIR SELATAN;DATA SEKOLAH;2022/2023 GENAP;SWASTA;KB;8
15;JAMBI;1502;MERANGIN;150208;TABIR SELATAN;DATA SEKOLAH;2022/2023 GENAP;SWASTA;TPA;0
15;JAMBI;1502;MERANGIN;150208;TABIR SELATAN;DATA SEKOLAH;2022/2023 GENAP;SWASTA;SPS;1
15;JAMBI;1502;MERANGIN;150208;TABIR SELATAN;DATA SEKOLAH;2022/2023 GENAP;SWASTA;PKBM;1
15;JAMBI;1502;MERANGIN;150208;TABIR SELATAN;DATA SEKOLAH;2022/2023 GENAP;SWASTA;SKB;0
15;JAMBI;1502;MERANGIN;150208;TABIR SELATAN;DATA SEKOLAH;2022/2023 GENAP;SWASTA;SD;2
15;JAMBI;1502;MERANGIN;150208;TABIR SELATAN;DATA SEKOLAH;2022/2023 GENAP;SWASTA;SMP;0
15;JAMBI;1502;MERANGIN;150208;TABIR SELATAN;DATA SEKOLAH;2022/2023 GENAP;SWASTA;SMA;0
15;JAMBI;1502;MERANGIN;150208;TABIR SELATAN;DATA SEKOLAH;2022/2023 GENAP;SWASTA;SMK;0
15;JAMBI;1502;MERANGIN;150208;TABIR SELATAN;DATA SEKOLAH;2022/2023 GENAP;SWASTA;SLB;0
15;JAMBI;1502;MERANGIN;150215;TABIR TIMUR;DATA SEKOLAH;2022/2023 GENAP;SWASTA;TK;2
15;JAMBI;1502;MERANGIN;150215;TABIR TIMUR;DATA SEKOLAH;2022/2023 GENAP;SWASTA;KB;5
15;JAMBI;1502;MERANGIN;150215;TABIR TIMUR;DATA SEKOLAH;2022/2023 GENAP;SWASTA;TPA;0
15;JAMBI;1502;MERANGIN;150215;TABIR TIMUR;DATA SEKOLAH;2022/2023 GENAP;SWASTA;SPS;0
15;JAMBI;1502;MERANGIN;150215;TABIR TIMUR;DATA SEKOLAH;2022/2023 GENAP;SWASTA;PKBM;0
15;JAMBI;1502;MERANGIN;150215;TABIR TIMUR;DATA SEKOLAH;2022/2023 GENAP;SWASTA;SKB;0
15;JAMBI;1502;MERANGIN;150215;TABIR TIMUR;DATA SEKOLAH;2022/2023 GENAP;SWASTA;SD;0
15;JAMBI;1502;MERANGIN;150215;TABIR TIMUR;DATA SEKOLAH;2022/2023 GENAP;SWASTA;SMP;0
15;JAMBI;1502;MERANGIN;150215;TABIR TIMUR;DATA SEKOLAH;2022/2023 GENAP;SWASTA;SMA;0
15;JAMBI;1502;MERANGIN;150215;TABIR TIMUR;DATA SEKOLAH;2022/2023 GENAP;SWASTA;SMK;0
15;JAMBI;1502;MERANGIN;150215;TABIR TIMUR;DATA SEKOLAH;2022/2023 GENAP;SWASTA;SLB;0
15;JAMBI;1502;MERANGIN;150207;TABIR ULU;DATA SEKOLAH;2022/2023 GENAP;SWASTA;TK;4
15;JAMBI;1502;MERANGIN;150207;TABIR ULU;DATA SEKOLAH;2022/2023 GENAP;SWASTA;KB;2
15;JAMBI;1502;MERANGIN;150207;TABIR ULU;DATA SEKOLAH;2022/2023 GENAP;SWASTA;TPA;0
15;JAMBI;1502;MERANGIN;150207;TABIR ULU;DATA SEKOLAH;2022/2023 GENAP;SWASTA;SPS;0
15;JAMBI;1502;MERANGIN;150207;TABIR ULU;DATA SEKOLAH;2022/2023 GENAP;SWASTA;PKBM;0
15;JAMBI;1502;MERANGIN;150207;TABIR ULU;DATA SEKOLAH;2022/2023 GENAP;SWASTA;SKB;0
15;JAMBI;1502;MERANGIN;150207;TABIR ULU;DATA SEKOLAH;2022/2023 GENAP;SWASTA;SD;0
15;JAMBI;1502;MERANGIN;150207;TABIR ULU;DATA SEKOLAH;2022/2023 GENAP;SWASTA;SMP;0
15;JAMBI;1502;MERANGIN;150207;TABIR ULU;DATA SEKOLAH;2022/2023 GENAP;SWASTA;SMA;0
15;JAMBI;1502;MERANGIN;150207;TABIR ULU;DATA SEKOLAH;2022/2023 GENAP;SWASTA;SMK;0
15;JAMBI;1502;MERANGIN;150207;TABIR ULU;DATA SEKOLAH;2022/2023 GENAP;SWASTA;SLB;0
15;JAMBI;1505;MUARO JAMBI;150511;TAMAN RAJO;DATA SEKOLAH;2022/2023 GENAP;SWASTA;TK;6
15;JAMBI;1505;MUARO JAMBI;150511;TAMAN RAJO;DATA SEKOLAH;2022/2023 GENAP;SWASTA;KB;6
15;JAMBI;1505;MUARO JAMBI;150511;TAMAN RAJO;DATA SEKOLAH;2022/2023 GENAP;SWASTA;TPA;0
15;JAMBI;1505;MUARO JAMBI;150511;TAMAN RAJO;DATA SEKOLAH;2022/2023 GENAP;SWASTA;SPS;0
15;JAMBI;1505;MUARO JAMBI;150511;TAMAN RAJO;DATA SEKOLAH;2022/2023 GENAP;SWASTA;PKBM;0
15;JAMBI;1505;MUARO JAMBI;150511;TAMAN RAJO;DATA SEKOLAH;2022/2023 GENAP;SWASTA;SKB;0
15;JAMBI;1505;MUARO JAMBI;150511;TAMAN RAJO;DATA SEKOLAH;2022/2023 GENAP;SWASTA;SD;0
15;JAMBI;1505;MUARO JAMBI;150511;TAMAN RAJO;DATA SEKOLAH;2022/2023 GENAP;SWASTA;SMP;0
15;JAMBI;1505;MUARO JAMBI;150511;TAMAN RAJO;DATA SEKOLAH;2022/2023 GENAP;SWASTA;SMA;0
15;JAMBI;1505;MUARO JAMBI;150511;TAMAN RAJO;DATA SEKOLAH;2022/2023 GENAP;SWASTA;SMK;0
15;JAMBI;1505;MUARO JAMBI;150511;TAMAN RAJO;DATA SEKOLAH;2022/2023 GENAP;SWASTA;SLB;0
15;JAMBI;1501;KERINCI;150122;TANAH COGOK;DATA SEKOLAH;2022/2023 GENAP;SWASTA;TK;0
15;JAMBI;1501;KERINCI;150122;TANAH COGOK;DATA SEKOLAH;2022/2023 GENAP;SWASTA;KB;10
15;JAMBI;1501;KERINCI;150122;TANAH COGOK;DATA SEKOLAH;2022/2023 GENAP;SWASTA;TPA;0
15;JAMBI;1501;KERINCI;150122;TANAH COGOK;DATA SEKOLAH;2022/2023 GENAP;SWASTA;SPS;0
15;JAMBI;1501;KERINCI;150122;TANAH COGOK;DATA SEKOLAH;2022/2023 GENAP;SWASTA;PKBM;0
15;JAMBI;1501;KERINCI;150122;TANAH COGOK;DATA SEKOLAH;2022/2023 GENAP;SWASTA;SKB;0
15;JAMBI;1501;KERINCI;150122;TANAH COGOK;DATA SEKOLAH;2022/2023 GENAP;SWASTA;SD;0
15;JAMBI;1501;KERINCI;150122;TANAH COGOK;DATA SEKOLAH;2022/2023 GENAP;SWASTA;SMP;0
15;JAMBI;1501;KERINCI;150122;TANAH COGOK;DATA SEKOLAH;2022/2023 GENAP;SWASTA;SMA;0
15;JAMBI;1501;KERINCI;150122;TANAH COGOK;DATA SEKOLAH;2022/2023 GENAP;SWASTA;SMK;0
15;JAMBI;1501;KERINCI;150122;TANAH COGOK;DATA SEKOLAH;2022/2023 GENAP;SWASTA;SLB;0
15;JAMBI;1572;KOTA SUNGAI PENUH;157204;TANAH KAMPUNG;DATA SEKOLAH;2022/2023 GENAP;SWASTA;TK;1
15;JAMBI;1572;KOTA SUNGAI PENUH;157204;TANAH KAMPUNG;DATA SEKOLAH;2022/2023 GENAP;SWASTA;KB;13
15;JAMBI;1572;KOTA SUNGAI PENUH;157204;TANAH KAMPUNG;DATA SEKOLAH;2022/2023 GENAP;SWASTA;TPA;0
15;JAMBI;1572;KOTA SUNGAI PENUH;157204;TANAH KAMPUNG;DATA SEKOLAH;2022/2023 GENAP;SWASTA;SPS;0
15;JAMBI;1572;KOTA SUNGAI PENUH;157204;TANAH KAMPUNG;DATA SEKOLAH;2022/2023 GENAP;SWASTA;PKBM;1
15;JAMBI;1572;KOTA SUNGAI PENUH;157204;TANAH KAMPUNG;DATA SEKOLAH;2022/2023 GENAP;SWASTA;SKB;0
15;JAMBI;1572;KOTA SUNGAI PENUH;157204;TANAH KAMPUNG;DATA SEKOLAH;2022/2023 GENAP;SWASTA;SD;0
15;JAMBI;1572;KOTA SUNGAI PENUH;157204;TANAH KAMPUNG;DATA SEKOLAH;2022/2023 GENAP;SWASTA;SMP;0
15;JAMBI;1572;KOTA SUNGAI PENUH;157204;TANAH KAMPUNG;DATA SEKOLAH;2022/2023 GENAP;SWASTA;SMA;0
15;JAMBI;1572;KOTA SUNGAI PENUH;157204;TANAH KAMPUNG;DATA SEKOLAH;2022/2023 GENAP;SWASTA;SMK;0
15;JAMBI;1572;KOTA SUNGAI PENUH;157204;TANAH KAMPUNG;DATA SEKOLAH;2022/2023 GENAP;SWASTA;SLB;0
15;JAMBI;1508;BUNGO;150805;TANAH SEPENGGAL;DATA SEKOLAH;2022/2023 GENAP;SWASTA;TK;4
15;JAMBI;1508;BUNGO;150805;TANAH SEPENGGAL;DATA SEKOLAH;2022/2023 GENAP;SWASTA;KB;10
15;JAMBI;1508;BUNGO;150805;TANAH SEPENGGAL;DATA SEKOLAH;2022/2023 GENAP;SWASTA;TPA;0
15;JAMBI;1508;BUNGO;150805;TANAH SEPENGGAL;DATA SEKOLAH;2022/2023 GENAP;SWASTA;SPS;0
15;JAMBI;1508;BUNGO;150805;TANAH SEPENGGAL;DATA SEKOLAH;2022/2023 GENAP;SWASTA;PKBM;1
15;JAMBI;1508;BUNGO;150805;TANAH SEPENGGAL;DATA SEKOLAH;2022/2023 GENAP;SWASTA;SKB;0
15;JAMBI;1508;BUNGO;150805;TANAH SEPENGGAL;DATA SEKOLAH;2022/2023 GENAP;SWASTA;SD;0
15;JAMBI;1508;BUNGO;150805;TANAH SEPENGGAL;DATA SEKOLAH;2022/2023 GENAP;SWASTA;SMP;0
15;JAMBI;1508;BUNGO;150805;TANAH SEPENGGAL;DATA SEKOLAH;2022/2023 GENAP;SWASTA;SMA;0
15;JAMBI;1508;BUNGO;150805;TANAH SEPENGGAL;DATA SEKOLAH;2022/2023 GENAP;SWASTA;SMK;0
15;JAMBI;1508;BUNGO;150805;TANAH SEPENGGAL;DATA SEKOLAH;2022/2023 GENAP;SWASTA;SLB;0
15;JAMBI;1508;BUNGO;150817;TANAH SEPENGGAL LINTAS;DATA SEKOLAH;2022/2023 GENAP;SWASTA;TK;2
15;JAMBI;1508;BUNGO;150817;TANAH SEPENGGAL LINTAS;DATA SEKOLAH;2022/2023 GENAP;SWASTA;KB;16
15;JAMBI;1508;BUNGO;150817;TANAH SEPENGGAL LINTAS;DATA SEKOLAH;2022/2023 GENAP;SWASTA;TPA;0
15;JAMBI;1508;BUNGO;150817;TANAH SEPENGGAL LINTAS;DATA SEKOLAH;2022/2023 GENAP;SWASTA;SPS;1
15;JAMBI;1508;BUNGO;150817;TANAH SEPENGGAL LINTAS;DATA SEKOLAH;2022/2023 GENAP;SWASTA;PKBM;3
15;JAMBI;1508;BUNGO;150817;TANAH SEPENGGAL LINTAS;DATA SEKOLAH;2022/2023 GENAP;SWASTA;SKB;0
15;JAMBI;1508;BUNGO;150817;TANAH SEPENGGAL LINTAS;DATA SEKOLAH;2022/2023 GENAP;SWASTA;SD;0
15;JAMBI;1508;BUNGO;150817;TANAH SEPENGGAL LINTAS;DATA SEKOLAH;2022/2023 GENAP;SWASTA;SMP;0
15;JAMBI;1508;BUNGO;150817;TANAH SEPENGGAL LINTAS;DATA SEKOLAH;2022/2023 GENAP;SWASTA;SMA;0
15;JAMBI;1508;BUNGO;150817;TANAH SEPENGGAL LINTAS;DATA SEKOLAH;2022/2023 GENAP;SWASTA;SMK;1
15;JAMBI;1508;BUNGO;150817;TANAH SEPENGGAL LINTAS;DATA SEKOLAH;2022/2023 GENAP;SWASTA;SLB;0
15;JAMBI;1508;BUNGO;150801;TANAH TUMBUH;DATA SEKOLAH;2022/2023 GENAP;SWASTA;TK;3
15;JAMBI;1508;BUNGO;150801;TANAH TUMBUH;DATA SEKOLAH;2022/2023 GENAP;SWASTA;KB;13
15;JAMBI;1508;BUNGO;150801;TANAH TUMBUH;DATA SEKOLAH;2022/2023 GENAP;SWASTA;TPA;0
15;JAMBI;1508;BUNGO;150801;TANAH TUMBUH;DATA SEKOLAH;2022/2023 GENAP;SWASTA;SPS;0
15;JAMBI;1508;BUNGO;150801;TANAH TUMBUH;DATA SEKOLAH;2022/2023 GENAP;SWASTA;PKBM;1
15;JAMBI;1508;BUNGO;150801;TANAH TUMBUH;DATA SEKOLAH;2022/2023 GENAP;SWASTA;SKB;0
15;JAMBI;1508;BUNGO;150801;TANAH TUMBUH;DATA SEKOLAH;2022/2023 GENAP;SWASTA;SD;0
15;JAMBI;1508;BUNGO;150801;TANAH TUMBUH;DATA SEKOLAH;2022/2023 GENAP;SWASTA;SMP;0
15;JAMBI;1508;BUNGO;150801;TANAH TUMBUH;DATA SEKOLAH;2022/2023 GENAP;SWASTA;SMA;0
15;JAMBI;1508;BUNGO;150801;TANAH TUMBUH;DATA SEKOLAH;2022/2023 GENAP;SWASTA;SMK;0
15;JAMBI;1508;BUNGO;150801;TANAH TUMBUH;DATA SEKOLAH;2022/2023 GENAP;SWASTA;SLB;0
15;JAMBI;1506;TANJUNG JABUNG BARAT;150606;TEBING TINGGI;DATA SEKOLAH;2022/2023 GENAP;SWASTA;TK;14
15;JAMBI;1506;TANJUNG JABUNG BARAT;150606;TEBING TINGGI;DATA SEKOLAH;2022/2023 GENAP;SWASTA;KB;9
15;JAMBI;1506;TANJUNG JABUNG BARAT;150606;TEBING TINGGI;DATA SEKOLAH;2022/2023 GENAP;SWASTA;TPA;1
15;JAMBI;1506;TANJUNG JABUNG BARAT;150606;TEBING TINGGI;DATA SEKOLAH;2022/2023 GENAP;SWASTA;SPS;0
15;JAMBI;1506;TANJUNG JABUNG BARAT;150606;TEBING TINGGI;DATA SEKOLAH;2022/2023 GENAP;SWASTA;PKBM;0
15;JAMBI;1506;TANJUNG JABUNG BARAT;150606;TEBING TINGGI;DATA SEKOLAH;2022/2023 GENAP;SWASTA;SKB;0
15;JAMBI;1506;TANJUNG JABUNG BARAT;150606;TEBING TINGGI;DATA SEKOLAH;2022/2023 GENAP;SWASTA;SD;5
15;JAMBI;1506;TANJUNG JABUNG BARAT;150606;TEBING TINGGI;DATA SEKOLAH;2022/2023 GENAP;SWASTA;SMP;2
15;JAMBI;1506;TANJUNG JABUNG BARAT;150606;TEBING TINGGI;DATA SEKOLAH;2022/2023 GENAP;SWASTA;SMA;1
15;JAMBI;1506;TANJUNG JABUNG BARAT;150606;TEBING TINGGI;DATA SEKOLAH;2022/2023 GENAP;SWASTA;SMK;0
15;JAMBI;1506;TANJUNG JABUNG BARAT;150606;TEBING TINGGI;DATA SEKOLAH;2022/2023 GENAP;SWASTA;SLB;0
15;JAMBI;1509;TEBO;150902;TEBO ILIR;DATA SEKOLAH;2022/2023 GENAP;SWASTA;TK;9
15;JAMBI;1509;TEBO;150902;TEBO ILIR;DATA SEKOLAH;2022/2023 GENAP;SWASTA;KB;8
15;JAMBI;1509;TEBO;150902;TEBO ILIR;DATA SEKOLAH;2022/2023 GENAP;SWASTA;TPA;0
15;JAMBI;1509;TEBO;150902;TEBO ILIR;DATA SEKOLAH;2022/2023 GENAP;SWASTA;SPS;2
15;JAMBI;1509;TEBO;150902;TEBO ILIR;DATA SEKOLAH;2022/2023 GENAP;SWASTA;PKBM;0
15;JAMBI;1509;TEBO;150902;TEBO ILIR;DATA SEKOLAH;2022/2023 GENAP;SWASTA;SKB;0
15;JAMBI;1509;TEBO;150902;TEBO ILIR;DATA SEKOLAH;2022/2023 GENAP;SWASTA;SD;0
15;JAMBI;1509;TEBO;150902;TEBO ILIR;DATA SEKOLAH;2022/2023 GENAP;SWASTA;SMP;0
15;JAMBI;1509;TEBO;150902;TEBO ILIR;DATA SEKOLAH;2022/2023 GENAP;SWASTA;SMA;0
15;JAMBI;1509;TEBO;150902;TEBO ILIR;DATA SEKOLAH;2022/2023 GENAP;SWASTA;SMK;2
15;JAMBI;1509;TEBO;150902;TEBO ILIR;DATA SEKOLAH;2022/2023 GENAP;SWASTA;SLB;0
15;JAMBI;1509;TEBO;150901;TEBO TENGAH;DATA SEKOLAH;2022/2023 GENAP;SWASTA;TK;16
15;JAMBI;1509;TEBO;150901;TEBO TENGAH;DATA SEKOLAH;2022/2023 GENAP;SWASTA;KB;15
15;JAMBI;1509;TEBO;150901;TEBO TENGAH;DATA SEKOLAH;2022/2023 GENAP;SWASTA;TPA;4
15;JAMBI;1509;TEBO;150901;TEBO TENGAH;DATA SEKOLAH;2022/2023 GENAP;SWASTA;SPS;0
15;JAMBI;1509;TEBO;150901;TEBO TENGAH;DATA SEKOLAH;2022/2023 GENAP;SWASTA;PKBM;1
15;JAMBI;1509;TEBO;150901;TEBO TENGAH;DATA SEKOLAH;2022/2023 GENAP;SWASTA;SKB;0
15;JAMBI;1509;TEBO;150901;TEBO TENGAH;DATA SEKOLAH;2022/2023 GENAP;SWASTA;SD;3
15;JAMBI;1509;TEBO;150901;TEBO TENGAH;DATA SEKOLAH;2022/2023 GENAP;SWASTA;SMP;2
15;JAMBI;1509;TEBO;150901;TEBO TENGAH;DATA SEKOLAH;2022/2023 GENAP;SWASTA;SMA;0
15;JAMBI;1509;TEBO;150901;TEBO TENGAH;DATA SEKOLAH;2022/2023 GENAP;SWASTA;SMK;1
15;JAMBI;1509;TEBO;150901;TEBO TENGAH;DATA SEKOLAH;2022/2023 GENAP;SWASTA;SLB;0
15;JAMBI;1509;TEBO;150903;TEBO ULU;DATA SEKOLAH;2022/2023 GENAP;SWASTA;TK;9
15;JAMBI;1509;TEBO;150903;TEBO ULU;DATA SEKOLAH;2022/2023 GENAP;SWASTA;KB;14
15;JAMBI;1509;TEBO;150903;TEBO ULU;DATA SEKOLAH;2022/2023 GENAP;SWASTA;TPA;0
15;JAMBI;1509;TEBO;150903;TEBO ULU;DATA SEKOLAH;2022/2023 GENAP;SWASTA;SPS;0
15;JAMBI;1509;TEBO;150903;TEBO ULU;DATA SEKOLAH;2022/2023 GENAP;SWASTA;PKBM;1
15;JAMBI;1509;TEBO;150903;TEBO ULU;DATA SEKOLAH;2022/2023 GENAP;SWASTA;SKB;0
15;JAMBI;1509;TEBO;150903;TEBO ULU;DATA SEKOLAH;2022/2023 GENAP;SWASTA;SD;0
15;JAMBI;1509;TEBO;150903;TEBO ULU;DATA SEKOLAH;2022/2023 GENAP;SWASTA;SMP;0
15;JAMBI;1509;TEBO;150903;TEBO ULU;DATA SEKOLAH;2022/2023 GENAP;SWASTA;SMA;0
15;JAMBI;1509;TEBO;150903;TEBO ULU;DATA SEKOLAH;2022/2023 GENAP;SWASTA;SMK;0
15;JAMBI;1509;TEBO;150903;TEBO ULU;DATA SEKOLAH;2022/2023 GENAP;SWASTA;SLB;0
15;JAMBI;1571;KOTA JAMBI;157101;TELANAIPURA;DATA SEKOLAH;2022/2023 GENAP;SWASTA;TK;21
15;JAMBI;1571;KOTA JAMBI;157101;TELANAIPURA;DATA SEKOLAH;2022/2023 GENAP;SWASTA;KB;10
15;JAMBI;1571;KOTA JAMBI;157101;TELANAIPURA;DATA SEKOLAH;2022/2023 GENAP;SWASTA;TPA;9
15;JAMBI;1571;KOTA JAMBI;157101;TELANAIPURA;DATA SEKOLAH;2022/2023 GENAP;SWASTA;SPS;1
15;JAMBI;1571;KOTA JAMBI;157101;TELANAIPURA;DATA SEKOLAH;2022/2023 GENAP;SWASTA;PKBM;3
15;JAMBI;1571;KOTA JAMBI;157101;TELANAIPURA;DATA SEKOLAH;2022/2023 GENAP;SWASTA;SKB;0
15;JAMBI;1571;KOTA JAMBI;157101;TELANAIPURA;DATA SEKOLAH;2022/2023 GENAP;SWASTA;SD;5
15;JAMBI;1571;KOTA JAMBI;157101;TELANAIPURA;DATA SEKOLAH;2022/2023 GENAP;SWASTA;SMP;9
15;JAMBI;1571;KOTA JAMBI;157101;TELANAIPURA;DATA SEKOLAH;2022/2023 GENAP;SWASTA;SMA;4
15;JAMBI;1571;KOTA JAMBI;157101;TELANAIPURA;DATA SEKOLAH;2022/2023 GENAP;SWASTA;SMK;0
15;JAMBI;1571;KOTA JAMBI;157101;TELANAIPURA;DATA SEKOLAH;2022/2023 GENAP;SWASTA;SLB;1
15;JAMBI;1509;TEBO;150909;TENGAH ILIR;DATA SEKOLAH;2022/2023 GENAP;SWASTA;TK;10
15;JAMBI;1509;TEBO;150909;TENGAH ILIR;DATA SEKOLAH;2022/2023 GENAP;SWASTA;KB;14
15;JAMBI;1509;TEBO;150909;TENGAH ILIR;DATA SEKOLAH;2022/2023 GENAP;SWASTA;TPA;0
15;JAMBI;1509;TEBO;150909;TENGAH ILIR;DATA SEKOLAH;2022/2023 GENAP;SWASTA;SPS;1
15;JAMBI;1509;TEBO;150909;TENGAH ILIR;DATA SEKOLAH;2022/2023 GENAP;SWASTA;PKBM;1
15;JAMBI;1509;TEBO;150909;TENGAH ILIR;DATA SEKOLAH;2022/2023 GENAP;SWASTA;SKB;0
15;JAMBI;1509;TEBO;150909;TENGAH ILIR;DATA SEKOLAH;2022/2023 GENAP;SWASTA;SD;1
15;JAMBI;1509;TEBO;150909;TENGAH ILIR;DATA SEKOLAH;2022/2023 GENAP;SWASTA;SMP;0
15;JAMBI;1509;TEBO;150909;TENGAH ILIR;DATA SEKOLAH;2022/2023 GENAP;SWASTA;SMA;0
15;JAMBI;1509;TEBO;150909;TENGAH ILIR;DATA SEKOLAH;2022/2023 GENAP;SWASTA;SMK;0
15;JAMBI;1509;TEBO;150909;TENGAH ILIR;DATA SEKOLAH;2022/2023 GENAP;SWASTA;SLB;0
15;JAMBI;1502;MERANGIN;150224;TIANG PUMPUNG;DATA SEKOLAH;2022/2023 GENAP;SWASTA;TK;0
15;JAMBI;1502;MERANGIN;150224;TIANG PUMPUNG;DATA SEKOLAH;2022/2023 GENAP;SWASTA;KB;6
15;JAMBI;1502;MERANGIN;150224;TIANG PUMPUNG;DATA SEKOLAH;2022/2023 GENAP;SWASTA;TPA;0
15;JAMBI;1502;MERANGIN;150224;TIANG PUMPUNG;DATA SEKOLAH;2022/2023 GENAP;SWASTA;SPS;0
15;JAMBI;1502;MERANGIN;150224;TIANG PUMPUNG;DATA SEKOLAH;2022/2023 GENAP;SWASTA;PKBM;0
15;JAMBI;1502;MERANGIN;150224;TIANG PUMPUNG;DATA SEKOLAH;2022/2023 GENAP;SWASTA;SKB;0
15;JAMBI;1502;MERANGIN;150224;TIANG PUMPUNG;DATA SEKOLAH;2022/2023 GENAP;SWASTA;SD;0
15;JAMBI;1502;MERANGIN;150224;TIANG PUMPUNG;DATA SEKOLAH;2022/2023 GENAP;SWASTA;SMP;0
15;JAMBI;1502;MERANGIN;150224;TIANG PUMPUNG;DATA SEKOLAH;2022/2023 GENAP;SWASTA;SMA;0
15;JAMBI;1502;MERANGIN;150224;TIANG PUMPUNG;DATA SEKOLAH;2022/2023 GENAP;SWASTA;SMK;0
15;JAMBI;1502;MERANGIN;150224;TIANG PUMPUNG;DATA SEKOLAH;2022/2023 GENAP;SWASTA;SLB;0
15;JAMBI;1506;TANJUNG JABUNG BARAT;150602;TUNGKAL ILIR;DATA SEKOLAH;2022/2023 GENAP;SWASTA;TK;13
15;JAMBI;1506;TANJUNG JABUNG BARAT;150602;TUNGKAL ILIR;DATA SEKOLAH;2022/2023 GENAP;SWASTA;KB;25
15;JAMBI;1506;TANJUNG JABUNG BARAT;150602;TUNGKAL ILIR;DATA SEKOLAH;2022/2023 GENAP;SWASTA;TPA;5
15;JAMBI;1506;TANJUNG JABUNG BARAT;150602;TUNGKAL ILIR;DATA SEKOLAH;2022/2023 GENAP;SWASTA;SPS;10
15;JAMBI;1506;TANJUNG JABUNG BARAT;150602;TUNGKAL ILIR;DATA SEKOLAH;2022/2023 GENAP;SWASTA;PKBM;4
15;JAMBI;1506;TANJUNG JABUNG BARAT;150602;TUNGKAL ILIR;DATA SEKOLAH;2022/2023 GENAP;SWASTA;SKB;0
15;JAMBI;1506;TANJUNG JABUNG BARAT;150602;TUNGKAL ILIR;DATA SEKOLAH;2022/2023 GENAP;SWASTA;SD;6
15;JAMBI;1506;TANJUNG JABUNG BARAT;150602;TUNGKAL ILIR;DATA SEKOLAH;2022/2023 GENAP;SWASTA;SMP;2
15;JAMBI;1506;TANJUNG JABUNG BARAT;150602;TUNGKAL ILIR;DATA SEKOLAH;2022/2023 GENAP;SWASTA;SMA;1
15;JAMBI;1506;TANJUNG JABUNG BARAT;150602;TUNGKAL ILIR;DATA SEKOLAH;2022/2023 GENAP;SWASTA;SMK;1
15;JAMBI;1506;TANJUNG JABUNG BARAT;150602;TUNGKAL ILIR;DATA SEKOLAH;2022/2023 GENAP;SWASTA;SLB;0
15;JAMBI;1506;TANJUNG JABUNG BARAT;150601;TUNGKAL ULU;DATA SEKOLAH;2022/2023 GENAP;SWASTA;TK;7
15;JAMBI;1506;TANJUNG JABUNG BARAT;150601;TUNGKAL ULU;DATA SEKOLAH;2022/2023 GENAP;SWASTA;KB;12
15;JAMBI;1506;TANJUNG JABUNG BARAT;150601;TUNGKAL ULU;DATA SEKOLAH;2022/2023 GENAP;SWASTA;TPA;0
15;JAMBI;1506;TANJUNG JABUNG BARAT;150601;TUNGKAL ULU;DATA SEKOLAH;2022/2023 GENAP;SWASTA;SPS;0
15;JAMBI;1506;TANJUNG JABUNG BARAT;150601;TUNGKAL ULU;DATA SEKOLAH;2022/2023 GENAP;SWASTA;PKBM;2
15;JAMBI;1506;TANJUNG JABUNG BARAT;150601;TUNGKAL ULU;DATA SEKOLAH;2022/2023 GENAP;SWASTA;SKB;0
15;JAMBI;1506;TANJUNG JABUNG BARAT;150601;TUNGKAL ULU;DATA SEKOLAH;2022/2023 GENAP;SWASTA;SD;1
15;JAMBI;1506;TANJUNG JABUNG BARAT;150601;TUNGKAL ULU;DATA SEKOLAH;2022/2023 GENAP;SWASTA;SMP;0
15;JAMBI;1506;TANJUNG JABUNG BARAT;150601;TUNGKAL ULU;DATA SEKOLAH;2022/2023 GENAP;SWASTA;SMA;0
15;JAMBI;1506;TANJUNG JABUNG BARAT;150601;TUNGKAL ULU;DATA SEKOLAH;2022/2023 GENAP;SWASTA;SMK;0
15;JAMBI;1506;TANJUNG JABUNG BARAT;150601;TUNGKAL ULU;DATA SEKOLAH;2022/2023 GENAP;SWASTA;SLB;0
15;JAMBI;1509;TEBO;150906;VII KOTO;DATA SEKOLAH;2022/2023 GENAP;SWASTA;TK;4
15;JAMBI;1509;TEBO;150906;VII KOTO;DATA SEKOLAH;2022/2023 GENAP;SWASTA;KB;10
15;JAMBI;1509;TEBO;150906;VII KOTO;DATA SEKOLAH;2022/2023 GENAP;SWASTA;TPA;0
15;JAMBI;1509;TEBO;150906;VII KOTO;DATA SEKOLAH;2022/2023 GENAP;SWASTA;SPS;0
15;JAMBI;1509;TEBO;150906;VII KOTO;DATA SEKOLAH;2022/2023 GENAP;SWASTA;PKBM;0
15;JAMBI;1509;TEBO;150906;VII KOTO;DATA SEKOLAH;2022/2023 GENAP;SWASTA;SKB;0
15;JAMBI;1509;TEBO;150906;VII KOTO;DATA SEKOLAH;2022/2023 GENAP;SWASTA;SD;1
15;JAMBI;1509;TEBO;150906;VII KOTO;DATA SEKOLAH;2022/2023 GENAP;SWASTA;SMP;0
15;JAMBI;1509;TEBO;150906;VII KOTO;DATA SEKOLAH;2022/2023 GENAP;SWASTA;SMA;0
15;JAMBI;1509;TEBO;150906;VII KOTO;DATA SEKOLAH;2022/2023 GENAP;SWASTA;SMK;0
15;JAMBI;1509;TEBO;150906;VII KOTO;DATA SEKOLAH;2022/2023 GENAP;SWASTA;SLB;0
15;JAMBI;1509;TEBO;150911;VII KOTO ILIR;DATA SEKOLAH;2022/2023 GENAP;SWASTA;TK;16
15;JAMBI;1509;TEBO;150911;VII KOTO ILIR;DATA SEKOLAH;2022/2023 GENAP;SWASTA;KB;6
15;JAMBI;1509;TEBO;150911;VII KOTO ILIR;DATA SEKOLAH;2022/2023 GENAP;SWASTA;TPA;0
15;JAMBI;1509;TEBO;150911;VII KOTO ILIR;DATA SEKOLAH;2022/2023 GENAP;SWASTA;SPS;0
15;JAMBI;1509;TEBO;150911;VII KOTO ILIR;DATA SEKOLAH;2022/2023 GENAP;SWASTA;PKBM;0
15;JAMBI;1509;TEBO;150911;VII KOTO ILIR;DATA SEKOLAH;2022/2023 GENAP;SWASTA;SKB;0
15;JAMBI;1509;TEBO;150911;VII KOTO ILIR;DATA SEKOLAH;2022/2023 GENAP;SWASTA;SD;1
15;JAMBI;1509;TEBO;150911;VII KOTO ILIR;DATA SEKOLAH;2022/2023 GENAP;SWASTA;SMP;0
15;JAMBI;1509;TEBO;150911;VII KOTO ILIR;DATA SEKOLAH;2022/2023 GENAP;SWASTA;SMA;0
15;JAMBI;1509;TEBO;150911;VII KOTO ILIR;DATA SEKOLAH;2022/2023 GENAP;SWASTA;SMK;1
15;JAMBI;1509;TEBO;150911;VII KOTO ILIR;DATA SEKOLAH;2022/2023 GENAP;SWASTA;SLB;0
15;JAMBI;1501;KERINCI;150105;AIR HANGAT;DATA SEKOLAH;2022/2023 GANJIL;NEGERI;TK;2
15;JAMBI;1501;KERINCI;150105;AIR HANGAT;DATA SEKOLAH;2022/2023 GANJIL;NEGERI;KB;0
15;JAMBI;1501;KERINCI;150105;AIR HANGAT;DATA SEKOLAH;2022/2023 GANJIL;NEGERI;TPA;0
15;JAMBI;1501;KERINCI;150105;AIR HANGAT;DATA SEKOLAH;2022/2023 GANJIL;NEGERI;SPS;0
15;JAMBI;1501;KERINCI;150105;AIR HANGAT;DATA SEKOLAH;2022/2023 GANJIL;NEGERI;PKBM;0
15;JAMBI;1501;KERINCI;150105;AIR HANGAT;DATA SEKOLAH;2022/2023 GANJIL;NEGERI;SKB;1
15;JAMBI;1501;KERINCI;150105;AIR HANGAT;DATA SEKOLAH;2022/2023 GANJIL;NEGERI;SD;10
15;JAMBI;1501;KERINCI;150105;AIR HANGAT;DATA SEKOLAH;2022/2023 GANJIL;NEGERI;SMP;1
15;JAMBI;1501;KERINCI;150105;AIR HANGAT;DATA SEKOLAH;2022/2023 GANJIL;NEGERI;SMA;0
15;JAMBI;1501;KERINCI;150105;AIR HANGAT;DATA SEKOLAH;2022/2023 GANJIL;NEGERI;SMK;0
15;JAMBI;1501;KERINCI;150105;AIR HANGAT;DATA SEKOLAH;2022/2023 GANJIL;NEGERI;SLB;0
15;JAMBI;1501;KERINCI;150121;AIR HANGAT BARAT;DATA SEKOLAH;2022/2023 GANJIL;NEGERI;TK;1
15;JAMBI;1501;KERINCI;150121;AIR HANGAT BARAT;DATA SEKOLAH;2022/2023 GANJIL;NEGERI;KB;0
15;JAMBI;1501;KERINCI;150121;AIR HANGAT BARAT;DATA SEKOLAH;2022/2023 GANJIL;NEGERI;TPA;0
15;JAMBI;1501;KERINCI;150121;AIR HANGAT BARAT;DATA SEKOLAH;2022/2023 GANJIL;NEGERI;SPS;0
15;JAMBI;1501;KERINCI;150121;AIR HANGAT BARAT;DATA SEKOLAH;2022/2023 GANJIL;NEGERI;PKBM;0
15;JAMBI;1501;KERINCI;150121;AIR HANGAT BARAT;DATA SEKOLAH;2022/2023 GANJIL;NEGERI;SKB;0
15;JAMBI;1501;KERINCI;150121;AIR HANGAT BARAT;DATA SEKOLAH;2022/2023 GANJIL;NEGERI;SD;9
15;JAMBI;1501;KERINCI;150121;AIR HANGAT BARAT;DATA SEKOLAH;2022/2023 GANJIL;NEGERI;SMP;1
15;JAMBI;1501;KERINCI;150121;AIR HANGAT BARAT;DATA SEKOLAH;2022/2023 GANJIL;NEGERI;SMA;1
15;JAMBI;1501;KERINCI;150121;AIR HANGAT BARAT;DATA SEKOLAH;2022/2023 GANJIL;NEGERI;SMK;0
15;JAMBI;1501;KERINCI;150121;AIR HANGAT BARAT;DATA SEKOLAH;2022/2023 GANJIL;NEGERI;SLB;0
15;JAMBI;1501;KERINCI;150111;AIR HANGAT TIMUR;DATA SEKOLAH;2022/2023 GANJIL;NEGERI;TK;1
15;JAMBI;1501;KERINCI;150111;AIR HANGAT TIMUR;DATA SEKOLAH;2022/2023 GANJIL;NEGERI;KB;0
15;JAMBI;1501;KERINCI;150111;AIR HANGAT TIMUR;DATA SEKOLAH;2022/2023 GANJIL;NEGERI;TPA;0
15;JAMBI;1501;KERINCI;150111;AIR HANGAT TIMUR;DATA SEKOLAH;2022/2023 GANJIL;NEGERI;SPS;0
15;JAMBI;1501;KERINCI;150111;AIR HANGAT TIMUR;DATA SEKOLAH;2022/2023 GANJIL;NEGERI;PKBM;0
15;JAMBI;1501;KERINCI;150111;AIR HANGAT TIMUR;DATA SEKOLAH;2022/2023 GANJIL;NEGERI;SKB;0
15;JAMBI;1501;KERINCI;150111;AIR HANGAT TIMUR;DATA SEKOLAH;2022/2023 GANJIL;NEGERI;SD;16
15;JAMBI;1501;KERINCI;150111;AIR HANGAT TIMUR;DATA SEKOLAH;2022/2023 GANJIL;NEGERI;SMP;4
15;JAMBI;1501;KERINCI;150111;AIR HANGAT TIMUR;DATA SEKOLAH;2022/2023 GANJIL;NEGERI;SMA;1
15;JAMBI;1501;KERINCI;150111;AIR HANGAT TIMUR;DATA SEKOLAH;2022/2023 GANJIL;NEGERI;SMK;0
15;JAMBI;1501;KERINCI;150111;AIR HANGAT TIMUR;DATA SEKOLAH;2022/2023 GANJIL;NEGERI;SLB;0
15;JAMBI;1503;SAROLANGUN;150307;AIR HITAM;DATA SEKOLAH;2022/2023 GANJIL;NEGERI;TK;0
15;JAMBI;1503;SAROLANGUN;150307;AIR HITAM;DATA SEKOLAH;2022/2023 GANJIL;NEGERI;KB;0
15;JAMBI;1503;SAROLANGUN;150307;AIR HITAM;DATA SEKOLAH;2022/2023 GANJIL;NEGERI;TPA;0
15;JAMBI;1503;SAROLANGUN;150307;AIR HITAM;DATA SEKOLAH;2022/2023 GANJIL;NEGERI;SPS;0
15;JAMBI;1503;SAROLANGUN;150307;AIR HITAM;DATA SEKOLAH;2022/2023 GANJIL;NEGERI;PKBM;0
15;JAMBI;1503;SAROLANGUN;150307;AIR HITAM;DATA SEKOLAH;2022/2023 GANJIL;NEGERI;SKB;0
15;JAMBI;1503;SAROLANGUN;150307;AIR HITAM;DATA SEKOLAH;2022/2023 GANJIL;NEGERI;SD;13
15;JAMBI;1503;SAROLANGUN;150307;AIR HITAM;DATA SEKOLAH;2022/2023 GANJIL;NEGERI;SMP;5
15;JAMBI;1503;SAROLANGUN;150307;AIR HITAM;DATA SEKOLAH;2022/2023 GANJIL;NEGERI;SMA;1
15;JAMBI;1503;SAROLANGUN;150307;AIR HITAM;DATA SEKOLAH;2022/2023 GANJIL;NEGERI;SMK;2
15;JAMBI;1503;SAROLANGUN;150307;AIR HITAM;DATA SEKOLAH;2022/2023 GANJIL;NEGERI;SLB;0
15;JAMBI;1571;KOTA JAMBI;157109;ALAM BARAJO;DATA SEKOLAH;2022/2023 GANJIL;NEGERI;TK;0
15;JAMBI;1571;KOTA JAMBI;157109;ALAM BARAJO;DATA SEKOLAH;2022/2023 GANJIL;NEGERI;KB;0
15;JAMBI;1571;KOTA JAMBI;157109;ALAM BARAJO;DATA SEKOLAH;2022/2023 GANJIL;NEGERI;TPA;0
15;JAMBI;1571;KOTA JAMBI;157109;ALAM BARAJO;DATA SEKOLAH;2022/2023 GANJIL;NEGERI;SPS;0
15;JAMBI;1571;KOTA JAMBI;157109;ALAM BARAJO;DATA SEKOLAH;2022/2023 GANJIL;NEGERI;PKBM;0
15;JAMBI;1571;KOTA JAMBI;157109;ALAM BARAJO;DATA SEKOLAH;2022/2023 GANJIL;NEGERI;SKB;0
15;JAMBI;1571;KOTA JAMBI;157109;ALAM BARAJO;DATA SEKOLAH;2022/2023 GANJIL;NEGERI;SD;16
15;JAMBI;1571;KOTA JAMBI;157109;ALAM BARAJO;DATA SEKOLAH;2022/2023 GANJIL;NEGERI;SMP;2
15;JAMBI;1571;KOTA JAMBI;157109;ALAM BARAJO;DATA SEKOLAH;2022/2023 GANJIL;NEGERI;SMA;3
15;JAMBI;1571;KOTA JAMBI;157109;ALAM BARAJO;DATA SEKOLAH;2022/2023 GANJIL;NEGERI;SMK;1
15;JAMBI;1571;KOTA JAMBI;157109;ALAM BARAJO;DATA SEKOLAH;2022/2023 GANJIL;NEGERI;SLB;0
15;JAMBI;1505;MUARO JAMBI;150510;BAHAR SELATAN;DATA SEKOLAH;2022/2023 GANJIL;NEGERI;TK;1
15;JAMBI;1505;MUARO JAMBI;150510;BAHAR SELATAN;DATA SEKOLAH;2022/2023 GANJIL;NEGERI;KB;0
15;JAMBI;1505;MUARO JAMBI;150510;BAHAR SELATAN;DATA SEKOLAH;2022/2023 GANJIL;NEGERI;TPA;0
15;JAMBI;1505;MUARO JAMBI;150510;BAHAR SELATAN;DATA SEKOLAH;2022/2023 GANJIL;NEGERI;SPS;0
15;JAMBI;1505;MUARO JAMBI;150510;BAHAR SELATAN;DATA SEKOLAH;2022/2023 GANJIL;NEGERI;PKBM;0
15;JAMBI;1505;MUARO JAMBI;150510;BAHAR SELATAN;DATA SEKOLAH;2022/2023 GANJIL;NEGERI;SKB;0
15;JAMBI;1505;MUARO JAMBI;150510;BAHAR SELATAN;DATA SEKOLAH;2022/2023 GANJIL;NEGERI;SD;15
15;JAMBI;1505;MUARO JAMBI;150510;BAHAR SELATAN;DATA SEKOLAH;2022/2023 GANJIL;NEGERI;SMP;5
15;JAMBI;1505;MUARO JAMBI;150510;BAHAR SELATAN;DATA SEKOLAH;2022/2023 GANJIL;NEGERI;SMA;1
15;JAMBI;1505;MUARO JAMBI;150510;BAHAR SELATAN;DATA SEKOLAH;2022/2023 GANJIL;NEGERI;SMK;0
15;JAMBI;1505;MUARO JAMBI;150510;BAHAR SELATAN;DATA SEKOLAH;2022/2023 GANJIL;NEGERI;SLB;0
15;JAMBI;1505;MUARO JAMBI;150509;BAHAR UTARA;DATA SEKOLAH;2022/2023 GANJIL;NEGERI;TK;1
15;JAMBI;1505;MUARO JAMBI;150509;BAHAR UTARA;DATA SEKOLAH;2022/2023 GANJIL;NEGERI;KB;0
15;JAMBI;1505;MUARO JAMBI;150509;BAHAR UTARA;DATA SEKOLAH;2022/2023 GANJIL;NEGERI;TPA;0
15;JAMBI;1505;MUARO JAMBI;150509;BAHAR UTARA;DATA SEKOLAH;2022/2023 GANJIL;NEGERI;SPS;0
15;JAMBI;1505;MUARO JAMBI;150509;BAHAR UTARA;DATA SEKOLAH;2022/2023 GANJIL;NEGERI;PKBM;0
15;JAMBI;1505;MUARO JAMBI;150509;BAHAR UTARA;DATA SEKOLAH;2022/2023 GANJIL;NEGERI;SKB;0
15;JAMBI;1505;MUARO JAMBI;150509;BAHAR UTARA;DATA SEKOLAH;2022/2023 GANJIL;NEGERI;SD;11
15;JAMBI;1505;MUARO JAMBI;150509;BAHAR UTARA;DATA SEKOLAH;2022/2023 GANJIL;NEGERI;SMP;4
15;JAMBI;1505;MUARO JAMBI;150509;BAHAR UTARA;DATA SEKOLAH;2022/2023 GANJIL;NEGERI;SMA;1
15;JAMBI;1505;MUARO JAMBI;150509;BAHAR UTARA;DATA SEKOLAH;2022/2023 GANJIL;NEGERI;SMK;1
15;JAMBI;1505;MUARO JAMBI;150509;BAHAR UTARA;DATA SEKOLAH;2022/2023 GANJIL;NEGERI;SLB;0
15;JAMBI;1504;BATANGHARI;150407;BAJUBANG;DATA SEKOLAH;2022/2023 GANJIL;NEGERI;TK;1
15;JAMBI;1504;BATANGHARI;150407;BAJUBANG;DATA SEKOLAH;2022/2023 GANJIL;NEGERI;KB;0
15;JAMBI;1504;BATANGHARI;150407;BAJUBANG;DATA SEKOLAH;2022/2023 GANJIL;NEGERI;TPA;0
15;JAMBI;1504;BATANGHARI;150407;BAJUBANG;DATA SEKOLAH;2022/2023 GANJIL;NEGERI;SPS;0
15;JAMBI;1504;BATANGHARI;150407;BAJUBANG;DATA SEKOLAH;2022/2023 GANJIL;NEGERI;PKBM;0
15;JAMBI;1504;BATANGHARI;150407;BAJUBANG;DATA SEKOLAH;2022/2023 GANJIL;NEGERI;SKB;0
15;JAMBI;1504;BATANGHARI;150407;BAJUBANG;DATA SEKOLAH;2022/2023 GANJIL;NEGERI;SD;28
15;JAMBI;1504;BATANGHARI;150407;BAJUBANG;DATA SEKOLAH;2022/2023 GANJIL;NEGERI;SMP;7
15;JAMBI;1504;BATANGHARI;150407;BAJUBANG;DATA SEKOLAH;2022/2023 GANJIL;NEGERI;SMA;1
15;JAMBI;1504;BATANGHARI;150407;BAJUBANG;DATA SEKOLAH;2022/2023 GANJIL;NEGERI;SMK;1
15;JAMBI;1504;BATANGHARI;150407;BAJUBANG;DATA SEKOLAH;2022/2023 GANJIL;NEGERI;SLB;0
15;JAMBI;1502;MERANGIN;150202;BANGKO;DATA SEKOLAH;2022/2023 GANJIL;NEGERI;TK;2
15;JAMBI;1502;MERANGIN;150202;BANGKO;DATA SEKOLAH;2022/2023 GANJIL;NEGERI;KB;0
15;JAMBI;1502;MERANGIN;150202;BANGKO;DATA SEKOLAH;2022/2023 GANJIL;NEGERI;TPA;0
15;JAMBI;1502;MERANGIN;150202;BANGKO;DATA SEKOLAH;2022/2023 GANJIL;NEGERI;SPS;0
15;JAMBI;1502;MERANGIN;150202;BANGKO;DATA SEKOLAH;2022/2023 GANJIL;NEGERI;PKBM;0
15;JAMBI;1502;MERANGIN;150202;BANGKO;DATA SEKOLAH;2022/2023 GANJIL;NEGERI;SKB;0
15;JAMBI;1502;MERANGIN;150202;BANGKO;DATA SEKOLAH;2022/2023 GANJIL;NEGERI;SD;23
15;JAMBI;1502;MERANGIN;150202;BANGKO;DATA SEKOLAH;2022/2023 GANJIL;NEGERI;SMP;5
15;JAMBI;1502;MERANGIN;150202;BANGKO;DATA SEKOLAH;2022/2023 GANJIL;NEGERI;SMA;3
15;JAMBI;1502;MERANGIN;150202;BANGKO;DATA SEKOLAH;2022/2023 GANJIL;NEGERI;SMK;1
15;JAMBI;1502;MERANGIN;150202;BANGKO;DATA SEKOLAH;2022/2023 GANJIL;NEGERI;SLB;1
15;JAMBI;1502;MERANGIN;150210;BANGKO BARAT;DATA SEKOLAH;2022/2023 GANJIL;NEGERI;TK;0
15;JAMBI;1502;MERANGIN;150210;BANGKO BARAT;DATA SEKOLAH;2022/2023 GANJIL;NEGERI;KB;0
15;JAMBI;1502;MERANGIN;150210;BANGKO BARAT;DATA SEKOLAH;2022/2023 GANJIL;NEGERI;TPA;0
15;JAMBI;1502;MERANGIN;150210;BANGKO BARAT;DATA SEKOLAH;2022/2023 GANJIL;NEGERI;SPS;0
15;JAMBI;1502;MERANGIN;150210;BANGKO BARAT;DATA SEKOLAH;2022/2023 GANJIL;NEGERI;PKBM;0
15;JAMBI;1502;MERANGIN;150210;BANGKO BARAT;DATA SEKOLAH;2022/2023 GANJIL;NEGERI;SKB;0
15;JAMBI;1502;MERANGIN;150210;BANGKO BARAT;DATA SEKOLAH;2022/2023 GANJIL;NEGERI;SD;11
15;JAMBI;1502;MERANGIN;150210;BANGKO BARAT;DATA SEKOLAH;2022/2023 GANJIL;NEGERI;SMP;2
15;JAMBI;1502;MERANGIN;150210;BANGKO BARAT;DATA SEKOLAH;2022/2023 GANJIL;NEGERI;SMA;0
15;JAMBI;1502;MERANGIN;150210;BANGKO BARAT;DATA SEKOLAH;2022/2023 GANJIL;NEGERI;SMK;0
15;JAMBI;1502;MERANGIN;150210;BANGKO BARAT;DATA SEKOLAH;2022/2023 GANJIL;NEGERI;SLB;0
15;JAMBI;1503;SAROLANGUN;150301;BATANG ASAI;DATA SEKOLAH;2022/2023 GANJIL;NEGERI;TK;0
15;JAMBI;1503;SAROLANGUN;150301;BATANG ASAI;DATA SEKOLAH;2022/2023 GANJIL;NEGERI;KB;0
15;JAMBI;1503;SAROLANGUN;150301;BATANG ASAI;DATA SEKOLAH;2022/2023 GANJIL;NEGERI;TPA;0
15;JAMBI;1503;SAROLANGUN;150301;BATANG ASAI;DATA SEKOLAH;2022/2023 GANJIL;NEGERI;SPS;0
15;JAMBI;1503;SAROLANGUN;150301;BATANG ASAI;DATA SEKOLAH;2022/2023 GANJIL;NEGERI;PKBM;0
15;JAMBI;1503;SAROLANGUN;150301;BATANG ASAI;DATA SEKOLAH;2022/2023 GANJIL;NEGERI;SKB;0
15;JAMBI;1503;SAROLANGUN;150301;BATANG ASAI;DATA SEKOLAH;2022/2023 GANJIL;NEGERI;SD;34
15;JAMBI;1503;SAROLANGUN;150301;BATANG ASAI;DATA SEKOLAH;2022/2023 GANJIL;NEGERI;SMP;8
15;JAMBI;1503;SAROLANGUN;150301;BATANG ASAI;DATA SEKOLAH;2022/2023 GANJIL;NEGERI;SMA;1
15;JAMBI;1503;SAROLANGUN;150301;BATANG ASAI;DATA SEKOLAH;2022/2023 GANJIL;NEGERI;SMK;2
15;JAMBI;1503;SAROLANGUN;150301;BATANG ASAI;DATA SEKOLAH;2022/2023 GANJIL;NEGERI;SLB;0
15;JAMBI;1506;TANJUNG JABUNG BARAT;150607;BATANG ASAM;DATA SEKOLAH;2022/2023 GANJIL;NEGERI;TK;1
15;JAMBI;1506;TANJUNG JABUNG BARAT;150607;BATANG ASAM;DATA SEKOLAH;2022/2023 GANJIL;NEGERI;KB;0
15;JAMBI;1506;TANJUNG JABUNG BARAT;150607;BATANG ASAM;DATA SEKOLAH;2022/2023 GANJIL;NEGERI;TPA;0
15;JAMBI;1506;TANJUNG JABUNG BARAT;150607;BATANG ASAM;DATA SEKOLAH;2022/2023 GANJIL;NEGERI;SPS;0
15;JAMBI;1506;TANJUNG JABUNG BARAT;150607;BATANG ASAM;DATA SEKOLAH;2022/2023 GANJIL;NEGERI;PKBM;0
15;JAMBI;1506;TANJUNG JABUNG BARAT;150607;BATANG ASAM;DATA SEKOLAH;2022/2023 GANJIL;NEGERI;SKB;0
15;JAMBI;1506;TANJUNG JABUNG BARAT;150607;BATANG ASAM;DATA SEKOLAH;2022/2023 GANJIL;NEGERI;SD;13
15;JAMBI;1506;TANJUNG JABUNG BARAT;150607;BATANG ASAM;DATA SEKOLAH;2022/2023 GANJIL;NEGERI;SMP;6
15;JAMBI;1506;TANJUNG JABUNG BARAT;150607;BATANG ASAM;DATA SEKOLAH;2022/2023 GANJIL;NEGERI;SMA;1
15;JAMBI;1506;TANJUNG JABUNG BARAT;150607;BATANG ASAM;DATA SEKOLAH;2022/2023 GANJIL;NEGERI;SMK;1
15;JAMBI;1506;TANJUNG JABUNG BARAT;150607;BATANG ASAM;DATA SEKOLAH;2022/2023 GANJIL;NEGERI;SLB;0
15;JAMBI;1502;MERANGIN;150212;BATANG MASUMAI;DATA SEKOLAH;2022/2023 GANJIL;NEGERI;TK;0
15;JAMBI;1502;MERANGIN;150212;BATANG MASUMAI;DATA SEKOLAH;2022/2023 GANJIL;NEGERI;KB;0
15;JAMBI;1502;MERANGIN;150212;BATANG MASUMAI;DATA SEKOLAH;2022/2023 GANJIL;NEGERI;TPA;0
15;JAMBI;1502;MERANGIN;150212;BATANG MASUMAI;DATA SEKOLAH;2022/2023 GANJIL;NEGERI;SPS;0
15;JAMBI;1502;MERANGIN;150212;BATANG MASUMAI;DATA SEKOLAH;2022/2023 GANJIL;NEGERI;PKBM;0
15;JAMBI;1502;MERANGIN;150212;BATANG MASUMAI;DATA SEKOLAH;2022/2023 GANJIL;NEGERI;SKB;0
15;JAMBI;1502;MERANGIN;150212;BATANG MASUMAI;DATA SEKOLAH;2022/2023 GANJIL;NEGERI;SD;13
15;JAMBI;1502;MERANGIN;150212;BATANG MASUMAI;DATA SEKOLAH;2022/2023 GANJIL;NEGERI;SMP;2
15;JAMBI;1502;MERANGIN;150212;BATANG MASUMAI;DATA SEKOLAH;2022/2023 GANJIL;NEGERI;SMA;1
15;JAMBI;1502;MERANGIN;150212;BATANG MASUMAI;DATA SEKOLAH;2022/2023 GANJIL;NEGERI;SMK;1
15;JAMBI;1502;MERANGIN;150212;BATANG MASUMAI;DATA SEKOLAH;2022/2023 GANJIL;NEGERI;SLB;0
15;JAMBI;1501;KERINCI;150107;BATANG MERANGIN;DATA SEKOLAH;2022/2023 GANJIL;NEGERI;TK;1
15;JAMBI;1501;KERINCI;150107;BATANG MERANGIN;DATA SEKOLAH;2022/2023 GANJIL;NEGERI;KB;1
15;JAMBI;1501;KERINCI;150107;BATANG MERANGIN;DATA SEKOLAH;2022/2023 GANJIL;NEGERI;TPA;0
15;JAMBI;1501;KERINCI;150107;BATANG MERANGIN;DATA SEKOLAH;2022/2023 GANJIL;NEGERI;SPS;0
15;JAMBI;1501;KERINCI;150107;BATANG MERANGIN;DATA SEKOLAH;2022/2023 GANJIL;NEGERI;PKBM;0
15;JAMBI;1501;KERINCI;150107;BATANG MERANGIN;DATA SEKOLAH;2022/2023 GANJIL;NEGERI;SKB;0
15;JAMBI;1501;KERINCI;150107;BATANG MERANGIN;DATA SEKOLAH;2022/2023 GANJIL;NEGERI;SD;13
15;JAMBI;1501;KERINCI;150107;BATANG MERANGIN;DATA SEKOLAH;2022/2023 GANJIL;NEGERI;SMP;5
15;JAMBI;1501;KERINCI;150107;BATANG MERANGIN;DATA SEKOLAH;2022/2023 GANJIL;NEGERI;SMA;2
15;JAMBI;1501;KERINCI;150107;BATANG MERANGIN;DATA SEKOLAH;2022/2023 GANJIL;NEGERI;SMK;0
15;JAMBI;1501;KERINCI;150107;BATANG MERANGIN;DATA SEKOLAH;2022/2023 GANJIL;NEGERI;SLB;0
15;JAMBI;1508;BUNGO;150815;BATHIN II PELAYANG;DATA SEKOLAH;2022/2023 GANJIL;NEGERI;TK;0
15;JAMBI;1508;BUNGO;150815;BATHIN II PELAYANG;DATA SEKOLAH;2022/2023 GANJIL;NEGERI;KB;0
15;JAMBI;1508;BUNGO;150815;BATHIN II PELAYANG;DATA SEKOLAH;2022/2023 GANJIL;NEGERI;TPA;0
15;JAMBI;1508;BUNGO;150815;BATHIN II PELAYANG;DATA SEKOLAH;2022/2023 GANJIL;NEGERI;SPS;0
15;JAMBI;1508;BUNGO;150815;BATHIN II PELAYANG;DATA SEKOLAH;2022/2023 GANJIL;NEGERI;PKBM;0
15;JAMBI;1508;BUNGO;150815;BATHIN II PELAYANG;DATA SEKOLAH;2022/2023 GANJIL;NEGERI;SKB;0
15;JAMBI;1508;BUNGO;150815;BATHIN II PELAYANG;DATA SEKOLAH;2022/2023 GANJIL;NEGERI;SD;8
15;JAMBI;1508;BUNGO;150815;BATHIN II PELAYANG;DATA SEKOLAH;2022/2023 GANJIL;NEGERI;SMP;2
15;JAMBI;1508;BUNGO;150815;BATHIN II PELAYANG;DATA SEKOLAH;2022/2023 GANJIL;NEGERI;SMA;1
15;JAMBI;1508;BUNGO;150815;BATHIN II PELAYANG;DATA SEKOLAH;2022/2023 GANJIL;NEGERI;SMK;0
15;JAMBI;1508;BUNGO;150815;BATHIN II PELAYANG;DATA SEKOLAH;2022/2023 GANJIL;NEGERI;SLB;0
15;JAMBI;1508;BUNGO;150811;BATHIN III;DATA SEKOLAH;2022/2023 GANJIL;NEGERI;TK;0
15;JAMBI;1508;BUNGO;150811;BATHIN III;DATA SEKOLAH;2022/2023 GANJIL;NEGERI;KB;0
15;JAMBI;1508;BUNGO;150811;BATHIN III;DATA SEKOLAH;2022/2023 GANJIL;NEGERI;TPA;0
15;JAMBI;1508;BUNGO;150811;BATHIN III;DATA SEKOLAH;2022/2023 GANJIL;NEGERI;SPS;0
15;JAMBI;1508;BUNGO;150811;BATHIN III;DATA SEKOLAH;2022/2023 GANJIL;NEGERI;PKBM;0
15;JAMBI;1508;BUNGO;150811;BATHIN III;DATA SEKOLAH;2022/2023 GANJIL;NEGERI;SKB;1
15;JAMBI;1508;BUNGO;150811;BATHIN III;DATA SEKOLAH;2022/2023 GANJIL;NEGERI;SD;9
15;JAMBI;1508;BUNGO;150811;BATHIN III;DATA SEKOLAH;2022/2023 GANJIL;NEGERI;SMP;2
15;JAMBI;1508;BUNGO;150811;BATHIN III;DATA SEKOLAH;2022/2023 GANJIL;NEGERI;SMA;1
15;JAMBI;1508;BUNGO;150811;BATHIN III;DATA SEKOLAH;2022/2023 GANJIL;NEGERI;SMK;1
15;JAMBI;1508;BUNGO;150811;BATHIN III;DATA SEKOLAH;2022/2023 GANJIL;NEGERI;SLB;0
15;JAMBI;1508;BUNGO;150814;BATHIN III ULU;DATA SEKOLAH;2022/2023 GANJIL;NEGERI;TK;0
15;JAMBI;1508;BUNGO;150814;BATHIN III ULU;DATA SEKOLAH;2022/2023 GANJIL;NEGERI;KB;0
15;JAMBI;1508;BUNGO;150814;BATHIN III ULU;DATA SEKOLAH;2022/2023 GANJIL;NEGERI;TPA;0
15;JAMBI;1508;BUNGO;150814;BATHIN III ULU;DATA SEKOLAH;2022/2023 GANJIL;NEGERI;SPS;0
15;JAMBI;1508;BUNGO;150814;BATHIN III ULU;DATA SEKOLAH;2022/2023 GANJIL;NEGERI;PKBM;0
15;JAMBI;1508;BUNGO;150814;BATHIN III ULU;DATA SEKOLAH;2022/2023 GANJIL;NEGERI;SKB;0
15;JAMBI;1508;BUNGO;150814;BATHIN III ULU;DATA SEKOLAH;2022/2023 GANJIL;NEGERI;SD;17
15;JAMBI;1508;BUNGO;150814;BATHIN III ULU;DATA SEKOLAH;2022/2023 GANJIL;NEGERI;SMP;2
15;JAMBI;1508;BUNGO;150814;BATHIN III ULU;DATA SEKOLAH;2022/2023 GANJIL;NEGERI;SMA;0
15;JAMBI;1508;BUNGO;150814;BATHIN III ULU;DATA SEKOLAH;2022/2023 GANJIL;NEGERI;SMK;1
15;JAMBI;1508;BUNGO;150814;BATHIN III ULU;DATA SEKOLAH;2022/2023 GANJIL;NEGERI;SLB;0
15;JAMBI;1503;SAROLANGUN;150308;BATHIN VIII;DATA SEKOLAH;2022/2023 GANJIL;NEGERI;TK;1
15;JAMBI;1503;SAROLANGUN;150308;BATHIN VIII;DATA SEKOLAH;2022/2023 GANJIL;NEGERI;KB;0
15;JAMBI;1503;SAROLANGUN;150308;BATHIN VIII;DATA SEKOLAH;2022/2023 GANJIL;NEGERI;TPA;0
15;JAMBI;1503;SAROLANGUN;150308;BATHIN VIII;DATA SEKOLAH;2022/2023 GANJIL;NEGERI;SPS;0
15;JAMBI;1503;SAROLANGUN;150308;BATHIN VIII;DATA SEKOLAH;2022/2023 GANJIL;NEGERI;PKBM;0
15;JAMBI;1503;SAROLANGUN;150308;BATHIN VIII;DATA SEKOLAH;2022/2023 GANJIL;NEGERI;SKB;0
15;JAMBI;1503;SAROLANGUN;150308;BATHIN VIII;DATA SEKOLAH;2022/2023 GANJIL;NEGERI;SD;21
15;JAMBI;1503;SAROLANGUN;150308;BATHIN VIII;DATA SEKOLAH;2022/2023 GANJIL;NEGERI;SMP;4
15;JAMBI;1503;SAROLANGUN;150308;BATHIN VIII;DATA SEKOLAH;2022/2023 GANJIL;NEGERI;SMA;1
15;JAMBI;1503;SAROLANGUN;150308;BATHIN VIII;DATA SEKOLAH;2022/2023 GANJIL;NEGERI;SMK;0
15;JAMBI;1503;SAROLANGUN;150308;BATHIN VIII;DATA SEKOLAH;2022/2023 GANJIL;NEGERI;SLB;0
15;JAMBI;1508;BUNGO;150810;BATIN II BABEKO;DATA SEKOLAH;2022/2023 GANJIL;NEGERI;TK;0
15;JAMBI;1508;BUNGO;150810;BATIN II BABEKO;DATA SEKOLAH;2022/2023 GANJIL;NEGERI;KB;1
15;JAMBI;1508;BUNGO;150810;BATIN II BABEKO;DATA SEKOLAH;2022/2023 GANJIL;NEGERI;TPA;0
15;JAMBI;1508;BUNGO;150810;BATIN II BABEKO;DATA SEKOLAH;2022/2023 GANJIL;NEGERI;SPS;0
15;JAMBI;1508;BUNGO;150810;BATIN II BABEKO;DATA SEKOLAH;2022/2023 GANJIL;NEGERI;PKBM;0
15;JAMBI;1508;BUNGO;150810;BATIN II BABEKO;DATA SEKOLAH;2022/2023 GANJIL;NEGERI;SKB;0
15;JAMBI;1508;BUNGO;150810;BATIN II BABEKO;DATA SEKOLAH;2022/2023 GANJIL;NEGERI;SD;7
15;JAMBI;1508;BUNGO;150810;BATIN II BABEKO;DATA SEKOLAH;2022/2023 GANJIL;NEGERI;SMP;2
15;JAMBI;1508;BUNGO;150810;BATIN II BABEKO;DATA SEKOLAH;2022/2023 GANJIL;NEGERI;SMA;0
15;JAMBI;1508;BUNGO;150810;BATIN II BABEKO;DATA SEKOLAH;2022/2023 GANJIL;NEGERI;SMK;1
15;JAMBI;1508;BUNGO;150810;BATIN II BABEKO;DATA SEKOLAH;2022/2023 GANJIL;NEGERI;SLB;0
15;JAMBI;1504;BATANGHARI;150404;BATIN XXIV;DATA SEKOLAH;2022/2023 GANJIL;NEGERI;TK;1
15;JAMBI;1504;BATANGHARI;150404;BATIN XXIV;DATA SEKOLAH;2022/2023 GANJIL;NEGERI;KB;0
15;JAMBI;1504;BATANGHARI;150404;BATIN XXIV;DATA SEKOLAH;2022/2023 GANJIL;NEGERI;TPA;0
15;JAMBI;1504;BATANGHARI;150404;BATIN XXIV;DATA SEKOLAH;2022/2023 GANJIL;NEGERI;SPS;0
15;JAMBI;1504;BATANGHARI;150404;BATIN XXIV;DATA SEKOLAH;2022/2023 GANJIL;NEGERI;PKBM;0
15;JAMBI;1504;BATANGHARI;150404;BATIN XXIV;DATA SEKOLAH;2022/2023 GANJIL;NEGERI;SKB;0
15;JAMBI;1504;BATANGHARI;150404;BATIN XXIV;DATA SEKOLAH;2022/2023 GANJIL;NEGERI;SD;31
15;JAMBI;1504;BATANGHARI;150404;BATIN XXIV;DATA SEKOLAH;2022/2023 GANJIL;NEGERI;SMP;8
15;JAMBI;1504;BATANGHARI;150404;BATIN XXIV;DATA SEKOLAH;2022/2023 GANJIL;NEGERI;SMA;2
15;JAMBI;1504;BATANGHARI;150404;BATIN XXIV;DATA SEKOLAH;2022/2023 GANJIL;NEGERI;SMK;1
15;JAMBI;1504;BATANGHARI;150404;BATIN XXIV;DATA SEKOLAH;2022/2023 GANJIL;NEGERI;SLB;0
15;JAMBI;1507;TANJUNG JABUNG TIMUR;150711;BERBAK;DATA SEKOLAH;2022/2023 GANJIL;NEGERI;TK;2
15;JAMBI;1507;TANJUNG JABUNG TIMUR;150711;BERBAK;DATA SEKOLAH;2022/2023 GANJIL;NEGERI;KB;0
15;JAMBI;1507;TANJUNG JABUNG TIMUR;150711;BERBAK;DATA SEKOLAH;2022/2023 GANJIL;NEGERI;TPA;0
15;JAMBI;1507;TANJUNG JABUNG TIMUR;150711;BERBAK;DATA SEKOLAH;2022/2023 GANJIL;NEGERI;SPS;0
15;JAMBI;1507;TANJUNG JABUNG TIMUR;150711;BERBAK;DATA SEKOLAH;2022/2023 GANJIL;NEGERI;PKBM;0
15;JAMBI;1507;TANJUNG JABUNG TIMUR;150711;BERBAK;DATA SEKOLAH;2022/2023 GANJIL;NEGERI;SKB;0
15;JAMBI;1507;TANJUNG JABUNG TIMUR;150711;BERBAK;DATA SEKOLAH;2022/2023 GANJIL;NEGERI;SD;11
15;JAMBI;1507;TANJUNG JABUNG TIMUR;150711;BERBAK;DATA SEKOLAH;2022/2023 GANJIL;NEGERI;SMP;4
15;JAMBI;1507;TANJUNG JABUNG TIMUR;150711;BERBAK;DATA SEKOLAH;2022/2023 GANJIL;NEGERI;SMA;0
15;JAMBI;1507;TANJUNG JABUNG TIMUR;150711;BERBAK;DATA SEKOLAH;2022/2023 GANJIL;NEGERI;SMK;1
15;JAMBI;1507;TANJUNG JABUNG TIMUR;150711;BERBAK;DATA SEKOLAH;2022/2023 GANJIL;NEGERI;SLB;0
15;JAMBI;1506;TANJUNG JABUNG BARAT;150604;BETARA;DATA SEKOLAH;2022/2023 GANJIL;NEGERI;TK;0
15;JAMBI;1506;TANJUNG JABUNG BARAT;150604;BETARA;DATA SEKOLAH;2022/2023 GANJIL;NEGERI;KB;0
15;JAMBI;1506;TANJUNG JABUNG BARAT;150604;BETARA;DATA SEKOLAH;2022/2023 GANJIL;NEGERI;TPA;0
15;JAMBI;1506;TANJUNG JABUNG BARAT;150604;BETARA;DATA SEKOLAH;2022/2023 GANJIL;NEGERI;SPS;0
15;JAMBI;1506;TANJUNG JABUNG BARAT;150604;BETARA;DATA SEKOLAH;2022/2023 GANJIL;NEGERI;PKBM;0
15;JAMBI;1506;TANJUNG JABUNG BARAT;150604;BETARA;DATA SEKOLAH;2022/2023 GANJIL;NEGERI;SKB;0
15;JAMBI;1506;TANJUNG JABUNG BARAT;150604;BETARA;DATA SEKOLAH;2022/2023 GANJIL;NEGERI;SD;20
15;JAMBI;1506;TANJUNG JABUNG BARAT;150604;BETARA;DATA SEKOLAH;2022/2023 GANJIL;NEGERI;SMP;5
15;JAMBI;1506;TANJUNG JABUNG BARAT;150604;BETARA;DATA SEKOLAH;2022/2023 GANJIL;NEGERI;SMA;1
15;JAMBI;1506;TANJUNG JABUNG BARAT;150604;BETARA;DATA SEKOLAH;2022/2023 GANJIL;NEGERI;SMK;1
15;JAMBI;1506;TANJUNG JABUNG BARAT;150604;BETARA;DATA SEKOLAH;2022/2023 GANJIL;NEGERI;SLB;0
15;JAMBI;1506;TANJUNG JABUNG BARAT;150611;BRAM ITAM;DATA SEKOLAH;2022/2023 GANJIL;NEGERI;TK;0
15;JAMBI;1506;TANJUNG JABUNG BARAT;150611;BRAM ITAM;DATA SEKOLAH;2022/2023 GANJIL;NEGERI;KB;0
15;JAMBI;1506;TANJUNG JABUNG BARAT;150611;BRAM ITAM;DATA SEKOLAH;2022/2023 GANJIL;NEGERI;TPA;0
15;JAMBI;1506;TANJUNG JABUNG BARAT;150611;BRAM ITAM;DATA SEKOLAH;2022/2023 GANJIL;NEGERI;SPS;0
15;JAMBI;1506;TANJUNG JABUNG BARAT;150611;BRAM ITAM;DATA SEKOLAH;2022/2023 GANJIL;NEGERI;PKBM;0
15;JAMBI;1506;TANJUNG JABUNG BARAT;150611;BRAM ITAM;DATA SEKOLAH;2022/2023 GANJIL;NEGERI;SKB;0
15;JAMBI;1506;TANJUNG JABUNG BARAT;150611;BRAM ITAM;DATA SEKOLAH;2022/2023 GANJIL;NEGERI;SD;12
15;JAMBI;1506;TANJUNG JABUNG BARAT;150611;BRAM ITAM;DATA SEKOLAH;2022/2023 GANJIL;NEGERI;SMP;2
15;JAMBI;1506;TANJUNG JABUNG BARAT;150611;BRAM ITAM;DATA SEKOLAH;2022/2023 GANJIL;NEGERI;SMA;0
15;JAMBI;1506;TANJUNG JABUNG BARAT;150611;BRAM ITAM;DATA SEKOLAH;2022/2023 GANJIL;NEGERI;SMK;0
15;JAMBI;1506;TANJUNG JABUNG BARAT;150611;BRAM ITAM;DATA SEKOLAH;2022/2023 GANJIL;NEGERI;SLB;0
15;JAMBI;1501;KERINCI;150120;BUKITKERMAN;DATA SEKOLAH;2022/2023 GANJIL;NEGERI;TK;1
15;JAMBI;1501;KERINCI;150120;BUKITKERMAN;DATA SEKOLAH;2022/2023 GANJIL;NEGERI;KB;1
15;JAMBI;1501;KERINCI;150120;BUKITKERMAN;DATA SEKOLAH;2022/2023 GANJIL;NEGERI;TPA;0
15;JAMBI;1501;KERINCI;150120;BUKITKERMAN;DATA SEKOLAH;2022/2023 GANJIL;NEGERI;SPS;0
15;JAMBI;1501;KERINCI;150120;BUKITKERMAN;DATA SEKOLAH;2022/2023 GANJIL;NEGERI;PKBM;0
15;JAMBI;1501;KERINCI;150120;BUKITKERMAN;DATA SEKOLAH;2022/2023 GANJIL;NEGERI;SKB;0
15;JAMBI;1501;KERINCI;150120;BUKITKERMAN;DATA SEKOLAH;2022/2023 GANJIL;NEGERI;SD;13
15;JAMBI;1501;KERINCI;150120;BUKITKERMAN;DATA SEKOLAH;2022/2023 GANJIL;NEGERI;SMP;3
15;JAMBI;1501;KERINCI;150120;BUKITKERMAN;DATA SEKOLAH;2022/2023 GANJIL;NEGERI;SMA;1
15;JAMBI;1501;KERINCI;150120;BUKITKERMAN;DATA SEKOLAH;2022/2023 GANJIL;NEGERI;SMK;0
15;JAMBI;1501;KERINCI;150120;BUKITKERMAN;DATA SEKOLAH;2022/2023 GANJIL;NEGERI;SLB;0
15;JAMBI;1508;BUNGO;150812;BUNGO DANI;DATA SEKOLAH;2022/2023 GANJIL;NEGERI;TK;1
15;JAMBI;1508;BUNGO;150812;BUNGO DANI;DATA SEKOLAH;2022/2023 GANJIL;NEGERI;KB;0
15;JAMBI;1508;BUNGO;150812;BUNGO DANI;DATA SEKOLAH;2022/2023 GANJIL;NEGERI;TPA;0
15;JAMBI;1508;BUNGO;150812;BUNGO DANI;DATA SEKOLAH;2022/2023 GANJIL;NEGERI;SPS;0
15;JAMBI;1508;BUNGO;150812;BUNGO DANI;DATA SEKOLAH;2022/2023 GANJIL;NEGERI;PKBM;0
15;JAMBI;1508;BUNGO;150812;BUNGO DANI;DATA SEKOLAH;2022/2023 GANJIL;NEGERI;SKB;0
15;JAMBI;1508;BUNGO;150812;BUNGO DANI;DATA SEKOLAH;2022/2023 GANJIL;NEGERI;SD;11
15;JAMBI;1508;BUNGO;150812;BUNGO DANI;DATA SEKOLAH;2022/2023 GANJIL;NEGERI;SMP;2
15;JAMBI;1508;BUNGO;150812;BUNGO DANI;DATA SEKOLAH;2022/2023 GANJIL;NEGERI;SMA;0
15;JAMBI;1508;BUNGO;150812;BUNGO DANI;DATA SEKOLAH;2022/2023 GANJIL;NEGERI;SMK;1
15;JAMBI;1508;BUNGO;150812;BUNGO DANI;DATA SEKOLAH;2022/2023 GANJIL;NEGERI;SLB;0
15;JAMBI;1503;SAROLANGUN;150310;CERMIN NAN GEDANG;DATA SEKOLAH;2022/2023 GANJIL;NEGERI;TK;0
15;JAMBI;1503;SAROLANGUN;150310;CERMIN NAN GEDANG;DATA SEKOLAH;2022/2023 GANJIL;NEGERI;KB;0
15;JAMBI;1503;SAROLANGUN;150310;CERMIN NAN GEDANG;DATA SEKOLAH;2022/2023 GANJIL;NEGERI;TPA;0
15;JAMBI;1503;SAROLANGUN;150310;CERMIN NAN GEDANG;DATA SEKOLAH;2022/2023 GANJIL;NEGERI;SPS;0
15;JAMBI;1503;SAROLANGUN;150310;CERMIN NAN GEDANG;DATA SEKOLAH;2022/2023 GANJIL;NEGERI;PKBM;0
15;JAMBI;1503;SAROLANGUN;150310;CERMIN NAN GEDANG;DATA SEKOLAH;2022/2023 GANJIL;NEGERI;SKB;0
15;JAMBI;1503;SAROLANGUN;150310;CERMIN NAN GEDANG;DATA SEKOLAH;2022/2023 GANJIL;NEGERI;SD;16
15;JAMBI;1503;SAROLANGUN;150310;CERMIN NAN GEDANG;DATA SEKOLAH;2022/2023 GANJIL;NEGERI;SMP;4
15;JAMBI;1503;SAROLANGUN;150310;CERMIN NAN GEDANG;DATA SEKOLAH;2022/2023 GANJIL;NEGERI;SMA;1
15;JAMBI;1503;SAROLANGUN;150310;CERMIN NAN GEDANG;DATA SEKOLAH;2022/2023 GANJIL;NEGERI;SMK;1
15;JAMBI;1503;SAROLANGUN;150310;CERMIN NAN GEDANG;DATA SEKOLAH;2022/2023 GANJIL;NEGERI;SLB;0
15;JAMBI;1501;KERINCI;150102;DANAU KERINCI;DATA SEKOLAH;2022/2023 GANJIL;NEGERI;TK;1
15;JAMBI;1501;KERINCI;150102;DANAU KERINCI;DATA SEKOLAH;2022/2023 GANJIL;NEGERI;KB;0
15;JAMBI;1501;KERINCI;150102;DANAU KERINCI;DATA SEKOLAH;2022/2023 GANJIL;NEGERI;TPA;0
15;JAMBI;1501;KERINCI;150102;DANAU KERINCI;DATA SEKOLAH;2022/2023 GANJIL;NEGERI;SPS;0
15;JAMBI;1501;KERINCI;150102;DANAU KERINCI;DATA SEKOLAH;2022/2023 GANJIL;NEGERI;PKBM;0
15;JAMBI;1501;KERINCI;150102;DANAU KERINCI;DATA SEKOLAH;2022/2023 GANJIL;NEGERI;SKB;0
15;JAMBI;1501;KERINCI;150102;DANAU KERINCI;DATA SEKOLAH;2022/2023 GANJIL;NEGERI;SD;17
15;JAMBI;1501;KERINCI;150102;DANAU KERINCI;DATA SEKOLAH;2022/2023 GANJIL;NEGERI;SMP;5
15;JAMBI;1501;KERINCI;150102;DANAU KERINCI;DATA SEKOLAH;2022/2023 GANJIL;NEGERI;SMA;2
15;JAMBI;1501;KERINCI;150102;DANAU KERINCI;DATA SEKOLAH;2022/2023 GANJIL;NEGERI;SMK;1
15;JAMBI;1501;KERINCI;150102;DANAU KERINCI;DATA SEKOLAH;2022/2023 GANJIL;NEGERI;SLB;0
15;JAMBI;1571;KOTA JAMBI;157110;DANAU SIPIN;DATA SEKOLAH;2022/2023 GANJIL;NEGERI;TK;1
15;JAMBI;1571;KOTA JAMBI;157110;DANAU SIPIN;DATA SEKOLAH;2022/2023 GANJIL;NEGERI;KB;0
15;JAMBI;1571;KOTA JAMBI;157110;DANAU SIPIN;DATA SEKOLAH;2022/2023 GANJIL;NEGERI;TPA;0
15;JAMBI;1571;KOTA JAMBI;157110;DANAU SIPIN;DATA SEKOLAH;2022/2023 GANJIL;NEGERI;SPS;0
15;JAMBI;1571;KOTA JAMBI;157110;DANAU SIPIN;DATA SEKOLAH;2022/2023 GANJIL;NEGERI;PKBM;0
15;JAMBI;1571;KOTA JAMBI;157110;DANAU SIPIN;DATA SEKOLAH;2022/2023 GANJIL;NEGERI;SKB;0
15;JAMBI;1571;KOTA JAMBI;157110;DANAU SIPIN;DATA SEKOLAH;2022/2023 GANJIL;NEGERI;SD;9
15;JAMBI;1571;KOTA JAMBI;157110;DANAU SIPIN;DATA SEKOLAH;2022/2023 GANJIL;NEGERI;SMP;1
15;JAMBI;1571;KOTA JAMBI;157110;DANAU SIPIN;DATA SEKOLAH;2022/2023 GANJIL;NEGERI;SMA;1
15;JAMBI;1571;KOTA JAMBI;157110;DANAU SIPIN;DATA SEKOLAH;2022/2023 GANJIL;NEGERI;SMK;1
15;JAMBI;1571;KOTA JAMBI;157110;DANAU SIPIN;DATA SEKOLAH;2022/2023 GANJIL;NEGERI;SLB;1
15;JAMBI;1571;KOTA JAMBI;157106;DANAU TELUK;DATA SEKOLAH;2022/2023 GANJIL;NEGERI;TK;0
15;JAMBI;1571;KOTA JAMBI;157106;DANAU TELUK;DATA SEKOLAH;2022/2023 GANJIL;NEGERI;KB;0
15;JAMBI;1571;KOTA JAMBI;157106;DANAU TELUK;DATA SEKOLAH;2022/2023 GANJIL;NEGERI;TPA;0
15;JAMBI;1571;KOTA JAMBI;157106;DANAU TELUK;DATA SEKOLAH;2022/2023 GANJIL;NEGERI;SPS;0
15;JAMBI;1571;KOTA JAMBI;157106;DANAU TELUK;DATA SEKOLAH;2022/2023 GANJIL;NEGERI;PKBM;0
15;JAMBI;1571;KOTA JAMBI;157106;DANAU TELUK;DATA SEKOLAH;2022/2023 GANJIL;NEGERI;SKB;0
15;JAMBI;1571;KOTA JAMBI;157106;DANAU TELUK;DATA SEKOLAH;2022/2023 GANJIL;NEGERI;SD;5
15;JAMBI;1571;KOTA JAMBI;157106;DANAU TELUK;DATA SEKOLAH;2022/2023 GANJIL;NEGERI;SMP;1
15;JAMBI;1571;KOTA JAMBI;157106;DANAU TELUK;DATA SEKOLAH;2022/2023 GANJIL;NEGERI;SMA;1
15;JAMBI;1571;KOTA JAMBI;157106;DANAU TELUK;DATA SEKOLAH;2022/2023 GANJIL;NEGERI;SMK;1
15;JAMBI;1571;KOTA JAMBI;157106;DANAU TELUK;DATA SEKOLAH;2022/2023 GANJIL;NEGERI;SLB;0
15;JAMBI;1507;TANJUNG JABUNG TIMUR;150706;DENDANG;DATA SEKOLAH;2022/2023 GANJIL;NEGERI;TK;1
15;JAMBI;1507;TANJUNG JABUNG TIMUR;150706;DENDANG;DATA SEKOLAH;2022/2023 GANJIL;NEGERI;KB;0
15;JAMBI;1507;TANJUNG JABUNG TIMUR;150706;DENDANG;DATA SEKOLAH;2022/2023 GANJIL;NEGERI;TPA;0
15;JAMBI;1507;TANJUNG JABUNG TIMUR;150706;DENDANG;DATA SEKOLAH;2022/2023 GANJIL;NEGERI;SPS;0
15;JAMBI;1507;TANJUNG JABUNG TIMUR;150706;DENDANG;DATA SEKOLAH;2022/2023 GANJIL;NEGERI;PKBM;0
15;JAMBI;1507;TANJUNG JABUNG TIMUR;150706;DENDANG;DATA SEKOLAH;2022/2023 GANJIL;NEGERI;SKB;0
15;JAMBI;1507;TANJUNG JABUNG TIMUR;150706;DENDANG;DATA SEKOLAH;2022/2023 GANJIL;NEGERI;SD;18
15;JAMBI;1507;TANJUNG JABUNG TIMUR;150706;DENDANG;DATA SEKOLAH;2022/2023 GANJIL;NEGERI;SMP;4
15;JAMBI;1507;TANJUNG JABUNG TIMUR;150706;DENDANG;DATA SEKOLAH;2022/2023 GANJIL;NEGERI;SMA;1
15;JAMBI;1507;TANJUNG JABUNG TIMUR;150706;DENDANG;DATA SEKOLAH;2022/2023 GANJIL;NEGERI;SMK;1
15;JAMBI;1507;TANJUNG JABUNG TIMUR;150706;DENDANG;DATA SEKOLAH;2022/2023 GANJIL;NEGERI;SLB;0
15;JAMBI;1501;KERINCI;150117;DEPATI TUJUH;DATA SEKOLAH;2022/2023 GANJIL;NEGERI;TK;1
15;JAMBI;1501;KERINCI;150117;DEPATI TUJUH;DATA SEKOLAH;2022/2023 GANJIL;NEGERI;KB;0
15;JAMBI;1501;KERINCI;150117;DEPATI TUJUH;DATA SEKOLAH;2022/2023 GANJIL;NEGERI;TPA;0
15;JAMBI;1501;KERINCI;150117;DEPATI TUJUH;DATA SEKOLAH;2022/2023 GANJIL;NEGERI;SPS;0
15;JAMBI;1501;KERINCI;150117;DEPATI TUJUH;DATA SEKOLAH;2022/2023 GANJIL;NEGERI;PKBM;0
15;JAMBI;1501;KERINCI;150117;DEPATI TUJUH;DATA SEKOLAH;2022/2023 GANJIL;NEGERI;SKB;0
15;JAMBI;1501;KERINCI;150117;DEPATI TUJUH;DATA SEKOLAH;2022/2023 GANJIL;NEGERI;SD;15
15;JAMBI;1501;KERINCI;150117;DEPATI TUJUH;DATA SEKOLAH;2022/2023 GANJIL;NEGERI;SMP;3
15;JAMBI;1501;KERINCI;150117;DEPATI TUJUH;DATA SEKOLAH;2022/2023 GANJIL;NEGERI;SMA;0
15;JAMBI;1501;KERINCI;150117;DEPATI TUJUH;DATA SEKOLAH;2022/2023 GANJIL;NEGERI;SMK;1
15;JAMBI;1501;KERINCI;150117;DEPATI TUJUH;DATA SEKOLAH;2022/2023 GANJIL;NEGERI;SLB;0
15;JAMBI;1507;TANJUNG JABUNG TIMUR;150710;GERAGAI;DATA SEKOLAH;2022/2023 GANJIL;NEGERI;TK;3
15;JAMBI;1507;TANJUNG JABUNG TIMUR;150710;GERAGAI;DATA SEKOLAH;2022/2023 GANJIL;NEGERI;KB;0
15;JAMBI;1507;TANJUNG JABUNG TIMUR;150710;GERAGAI;DATA SEKOLAH;2022/2023 GANJIL;NEGERI;TPA;0
15;JAMBI;1507;TANJUNG JABUNG TIMUR;150710;GERAGAI;DATA SEKOLAH;2022/2023 GANJIL;NEGERI;SPS;0
15;JAMBI;1507;TANJUNG JABUNG TIMUR;150710;GERAGAI;DATA SEKOLAH;2022/2023 GANJIL;NEGERI;PKBM;0
15;JAMBI;1507;TANJUNG JABUNG TIMUR;150710;GERAGAI;DATA SEKOLAH;2022/2023 GANJIL;NEGERI;SKB;0
15;JAMBI;1507;TANJUNG JABUNG TIMUR;150710;GERAGAI;DATA SEKOLAH;2022/2023 GANJIL;NEGERI;SD;21
15;JAMBI;1507;TANJUNG JABUNG TIMUR;150710;GERAGAI;DATA SEKOLAH;2022/2023 GANJIL;NEGERI;SMP;4
15;JAMBI;1507;TANJUNG JABUNG TIMUR;150710;GERAGAI;DATA SEKOLAH;2022/2023 GANJIL;NEGERI;SMA;2
15;JAMBI;1507;TANJUNG JABUNG TIMUR;150710;GERAGAI;DATA SEKOLAH;2022/2023 GANJIL;NEGERI;SMK;0
15;JAMBI;1507;TANJUNG JABUNG TIMUR;150710;GERAGAI;DATA SEKOLAH;2022/2023 GANJIL;NEGERI;SLB;0
15;JAMBI;1501;KERINCI;150106;GUNUNG KERINCI;DATA SEKOLAH;2022/2023 GANJIL;NEGERI;TK;1
15;JAMBI;1501;KERINCI;150106;GUNUNG KERINCI;DATA SEKOLAH;2022/2023 GANJIL;NEGERI;KB;0
15;JAMBI;1501;KERINCI;150106;GUNUNG KERINCI;DATA SEKOLAH;2022/2023 GANJIL;NEGERI;TPA;0
15;JAMBI;1501;KERINCI;150106;GUNUNG KERINCI;DATA SEKOLAH;2022/2023 GANJIL;NEGERI;SPS;0
15;JAMBI;1501;KERINCI;150106;GUNUNG KERINCI;DATA SEKOLAH;2022/2023 GANJIL;NEGERI;PKBM;0
15;JAMBI;1501;KERINCI;150106;GUNUNG KERINCI;DATA SEKOLAH;2022/2023 GANJIL;NEGERI;SKB;0
15;JAMBI;1501;KERINCI;150106;GUNUNG KERINCI;DATA SEKOLAH;2022/2023 GANJIL;NEGERI;SD;12
15;JAMBI;1501;KERINCI;150106;GUNUNG KERINCI;DATA SEKOLAH;2022/2023 GANJIL;NEGERI;SMP;3
15;JAMBI;1501;KERINCI;150106;GUNUNG KERINCI;DATA SEKOLAH;2022/2023 GANJIL;NEGERI;SMA;1
15;JAMBI;1501;KERINCI;150106;GUNUNG KERINCI;DATA SEKOLAH;2022/2023 GANJIL;NEGERI;SMK;0
15;JAMBI;1501;KERINCI;150106;GUNUNG KERINCI;DATA SEKOLAH;2022/2023 GANJIL;NEGERI;SLB;0
15;JAMBI;1501;KERINCI;150101;GUNUNG RAYA;DATA SEKOLAH;2022/2023 GANJIL;NEGERI;TK;1
15;JAMBI;1501;KERINCI;150101;GUNUNG RAYA;DATA SEKOLAH;2022/2023 GANJIL;NEGERI;KB;0
15;JAMBI;1501;KERINCI;150101;GUNUNG RAYA;DATA SEKOLAH;2022/2023 GANJIL;NEGERI;TPA;0
15;JAMBI;1501;KERINCI;150101;GUNUNG RAYA;DATA SEKOLAH;2022/2023 GANJIL;NEGERI;SPS;0
15;JAMBI;1501;KERINCI;150101;GUNUNG RAYA;DATA SEKOLAH;2022/2023 GANJIL;NEGERI;PKBM;0
15;JAMBI;1501;KERINCI;150101;GUNUNG RAYA;DATA SEKOLAH;2022/2023 GANJIL;NEGERI;SKB;0
15;JAMBI;1501;KERINCI;150101;GUNUNG RAYA;DATA SEKOLAH;2022/2023 GANJIL;NEGERI;SD;12
15;JAMBI;1501;KERINCI;150101;GUNUNG RAYA;DATA SEKOLAH;2022/2023 GANJIL;NEGERI;SMP;3
15;JAMBI;1501;KERINCI;150101;GUNUNG RAYA;DATA SEKOLAH;2022/2023 GANJIL;NEGERI;SMA;1
15;JAMBI;1501;KERINCI;150101;GUNUNG RAYA;DATA SEKOLAH;2022/2023 GANJIL;NEGERI;SMK;0
15;JAMBI;1501;KERINCI;150101;GUNUNG RAYA;DATA SEKOLAH;2022/2023 GANJIL;NEGERI;SLB;0
15;JAMBI;1501;KERINCI;150115;GUNUNG TUJUH;DATA SEKOLAH;2022/2023 GANJIL;NEGERI;TK;1
15;JAMBI;1501;KERINCI;150115;GUNUNG TUJUH;DATA SEKOLAH;2022/2023 GANJIL;NEGERI;KB;1
15;JAMBI;1501;KERINCI;150115;GUNUNG TUJUH;DATA SEKOLAH;2022/2023 GANJIL;NEGERI;TPA;0
15;JAMBI;1501;KERINCI;150115;GUNUNG TUJUH;DATA SEKOLAH;2022/2023 GANJIL;NEGERI;SPS;0
15;JAMBI;1501;KERINCI;150115;GUNUNG TUJUH;DATA SEKOLAH;2022/2023 GANJIL;NEGERI;PKBM;0
15;JAMBI;1501;KERINCI;150115;GUNUNG TUJUH;DATA SEKOLAH;2022/2023 GANJIL;NEGERI;SKB;0
15;JAMBI;1501;KERINCI;150115;GUNUNG TUJUH;DATA SEKOLAH;2022/2023 GANJIL;NEGERI;SD;11
15;JAMBI;1501;KERINCI;150115;GUNUNG TUJUH;DATA SEKOLAH;2022/2023 GANJIL;NEGERI;SMP;3
15;JAMBI;1501;KERINCI;150115;GUNUNG TUJUH;DATA SEKOLAH;2022/2023 GANJIL;NEGERI;SMA;0
15;JAMBI;1501;KERINCI;150115;GUNUNG TUJUH;DATA SEKOLAH;2022/2023 GANJIL;NEGERI;SMK;1
15;JAMBI;1501;KERINCI;150115;GUNUNG TUJUH;DATA SEKOLAH;2022/2023 GANJIL;NEGERI;SLB;0
15;JAMBI;1572;KOTA SUNGAI PENUH;157203;HAMPARAN RAWANG;DATA SEKOLAH;2022/2023 GANJIL;NEGERI;TK;1
15;JAMBI;1572;KOTA SUNGAI PENUH;157203;HAMPARAN RAWANG;DATA SEKOLAH;2022/2023 GANJIL;NEGERI;KB;0
15;JAMBI;1572;KOTA SUNGAI PENUH;157203;HAMPARAN RAWANG;DATA SEKOLAH;2022/2023 GANJIL;NEGERI;TPA;0
15;JAMBI;1572;KOTA SUNGAI PENUH;157203;HAMPARAN RAWANG;DATA SEKOLAH;2022/2023 GANJIL;NEGERI;SPS;0
15;JAMBI;1572;KOTA SUNGAI PENUH;157203;HAMPARAN RAWANG;DATA SEKOLAH;2022/2023 GANJIL;NEGERI;PKBM;0
15;JAMBI;1572;KOTA SUNGAI PENUH;157203;HAMPARAN RAWANG;DATA SEKOLAH;2022/2023 GANJIL;NEGERI;SKB;0
15;JAMBI;1572;KOTA SUNGAI PENUH;157203;HAMPARAN RAWANG;DATA SEKOLAH;2022/2023 GANJIL;NEGERI;SD;11
15;JAMBI;1572;KOTA SUNGAI PENUH;157203;HAMPARAN RAWANG;DATA SEKOLAH;2022/2023 GANJIL;NEGERI;SMP;1
15;JAMBI;1572;KOTA SUNGAI PENUH;157203;HAMPARAN RAWANG;DATA SEKOLAH;2022/2023 GANJIL;NEGERI;SMA;1
15;JAMBI;1572;KOTA SUNGAI PENUH;157203;HAMPARAN RAWANG;DATA SEKOLAH;2022/2023 GANJIL;NEGERI;SMK;0
15;JAMBI;1572;KOTA SUNGAI PENUH;157203;HAMPARAN RAWANG;DATA SEKOLAH;2022/2023 GANJIL;NEGERI;SLB;0
15;JAMBI;1505;MUARO JAMBI;150501;JAMBI LUAR KOTA;DATA SEKOLAH;2022/2023 GANJIL;NEGERI;TK;1
15;JAMBI;1505;MUARO JAMBI;150501;JAMBI LUAR KOTA;DATA SEKOLAH;2022/2023 GANJIL;NEGERI;KB;0
15;JAMBI;1505;MUARO JAMBI;150501;JAMBI LUAR KOTA;DATA SEKOLAH;2022/2023 GANJIL;NEGERI;TPA;0
15;JAMBI;1505;MUARO JAMBI;150501;JAMBI LUAR KOTA;DATA SEKOLAH;2022/2023 GANJIL;NEGERI;SPS;0
15;JAMBI;1505;MUARO JAMBI;150501;JAMBI LUAR KOTA;DATA SEKOLAH;2022/2023 GANJIL;NEGERI;PKBM;0
15;JAMBI;1505;MUARO JAMBI;150501;JAMBI LUAR KOTA;DATA SEKOLAH;2022/2023 GANJIL;NEGERI;SKB;0
15;JAMBI;1505;MUARO JAMBI;150501;JAMBI LUAR KOTA;DATA SEKOLAH;2022/2023 GANJIL;NEGERI;SD;34
15;JAMBI;1505;MUARO JAMBI;150501;JAMBI LUAR KOTA;DATA SEKOLAH;2022/2023 GANJIL;NEGERI;SMP;8
15;JAMBI;1505;MUARO JAMBI;150501;JAMBI LUAR KOTA;DATA SEKOLAH;2022/2023 GANJIL;NEGERI;SMA;4
15;JAMBI;1505;MUARO JAMBI;150501;JAMBI LUAR KOTA;DATA SEKOLAH;2022/2023 GANJIL;NEGERI;SMK;2
15;JAMBI;1505;MUARO JAMBI;150501;JAMBI LUAR KOTA;DATA SEKOLAH;2022/2023 GANJIL;NEGERI;SLB;0
15;JAMBI;1571;KOTA JAMBI;157102;JAMBI SELATAN;DATA SEKOLAH;2022/2023 GANJIL;NEGERI;TK;0
15;JAMBI;1571;KOTA JAMBI;157102;JAMBI SELATAN;DATA SEKOLAH;2022/2023 GANJIL;NEGERI;KB;0
15;JAMBI;1571;KOTA JAMBI;157102;JAMBI SELATAN;DATA SEKOLAH;2022/2023 GANJIL;NEGERI;TPA;0
15;JAMBI;1571;KOTA JAMBI;157102;JAMBI SELATAN;DATA SEKOLAH;2022/2023 GANJIL;NEGERI;SPS;0
15;JAMBI;1571;KOTA JAMBI;157102;JAMBI SELATAN;DATA SEKOLAH;2022/2023 GANJIL;NEGERI;PKBM;0
15;JAMBI;1571;KOTA JAMBI;157102;JAMBI SELATAN;DATA SEKOLAH;2022/2023 GANJIL;NEGERI;SKB;1
15;JAMBI;1571;KOTA JAMBI;157102;JAMBI SELATAN;DATA SEKOLAH;2022/2023 GANJIL;NEGERI;SD;24
15;JAMBI;1571;KOTA JAMBI;157102;JAMBI SELATAN;DATA SEKOLAH;2022/2023 GANJIL;NEGERI;SMP;1
15;JAMBI;1571;KOTA JAMBI;157102;JAMBI SELATAN;DATA SEKOLAH;2022/2023 GANJIL;NEGERI;SMA;0
15;JAMBI;1571;KOTA JAMBI;157102;JAMBI SELATAN;DATA SEKOLAH;2022/2023 GANJIL;NEGERI;SMK;1
15;JAMBI;1571;KOTA JAMBI;157102;JAMBI SELATAN;DATA SEKOLAH;2022/2023 GANJIL;NEGERI;SLB;1
15;JAMBI;1571;KOTA JAMBI;157103;JAMBI TIMUR;DATA SEKOLAH;2022/2023 GANJIL;NEGERI;TK;0
15;JAMBI;1571;KOTA JAMBI;157103;JAMBI TIMUR;DATA SEKOLAH;2022/2023 GANJIL;NEGERI;KB;0
15;JAMBI;1571;KOTA JAMBI;157103;JAMBI TIMUR;DATA SEKOLAH;2022/2023 GANJIL;NEGERI;TPA;0
15;JAMBI;1571;KOTA JAMBI;157103;JAMBI TIMUR;DATA SEKOLAH;2022/2023 GANJIL;NEGERI;SPS;0
15;JAMBI;1571;KOTA JAMBI;157103;JAMBI TIMUR;DATA SEKOLAH;2022/2023 GANJIL;NEGERI;PKBM;0
15;JAMBI;1571;KOTA JAMBI;157103;JAMBI TIMUR;DATA SEKOLAH;2022/2023 GANJIL;NEGERI;SKB;0
15;JAMBI;1571;KOTA JAMBI;157103;JAMBI TIMUR;DATA SEKOLAH;2022/2023 GANJIL;NEGERI;SD;25
15;JAMBI;1571;KOTA JAMBI;157103;JAMBI TIMUR;DATA SEKOLAH;2022/2023 GANJIL;NEGERI;SMP;5
15;JAMBI;1571;KOTA JAMBI;157103;JAMBI TIMUR;DATA SEKOLAH;2022/2023 GANJIL;NEGERI;SMA;1
15;JAMBI;1571;KOTA JAMBI;157103;JAMBI TIMUR;DATA SEKOLAH;2022/2023 GANJIL;NEGERI;SMK;0
15;JAMBI;1571;KOTA JAMBI;157103;JAMBI TIMUR;DATA SEKOLAH;2022/2023 GANJIL;NEGERI;SLB;0
15;JAMBI;1502;MERANGIN;150201;JANGKAT;DATA SEKOLAH;2022/2023 GANJIL;NEGERI;TK;0
15;JAMBI;1502;MERANGIN;150201;JANGKAT;DATA SEKOLAH;2022/2023 GANJIL;NEGERI;KB;0
15;JAMBI;1502;MERANGIN;150201;JANGKAT;DATA SEKOLAH;2022/2023 GANJIL;NEGERI;TPA;0
15;JAMBI;1502;MERANGIN;150201;JANGKAT;DATA SEKOLAH;2022/2023 GANJIL;NEGERI;SPS;0
15;JAMBI;1502;MERANGIN;150201;JANGKAT;DATA SEKOLAH;2022/2023 GANJIL;NEGERI;PKBM;0
15;JAMBI;1502;MERANGIN;150201;JANGKAT;DATA SEKOLAH;2022/2023 GANJIL;NEGERI;SKB;0
15;JAMBI;1502;MERANGIN;150201;JANGKAT;DATA SEKOLAH;2022/2023 GANJIL;NEGERI;SD;15
15;JAMBI;1502;MERANGIN;150201;JANGKAT;DATA SEKOLAH;2022/2023 GANJIL;NEGERI;SMP;6
15;JAMBI;1502;MERANGIN;150201;JANGKAT;DATA SEKOLAH;2022/2023 GANJIL;NEGERI;SMA;1
15;JAMBI;1502;MERANGIN;150201;JANGKAT;DATA SEKOLAH;2022/2023 GANJIL;NEGERI;SMK;1
15;JAMBI;1502;MERANGIN;150201;JANGKAT;DATA SEKOLAH;2022/2023 GANJIL;NEGERI;SLB;0
15;JAMBI;1502;MERANGIN;150218;JANGKAT TIMUR;DATA SEKOLAH;2022/2023 GANJIL;NEGERI;TK;0
15;JAMBI;1502;MERANGIN;150218;JANGKAT TIMUR;DATA SEKOLAH;2022/2023 GANJIL;NEGERI;KB;0
15;JAMBI;1502;MERANGIN;150218;JANGKAT TIMUR;DATA SEKOLAH;2022/2023 GANJIL;NEGERI;TPA;0
15;JAMBI;1502;MERANGIN;150218;JANGKAT TIMUR;DATA SEKOLAH;2022/2023 GANJIL;NEGERI;SPS;0
15;JAMBI;1502;MERANGIN;150218;JANGKAT TIMUR;DATA SEKOLAH;2022/2023 GANJIL;NEGERI;PKBM;0
15;JAMBI;1502;MERANGIN;150218;JANGKAT TIMUR;DATA SEKOLAH;2022/2023 GANJIL;NEGERI;SKB;0
15;JAMBI;1502;MERANGIN;150218;JANGKAT TIMUR;DATA SEKOLAH;2022/2023 GANJIL;NEGERI;SD;16
15;JAMBI;1502;MERANGIN;150218;JANGKAT TIMUR;DATA SEKOLAH;2022/2023 GANJIL;NEGERI;SMP;7
15;JAMBI;1502;MERANGIN;150218;JANGKAT TIMUR;DATA SEKOLAH;2022/2023 GANJIL;NEGERI;SMA;1
15;JAMBI;1502;MERANGIN;150218;JANGKAT TIMUR;DATA SEKOLAH;2022/2023 GANJIL;NEGERI;SMK;0
15;JAMBI;1502;MERANGIN;150218;JANGKAT TIMUR;DATA SEKOLAH;2022/2023 GANJIL;NEGERI;SLB;0
15;JAMBI;1571;KOTA JAMBI;157108;JELUTUNG;DATA SEKOLAH;2022/2023 GANJIL;NEGERI;TK;0
15;JAMBI;1571;KOTA JAMBI;157108;JELUTUNG;DATA SEKOLAH;2022/2023 GANJIL;NEGERI;KB;0
15;JAMBI;1571;KOTA JAMBI;157108;JELUTUNG;DATA SEKOLAH;2022/2023 GANJIL;NEGERI;TPA;0
15;JAMBI;1571;KOTA JAMBI;157108;JELUTUNG;DATA SEKOLAH;2022/2023 GANJIL;NEGERI;SPS;0
15;JAMBI;1571;KOTA JAMBI;157108;JELUTUNG;DATA SEKOLAH;2022/2023 GANJIL;NEGERI;PKBM;0
15;JAMBI;1571;KOTA JAMBI;157108;JELUTUNG;DATA SEKOLAH;2022/2023 GANJIL;NEGERI;SKB;0
15;JAMBI;1571;KOTA JAMBI;157108;JELUTUNG;DATA SEKOLAH;2022/2023 GANJIL;NEGERI;SD;18
15;JAMBI;1571;KOTA JAMBI;157108;JELUTUNG;DATA SEKOLAH;2022/2023 GANJIL;NEGERI;SMP;1
15;JAMBI;1571;KOTA JAMBI;157108;JELUTUNG;DATA SEKOLAH;2022/2023 GANJIL;NEGERI;SMA;1
15;JAMBI;1571;KOTA JAMBI;157108;JELUTUNG;DATA SEKOLAH;2022/2023 GANJIL;NEGERI;SMK;0
15;JAMBI;1571;KOTA JAMBI;157108;JELUTUNG;DATA SEKOLAH;2022/2023 GANJIL;NEGERI;SLB;0
15;JAMBI;1508;BUNGO;150804;JUJUHAN;DATA SEKOLAH;2022/2023 GANJIL;NEGERI;TK;0
15;JAMBI;1508;BUNGO;150804;JUJUHAN;DATA SEKOLAH;2022/2023 GANJIL;NEGERI;KB;0
15;JAMBI;1508;BUNGO;150804;JUJUHAN;DATA SEKOLAH;2022/2023 GANJIL;NEGERI;TPA;0
15;JAMBI;1508;BUNGO;150804;JUJUHAN;DATA SEKOLAH;2022/2023 GANJIL;NEGERI;SPS;0
15;JAMBI;1508;BUNGO;150804;JUJUHAN;DATA SEKOLAH;2022/2023 GANJIL;NEGERI;PKBM;0
15;JAMBI;1508;BUNGO;150804;JUJUHAN;DATA SEKOLAH;2022/2023 GANJIL;NEGERI;SKB;0
15;JAMBI;1508;BUNGO;150804;JUJUHAN;DATA SEKOLAH;2022/2023 GANJIL;NEGERI;SD;15
15;JAMBI;1508;BUNGO;150804;JUJUHAN;DATA SEKOLAH;2022/2023 GANJIL;NEGERI;SMP;3
15;JAMBI;1508;BUNGO;150804;JUJUHAN;DATA SEKOLAH;2022/2023 GANJIL;NEGERI;SMA;1
15;JAMBI;1508;BUNGO;150804;JUJUHAN;DATA SEKOLAH;2022/2023 GANJIL;NEGERI;SMK;1
15;JAMBI;1508;BUNGO;150804;JUJUHAN;DATA SEKOLAH;2022/2023 GANJIL;NEGERI;SLB;0
15;JAMBI;1508;BUNGO;150816;JUJUHAN ILIR;DATA SEKOLAH;2022/2023 GANJIL;NEGERI;TK;0
15;JAMBI;1508;BUNGO;150816;JUJUHAN ILIR;DATA SEKOLAH;2022/2023 GANJIL;NEGERI;KB;0
15;JAMBI;1508;BUNGO;150816;JUJUHAN ILIR;DATA SEKOLAH;2022/2023 GANJIL;NEGERI;TPA;0
15;JAMBI;1508;BUNGO;150816;JUJUHAN ILIR;DATA SEKOLAH;2022/2023 GANJIL;NEGERI;SPS;0
15;JAMBI;1508;BUNGO;150816;JUJUHAN ILIR;DATA SEKOLAH;2022/2023 GANJIL;NEGERI;PKBM;0
15;JAMBI;1508;BUNGO;150816;JUJUHAN ILIR;DATA SEKOLAH;2022/2023 GANJIL;NEGERI;SKB;0
15;JAMBI;1508;BUNGO;150816;JUJUHAN ILIR;DATA SEKOLAH;2022/2023 GANJIL;NEGERI;SD;9
15;JAMBI;1508;BUNGO;150816;JUJUHAN ILIR;DATA SEKOLAH;2022/2023 GANJIL;NEGERI;SMP;2
15;JAMBI;1508;BUNGO;150816;JUJUHAN ILIR;DATA SEKOLAH;2022/2023 GANJIL;NEGERI;SMA;1
15;JAMBI;1508;BUNGO;150816;JUJUHAN ILIR;DATA SEKOLAH;2022/2023 GANJIL;NEGERI;SMK;0
15;JAMBI;1508;BUNGO;150816;JUJUHAN ILIR;DATA SEKOLAH;2022/2023 GANJIL;NEGERI;SLB;0
15;JAMBI;1501;KERINCI;150109;KAYU ARO;DATA SEKOLAH;2022/2023 GANJIL;NEGERI;TK;0
15;JAMBI;1501;KERINCI;150109;KAYU ARO;DATA SEKOLAH;2022/2023 GANJIL;NEGERI;KB;0
15;JAMBI;1501;KERINCI;150109;KAYU ARO;DATA SEKOLAH;2022/2023 GANJIL;NEGERI;TPA;0
15;JAMBI;1501;KERINCI;150109;KAYU ARO;DATA SEKOLAH;2022/2023 GANJIL;NEGERI;SPS;0
15;JAMBI;1501;KERINCI;150109;KAYU ARO;DATA SEKOLAH;2022/2023 GANJIL;NEGERI;PKBM;0
15;JAMBI;1501;KERINCI;150109;KAYU ARO;DATA SEKOLAH;2022/2023 GANJIL;NEGERI;SKB;0
15;JAMBI;1501;KERINCI;150109;KAYU ARO;DATA SEKOLAH;2022/2023 GANJIL;NEGERI;SD;15
15;JAMBI;1501;KERINCI;150109;KAYU ARO;DATA SEKOLAH;2022/2023 GANJIL;NEGERI;SMP;4
15;JAMBI;1501;KERINCI;150109;KAYU ARO;DATA SEKOLAH;2022/2023 GANJIL;NEGERI;SMA;1
15;JAMBI;1501;KERINCI;150109;KAYU ARO;DATA SEKOLAH;2022/2023 GANJIL;NEGERI;SMK;1
15;JAMBI;1501;KERINCI;150109;KAYU ARO;DATA SEKOLAH;2022/2023 GANJIL;NEGERI;SLB;0
15;JAMBI;1501;KERINCI;150119;KAYU ARO BARAT;DATA SEKOLAH;2022/2023 GANJIL;NEGERI;TK;1
15;JAMBI;1501;KERINCI;150119;KAYU ARO BARAT;DATA SEKOLAH;2022/2023 GANJIL;NEGERI;KB;0
15;JAMBI;1501;KERINCI;150119;KAYU ARO BARAT;DATA SEKOLAH;2022/2023 GANJIL;NEGERI;TPA;0
15;JAMBI;1501;KERINCI;150119;KAYU ARO BARAT;DATA SEKOLAH;2022/2023 GANJIL;NEGERI;SPS;0
15;JAMBI;1501;KERINCI;150119;KAYU ARO BARAT;DATA SEKOLAH;2022/2023 GANJIL;NEGERI;PKBM;0
15;JAMBI;1501;KERINCI;150119;KAYU ARO BARAT;DATA SEKOLAH;2022/2023 GANJIL;NEGERI;SKB;0
15;JAMBI;1501;KERINCI;150119;KAYU ARO BARAT;DATA SEKOLAH;2022/2023 GANJIL;NEGERI;SD;17
15;JAMBI;1501;KERINCI;150119;KAYU ARO BARAT;DATA SEKOLAH;2022/2023 GANJIL;NEGERI;SMP;5
15;JAMBI;1501;KERINCI;150119;KAYU ARO BARAT;DATA SEKOLAH;2022/2023 GANJIL;NEGERI;SMA;0
15;JAMBI;1501;KERINCI;150119;KAYU ARO BARAT;DATA SEKOLAH;2022/2023 GANJIL;NEGERI;SMK;1
15;JAMBI;1501;KERINCI;150119;KAYU ARO BARAT;DATA SEKOLAH;2022/2023 GANJIL;NEGERI;SLB;0
15;JAMBI;1501;KERINCI;150108;KELILING DANAU;DATA SEKOLAH;2022/2023 GANJIL;NEGERI;TK;1
15;JAMBI;1501;KERINCI;150108;KELILING DANAU;DATA SEKOLAH;2022/2023 GANJIL;NEGERI;KB;0
15;JAMBI;1501;KERINCI;150108;KELILING DANAU;DATA SEKOLAH;2022/2023 GANJIL;NEGERI;TPA;0
15;JAMBI;1501;KERINCI;150108;KELILING DANAU;DATA SEKOLAH;2022/2023 GANJIL;NEGERI;SPS;0
15;JAMBI;1501;KERINCI;150108;KELILING DANAU;DATA SEKOLAH;2022/2023 GANJIL;NEGERI;PKBM;0
15;JAMBI;1501;KERINCI;150108;KELILING DANAU;DATA SEKOLAH;2022/2023 GANJIL;NEGERI;SKB;0
15;JAMBI;1501;KERINCI;150108;KELILING DANAU;DATA SEKOLAH;2022/2023 GANJIL;NEGERI;SD;26
15;JAMBI;1501;KERINCI;150108;KELILING DANAU;DATA SEKOLAH;2022/2023 GANJIL;NEGERI;SMP;5
15;JAMBI;1501;KERINCI;150108;KELILING DANAU;DATA SEKOLAH;2022/2023 GANJIL;NEGERI;SMA;1
15;JAMBI;1501;KERINCI;150108;KELILING DANAU;DATA SEKOLAH;2022/2023 GANJIL;NEGERI;SMK;1
15;JAMBI;1501;KERINCI;150108;KELILING DANAU;DATA SEKOLAH;2022/2023 GANJIL;NEGERI;SLB;0
15;JAMBI;1571;KOTA JAMBI;157107;KOTA BARU;DATA SEKOLAH;2022/2023 GANJIL;NEGERI;TK;1
15;JAMBI;1571;KOTA JAMBI;157107;KOTA BARU;DATA SEKOLAH;2022/2023 GANJIL;NEGERI;KB;0
15;JAMBI;1571;KOTA JAMBI;157107;KOTA BARU;DATA SEKOLAH;2022/2023 GANJIL;NEGERI;TPA;0
15;JAMBI;1571;KOTA JAMBI;157107;KOTA BARU;DATA SEKOLAH;2022/2023 GANJIL;NEGERI;SPS;0
15;JAMBI;1571;KOTA JAMBI;157107;KOTA BARU;DATA SEKOLAH;2022/2023 GANJIL;NEGERI;PKBM;0
15;JAMBI;1571;KOTA JAMBI;157107;KOTA BARU;DATA SEKOLAH;2022/2023 GANJIL;NEGERI;SKB;0
15;JAMBI;1571;KOTA JAMBI;157107;KOTA BARU;DATA SEKOLAH;2022/2023 GANJIL;NEGERI;SD;25
15;JAMBI;1571;KOTA JAMBI;157107;KOTA BARU;DATA SEKOLAH;2022/2023 GANJIL;NEGERI;SMP;6
15;JAMBI;1571;KOTA JAMBI;157107;KOTA BARU;DATA SEKOLAH;2022/2023 GANJIL;NEGERI;SMA;3
15;JAMBI;1571;KOTA JAMBI;157107;KOTA BARU;DATA SEKOLAH;2022/2023 GANJIL;NEGERI;SMK;0
15;JAMBI;1571;KOTA JAMBI;157107;KOTA BARU;DATA SEKOLAH;2022/2023 GANJIL;NEGERI;SLB;0
15;JAMBI;1572;KOTA SUNGAI PENUH;157207;KOTO BARU;DATA SEKOLAH;2022/2023 GANJIL;NEGERI;TK;1
15;JAMBI;1572;KOTA SUNGAI PENUH;157207;KOTO BARU;DATA SEKOLAH;2022/2023 GANJIL;NEGERI;KB;0
15;JAMBI;1572;KOTA SUNGAI PENUH;157207;KOTO BARU;DATA SEKOLAH;2022/2023 GANJIL;NEGERI;TPA;0
15;JAMBI;1572;KOTA SUNGAI PENUH;157207;KOTO BARU;DATA SEKOLAH;2022/2023 GANJIL;NEGERI;SPS;0
15;JAMBI;1572;KOTA SUNGAI PENUH;157207;KOTO BARU;DATA SEKOLAH;2022/2023 GANJIL;NEGERI;PKBM;0
15;JAMBI;1572;KOTA SUNGAI PENUH;157207;KOTO BARU;DATA SEKOLAH;2022/2023 GANJIL;NEGERI;SKB;0
15;JAMBI;1572;KOTA SUNGAI PENUH;157207;KOTO BARU;DATA SEKOLAH;2022/2023 GANJIL;NEGERI;SD;4
15;JAMBI;1572;KOTA SUNGAI PENUH;157207;KOTO BARU;DATA SEKOLAH;2022/2023 GANJIL;NEGERI;SMP;1
15;JAMBI;1572;KOTA SUNGAI PENUH;157207;KOTO BARU;DATA SEKOLAH;2022/2023 GANJIL;NEGERI;SMA;1
15;JAMBI;1572;KOTA SUNGAI PENUH;157207;KOTO BARU;DATA SEKOLAH;2022/2023 GANJIL;NEGERI;SMK;0
15;JAMBI;1572;KOTA SUNGAI PENUH;157207;KOTO BARU;DATA SEKOLAH;2022/2023 GANJIL;NEGERI;SLB;0
15;JAMBI;1506;TANJUNG JABUNG BARAT;150612;KUALA BETARA;DATA SEKOLAH;2022/2023 GANJIL;NEGERI;TK;0
15;JAMBI;1506;TANJUNG JABUNG BARAT;150612;KUALA BETARA;DATA SEKOLAH;2022/2023 GANJIL;NEGERI;KB;0
15;JAMBI;1506;TANJUNG JABUNG BARAT;150612;KUALA BETARA;DATA SEKOLAH;2022/2023 GANJIL;NEGERI;TPA;0
15;JAMBI;1506;TANJUNG JABUNG BARAT;150612;KUALA BETARA;DATA SEKOLAH;2022/2023 GANJIL;NEGERI;SPS;0
15;JAMBI;1506;TANJUNG JABUNG BARAT;150612;KUALA BETARA;DATA SEKOLAH;2022/2023 GANJIL;NEGERI;PKBM;0
15;JAMBI;1506;TANJUNG JABUNG BARAT;150612;KUALA BETARA;DATA SEKOLAH;2022/2023 GANJIL;NEGERI;SKB;0
15;JAMBI;1506;TANJUNG JABUNG BARAT;150612;KUALA BETARA;DATA SEKOLAH;2022/2023 GANJIL;NEGERI;SD;17
15;JAMBI;1506;TANJUNG JABUNG BARAT;150612;KUALA BETARA;DATA SEKOLAH;2022/2023 GANJIL;NEGERI;SMP;4
15;JAMBI;1506;TANJUNG JABUNG BARAT;150612;KUALA BETARA;DATA SEKOLAH;2022/2023 GANJIL;NEGERI;SMA;1
15;JAMBI;1506;TANJUNG JABUNG BARAT;150612;KUALA BETARA;DATA SEKOLAH;2022/2023 GANJIL;NEGERI;SMK;0
15;JAMBI;1506;TANJUNG JABUNG BARAT;150612;KUALA BETARA;DATA SEKOLAH;2022/2023 GANJIL;NEGERI;SLB;0
15;JAMBI;1507;TANJUNG JABUNG TIMUR;150708;KUALA JAMBI;DATA SEKOLAH;2022/2023 GANJIL;NEGERI;TK;1
15;JAMBI;1507;TANJUNG JABUNG TIMUR;150708;KUALA JAMBI;DATA SEKOLAH;2022/2023 GANJIL;NEGERI;KB;0
15;JAMBI;1507;TANJUNG JABUNG TIMUR;150708;KUALA JAMBI;DATA SEKOLAH;2022/2023 GANJIL;NEGERI;TPA;0
15;JAMBI;1507;TANJUNG JABUNG TIMUR;150708;KUALA JAMBI;DATA SEKOLAH;2022/2023 GANJIL;NEGERI;SPS;0
15;JAMBI;1507;TANJUNG JABUNG TIMUR;150708;KUALA JAMBI;DATA SEKOLAH;2022/2023 GANJIL;NEGERI;PKBM;0
15;JAMBI;1507;TANJUNG JABUNG TIMUR;150708;KUALA JAMBI;DATA SEKOLAH;2022/2023 GANJIL;NEGERI;SKB;0
15;JAMBI;1507;TANJUNG JABUNG TIMUR;150708;KUALA JAMBI;DATA SEKOLAH;2022/2023 GANJIL;NEGERI;SD;11
15;JAMBI;1507;TANJUNG JABUNG TIMUR;150708;KUALA JAMBI;DATA SEKOLAH;2022/2023 GANJIL;NEGERI;SMP;2
15;JAMBI;1507;TANJUNG JABUNG TIMUR;150708;KUALA JAMBI;DATA SEKOLAH;2022/2023 GANJIL;NEGERI;SMA;1
15;JAMBI;1507;TANJUNG JABUNG TIMUR;150708;KUALA JAMBI;DATA SEKOLAH;2022/2023 GANJIL;NEGERI;SMK;0
15;JAMBI;1507;TANJUNG JABUNG TIMUR;150708;KUALA JAMBI;DATA SEKOLAH;2022/2023 GANJIL;NEGERI;SLB;0
15;JAMBI;1505;MUARO JAMBI;150503;KUMPEH;DATA SEKOLAH;2022/2023 GANJIL;NEGERI;TK;1
15;JAMBI;1505;MUARO JAMBI;150503;KUMPEH;DATA SEKOLAH;2022/2023 GANJIL;NEGERI;KB;0
15;JAMBI;1505;MUARO JAMBI;150503;KUMPEH;DATA SEKOLAH;2022/2023 GANJIL;NEGERI;TPA;0
15;JAMBI;1505;MUARO JAMBI;150503;KUMPEH;DATA SEKOLAH;2022/2023 GANJIL;NEGERI;SPS;0
15;JAMBI;1505;MUARO JAMBI;150503;KUMPEH;DATA SEKOLAH;2022/2023 GANJIL;NEGERI;PKBM;0
15;JAMBI;1505;MUARO JAMBI;150503;KUMPEH;DATA SEKOLAH;2022/2023 GANJIL;NEGERI;SKB;0
15;JAMBI;1505;MUARO JAMBI;150503;KUMPEH;DATA SEKOLAH;2022/2023 GANJIL;NEGERI;SD;23
15;JAMBI;1505;MUARO JAMBI;150503;KUMPEH;DATA SEKOLAH;2022/2023 GANJIL;NEGERI;SMP;5
15;JAMBI;1505;MUARO JAMBI;150503;KUMPEH;DATA SEKOLAH;2022/2023 GANJIL;NEGERI;SMA;1
15;JAMBI;1505;MUARO JAMBI;150503;KUMPEH;DATA SEKOLAH;2022/2023 GANJIL;NEGERI;SMK;1
15;JAMBI;1505;MUARO JAMBI;150503;KUMPEH;DATA SEKOLAH;2022/2023 GANJIL;NEGERI;SLB;0
15;JAMBI;1505;MUARO JAMBI;150506;KUMPEH ULU;DATA SEKOLAH;2022/2023 GANJIL;NEGERI;TK;3
15;JAMBI;1505;MUARO JAMBI;150506;KUMPEH ULU;DATA SEKOLAH;2022/2023 GANJIL;NEGERI;KB;0
15;JAMBI;1505;MUARO JAMBI;150506;KUMPEH ULU;DATA SEKOLAH;2022/2023 GANJIL;NEGERI;TPA;0
15;JAMBI;1505;MUARO JAMBI;150506;KUMPEH ULU;DATA SEKOLAH;2022/2023 GANJIL;NEGERI;SPS;0
15;JAMBI;1505;MUARO JAMBI;150506;KUMPEH ULU;DATA SEKOLAH;2022/2023 GANJIL;NEGERI;PKBM;0
15;JAMBI;1505;MUARO JAMBI;150506;KUMPEH ULU;DATA SEKOLAH;2022/2023 GANJIL;NEGERI;SKB;0
15;JAMBI;1505;MUARO JAMBI;150506;KUMPEH ULU;DATA SEKOLAH;2022/2023 GANJIL;NEGERI;SD;22
15;JAMBI;1505;MUARO JAMBI;150506;KUMPEH ULU;DATA SEKOLAH;2022/2023 GANJIL;NEGERI;SMP;5
15;JAMBI;1505;MUARO JAMBI;150506;KUMPEH ULU;DATA SEKOLAH;2022/2023 GANJIL;NEGERI;SMA;1
15;JAMBI;1505;MUARO JAMBI;150506;KUMPEH ULU;DATA SEKOLAH;2022/2023 GANJIL;NEGERI;SMK;0
15;JAMBI;1505;MUARO JAMBI;150506;KUMPEH ULU;DATA SEKOLAH;2022/2023 GANJIL;NEGERI;SLB;0
15;JAMBI;1572;KOTA SUNGAI PENUH;157205;KUMUN DEBAI;DATA SEKOLAH;2022/2023 GANJIL;NEGERI;TK;1
15;JAMBI;1572;KOTA SUNGAI PENUH;157205;KUMUN DEBAI;DATA SEKOLAH;2022/2023 GANJIL;NEGERI;KB;0
15;JAMBI;1572;KOTA SUNGAI PENUH;157205;KUMUN DEBAI;DATA SEKOLAH;2022/2023 GANJIL;NEGERI;TPA;0
15;JAMBI;1572;KOTA SUNGAI PENUH;157205;KUMUN DEBAI;DATA SEKOLAH;2022/2023 GANJIL;NEGERI;SPS;0
15;JAMBI;1572;KOTA SUNGAI PENUH;157205;KUMUN DEBAI;DATA SEKOLAH;2022/2023 GANJIL;NEGERI;PKBM;0
15;JAMBI;1572;KOTA SUNGAI PENUH;157205;KUMUN DEBAI;DATA SEKOLAH;2022/2023 GANJIL;NEGERI;SKB;0
15;JAMBI;1572;KOTA SUNGAI PENUH;157205;KUMUN DEBAI;DATA SEKOLAH;2022/2023 GANJIL;NEGERI;SD;10
15;JAMBI;1572;KOTA SUNGAI PENUH;157205;KUMUN DEBAI;DATA SEKOLAH;2022/2023 GANJIL;NEGERI;SMP;1
15;JAMBI;1572;KOTA SUNGAI PENUH;157205;KUMUN DEBAI;DATA SEKOLAH;2022/2023 GANJIL;NEGERI;SMA;0
15;JAMBI;1572;KOTA SUNGAI PENUH;157205;KUMUN DEBAI;DATA SEKOLAH;2022/2023 GANJIL;NEGERI;SMK;2
15;JAMBI;1572;KOTA SUNGAI PENUH;157205;KUMUN DEBAI;DATA SEKOLAH;2022/2023 GANJIL;NEGERI;SLB;1
15;JAMBI;1502;MERANGIN;150209;LEMBAH MASURAI;DATA SEKOLAH;2022/2023 GANJIL;NEGERI;TK;0
15;JAMBI;1502;MERANGIN;150209;LEMBAH MASURAI;DATA SEKOLAH;2022/2023 GANJIL;NEGERI;KB;0
15;JAMBI;1502;MERANGIN;150209;LEMBAH MASURAI;DATA SEKOLAH;2022/2023 GANJIL;NEGERI;TPA;0
15;JAMBI;1502;MERANGIN;150209;LEMBAH MASURAI;DATA SEKOLAH;2022/2023 GANJIL;NEGERI;SPS;0
15;JAMBI;1502;MERANGIN;150209;LEMBAH MASURAI;DATA SEKOLAH;2022/2023 GANJIL;NEGERI;PKBM;0
15;JAMBI;1502;MERANGIN;150209;LEMBAH MASURAI;DATA SEKOLAH;2022/2023 GANJIL;NEGERI;SKB;0
15;JAMBI;1502;MERANGIN;150209;LEMBAH MASURAI;DATA SEKOLAH;2022/2023 GANJIL;NEGERI;SD;18
15;JAMBI;1502;MERANGIN;150209;LEMBAH MASURAI;DATA SEKOLAH;2022/2023 GANJIL;NEGERI;SMP;5
15;JAMBI;1502;MERANGIN;150209;LEMBAH MASURAI;DATA SEKOLAH;2022/2023 GANJIL;NEGERI;SMA;1
15;JAMBI;1502;MERANGIN;150209;LEMBAH MASURAI;DATA SEKOLAH;2022/2023 GANJIL;NEGERI;SMK;1
15;JAMBI;1502;MERANGIN;150209;LEMBAH MASURAI;DATA SEKOLAH;2022/2023 GANJIL;NEGERI;SLB;0
15;JAMBI;1508;BUNGO;150807;LIMBUR LUBUK MENGKUANG;DATA SEKOLAH;2022/2023 GANJIL;NEGERI;TK;0
15;JAMBI;1508;BUNGO;150807;LIMBUR LUBUK MENGKUANG;DATA SEKOLAH;2022/2023 GANJIL;NEGERI;KB;0
15;JAMBI;1508;BUNGO;150807;LIMBUR LUBUK MENGKUANG;DATA SEKOLAH;2022/2023 GANJIL;NEGERI;TPA;0
15;JAMBI;1508;BUNGO;150807;LIMBUR LUBUK MENGKUANG;DATA SEKOLAH;2022/2023 GANJIL;NEGERI;SPS;0
15;JAMBI;1508;BUNGO;150807;LIMBUR LUBUK MENGKUANG;DATA SEKOLAH;2022/2023 GANJIL;NEGERI;PKBM;0
15;JAMBI;1508;BUNGO;150807;LIMBUR LUBUK MENGKUANG;DATA SEKOLAH;2022/2023 GANJIL;NEGERI;SKB;0
15;JAMBI;1508;BUNGO;150807;LIMBUR LUBUK MENGKUANG;DATA SEKOLAH;2022/2023 GANJIL;NEGERI;SD;14
15;JAMBI;1508;BUNGO;150807;LIMBUR LUBUK MENGKUANG;DATA SEKOLAH;2022/2023 GANJIL;NEGERI;SMP;6
15;JAMBI;1508;BUNGO;150807;LIMBUR LUBUK MENGKUANG;DATA SEKOLAH;2022/2023 GANJIL;NEGERI;SMA;2
15;JAMBI;1508;BUNGO;150807;LIMBUR LUBUK MENGKUANG;DATA SEKOLAH;2022/2023 GANJIL;NEGERI;SMK;1
15;JAMBI;1508;BUNGO;150807;LIMBUR LUBUK MENGKUANG;DATA SEKOLAH;2022/2023 GANJIL;NEGERI;SLB;0
15;JAMBI;1503;SAROLANGUN;150302;LIMUN;DATA SEKOLAH;2022/2023 GANJIL;NEGERI;TK;0
15;JAMBI;1503;SAROLANGUN;150302;LIMUN;DATA SEKOLAH;2022/2023 GANJIL;NEGERI;KB;0
15;JAMBI;1503;SAROLANGUN;150302;LIMUN;DATA SEKOLAH;2022/2023 GANJIL;NEGERI;TPA;0
15;JAMBI;1503;SAROLANGUN;150302;LIMUN;DATA SEKOLAH;2022/2023 GANJIL;NEGERI;SPS;0
15;JAMBI;1503;SAROLANGUN;150302;LIMUN;DATA SEKOLAH;2022/2023 GANJIL;NEGERI;PKBM;0
15;JAMBI;1503;SAROLANGUN;150302;LIMUN;DATA SEKOLAH;2022/2023 GANJIL;NEGERI;SKB;0
15;JAMBI;1503;SAROLANGUN;150302;LIMUN;DATA SEKOLAH;2022/2023 GANJIL;NEGERI;SD;27
15;JAMBI;1503;SAROLANGUN;150302;LIMUN;DATA SEKOLAH;2022/2023 GANJIL;NEGERI;SMP;9
15;JAMBI;1503;SAROLANGUN;150302;LIMUN;DATA SEKOLAH;2022/2023 GANJIL;NEGERI;SMA;2
15;JAMBI;1503;SAROLANGUN;150302;LIMUN;DATA SEKOLAH;2022/2023 GANJIL;NEGERI;SMK;1
15;JAMBI;1503;SAROLANGUN;150302;LIMUN;DATA SEKOLAH;2022/2023 GANJIL;NEGERI;SLB;0
15;JAMBI;1503;SAROLANGUN;150306;MANDIANGIN;DATA SEKOLAH;2022/2023 GANJIL;NEGERI;TK;0
15;JAMBI;1503;SAROLANGUN;150306;MANDIANGIN;DATA SEKOLAH;2022/2023 GANJIL;NEGERI;KB;0
15;JAMBI;1503;SAROLANGUN;150306;MANDIANGIN;DATA SEKOLAH;2022/2023 GANJIL;NEGERI;TPA;0
15;JAMBI;1503;SAROLANGUN;150306;MANDIANGIN;DATA SEKOLAH;2022/2023 GANJIL;NEGERI;SPS;0
15;JAMBI;1503;SAROLANGUN;150306;MANDIANGIN;DATA SEKOLAH;2022/2023 GANJIL;NEGERI;PKBM;0
15;JAMBI;1503;SAROLANGUN;150306;MANDIANGIN;DATA SEKOLAH;2022/2023 GANJIL;NEGERI;SKB;0
15;JAMBI;1503;SAROLANGUN;150306;MANDIANGIN;DATA SEKOLAH;2022/2023 GANJIL;NEGERI;SD;23
15;JAMBI;1503;SAROLANGUN;150306;MANDIANGIN;DATA SEKOLAH;2022/2023 GANJIL;NEGERI;SMP;4
15;JAMBI;1503;SAROLANGUN;150306;MANDIANGIN;DATA SEKOLAH;2022/2023 GANJIL;NEGERI;SMA;2
15;JAMBI;1503;SAROLANGUN;150306;MANDIANGIN;DATA SEKOLAH;2022/2023 GANJIL;NEGERI;SMK;2
15;JAMBI;1503;SAROLANGUN;150306;MANDIANGIN;DATA SEKOLAH;2022/2023 GANJIL;NEGERI;SLB;0
15;JAMBI;1503;SAROLANGUN;150311;MANDIANGIN TIMUR;DATA SEKOLAH;2022/2023 GANJIL;NEGERI;TK;0
15;JAMBI;1503;SAROLANGUN;150311;MANDIANGIN TIMUR;DATA SEKOLAH;2022/2023 GANJIL;NEGERI;KB;0
15;JAMBI;1503;SAROLANGUN;150311;MANDIANGIN TIMUR;DATA SEKOLAH;2022/2023 GANJIL;NEGERI;TPA;0
15;JAMBI;1503;SAROLANGUN;150311;MANDIANGIN TIMUR;DATA SEKOLAH;2022/2023 GANJIL;NEGERI;SPS;0
15;JAMBI;1503;SAROLANGUN;150311;MANDIANGIN TIMUR;DATA SEKOLAH;2022/2023 GANJIL;NEGERI;PKBM;0
15;JAMBI;1503;SAROLANGUN;150311;MANDIANGIN TIMUR;DATA SEKOLAH;2022/2023 GANJIL;NEGERI;SKB;0
15;JAMBI;1503;SAROLANGUN;150311;MANDIANGIN TIMUR;DATA SEKOLAH;2022/2023 GANJIL;NEGERI;SD;14
15;JAMBI;1503;SAROLANGUN;150311;MANDIANGIN TIMUR;DATA SEKOLAH;2022/2023 GANJIL;NEGERI;SMP;6
15;JAMBI;1503;SAROLANGUN;150311;MANDIANGIN TIMUR;DATA SEKOLAH;2022/2023 GANJIL;NEGERI;SMA;0
15;JAMBI;1503;SAROLANGUN;150311;MANDIANGIN TIMUR;DATA SEKOLAH;2022/2023 GANJIL;NEGERI;SMK;0
15;JAMBI;1503;SAROLANGUN;150311;MANDIANGIN TIMUR;DATA SEKOLAH;2022/2023 GANJIL;NEGERI;SLB;0
15;JAMBI;1502;MERANGIN;150221;MARGO TABIR;DATA SEKOLAH;2022/2023 GANJIL;NEGERI;TK;0
15;JAMBI;1502;MERANGIN;150221;MARGO TABIR;DATA SEKOLAH;2022/2023 GANJIL;NEGERI;KB;0
15;JAMBI;1502;MERANGIN;150221;MARGO TABIR;DATA SEKOLAH;2022/2023 GANJIL;NEGERI;TPA;0
15;JAMBI;1502;MERANGIN;150221;MARGO TABIR;DATA SEKOLAH;2022/2023 GANJIL;NEGERI;SPS;0
15;JAMBI;1502;MERANGIN;150221;MARGO TABIR;DATA SEKOLAH;2022/2023 GANJIL;NEGERI;PKBM;0
15;JAMBI;1502;MERANGIN;150221;MARGO TABIR;DATA SEKOLAH;2022/2023 GANJIL;NEGERI;SKB;0
15;JAMBI;1502;MERANGIN;150221;MARGO TABIR;DATA SEKOLAH;2022/2023 GANJIL;NEGERI;SD;7
15;JAMBI;1502;MERANGIN;150221;MARGO TABIR;DATA SEKOLAH;2022/2023 GANJIL;NEGERI;SMP;1
15;JAMBI;1502;MERANGIN;150221;MARGO TABIR;DATA SEKOLAH;2022/2023 GANJIL;NEGERI;SMA;1
15;JAMBI;1502;MERANGIN;150221;MARGO TABIR;DATA SEKOLAH;2022/2023 GANJIL;NEGERI;SMK;0
15;JAMBI;1502;MERANGIN;150221;MARGO TABIR;DATA SEKOLAH;2022/2023 GANJIL;NEGERI;SLB;0
15;JAMBI;1505;MUARO JAMBI;150504;MARO SEBO;DATA SEKOLAH;2022/2023 GANJIL;NEGERI;TK;2
15;JAMBI;1505;MUARO JAMBI;150504;MARO SEBO;DATA SEKOLAH;2022/2023 GANJIL;NEGERI;KB;0
15;JAMBI;1505;MUARO JAMBI;150504;MARO SEBO;DATA SEKOLAH;2022/2023 GANJIL;NEGERI;TPA;0
15;JAMBI;1505;MUARO JAMBI;150504;MARO SEBO;DATA SEKOLAH;2022/2023 GANJIL;NEGERI;SPS;0
15;JAMBI;1505;MUARO JAMBI;150504;MARO SEBO;DATA SEKOLAH;2022/2023 GANJIL;NEGERI;PKBM;0
15;JAMBI;1505;MUARO JAMBI;150504;MARO SEBO;DATA SEKOLAH;2022/2023 GANJIL;NEGERI;SKB;0
15;JAMBI;1505;MUARO JAMBI;150504;MARO SEBO;DATA SEKOLAH;2022/2023 GANJIL;NEGERI;SD;17
15;JAMBI;1505;MUARO JAMBI;150504;MARO SEBO;DATA SEKOLAH;2022/2023 GANJIL;NEGERI;SMP;5
15;JAMBI;1505;MUARO JAMBI;150504;MARO SEBO;DATA SEKOLAH;2022/2023 GANJIL;NEGERI;SMA;1
15;JAMBI;1505;MUARO JAMBI;150504;MARO SEBO;DATA SEKOLAH;2022/2023 GANJIL;NEGERI;SMK;1
15;JAMBI;1505;MUARO JAMBI;150504;MARO SEBO;DATA SEKOLAH;2022/2023 GANJIL;NEGERI;SLB;0
15;JAMBI;1504;BATANGHARI;150408;MARO SEBO ILIR;DATA SEKOLAH;2022/2023 GANJIL;NEGERI;TK;1
15;JAMBI;1504;BATANGHARI;150408;MARO SEBO ILIR;DATA SEKOLAH;2022/2023 GANJIL;NEGERI;KB;0
15;JAMBI;1504;BATANGHARI;150408;MARO SEBO ILIR;DATA SEKOLAH;2022/2023 GANJIL;NEGERI;TPA;0
15;JAMBI;1504;BATANGHARI;150408;MARO SEBO ILIR;DATA SEKOLAH;2022/2023 GANJIL;NEGERI;SPS;0
15;JAMBI;1504;BATANGHARI;150408;MARO SEBO ILIR;DATA SEKOLAH;2022/2023 GANJIL;NEGERI;PKBM;0
15;JAMBI;1504;BATANGHARI;150408;MARO SEBO ILIR;DATA SEKOLAH;2022/2023 GANJIL;NEGERI;SKB;0
15;JAMBI;1504;BATANGHARI;150408;MARO SEBO ILIR;DATA SEKOLAH;2022/2023 GANJIL;NEGERI;SD;10
15;JAMBI;1504;BATANGHARI;150408;MARO SEBO ILIR;DATA SEKOLAH;2022/2023 GANJIL;NEGERI;SMP;5
15;JAMBI;1504;BATANGHARI;150408;MARO SEBO ILIR;DATA SEKOLAH;2022/2023 GANJIL;NEGERI;SMA;1
15;JAMBI;1504;BATANGHARI;150408;MARO SEBO ILIR;DATA SEKOLAH;2022/2023 GANJIL;NEGERI;SMK;1
15;JAMBI;1504;BATANGHARI;150408;MARO SEBO ILIR;DATA SEKOLAH;2022/2023 GANJIL;NEGERI;SLB;0
15;JAMBI;1504;BATANGHARI;150406;MARO SEBO ULU;DATA SEKOLAH;2022/2023 GANJIL;NEGERI;TK;1
15;JAMBI;1504;BATANGHARI;150406;MARO SEBO ULU;DATA SEKOLAH;2022/2023 GANJIL;NEGERI;KB;0
15;JAMBI;1504;BATANGHARI;150406;MARO SEBO ULU;DATA SEKOLAH;2022/2023 GANJIL;NEGERI;TPA;0
15;JAMBI;1504;BATANGHARI;150406;MARO SEBO ULU;DATA SEKOLAH;2022/2023 GANJIL;NEGERI;SPS;0
15;JAMBI;1504;BATANGHARI;150406;MARO SEBO ULU;DATA SEKOLAH;2022/2023 GANJIL;NEGERI;PKBM;0
15;JAMBI;1504;BATANGHARI;150406;MARO SEBO ULU;DATA SEKOLAH;2022/2023 GANJIL;NEGERI;SKB;0
15;JAMBI;1504;BATANGHARI;150406;MARO SEBO ULU;DATA SEKOLAH;2022/2023 GANJIL;NEGERI;SD;24
15;JAMBI;1504;BATANGHARI;150406;MARO SEBO ULU;DATA SEKOLAH;2022/2023 GANJIL;NEGERI;SMP;6
15;JAMBI;1504;BATANGHARI;150406;MARO SEBO ULU;DATA SEKOLAH;2022/2023 GANJIL;NEGERI;SMA;1
15;JAMBI;1504;BATANGHARI;150406;MARO SEBO ULU;DATA SEKOLAH;2022/2023 GANJIL;NEGERI;SMK;1
15;JAMBI;1504;BATANGHARI;150406;MARO SEBO ULU;DATA SEKOLAH;2022/2023 GANJIL;NEGERI;SLB;0
15;JAMBI;1507;TANJUNG JABUNG TIMUR;150703;MENDAHARA;DATA SEKOLAH;2022/2023 GANJIL;NEGERI;TK;1
15;JAMBI;1507;TANJUNG JABUNG TIMUR;150703;MENDAHARA;DATA SEKOLAH;2022/2023 GANJIL;NEGERI;KB;1
15;JAMBI;1507;TANJUNG JABUNG TIMUR;150703;MENDAHARA;DATA SEKOLAH;2022/2023 GANJIL;NEGERI;TPA;0
15;JAMBI;1507;TANJUNG JABUNG TIMUR;150703;MENDAHARA;DATA SEKOLAH;2022/2023 GANJIL;NEGERI;SPS;0
15;JAMBI;1507;TANJUNG JABUNG TIMUR;150703;MENDAHARA;DATA SEKOLAH;2022/2023 GANJIL;NEGERI;PKBM;0
15;JAMBI;1507;TANJUNG JABUNG TIMUR;150703;MENDAHARA;DATA SEKOLAH;2022/2023 GANJIL;NEGERI;SKB;0
15;JAMBI;1507;TANJUNG JABUNG TIMUR;150703;MENDAHARA;DATA SEKOLAH;2022/2023 GANJIL;NEGERI;SD;16
15;JAMBI;1507;TANJUNG JABUNG TIMUR;150703;MENDAHARA;DATA SEKOLAH;2022/2023 GANJIL;NEGERI;SMP;4
15;JAMBI;1507;TANJUNG JABUNG TIMUR;150703;MENDAHARA;DATA SEKOLAH;2022/2023 GANJIL;NEGERI;SMA;1
15;JAMBI;1507;TANJUNG JABUNG TIMUR;150703;MENDAHARA;DATA SEKOLAH;2022/2023 GANJIL;NEGERI;SMK;0
15;JAMBI;1507;TANJUNG JABUNG TIMUR;150703;MENDAHARA;DATA SEKOLAH;2022/2023 GANJIL;NEGERI;SLB;0
15;JAMBI;1507;TANJUNG JABUNG TIMUR;150709;MENDAHARA ULU;DATA SEKOLAH;2022/2023 GANJIL;NEGERI;TK;1
15;JAMBI;1507;TANJUNG JABUNG TIMUR;150709;MENDAHARA ULU;DATA SEKOLAH;2022/2023 GANJIL;NEGERI;KB;0
15;JAMBI;1507;TANJUNG JABUNG TIMUR;150709;MENDAHARA ULU;DATA SEKOLAH;2022/2023 GANJIL;NEGERI;TPA;0
15;JAMBI;1507;TANJUNG JABUNG TIMUR;150709;MENDAHARA ULU;DATA SEKOLAH;2022/2023 GANJIL;NEGERI;SPS;0
15;JAMBI;1507;TANJUNG JABUNG TIMUR;150709;MENDAHARA ULU;DATA SEKOLAH;2022/2023 GANJIL;NEGERI;PKBM;0
15;JAMBI;1507;TANJUNG JABUNG TIMUR;150709;MENDAHARA ULU;DATA SEKOLAH;2022/2023 GANJIL;NEGERI;SKB;0
15;JAMBI;1507;TANJUNG JABUNG TIMUR;150709;MENDAHARA ULU;DATA SEKOLAH;2022/2023 GANJIL;NEGERI;SD;8
15;JAMBI;1507;TANJUNG JABUNG TIMUR;150709;MENDAHARA ULU;DATA SEKOLAH;2022/2023 GANJIL;NEGERI;SMP;5
15;JAMBI;1507;TANJUNG JABUNG TIMUR;150709;MENDAHARA ULU;DATA SEKOLAH;2022/2023 GANJIL;NEGERI;SMA;0
15;JAMBI;1507;TANJUNG JABUNG TIMUR;150709;MENDAHARA ULU;DATA SEKOLAH;2022/2023 GANJIL;NEGERI;SMK;1
15;JAMBI;1507;TANJUNG JABUNG TIMUR;150709;MENDAHARA ULU;DATA SEKOLAH;2022/2023 GANJIL;NEGERI;SLB;0
15;JAMBI;1506;TANJUNG JABUNG BARAT;150605;MERLUNG;DATA SEKOLAH;2022/2023 GANJIL;NEGERI;TK;1
15;JAMBI;1506;TANJUNG JABUNG BARAT;150605;MERLUNG;DATA SEKOLAH;2022/2023 GANJIL;NEGERI;KB;0
15;JAMBI;1506;TANJUNG JABUNG BARAT;150605;MERLUNG;DATA SEKOLAH;2022/2023 GANJIL;NEGERI;TPA;0
15;JAMBI;1506;TANJUNG JABUNG BARAT;150605;MERLUNG;DATA SEKOLAH;2022/2023 GANJIL;NEGERI;SPS;0
15;JAMBI;1506;TANJUNG JABUNG BARAT;150605;MERLUNG;DATA SEKOLAH;2022/2023 GANJIL;NEGERI;PKBM;0
15;JAMBI;1506;TANJUNG JABUNG BARAT;150605;MERLUNG;DATA SEKOLAH;2022/2023 GANJIL;NEGERI;SKB;0
15;JAMBI;1506;TANJUNG JABUNG BARAT;150605;MERLUNG;DATA SEKOLAH;2022/2023 GANJIL;NEGERI;SD;10
15;JAMBI;1506;TANJUNG JABUNG BARAT;150605;MERLUNG;DATA SEKOLAH;2022/2023 GANJIL;NEGERI;SMP;4
15;JAMBI;1506;TANJUNG JABUNG BARAT;150605;MERLUNG;DATA SEKOLAH;2022/2023 GANJIL;NEGERI;SMA;2
15;JAMBI;1506;TANJUNG JABUNG BARAT;150605;MERLUNG;DATA SEKOLAH;2022/2023 GANJIL;NEGERI;SMK;1
15;JAMBI;1506;TANJUNG JABUNG BARAT;150605;MERLUNG;DATA SEKOLAH;2022/2023 GANJIL;NEGERI;SLB;1
15;JAMBI;1504;BATANGHARI;150401;MERSAM;DATA SEKOLAH;2022/2023 GANJIL;NEGERI;TK;1
15;JAMBI;1504;BATANGHARI;150401;MERSAM;DATA SEKOLAH;2022/2023 GANJIL;NEGERI;KB;0
15;JAMBI;1504;BATANGHARI;150401;MERSAM;DATA SEKOLAH;2022/2023 GANJIL;NEGERI;TPA;0
15;JAMBI;1504;BATANGHARI;150401;MERSAM;DATA SEKOLAH;2022/2023 GANJIL;NEGERI;SPS;0
15;JAMBI;1504;BATANGHARI;150401;MERSAM;DATA SEKOLAH;2022/2023 GANJIL;NEGERI;PKBM;0
15;JAMBI;1504;BATANGHARI;150401;MERSAM;DATA SEKOLAH;2022/2023 GANJIL;NEGERI;SKB;0
15;JAMBI;1504;BATANGHARI;150401;MERSAM;DATA SEKOLAH;2022/2023 GANJIL;NEGERI;SD;23
15;JAMBI;1504;BATANGHARI;150401;MERSAM;DATA SEKOLAH;2022/2023 GANJIL;NEGERI;SMP;3
15;JAMBI;1504;BATANGHARI;150401;MERSAM;DATA SEKOLAH;2022/2023 GANJIL;NEGERI;SMA;1
15;JAMBI;1504;BATANGHARI;150401;MERSAM;DATA SEKOLAH;2022/2023 GANJIL;NEGERI;SMK;1
15;JAMBI;1504;BATANGHARI;150401;MERSAM;DATA SEKOLAH;2022/2023 GANJIL;NEGERI;SLB;0
15;JAMBI;1505;MUARO JAMBI;150505;MESTONG;DATA SEKOLAH;2022/2023 GANJIL;NEGERI;TK;1
15;JAMBI;1505;MUARO JAMBI;150505;MESTONG;DATA SEKOLAH;2022/2023 GANJIL;NEGERI;KB;0
15;JAMBI;1505;MUARO JAMBI;150505;MESTONG;DATA SEKOLAH;2022/2023 GANJIL;NEGERI;TPA;0
15;JAMBI;1505;MUARO JAMBI;150505;MESTONG;DATA SEKOLAH;2022/2023 GANJIL;NEGERI;SPS;0
15;JAMBI;1505;MUARO JAMBI;150505;MESTONG;DATA SEKOLAH;2022/2023 GANJIL;NEGERI;PKBM;0
15;JAMBI;1505;MUARO JAMBI;150505;MESTONG;DATA SEKOLAH;2022/2023 GANJIL;NEGERI;SKB;0
15;JAMBI;1505;MUARO JAMBI;150505;MESTONG;DATA SEKOLAH;2022/2023 GANJIL;NEGERI;SD;32
15;JAMBI;1505;MUARO JAMBI;150505;MESTONG;DATA SEKOLAH;2022/2023 GANJIL;NEGERI;SMP;9
15;JAMBI;1505;MUARO JAMBI;150505;MESTONG;DATA SEKOLAH;2022/2023 GANJIL;NEGERI;SMA;3
15;JAMBI;1505;MUARO JAMBI;150505;MESTONG;DATA SEKOLAH;2022/2023 GANJIL;NEGERI;SMK;1
15;JAMBI;1505;MUARO JAMBI;150505;MESTONG;DATA SEKOLAH;2022/2023 GANJIL;NEGERI;SLB;0
15;JAMBI;1504;BATANGHARI;150403;MUARA BULIAN;DATA SEKOLAH;2022/2023 GANJIL;NEGERI;TK;3
15;JAMBI;1504;BATANGHARI;150403;MUARA BULIAN;DATA SEKOLAH;2022/2023 GANJIL;NEGERI;KB;0
15;JAMBI;1504;BATANGHARI;150403;MUARA BULIAN;DATA SEKOLAH;2022/2023 GANJIL;NEGERI;TPA;0
15;JAMBI;1504;BATANGHARI;150403;MUARA BULIAN;DATA SEKOLAH;2022/2023 GANJIL;NEGERI;SPS;0
15;JAMBI;1504;BATANGHARI;150403;MUARA BULIAN;DATA SEKOLAH;2022/2023 GANJIL;NEGERI;PKBM;0
15;JAMBI;1504;BATANGHARI;150403;MUARA BULIAN;DATA SEKOLAH;2022/2023 GANJIL;NEGERI;SKB;1
15;JAMBI;1504;BATANGHARI;150403;MUARA BULIAN;DATA SEKOLAH;2022/2023 GANJIL;NEGERI;SD;36
15;JAMBI;1504;BATANGHARI;150403;MUARA BULIAN;DATA SEKOLAH;2022/2023 GANJIL;NEGERI;SMP;7
15;JAMBI;1504;BATANGHARI;150403;MUARA BULIAN;DATA SEKOLAH;2022/2023 GANJIL;NEGERI;SMA;3
15;JAMBI;1504;BATANGHARI;150403;MUARA BULIAN;DATA SEKOLAH;2022/2023 GANJIL;NEGERI;SMK;3
15;JAMBI;1504;BATANGHARI;150403;MUARA BULIAN;DATA SEKOLAH;2022/2023 GANJIL;NEGERI;SLB;1
15;JAMBI;1506;TANJUNG JABUNG BARAT;150609;MUARA PAPALIK;DATA SEKOLAH;2022/2023 GANJIL;NEGERI;TK;0
15;JAMBI;1506;TANJUNG JABUNG BARAT;150609;MUARA PAPALIK;DATA SEKOLAH;2022/2023 GANJIL;NEGERI;KB;0
15;JAMBI;1506;TANJUNG JABUNG BARAT;150609;MUARA PAPALIK;DATA SEKOLAH;2022/2023 GANJIL;NEGERI;TPA;0
15;JAMBI;1506;TANJUNG JABUNG BARAT;150609;MUARA PAPALIK;DATA SEKOLAH;2022/2023 GANJIL;NEGERI;SPS;0
15;JAMBI;1506;TANJUNG JABUNG BARAT;150609;MUARA PAPALIK;DATA SEKOLAH;2022/2023 GANJIL;NEGERI;PKBM;0
15;JAMBI;1506;TANJUNG JABUNG BARAT;150609;MUARA PAPALIK;DATA SEKOLAH;2022/2023 GANJIL;NEGERI;SKB;0
15;JAMBI;1506;TANJUNG JABUNG BARAT;150609;MUARA PAPALIK;DATA SEKOLAH;2022/2023 GANJIL;NEGERI;SD;11
15;JAMBI;1506;TANJUNG JABUNG BARAT;150609;MUARA PAPALIK;DATA SEKOLAH;2022/2023 GANJIL;NEGERI;SMP;3
15;JAMBI;1506;TANJUNG JABUNG BARAT;150609;MUARA PAPALIK;DATA SEKOLAH;2022/2023 GANJIL;NEGERI;SMA;1
15;JAMBI;1506;TANJUNG JABUNG BARAT;150609;MUARA PAPALIK;DATA SEKOLAH;2022/2023 GANJIL;NEGERI;SMK;0
15;JAMBI;1506;TANJUNG JABUNG BARAT;150609;MUARA PAPALIK;DATA SEKOLAH;2022/2023 GANJIL;NEGERI;SLB;0
15;JAMBI;1507;TANJUNG JABUNG TIMUR;150707;MUARA SABAK BARAT;DATA SEKOLAH;2022/2023 GANJIL;NEGERI;TK;1
15;JAMBI;1507;TANJUNG JABUNG TIMUR;150707;MUARA SABAK BARAT;DATA SEKOLAH;2022/2023 GANJIL;NEGERI;KB;0
15;JAMBI;1507;TANJUNG JABUNG TIMUR;150707;MUARA SABAK BARAT;DATA SEKOLAH;2022/2023 GANJIL;NEGERI;TPA;0
15;JAMBI;1507;TANJUNG JABUNG TIMUR;150707;MUARA SABAK BARAT;DATA SEKOLAH;2022/2023 GANJIL;NEGERI;SPS;0
15;JAMBI;1507;TANJUNG JABUNG TIMUR;150707;MUARA SABAK BARAT;DATA SEKOLAH;2022/2023 GANJIL;NEGERI;PKBM;0
15;JAMBI;1507;TANJUNG JABUNG TIMUR;150707;MUARA SABAK BARAT;DATA SEKOLAH;2022/2023 GANJIL;NEGERI;SKB;0
15;JAMBI;1507;TANJUNG JABUNG TIMUR;150707;MUARA SABAK BARAT;DATA SEKOLAH;2022/2023 GANJIL;NEGERI;SD;13
15;JAMBI;1507;TANJUNG JABUNG TIMUR;150707;MUARA SABAK BARAT;DATA SEKOLAH;2022/2023 GANJIL;NEGERI;SMP;2
15;JAMBI;1507;TANJUNG JABUNG TIMUR;150707;MUARA SABAK BARAT;DATA SEKOLAH;2022/2023 GANJIL;NEGERI;SMA;1
15;JAMBI;1507;TANJUNG JABUNG TIMUR;150707;MUARA SABAK BARAT;DATA SEKOLAH;2022/2023 GANJIL;NEGERI;SMK;1
15;JAMBI;1507;TANJUNG JABUNG TIMUR;150707;MUARA SABAK BARAT;DATA SEKOLAH;2022/2023 GANJIL;NEGERI;SLB;1
15;JAMBI;1507;TANJUNG JABUNG TIMUR;150701;MUARA SABAK TIMUR;DATA SEKOLAH;2022/2023 GANJIL;NEGERI;TK;1
15;JAMBI;1507;TANJUNG JABUNG TIMUR;150701;MUARA SABAK TIMUR;DATA SEKOLAH;2022/2023 GANJIL;NEGERI;KB;0
15;JAMBI;1507;TANJUNG JABUNG TIMUR;150701;MUARA SABAK TIMUR;DATA SEKOLAH;2022/2023 GANJIL;NEGERI;TPA;0
15;JAMBI;1507;TANJUNG JABUNG TIMUR;150701;MUARA SABAK TIMUR;DATA SEKOLAH;2022/2023 GANJIL;NEGERI;SPS;0
15;JAMBI;1507;TANJUNG JABUNG TIMUR;150701;MUARA SABAK TIMUR;DATA SEKOLAH;2022/2023 GANJIL;NEGERI;PKBM;0
15;JAMBI;1507;TANJUNG JABUNG TIMUR;150701;MUARA SABAK TIMUR;DATA SEKOLAH;2022/2023 GANJIL;NEGERI;SKB;1
15;JAMBI;1507;TANJUNG JABUNG TIMUR;150701;MUARA SABAK TIMUR;DATA SEKOLAH;2022/2023 GANJIL;NEGERI;SD;23
15;JAMBI;1507;TANJUNG JABUNG TIMUR;150701;MUARA SABAK TIMUR;DATA SEKOLAH;2022/2023 GANJIL;NEGERI;SMP;6
15;JAMBI;1507;TANJUNG JABUNG TIMUR;150701;MUARA SABAK TIMUR;DATA SEKOLAH;2022/2023 GANJIL;NEGERI;SMA;1
15;JAMBI;1507;TANJUNG JABUNG TIMUR;150701;MUARA SABAK TIMUR;DATA SEKOLAH;2022/2023 GANJIL;NEGERI;SMK;1
15;JAMBI;1507;TANJUNG JABUNG TIMUR;150701;MUARA SABAK TIMUR;DATA SEKOLAH;2022/2023 GANJIL;NEGERI;SLB;0
15;JAMBI;1502;MERANGIN;150203;MUARA SIAU;DATA SEKOLAH;2022/2023 GANJIL;NEGERI;TK;0
15;JAMBI;1502;MERANGIN;150203;MUARA SIAU;DATA SEKOLAH;2022/2023 GANJIL;NEGERI;KB;0
15;JAMBI;1502;MERANGIN;150203;MUARA SIAU;DATA SEKOLAH;2022/2023 GANJIL;NEGERI;TPA;0
15;JAMBI;1502;MERANGIN;150203;MUARA SIAU;DATA SEKOLAH;2022/2023 GANJIL;NEGERI;SPS;0
15;JAMBI;1502;MERANGIN;150203;MUARA SIAU;DATA SEKOLAH;2022/2023 GANJIL;NEGERI;PKBM;0
15;JAMBI;1502;MERANGIN;150203;MUARA SIAU;DATA SEKOLAH;2022/2023 GANJIL;NEGERI;SKB;0
15;JAMBI;1502;MERANGIN;150203;MUARA SIAU;DATA SEKOLAH;2022/2023 GANJIL;NEGERI;SD;17
15;JAMBI;1502;MERANGIN;150203;MUARA SIAU;DATA SEKOLAH;2022/2023 GANJIL;NEGERI;SMP;3
15;JAMBI;1502;MERANGIN;150203;MUARA SIAU;DATA SEKOLAH;2022/2023 GANJIL;NEGERI;SMA;1
15;JAMBI;1502;MERANGIN;150203;MUARA SIAU;DATA SEKOLAH;2022/2023 GANJIL;NEGERI;SMK;0
15;JAMBI;1502;MERANGIN;150203;MUARA SIAU;DATA SEKOLAH;2022/2023 GANJIL;NEGERI;SLB;0
15;JAMBI;1509;TEBO;150912;MUARA TABIR;DATA SEKOLAH;2022/2023 GANJIL;NEGERI;TK;1
15;JAMBI;1509;TEBO;150912;MUARA TABIR;DATA SEKOLAH;2022/2023 GANJIL;NEGERI;KB;0
15;JAMBI;1509;TEBO;150912;MUARA TABIR;DATA SEKOLAH;2022/2023 GANJIL;NEGERI;TPA;0
15;JAMBI;1509;TEBO;150912;MUARA TABIR;DATA SEKOLAH;2022/2023 GANJIL;NEGERI;SPS;0
15;JAMBI;1509;TEBO;150912;MUARA TABIR;DATA SEKOLAH;2022/2023 GANJIL;NEGERI;PKBM;0
15;JAMBI;1509;TEBO;150912;MUARA TABIR;DATA SEKOLAH;2022/2023 GANJIL;NEGERI;SKB;0
15;JAMBI;1509;TEBO;150912;MUARA TABIR;DATA SEKOLAH;2022/2023 GANJIL;NEGERI;SD;11
15;JAMBI;1509;TEBO;150912;MUARA TABIR;DATA SEKOLAH;2022/2023 GANJIL;NEGERI;SMP;3
15;JAMBI;1509;TEBO;150912;MUARA TABIR;DATA SEKOLAH;2022/2023 GANJIL;NEGERI;SMA;1
15;JAMBI;1509;TEBO;150912;MUARA TABIR;DATA SEKOLAH;2022/2023 GANJIL;NEGERI;SMK;0
15;JAMBI;1509;TEBO;150912;MUARA TABIR;DATA SEKOLAH;2022/2023 GANJIL;NEGERI;SLB;0
15;JAMBI;1504;BATANGHARI;150402;MUARA TEMBESI;DATA SEKOLAH;2022/2023 GANJIL;NEGERI;TK;2
15;JAMBI;1504;BATANGHARI;150402;MUARA TEMBESI;DATA SEKOLAH;2022/2023 GANJIL;NEGERI;KB;0
15;JAMBI;1504;BATANGHARI;150402;MUARA TEMBESI;DATA SEKOLAH;2022/2023 GANJIL;NEGERI;TPA;0
15;JAMBI;1504;BATANGHARI;150402;MUARA TEMBESI;DATA SEKOLAH;2022/2023 GANJIL;NEGERI;SPS;0
15;JAMBI;1504;BATANGHARI;150402;MUARA TEMBESI;DATA SEKOLAH;2022/2023 GANJIL;NEGERI;PKBM;0
15;JAMBI;1504;BATANGHARI;150402;MUARA TEMBESI;DATA SEKOLAH;2022/2023 GANJIL;NEGERI;SKB;0
15;JAMBI;1504;BATANGHARI;150402;MUARA TEMBESI;DATA SEKOLAH;2022/2023 GANJIL;NEGERI;SD;25
15;JAMBI;1504;BATANGHARI;150402;MUARA TEMBESI;DATA SEKOLAH;2022/2023 GANJIL;NEGERI;SMP;4
15;JAMBI;1504;BATANGHARI;150402;MUARA TEMBESI;DATA SEKOLAH;2022/2023 GANJIL;NEGERI;SMA;1
15;JAMBI;1504;BATANGHARI;150402;MUARA TEMBESI;DATA SEKOLAH;2022/2023 GANJIL;NEGERI;SMK;0
15;JAMBI;1504;BATANGHARI;150402;MUARA TEMBESI;DATA SEKOLAH;2022/2023 GANJIL;NEGERI;SLB;0
15;JAMBI;1508;BUNGO;150808;MUKO-MUKO BATHIN VII;DATA SEKOLAH;2022/2023 GANJIL;NEGERI;TK;0
15;JAMBI;1508;BUNGO;150808;MUKO-MUKO BATHIN VII;DATA SEKOLAH;2022/2023 GANJIL;NEGERI;KB;0
15;JAMBI;1508;BUNGO;150808;MUKO-MUKO BATHIN VII;DATA SEKOLAH;2022/2023 GANJIL;NEGERI;TPA;0
15;JAMBI;1508;BUNGO;150808;MUKO-MUKO BATHIN VII;DATA SEKOLAH;2022/2023 GANJIL;NEGERI;SPS;0
15;JAMBI;1508;BUNGO;150808;MUKO-MUKO BATHIN VII;DATA SEKOLAH;2022/2023 GANJIL;NEGERI;PKBM;0
15;JAMBI;1508;BUNGO;150808;MUKO-MUKO BATHIN VII;DATA SEKOLAH;2022/2023 GANJIL;NEGERI;SKB;0
15;JAMBI;1508;BUNGO;150808;MUKO-MUKO BATHIN VII;DATA SEKOLAH;2022/2023 GANJIL;NEGERI;SD;14
15;JAMBI;1508;BUNGO;150808;MUKO-MUKO BATHIN VII;DATA SEKOLAH;2022/2023 GANJIL;NEGERI;SMP;3
15;JAMBI;1508;BUNGO;150808;MUKO-MUKO BATHIN VII;DATA SEKOLAH;2022/2023 GANJIL;NEGERI;SMA;1
15;JAMBI;1508;BUNGO;150808;MUKO-MUKO BATHIN VII;DATA SEKOLAH;2022/2023 GANJIL;NEGERI;SMK;1
15;JAMBI;1508;BUNGO;150808;MUKO-MUKO BATHIN VII;DATA SEKOLAH;2022/2023 GANJIL;NEGERI;SLB;0
15;JAMBI;1502;MERANGIN;150211;NALO TATAN;DATA SEKOLAH;2022/2023 GANJIL;NEGERI;TK;0
15;JAMBI;1502;MERANGIN;150211;NALO TATAN;DATA SEKOLAH;2022/2023 GANJIL;NEGERI;KB;0
15;JAMBI;1502;MERANGIN;150211;NALO TATAN;DATA SEKOLAH;2022/2023 GANJIL;NEGERI;TPA;0
15;JAMBI;1502;MERANGIN;150211;NALO TATAN;DATA SEKOLAH;2022/2023 GANJIL;NEGERI;SPS;0
15;JAMBI;1502;MERANGIN;150211;NALO TATAN;DATA SEKOLAH;2022/2023 GANJIL;NEGERI;PKBM;0
15;JAMBI;1502;MERANGIN;150211;NALO TATAN;DATA SEKOLAH;2022/2023 GANJIL;NEGERI;SKB;0
15;JAMBI;1502;MERANGIN;150211;NALO TATAN;DATA SEKOLAH;2022/2023 GANJIL;NEGERI;SD;11
15;JAMBI;1502;MERANGIN;150211;NALO TATAN;DATA SEKOLAH;2022/2023 GANJIL;NEGERI;SMP;3
15;JAMBI;1502;MERANGIN;150211;NALO TATAN;DATA SEKOLAH;2022/2023 GANJIL;NEGERI;SMA;1
15;JAMBI;1502;MERANGIN;150211;NALO TATAN;DATA SEKOLAH;2022/2023 GANJIL;NEGERI;SMK;1
15;JAMBI;1502;MERANGIN;150211;NALO TATAN;DATA SEKOLAH;2022/2023 GANJIL;NEGERI;SLB;0
15;JAMBI;1507;TANJUNG JABUNG TIMUR;150702;NIPAH PANJANG;DATA SEKOLAH;2022/2023 GANJIL;NEGERI;TK;3
15;JAMBI;1507;TANJUNG JABUNG TIMUR;150702;NIPAH PANJANG;DATA SEKOLAH;2022/2023 GANJIL;NEGERI;KB;0
15;JAMBI;1507;TANJUNG JABUNG TIMUR;150702;NIPAH PANJANG;DATA SEKOLAH;2022/2023 GANJIL;NEGERI;TPA;0
15;JAMBI;1507;TANJUNG JABUNG TIMUR;150702;NIPAH PANJANG;DATA SEKOLAH;2022/2023 GANJIL;NEGERI;SPS;0
15;JAMBI;1507;TANJUNG JABUNG TIMUR;150702;NIPAH PANJANG;DATA SEKOLAH;2022/2023 GANJIL;NEGERI;PKBM;0
15;JAMBI;1507;TANJUNG JABUNG TIMUR;150702;NIPAH PANJANG;DATA SEKOLAH;2022/2023 GANJIL;NEGERI;SKB;0
15;JAMBI;1507;TANJUNG JABUNG TIMUR;150702;NIPAH PANJANG;DATA SEKOLAH;2022/2023 GANJIL;NEGERI;SD;26
15;JAMBI;1507;TANJUNG JABUNG TIMUR;150702;NIPAH PANJANG;DATA SEKOLAH;2022/2023 GANJIL;NEGERI;SMP;7
15;JAMBI;1507;TANJUNG JABUNG TIMUR;150702;NIPAH PANJANG;DATA SEKOLAH;2022/2023 GANJIL;NEGERI;SMA;1
15;JAMBI;1507;TANJUNG JABUNG TIMUR;150702;NIPAH PANJANG;DATA SEKOLAH;2022/2023 GANJIL;NEGERI;SMK;1
15;JAMBI;1507;TANJUNG JABUNG TIMUR;150702;NIPAH PANJANG;DATA SEKOLAH;2022/2023 GANJIL;NEGERI;SLB;0
15;JAMBI;1571;KOTA JAMBI;157111;PAAL MERAH;DATA SEKOLAH;2022/2023 GANJIL;NEGERI;TK;0
15;JAMBI;1571;KOTA JAMBI;157111;PAAL MERAH;DATA SEKOLAH;2022/2023 GANJIL;NEGERI;KB;0
15;JAMBI;1571;KOTA JAMBI;157111;PAAL MERAH;DATA SEKOLAH;2022/2023 GANJIL;NEGERI;TPA;0
15;JAMBI;1571;KOTA JAMBI;157111;PAAL MERAH;DATA SEKOLAH;2022/2023 GANJIL;NEGERI;SPS;0
15;JAMBI;1571;KOTA JAMBI;157111;PAAL MERAH;DATA SEKOLAH;2022/2023 GANJIL;NEGERI;PKBM;0
15;JAMBI;1571;KOTA JAMBI;157111;PAAL MERAH;DATA SEKOLAH;2022/2023 GANJIL;NEGERI;SKB;0
15;JAMBI;1571;KOTA JAMBI;157111;PAAL MERAH;DATA SEKOLAH;2022/2023 GANJIL;NEGERI;SD;15
15;JAMBI;1571;KOTA JAMBI;157111;PAAL MERAH;DATA SEKOLAH;2022/2023 GANJIL;NEGERI;SMP;3
15;JAMBI;1571;KOTA JAMBI;157111;PAAL MERAH;DATA SEKOLAH;2022/2023 GANJIL;NEGERI;SMA;2
15;JAMBI;1571;KOTA JAMBI;157111;PAAL MERAH;DATA SEKOLAH;2022/2023 GANJIL;NEGERI;SMK;1
15;JAMBI;1571;KOTA JAMBI;157111;PAAL MERAH;DATA SEKOLAH;2022/2023 GANJIL;NEGERI;SLB;0
15;JAMBI;1502;MERANGIN;150206;PAMENANG;DATA SEKOLAH;2022/2023 GANJIL;NEGERI;TK;0
15;JAMBI;1502;MERANGIN;150206;PAMENANG;DATA SEKOLAH;2022/2023 GANJIL;NEGERI;KB;0
15;JAMBI;1502;MERANGIN;150206;PAMENANG;DATA SEKOLAH;2022/2023 GANJIL;NEGERI;TPA;0
15;JAMBI;1502;MERANGIN;150206;PAMENANG;DATA SEKOLAH;2022/2023 GANJIL;NEGERI;SPS;0
15;JAMBI;1502;MERANGIN;150206;PAMENANG;DATA SEKOLAH;2022/2023 GANJIL;NEGERI;PKBM;0
15;JAMBI;1502;MERANGIN;150206;PAMENANG;DATA SEKOLAH;2022/2023 GANJIL;NEGERI;SKB;0
15;JAMBI;1502;MERANGIN;150206;PAMENANG;DATA SEKOLAH;2022/2023 GANJIL;NEGERI;SD;22
15;JAMBI;1502;MERANGIN;150206;PAMENANG;DATA SEKOLAH;2022/2023 GANJIL;NEGERI;SMP;5
15;JAMBI;1502;MERANGIN;150206;PAMENANG;DATA SEKOLAH;2022/2023 GANJIL;NEGERI;SMA;1
15;JAMBI;1502;MERANGIN;150206;PAMENANG;DATA SEKOLAH;2022/2023 GANJIL;NEGERI;SMK;1
15;JAMBI;1502;MERANGIN;150206;PAMENANG;DATA SEKOLAH;2022/2023 GANJIL;NEGERI;SLB;0
15;JAMBI;1502;MERANGIN;150213;PAMENANG BARAT;DATA SEKOLAH;2022/2023 GANJIL;NEGERI;TK;0
15;JAMBI;1502;MERANGIN;150213;PAMENANG BARAT;DATA SEKOLAH;2022/2023 GANJIL;NEGERI;KB;0
15;JAMBI;1502;MERANGIN;150213;PAMENANG BARAT;DATA SEKOLAH;2022/2023 GANJIL;NEGERI;TPA;0
15;JAMBI;1502;MERANGIN;150213;PAMENANG BARAT;DATA SEKOLAH;2022/2023 GANJIL;NEGERI;SPS;0
15;JAMBI;1502;MERANGIN;150213;PAMENANG BARAT;DATA SEKOLAH;2022/2023 GANJIL;NEGERI;PKBM;0
15;JAMBI;1502;MERANGIN;150213;PAMENANG BARAT;DATA SEKOLAH;2022/2023 GANJIL;NEGERI;SKB;0
15;JAMBI;1502;MERANGIN;150213;PAMENANG BARAT;DATA SEKOLAH;2022/2023 GANJIL;NEGERI;SD;12
15;JAMBI;1502;MERANGIN;150213;PAMENANG BARAT;DATA SEKOLAH;2022/2023 GANJIL;NEGERI;SMP;3
15;JAMBI;1502;MERANGIN;150213;PAMENANG BARAT;DATA SEKOLAH;2022/2023 GANJIL;NEGERI;SMA;1
15;JAMBI;1502;MERANGIN;150213;PAMENANG BARAT;DATA SEKOLAH;2022/2023 GANJIL;NEGERI;SMK;1
15;JAMBI;1502;MERANGIN;150213;PAMENANG BARAT;DATA SEKOLAH;2022/2023 GANJIL;NEGERI;SLB;1
15;JAMBI;1502;MERANGIN;150220;PAMENANG SELATAN;DATA SEKOLAH;2022/2023 GANJIL;NEGERI;TK;0
15;JAMBI;1502;MERANGIN;150220;PAMENANG SELATAN;DATA SEKOLAH;2022/2023 GANJIL;NEGERI;KB;0
15;JAMBI;1502;MERANGIN;150220;PAMENANG SELATAN;DATA SEKOLAH;2022/2023 GANJIL;NEGERI;TPA;0
15;JAMBI;1502;MERANGIN;150220;PAMENANG SELATAN;DATA SEKOLAH;2022/2023 GANJIL;NEGERI;SPS;0
15;JAMBI;1502;MERANGIN;150220;PAMENANG SELATAN;DATA SEKOLAH;2022/2023 GANJIL;NEGERI;PKBM;0
15;JAMBI;1502;MERANGIN;150220;PAMENANG SELATAN;DATA SEKOLAH;2022/2023 GANJIL;NEGERI;SKB;0
15;JAMBI;1502;MERANGIN;150220;PAMENANG SELATAN;DATA SEKOLAH;2022/2023 GANJIL;NEGERI;SD;7
15;JAMBI;1502;MERANGIN;150220;PAMENANG SELATAN;DATA SEKOLAH;2022/2023 GANJIL;NEGERI;SMP;4
15;JAMBI;1502;MERANGIN;150220;PAMENANG SELATAN;DATA SEKOLAH;2022/2023 GANJIL;NEGERI;SMA;0
15;JAMBI;1502;MERANGIN;150220;PAMENANG SELATAN;DATA SEKOLAH;2022/2023 GANJIL;NEGERI;SMK;1
15;JAMBI;1502;MERANGIN;150220;PAMENANG SELATAN;DATA SEKOLAH;2022/2023 GANJIL;NEGERI;SLB;0
15;JAMBI;1502;MERANGIN;150217;PANGKALAN JAMBU;DATA SEKOLAH;2022/2023 GANJIL;NEGERI;TK;0
15;JAMBI;1502;MERANGIN;150217;PANGKALAN JAMBU;DATA SEKOLAH;2022/2023 GANJIL;NEGERI;KB;0
15;JAMBI;1502;MERANGIN;150217;PANGKALAN JAMBU;DATA SEKOLAH;2022/2023 GANJIL;NEGERI;TPA;0
15;JAMBI;1502;MERANGIN;150217;PANGKALAN JAMBU;DATA SEKOLAH;2022/2023 GANJIL;NEGERI;SPS;0
15;JAMBI;1502;MERANGIN;150217;PANGKALAN JAMBU;DATA SEKOLAH;2022/2023 GANJIL;NEGERI;PKBM;0
15;JAMBI;1502;MERANGIN;150217;PANGKALAN JAMBU;DATA SEKOLAH;2022/2023 GANJIL;NEGERI;SKB;0
15;JAMBI;1502;MERANGIN;150217;PANGKALAN JAMBU;DATA SEKOLAH;2022/2023 GANJIL;NEGERI;SD;8
15;JAMBI;1502;MERANGIN;150217;PANGKALAN JAMBU;DATA SEKOLAH;2022/2023 GANJIL;NEGERI;SMP;1
15;JAMBI;1502;MERANGIN;150217;PANGKALAN JAMBU;DATA SEKOLAH;2022/2023 GANJIL;NEGERI;SMA;0
15;JAMBI;1502;MERANGIN;150217;PANGKALAN JAMBU;DATA SEKOLAH;2022/2023 GANJIL;NEGERI;SMK;1
15;JAMBI;1502;MERANGIN;150217;PANGKALAN JAMBU;DATA SEKOLAH;2022/2023 GANJIL;NEGERI;SLB;0
15;JAMBI;1571;KOTA JAMBI;157104;PASAR JAMBI;DATA SEKOLAH;2022/2023 GANJIL;NEGERI;TK;0
15;JAMBI;1571;KOTA JAMBI;157104;PASAR JAMBI;DATA SEKOLAH;2022/2023 GANJIL;NEGERI;KB;0
15;JAMBI;1571;KOTA JAMBI;157104;PASAR JAMBI;DATA SEKOLAH;2022/2023 GANJIL;NEGERI;TPA;0
15;JAMBI;1571;KOTA JAMBI;157104;PASAR JAMBI;DATA SEKOLAH;2022/2023 GANJIL;NEGERI;SPS;0
15;JAMBI;1571;KOTA JAMBI;157104;PASAR JAMBI;DATA SEKOLAH;2022/2023 GANJIL;NEGERI;PKBM;0
15;JAMBI;1571;KOTA JAMBI;157104;PASAR JAMBI;DATA SEKOLAH;2022/2023 GANJIL;NEGERI;SKB;0
15;JAMBI;1571;KOTA JAMBI;157104;PASAR JAMBI;DATA SEKOLAH;2022/2023 GANJIL;NEGERI;SD;4
15;JAMBI;1571;KOTA JAMBI;157104;PASAR JAMBI;DATA SEKOLAH;2022/2023 GANJIL;NEGERI;SMP;2
15;JAMBI;1571;KOTA JAMBI;157104;PASAR JAMBI;DATA SEKOLAH;2022/2023 GANJIL;NEGERI;SMA;0
15;JAMBI;1571;KOTA JAMBI;157104;PASAR JAMBI;DATA SEKOLAH;2022/2023 GANJIL;NEGERI;SMK;0
15;JAMBI;1571;KOTA JAMBI;157104;PASAR JAMBI;DATA SEKOLAH;2022/2023 GANJIL;NEGERI;SLB;0
15;JAMBI;1508;BUNGO;150803;PASAR MUARO BUNGO;DATA SEKOLAH;2022/2023 GANJIL;NEGERI;TK;0
15;JAMBI;1508;BUNGO;150803;PASAR MUARO BUNGO;DATA SEKOLAH;2022/2023 GANJIL;NEGERI;KB;0
15;JAMBI;1508;BUNGO;150803;PASAR MUARO BUNGO;DATA SEKOLAH;2022/2023 GANJIL;NEGERI;TPA;0
15;JAMBI;1508;BUNGO;150803;PASAR MUARO BUNGO;DATA SEKOLAH;2022/2023 GANJIL;NEGERI;SPS;0
15;JAMBI;1508;BUNGO;150803;PASAR MUARO BUNGO;DATA SEKOLAH;2022/2023 GANJIL;NEGERI;PKBM;0
15;JAMBI;1508;BUNGO;150803;PASAR MUARO BUNGO;DATA SEKOLAH;2022/2023 GANJIL;NEGERI;SKB;0
15;JAMBI;1508;BUNGO;150803;PASAR MUARO BUNGO;DATA SEKOLAH;2022/2023 GANJIL;NEGERI;SD;7
15;JAMBI;1508;BUNGO;150803;PASAR MUARO BUNGO;DATA SEKOLAH;2022/2023 GANJIL;NEGERI;SMP;3
15;JAMBI;1508;BUNGO;150803;PASAR MUARO BUNGO;DATA SEKOLAH;2022/2023 GANJIL;NEGERI;SMA;0
15;JAMBI;1508;BUNGO;150803;PASAR MUARO BUNGO;DATA SEKOLAH;2022/2023 GANJIL;NEGERI;SMK;0
15;JAMBI;1508;BUNGO;150803;PASAR MUARO BUNGO;DATA SEKOLAH;2022/2023 GANJIL;NEGERI;SLB;0
15;JAMBI;1503;SAROLANGUN;150304;PAUH;DATA SEKOLAH;2022/2023 GANJIL;NEGERI;TK;0
15;JAMBI;1503;SAROLANGUN;150304;PAUH;DATA SEKOLAH;2022/2023 GANJIL;NEGERI;KB;0
15;JAMBI;1503;SAROLANGUN;150304;PAUH;DATA SEKOLAH;2022/2023 GANJIL;NEGERI;TPA;0
15;JAMBI;1503;SAROLANGUN;150304;PAUH;DATA SEKOLAH;2022/2023 GANJIL;NEGERI;SPS;0
15;JAMBI;1503;SAROLANGUN;150304;PAUH;DATA SEKOLAH;2022/2023 GANJIL;NEGERI;PKBM;0
15;JAMBI;1503;SAROLANGUN;150304;PAUH;DATA SEKOLAH;2022/2023 GANJIL;NEGERI;SKB;0
15;JAMBI;1503;SAROLANGUN;150304;PAUH;DATA SEKOLAH;2022/2023 GANJIL;NEGERI;SD;16
15;JAMBI;1503;SAROLANGUN;150304;PAUH;DATA SEKOLAH;2022/2023 GANJIL;NEGERI;SMP;5
15;JAMBI;1503;SAROLANGUN;150304;PAUH;DATA SEKOLAH;2022/2023 GANJIL;NEGERI;SMA;1
15;JAMBI;1503;SAROLANGUN;150304;PAUH;DATA SEKOLAH;2022/2023 GANJIL;NEGERI;SMK;1
15;JAMBI;1503;SAROLANGUN;150304;PAUH;DATA SEKOLAH;2022/2023 GANJIL;NEGERI;SLB;0
15;JAMBI;1503;SAROLANGUN;150305;PELAWAN;DATA SEKOLAH;2022/2023 GANJIL;NEGERI;TK;0
15;JAMBI;1503;SAROLANGUN;150305;PELAWAN;DATA SEKOLAH;2022/2023 GANJIL;NEGERI;KB;0
15;JAMBI;1503;SAROLANGUN;150305;PELAWAN;DATA SEKOLAH;2022/2023 GANJIL;NEGERI;TPA;0
15;JAMBI;1503;SAROLANGUN;150305;PELAWAN;DATA SEKOLAH;2022/2023 GANJIL;NEGERI;SPS;0
15;JAMBI;1503;SAROLANGUN;150305;PELAWAN;DATA SEKOLAH;2022/2023 GANJIL;NEGERI;PKBM;0
15;JAMBI;1503;SAROLANGUN;150305;PELAWAN;DATA SEKOLAH;2022/2023 GANJIL;NEGERI;SKB;0
15;JAMBI;1503;SAROLANGUN;150305;PELAWAN;DATA SEKOLAH;2022/2023 GANJIL;NEGERI;SD;23
15;JAMBI;1503;SAROLANGUN;150305;PELAWAN;DATA SEKOLAH;2022/2023 GANJIL;NEGERI;SMP;3
15;JAMBI;1503;SAROLANGUN;150305;PELAWAN;DATA SEKOLAH;2022/2023 GANJIL;NEGERI;SMA;2
15;JAMBI;1503;SAROLANGUN;150305;PELAWAN;DATA SEKOLAH;2022/2023 GANJIL;NEGERI;SMK;1
15;JAMBI;1503;SAROLANGUN;150305;PELAWAN;DATA SEKOLAH;2022/2023 GANJIL;NEGERI;SLB;0
15;JAMBI;1571;KOTA JAMBI;157105;PELAYANGAN;DATA SEKOLAH;2022/2023 GANJIL;NEGERI;TK;0
15;JAMBI;1571;KOTA JAMBI;157105;PELAYANGAN;DATA SEKOLAH;2022/2023 GANJIL;NEGERI;KB;0
15;JAMBI;1571;KOTA JAMBI;157105;PELAYANGAN;DATA SEKOLAH;2022/2023 GANJIL;NEGERI;TPA;0
15;JAMBI;1571;KOTA JAMBI;157105;PELAYANGAN;DATA SEKOLAH;2022/2023 GANJIL;NEGERI;SPS;0
15;JAMBI;1571;KOTA JAMBI;157105;PELAYANGAN;DATA SEKOLAH;2022/2023 GANJIL;NEGERI;PKBM;0
15;JAMBI;1571;KOTA JAMBI;157105;PELAYANGAN;DATA SEKOLAH;2022/2023 GANJIL;NEGERI;SKB;0
15;JAMBI;1571;KOTA JAMBI;157105;PELAYANGAN;DATA SEKOLAH;2022/2023 GANJIL;NEGERI;SD;4
15;JAMBI;1571;KOTA JAMBI;157105;PELAYANGAN;DATA SEKOLAH;2022/2023 GANJIL;NEGERI;SMP;1
15;JAMBI;1571;KOTA JAMBI;157105;PELAYANGAN;DATA SEKOLAH;2022/2023 GANJIL;NEGERI;SMA;0
15;JAMBI;1571;KOTA JAMBI;157105;PELAYANGAN;DATA SEKOLAH;2022/2023 GANJIL;NEGERI;SMK;0
15;JAMBI;1571;KOTA JAMBI;157105;PELAYANGAN;DATA SEKOLAH;2022/2023 GANJIL;NEGERI;SLB;0
15;JAMBI;1508;BUNGO;150806;PELEPAT;DATA SEKOLAH;2022/2023 GANJIL;NEGERI;TK;0
15;JAMBI;1508;BUNGO;150806;PELEPAT;DATA SEKOLAH;2022/2023 GANJIL;NEGERI;KB;0
15;JAMBI;1508;BUNGO;150806;PELEPAT;DATA SEKOLAH;2022/2023 GANJIL;NEGERI;TPA;0
15;JAMBI;1508;BUNGO;150806;PELEPAT;DATA SEKOLAH;2022/2023 GANJIL;NEGERI;SPS;0
15;JAMBI;1508;BUNGO;150806;PELEPAT;DATA SEKOLAH;2022/2023 GANJIL;NEGERI;PKBM;0
15;JAMBI;1508;BUNGO;150806;PELEPAT;DATA SEKOLAH;2022/2023 GANJIL;NEGERI;SKB;0
15;JAMBI;1508;BUNGO;150806;PELEPAT;DATA SEKOLAH;2022/2023 GANJIL;NEGERI;SD;26
15;JAMBI;1508;BUNGO;150806;PELEPAT;DATA SEKOLAH;2022/2023 GANJIL;NEGERI;SMP;6
15;JAMBI;1508;BUNGO;150806;PELEPAT;DATA SEKOLAH;2022/2023 GANJIL;NEGERI;SMA;1
15;JAMBI;1508;BUNGO;150806;PELEPAT;DATA SEKOLAH;2022/2023 GANJIL;NEGERI;SMK;3
15;JAMBI;1508;BUNGO;150806;PELEPAT;DATA SEKOLAH;2022/2023 GANJIL;NEGERI;SLB;0
15;JAMBI;1508;BUNGO;150809;PELEPAT ILIR;DATA SEKOLAH;2022/2023 GANJIL;NEGERI;TK;0
15;JAMBI;1508;BUNGO;150809;PELEPAT ILIR;DATA SEKOLAH;2022/2023 GANJIL;NEGERI;KB;0
15;JAMBI;1508;BUNGO;150809;PELEPAT ILIR;DATA SEKOLAH;2022/2023 GANJIL;NEGERI;TPA;0
15;JAMBI;1508;BUNGO;150809;PELEPAT ILIR;DATA SEKOLAH;2022/2023 GANJIL;NEGERI;SPS;0
15;JAMBI;1508;BUNGO;150809;PELEPAT ILIR;DATA SEKOLAH;2022/2023 GANJIL;NEGERI;PKBM;0
15;JAMBI;1508;BUNGO;150809;PELEPAT ILIR;DATA SEKOLAH;2022/2023 GANJIL;NEGERI;SKB;0
15;JAMBI;1508;BUNGO;150809;PELEPAT ILIR;DATA SEKOLAH;2022/2023 GANJIL;NEGERI;SD;25
15;JAMBI;1508;BUNGO;150809;PELEPAT ILIR;DATA SEKOLAH;2022/2023 GANJIL;NEGERI;SMP;6
15;JAMBI;1508;BUNGO;150809;PELEPAT ILIR;DATA SEKOLAH;2022/2023 GANJIL;NEGERI;SMA;2
15;JAMBI;1508;BUNGO;150809;PELEPAT ILIR;DATA SEKOLAH;2022/2023 GANJIL;NEGERI;SMK;2
15;JAMBI;1508;BUNGO;150809;PELEPAT ILIR;DATA SEKOLAH;2022/2023 GANJIL;NEGERI;SLB;0
15;JAMBI;1504;BATANGHARI;150405;PEMAYUNG;DATA SEKOLAH;2022/2023 GANJIL;NEGERI;TK;1
15;JAMBI;1504;BATANGHARI;150405;PEMAYUNG;DATA SEKOLAH;2022/2023 GANJIL;NEGERI;KB;0
15;JAMBI;1504;BATANGHARI;150405;PEMAYUNG;DATA SEKOLAH;2022/2023 GANJIL;NEGERI;TPA;0
15;JAMBI;1504;BATANGHARI;150405;PEMAYUNG;DATA SEKOLAH;2022/2023 GANJIL;NEGERI;SPS;0
15;JAMBI;1504;BATANGHARI;150405;PEMAYUNG;DATA SEKOLAH;2022/2023 GANJIL;NEGERI;PKBM;0
15;JAMBI;1504;BATANGHARI;150405;PEMAYUNG;DATA SEKOLAH;2022/2023 GANJIL;NEGERI;SKB;0
15;JAMBI;1504;BATANGHARI;150405;PEMAYUNG;DATA SEKOLAH;2022/2023 GANJIL;NEGERI;SD;27
15;JAMBI;1504;BATANGHARI;150405;PEMAYUNG;DATA SEKOLAH;2022/2023 GANJIL;NEGERI;SMP;6
15;JAMBI;1504;BATANGHARI;150405;PEMAYUNG;DATA SEKOLAH;2022/2023 GANJIL;NEGERI;SMA;1
15;JAMBI;1504;BATANGHARI;150405;PEMAYUNG;DATA SEKOLAH;2022/2023 GANJIL;NEGERI;SMK;1
15;JAMBI;1504;BATANGHARI;150405;PEMAYUNG;DATA SEKOLAH;2022/2023 GANJIL;NEGERI;SLB;0
15;JAMBI;1506;TANJUNG JABUNG BARAT;150603;PENGABUAN;DATA SEKOLAH;2022/2023 GANJIL;NEGERI;TK;0
15;JAMBI;1506;TANJUNG JABUNG BARAT;150603;PENGABUAN;DATA SEKOLAH;2022/2023 GANJIL;NEGERI;KB;0
15;JAMBI;1506;TANJUNG JABUNG BARAT;150603;PENGABUAN;DATA SEKOLAH;2022/2023 GANJIL;NEGERI;TPA;0
15;JAMBI;1506;TANJUNG JABUNG BARAT;150603;PENGABUAN;DATA SEKOLAH;2022/2023 GANJIL;NEGERI;SPS;0
15;JAMBI;1506;TANJUNG JABUNG BARAT;150603;PENGABUAN;DATA SEKOLAH;2022/2023 GANJIL;NEGERI;PKBM;0
15;JAMBI;1506;TANJUNG JABUNG BARAT;150603;PENGABUAN;DATA SEKOLAH;2022/2023 GANJIL;NEGERI;SKB;0
15;JAMBI;1506;TANJUNG JABUNG BARAT;150603;PENGABUAN;DATA SEKOLAH;2022/2023 GANJIL;NEGERI;SD;25
15;JAMBI;1506;TANJUNG JABUNG BARAT;150603;PENGABUAN;DATA SEKOLAH;2022/2023 GANJIL;NEGERI;SMP;5
15;JAMBI;1506;TANJUNG JABUNG BARAT;150603;PENGABUAN;DATA SEKOLAH;2022/2023 GANJIL;NEGERI;SMA;2
15;JAMBI;1506;TANJUNG JABUNG BARAT;150603;PENGABUAN;DATA SEKOLAH;2022/2023 GANJIL;NEGERI;SMK;1
15;JAMBI;1506;TANJUNG JABUNG BARAT;150603;PENGABUAN;DATA SEKOLAH;2022/2023 GANJIL;NEGERI;SLB;0
15;JAMBI;1572;KOTA SUNGAI PENUH;157202;PESISIR BUKIT;DATA SEKOLAH;2022/2023 GANJIL;NEGERI;TK;1
15;JAMBI;1572;KOTA SUNGAI PENUH;157202;PESISIR BUKIT;DATA SEKOLAH;2022/2023 GANJIL;NEGERI;KB;0
15;JAMBI;1572;KOTA SUNGAI PENUH;157202;PESISIR BUKIT;DATA SEKOLAH;2022/2023 GANJIL;NEGERI;TPA;0
15;JAMBI;1572;KOTA SUNGAI PENUH;157202;PESISIR BUKIT;DATA SEKOLAH;2022/2023 GANJIL;NEGERI;SPS;0
15;JAMBI;1572;KOTA SUNGAI PENUH;157202;PESISIR BUKIT;DATA SEKOLAH;2022/2023 GANJIL;NEGERI;PKBM;0
15;JAMBI;1572;KOTA SUNGAI PENUH;157202;PESISIR BUKIT;DATA SEKOLAH;2022/2023 GANJIL;NEGERI;SKB;0
15;JAMBI;1572;KOTA SUNGAI PENUH;157202;PESISIR BUKIT;DATA SEKOLAH;2022/2023 GANJIL;NEGERI;SD;8
15;JAMBI;1572;KOTA SUNGAI PENUH;157202;PESISIR BUKIT;DATA SEKOLAH;2022/2023 GANJIL;NEGERI;SMP;2
15;JAMBI;1572;KOTA SUNGAI PENUH;157202;PESISIR BUKIT;DATA SEKOLAH;2022/2023 GANJIL;NEGERI;SMA;0
15;JAMBI;1572;KOTA SUNGAI PENUH;157202;PESISIR BUKIT;DATA SEKOLAH;2022/2023 GANJIL;NEGERI;SMK;2
15;JAMBI;1572;KOTA SUNGAI PENUH;157202;PESISIR BUKIT;DATA SEKOLAH;2022/2023 GANJIL;NEGERI;SLB;0
15;JAMBI;1572;KOTA SUNGAI PENUH;157206;PONDOK TINGGI;DATA SEKOLAH;2022/2023 GANJIL;NEGERI;TK;1
15;JAMBI;1572;KOTA SUNGAI PENUH;157206;PONDOK TINGGI;DATA SEKOLAH;2022/2023 GANJIL;NEGERI;KB;0
15;JAMBI;1572;KOTA SUNGAI PENUH;157206;PONDOK TINGGI;DATA SEKOLAH;2022/2023 GANJIL;NEGERI;TPA;0
15;JAMBI;1572;KOTA SUNGAI PENUH;157206;PONDOK TINGGI;DATA SEKOLAH;2022/2023 GANJIL;NEGERI;SPS;0
15;JAMBI;1572;KOTA SUNGAI PENUH;157206;PONDOK TINGGI;DATA SEKOLAH;2022/2023 GANJIL;NEGERI;PKBM;0
15;JAMBI;1572;KOTA SUNGAI PENUH;157206;PONDOK TINGGI;DATA SEKOLAH;2022/2023 GANJIL;NEGERI;SKB;0
15;JAMBI;1572;KOTA SUNGAI PENUH;157206;PONDOK TINGGI;DATA SEKOLAH;2022/2023 GANJIL;NEGERI;SD;10
15;JAMBI;1572;KOTA SUNGAI PENUH;157206;PONDOK TINGGI;DATA SEKOLAH;2022/2023 GANJIL;NEGERI;SMP;1
15;JAMBI;1572;KOTA SUNGAI PENUH;157206;PONDOK TINGGI;DATA SEKOLAH;2022/2023 GANJIL;NEGERI;SMA;1
15;JAMBI;1572;KOTA SUNGAI PENUH;157206;PONDOK TINGGI;DATA SEKOLAH;2022/2023 GANJIL;NEGERI;SMK;0
15;JAMBI;1572;KOTA SUNGAI PENUH;157206;PONDOK TINGGI;DATA SEKOLAH;2022/2023 GANJIL;NEGERI;SLB;0
15;JAMBI;1508;BUNGO;150802;RANTAU PANDAN;DATA SEKOLAH;2022/2023 GANJIL;NEGERI;TK;1
15;JAMBI;1508;BUNGO;150802;RANTAU PANDAN;DATA SEKOLAH;2022/2023 GANJIL;NEGERI;KB;0
15;JAMBI;1508;BUNGO;150802;RANTAU PANDAN;DATA SEKOLAH;2022/2023 GANJIL;NEGERI;TPA;0
15;JAMBI;1508;BUNGO;150802;RANTAU PANDAN;DATA SEKOLAH;2022/2023 GANJIL;NEGERI;SPS;0
15;JAMBI;1508;BUNGO;150802;RANTAU PANDAN;DATA SEKOLAH;2022/2023 GANJIL;NEGERI;PKBM;0
15;JAMBI;1508;BUNGO;150802;RANTAU PANDAN;DATA SEKOLAH;2022/2023 GANJIL;NEGERI;SKB;0
15;JAMBI;1508;BUNGO;150802;RANTAU PANDAN;DATA SEKOLAH;2022/2023 GANJIL;NEGERI;SD;10
15;JAMBI;1508;BUNGO;150802;RANTAU PANDAN;DATA SEKOLAH;2022/2023 GANJIL;NEGERI;SMP;3
15;JAMBI;1508;BUNGO;150802;RANTAU PANDAN;DATA SEKOLAH;2022/2023 GANJIL;NEGERI;SMA;1
15;JAMBI;1508;BUNGO;150802;RANTAU PANDAN;DATA SEKOLAH;2022/2023 GANJIL;NEGERI;SMK;0
15;JAMBI;1508;BUNGO;150802;RANTAU PANDAN;DATA SEKOLAH;2022/2023 GANJIL;NEGERI;SLB;0
15;JAMBI;1507;TANJUNG JABUNG TIMUR;150704;RANTAU RASAU;DATA SEKOLAH;2022/2023 GANJIL;NEGERI;TK;1
15;JAMBI;1507;TANJUNG JABUNG TIMUR;150704;RANTAU RASAU;DATA SEKOLAH;2022/2023 GANJIL;NEGERI;KB;0
15;JAMBI;1507;TANJUNG JABUNG TIMUR;150704;RANTAU RASAU;DATA SEKOLAH;2022/2023 GANJIL;NEGERI;TPA;0
15;JAMBI;1507;TANJUNG JABUNG TIMUR;150704;RANTAU RASAU;DATA SEKOLAH;2022/2023 GANJIL;NEGERI;SPS;0
15;JAMBI;1507;TANJUNG JABUNG TIMUR;150704;RANTAU RASAU;DATA SEKOLAH;2022/2023 GANJIL;NEGERI;PKBM;0
15;JAMBI;1507;TANJUNG JABUNG TIMUR;150704;RANTAU RASAU;DATA SEKOLAH;2022/2023 GANJIL;NEGERI;SKB;0
15;JAMBI;1507;TANJUNG JABUNG TIMUR;150704;RANTAU RASAU;DATA SEKOLAH;2022/2023 GANJIL;NEGERI;SD;29
15;JAMBI;1507;TANJUNG JABUNG TIMUR;150704;RANTAU RASAU;DATA SEKOLAH;2022/2023 GANJIL;NEGERI;SMP;3
15;JAMBI;1507;TANJUNG JABUNG TIMUR;150704;RANTAU RASAU;DATA SEKOLAH;2022/2023 GANJIL;NEGERI;SMA;1
15;JAMBI;1507;TANJUNG JABUNG TIMUR;150704;RANTAU RASAU;DATA SEKOLAH;2022/2023 GANJIL;NEGERI;SMK;0
15;JAMBI;1507;TANJUNG JABUNG TIMUR;150704;RANTAU RASAU;DATA SEKOLAH;2022/2023 GANJIL;NEGERI;SLB;0
15;JAMBI;1506;TANJUNG JABUNG BARAT;150608;RENAH MENDALUH;DATA SEKOLAH;2022/2023 GANJIL;NEGERI;TK;0
15;JAMBI;1506;TANJUNG JABUNG BARAT;150608;RENAH MENDALUH;DATA SEKOLAH;2022/2023 GANJIL;NEGERI;KB;0
15;JAMBI;1506;TANJUNG JABUNG BARAT;150608;RENAH MENDALUH;DATA SEKOLAH;2022/2023 GANJIL;NEGERI;TPA;0
15;JAMBI;1506;TANJUNG JABUNG BARAT;150608;RENAH MENDALUH;DATA SEKOLAH;2022/2023 GANJIL;NEGERI;SPS;0
15;JAMBI;1506;TANJUNG JABUNG BARAT;150608;RENAH MENDALUH;DATA SEKOLAH;2022/2023 GANJIL;NEGERI;PKBM;0
15;JAMBI;1506;TANJUNG JABUNG BARAT;150608;RENAH MENDALUH;DATA SEKOLAH;2022/2023 GANJIL;NEGERI;SKB;0
15;JAMBI;1506;TANJUNG JABUNG BARAT;150608;RENAH MENDALUH;DATA SEKOLAH;2022/2023 GANJIL;NEGERI;SD;11
15;JAMBI;1506;TANJUNG JABUNG BARAT;150608;RENAH MENDALUH;DATA SEKOLAH;2022/2023 GANJIL;NEGERI;SMP;4
15;JAMBI;1506;TANJUNG JABUNG BARAT;150608;RENAH MENDALUH;DATA SEKOLAH;2022/2023 GANJIL;NEGERI;SMA;2
15;JAMBI;1506;TANJUNG JABUNG BARAT;150608;RENAH MENDALUH;DATA SEKOLAH;2022/2023 GANJIL;NEGERI;SMK;1
15;JAMBI;1506;TANJUNG JABUNG BARAT;150608;RENAH MENDALUH;DATA SEKOLAH;2022/2023 GANJIL;NEGERI;SLB;0
15;JAMBI;1502;MERANGIN;150219;RENAH PAMENANG;DATA SEKOLAH;2022/2023 GANJIL;NEGERI;TK;1
15;JAMBI;1502;MERANGIN;150219;RENAH PAMENANG;DATA SEKOLAH;2022/2023 GANJIL;NEGERI;KB;0
15;JAMBI;1502;MERANGIN;150219;RENAH PAMENANG;DATA SEKOLAH;2022/2023 GANJIL;NEGERI;TPA;0
15;JAMBI;1502;MERANGIN;150219;RENAH PAMENANG;DATA SEKOLAH;2022/2023 GANJIL;NEGERI;SPS;0
15;JAMBI;1502;MERANGIN;150219;RENAH PAMENANG;DATA SEKOLAH;2022/2023 GANJIL;NEGERI;PKBM;0
15;JAMBI;1502;MERANGIN;150219;RENAH PAMENANG;DATA SEKOLAH;2022/2023 GANJIL;NEGERI;SKB;0
15;JAMBI;1502;MERANGIN;150219;RENAH PAMENANG;DATA SEKOLAH;2022/2023 GANJIL;NEGERI;SD;8
15;JAMBI;1502;MERANGIN;150219;RENAH PAMENANG;DATA SEKOLAH;2022/2023 GANJIL;NEGERI;SMP;3
15;JAMBI;1502;MERANGIN;150219;RENAH PAMENANG;DATA SEKOLAH;2022/2023 GANJIL;NEGERI;SMA;1
15;JAMBI;1502;MERANGIN;150219;RENAH PAMENANG;DATA SEKOLAH;2022/2023 GANJIL;NEGERI;SMK;1
15;JAMBI;1502;MERANGIN;150219;RENAH PAMENANG;DATA SEKOLAH;2022/2023 GANJIL;NEGERI;SLB;0
15;JAMBI;1502;MERANGIN;150216;RENAH PEMBARAP;DATA SEKOLAH;2022/2023 GANJIL;NEGERI;TK;0
15;JAMBI;1502;MERANGIN;150216;RENAH PEMBARAP;DATA SEKOLAH;2022/2023 GANJIL;NEGERI;KB;0
15;JAMBI;1502;MERANGIN;150216;RENAH PEMBARAP;DATA SEKOLAH;2022/2023 GANJIL;NEGERI;TPA;0
15;JAMBI;1502;MERANGIN;150216;RENAH PEMBARAP;DATA SEKOLAH;2022/2023 GANJIL;NEGERI;SPS;0
15;JAMBI;1502;MERANGIN;150216;RENAH PEMBARAP;DATA SEKOLAH;2022/2023 GANJIL;NEGERI;PKBM;0
15;JAMBI;1502;MERANGIN;150216;RENAH PEMBARAP;DATA SEKOLAH;2022/2023 GANJIL;NEGERI;SKB;0
15;JAMBI;1502;MERANGIN;150216;RENAH PEMBARAP;DATA SEKOLAH;2022/2023 GANJIL;NEGERI;SD;16
15;JAMBI;1502;MERANGIN;150216;RENAH PEMBARAP;DATA SEKOLAH;2022/2023 GANJIL;NEGERI;SMP;4
15;JAMBI;1502;MERANGIN;150216;RENAH PEMBARAP;DATA SEKOLAH;2022/2023 GANJIL;NEGERI;SMA;1
15;JAMBI;1502;MERANGIN;150216;RENAH PEMBARAP;DATA SEKOLAH;2022/2023 GANJIL;NEGERI;SMK;0
15;JAMBI;1502;MERANGIN;150216;RENAH PEMBARAP;DATA SEKOLAH;2022/2023 GANJIL;NEGERI;SLB;0
15;JAMBI;1509;TEBO;150904;RIMBO BUJANG;DATA SEKOLAH;2022/2023 GANJIL;NEGERI;TK;1
15;JAMBI;1509;TEBO;150904;RIMBO BUJANG;DATA SEKOLAH;2022/2023 GANJIL;NEGERI;KB;0
15;JAMBI;1509;TEBO;150904;RIMBO BUJANG;DATA SEKOLAH;2022/2023 GANJIL;NEGERI;TPA;0
15;JAMBI;1509;TEBO;150904;RIMBO BUJANG;DATA SEKOLAH;2022/2023 GANJIL;NEGERI;SPS;0
15;JAMBI;1509;TEBO;150904;RIMBO BUJANG;DATA SEKOLAH;2022/2023 GANJIL;NEGERI;PKBM;0
15;JAMBI;1509;TEBO;150904;RIMBO BUJANG;DATA SEKOLAH;2022/2023 GANJIL;NEGERI;SKB;0
15;JAMBI;1509;TEBO;150904;RIMBO BUJANG;DATA SEKOLAH;2022/2023 GANJIL;NEGERI;SD;35
15;JAMBI;1509;TEBO;150904;RIMBO BUJANG;DATA SEKOLAH;2022/2023 GANJIL;NEGERI;SMP;8
15;JAMBI;1509;TEBO;150904;RIMBO BUJANG;DATA SEKOLAH;2022/2023 GANJIL;NEGERI;SMA;3
15;JAMBI;1509;TEBO;150904;RIMBO BUJANG;DATA SEKOLAH;2022/2023 GANJIL;NEGERI;SMK;2
15;JAMBI;1509;TEBO;150904;RIMBO BUJANG;DATA SEKOLAH;2022/2023 GANJIL;NEGERI;SLB;1
15;JAMBI;1509;TEBO;150908;RIMBO ILIR;DATA SEKOLAH;2022/2023 GANJIL;NEGERI;TK;1
15;JAMBI;1509;TEBO;150908;RIMBO ILIR;DATA SEKOLAH;2022/2023 GANJIL;NEGERI;KB;0
15;JAMBI;1509;TEBO;150908;RIMBO ILIR;DATA SEKOLAH;2022/2023 GANJIL;NEGERI;TPA;0
15;JAMBI;1509;TEBO;150908;RIMBO ILIR;DATA SEKOLAH;2022/2023 GANJIL;NEGERI;SPS;0
15;JAMBI;1509;TEBO;150908;RIMBO ILIR;DATA SEKOLAH;2022/2023 GANJIL;NEGERI;PKBM;0
15;JAMBI;1509;TEBO;150908;RIMBO ILIR;DATA SEKOLAH;2022/2023 GANJIL;NEGERI;SKB;0
15;JAMBI;1509;TEBO;150908;RIMBO ILIR;DATA SEKOLAH;2022/2023 GANJIL;NEGERI;SD;14
15;JAMBI;1509;TEBO;150908;RIMBO ILIR;DATA SEKOLAH;2022/2023 GANJIL;NEGERI;SMP;4
15;JAMBI;1509;TEBO;150908;RIMBO ILIR;DATA SEKOLAH;2022/2023 GANJIL;NEGERI;SMA;2
15;JAMBI;1509;TEBO;150908;RIMBO ILIR;DATA SEKOLAH;2022/2023 GANJIL;NEGERI;SMK;1
15;JAMBI;1509;TEBO;150908;RIMBO ILIR;DATA SEKOLAH;2022/2023 GANJIL;NEGERI;SLB;0
15;JAMBI;1508;BUNGO;150813;RIMBO TENGAH;DATA SEKOLAH;2022/2023 GANJIL;NEGERI;TK;0
15;JAMBI;1508;BUNGO;150813;RIMBO TENGAH;DATA SEKOLAH;2022/2023 GANJIL;NEGERI;KB;0
15;JAMBI;1508;BUNGO;150813;RIMBO TENGAH;DATA SEKOLAH;2022/2023 GANJIL;NEGERI;TPA;0
15;JAMBI;1508;BUNGO;150813;RIMBO TENGAH;DATA SEKOLAH;2022/2023 GANJIL;NEGERI;SPS;0
15;JAMBI;1508;BUNGO;150813;RIMBO TENGAH;DATA SEKOLAH;2022/2023 GANJIL;NEGERI;PKBM;0
15;JAMBI;1508;BUNGO;150813;RIMBO TENGAH;DATA SEKOLAH;2022/2023 GANJIL;NEGERI;SKB;0
15;JAMBI;1508;BUNGO;150813;RIMBO TENGAH;DATA SEKOLAH;2022/2023 GANJIL;NEGERI;SD;12
15;JAMBI;1508;BUNGO;150813;RIMBO TENGAH;DATA SEKOLAH;2022/2023 GANJIL;NEGERI;SMP;3
15;JAMBI;1508;BUNGO;150813;RIMBO TENGAH;DATA SEKOLAH;2022/2023 GANJIL;NEGERI;SMA;3
15;JAMBI;1508;BUNGO;150813;RIMBO TENGAH;DATA SEKOLAH;2022/2023 GANJIL;NEGERI;SMK;0
15;JAMBI;1508;BUNGO;150813;RIMBO TENGAH;DATA SEKOLAH;2022/2023 GANJIL;NEGERI;SLB;1
15;JAMBI;1509;TEBO;150907;RIMBO ULU;DATA SEKOLAH;2022/2023 GANJIL;NEGERI;TK;1
15;JAMBI;1509;TEBO;150907;RIMBO ULU;DATA SEKOLAH;2022/2023 GANJIL;NEGERI;KB;0
15;JAMBI;1509;TEBO;150907;RIMBO ULU;DATA SEKOLAH;2022/2023 GANJIL;NEGERI;TPA;0
15;JAMBI;1509;TEBO;150907;RIMBO ULU;DATA SEKOLAH;2022/2023 GANJIL;NEGERI;SPS;0
15;JAMBI;1509;TEBO;150907;RIMBO ULU;DATA SEKOLAH;2022/2023 GANJIL;NEGERI;PKBM;0
15;JAMBI;1509;TEBO;150907;RIMBO ULU;DATA SEKOLAH;2022/2023 GANJIL;NEGERI;SKB;0
15;JAMBI;1509;TEBO;150907;RIMBO ULU;DATA SEKOLAH;2022/2023 GANJIL;NEGERI;SD;23
15;JAMBI;1509;TEBO;150907;RIMBO ULU;DATA SEKOLAH;2022/2023 GANJIL;NEGERI;SMP;5
15;JAMBI;1509;TEBO;150907;RIMBO ULU;DATA SEKOLAH;2022/2023 GANJIL;NEGERI;SMA;4
15;JAMBI;1509;TEBO;150907;RIMBO ULU;DATA SEKOLAH;2022/2023 GANJIL;NEGERI;SMK;1
15;JAMBI;1509;TEBO;150907;RIMBO ULU;DATA SEKOLAH;2022/2023 GANJIL;NEGERI;SLB;0
15;JAMBI;1507;TANJUNG JABUNG TIMUR;150705;S A D U;DATA SEKOLAH;2022/2023 GANJIL;NEGERI;TK;2
15;JAMBI;1507;TANJUNG JABUNG TIMUR;150705;S A D U;DATA SEKOLAH;2022/2023 GANJIL;NEGERI;KB;0
15;JAMBI;1507;TANJUNG JABUNG TIMUR;150705;S A D U;DATA SEKOLAH;2022/2023 GANJIL;NEGERI;TPA;0
15;JAMBI;1507;TANJUNG JABUNG TIMUR;150705;S A D U;DATA SEKOLAH;2022/2023 GANJIL;NEGERI;SPS;0
15;JAMBI;1507;TANJUNG JABUNG TIMUR;150705;S A D U;DATA SEKOLAH;2022/2023 GANJIL;NEGERI;PKBM;0
15;JAMBI;1507;TANJUNG JABUNG TIMUR;150705;S A D U;DATA SEKOLAH;2022/2023 GANJIL;NEGERI;SKB;0
15;JAMBI;1507;TANJUNG JABUNG TIMUR;150705;S A D U;DATA SEKOLAH;2022/2023 GANJIL;NEGERI;SD;18
15;JAMBI;1507;TANJUNG JABUNG TIMUR;150705;S A D U;DATA SEKOLAH;2022/2023 GANJIL;NEGERI;SMP;4
15;JAMBI;1507;TANJUNG JABUNG TIMUR;150705;S A D U;DATA SEKOLAH;2022/2023 GANJIL;NEGERI;SMA;1
15;JAMBI;1507;TANJUNG JABUNG TIMUR;150705;S A D U;DATA SEKOLAH;2022/2023 GANJIL;NEGERI;SMK;0
15;JAMBI;1507;TANJUNG JABUNG TIMUR;150705;S A D U;DATA SEKOLAH;2022/2023 GANJIL;NEGERI;SLB;0
15;JAMBI;1503;SAROLANGUN;150303;SAROLANGUN;DATA SEKOLAH;2022/2023 GANJIL;NEGERI;TK;2
15;JAMBI;1503;SAROLANGUN;150303;SAROLANGUN;DATA SEKOLAH;2022/2023 GANJIL;NEGERI;KB;0
15;JAMBI;1503;SAROLANGUN;150303;SAROLANGUN;DATA SEKOLAH;2022/2023 GANJIL;NEGERI;TPA;0
15;JAMBI;1503;SAROLANGUN;150303;SAROLANGUN;DATA SEKOLAH;2022/2023 GANJIL;NEGERI;SPS;0
15;JAMBI;1503;SAROLANGUN;150303;SAROLANGUN;DATA SEKOLAH;2022/2023 GANJIL;NEGERI;PKBM;0
15;JAMBI;1503;SAROLANGUN;150303;SAROLANGUN;DATA SEKOLAH;2022/2023 GANJIL;NEGERI;SKB;1
15;JAMBI;1503;SAROLANGUN;150303;SAROLANGUN;DATA SEKOLAH;2022/2023 GANJIL;NEGERI;SD;24
15;JAMBI;1503;SAROLANGUN;150303;SAROLANGUN;DATA SEKOLAH;2022/2023 GANJIL;NEGERI;SMP;5
15;JAMBI;1503;SAROLANGUN;150303;SAROLANGUN;DATA SEKOLAH;2022/2023 GANJIL;NEGERI;SMA;2
15;JAMBI;1503;SAROLANGUN;150303;SAROLANGUN;DATA SEKOLAH;2022/2023 GANJIL;NEGERI;SMK;3
15;JAMBI;1503;SAROLANGUN;150303;SAROLANGUN;DATA SEKOLAH;2022/2023 GANJIL;NEGERI;SLB;1
15;JAMBI;1506;TANJUNG JABUNG BARAT;150610;SEBERANG KOTA;DATA SEKOLAH;2022/2023 GANJIL;NEGERI;TK;0
15;JAMBI;1506;TANJUNG JABUNG BARAT;150610;SEBERANG KOTA;DATA SEKOLAH;2022/2023 GANJIL;NEGERI;KB;0
15;JAMBI;1506;TANJUNG JABUNG BARAT;150610;SEBERANG KOTA;DATA SEKOLAH;2022/2023 GANJIL;NEGERI;TPA;0
15;JAMBI;1506;TANJUNG JABUNG BARAT;150610;SEBERANG KOTA;DATA SEKOLAH;2022/2023 GANJIL;NEGERI;SPS;0
15;JAMBI;1506;TANJUNG JABUNG BARAT;150610;SEBERANG KOTA;DATA SEKOLAH;2022/2023 GANJIL;NEGERI;PKBM;0
15;JAMBI;1506;TANJUNG JABUNG BARAT;150610;SEBERANG KOTA;DATA SEKOLAH;2022/2023 GANJIL;NEGERI;SKB;0
15;JAMBI;1506;TANJUNG JABUNG BARAT;150610;SEBERANG KOTA;DATA SEKOLAH;2022/2023 GANJIL;NEGERI;SD;10
15;JAMBI;1506;TANJUNG JABUNG BARAT;150610;SEBERANG KOTA;DATA SEKOLAH;2022/2023 GANJIL;NEGERI;SMP;3
15;JAMBI;1506;TANJUNG JABUNG BARAT;150610;SEBERANG KOTA;DATA SEKOLAH;2022/2023 GANJIL;NEGERI;SMA;0
15;JAMBI;1506;TANJUNG JABUNG BARAT;150610;SEBERANG KOTA;DATA SEKOLAH;2022/2023 GANJIL;NEGERI;SMK;0
15;JAMBI;1506;TANJUNG JABUNG BARAT;150610;SEBERANG KOTA;DATA SEKOLAH;2022/2023 GANJIL;NEGERI;SLB;0
15;JAMBI;1505;MUARO JAMBI;150502;SEKERNAN;DATA SEKOLAH;2022/2023 GANJIL;NEGERI;TK;1
15;JAMBI;1505;MUARO JAMBI;150502;SEKERNAN;DATA SEKOLAH;2022/2023 GANJIL;NEGERI;KB;0
15;JAMBI;1505;MUARO JAMBI;150502;SEKERNAN;DATA SEKOLAH;2022/2023 GANJIL;NEGERI;TPA;0
15;JAMBI;1505;MUARO JAMBI;150502;SEKERNAN;DATA SEKOLAH;2022/2023 GANJIL;NEGERI;SPS;0
15;JAMBI;1505;MUARO JAMBI;150502;SEKERNAN;DATA SEKOLAH;2022/2023 GANJIL;NEGERI;PKBM;0
15;JAMBI;1505;MUARO JAMBI;150502;SEKERNAN;DATA SEKOLAH;2022/2023 GANJIL;NEGERI;SKB;1
15;JAMBI;1505;MUARO JAMBI;150502;SEKERNAN;DATA SEKOLAH;2022/2023 GANJIL;NEGERI;SD;31
15;JAMBI;1505;MUARO JAMBI;150502;SEKERNAN;DATA SEKOLAH;2022/2023 GANJIL;NEGERI;SMP;7
15;JAMBI;1505;MUARO JAMBI;150502;SEKERNAN;DATA SEKOLAH;2022/2023 GANJIL;NEGERI;SMA;2
15;JAMBI;1505;MUARO JAMBI;150502;SEKERNAN;DATA SEKOLAH;2022/2023 GANJIL;NEGERI;SMK;1
15;JAMBI;1505;MUARO JAMBI;150502;SEKERNAN;DATA SEKOLAH;2022/2023 GANJIL;NEGERI;SLB;1
15;JAMBI;1506;TANJUNG JABUNG BARAT;150613;SENYERANG;DATA SEKOLAH;2022/2023 GANJIL;NEGERI;TK;0
15;JAMBI;1506;TANJUNG JABUNG BARAT;150613;SENYERANG;DATA SEKOLAH;2022/2023 GANJIL;NEGERI;KB;0
15;JAMBI;1506;TANJUNG JABUNG BARAT;150613;SENYERANG;DATA SEKOLAH;2022/2023 GANJIL;NEGERI;TPA;0
15;JAMBI;1506;TANJUNG JABUNG BARAT;150613;SENYERANG;DATA SEKOLAH;2022/2023 GANJIL;NEGERI;SPS;0
15;JAMBI;1506;TANJUNG JABUNG BARAT;150613;SENYERANG;DATA SEKOLAH;2022/2023 GANJIL;NEGERI;PKBM;0
15;JAMBI;1506;TANJUNG JABUNG BARAT;150613;SENYERANG;DATA SEKOLAH;2022/2023 GANJIL;NEGERI;SKB;0
15;JAMBI;1506;TANJUNG JABUNG BARAT;150613;SENYERANG;DATA SEKOLAH;2022/2023 GANJIL;NEGERI;SD;23
15;JAMBI;1506;TANJUNG JABUNG BARAT;150613;SENYERANG;DATA SEKOLAH;2022/2023 GANJIL;NEGERI;SMP;7
15;JAMBI;1506;TANJUNG JABUNG BARAT;150613;SENYERANG;DATA SEKOLAH;2022/2023 GANJIL;NEGERI;SMA;2
15;JAMBI;1506;TANJUNG JABUNG BARAT;150613;SENYERANG;DATA SEKOLAH;2022/2023 GANJIL;NEGERI;SMK;0
15;JAMBI;1506;TANJUNG JABUNG BARAT;150613;SENYERANG;DATA SEKOLAH;2022/2023 GANJIL;NEGERI;SLB;0
15;JAMBI;1509;TEBO;150910;SERAI SERUMPUN;DATA SEKOLAH;2022/2023 GANJIL;NEGERI;TK;1
15;JAMBI;1509;TEBO;150910;SERAI SERUMPUN;DATA SEKOLAH;2022/2023 GANJIL;NEGERI;KB;0
15;JAMBI;1509;TEBO;150910;SERAI SERUMPUN;DATA SEKOLAH;2022/2023 GANJIL;NEGERI;TPA;0
15;JAMBI;1509;TEBO;150910;SERAI SERUMPUN;DATA SEKOLAH;2022/2023 GANJIL;NEGERI;SPS;0
15;JAMBI;1509;TEBO;150910;SERAI SERUMPUN;DATA SEKOLAH;2022/2023 GANJIL;NEGERI;PKBM;0
15;JAMBI;1509;TEBO;150910;SERAI SERUMPUN;DATA SEKOLAH;2022/2023 GANJIL;NEGERI;SKB;0
15;JAMBI;1509;TEBO;150910;SERAI SERUMPUN;DATA SEKOLAH;2022/2023 GANJIL;NEGERI;SD;9
15;JAMBI;1509;TEBO;150910;SERAI SERUMPUN;DATA SEKOLAH;2022/2023 GANJIL;NEGERI;SMP;2
15;JAMBI;1509;TEBO;150910;SERAI SERUMPUN;DATA SEKOLAH;2022/2023 GANJIL;NEGERI;SMA;1
15;JAMBI;1509;TEBO;150910;SERAI SERUMPUN;DATA SEKOLAH;2022/2023 GANJIL;NEGERI;SMK;0
15;JAMBI;1509;TEBO;150910;SERAI SERUMPUN;DATA SEKOLAH;2022/2023 GANJIL;NEGERI;SLB;0
15;JAMBI;1503;SAROLANGUN;150309;SINGKUT;DATA SEKOLAH;2022/2023 GANJIL;NEGERI;TK;1
15;JAMBI;1503;SAROLANGUN;150309;SINGKUT;DATA SEKOLAH;2022/2023 GANJIL;NEGERI;KB;0
15;JAMBI;1503;SAROLANGUN;150309;SINGKUT;DATA SEKOLAH;2022/2023 GANJIL;NEGERI;TPA;0
15;JAMBI;1503;SAROLANGUN;150309;SINGKUT;DATA SEKOLAH;2022/2023 GANJIL;NEGERI;SPS;0
15;JAMBI;1503;SAROLANGUN;150309;SINGKUT;DATA SEKOLAH;2022/2023 GANJIL;NEGERI;PKBM;0
15;JAMBI;1503;SAROLANGUN;150309;SINGKUT;DATA SEKOLAH;2022/2023 GANJIL;NEGERI;SKB;0
15;JAMBI;1503;SAROLANGUN;150309;SINGKUT;DATA SEKOLAH;2022/2023 GANJIL;NEGERI;SD;17
15;JAMBI;1503;SAROLANGUN;150309;SINGKUT;DATA SEKOLAH;2022/2023 GANJIL;NEGERI;SMP;3
15;JAMBI;1503;SAROLANGUN;150309;SINGKUT;DATA SEKOLAH;2022/2023 GANJIL;NEGERI;SMA;1
15;JAMBI;1503;SAROLANGUN;150309;SINGKUT;DATA SEKOLAH;2022/2023 GANJIL;NEGERI;SMK;1
15;JAMBI;1503;SAROLANGUN;150309;SINGKUT;DATA SEKOLAH;2022/2023 GANJIL;NEGERI;SLB;0
15;JAMBI;1501;KERINCI;150104;SITINJAU LAUT;DATA SEKOLAH;2022/2023 GANJIL;NEGERI;TK;1
15;JAMBI;1501;KERINCI;150104;SITINJAU LAUT;DATA SEKOLAH;2022/2023 GANJIL;NEGERI;KB;0
15;JAMBI;1501;KERINCI;150104;SITINJAU LAUT;DATA SEKOLAH;2022/2023 GANJIL;NEGERI;TPA;0
15;JAMBI;1501;KERINCI;150104;SITINJAU LAUT;DATA SEKOLAH;2022/2023 GANJIL;NEGERI;SPS;0
15;JAMBI;1501;KERINCI;150104;SITINJAU LAUT;DATA SEKOLAH;2022/2023 GANJIL;NEGERI;PKBM;0
15;JAMBI;1501;KERINCI;150104;SITINJAU LAUT;DATA SEKOLAH;2022/2023 GANJIL;NEGERI;SKB;0
15;JAMBI;1501;KERINCI;150104;SITINJAU LAUT;DATA SEKOLAH;2022/2023 GANJIL;NEGERI;SD;16
15;JAMBI;1501;KERINCI;150104;SITINJAU LAUT;DATA SEKOLAH;2022/2023 GANJIL;NEGERI;SMP;1
15;JAMBI;1501;KERINCI;150104;SITINJAU LAUT;DATA SEKOLAH;2022/2023 GANJIL;NEGERI;SMA;1
15;JAMBI;1501;KERINCI;150104;SITINJAU LAUT;DATA SEKOLAH;2022/2023 GANJIL;NEGERI;SMK;0
15;JAMBI;1501;KERINCI;150104;SITINJAU LAUT;DATA SEKOLAH;2022/2023 GANJIL;NEGERI;SLB;0
15;JAMBI;1501;KERINCI;150116;SIULAK;DATA SEKOLAH;2022/2023 GANJIL;NEGERI;TK;2
15;JAMBI;1501;KERINCI;150116;SIULAK;DATA SEKOLAH;2022/2023 GANJIL;NEGERI;KB;0
15;JAMBI;1501;KERINCI;150116;SIULAK;DATA SEKOLAH;2022/2023 GANJIL;NEGERI;TPA;0
15;JAMBI;1501;KERINCI;150116;SIULAK;DATA SEKOLAH;2022/2023 GANJIL;NEGERI;SPS;0
15;JAMBI;1501;KERINCI;150116;SIULAK;DATA SEKOLAH;2022/2023 GANJIL;NEGERI;PKBM;0
15;JAMBI;1501;KERINCI;150116;SIULAK;DATA SEKOLAH;2022/2023 GANJIL;NEGERI;SKB;0
15;JAMBI;1501;KERINCI;150116;SIULAK;DATA SEKOLAH;2022/2023 GANJIL;NEGERI;SD;16
15;JAMBI;1501;KERINCI;150116;SIULAK;DATA SEKOLAH;2022/2023 GANJIL;NEGERI;SMP;3
15;JAMBI;1501;KERINCI;150116;SIULAK;DATA SEKOLAH;2022/2023 GANJIL;NEGERI;SMA;1
15;JAMBI;1501;KERINCI;150116;SIULAK;DATA SEKOLAH;2022/2023 GANJIL;NEGERI;SMK;0
15;JAMBI;1501;KERINCI;150116;SIULAK;DATA SEKOLAH;2022/2023 GANJIL;NEGERI;SLB;0
15;JAMBI;1501;KERINCI;150118;SIULAK MUKAI;DATA SEKOLAH;2022/2023 GANJIL;NEGERI;TK;1
15;JAMBI;1501;KERINCI;150118;SIULAK MUKAI;DATA SEKOLAH;2022/2023 GANJIL;NEGERI;KB;1
15;JAMBI;1501;KERINCI;150118;SIULAK MUKAI;DATA SEKOLAH;2022/2023 GANJIL;NEGERI;TPA;0
15;JAMBI;1501;KERINCI;150118;SIULAK MUKAI;DATA SEKOLAH;2022/2023 GANJIL;NEGERI;SPS;0
15;JAMBI;1501;KERINCI;150118;SIULAK MUKAI;DATA SEKOLAH;2022/2023 GANJIL;NEGERI;PKBM;0
15;JAMBI;1501;KERINCI;150118;SIULAK MUKAI;DATA SEKOLAH;2022/2023 GANJIL;NEGERI;SKB;0
15;JAMBI;1501;KERINCI;150118;SIULAK MUKAI;DATA SEKOLAH;2022/2023 GANJIL;NEGERI;SD;9
15;JAMBI;1501;KERINCI;150118;SIULAK MUKAI;DATA SEKOLAH;2022/2023 GANJIL;NEGERI;SMP;3
15;JAMBI;1501;KERINCI;150118;SIULAK MUKAI;DATA SEKOLAH;2022/2023 GANJIL;NEGERI;SMA;1
15;JAMBI;1501;KERINCI;150118;SIULAK MUKAI;DATA SEKOLAH;2022/2023 GANJIL;NEGERI;SMK;1
15;JAMBI;1501;KERINCI;150118;SIULAK MUKAI;DATA SEKOLAH;2022/2023 GANJIL;NEGERI;SLB;0
15;JAMBI;1509;TEBO;150905;SUMAY;DATA SEKOLAH;2022/2023 GANJIL;NEGERI;TK;1
15;JAMBI;1509;TEBO;150905;SUMAY;DATA SEKOLAH;2022/2023 GANJIL;NEGERI;KB;0
15;JAMBI;1509;TEBO;150905;SUMAY;DATA SEKOLAH;2022/2023 GANJIL;NEGERI;TPA;0
15;JAMBI;1509;TEBO;150905;SUMAY;DATA SEKOLAH;2022/2023 GANJIL;NEGERI;SPS;0
15;JAMBI;1509;TEBO;150905;SUMAY;DATA SEKOLAH;2022/2023 GANJIL;NEGERI;PKBM;0
15;JAMBI;1509;TEBO;150905;SUMAY;DATA SEKOLAH;2022/2023 GANJIL;NEGERI;SKB;0
15;JAMBI;1509;TEBO;150905;SUMAY;DATA SEKOLAH;2022/2023 GANJIL;NEGERI;SD;20
15;JAMBI;1509;TEBO;150905;SUMAY;DATA SEKOLAH;2022/2023 GANJIL;NEGERI;SMP;6
15;JAMBI;1509;TEBO;150905;SUMAY;DATA SEKOLAH;2022/2023 GANJIL;NEGERI;SMA;1
15;JAMBI;1509;TEBO;150905;SUMAY;DATA SEKOLAH;2022/2023 GANJIL;NEGERI;SMK;1
15;JAMBI;1509;TEBO;150905;SUMAY;DATA SEKOLAH;2022/2023 GANJIL;NEGERI;SLB;0
15;JAMBI;1505;MUARO JAMBI;150507;SUNGAI BAHAR;DATA SEKOLAH;2022/2023 GANJIL;NEGERI;TK;0
15;JAMBI;1505;MUARO JAMBI;150507;SUNGAI BAHAR;DATA SEKOLAH;2022/2023 GANJIL;NEGERI;KB;0
15;JAMBI;1505;MUARO JAMBI;150507;SUNGAI BAHAR;DATA SEKOLAH;2022/2023 GANJIL;NEGERI;TPA;0
15;JAMBI;1505;MUARO JAMBI;150507;SUNGAI BAHAR;DATA SEKOLAH;2022/2023 GANJIL;NEGERI;SPS;0
15;JAMBI;1505;MUARO JAMBI;150507;SUNGAI BAHAR;DATA SEKOLAH;2022/2023 GANJIL;NEGERI;PKBM;0
15;JAMBI;1505;MUARO JAMBI;150507;SUNGAI BAHAR;DATA SEKOLAH;2022/2023 GANJIL;NEGERI;SKB;0
15;JAMBI;1505;MUARO JAMBI;150507;SUNGAI BAHAR;DATA SEKOLAH;2022/2023 GANJIL;NEGERI;SD;19
15;JAMBI;1505;MUARO JAMBI;150507;SUNGAI BAHAR;DATA SEKOLAH;2022/2023 GANJIL;NEGERI;SMP;6
15;JAMBI;1505;MUARO JAMBI;150507;SUNGAI BAHAR;DATA SEKOLAH;2022/2023 GANJIL;NEGERI;SMA;1
15;JAMBI;1505;MUARO JAMBI;150507;SUNGAI BAHAR;DATA SEKOLAH;2022/2023 GANJIL;NEGERI;SMK;2
15;JAMBI;1505;MUARO JAMBI;150507;SUNGAI BAHAR;DATA SEKOLAH;2022/2023 GANJIL;NEGERI;SLB;0
15;JAMBI;1572;KOTA SUNGAI PENUH;157208;SUNGAI BUNGKAL;DATA SEKOLAH;2022/2023 GANJIL;NEGERI;TK;1
15;JAMBI;1572;KOTA SUNGAI PENUH;157208;SUNGAI BUNGKAL;DATA SEKOLAH;2022/2023 GANJIL;NEGERI;KB;0
15;JAMBI;1572;KOTA SUNGAI PENUH;157208;SUNGAI BUNGKAL;DATA SEKOLAH;2022/2023 GANJIL;NEGERI;TPA;0
15;JAMBI;1572;KOTA SUNGAI PENUH;157208;SUNGAI BUNGKAL;DATA SEKOLAH;2022/2023 GANJIL;NEGERI;SPS;0
15;JAMBI;1572;KOTA SUNGAI PENUH;157208;SUNGAI BUNGKAL;DATA SEKOLAH;2022/2023 GANJIL;NEGERI;PKBM;0
15;JAMBI;1572;KOTA SUNGAI PENUH;157208;SUNGAI BUNGKAL;DATA SEKOLAH;2022/2023 GANJIL;NEGERI;SKB;0
15;JAMBI;1572;KOTA SUNGAI PENUH;157208;SUNGAI BUNGKAL;DATA SEKOLAH;2022/2023 GANJIL;NEGERI;SD;9
15;JAMBI;1572;KOTA SUNGAI PENUH;157208;SUNGAI BUNGKAL;DATA SEKOLAH;2022/2023 GANJIL;NEGERI;SMP;1
15;JAMBI;1572;KOTA SUNGAI PENUH;157208;SUNGAI BUNGKAL;DATA SEKOLAH;2022/2023 GANJIL;NEGERI;SMA;0
15;JAMBI;1572;KOTA SUNGAI PENUH;157208;SUNGAI BUNGKAL;DATA SEKOLAH;2022/2023 GANJIL;NEGERI;SMK;0
15;JAMBI;1572;KOTA SUNGAI PENUH;157208;SUNGAI BUNGKAL;DATA SEKOLAH;2022/2023 GANJIL;NEGERI;SLB;0
15;JAMBI;1505;MUARO JAMBI;150508;SUNGAI GELAM;DATA SEKOLAH;2022/2023 GANJIL;NEGERI;TK;1
15;JAMBI;1505;MUARO JAMBI;150508;SUNGAI GELAM;DATA SEKOLAH;2022/2023 GANJIL;NEGERI;KB;0
15;JAMBI;1505;MUARO JAMBI;150508;SUNGAI GELAM;DATA SEKOLAH;2022/2023 GANJIL;NEGERI;TPA;0
15;JAMBI;1505;MUARO JAMBI;150508;SUNGAI GELAM;DATA SEKOLAH;2022/2023 GANJIL;NEGERI;SPS;0
15;JAMBI;1505;MUARO JAMBI;150508;SUNGAI GELAM;DATA SEKOLAH;2022/2023 GANJIL;NEGERI;PKBM;0
15;JAMBI;1505;MUARO JAMBI;150508;SUNGAI GELAM;DATA SEKOLAH;2022/2023 GANJIL;NEGERI;SKB;0
15;JAMBI;1505;MUARO JAMBI;150508;SUNGAI GELAM;DATA SEKOLAH;2022/2023 GANJIL;NEGERI;SD;28
15;JAMBI;1505;MUARO JAMBI;150508;SUNGAI GELAM;DATA SEKOLAH;2022/2023 GANJIL;NEGERI;SMP;11
15;JAMBI;1505;MUARO JAMBI;150508;SUNGAI GELAM;DATA SEKOLAH;2022/2023 GANJIL;NEGERI;SMA;2
15;JAMBI;1505;MUARO JAMBI;150508;SUNGAI GELAM;DATA SEKOLAH;2022/2023 GANJIL;NEGERI;SMK;1
15;JAMBI;1505;MUARO JAMBI;150508;SUNGAI GELAM;DATA SEKOLAH;2022/2023 GANJIL;NEGERI;SLB;0
15;JAMBI;1502;MERANGIN;150204;SUNGAI MANAU;DATA SEKOLAH;2022/2023 GANJIL;NEGERI;TK;0
15;JAMBI;1502;MERANGIN;150204;SUNGAI MANAU;DATA SEKOLAH;2022/2023 GANJIL;NEGERI;KB;0
15;JAMBI;1502;MERANGIN;150204;SUNGAI MANAU;DATA SEKOLAH;2022/2023 GANJIL;NEGERI;TPA;0
15;JAMBI;1502;MERANGIN;150204;SUNGAI MANAU;DATA SEKOLAH;2022/2023 GANJIL;NEGERI;SPS;0
15;JAMBI;1502;MERANGIN;150204;SUNGAI MANAU;DATA SEKOLAH;2022/2023 GANJIL;NEGERI;PKBM;0
15;JAMBI;1502;MERANGIN;150204;SUNGAI MANAU;DATA SEKOLAH;2022/2023 GANJIL;NEGERI;SKB;0
15;JAMBI;1502;MERANGIN;150204;SUNGAI MANAU;DATA SEKOLAH;2022/2023 GANJIL;NEGERI;SD;12
15;JAMBI;1502;MERANGIN;150204;SUNGAI MANAU;DATA SEKOLAH;2022/2023 GANJIL;NEGERI;SMP;2
15;JAMBI;1502;MERANGIN;150204;SUNGAI MANAU;DATA SEKOLAH;2022/2023 GANJIL;NEGERI;SMA;1
15;JAMBI;1502;MERANGIN;150204;SUNGAI MANAU;DATA SEKOLAH;2022/2023 GANJIL;NEGERI;SMK;0
15;JAMBI;1502;MERANGIN;150204;SUNGAI MANAU;DATA SEKOLAH;2022/2023 GANJIL;NEGERI;SLB;0
15;JAMBI;1572;KOTA SUNGAI PENUH;157201;SUNGAI PENUH;DATA SEKOLAH;2022/2023 GANJIL;NEGERI;TK;1
15;JAMBI;1572;KOTA SUNGAI PENUH;157201;SUNGAI PENUH;DATA SEKOLAH;2022/2023 GANJIL;NEGERI;KB;0
15;JAMBI;1572;KOTA SUNGAI PENUH;157201;SUNGAI PENUH;DATA SEKOLAH;2022/2023 GANJIL;NEGERI;TPA;0
15;JAMBI;1572;KOTA SUNGAI PENUH;157201;SUNGAI PENUH;DATA SEKOLAH;2022/2023 GANJIL;NEGERI;SPS;0
15;JAMBI;1572;KOTA SUNGAI PENUH;157201;SUNGAI PENUH;DATA SEKOLAH;2022/2023 GANJIL;NEGERI;PKBM;0
15;JAMBI;1572;KOTA SUNGAI PENUH;157201;SUNGAI PENUH;DATA SEKOLAH;2022/2023 GANJIL;NEGERI;SKB;0
15;JAMBI;1572;KOTA SUNGAI PENUH;157201;SUNGAI PENUH;DATA SEKOLAH;2022/2023 GANJIL;NEGERI;SD;7
15;JAMBI;1572;KOTA SUNGAI PENUH;157201;SUNGAI PENUH;DATA SEKOLAH;2022/2023 GANJIL;NEGERI;SMP;4
15;JAMBI;1572;KOTA SUNGAI PENUH;157201;SUNGAI PENUH;DATA SEKOLAH;2022/2023 GANJIL;NEGERI;SMA;2
15;JAMBI;1572;KOTA SUNGAI PENUH;157201;SUNGAI PENUH;DATA SEKOLAH;2022/2023 GANJIL;NEGERI;SMK;0
15;JAMBI;1572;KOTA SUNGAI PENUH;157201;SUNGAI PENUH;DATA SEKOLAH;2022/2023 GANJIL;NEGERI;SLB;0
15;JAMBI;1502;MERANGIN;150205;TABIR;DATA SEKOLAH;2022/2023 GANJIL;NEGERI;TK;1
15;JAMBI;1502;MERANGIN;150205;TABIR;DATA SEKOLAH;2022/2023 GANJIL;NEGERI;KB;0
15;JAMBI;1502;MERANGIN;150205;TABIR;DATA SEKOLAH;2022/2023 GANJIL;NEGERI;TPA;0
15;JAMBI;1502;MERANGIN;150205;TABIR;DATA SEKOLAH;2022/2023 GANJIL;NEGERI;SPS;0
15;JAMBI;1502;MERANGIN;150205;TABIR;DATA SEKOLAH;2022/2023 GANJIL;NEGERI;PKBM;0
15;JAMBI;1502;MERANGIN;150205;TABIR;DATA SEKOLAH;2022/2023 GANJIL;NEGERI;SKB;1
15;JAMBI;1502;MERANGIN;150205;TABIR;DATA SEKOLAH;2022/2023 GANJIL;NEGERI;SD;22
15;JAMBI;1502;MERANGIN;150205;TABIR;DATA SEKOLAH;2022/2023 GANJIL;NEGERI;SMP;4
15;JAMBI;1502;MERANGIN;150205;TABIR;DATA SEKOLAH;2022/2023 GANJIL;NEGERI;SMA;1
15;JAMBI;1502;MERANGIN;150205;TABIR;DATA SEKOLAH;2022/2023 GANJIL;NEGERI;SMK;0
15;JAMBI;1502;MERANGIN;150205;TABIR;DATA SEKOLAH;2022/2023 GANJIL;NEGERI;SLB;0
15;JAMBI;1502;MERANGIN;150223;TABIR BARAT;DATA SEKOLAH;2022/2023 GANJIL;NEGERI;TK;0
15;JAMBI;1502;MERANGIN;150223;TABIR BARAT;DATA SEKOLAH;2022/2023 GANJIL;NEGERI;KB;0
15;JAMBI;1502;MERANGIN;150223;TABIR BARAT;DATA SEKOLAH;2022/2023 GANJIL;NEGERI;TPA;0
15;JAMBI;1502;MERANGIN;150223;TABIR BARAT;DATA SEKOLAH;2022/2023 GANJIL;NEGERI;SPS;0
15;JAMBI;1502;MERANGIN;150223;TABIR BARAT;DATA SEKOLAH;2022/2023 GANJIL;NEGERI;PKBM;0
15;JAMBI;1502;MERANGIN;150223;TABIR BARAT;DATA SEKOLAH;2022/2023 GANJIL;NEGERI;SKB;0
15;JAMBI;1502;MERANGIN;150223;TABIR BARAT;DATA SEKOLAH;2022/2023 GANJIL;NEGERI;SD;19
15;JAMBI;1502;MERANGIN;150223;TABIR BARAT;DATA SEKOLAH;2022/2023 GANJIL;NEGERI;SMP;5
15;JAMBI;1502;MERANGIN;150223;TABIR BARAT;DATA SEKOLAH;2022/2023 GANJIL;NEGERI;SMA;0
15;JAMBI;1502;MERANGIN;150223;TABIR BARAT;DATA SEKOLAH;2022/2023 GANJIL;NEGERI;SMK;1
15;JAMBI;1502;MERANGIN;150223;TABIR BARAT;DATA SEKOLAH;2022/2023 GANJIL;NEGERI;SLB;0
15;JAMBI;1502;MERANGIN;150214;TABIR ILIR;DATA SEKOLAH;2022/2023 GANJIL;NEGERI;TK;0
15;JAMBI;1502;MERANGIN;150214;TABIR ILIR;DATA SEKOLAH;2022/2023 GANJIL;NEGERI;KB;0
15;JAMBI;1502;MERANGIN;150214;TABIR ILIR;DATA SEKOLAH;2022/2023 GANJIL;NEGERI;TPA;0
15;JAMBI;1502;MERANGIN;150214;TABIR ILIR;DATA SEKOLAH;2022/2023 GANJIL;NEGERI;SPS;0
15;JAMBI;1502;MERANGIN;150214;TABIR ILIR;DATA SEKOLAH;2022/2023 GANJIL;NEGERI;PKBM;0
15;JAMBI;1502;MERANGIN;150214;TABIR ILIR;DATA SEKOLAH;2022/2023 GANJIL;NEGERI;SKB;0
15;JAMBI;1502;MERANGIN;150214;TABIR ILIR;DATA SEKOLAH;2022/2023 GANJIL;NEGERI;SD;10
15;JAMBI;1502;MERANGIN;150214;TABIR ILIR;DATA SEKOLAH;2022/2023 GANJIL;NEGERI;SMP;2
15;JAMBI;1502;MERANGIN;150214;TABIR ILIR;DATA SEKOLAH;2022/2023 GANJIL;NEGERI;SMA;0
15;JAMBI;1502;MERANGIN;150214;TABIR ILIR;DATA SEKOLAH;2022/2023 GANJIL;NEGERI;SMK;1
15;JAMBI;1502;MERANGIN;150214;TABIR ILIR;DATA SEKOLAH;2022/2023 GANJIL;NEGERI;SLB;0
15;JAMBI;1502;MERANGIN;150222;TABIR LINTAS;DATA SEKOLAH;2022/2023 GANJIL;NEGERI;TK;0
15;JAMBI;1502;MERANGIN;150222;TABIR LINTAS;DATA SEKOLAH;2022/2023 GANJIL;NEGERI;KB;0
15;JAMBI;1502;MERANGIN;150222;TABIR LINTAS;DATA SEKOLAH;2022/2023 GANJIL;NEGERI;TPA;0
15;JAMBI;1502;MERANGIN;150222;TABIR LINTAS;DATA SEKOLAH;2022/2023 GANJIL;NEGERI;SPS;0
15;JAMBI;1502;MERANGIN;150222;TABIR LINTAS;DATA SEKOLAH;2022/2023 GANJIL;NEGERI;PKBM;0
15;JAMBI;1502;MERANGIN;150222;TABIR LINTAS;DATA SEKOLAH;2022/2023 GANJIL;NEGERI;SKB;0
15;JAMBI;1502;MERANGIN;150222;TABIR LINTAS;DATA SEKOLAH;2022/2023 GANJIL;NEGERI;SD;7
15;JAMBI;1502;MERANGIN;150222;TABIR LINTAS;DATA SEKOLAH;2022/2023 GANJIL;NEGERI;SMP;1
15;JAMBI;1502;MERANGIN;150222;TABIR LINTAS;DATA SEKOLAH;2022/2023 GANJIL;NEGERI;SMA;0
15;JAMBI;1502;MERANGIN;150222;TABIR LINTAS;DATA SEKOLAH;2022/2023 GANJIL;NEGERI;SMK;1
15;JAMBI;1502;MERANGIN;150222;TABIR LINTAS;DATA SEKOLAH;2022/2023 GANJIL;NEGERI;SLB;0
15;JAMBI;1502;MERANGIN;150208;TABIR SELATAN;DATA SEKOLAH;2022/2023 GANJIL;NEGERI;TK;0
15;JAMBI;1502;MERANGIN;150208;TABIR SELATAN;DATA SEKOLAH;2022/2023 GANJIL;NEGERI;KB;0
15;JAMBI;1502;MERANGIN;150208;TABIR SELATAN;DATA SEKOLAH;2022/2023 GANJIL;NEGERI;TPA;0
15;JAMBI;1502;MERANGIN;150208;TABIR SELATAN;DATA SEKOLAH;2022/2023 GANJIL;NEGERI;SPS;0
15;JAMBI;1502;MERANGIN;150208;TABIR SELATAN;DATA SEKOLAH;2022/2023 GANJIL;NEGERI;PKBM;0
15;JAMBI;1502;MERANGIN;150208;TABIR SELATAN;DATA SEKOLAH;2022/2023 GANJIL;NEGERI;SKB;0
15;JAMBI;1502;MERANGIN;150208;TABIR SELATAN;DATA SEKOLAH;2022/2023 GANJIL;NEGERI;SD;15
15;JAMBI;1502;MERANGIN;150208;TABIR SELATAN;DATA SEKOLAH;2022/2023 GANJIL;NEGERI;SMP;5
15;JAMBI;1502;MERANGIN;150208;TABIR SELATAN;DATA SEKOLAH;2022/2023 GANJIL;NEGERI;SMA;2
15;JAMBI;1502;MERANGIN;150208;TABIR SELATAN;DATA SEKOLAH;2022/2023 GANJIL;NEGERI;SMK;2
15;JAMBI;1502;MERANGIN;150208;TABIR SELATAN;DATA SEKOLAH;2022/2023 GANJIL;NEGERI;SLB;0
15;JAMBI;1502;MERANGIN;150215;TABIR TIMUR;DATA SEKOLAH;2022/2023 GANJIL;NEGERI;TK;0
15;JAMBI;1502;MERANGIN;150215;TABIR TIMUR;DATA SEKOLAH;2022/2023 GANJIL;NEGERI;KB;0
15;JAMBI;1502;MERANGIN;150215;TABIR TIMUR;DATA SEKOLAH;2022/2023 GANJIL;NEGERI;TPA;0
15;JAMBI;1502;MERANGIN;150215;TABIR TIMUR;DATA SEKOLAH;2022/2023 GANJIL;NEGERI;SPS;0
15;JAMBI;1502;MERANGIN;150215;TABIR TIMUR;DATA SEKOLAH;2022/2023 GANJIL;NEGERI;PKBM;0
15;JAMBI;1502;MERANGIN;150215;TABIR TIMUR;DATA SEKOLAH;2022/2023 GANJIL;NEGERI;SKB;0
15;JAMBI;1502;MERANGIN;150215;TABIR TIMUR;DATA SEKOLAH;2022/2023 GANJIL;NEGERI;SD;7
15;JAMBI;1502;MERANGIN;150215;TABIR TIMUR;DATA SEKOLAH;2022/2023 GANJIL;NEGERI;SMP;2
15;JAMBI;1502;MERANGIN;150215;TABIR TIMUR;DATA SEKOLAH;2022/2023 GANJIL;NEGERI;SMA;0
15;JAMBI;1502;MERANGIN;150215;TABIR TIMUR;DATA SEKOLAH;2022/2023 GANJIL;NEGERI;SMK;1
15;JAMBI;1502;MERANGIN;150215;TABIR TIMUR;DATA SEKOLAH;2022/2023 GANJIL;NEGERI;SLB;0
15;JAMBI;1502;MERANGIN;150207;TABIR ULU;DATA SEKOLAH;2022/2023 GANJIL;NEGERI;TK;0
15;JAMBI;1502;MERANGIN;150207;TABIR ULU;DATA SEKOLAH;2022/2023 GANJIL;NEGERI;KB;0
15;JAMBI;1502;MERANGIN;150207;TABIR ULU;DATA SEKOLAH;2022/2023 GANJIL;NEGERI;TPA;0
15;JAMBI;1502;MERANGIN;150207;TABIR ULU;DATA SEKOLAH;2022/2023 GANJIL;NEGERI;SPS;0
15;JAMBI;1502;MERANGIN;150207;TABIR ULU;DATA SEKOLAH;2022/2023 GANJIL;NEGERI;PKBM;0
15;JAMBI;1502;MERANGIN;150207;TABIR ULU;DATA SEKOLAH;2022/2023 GANJIL;NEGERI;SKB;0
15;JAMBI;1502;MERANGIN;150207;TABIR ULU;DATA SEKOLAH;2022/2023 GANJIL;NEGERI;SD;10
15;JAMBI;1502;MERANGIN;150207;TABIR ULU;DATA SEKOLAH;2022/2023 GANJIL;NEGERI;SMP;2
15;JAMBI;1502;MERANGIN;150207;TABIR ULU;DATA SEKOLAH;2022/2023 GANJIL;NEGERI;SMA;1
15;JAMBI;1502;MERANGIN;150207;TABIR ULU;DATA SEKOLAH;2022/2023 GANJIL;NEGERI;SMK;0
15;JAMBI;1502;MERANGIN;150207;TABIR ULU;DATA SEKOLAH;2022/2023 GANJIL;NEGERI;SLB;0
15;JAMBI;1505;MUARO JAMBI;150511;TAMAN RAJO;DATA SEKOLAH;2022/2023 GANJIL;NEGERI;TK;0
15;JAMBI;1505;MUARO JAMBI;150511;TAMAN RAJO;DATA SEKOLAH;2022/2023 GANJIL;NEGERI;KB;0
15;JAMBI;1505;MUARO JAMBI;150511;TAMAN RAJO;DATA SEKOLAH;2022/2023 GANJIL;NEGERI;TPA;0
15;JAMBI;1505;MUARO JAMBI;150511;TAMAN RAJO;DATA SEKOLAH;2022/2023 GANJIL;NEGERI;SPS;0
15;JAMBI;1505;MUARO JAMBI;150511;TAMAN RAJO;DATA SEKOLAH;2022/2023 GANJIL;NEGERI;PKBM;0
15;JAMBI;1505;MUARO JAMBI;150511;TAMAN RAJO;DATA SEKOLAH;2022/2023 GANJIL;NEGERI;SKB;0
15;JAMBI;1505;MUARO JAMBI;150511;TAMAN RAJO;DATA SEKOLAH;2022/2023 GANJIL;NEGERI;SD;12
15;JAMBI;1505;MUARO JAMBI;150511;TAMAN RAJO;DATA SEKOLAH;2022/2023 GANJIL;NEGERI;SMP;3
15;JAMBI;1505;MUARO JAMBI;150511;TAMAN RAJO;DATA SEKOLAH;2022/2023 GANJIL;NEGERI;SMA;0
15;JAMBI;1505;MUARO JAMBI;150511;TAMAN RAJO;DATA SEKOLAH;2022/2023 GANJIL;NEGERI;SMK;1
15;JAMBI;1505;MUARO JAMBI;150511;TAMAN RAJO;DATA SEKOLAH;2022/2023 GANJIL;NEGERI;SLB;0
15;JAMBI;1501;KERINCI;150122;TANAH COGOK;DATA SEKOLAH;2022/2023 GANJIL;NEGERI;TK;0
15;JAMBI;1501;KERINCI;150122;TANAH COGOK;DATA SEKOLAH;2022/2023 GANJIL;NEGERI;KB;0
15;JAMBI;1501;KERINCI;150122;TANAH COGOK;DATA SEKOLAH;2022/2023 GANJIL;NEGERI;TPA;0
15;JAMBI;1501;KERINCI;150122;TANAH COGOK;DATA SEKOLAH;2022/2023 GANJIL;NEGERI;SPS;0
15;JAMBI;1501;KERINCI;150122;TANAH COGOK;DATA SEKOLAH;2022/2023 GANJIL;NEGERI;PKBM;0
15;JAMBI;1501;KERINCI;150122;TANAH COGOK;DATA SEKOLAH;2022/2023 GANJIL;NEGERI;SKB;0
15;JAMBI;1501;KERINCI;150122;TANAH COGOK;DATA SEKOLAH;2022/2023 GANJIL;NEGERI;SD;0
15;JAMBI;1501;KERINCI;150122;TANAH COGOK;DATA SEKOLAH;2022/2023 GANJIL;NEGERI;SMP;0
15;JAMBI;1501;KERINCI;150122;TANAH COGOK;DATA SEKOLAH;2022/2023 GANJIL;NEGERI;SMA;0
15;JAMBI;1501;KERINCI;150122;TANAH COGOK;DATA SEKOLAH;2022/2023 GANJIL;NEGERI;SMK;0
15;JAMBI;1501;KERINCI;150122;TANAH COGOK;DATA SEKOLAH;2022/2023 GANJIL;NEGERI;SLB;0
15;JAMBI;1572;KOTA SUNGAI PENUH;157204;TANAH KAMPUNG;DATA SEKOLAH;2022/2023 GANJIL;NEGERI;TK;1
15;JAMBI;1572;KOTA SUNGAI PENUH;157204;TANAH KAMPUNG;DATA SEKOLAH;2022/2023 GANJIL;NEGERI;KB;0
15;JAMBI;1572;KOTA SUNGAI PENUH;157204;TANAH KAMPUNG;DATA SEKOLAH;2022/2023 GANJIL;NEGERI;TPA;0
15;JAMBI;1572;KOTA SUNGAI PENUH;157204;TANAH KAMPUNG;DATA SEKOLAH;2022/2023 GANJIL;NEGERI;SPS;0
15;JAMBI;1572;KOTA SUNGAI PENUH;157204;TANAH KAMPUNG;DATA SEKOLAH;2022/2023 GANJIL;NEGERI;PKBM;0
15;JAMBI;1572;KOTA SUNGAI PENUH;157204;TANAH KAMPUNG;DATA SEKOLAH;2022/2023 GANJIL;NEGERI;SKB;0
15;JAMBI;1572;KOTA SUNGAI PENUH;157204;TANAH KAMPUNG;DATA SEKOLAH;2022/2023 GANJIL;NEGERI;SD;10
15;JAMBI;1572;KOTA SUNGAI PENUH;157204;TANAH KAMPUNG;DATA SEKOLAH;2022/2023 GANJIL;NEGERI;SMP;2
15;JAMBI;1572;KOTA SUNGAI PENUH;157204;TANAH KAMPUNG;DATA SEKOLAH;2022/2023 GANJIL;NEGERI;SMA;0
15;JAMBI;1572;KOTA SUNGAI PENUH;157204;TANAH KAMPUNG;DATA SEKOLAH;2022/2023 GANJIL;NEGERI;SMK;1
15;JAMBI;1572;KOTA SUNGAI PENUH;157204;TANAH KAMPUNG;DATA SEKOLAH;2022/2023 GANJIL;NEGERI;SLB;0
15;JAMBI;1508;BUNGO;150805;TANAH SEPENGGAL;DATA SEKOLAH;2022/2023 GANJIL;NEGERI;TK;1
15;JAMBI;1508;BUNGO;150805;TANAH SEPENGGAL;DATA SEKOLAH;2022/2023 GANJIL;NEGERI;KB;0
15;JAMBI;1508;BUNGO;150805;TANAH SEPENGGAL;DATA SEKOLAH;2022/2023 GANJIL;NEGERI;TPA;0
15;JAMBI;1508;BUNGO;150805;TANAH SEPENGGAL;DATA SEKOLAH;2022/2023 GANJIL;NEGERI;SPS;0
15;JAMBI;1508;BUNGO;150805;TANAH SEPENGGAL;DATA SEKOLAH;2022/2023 GANJIL;NEGERI;PKBM;0
15;JAMBI;1508;BUNGO;150805;TANAH SEPENGGAL;DATA SEKOLAH;2022/2023 GANJIL;NEGERI;SKB;0
15;JAMBI;1508;BUNGO;150805;TANAH SEPENGGAL;DATA SEKOLAH;2022/2023 GANJIL;NEGERI;SD;16
15;JAMBI;1508;BUNGO;150805;TANAH SEPENGGAL;DATA SEKOLAH;2022/2023 GANJIL;NEGERI;SMP;4
15;JAMBI;1508;BUNGO;150805;TANAH SEPENGGAL;DATA SEKOLAH;2022/2023 GANJIL;NEGERI;SMA;1
15;JAMBI;1508;BUNGO;150805;TANAH SEPENGGAL;DATA SEKOLAH;2022/2023 GANJIL;NEGERI;SMK;1
15;JAMBI;1508;BUNGO;150805;TANAH SEPENGGAL;DATA SEKOLAH;2022/2023 GANJIL;NEGERI;SLB;0
15;JAMBI;1508;BUNGO;150817;TANAH SEPENGGAL LINTAS;DATA SEKOLAH;2022/2023 GANJIL;NEGERI;TK;0
15;JAMBI;1508;BUNGO;150817;TANAH SEPENGGAL LINTAS;DATA SEKOLAH;2022/2023 GANJIL;NEGERI;KB;0
15;JAMBI;1508;BUNGO;150817;TANAH SEPENGGAL LINTAS;DATA SEKOLAH;2022/2023 GANJIL;NEGERI;TPA;0
15;JAMBI;1508;BUNGO;150817;TANAH SEPENGGAL LINTAS;DATA SEKOLAH;2022/2023 GANJIL;NEGERI;SPS;0
15;JAMBI;1508;BUNGO;150817;TANAH SEPENGGAL LINTAS;DATA SEKOLAH;2022/2023 GANJIL;NEGERI;PKBM;0
15;JAMBI;1508;BUNGO;150817;TANAH SEPENGGAL LINTAS;DATA SEKOLAH;2022/2023 GANJIL;NEGERI;SKB;0
15;JAMBI;1508;BUNGO;150817;TANAH SEPENGGAL LINTAS;DATA SEKOLAH;2022/2023 GANJIL;NEGERI;SD;14
15;JAMBI;1508;BUNGO;150817;TANAH SEPENGGAL LINTAS;DATA SEKOLAH;2022/2023 GANJIL;NEGERI;SMP;4
15;JAMBI;1508;BUNGO;150817;TANAH SEPENGGAL LINTAS;DATA SEKOLAH;2022/2023 GANJIL;NEGERI;SMA;2
15;JAMBI;1508;BUNGO;150817;TANAH SEPENGGAL LINTAS;DATA SEKOLAH;2022/2023 GANJIL;NEGERI;SMK;0
15;JAMBI;1508;BUNGO;150817;TANAH SEPENGGAL LINTAS;DATA SEKOLAH;2022/2023 GANJIL;NEGERI;SLB;0
15;JAMBI;1508;BUNGO;150801;TANAH TUMBUH;DATA SEKOLAH;2022/2023 GANJIL;NEGERI;TK;0
15;JAMBI;1508;BUNGO;150801;TANAH TUMBUH;DATA SEKOLAH;2022/2023 GANJIL;NEGERI;KB;0
15;JAMBI;1508;BUNGO;150801;TANAH TUMBUH;DATA SEKOLAH;2022/2023 GANJIL;NEGERI;TPA;0
15;JAMBI;1508;BUNGO;150801;TANAH TUMBUH;DATA SEKOLAH;2022/2023 GANJIL;NEGERI;SPS;0
15;JAMBI;1508;BUNGO;150801;TANAH TUMBUH;DATA SEKOLAH;2022/2023 GANJIL;NEGERI;PKBM;0
15;JAMBI;1508;BUNGO;150801;TANAH TUMBUH;DATA SEKOLAH;2022/2023 GANJIL;NEGERI;SKB;0
15;JAMBI;1508;BUNGO;150801;TANAH TUMBUH;DATA SEKOLAH;2022/2023 GANJIL;NEGERI;SD;13
15;JAMBI;1508;BUNGO;150801;TANAH TUMBUH;DATA SEKOLAH;2022/2023 GANJIL;NEGERI;SMP;2
15;JAMBI;1508;BUNGO;150801;TANAH TUMBUH;DATA SEKOLAH;2022/2023 GANJIL;NEGERI;SMA;2
15;JAMBI;1508;BUNGO;150801;TANAH TUMBUH;DATA SEKOLAH;2022/2023 GANJIL;NEGERI;SMK;0
15;JAMBI;1508;BUNGO;150801;TANAH TUMBUH;DATA SEKOLAH;2022/2023 GANJIL;NEGERI;SLB;0
15;JAMBI;1506;TANJUNG JABUNG BARAT;150606;TEBING TINGGI;DATA SEKOLAH;2022/2023 GANJIL;NEGERI;TK;0
15;JAMBI;1506;TANJUNG JABUNG BARAT;150606;TEBING TINGGI;DATA SEKOLAH;2022/2023 GANJIL;NEGERI;KB;0
15;JAMBI;1506;TANJUNG JABUNG BARAT;150606;TEBING TINGGI;DATA SEKOLAH;2022/2023 GANJIL;NEGERI;TPA;0
15;JAMBI;1506;TANJUNG JABUNG BARAT;150606;TEBING TINGGI;DATA SEKOLAH;2022/2023 GANJIL;NEGERI;SPS;0
15;JAMBI;1506;TANJUNG JABUNG BARAT;150606;TEBING TINGGI;DATA SEKOLAH;2022/2023 GANJIL;NEGERI;PKBM;0
15;JAMBI;1506;TANJUNG JABUNG BARAT;150606;TEBING TINGGI;DATA SEKOLAH;2022/2023 GANJIL;NEGERI;SKB;0
15;JAMBI;1506;TANJUNG JABUNG BARAT;150606;TEBING TINGGI;DATA SEKOLAH;2022/2023 GANJIL;NEGERI;SD;15
15;JAMBI;1506;TANJUNG JABUNG BARAT;150606;TEBING TINGGI;DATA SEKOLAH;2022/2023 GANJIL;NEGERI;SMP;7
15;JAMBI;1506;TANJUNG JABUNG BARAT;150606;TEBING TINGGI;DATA SEKOLAH;2022/2023 GANJIL;NEGERI;SMA;2
15;JAMBI;1506;TANJUNG JABUNG BARAT;150606;TEBING TINGGI;DATA SEKOLAH;2022/2023 GANJIL;NEGERI;SMK;1
15;JAMBI;1506;TANJUNG JABUNG BARAT;150606;TEBING TINGGI;DATA SEKOLAH;2022/2023 GANJIL;NEGERI;SLB;0
15;JAMBI;1509;TEBO;150902;TEBO ILIR;DATA SEKOLAH;2022/2023 GANJIL;NEGERI;TK;1
15;JAMBI;1509;TEBO;150902;TEBO ILIR;DATA SEKOLAH;2022/2023 GANJIL;NEGERI;KB;0
15;JAMBI;1509;TEBO;150902;TEBO ILIR;DATA SEKOLAH;2022/2023 GANJIL;NEGERI;TPA;0
15;JAMBI;1509;TEBO;150902;TEBO ILIR;DATA SEKOLAH;2022/2023 GANJIL;NEGERI;SPS;0
15;JAMBI;1509;TEBO;150902;TEBO ILIR;DATA SEKOLAH;2022/2023 GANJIL;NEGERI;PKBM;0
15;JAMBI;1509;TEBO;150902;TEBO ILIR;DATA SEKOLAH;2022/2023 GANJIL;NEGERI;SKB;0
15;JAMBI;1509;TEBO;150902;TEBO ILIR;DATA SEKOLAH;2022/2023 GANJIL;NEGERI;SD;23
15;JAMBI;1509;TEBO;150902;TEBO ILIR;DATA SEKOLAH;2022/2023 GANJIL;NEGERI;SMP;7
15;JAMBI;1509;TEBO;150902;TEBO ILIR;DATA SEKOLAH;2022/2023 GANJIL;NEGERI;SMA;1
15;JAMBI;1509;TEBO;150902;TEBO ILIR;DATA SEKOLAH;2022/2023 GANJIL;NEGERI;SMK;1
15;JAMBI;1509;TEBO;150902;TEBO ILIR;DATA SEKOLAH;2022/2023 GANJIL;NEGERI;SLB;0
15;JAMBI;1509;TEBO;150901;TEBO TENGAH;DATA SEKOLAH;2022/2023 GANJIL;NEGERI;TK;1
15;JAMBI;1509;TEBO;150901;TEBO TENGAH;DATA SEKOLAH;2022/2023 GANJIL;NEGERI;KB;0
15;JAMBI;1509;TEBO;150901;TEBO TENGAH;DATA SEKOLAH;2022/2023 GANJIL;NEGERI;TPA;0
15;JAMBI;1509;TEBO;150901;TEBO TENGAH;DATA SEKOLAH;2022/2023 GANJIL;NEGERI;SPS;0
15;JAMBI;1509;TEBO;150901;TEBO TENGAH;DATA SEKOLAH;2022/2023 GANJIL;NEGERI;PKBM;0
15;JAMBI;1509;TEBO;150901;TEBO TENGAH;DATA SEKOLAH;2022/2023 GANJIL;NEGERI;SKB;1
15;JAMBI;1509;TEBO;150901;TEBO TENGAH;DATA SEKOLAH;2022/2023 GANJIL;NEGERI;SD;26
15;JAMBI;1509;TEBO;150901;TEBO TENGAH;DATA SEKOLAH;2022/2023 GANJIL;NEGERI;SMP;6
15;JAMBI;1509;TEBO;150901;TEBO TENGAH;DATA SEKOLAH;2022/2023 GANJIL;NEGERI;SMA;2
15;JAMBI;1509;TEBO;150901;TEBO TENGAH;DATA SEKOLAH;2022/2023 GANJIL;NEGERI;SMK;1
15;JAMBI;1509;TEBO;150901;TEBO TENGAH;DATA SEKOLAH;2022/2023 GANJIL;NEGERI;SLB;0
15;JAMBI;1509;TEBO;150903;TEBO ULU;DATA SEKOLAH;2022/2023 GANJIL;NEGERI;TK;1
15;JAMBI;1509;TEBO;150903;TEBO ULU;DATA SEKOLAH;2022/2023 GANJIL;NEGERI;KB;0
15;JAMBI;1509;TEBO;150903;TEBO ULU;DATA SEKOLAH;2022/2023 GANJIL;NEGERI;TPA;0
15;JAMBI;1509;TEBO;150903;TEBO ULU;DATA SEKOLAH;2022/2023 GANJIL;NEGERI;SPS;0
15;JAMBI;1509;TEBO;150903;TEBO ULU;DATA SEKOLAH;2022/2023 GANJIL;NEGERI;PKBM;0
15;JAMBI;1509;TEBO;150903;TEBO ULU;DATA SEKOLAH;2022/2023 GANJIL;NEGERI;SKB;0
15;JAMBI;1509;TEBO;150903;TEBO ULU;DATA SEKOLAH;2022/2023 GANJIL;NEGERI;SD;28
15;JAMBI;1509;TEBO;150903;TEBO ULU;DATA SEKOLAH;2022/2023 GANJIL;NEGERI;SMP;7
15;JAMBI;1509;TEBO;150903;TEBO ULU;DATA SEKOLAH;2022/2023 GANJIL;NEGERI;SMA;3
15;JAMBI;1509;TEBO;150903;TEBO ULU;DATA SEKOLAH;2022/2023 GANJIL;NEGERI;SMK;1
15;JAMBI;1509;TEBO;150903;TEBO ULU;DATA SEKOLAH;2022/2023 GANJIL;NEGERI;SLB;0
15;JAMBI;1571;KOTA JAMBI;157101;TELANAIPURA;DATA SEKOLAH;2022/2023 GANJIL;NEGERI;TK;0
15;JAMBI;1571;KOTA JAMBI;157101;TELANAIPURA;DATA SEKOLAH;2022/2023 GANJIL;NEGERI;KB;0
15;JAMBI;1571;KOTA JAMBI;157101;TELANAIPURA;DATA SEKOLAH;2022/2023 GANJIL;NEGERI;TPA;0
15;JAMBI;1571;KOTA JAMBI;157101;TELANAIPURA;DATA SEKOLAH;2022/2023 GANJIL;NEGERI;SPS;0
15;JAMBI;1571;KOTA JAMBI;157101;TELANAIPURA;DATA SEKOLAH;2022/2023 GANJIL;NEGERI;PKBM;0
15;JAMBI;1571;KOTA JAMBI;157101;TELANAIPURA;DATA SEKOLAH;2022/2023 GANJIL;NEGERI;SKB;0
15;JAMBI;1571;KOTA JAMBI;157101;TELANAIPURA;DATA SEKOLAH;2022/2023 GANJIL;NEGERI;SD;19
15;JAMBI;1571;KOTA JAMBI;157101;TELANAIPURA;DATA SEKOLAH;2022/2023 GANJIL;NEGERI;SMP;3
15;JAMBI;1571;KOTA JAMBI;157101;TELANAIPURA;DATA SEKOLAH;2022/2023 GANJIL;NEGERI;SMA;2
15;JAMBI;1571;KOTA JAMBI;157101;TELANAIPURA;DATA SEKOLAH;2022/2023 GANJIL;NEGERI;SMK;1
15;JAMBI;1571;KOTA JAMBI;157101;TELANAIPURA;DATA SEKOLAH;2022/2023 GANJIL;NEGERI;SLB;1
15;JAMBI;1509;TEBO;150909;TENGAH ILIR;DATA SEKOLAH;2022/2023 GANJIL;NEGERI;TK;1
15;JAMBI;1509;TEBO;150909;TENGAH ILIR;DATA SEKOLAH;2022/2023 GANJIL;NEGERI;KB;0
15;JAMBI;1509;TEBO;150909;TENGAH ILIR;DATA SEKOLAH;2022/2023 GANJIL;NEGERI;TPA;0
15;JAMBI;1509;TEBO;150909;TENGAH ILIR;DATA SEKOLAH;2022/2023 GANJIL;NEGERI;SPS;0
15;JAMBI;1509;TEBO;150909;TENGAH ILIR;DATA SEKOLAH;2022/2023 GANJIL;NEGERI;PKBM;0
15;JAMBI;1509;TEBO;150909;TENGAH ILIR;DATA SEKOLAH;2022/2023 GANJIL;NEGERI;SKB;0
15;JAMBI;1509;TEBO;150909;TENGAH ILIR;DATA SEKOLAH;2022/2023 GANJIL;NEGERI;SD;19
15;JAMBI;1509;TEBO;150909;TENGAH ILIR;DATA SEKOLAH;2022/2023 GANJIL;NEGERI;SMP;4
15;JAMBI;1509;TEBO;150909;TENGAH ILIR;DATA SEKOLAH;2022/2023 GANJIL;NEGERI;SMA;1
15;JAMBI;1509;TEBO;150909;TENGAH ILIR;DATA SEKOLAH;2022/2023 GANJIL;NEGERI;SMK;1
15;JAMBI;1509;TEBO;150909;TENGAH ILIR;DATA SEKOLAH;2022/2023 GANJIL;NEGERI;SLB;0
15;JAMBI;1502;MERANGIN;150224;TIANG PUMPUNG;DATA SEKOLAH;2022/2023 GANJIL;NEGERI;TK;0
15;JAMBI;1502;MERANGIN;150224;TIANG PUMPUNG;DATA SEKOLAH;2022/2023 GANJIL;NEGERI;KB;0
15;JAMBI;1502;MERANGIN;150224;TIANG PUMPUNG;DATA SEKOLAH;2022/2023 GANJIL;NEGERI;TPA;0
15;JAMBI;1502;MERANGIN;150224;TIANG PUMPUNG;DATA SEKOLAH;2022/2023 GANJIL;NEGERI;SPS;0
15;JAMBI;1502;MERANGIN;150224;TIANG PUMPUNG;DATA SEKOLAH;2022/2023 GANJIL;NEGERI;PKBM;0
15;JAMBI;1502;MERANGIN;150224;TIANG PUMPUNG;DATA SEKOLAH;2022/2023 GANJIL;NEGERI;SKB;0
15;JAMBI;1502;MERANGIN;150224;TIANG PUMPUNG;DATA SEKOLAH;2022/2023 GANJIL;NEGERI;SD;7
15;JAMBI;1502;MERANGIN;150224;TIANG PUMPUNG;DATA SEKOLAH;2022/2023 GANJIL;NEGERI;SMP;3
15;JAMBI;1502;MERANGIN;150224;TIANG PUMPUNG;DATA SEKOLAH;2022/2023 GANJIL;NEGERI;SMA;1
15;JAMBI;1502;MERANGIN;150224;TIANG PUMPUNG;DATA SEKOLAH;2022/2023 GANJIL;NEGERI;SMK;0
15;JAMBI;1502;MERANGIN;150224;TIANG PUMPUNG;DATA SEKOLAH;2022/2023 GANJIL;NEGERI;SLB;0
15;JAMBI;1506;TANJUNG JABUNG BARAT;150602;TUNGKAL ILIR;DATA SEKOLAH;2022/2023 GANJIL;NEGERI;TK;3
15;JAMBI;1506;TANJUNG JABUNG BARAT;150602;TUNGKAL ILIR;DATA SEKOLAH;2022/2023 GANJIL;NEGERI;KB;0
15;JAMBI;1506;TANJUNG JABUNG BARAT;150602;TUNGKAL ILIR;DATA SEKOLAH;2022/2023 GANJIL;NEGERI;TPA;0
15;JAMBI;1506;TANJUNG JABUNG BARAT;150602;TUNGKAL ILIR;DATA SEKOLAH;2022/2023 GANJIL;NEGERI;SPS;0
15;JAMBI;1506;TANJUNG JABUNG BARAT;150602;TUNGKAL ILIR;DATA SEKOLAH;2022/2023 GANJIL;NEGERI;PKBM;0
15;JAMBI;1506;TANJUNG JABUNG BARAT;150602;TUNGKAL ILIR;DATA SEKOLAH;2022/2023 GANJIL;NEGERI;SKB;0
15;JAMBI;1506;TANJUNG JABUNG BARAT;150602;TUNGKAL ILIR;DATA SEKOLAH;2022/2023 GANJIL;NEGERI;SD;24
15;JAMBI;1506;TANJUNG JABUNG BARAT;150602;TUNGKAL ILIR;DATA SEKOLAH;2022/2023 GANJIL;NEGERI;SMP;4
15;JAMBI;1506;TANJUNG JABUNG BARAT;150602;TUNGKAL ILIR;DATA SEKOLAH;2022/2023 GANJIL;NEGERI;SMA;3
15;JAMBI;1506;TANJUNG JABUNG BARAT;150602;TUNGKAL ILIR;DATA SEKOLAH;2022/2023 GANJIL;NEGERI;SMK;2
15;JAMBI;1506;TANJUNG JABUNG BARAT;150602;TUNGKAL ILIR;DATA SEKOLAH;2022/2023 GANJIL;NEGERI;SLB;1
15;JAMBI;1506;TANJUNG JABUNG BARAT;150601;TUNGKAL ULU;DATA SEKOLAH;2022/2023 GANJIL;NEGERI;TK;0
15;JAMBI;1506;TANJUNG JABUNG BARAT;150601;TUNGKAL ULU;DATA SEKOLAH;2022/2023 GANJIL;NEGERI;KB;0
15;JAMBI;1506;TANJUNG JABUNG BARAT;150601;TUNGKAL ULU;DATA SEKOLAH;2022/2023 GANJIL;NEGERI;TPA;0
15;JAMBI;1506;TANJUNG JABUNG BARAT;150601;TUNGKAL ULU;DATA SEKOLAH;2022/2023 GANJIL;NEGERI;SPS;0
15;JAMBI;1506;TANJUNG JABUNG BARAT;150601;TUNGKAL ULU;DATA SEKOLAH;2022/2023 GANJIL;NEGERI;PKBM;0
15;JAMBI;1506;TANJUNG JABUNG BARAT;150601;TUNGKAL ULU;DATA SEKOLAH;2022/2023 GANJIL;NEGERI;SKB;1
15;JAMBI;1506;TANJUNG JABUNG BARAT;150601;TUNGKAL ULU;DATA SEKOLAH;2022/2023 GANJIL;NEGERI;SD;10
15;JAMBI;1506;TANJUNG JABUNG BARAT;150601;TUNGKAL ULU;DATA SEKOLAH;2022/2023 GANJIL;NEGERI;SMP;4
15;JAMBI;1506;TANJUNG JABUNG BARAT;150601;TUNGKAL ULU;DATA SEKOLAH;2022/2023 GANJIL;NEGERI;SMA;1
15;JAMBI;1506;TANJUNG JABUNG BARAT;150601;TUNGKAL ULU;DATA SEKOLAH;2022/2023 GANJIL;NEGERI;SMK;1
15;JAMBI;1506;TANJUNG JABUNG BARAT;150601;TUNGKAL ULU;DATA SEKOLAH;2022/2023 GANJIL;NEGERI;SLB;0
15;JAMBI;1509;TEBO;150906;VII KOTO;DATA SEKOLAH;2022/2023 GANJIL;NEGERI;TK;1
15;JAMBI;1509;TEBO;150906;VII KOTO;DATA SEKOLAH;2022/2023 GANJIL;NEGERI;KB;0
15;JAMBI;1509;TEBO;150906;VII KOTO;DATA SEKOLAH;2022/2023 GANJIL;NEGERI;TPA;0
15;JAMBI;1509;TEBO;150906;VII KOTO;DATA SEKOLAH;2022/2023 GANJIL;NEGERI;SPS;0
15;JAMBI;1509;TEBO;150906;VII KOTO;DATA SEKOLAH;2022/2023 GANJIL;NEGERI;PKBM;0
15;JAMBI;1509;TEBO;150906;VII KOTO;DATA SEKOLAH;2022/2023 GANJIL;NEGERI;SKB;0
15;JAMBI;1509;TEBO;150906;VII KOTO;DATA SEKOLAH;2022/2023 GANJIL;NEGERI;SD;16
15;JAMBI;1509;TEBO;150906;VII KOTO;DATA SEKOLAH;2022/2023 GANJIL;NEGERI;SMP;3
15;JAMBI;1509;TEBO;150906;VII KOTO;DATA SEKOLAH;2022/2023 GANJIL;NEGERI;SMA;1
15;JAMBI;1509;TEBO;150906;VII KOTO;DATA SEKOLAH;2022/2023 GANJIL;NEGERI;SMK;0
15;JAMBI;1509;TEBO;150906;VII KOTO;DATA SEKOLAH;2022/2023 GANJIL;NEGERI;SLB;0
15;JAMBI;1509;TEBO;150911;VII KOTO ILIR;DATA SEKOLAH;2022/2023 GANJIL;NEGERI;TK;1
15;JAMBI;1509;TEBO;150911;VII KOTO ILIR;DATA SEKOLAH;2022/2023 GANJIL;NEGERI;KB;0
15;JAMBI;1509;TEBO;150911;VII KOTO ILIR;DATA SEKOLAH;2022/2023 GANJIL;NEGERI;TPA;0
15;JAMBI;1509;TEBO;150911;VII KOTO ILIR;DATA SEKOLAH;2022/2023 GANJIL;NEGERI;SPS;0
15;JAMBI;1509;TEBO;150911;VII KOTO ILIR;DATA SEKOLAH;2022/2023 GANJIL;NEGERI;PKBM;0
15;JAMBI;1509;TEBO;150911;VII KOTO ILIR;DATA SEKOLAH;2022/2023 GANJIL;NEGERI;SKB;0
15;JAMBI;1509;TEBO;150911;VII KOTO ILIR;DATA SEKOLAH;2022/2023 GANJIL;NEGERI;SD;13
15;JAMBI;1509;TEBO;150911;VII KOTO ILIR;DATA SEKOLAH;2022/2023 GANJIL;NEGERI;SMP;6
15;JAMBI;1509;TEBO;150911;VII KOTO ILIR;DATA SEKOLAH;2022/2023 GANJIL;NEGERI;SMA;0
15;JAMBI;1509;TEBO;150911;VII KOTO ILIR;DATA SEKOLAH;2022/2023 GANJIL;NEGERI;SMK;1
15;JAMBI;1509;TEBO;150911;VII KOTO ILIR;DATA SEKOLAH;2022/2023 GANJIL;NEGERI;SLB;0
15;JAMBI;1501;KERINCI;150105;AIR HANGAT;DATA SEKOLAH;2022/2023 GANJIL;SWASTA;TK;7
15;JAMBI;1501;KERINCI;150105;AIR HANGAT;DATA SEKOLAH;2022/2023 GANJIL;SWASTA;KB;14
15;JAMBI;1501;KERINCI;150105;AIR HANGAT;DATA SEKOLAH;2022/2023 GANJIL;SWASTA;TPA;0
15;JAMBI;1501;KERINCI;150105;AIR HANGAT;DATA SEKOLAH;2022/2023 GANJIL;SWASTA;SPS;2
15;JAMBI;1501;KERINCI;150105;AIR HANGAT;DATA SEKOLAH;2022/2023 GANJIL;SWASTA;PKBM;3
15;JAMBI;1501;KERINCI;150105;AIR HANGAT;DATA SEKOLAH;2022/2023 GANJIL;SWASTA;SKB;0
15;JAMBI;1501;KERINCI;150105;AIR HANGAT;DATA SEKOLAH;2022/2023 GANJIL;SWASTA;SD;0
15;JAMBI;1501;KERINCI;150105;AIR HANGAT;DATA SEKOLAH;2022/2023 GANJIL;SWASTA;SMP;0
15;JAMBI;1501;KERINCI;150105;AIR HANGAT;DATA SEKOLAH;2022/2023 GANJIL;SWASTA;SMA;0
15;JAMBI;1501;KERINCI;150105;AIR HANGAT;DATA SEKOLAH;2022/2023 GANJIL;SWASTA;SMK;0
15;JAMBI;1501;KERINCI;150105;AIR HANGAT;DATA SEKOLAH;2022/2023 GANJIL;SWASTA;SLB;0
15;JAMBI;1501;KERINCI;150121;AIR HANGAT BARAT;DATA SEKOLAH;2022/2023 GANJIL;SWASTA;TK;2
15;JAMBI;1501;KERINCI;150121;AIR HANGAT BARAT;DATA SEKOLAH;2022/2023 GANJIL;SWASTA;KB;11
15;JAMBI;1501;KERINCI;150121;AIR HANGAT BARAT;DATA SEKOLAH;2022/2023 GANJIL;SWASTA;TPA;0
15;JAMBI;1501;KERINCI;150121;AIR HANGAT BARAT;DATA SEKOLAH;2022/2023 GANJIL;SWASTA;SPS;2
15;JAMBI;1501;KERINCI;150121;AIR HANGAT BARAT;DATA SEKOLAH;2022/2023 GANJIL;SWASTA;PKBM;0
15;JAMBI;1501;KERINCI;150121;AIR HANGAT BARAT;DATA SEKOLAH;2022/2023 GANJIL;SWASTA;SKB;0
15;JAMBI;1501;KERINCI;150121;AIR HANGAT BARAT;DATA SEKOLAH;2022/2023 GANJIL;SWASTA;SD;1
15;JAMBI;1501;KERINCI;150121;AIR HANGAT BARAT;DATA SEKOLAH;2022/2023 GANJIL;SWASTA;SMP;1
15;JAMBI;1501;KERINCI;150121;AIR HANGAT BARAT;DATA SEKOLAH;2022/2023 GANJIL;SWASTA;SMA;0
15;JAMBI;1501;KERINCI;150121;AIR HANGAT BARAT;DATA SEKOLAH;2022/2023 GANJIL;SWASTA;SMK;1
15;JAMBI;1501;KERINCI;150121;AIR HANGAT BARAT;DATA SEKOLAH;2022/2023 GANJIL;SWASTA;SLB;0
15;JAMBI;1501;KERINCI;150111;AIR HANGAT TIMUR;DATA SEKOLAH;2022/2023 GANJIL;SWASTA;TK;7
15;JAMBI;1501;KERINCI;150111;AIR HANGAT TIMUR;DATA SEKOLAH;2022/2023 GANJIL;SWASTA;KB;19
15;JAMBI;1501;KERINCI;150111;AIR HANGAT TIMUR;DATA SEKOLAH;2022/2023 GANJIL;SWASTA;TPA;0
15;JAMBI;1501;KERINCI;150111;AIR HANGAT TIMUR;DATA SEKOLAH;2022/2023 GANJIL;SWASTA;SPS;7
15;JAMBI;1501;KERINCI;150111;AIR HANGAT TIMUR;DATA SEKOLAH;2022/2023 GANJIL;SWASTA;PKBM;3
15;JAMBI;1501;KERINCI;150111;AIR HANGAT TIMUR;DATA SEKOLAH;2022/2023 GANJIL;SWASTA;SKB;0
15;JAMBI;1501;KERINCI;150111;AIR HANGAT TIMUR;DATA SEKOLAH;2022/2023 GANJIL;SWASTA;SD;0
15;JAMBI;1501;KERINCI;150111;AIR HANGAT TIMUR;DATA SEKOLAH;2022/2023 GANJIL;SWASTA;SMP;0
15;JAMBI;1501;KERINCI;150111;AIR HANGAT TIMUR;DATA SEKOLAH;2022/2023 GANJIL;SWASTA;SMA;0
15;JAMBI;1501;KERINCI;150111;AIR HANGAT TIMUR;DATA SEKOLAH;2022/2023 GANJIL;SWASTA;SMK;0
15;JAMBI;1501;KERINCI;150111;AIR HANGAT TIMUR;DATA SEKOLAH;2022/2023 GANJIL;SWASTA;SLB;1
15;JAMBI;1503;SAROLANGUN;150307;AIR HITAM;DATA SEKOLAH;2022/2023 GANJIL;SWASTA;TK;13
15;JAMBI;1503;SAROLANGUN;150307;AIR HITAM;DATA SEKOLAH;2022/2023 GANJIL;SWASTA;KB;22
15;JAMBI;1503;SAROLANGUN;150307;AIR HITAM;DATA SEKOLAH;2022/2023 GANJIL;SWASTA;TPA;0
15;JAMBI;1503;SAROLANGUN;150307;AIR HITAM;DATA SEKOLAH;2022/2023 GANJIL;SWASTA;SPS;0
15;JAMBI;1503;SAROLANGUN;150307;AIR HITAM;DATA SEKOLAH;2022/2023 GANJIL;SWASTA;PKBM;2
15;JAMBI;1503;SAROLANGUN;150307;AIR HITAM;DATA SEKOLAH;2022/2023 GANJIL;SWASTA;SKB;0
15;JAMBI;1503;SAROLANGUN;150307;AIR HITAM;DATA SEKOLAH;2022/2023 GANJIL;SWASTA;SD;3
15;JAMBI;1503;SAROLANGUN;150307;AIR HITAM;DATA SEKOLAH;2022/2023 GANJIL;SWASTA;SMP;0
15;JAMBI;1503;SAROLANGUN;150307;AIR HITAM;DATA SEKOLAH;2022/2023 GANJIL;SWASTA;SMA;1
15;JAMBI;1503;SAROLANGUN;150307;AIR HITAM;DATA SEKOLAH;2022/2023 GANJIL;SWASTA;SMK;0
15;JAMBI;1503;SAROLANGUN;150307;AIR HITAM;DATA SEKOLAH;2022/2023 GANJIL;SWASTA;SLB;0
15;JAMBI;1571;KOTA JAMBI;157109;ALAM BARAJO;DATA SEKOLAH;2022/2023 GANJIL;SWASTA;TK;38
15;JAMBI;1571;KOTA JAMBI;157109;ALAM BARAJO;DATA SEKOLAH;2022/2023 GANJIL;SWASTA;KB;21
15;JAMBI;1571;KOTA JAMBI;157109;ALAM BARAJO;DATA SEKOLAH;2022/2023 GANJIL;SWASTA;TPA;6
15;JAMBI;1571;KOTA JAMBI;157109;ALAM BARAJO;DATA SEKOLAH;2022/2023 GANJIL;SWASTA;SPS;6
15;JAMBI;1571;KOTA JAMBI;157109;ALAM BARAJO;DATA SEKOLAH;2022/2023 GANJIL;SWASTA;PKBM;0
15;JAMBI;1571;KOTA JAMBI;157109;ALAM BARAJO;DATA SEKOLAH;2022/2023 GANJIL;SWASTA;SKB;0
15;JAMBI;1571;KOTA JAMBI;157109;ALAM BARAJO;DATA SEKOLAH;2022/2023 GANJIL;SWASTA;SD;5
15;JAMBI;1571;KOTA JAMBI;157109;ALAM BARAJO;DATA SEKOLAH;2022/2023 GANJIL;SWASTA;SMP;4
15;JAMBI;1571;KOTA JAMBI;157109;ALAM BARAJO;DATA SEKOLAH;2022/2023 GANJIL;SWASTA;SMA;3
15;JAMBI;1571;KOTA JAMBI;157109;ALAM BARAJO;DATA SEKOLAH;2022/2023 GANJIL;SWASTA;SMK;3
15;JAMBI;1571;KOTA JAMBI;157109;ALAM BARAJO;DATA SEKOLAH;2022/2023 GANJIL;SWASTA;SLB;0
15;JAMBI;1505;MUARO JAMBI;150510;BAHAR SELATAN;DATA SEKOLAH;2022/2023 GANJIL;SWASTA;TK;12
15;JAMBI;1505;MUARO JAMBI;150510;BAHAR SELATAN;DATA SEKOLAH;2022/2023 GANJIL;SWASTA;KB;5
15;JAMBI;1505;MUARO JAMBI;150510;BAHAR SELATAN;DATA SEKOLAH;2022/2023 GANJIL;SWASTA;TPA;0
15;JAMBI;1505;MUARO JAMBI;150510;BAHAR SELATAN;DATA SEKOLAH;2022/2023 GANJIL;SWASTA;SPS;2
15;JAMBI;1505;MUARO JAMBI;150510;BAHAR SELATAN;DATA SEKOLAH;2022/2023 GANJIL;SWASTA;PKBM;0
15;JAMBI;1505;MUARO JAMBI;150510;BAHAR SELATAN;DATA SEKOLAH;2022/2023 GANJIL;SWASTA;SKB;0
15;JAMBI;1505;MUARO JAMBI;150510;BAHAR SELATAN;DATA SEKOLAH;2022/2023 GANJIL;SWASTA;SD;1
15;JAMBI;1505;MUARO JAMBI;150510;BAHAR SELATAN;DATA SEKOLAH;2022/2023 GANJIL;SWASTA;SMP;0
15;JAMBI;1505;MUARO JAMBI;150510;BAHAR SELATAN;DATA SEKOLAH;2022/2023 GANJIL;SWASTA;SMA;0
15;JAMBI;1505;MUARO JAMBI;150510;BAHAR SELATAN;DATA SEKOLAH;2022/2023 GANJIL;SWASTA;SMK;0
15;JAMBI;1505;MUARO JAMBI;150510;BAHAR SELATAN;DATA SEKOLAH;2022/2023 GANJIL;SWASTA;SLB;0
15;JAMBI;1505;MUARO JAMBI;150509;BAHAR UTARA;DATA SEKOLAH;2022/2023 GANJIL;SWASTA;TK;10
15;JAMBI;1505;MUARO JAMBI;150509;BAHAR UTARA;DATA SEKOLAH;2022/2023 GANJIL;SWASTA;KB;6
15;JAMBI;1505;MUARO JAMBI;150509;BAHAR UTARA;DATA SEKOLAH;2022/2023 GANJIL;SWASTA;TPA;0
15;JAMBI;1505;MUARO JAMBI;150509;BAHAR UTARA;DATA SEKOLAH;2022/2023 GANJIL;SWASTA;SPS;0
15;JAMBI;1505;MUARO JAMBI;150509;BAHAR UTARA;DATA SEKOLAH;2022/2023 GANJIL;SWASTA;PKBM;0
15;JAMBI;1505;MUARO JAMBI;150509;BAHAR UTARA;DATA SEKOLAH;2022/2023 GANJIL;SWASTA;SKB;0
15;JAMBI;1505;MUARO JAMBI;150509;BAHAR UTARA;DATA SEKOLAH;2022/2023 GANJIL;SWASTA;SD;0
15;JAMBI;1505;MUARO JAMBI;150509;BAHAR UTARA;DATA SEKOLAH;2022/2023 GANJIL;SWASTA;SMP;1
15;JAMBI;1505;MUARO JAMBI;150509;BAHAR UTARA;DATA SEKOLAH;2022/2023 GANJIL;SWASTA;SMA;0
15;JAMBI;1505;MUARO JAMBI;150509;BAHAR UTARA;DATA SEKOLAH;2022/2023 GANJIL;SWASTA;SMK;0
15;JAMBI;1505;MUARO JAMBI;150509;BAHAR UTARA;DATA SEKOLAH;2022/2023 GANJIL;SWASTA;SLB;0
15;JAMBI;1504;BATANGHARI;150407;BAJUBANG;DATA SEKOLAH;2022/2023 GANJIL;SWASTA;TK;17
15;JAMBI;1504;BATANGHARI;150407;BAJUBANG;DATA SEKOLAH;2022/2023 GANJIL;SWASTA;KB;28
15;JAMBI;1504;BATANGHARI;150407;BAJUBANG;DATA SEKOLAH;2022/2023 GANJIL;SWASTA;TPA;0
15;JAMBI;1504;BATANGHARI;150407;BAJUBANG;DATA SEKOLAH;2022/2023 GANJIL;SWASTA;SPS;1
15;JAMBI;1504;BATANGHARI;150407;BAJUBANG;DATA SEKOLAH;2022/2023 GANJIL;SWASTA;PKBM;1
15;JAMBI;1504;BATANGHARI;150407;BAJUBANG;DATA SEKOLAH;2022/2023 GANJIL;SWASTA;SKB;0
15;JAMBI;1504;BATANGHARI;150407;BAJUBANG;DATA SEKOLAH;2022/2023 GANJIL;SWASTA;SD;3
15;JAMBI;1504;BATANGHARI;150407;BAJUBANG;DATA SEKOLAH;2022/2023 GANJIL;SWASTA;SMP;1
15;JAMBI;1504;BATANGHARI;150407;BAJUBANG;DATA SEKOLAH;2022/2023 GANJIL;SWASTA;SMA;0
15;JAMBI;1504;BATANGHARI;150407;BAJUBANG;DATA SEKOLAH;2022/2023 GANJIL;SWASTA;SMK;0
15;JAMBI;1504;BATANGHARI;150407;BAJUBANG;DATA SEKOLAH;2022/2023 GANJIL;SWASTA;SLB;0
15;JAMBI;1502;MERANGIN;150202;BANGKO;DATA SEKOLAH;2022/2023 GANJIL;SWASTA;TK;20
15;JAMBI;1502;MERANGIN;150202;BANGKO;DATA SEKOLAH;2022/2023 GANJIL;SWASTA;KB;14
15;JAMBI;1502;MERANGIN;150202;BANGKO;DATA SEKOLAH;2022/2023 GANJIL;SWASTA;TPA;1
15;JAMBI;1502;MERANGIN;150202;BANGKO;DATA SEKOLAH;2022/2023 GANJIL;SWASTA;SPS;1
15;JAMBI;1502;MERANGIN;150202;BANGKO;DATA SEKOLAH;2022/2023 GANJIL;SWASTA;PKBM;1
15;JAMBI;1502;MERANGIN;150202;BANGKO;DATA SEKOLAH;2022/2023 GANJIL;SWASTA;SKB;0
15;JAMBI;1502;MERANGIN;150202;BANGKO;DATA SEKOLAH;2022/2023 GANJIL;SWASTA;SD;2
15;JAMBI;1502;MERANGIN;150202;BANGKO;DATA SEKOLAH;2022/2023 GANJIL;SWASTA;SMP;5
15;JAMBI;1502;MERANGIN;150202;BANGKO;DATA SEKOLAH;2022/2023 GANJIL;SWASTA;SMA;1
15;JAMBI;1502;MERANGIN;150202;BANGKO;DATA SEKOLAH;2022/2023 GANJIL;SWASTA;SMK;0
15;JAMBI;1502;MERANGIN;150202;BANGKO;DATA SEKOLAH;2022/2023 GANJIL;SWASTA;SLB;0
15;JAMBI;1502;MERANGIN;150210;BANGKO BARAT;DATA SEKOLAH;2022/2023 GANJIL;SWASTA;TK;5
15;JAMBI;1502;MERANGIN;150210;BANGKO BARAT;DATA SEKOLAH;2022/2023 GANJIL;SWASTA;KB;8
15;JAMBI;1502;MERANGIN;150210;BANGKO BARAT;DATA SEKOLAH;2022/2023 GANJIL;SWASTA;TPA;0
15;JAMBI;1502;MERANGIN;150210;BANGKO BARAT;DATA SEKOLAH;2022/2023 GANJIL;SWASTA;SPS;0
15;JAMBI;1502;MERANGIN;150210;BANGKO BARAT;DATA SEKOLAH;2022/2023 GANJIL;SWASTA;PKBM;1
15;JAMBI;1502;MERANGIN;150210;BANGKO BARAT;DATA SEKOLAH;2022/2023 GANJIL;SWASTA;SKB;0
15;JAMBI;1502;MERANGIN;150210;BANGKO BARAT;DATA SEKOLAH;2022/2023 GANJIL;SWASTA;SD;0
15;JAMBI;1502;MERANGIN;150210;BANGKO BARAT;DATA SEKOLAH;2022/2023 GANJIL;SWASTA;SMP;0
15;JAMBI;1502;MERANGIN;150210;BANGKO BARAT;DATA SEKOLAH;2022/2023 GANJIL;SWASTA;SMA;0
15;JAMBI;1502;MERANGIN;150210;BANGKO BARAT;DATA SEKOLAH;2022/2023 GANJIL;SWASTA;SMK;0
15;JAMBI;1502;MERANGIN;150210;BANGKO BARAT;DATA SEKOLAH;2022/2023 GANJIL;SWASTA;SLB;0
15;JAMBI;1503;SAROLANGUN;150301;BATANG ASAI;DATA SEKOLAH;2022/2023 GANJIL;SWASTA;TK;19
15;JAMBI;1503;SAROLANGUN;150301;BATANG ASAI;DATA SEKOLAH;2022/2023 GANJIL;SWASTA;KB;32
15;JAMBI;1503;SAROLANGUN;150301;BATANG ASAI;DATA SEKOLAH;2022/2023 GANJIL;SWASTA;TPA;1
15;JAMBI;1503;SAROLANGUN;150301;BATANG ASAI;DATA SEKOLAH;2022/2023 GANJIL;SWASTA;SPS;1
15;JAMBI;1503;SAROLANGUN;150301;BATANG ASAI;DATA SEKOLAH;2022/2023 GANJIL;SWASTA;PKBM;1
15;JAMBI;1503;SAROLANGUN;150301;BATANG ASAI;DATA SEKOLAH;2022/2023 GANJIL;SWASTA;SKB;0
15;JAMBI;1503;SAROLANGUN;150301;BATANG ASAI;DATA SEKOLAH;2022/2023 GANJIL;SWASTA;SD;0
15;JAMBI;1503;SAROLANGUN;150301;BATANG ASAI;DATA SEKOLAH;2022/2023 GANJIL;SWASTA;SMP;2
15;JAMBI;1503;SAROLANGUN;150301;BATANG ASAI;DATA SEKOLAH;2022/2023 GANJIL;SWASTA;SMA;0
15;JAMBI;1503;SAROLANGUN;150301;BATANG ASAI;DATA SEKOLAH;2022/2023 GANJIL;SWASTA;SMK;0
15;JAMBI;1503;SAROLANGUN;150301;BATANG ASAI;DATA SEKOLAH;2022/2023 GANJIL;SWASTA;SLB;0
15;JAMBI;1506;TANJUNG JABUNG BARAT;150607;BATANG ASAM;DATA SEKOLAH;2022/2023 GANJIL;SWASTA;TK;13
15;JAMBI;1506;TANJUNG JABUNG BARAT;150607;BATANG ASAM;DATA SEKOLAH;2022/2023 GANJIL;SWASTA;KB;10
15;JAMBI;1506;TANJUNG JABUNG BARAT;150607;BATANG ASAM;DATA SEKOLAH;2022/2023 GANJIL;SWASTA;TPA;1
15;JAMBI;1506;TANJUNG JABUNG BARAT;150607;BATANG ASAM;DATA SEKOLAH;2022/2023 GANJIL;SWASTA;SPS;0
15;JAMBI;1506;TANJUNG JABUNG BARAT;150607;BATANG ASAM;DATA SEKOLAH;2022/2023 GANJIL;SWASTA;PKBM;1
15;JAMBI;1506;TANJUNG JABUNG BARAT;150607;BATANG ASAM;DATA SEKOLAH;2022/2023 GANJIL;SWASTA;SKB;0
15;JAMBI;1506;TANJUNG JABUNG BARAT;150607;BATANG ASAM;DATA SEKOLAH;2022/2023 GANJIL;SWASTA;SD;2
15;JAMBI;1506;TANJUNG JABUNG BARAT;150607;BATANG ASAM;DATA SEKOLAH;2022/2023 GANJIL;SWASTA;SMP;2
15;JAMBI;1506;TANJUNG JABUNG BARAT;150607;BATANG ASAM;DATA SEKOLAH;2022/2023 GANJIL;SWASTA;SMA;1
15;JAMBI;1506;TANJUNG JABUNG BARAT;150607;BATANG ASAM;DATA SEKOLAH;2022/2023 GANJIL;SWASTA;SMK;0
15;JAMBI;1506;TANJUNG JABUNG BARAT;150607;BATANG ASAM;DATA SEKOLAH;2022/2023 GANJIL;SWASTA;SLB;0
15;JAMBI;1502;MERANGIN;150212;BATANG MASUMAI;DATA SEKOLAH;2022/2023 GANJIL;SWASTA;TK;5
15;JAMBI;1502;MERANGIN;150212;BATANG MASUMAI;DATA SEKOLAH;2022/2023 GANJIL;SWASTA;KB;7
15;JAMBI;1502;MERANGIN;150212;BATANG MASUMAI;DATA SEKOLAH;2022/2023 GANJIL;SWASTA;TPA;0
15;JAMBI;1502;MERANGIN;150212;BATANG MASUMAI;DATA SEKOLAH;2022/2023 GANJIL;SWASTA;SPS;0
15;JAMBI;1502;MERANGIN;150212;BATANG MASUMAI;DATA SEKOLAH;2022/2023 GANJIL;SWASTA;PKBM;1
15;JAMBI;1502;MERANGIN;150212;BATANG MASUMAI;DATA SEKOLAH;2022/2023 GANJIL;SWASTA;SKB;0
15;JAMBI;1502;MERANGIN;150212;BATANG MASUMAI;DATA SEKOLAH;2022/2023 GANJIL;SWASTA;SD;1
15;JAMBI;1502;MERANGIN;150212;BATANG MASUMAI;DATA SEKOLAH;2022/2023 GANJIL;SWASTA;SMP;1
15;JAMBI;1502;MERANGIN;150212;BATANG MASUMAI;DATA SEKOLAH;2022/2023 GANJIL;SWASTA;SMA;0
15;JAMBI;1502;MERANGIN;150212;BATANG MASUMAI;DATA SEKOLAH;2022/2023 GANJIL;SWASTA;SMK;0
15;JAMBI;1502;MERANGIN;150212;BATANG MASUMAI;DATA SEKOLAH;2022/2023 GANJIL;SWASTA;SLB;0
15;JAMBI;1501;KERINCI;150107;BATANG MERANGIN;DATA SEKOLAH;2022/2023 GANJIL;SWASTA;TK;3
15;JAMBI;1501;KERINCI;150107;BATANG MERANGIN;DATA SEKOLAH;2022/2023 GANJIL;SWASTA;KB;14
15;JAMBI;1501;KERINCI;150107;BATANG MERANGIN;DATA SEKOLAH;2022/2023 GANJIL;SWASTA;TPA;0
15;JAMBI;1501;KERINCI;150107;BATANG MERANGIN;DATA SEKOLAH;2022/2023 GANJIL;SWASTA;SPS;0
15;JAMBI;1501;KERINCI;150107;BATANG MERANGIN;DATA SEKOLAH;2022/2023 GANJIL;SWASTA;PKBM;1
15;JAMBI;1501;KERINCI;150107;BATANG MERANGIN;DATA SEKOLAH;2022/2023 GANJIL;SWASTA;SKB;0
15;JAMBI;1501;KERINCI;150107;BATANG MERANGIN;DATA SEKOLAH;2022/2023 GANJIL;SWASTA;SD;0
15;JAMBI;1501;KERINCI;150107;BATANG MERANGIN;DATA SEKOLAH;2022/2023 GANJIL;SWASTA;SMP;0
15;JAMBI;1501;KERINCI;150107;BATANG MERANGIN;DATA SEKOLAH;2022/2023 GANJIL;SWASTA;SMA;0
15;JAMBI;1501;KERINCI;150107;BATANG MERANGIN;DATA SEKOLAH;2022/2023 GANJIL;SWASTA;SMK;0
15;JAMBI;1501;KERINCI;150107;BATANG MERANGIN;DATA SEKOLAH;2022/2023 GANJIL;SWASTA;SLB;0
15;JAMBI;1508;BUNGO;150815;BATHIN II PELAYANG;DATA SEKOLAH;2022/2023 GANJIL;SWASTA;TK;5
15;JAMBI;1508;BUNGO;150815;BATHIN II PELAYANG;DATA SEKOLAH;2022/2023 GANJIL;SWASTA;KB;6
15;JAMBI;1508;BUNGO;150815;BATHIN II PELAYANG;DATA SEKOLAH;2022/2023 GANJIL;SWASTA;TPA;0
15;JAMBI;1508;BUNGO;150815;BATHIN II PELAYANG;DATA SEKOLAH;2022/2023 GANJIL;SWASTA;SPS;0
15;JAMBI;1508;BUNGO;150815;BATHIN II PELAYANG;DATA SEKOLAH;2022/2023 GANJIL;SWASTA;PKBM;0
15;JAMBI;1508;BUNGO;150815;BATHIN II PELAYANG;DATA SEKOLAH;2022/2023 GANJIL;SWASTA;SKB;0
15;JAMBI;1508;BUNGO;150815;BATHIN II PELAYANG;DATA SEKOLAH;2022/2023 GANJIL;SWASTA;SD;1
15;JAMBI;1508;BUNGO;150815;BATHIN II PELAYANG;DATA SEKOLAH;2022/2023 GANJIL;SWASTA;SMP;0
15;JAMBI;1508;BUNGO;150815;BATHIN II PELAYANG;DATA SEKOLAH;2022/2023 GANJIL;SWASTA;SMA;0
15;JAMBI;1508;BUNGO;150815;BATHIN II PELAYANG;DATA SEKOLAH;2022/2023 GANJIL;SWASTA;SMK;0
15;JAMBI;1508;BUNGO;150815;BATHIN II PELAYANG;DATA SEKOLAH;2022/2023 GANJIL;SWASTA;SLB;0
15;JAMBI;1508;BUNGO;150811;BATHIN III;DATA SEKOLAH;2022/2023 GANJIL;SWASTA;TK;5
15;JAMBI;1508;BUNGO;150811;BATHIN III;DATA SEKOLAH;2022/2023 GANJIL;SWASTA;KB;9
15;JAMBI;1508;BUNGO;150811;BATHIN III;DATA SEKOLAH;2022/2023 GANJIL;SWASTA;TPA;1
15;JAMBI;1508;BUNGO;150811;BATHIN III;DATA SEKOLAH;2022/2023 GANJIL;SWASTA;SPS;1
15;JAMBI;1508;BUNGO;150811;BATHIN III;DATA SEKOLAH;2022/2023 GANJIL;SWASTA;PKBM;2
15;JAMBI;1508;BUNGO;150811;BATHIN III;DATA SEKOLAH;2022/2023 GANJIL;SWASTA;SKB;0
15;JAMBI;1508;BUNGO;150811;BATHIN III;DATA SEKOLAH;2022/2023 GANJIL;SWASTA;SD;1
15;JAMBI;1508;BUNGO;150811;BATHIN III;DATA SEKOLAH;2022/2023 GANJIL;SWASTA;SMP;0
15;JAMBI;1508;BUNGO;150811;BATHIN III;DATA SEKOLAH;2022/2023 GANJIL;SWASTA;SMA;0
15;JAMBI;1508;BUNGO;150811;BATHIN III;DATA SEKOLAH;2022/2023 GANJIL;SWASTA;SMK;0
15;JAMBI;1508;BUNGO;150811;BATHIN III;DATA SEKOLAH;2022/2023 GANJIL;SWASTA;SLB;0
15;JAMBI;1508;BUNGO;150814;BATHIN III ULU;DATA SEKOLAH;2022/2023 GANJIL;SWASTA;TK;3
15;JAMBI;1508;BUNGO;150814;BATHIN III ULU;DATA SEKOLAH;2022/2023 GANJIL;SWASTA;KB;13
15;JAMBI;1508;BUNGO;150814;BATHIN III ULU;DATA SEKOLAH;2022/2023 GANJIL;SWASTA;TPA;0
15;JAMBI;1508;BUNGO;150814;BATHIN III ULU;DATA SEKOLAH;2022/2023 GANJIL;SWASTA;SPS;1
15;JAMBI;1508;BUNGO;150814;BATHIN III ULU;DATA SEKOLAH;2022/2023 GANJIL;SWASTA;PKBM;1
15;JAMBI;1508;BUNGO;150814;BATHIN III ULU;DATA SEKOLAH;2022/2023 GANJIL;SWASTA;SKB;0
15;JAMBI;1508;BUNGO;150814;BATHIN III ULU;DATA SEKOLAH;2022/2023 GANJIL;SWASTA;SD;1
15;JAMBI;1508;BUNGO;150814;BATHIN III ULU;DATA SEKOLAH;2022/2023 GANJIL;SWASTA;SMP;0
15;JAMBI;1508;BUNGO;150814;BATHIN III ULU;DATA SEKOLAH;2022/2023 GANJIL;SWASTA;SMA;0
15;JAMBI;1508;BUNGO;150814;BATHIN III ULU;DATA SEKOLAH;2022/2023 GANJIL;SWASTA;SMK;0
15;JAMBI;1508;BUNGO;150814;BATHIN III ULU;DATA SEKOLAH;2022/2023 GANJIL;SWASTA;SLB;0
15;JAMBI;1503;SAROLANGUN;150308;BATHIN VIII;DATA SEKOLAH;2022/2023 GANJIL;SWASTA;TK;19
15;JAMBI;1503;SAROLANGUN;150308;BATHIN VIII;DATA SEKOLAH;2022/2023 GANJIL;SWASTA;KB;19
15;JAMBI;1503;SAROLANGUN;150308;BATHIN VIII;DATA SEKOLAH;2022/2023 GANJIL;SWASTA;TPA;0
15;JAMBI;1503;SAROLANGUN;150308;BATHIN VIII;DATA SEKOLAH;2022/2023 GANJIL;SWASTA;SPS;1
15;JAMBI;1503;SAROLANGUN;150308;BATHIN VIII;DATA SEKOLAH;2022/2023 GANJIL;SWASTA;PKBM;0
15;JAMBI;1503;SAROLANGUN;150308;BATHIN VIII;DATA SEKOLAH;2022/2023 GANJIL;SWASTA;SKB;0
15;JAMBI;1503;SAROLANGUN;150308;BATHIN VIII;DATA SEKOLAH;2022/2023 GANJIL;SWASTA;SD;2
15;JAMBI;1503;SAROLANGUN;150308;BATHIN VIII;DATA SEKOLAH;2022/2023 GANJIL;SWASTA;SMP;2
15;JAMBI;1503;SAROLANGUN;150308;BATHIN VIII;DATA SEKOLAH;2022/2023 GANJIL;SWASTA;SMA;3
15;JAMBI;1503;SAROLANGUN;150308;BATHIN VIII;DATA SEKOLAH;2022/2023 GANJIL;SWASTA;SMK;1
15;JAMBI;1503;SAROLANGUN;150308;BATHIN VIII;DATA SEKOLAH;2022/2023 GANJIL;SWASTA;SLB;0
15;JAMBI;1508;BUNGO;150810;BATIN II BABEKO;DATA SEKOLAH;2022/2023 GANJIL;SWASTA;TK;3
15;JAMBI;1508;BUNGO;150810;BATIN II BABEKO;DATA SEKOLAH;2022/2023 GANJIL;SWASTA;KB;7
15;JAMBI;1508;BUNGO;150810;BATIN II BABEKO;DATA SEKOLAH;2022/2023 GANJIL;SWASTA;TPA;0
15;JAMBI;1508;BUNGO;150810;BATIN II BABEKO;DATA SEKOLAH;2022/2023 GANJIL;SWASTA;SPS;0
15;JAMBI;1508;BUNGO;150810;BATIN II BABEKO;DATA SEKOLAH;2022/2023 GANJIL;SWASTA;PKBM;1
15;JAMBI;1508;BUNGO;150810;BATIN II BABEKO;DATA SEKOLAH;2022/2023 GANJIL;SWASTA;SKB;0
15;JAMBI;1508;BUNGO;150810;BATIN II BABEKO;DATA SEKOLAH;2022/2023 GANJIL;SWASTA;SD;0
15;JAMBI;1508;BUNGO;150810;BATIN II BABEKO;DATA SEKOLAH;2022/2023 GANJIL;SWASTA;SMP;1
15;JAMBI;1508;BUNGO;150810;BATIN II BABEKO;DATA SEKOLAH;2022/2023 GANJIL;SWASTA;SMA;1
15;JAMBI;1508;BUNGO;150810;BATIN II BABEKO;DATA SEKOLAH;2022/2023 GANJIL;SWASTA;SMK;0
15;JAMBI;1508;BUNGO;150810;BATIN II BABEKO;DATA SEKOLAH;2022/2023 GANJIL;SWASTA;SLB;0
15;JAMBI;1504;BATANGHARI;150404;BATIN XXIV;DATA SEKOLAH;2022/2023 GANJIL;SWASTA;TK;17
15;JAMBI;1504;BATANGHARI;150404;BATIN XXIV;DATA SEKOLAH;2022/2023 GANJIL;SWASTA;KB;21
15;JAMBI;1504;BATANGHARI;150404;BATIN XXIV;DATA SEKOLAH;2022/2023 GANJIL;SWASTA;TPA;0
15;JAMBI;1504;BATANGHARI;150404;BATIN XXIV;DATA SEKOLAH;2022/2023 GANJIL;SWASTA;SPS;0
15;JAMBI;1504;BATANGHARI;150404;BATIN XXIV;DATA SEKOLAH;2022/2023 GANJIL;SWASTA;PKBM;2
15;JAMBI;1504;BATANGHARI;150404;BATIN XXIV;DATA SEKOLAH;2022/2023 GANJIL;SWASTA;SKB;0
15;JAMBI;1504;BATANGHARI;150404;BATIN XXIV;DATA SEKOLAH;2022/2023 GANJIL;SWASTA;SD;0
15;JAMBI;1504;BATANGHARI;150404;BATIN XXIV;DATA SEKOLAH;2022/2023 GANJIL;SWASTA;SMP;0
15;JAMBI;1504;BATANGHARI;150404;BATIN XXIV;DATA SEKOLAH;2022/2023 GANJIL;SWASTA;SMA;0
15;JAMBI;1504;BATANGHARI;150404;BATIN XXIV;DATA SEKOLAH;2022/2023 GANJIL;SWASTA;SMK;0
15;JAMBI;1504;BATANGHARI;150404;BATIN XXIV;DATA SEKOLAH;2022/2023 GANJIL;SWASTA;SLB;0
15;JAMBI;1507;TANJUNG JABUNG TIMUR;150711;BERBAK;DATA SEKOLAH;2022/2023 GANJIL;SWASTA;TK;2
15;JAMBI;1507;TANJUNG JABUNG TIMUR;150711;BERBAK;DATA SEKOLAH;2022/2023 GANJIL;SWASTA;KB;16
15;JAMBI;1507;TANJUNG JABUNG TIMUR;150711;BERBAK;DATA SEKOLAH;2022/2023 GANJIL;SWASTA;TPA;0
15;JAMBI;1507;TANJUNG JABUNG TIMUR;150711;BERBAK;DATA SEKOLAH;2022/2023 GANJIL;SWASTA;SPS;0
15;JAMBI;1507;TANJUNG JABUNG TIMUR;150711;BERBAK;DATA SEKOLAH;2022/2023 GANJIL;SWASTA;PKBM;2
15;JAMBI;1507;TANJUNG JABUNG TIMUR;150711;BERBAK;DATA SEKOLAH;2022/2023 GANJIL;SWASTA;SKB;0
15;JAMBI;1507;TANJUNG JABUNG TIMUR;150711;BERBAK;DATA SEKOLAH;2022/2023 GANJIL;SWASTA;SD;0
15;JAMBI;1507;TANJUNG JABUNG TIMUR;150711;BERBAK;DATA SEKOLAH;2022/2023 GANJIL;SWASTA;SMP;0
15;JAMBI;1507;TANJUNG JABUNG TIMUR;150711;BERBAK;DATA SEKOLAH;2022/2023 GANJIL;SWASTA;SMA;1
15;JAMBI;1507;TANJUNG JABUNG TIMUR;150711;BERBAK;DATA SEKOLAH;2022/2023 GANJIL;SWASTA;SMK;0
15;JAMBI;1507;TANJUNG JABUNG TIMUR;150711;BERBAK;DATA SEKOLAH;2022/2023 GANJIL;SWASTA;SLB;0
15;JAMBI;1506;TANJUNG JABUNG BARAT;150604;BETARA;DATA SEKOLAH;2022/2023 GANJIL;SWASTA;TK;3
15;JAMBI;1506;TANJUNG JABUNG BARAT;150604;BETARA;DATA SEKOLAH;2022/2023 GANJIL;SWASTA;KB;15
15;JAMBI;1506;TANJUNG JABUNG BARAT;150604;BETARA;DATA SEKOLAH;2022/2023 GANJIL;SWASTA;TPA;0
15;JAMBI;1506;TANJUNG JABUNG BARAT;150604;BETARA;DATA SEKOLAH;2022/2023 GANJIL;SWASTA;SPS;5
15;JAMBI;1506;TANJUNG JABUNG BARAT;150604;BETARA;DATA SEKOLAH;2022/2023 GANJIL;SWASTA;PKBM;0
15;JAMBI;1506;TANJUNG JABUNG BARAT;150604;BETARA;DATA SEKOLAH;2022/2023 GANJIL;SWASTA;SKB;0
15;JAMBI;1506;TANJUNG JABUNG BARAT;150604;BETARA;DATA SEKOLAH;2022/2023 GANJIL;SWASTA;SD;0
15;JAMBI;1506;TANJUNG JABUNG BARAT;150604;BETARA;DATA SEKOLAH;2022/2023 GANJIL;SWASTA;SMP;2
15;JAMBI;1506;TANJUNG JABUNG BARAT;150604;BETARA;DATA SEKOLAH;2022/2023 GANJIL;SWASTA;SMA;3
15;JAMBI;1506;TANJUNG JABUNG BARAT;150604;BETARA;DATA SEKOLAH;2022/2023 GANJIL;SWASTA;SMK;1
15;JAMBI;1506;TANJUNG JABUNG BARAT;150604;BETARA;DATA SEKOLAH;2022/2023 GANJIL;SWASTA;SLB;0
15;JAMBI;1506;TANJUNG JABUNG BARAT;150611;BRAM ITAM;DATA SEKOLAH;2022/2023 GANJIL;SWASTA;TK;1
15;JAMBI;1506;TANJUNG JABUNG BARAT;150611;BRAM ITAM;DATA SEKOLAH;2022/2023 GANJIL;SWASTA;KB;12
15;JAMBI;1506;TANJUNG JABUNG BARAT;150611;BRAM ITAM;DATA SEKOLAH;2022/2023 GANJIL;SWASTA;TPA;0
15;JAMBI;1506;TANJUNG JABUNG BARAT;150611;BRAM ITAM;DATA SEKOLAH;2022/2023 GANJIL;SWASTA;SPS;3
15;JAMBI;1506;TANJUNG JABUNG BARAT;150611;BRAM ITAM;DATA SEKOLAH;2022/2023 GANJIL;SWASTA;PKBM;0
15;JAMBI;1506;TANJUNG JABUNG BARAT;150611;BRAM ITAM;DATA SEKOLAH;2022/2023 GANJIL;SWASTA;SKB;0
15;JAMBI;1506;TANJUNG JABUNG BARAT;150611;BRAM ITAM;DATA SEKOLAH;2022/2023 GANJIL;SWASTA;SD;0
15;JAMBI;1506;TANJUNG JABUNG BARAT;150611;BRAM ITAM;DATA SEKOLAH;2022/2023 GANJIL;SWASTA;SMP;0
15;JAMBI;1506;TANJUNG JABUNG BARAT;150611;BRAM ITAM;DATA SEKOLAH;2022/2023 GANJIL;SWASTA;SMA;1
15;JAMBI;1506;TANJUNG JABUNG BARAT;150611;BRAM ITAM;DATA SEKOLAH;2022/2023 GANJIL;SWASTA;SMK;0
15;JAMBI;1506;TANJUNG JABUNG BARAT;150611;BRAM ITAM;DATA SEKOLAH;2022/2023 GANJIL;SWASTA;SLB;0
15;JAMBI;1501;KERINCI;150120;BUKITKERMAN;DATA SEKOLAH;2022/2023 GANJIL;SWASTA;TK;4
15;JAMBI;1501;KERINCI;150120;BUKITKERMAN;DATA SEKOLAH;2022/2023 GANJIL;SWASTA;KB;15
15;JAMBI;1501;KERINCI;150120;BUKITKERMAN;DATA SEKOLAH;2022/2023 GANJIL;SWASTA;TPA;0
15;JAMBI;1501;KERINCI;150120;BUKITKERMAN;DATA SEKOLAH;2022/2023 GANJIL;SWASTA;SPS;0
15;JAMBI;1501;KERINCI;150120;BUKITKERMAN;DATA SEKOLAH;2022/2023 GANJIL;SWASTA;PKBM;0
15;JAMBI;1501;KERINCI;150120;BUKITKERMAN;DATA SEKOLAH;2022/2023 GANJIL;SWASTA;SKB;0
15;JAMBI;1501;KERINCI;150120;BUKITKERMAN;DATA SEKOLAH;2022/2023 GANJIL;SWASTA;SD;0
15;JAMBI;1501;KERINCI;150120;BUKITKERMAN;DATA SEKOLAH;2022/2023 GANJIL;SWASTA;SMP;0
15;JAMBI;1501;KERINCI;150120;BUKITKERMAN;DATA SEKOLAH;2022/2023 GANJIL;SWASTA;SMA;0
15;JAMBI;1501;KERINCI;150120;BUKITKERMAN;DATA SEKOLAH;2022/2023 GANJIL;SWASTA;SMK;0
15;JAMBI;1501;KERINCI;150120;BUKITKERMAN;DATA SEKOLAH;2022/2023 GANJIL;SWASTA;SLB;0
15;JAMBI;1508;BUNGO;150812;BUNGO DANI;DATA SEKOLAH;2022/2023 GANJIL;SWASTA;TK;5
15;JAMBI;1508;BUNGO;150812;BUNGO DANI;DATA SEKOLAH;2022/2023 GANJIL;SWASTA;KB;12
15;JAMBI;1508;BUNGO;150812;BUNGO DANI;DATA SEKOLAH;2022/2023 GANJIL;SWASTA;TPA;0
15;JAMBI;1508;BUNGO;150812;BUNGO DANI;DATA SEKOLAH;2022/2023 GANJIL;SWASTA;SPS;3
15;JAMBI;1508;BUNGO;150812;BUNGO DANI;DATA SEKOLAH;2022/2023 GANJIL;SWASTA;PKBM;5
15;JAMBI;1508;BUNGO;150812;BUNGO DANI;DATA SEKOLAH;2022/2023 GANJIL;SWASTA;SKB;0
15;JAMBI;1508;BUNGO;150812;BUNGO DANI;DATA SEKOLAH;2022/2023 GANJIL;SWASTA;SD;0
15;JAMBI;1508;BUNGO;150812;BUNGO DANI;DATA SEKOLAH;2022/2023 GANJIL;SWASTA;SMP;0
15;JAMBI;1508;BUNGO;150812;BUNGO DANI;DATA SEKOLAH;2022/2023 GANJIL;SWASTA;SMA;0
15;JAMBI;1508;BUNGO;150812;BUNGO DANI;DATA SEKOLAH;2022/2023 GANJIL;SWASTA;SMK;1
15;JAMBI;1508;BUNGO;150812;BUNGO DANI;DATA SEKOLAH;2022/2023 GANJIL;SWASTA;SLB;0
15;JAMBI;1503;SAROLANGUN;150310;CERMIN NAN GEDANG;DATA SEKOLAH;2022/2023 GANJIL;SWASTA;TK;11
15;JAMBI;1503;SAROLANGUN;150310;CERMIN NAN GEDANG;DATA SEKOLAH;2022/2023 GANJIL;SWASTA;KB;19
15;JAMBI;1503;SAROLANGUN;150310;CERMIN NAN GEDANG;DATA SEKOLAH;2022/2023 GANJIL;SWASTA;TPA;0
15;JAMBI;1503;SAROLANGUN;150310;CERMIN NAN GEDANG;DATA SEKOLAH;2022/2023 GANJIL;SWASTA;SPS;0
15;JAMBI;1503;SAROLANGUN;150310;CERMIN NAN GEDANG;DATA SEKOLAH;2022/2023 GANJIL;SWASTA;PKBM;1
15;JAMBI;1503;SAROLANGUN;150310;CERMIN NAN GEDANG;DATA SEKOLAH;2022/2023 GANJIL;SWASTA;SKB;0
15;JAMBI;1503;SAROLANGUN;150310;CERMIN NAN GEDANG;DATA SEKOLAH;2022/2023 GANJIL;SWASTA;SD;0
15;JAMBI;1503;SAROLANGUN;150310;CERMIN NAN GEDANG;DATA SEKOLAH;2022/2023 GANJIL;SWASTA;SMP;2
15;JAMBI;1503;SAROLANGUN;150310;CERMIN NAN GEDANG;DATA SEKOLAH;2022/2023 GANJIL;SWASTA;SMA;0
15;JAMBI;1503;SAROLANGUN;150310;CERMIN NAN GEDANG;DATA SEKOLAH;2022/2023 GANJIL;SWASTA;SMK;0
15;JAMBI;1503;SAROLANGUN;150310;CERMIN NAN GEDANG;DATA SEKOLAH;2022/2023 GANJIL;SWASTA;SLB;0
15;JAMBI;1501;KERINCI;150102;DANAU KERINCI;DATA SEKOLAH;2022/2023 GANJIL;SWASTA;TK;6
15;JAMBI;1501;KERINCI;150102;DANAU KERINCI;DATA SEKOLAH;2022/2023 GANJIL;SWASTA;KB;11
15;JAMBI;1501;KERINCI;150102;DANAU KERINCI;DATA SEKOLAH;2022/2023 GANJIL;SWASTA;TPA;0
15;JAMBI;1501;KERINCI;150102;DANAU KERINCI;DATA SEKOLAH;2022/2023 GANJIL;SWASTA;SPS;0
15;JAMBI;1501;KERINCI;150102;DANAU KERINCI;DATA SEKOLAH;2022/2023 GANJIL;SWASTA;PKBM;4
15;JAMBI;1501;KERINCI;150102;DANAU KERINCI;DATA SEKOLAH;2022/2023 GANJIL;SWASTA;SKB;0
15;JAMBI;1501;KERINCI;150102;DANAU KERINCI;DATA SEKOLAH;2022/2023 GANJIL;SWASTA;SD;0
15;JAMBI;1501;KERINCI;150102;DANAU KERINCI;DATA SEKOLAH;2022/2023 GANJIL;SWASTA;SMP;0
15;JAMBI;1501;KERINCI;150102;DANAU KERINCI;DATA SEKOLAH;2022/2023 GANJIL;SWASTA;SMA;0
15;JAMBI;1501;KERINCI;150102;DANAU KERINCI;DATA SEKOLAH;2022/2023 GANJIL;SWASTA;SMK;0
15;JAMBI;1501;KERINCI;150102;DANAU KERINCI;DATA SEKOLAH;2022/2023 GANJIL;SWASTA;SLB;0
15;JAMBI;1571;KOTA JAMBI;157110;DANAU SIPIN;DATA SEKOLAH;2022/2023 GANJIL;SWASTA;TK;14
15;JAMBI;1571;KOTA JAMBI;157110;DANAU SIPIN;DATA SEKOLAH;2022/2023 GANJIL;SWASTA;KB;7
15;JAMBI;1571;KOTA JAMBI;157110;DANAU SIPIN;DATA SEKOLAH;2022/2023 GANJIL;SWASTA;TPA;2
15;JAMBI;1571;KOTA JAMBI;157110;DANAU SIPIN;DATA SEKOLAH;2022/2023 GANJIL;SWASTA;SPS;2
15;JAMBI;1571;KOTA JAMBI;157110;DANAU SIPIN;DATA SEKOLAH;2022/2023 GANJIL;SWASTA;PKBM;0
15;JAMBI;1571;KOTA JAMBI;157110;DANAU SIPIN;DATA SEKOLAH;2022/2023 GANJIL;SWASTA;SKB;0
15;JAMBI;1571;KOTA JAMBI;157110;DANAU SIPIN;DATA SEKOLAH;2022/2023 GANJIL;SWASTA;SD;5
15;JAMBI;1571;KOTA JAMBI;157110;DANAU SIPIN;DATA SEKOLAH;2022/2023 GANJIL;SWASTA;SMP;5
15;JAMBI;1571;KOTA JAMBI;157110;DANAU SIPIN;DATA SEKOLAH;2022/2023 GANJIL;SWASTA;SMA;7
15;JAMBI;1571;KOTA JAMBI;157110;DANAU SIPIN;DATA SEKOLAH;2022/2023 GANJIL;SWASTA;SMK;5
15;JAMBI;1571;KOTA JAMBI;157110;DANAU SIPIN;DATA SEKOLAH;2022/2023 GANJIL;SWASTA;SLB;0
15;JAMBI;1571;KOTA JAMBI;157106;DANAU TELUK;DATA SEKOLAH;2022/2023 GANJIL;SWASTA;TK;3
15;JAMBI;1571;KOTA JAMBI;157106;DANAU TELUK;DATA SEKOLAH;2022/2023 GANJIL;SWASTA;KB;6
15;JAMBI;1571;KOTA JAMBI;157106;DANAU TELUK;DATA SEKOLAH;2022/2023 GANJIL;SWASTA;TPA;0
15;JAMBI;1571;KOTA JAMBI;157106;DANAU TELUK;DATA SEKOLAH;2022/2023 GANJIL;SWASTA;SPS;0
15;JAMBI;1571;KOTA JAMBI;157106;DANAU TELUK;DATA SEKOLAH;2022/2023 GANJIL;SWASTA;PKBM;0
15;JAMBI;1571;KOTA JAMBI;157106;DANAU TELUK;DATA SEKOLAH;2022/2023 GANJIL;SWASTA;SKB;0
15;JAMBI;1571;KOTA JAMBI;157106;DANAU TELUK;DATA SEKOLAH;2022/2023 GANJIL;SWASTA;SD;1
15;JAMBI;1571;KOTA JAMBI;157106;DANAU TELUK;DATA SEKOLAH;2022/2023 GANJIL;SWASTA;SMP;0
15;JAMBI;1571;KOTA JAMBI;157106;DANAU TELUK;DATA SEKOLAH;2022/2023 GANJIL;SWASTA;SMA;0
15;JAMBI;1571;KOTA JAMBI;157106;DANAU TELUK;DATA SEKOLAH;2022/2023 GANJIL;SWASTA;SMK;0
15;JAMBI;1571;KOTA JAMBI;157106;DANAU TELUK;DATA SEKOLAH;2022/2023 GANJIL;SWASTA;SLB;0
15;JAMBI;1507;TANJUNG JABUNG TIMUR;150706;DENDANG;DATA SEKOLAH;2022/2023 GANJIL;SWASTA;TK;4
15;JAMBI;1507;TANJUNG JABUNG TIMUR;150706;DENDANG;DATA SEKOLAH;2022/2023 GANJIL;SWASTA;KB;21
15;JAMBI;1507;TANJUNG JABUNG TIMUR;150706;DENDANG;DATA SEKOLAH;2022/2023 GANJIL;SWASTA;TPA;0
15;JAMBI;1507;TANJUNG JABUNG TIMUR;150706;DENDANG;DATA SEKOLAH;2022/2023 GANJIL;SWASTA;SPS;0
15;JAMBI;1507;TANJUNG JABUNG TIMUR;150706;DENDANG;DATA SEKOLAH;2022/2023 GANJIL;SWASTA;PKBM;1
15;JAMBI;1507;TANJUNG JABUNG TIMUR;150706;DENDANG;DATA SEKOLAH;2022/2023 GANJIL;SWASTA;SKB;0
15;JAMBI;1507;TANJUNG JABUNG TIMUR;150706;DENDANG;DATA SEKOLAH;2022/2023 GANJIL;SWASTA;SD;0
15;JAMBI;1507;TANJUNG JABUNG TIMUR;150706;DENDANG;DATA SEKOLAH;2022/2023 GANJIL;SWASTA;SMP;0
15;JAMBI;1507;TANJUNG JABUNG TIMUR;150706;DENDANG;DATA SEKOLAH;2022/2023 GANJIL;SWASTA;SMA;0
15;JAMBI;1507;TANJUNG JABUNG TIMUR;150706;DENDANG;DATA SEKOLAH;2022/2023 GANJIL;SWASTA;SMK;0
15;JAMBI;1507;TANJUNG JABUNG TIMUR;150706;DENDANG;DATA SEKOLAH;2022/2023 GANJIL;SWASTA;SLB;0
15;JAMBI;1501;KERINCI;150117;DEPATI TUJUH;DATA SEKOLAH;2022/2023 GANJIL;SWASTA;TK;8
15;JAMBI;1501;KERINCI;150117;DEPATI TUJUH;DATA SEKOLAH;2022/2023 GANJIL;SWASTA;KB;23
15;JAMBI;1501;KERINCI;150117;DEPATI TUJUH;DATA SEKOLAH;2022/2023 GANJIL;SWASTA;TPA;0
15;JAMBI;1501;KERINCI;150117;DEPATI TUJUH;DATA SEKOLAH;2022/2023 GANJIL;SWASTA;SPS;4
15;JAMBI;1501;KERINCI;150117;DEPATI TUJUH;DATA SEKOLAH;2022/2023 GANJIL;SWASTA;PKBM;2
15;JAMBI;1501;KERINCI;150117;DEPATI TUJUH;DATA SEKOLAH;2022/2023 GANJIL;SWASTA;SKB;0
15;JAMBI;1501;KERINCI;150117;DEPATI TUJUH;DATA SEKOLAH;2022/2023 GANJIL;SWASTA;SD;0
15;JAMBI;1501;KERINCI;150117;DEPATI TUJUH;DATA SEKOLAH;2022/2023 GANJIL;SWASTA;SMP;0
15;JAMBI;1501;KERINCI;150117;DEPATI TUJUH;DATA SEKOLAH;2022/2023 GANJIL;SWASTA;SMA;0
15;JAMBI;1501;KERINCI;150117;DEPATI TUJUH;DATA SEKOLAH;2022/2023 GANJIL;SWASTA;SMK;0
15;JAMBI;1501;KERINCI;150117;DEPATI TUJUH;DATA SEKOLAH;2022/2023 GANJIL;SWASTA;SLB;0
15;JAMBI;1507;TANJUNG JABUNG TIMUR;150710;GERAGAI;DATA SEKOLAH;2022/2023 GANJIL;SWASTA;TK;3
15;JAMBI;1507;TANJUNG JABUNG TIMUR;150710;GERAGAI;DATA SEKOLAH;2022/2023 GANJIL;SWASTA;KB;19
15;JAMBI;1507;TANJUNG JABUNG TIMUR;150710;GERAGAI;DATA SEKOLAH;2022/2023 GANJIL;SWASTA;TPA;0
15;JAMBI;1507;TANJUNG JABUNG TIMUR;150710;GERAGAI;DATA SEKOLAH;2022/2023 GANJIL;SWASTA;SPS;0
15;JAMBI;1507;TANJUNG JABUNG TIMUR;150710;GERAGAI;DATA SEKOLAH;2022/2023 GANJIL;SWASTA;PKBM;1
15;JAMBI;1507;TANJUNG JABUNG TIMUR;150710;GERAGAI;DATA SEKOLAH;2022/2023 GANJIL;SWASTA;SKB;0
15;JAMBI;1507;TANJUNG JABUNG TIMUR;150710;GERAGAI;DATA SEKOLAH;2022/2023 GANJIL;SWASTA;SD;0
15;JAMBI;1507;TANJUNG JABUNG TIMUR;150710;GERAGAI;DATA SEKOLAH;2022/2023 GANJIL;SWASTA;SMP;0
15;JAMBI;1507;TANJUNG JABUNG TIMUR;150710;GERAGAI;DATA SEKOLAH;2022/2023 GANJIL;SWASTA;SMA;0
15;JAMBI;1507;TANJUNG JABUNG TIMUR;150710;GERAGAI;DATA SEKOLAH;2022/2023 GANJIL;SWASTA;SMK;0
15;JAMBI;1507;TANJUNG JABUNG TIMUR;150710;GERAGAI;DATA SEKOLAH;2022/2023 GANJIL;SWASTA;SLB;0
15;JAMBI;1501;KERINCI;150106;GUNUNG KERINCI;DATA SEKOLAH;2022/2023 GANJIL;SWASTA;TK;1
15;JAMBI;1501;KERINCI;150106;GUNUNG KERINCI;DATA SEKOLAH;2022/2023 GANJIL;SWASTA;KB;19
15;JAMBI;1501;KERINCI;150106;GUNUNG KERINCI;DATA SEKOLAH;2022/2023 GANJIL;SWASTA;TPA;0
15;JAMBI;1501;KERINCI;150106;GUNUNG KERINCI;DATA SEKOLAH;2022/2023 GANJIL;SWASTA;SPS;1
15;JAMBI;1501;KERINCI;150106;GUNUNG KERINCI;DATA SEKOLAH;2022/2023 GANJIL;SWASTA;PKBM;8
15;JAMBI;1501;KERINCI;150106;GUNUNG KERINCI;DATA SEKOLAH;2022/2023 GANJIL;SWASTA;SKB;0
15;JAMBI;1501;KERINCI;150106;GUNUNG KERINCI;DATA SEKOLAH;2022/2023 GANJIL;SWASTA;SD;0
15;JAMBI;1501;KERINCI;150106;GUNUNG KERINCI;DATA SEKOLAH;2022/2023 GANJIL;SWASTA;SMP;0
15;JAMBI;1501;KERINCI;150106;GUNUNG KERINCI;DATA SEKOLAH;2022/2023 GANJIL;SWASTA;SMA;0
15;JAMBI;1501;KERINCI;150106;GUNUNG KERINCI;DATA SEKOLAH;2022/2023 GANJIL;SWASTA;SMK;0
15;JAMBI;1501;KERINCI;150106;GUNUNG KERINCI;DATA SEKOLAH;2022/2023 GANJIL;SWASTA;SLB;0
15;JAMBI;1501;KERINCI;150101;GUNUNG RAYA;DATA SEKOLAH;2022/2023 GANJIL;SWASTA;TK;2
15;JAMBI;1501;KERINCI;150101;GUNUNG RAYA;DATA SEKOLAH;2022/2023 GANJIL;SWASTA;KB;9
15;JAMBI;1501;KERINCI;150101;GUNUNG RAYA;DATA SEKOLAH;2022/2023 GANJIL;SWASTA;TPA;0
15;JAMBI;1501;KERINCI;150101;GUNUNG RAYA;DATA SEKOLAH;2022/2023 GANJIL;SWASTA;SPS;1
15;JAMBI;1501;KERINCI;150101;GUNUNG RAYA;DATA SEKOLAH;2022/2023 GANJIL;SWASTA;PKBM;0
15;JAMBI;1501;KERINCI;150101;GUNUNG RAYA;DATA SEKOLAH;2022/2023 GANJIL;SWASTA;SKB;0
15;JAMBI;1501;KERINCI;150101;GUNUNG RAYA;DATA SEKOLAH;2022/2023 GANJIL;SWASTA;SD;0
15;JAMBI;1501;KERINCI;150101;GUNUNG RAYA;DATA SEKOLAH;2022/2023 GANJIL;SWASTA;SMP;0
15;JAMBI;1501;KERINCI;150101;GUNUNG RAYA;DATA SEKOLAH;2022/2023 GANJIL;SWASTA;SMA;0
15;JAMBI;1501;KERINCI;150101;GUNUNG RAYA;DATA SEKOLAH;2022/2023 GANJIL;SWASTA;SMK;0
15;JAMBI;1501;KERINCI;150101;GUNUNG RAYA;DATA SEKOLAH;2022/2023 GANJIL;SWASTA;SLB;0
15;JAMBI;1501;KERINCI;150115;GUNUNG TUJUH;DATA SEKOLAH;2022/2023 GANJIL;SWASTA;TK;1
15;JAMBI;1501;KERINCI;150115;GUNUNG TUJUH;DATA SEKOLAH;2022/2023 GANJIL;SWASTA;KB;15
15;JAMBI;1501;KERINCI;150115;GUNUNG TUJUH;DATA SEKOLAH;2022/2023 GANJIL;SWASTA;TPA;0
15;JAMBI;1501;KERINCI;150115;GUNUNG TUJUH;DATA SEKOLAH;2022/2023 GANJIL;SWASTA;SPS;0
15;JAMBI;1501;KERINCI;150115;GUNUNG TUJUH;DATA SEKOLAH;2022/2023 GANJIL;SWASTA;PKBM;2
15;JAMBI;1501;KERINCI;150115;GUNUNG TUJUH;DATA SEKOLAH;2022/2023 GANJIL;SWASTA;SKB;0
15;JAMBI;1501;KERINCI;150115;GUNUNG TUJUH;DATA SEKOLAH;2022/2023 GANJIL;SWASTA;SD;1
15;JAMBI;1501;KERINCI;150115;GUNUNG TUJUH;DATA SEKOLAH;2022/2023 GANJIL;SWASTA;SMP;0
15;JAMBI;1501;KERINCI;150115;GUNUNG TUJUH;DATA SEKOLAH;2022/2023 GANJIL;SWASTA;SMA;0
15;JAMBI;1501;KERINCI;150115;GUNUNG TUJUH;DATA SEKOLAH;2022/2023 GANJIL;SWASTA;SMK;0
15;JAMBI;1501;KERINCI;150115;GUNUNG TUJUH;DATA SEKOLAH;2022/2023 GANJIL;SWASTA;SLB;0
15;JAMBI;1572;KOTA SUNGAI PENUH;157203;HAMPARAN RAWANG;DATA SEKOLAH;2022/2023 GANJIL;SWASTA;TK;6
15;JAMBI;1572;KOTA SUNGAI PENUH;157203;HAMPARAN RAWANG;DATA SEKOLAH;2022/2023 GANJIL;SWASTA;KB;14
15;JAMBI;1572;KOTA SUNGAI PENUH;157203;HAMPARAN RAWANG;DATA SEKOLAH;2022/2023 GANJIL;SWASTA;TPA;0
15;JAMBI;1572;KOTA SUNGAI PENUH;157203;HAMPARAN RAWANG;DATA SEKOLAH;2022/2023 GANJIL;SWASTA;SPS;8
15;JAMBI;1572;KOTA SUNGAI PENUH;157203;HAMPARAN RAWANG;DATA SEKOLAH;2022/2023 GANJIL;SWASTA;PKBM;2
15;JAMBI;1572;KOTA SUNGAI PENUH;157203;HAMPARAN RAWANG;DATA SEKOLAH;2022/2023 GANJIL;SWASTA;SKB;0
15;JAMBI;1572;KOTA SUNGAI PENUH;157203;HAMPARAN RAWANG;DATA SEKOLAH;2022/2023 GANJIL;SWASTA;SD;0
15;JAMBI;1572;KOTA SUNGAI PENUH;157203;HAMPARAN RAWANG;DATA SEKOLAH;2022/2023 GANJIL;SWASTA;SMP;0
15;JAMBI;1572;KOTA SUNGAI PENUH;157203;HAMPARAN RAWANG;DATA SEKOLAH;2022/2023 GANJIL;SWASTA;SMA;0
15;JAMBI;1572;KOTA SUNGAI PENUH;157203;HAMPARAN RAWANG;DATA SEKOLAH;2022/2023 GANJIL;SWASTA;SMK;0
15;JAMBI;1572;KOTA SUNGAI PENUH;157203;HAMPARAN RAWANG;DATA SEKOLAH;2022/2023 GANJIL;SWASTA;SLB;0
15;JAMBI;1505;MUARO JAMBI;150501;JAMBI LUAR KOTA;DATA SEKOLAH;2022/2023 GANJIL;SWASTA;TK;41
15;JAMBI;1505;MUARO JAMBI;150501;JAMBI LUAR KOTA;DATA SEKOLAH;2022/2023 GANJIL;SWASTA;KB;18
15;JAMBI;1505;MUARO JAMBI;150501;JAMBI LUAR KOTA;DATA SEKOLAH;2022/2023 GANJIL;SWASTA;TPA;2
15;JAMBI;1505;MUARO JAMBI;150501;JAMBI LUAR KOTA;DATA SEKOLAH;2022/2023 GANJIL;SWASTA;SPS;2
15;JAMBI;1505;MUARO JAMBI;150501;JAMBI LUAR KOTA;DATA SEKOLAH;2022/2023 GANJIL;SWASTA;PKBM;2
15;JAMBI;1505;MUARO JAMBI;150501;JAMBI LUAR KOTA;DATA SEKOLAH;2022/2023 GANJIL;SWASTA;SKB;0
15;JAMBI;1505;MUARO JAMBI;150501;JAMBI LUAR KOTA;DATA SEKOLAH;2022/2023 GANJIL;SWASTA;SD;4
15;JAMBI;1505;MUARO JAMBI;150501;JAMBI LUAR KOTA;DATA SEKOLAH;2022/2023 GANJIL;SWASTA;SMP;0
15;JAMBI;1505;MUARO JAMBI;150501;JAMBI LUAR KOTA;DATA SEKOLAH;2022/2023 GANJIL;SWASTA;SMA;0
15;JAMBI;1505;MUARO JAMBI;150501;JAMBI LUAR KOTA;DATA SEKOLAH;2022/2023 GANJIL;SWASTA;SMK;0
15;JAMBI;1505;MUARO JAMBI;150501;JAMBI LUAR KOTA;DATA SEKOLAH;2022/2023 GANJIL;SWASTA;SLB;0
15;JAMBI;1571;KOTA JAMBI;157102;JAMBI SELATAN;DATA SEKOLAH;2022/2023 GANJIL;SWASTA;TK;19
15;JAMBI;1571;KOTA JAMBI;157102;JAMBI SELATAN;DATA SEKOLAH;2022/2023 GANJIL;SWASTA;KB;9
15;JAMBI;1571;KOTA JAMBI;157102;JAMBI SELATAN;DATA SEKOLAH;2022/2023 GANJIL;SWASTA;TPA;0
15;JAMBI;1571;KOTA JAMBI;157102;JAMBI SELATAN;DATA SEKOLAH;2022/2023 GANJIL;SWASTA;SPS;1
15;JAMBI;1571;KOTA JAMBI;157102;JAMBI SELATAN;DATA SEKOLAH;2022/2023 GANJIL;SWASTA;PKBM;1
15;JAMBI;1571;KOTA JAMBI;157102;JAMBI SELATAN;DATA SEKOLAH;2022/2023 GANJIL;SWASTA;SKB;0
15;JAMBI;1571;KOTA JAMBI;157102;JAMBI SELATAN;DATA SEKOLAH;2022/2023 GANJIL;SWASTA;SD;7
15;JAMBI;1571;KOTA JAMBI;157102;JAMBI SELATAN;DATA SEKOLAH;2022/2023 GANJIL;SWASTA;SMP;8
15;JAMBI;1571;KOTA JAMBI;157102;JAMBI SELATAN;DATA SEKOLAH;2022/2023 GANJIL;SWASTA;SMA;5
15;JAMBI;1571;KOTA JAMBI;157102;JAMBI SELATAN;DATA SEKOLAH;2022/2023 GANJIL;SWASTA;SMK;3
15;JAMBI;1571;KOTA JAMBI;157102;JAMBI SELATAN;DATA SEKOLAH;2022/2023 GANJIL;SWASTA;SLB;1
15;JAMBI;1571;KOTA JAMBI;157103;JAMBI TIMUR;DATA SEKOLAH;2022/2023 GANJIL;SWASTA;TK;19
15;JAMBI;1571;KOTA JAMBI;157103;JAMBI TIMUR;DATA SEKOLAH;2022/2023 GANJIL;SWASTA;KB;9
15;JAMBI;1571;KOTA JAMBI;157103;JAMBI TIMUR;DATA SEKOLAH;2022/2023 GANJIL;SWASTA;TPA;0
15;JAMBI;1571;KOTA JAMBI;157103;JAMBI TIMUR;DATA SEKOLAH;2022/2023 GANJIL;SWASTA;SPS;1
15;JAMBI;1571;KOTA JAMBI;157103;JAMBI TIMUR;DATA SEKOLAH;2022/2023 GANJIL;SWASTA;PKBM;2
15;JAMBI;1571;KOTA JAMBI;157103;JAMBI TIMUR;DATA SEKOLAH;2022/2023 GANJIL;SWASTA;SKB;0
15;JAMBI;1571;KOTA JAMBI;157103;JAMBI TIMUR;DATA SEKOLAH;2022/2023 GANJIL;SWASTA;SD;7
15;JAMBI;1571;KOTA JAMBI;157103;JAMBI TIMUR;DATA SEKOLAH;2022/2023 GANJIL;SWASTA;SMP;7
15;JAMBI;1571;KOTA JAMBI;157103;JAMBI TIMUR;DATA SEKOLAH;2022/2023 GANJIL;SWASTA;SMA;4
15;JAMBI;1571;KOTA JAMBI;157103;JAMBI TIMUR;DATA SEKOLAH;2022/2023 GANJIL;SWASTA;SMK;4
15;JAMBI;1571;KOTA JAMBI;157103;JAMBI TIMUR;DATA SEKOLAH;2022/2023 GANJIL;SWASTA;SLB;2
15;JAMBI;1502;MERANGIN;150201;JANGKAT;DATA SEKOLAH;2022/2023 GANJIL;SWASTA;TK;7
15;JAMBI;1502;MERANGIN;150201;JANGKAT;DATA SEKOLAH;2022/2023 GANJIL;SWASTA;KB;1
15;JAMBI;1502;MERANGIN;150201;JANGKAT;DATA SEKOLAH;2022/2023 GANJIL;SWASTA;TPA;0
15;JAMBI;1502;MERANGIN;150201;JANGKAT;DATA SEKOLAH;2022/2023 GANJIL;SWASTA;SPS;0
15;JAMBI;1502;MERANGIN;150201;JANGKAT;DATA SEKOLAH;2022/2023 GANJIL;SWASTA;PKBM;1
15;JAMBI;1502;MERANGIN;150201;JANGKAT;DATA SEKOLAH;2022/2023 GANJIL;SWASTA;SKB;0
15;JAMBI;1502;MERANGIN;150201;JANGKAT;DATA SEKOLAH;2022/2023 GANJIL;SWASTA;SD;0
15;JAMBI;1502;MERANGIN;150201;JANGKAT;DATA SEKOLAH;2022/2023 GANJIL;SWASTA;SMP;0
15;JAMBI;1502;MERANGIN;150201;JANGKAT;DATA SEKOLAH;2022/2023 GANJIL;SWASTA;SMA;0
15;JAMBI;1502;MERANGIN;150201;JANGKAT;DATA SEKOLAH;2022/2023 GANJIL;SWASTA;SMK;0
15;JAMBI;1502;MERANGIN;150201;JANGKAT;DATA SEKOLAH;2022/2023 GANJIL;SWASTA;SLB;0
15;JAMBI;1502;MERANGIN;150218;JANGKAT TIMUR;DATA SEKOLAH;2022/2023 GANJIL;SWASTA;TK;9
15;JAMBI;1502;MERANGIN;150218;JANGKAT TIMUR;DATA SEKOLAH;2022/2023 GANJIL;SWASTA;KB;3
15;JAMBI;1502;MERANGIN;150218;JANGKAT TIMUR;DATA SEKOLAH;2022/2023 GANJIL;SWASTA;TPA;0
15;JAMBI;1502;MERANGIN;150218;JANGKAT TIMUR;DATA SEKOLAH;2022/2023 GANJIL;SWASTA;SPS;0
15;JAMBI;1502;MERANGIN;150218;JANGKAT TIMUR;DATA SEKOLAH;2022/2023 GANJIL;SWASTA;PKBM;0
15;JAMBI;1502;MERANGIN;150218;JANGKAT TIMUR;DATA SEKOLAH;2022/2023 GANJIL;SWASTA;SKB;0
15;JAMBI;1502;MERANGIN;150218;JANGKAT TIMUR;DATA SEKOLAH;2022/2023 GANJIL;SWASTA;SD;0
15;JAMBI;1502;MERANGIN;150218;JANGKAT TIMUR;DATA SEKOLAH;2022/2023 GANJIL;SWASTA;SMP;0
15;JAMBI;1502;MERANGIN;150218;JANGKAT TIMUR;DATA SEKOLAH;2022/2023 GANJIL;SWASTA;SMA;0
15;JAMBI;1502;MERANGIN;150218;JANGKAT TIMUR;DATA SEKOLAH;2022/2023 GANJIL;SWASTA;SMK;0
15;JAMBI;1502;MERANGIN;150218;JANGKAT TIMUR;DATA SEKOLAH;2022/2023 GANJIL;SWASTA;SLB;0
15;JAMBI;1571;KOTA JAMBI;157108;JELUTUNG;DATA SEKOLAH;2022/2023 GANJIL;SWASTA;TK;15
15;JAMBI;1571;KOTA JAMBI;157108;JELUTUNG;DATA SEKOLAH;2022/2023 GANJIL;SWASTA;KB;9
15;JAMBI;1571;KOTA JAMBI;157108;JELUTUNG;DATA SEKOLAH;2022/2023 GANJIL;SWASTA;TPA;1
15;JAMBI;1571;KOTA JAMBI;157108;JELUTUNG;DATA SEKOLAH;2022/2023 GANJIL;SWASTA;SPS;1
15;JAMBI;1571;KOTA JAMBI;157108;JELUTUNG;DATA SEKOLAH;2022/2023 GANJIL;SWASTA;PKBM;2
15;JAMBI;1571;KOTA JAMBI;157108;JELUTUNG;DATA SEKOLAH;2022/2023 GANJIL;SWASTA;SKB;0
15;JAMBI;1571;KOTA JAMBI;157108;JELUTUNG;DATA SEKOLAH;2022/2023 GANJIL;SWASTA;SD;7
15;JAMBI;1571;KOTA JAMBI;157108;JELUTUNG;DATA SEKOLAH;2022/2023 GANJIL;SWASTA;SMP;6
15;JAMBI;1571;KOTA JAMBI;157108;JELUTUNG;DATA SEKOLAH;2022/2023 GANJIL;SWASTA;SMA;5
15;JAMBI;1571;KOTA JAMBI;157108;JELUTUNG;DATA SEKOLAH;2022/2023 GANJIL;SWASTA;SMK;2
15;JAMBI;1571;KOTA JAMBI;157108;JELUTUNG;DATA SEKOLAH;2022/2023 GANJIL;SWASTA;SLB;0
15;JAMBI;1508;BUNGO;150804;JUJUHAN;DATA SEKOLAH;2022/2023 GANJIL;SWASTA;TK;3
15;JAMBI;1508;BUNGO;150804;JUJUHAN;DATA SEKOLAH;2022/2023 GANJIL;SWASTA;KB;11
15;JAMBI;1508;BUNGO;150804;JUJUHAN;DATA SEKOLAH;2022/2023 GANJIL;SWASTA;TPA;0
15;JAMBI;1508;BUNGO;150804;JUJUHAN;DATA SEKOLAH;2022/2023 GANJIL;SWASTA;SPS;0
15;JAMBI;1508;BUNGO;150804;JUJUHAN;DATA SEKOLAH;2022/2023 GANJIL;SWASTA;PKBM;1
15;JAMBI;1508;BUNGO;150804;JUJUHAN;DATA SEKOLAH;2022/2023 GANJIL;SWASTA;SKB;0
15;JAMBI;1508;BUNGO;150804;JUJUHAN;DATA SEKOLAH;2022/2023 GANJIL;SWASTA;SD;0
15;JAMBI;1508;BUNGO;150804;JUJUHAN;DATA SEKOLAH;2022/2023 GANJIL;SWASTA;SMP;0
15;JAMBI;1508;BUNGO;150804;JUJUHAN;DATA SEKOLAH;2022/2023 GANJIL;SWASTA;SMA;0
15;JAMBI;1508;BUNGO;150804;JUJUHAN;DATA SEKOLAH;2022/2023 GANJIL;SWASTA;SMK;1
15;JAMBI;1508;BUNGO;150804;JUJUHAN;DATA SEKOLAH;2022/2023 GANJIL;SWASTA;SLB;0
15;JAMBI;1508;BUNGO;150816;JUJUHAN ILIR;DATA SEKOLAH;2022/2023 GANJIL;SWASTA;TK;2
15;JAMBI;1508;BUNGO;150816;JUJUHAN ILIR;DATA SEKOLAH;2022/2023 GANJIL;SWASTA;KB;6
15;JAMBI;1508;BUNGO;150816;JUJUHAN ILIR;DATA SEKOLAH;2022/2023 GANJIL;SWASTA;TPA;0
15;JAMBI;1508;BUNGO;150816;JUJUHAN ILIR;DATA SEKOLAH;2022/2023 GANJIL;SWASTA;SPS;1
15;JAMBI;1508;BUNGO;150816;JUJUHAN ILIR;DATA SEKOLAH;2022/2023 GANJIL;SWASTA;PKBM;1
15;JAMBI;1508;BUNGO;150816;JUJUHAN ILIR;DATA SEKOLAH;2022/2023 GANJIL;SWASTA;SKB;0
15;JAMBI;1508;BUNGO;150816;JUJUHAN ILIR;DATA SEKOLAH;2022/2023 GANJIL;SWASTA;SD;0
15;JAMBI;1508;BUNGO;150816;JUJUHAN ILIR;DATA SEKOLAH;2022/2023 GANJIL;SWASTA;SMP;0
15;JAMBI;1508;BUNGO;150816;JUJUHAN ILIR;DATA SEKOLAH;2022/2023 GANJIL;SWASTA;SMA;0
15;JAMBI;1508;BUNGO;150816;JUJUHAN ILIR;DATA SEKOLAH;2022/2023 GANJIL;SWASTA;SMK;0
15;JAMBI;1508;BUNGO;150816;JUJUHAN ILIR;DATA SEKOLAH;2022/2023 GANJIL;SWASTA;SLB;0
15;JAMBI;1501;KERINCI;150109;KAYU ARO;DATA SEKOLAH;2022/2023 GANJIL;SWASTA;TK;10
15;JAMBI;1501;KERINCI;150109;KAYU ARO;DATA SEKOLAH;2022/2023 GANJIL;SWASTA;KB;18
15;JAMBI;1501;KERINCI;150109;KAYU ARO;DATA SEKOLAH;2022/2023 GANJIL;SWASTA;TPA;0
15;JAMBI;1501;KERINCI;150109;KAYU ARO;DATA SEKOLAH;2022/2023 GANJIL;SWASTA;SPS;1
15;JAMBI;1501;KERINCI;150109;KAYU ARO;DATA SEKOLAH;2022/2023 GANJIL;SWASTA;PKBM;3
15;JAMBI;1501;KERINCI;150109;KAYU ARO;DATA SEKOLAH;2022/2023 GANJIL;SWASTA;SKB;0
15;JAMBI;1501;KERINCI;150109;KAYU ARO;DATA SEKOLAH;2022/2023 GANJIL;SWASTA;SD;0
15;JAMBI;1501;KERINCI;150109;KAYU ARO;DATA SEKOLAH;2022/2023 GANJIL;SWASTA;SMP;0
15;JAMBI;1501;KERINCI;150109;KAYU ARO;DATA SEKOLAH;2022/2023 GANJIL;SWASTA;SMA;0
15;JAMBI;1501;KERINCI;150109;KAYU ARO;DATA SEKOLAH;2022/2023 GANJIL;SWASTA;SMK;0
15;JAMBI;1501;KERINCI;150109;KAYU ARO;DATA SEKOLAH;2022/2023 GANJIL;SWASTA;SLB;0
15;JAMBI;1501;KERINCI;150119;KAYU ARO BARAT;DATA SEKOLAH;2022/2023 GANJIL;SWASTA;TK;1
15;JAMBI;1501;KERINCI;150119;KAYU ARO BARAT;DATA SEKOLAH;2022/2023 GANJIL;SWASTA;KB;10
15;JAMBI;1501;KERINCI;150119;KAYU ARO BARAT;DATA SEKOLAH;2022/2023 GANJIL;SWASTA;TPA;0
15;JAMBI;1501;KERINCI;150119;KAYU ARO BARAT;DATA SEKOLAH;2022/2023 GANJIL;SWASTA;SPS;0
15;JAMBI;1501;KERINCI;150119;KAYU ARO BARAT;DATA SEKOLAH;2022/2023 GANJIL;SWASTA;PKBM;1
15;JAMBI;1501;KERINCI;150119;KAYU ARO BARAT;DATA SEKOLAH;2022/2023 GANJIL;SWASTA;SKB;0
15;JAMBI;1501;KERINCI;150119;KAYU ARO BARAT;DATA SEKOLAH;2022/2023 GANJIL;SWASTA;SD;0
15;JAMBI;1501;KERINCI;150119;KAYU ARO BARAT;DATA SEKOLAH;2022/2023 GANJIL;SWASTA;SMP;0
15;JAMBI;1501;KERINCI;150119;KAYU ARO BARAT;DATA SEKOLAH;2022/2023 GANJIL;SWASTA;SMA;0
15;JAMBI;1501;KERINCI;150119;KAYU ARO BARAT;DATA SEKOLAH;2022/2023 GANJIL;SWASTA;SMK;0
15;JAMBI;1501;KERINCI;150119;KAYU ARO BARAT;DATA SEKOLAH;2022/2023 GANJIL;SWASTA;SLB;0
15;JAMBI;1501;KERINCI;150108;KELILING DANAU;DATA SEKOLAH;2022/2023 GANJIL;SWASTA;TK;8
15;JAMBI;1501;KERINCI;150108;KELILING DANAU;DATA SEKOLAH;2022/2023 GANJIL;SWASTA;KB;29
15;JAMBI;1501;KERINCI;150108;KELILING DANAU;DATA SEKOLAH;2022/2023 GANJIL;SWASTA;TPA;0
15;JAMBI;1501;KERINCI;150108;KELILING DANAU;DATA SEKOLAH;2022/2023 GANJIL;SWASTA;SPS;4
15;JAMBI;1501;KERINCI;150108;KELILING DANAU;DATA SEKOLAH;2022/2023 GANJIL;SWASTA;PKBM;3
15;JAMBI;1501;KERINCI;150108;KELILING DANAU;DATA SEKOLAH;2022/2023 GANJIL;SWASTA;SKB;0
15;JAMBI;1501;KERINCI;150108;KELILING DANAU;DATA SEKOLAH;2022/2023 GANJIL;SWASTA;SD;0
15;JAMBI;1501;KERINCI;150108;KELILING DANAU;DATA SEKOLAH;2022/2023 GANJIL;SWASTA;SMP;0
15;JAMBI;1501;KERINCI;150108;KELILING DANAU;DATA SEKOLAH;2022/2023 GANJIL;SWASTA;SMA;0
15;JAMBI;1501;KERINCI;150108;KELILING DANAU;DATA SEKOLAH;2022/2023 GANJIL;SWASTA;SMK;0
15;JAMBI;1501;KERINCI;150108;KELILING DANAU;DATA SEKOLAH;2022/2023 GANJIL;SWASTA;SLB;0
15;JAMBI;1571;KOTA JAMBI;157107;KOTA BARU;DATA SEKOLAH;2022/2023 GANJIL;SWASTA;TK;26
15;JAMBI;1571;KOTA JAMBI;157107;KOTA BARU;DATA SEKOLAH;2022/2023 GANJIL;SWASTA;KB;8
15;JAMBI;1571;KOTA JAMBI;157107;KOTA BARU;DATA SEKOLAH;2022/2023 GANJIL;SWASTA;TPA;5
15;JAMBI;1571;KOTA JAMBI;157107;KOTA BARU;DATA SEKOLAH;2022/2023 GANJIL;SWASTA;SPS;3
15;JAMBI;1571;KOTA JAMBI;157107;KOTA BARU;DATA SEKOLAH;2022/2023 GANJIL;SWASTA;PKBM;1
15;JAMBI;1571;KOTA JAMBI;157107;KOTA BARU;DATA SEKOLAH;2022/2023 GANJIL;SWASTA;SKB;0
15;JAMBI;1571;KOTA JAMBI;157107;KOTA BARU;DATA SEKOLAH;2022/2023 GANJIL;SWASTA;SD;2
15;JAMBI;1571;KOTA JAMBI;157107;KOTA BARU;DATA SEKOLAH;2022/2023 GANJIL;SWASTA;SMP;4
15;JAMBI;1571;KOTA JAMBI;157107;KOTA BARU;DATA SEKOLAH;2022/2023 GANJIL;SWASTA;SMA;1
15;JAMBI;1571;KOTA JAMBI;157107;KOTA BARU;DATA SEKOLAH;2022/2023 GANJIL;SWASTA;SMK;6
15;JAMBI;1571;KOTA JAMBI;157107;KOTA BARU;DATA SEKOLAH;2022/2023 GANJIL;SWASTA;SLB;0
15;JAMBI;1572;KOTA SUNGAI PENUH;157207;KOTO BARU;DATA SEKOLAH;2022/2023 GANJIL;SWASTA;TK;6
15;JAMBI;1572;KOTA SUNGAI PENUH;157207;KOTO BARU;DATA SEKOLAH;2022/2023 GANJIL;SWASTA;KB;9
15;JAMBI;1572;KOTA SUNGAI PENUH;157207;KOTO BARU;DATA SEKOLAH;2022/2023 GANJIL;SWASTA;TPA;0
15;JAMBI;1572;KOTA SUNGAI PENUH;157207;KOTO BARU;DATA SEKOLAH;2022/2023 GANJIL;SWASTA;SPS;1
15;JAMBI;1572;KOTA SUNGAI PENUH;157207;KOTO BARU;DATA SEKOLAH;2022/2023 GANJIL;SWASTA;PKBM;1
15;JAMBI;1572;KOTA SUNGAI PENUH;157207;KOTO BARU;DATA SEKOLAH;2022/2023 GANJIL;SWASTA;SKB;0
15;JAMBI;1572;KOTA SUNGAI PENUH;157207;KOTO BARU;DATA SEKOLAH;2022/2023 GANJIL;SWASTA;SD;0
15;JAMBI;1572;KOTA SUNGAI PENUH;157207;KOTO BARU;DATA SEKOLAH;2022/2023 GANJIL;SWASTA;SMP;0
15;JAMBI;1572;KOTA SUNGAI PENUH;157207;KOTO BARU;DATA SEKOLAH;2022/2023 GANJIL;SWASTA;SMA;0
15;JAMBI;1572;KOTA SUNGAI PENUH;157207;KOTO BARU;DATA SEKOLAH;2022/2023 GANJIL;SWASTA;SMK;0
15;JAMBI;1572;KOTA SUNGAI PENUH;157207;KOTO BARU;DATA SEKOLAH;2022/2023 GANJIL;SWASTA;SLB;0
15;JAMBI;1506;TANJUNG JABUNG BARAT;150612;KUALA BETARA;DATA SEKOLAH;2022/2023 GANJIL;SWASTA;TK;0
15;JAMBI;1506;TANJUNG JABUNG BARAT;150612;KUALA BETARA;DATA SEKOLAH;2022/2023 GANJIL;SWASTA;KB;14
15;JAMBI;1506;TANJUNG JABUNG BARAT;150612;KUALA BETARA;DATA SEKOLAH;2022/2023 GANJIL;SWASTA;TPA;0
15;JAMBI;1506;TANJUNG JABUNG BARAT;150612;KUALA BETARA;DATA SEKOLAH;2022/2023 GANJIL;SWASTA;SPS;7
15;JAMBI;1506;TANJUNG JABUNG BARAT;150612;KUALA BETARA;DATA SEKOLAH;2022/2023 GANJIL;SWASTA;PKBM;0
15;JAMBI;1506;TANJUNG JABUNG BARAT;150612;KUALA BETARA;DATA SEKOLAH;2022/2023 GANJIL;SWASTA;SKB;0
15;JAMBI;1506;TANJUNG JABUNG BARAT;150612;KUALA BETARA;DATA SEKOLAH;2022/2023 GANJIL;SWASTA;SD;0
15;JAMBI;1506;TANJUNG JABUNG BARAT;150612;KUALA BETARA;DATA SEKOLAH;2022/2023 GANJIL;SWASTA;SMP;0
15;JAMBI;1506;TANJUNG JABUNG BARAT;150612;KUALA BETARA;DATA SEKOLAH;2022/2023 GANJIL;SWASTA;SMA;0
15;JAMBI;1506;TANJUNG JABUNG BARAT;150612;KUALA BETARA;DATA SEKOLAH;2022/2023 GANJIL;SWASTA;SMK;0
15;JAMBI;1506;TANJUNG JABUNG BARAT;150612;KUALA BETARA;DATA SEKOLAH;2022/2023 GANJIL;SWASTA;SLB;0
15;JAMBI;1507;TANJUNG JABUNG TIMUR;150708;KUALA JAMBI;DATA SEKOLAH;2022/2023 GANJIL;SWASTA;TK;5
15;JAMBI;1507;TANJUNG JABUNG TIMUR;150708;KUALA JAMBI;DATA SEKOLAH;2022/2023 GANJIL;SWASTA;KB;7
15;JAMBI;1507;TANJUNG JABUNG TIMUR;150708;KUALA JAMBI;DATA SEKOLAH;2022/2023 GANJIL;SWASTA;TPA;0
15;JAMBI;1507;TANJUNG JABUNG TIMUR;150708;KUALA JAMBI;DATA SEKOLAH;2022/2023 GANJIL;SWASTA;SPS;0
15;JAMBI;1507;TANJUNG JABUNG TIMUR;150708;KUALA JAMBI;DATA SEKOLAH;2022/2023 GANJIL;SWASTA;PKBM;0
15;JAMBI;1507;TANJUNG JABUNG TIMUR;150708;KUALA JAMBI;DATA SEKOLAH;2022/2023 GANJIL;SWASTA;SKB;0
15;JAMBI;1507;TANJUNG JABUNG TIMUR;150708;KUALA JAMBI;DATA SEKOLAH;2022/2023 GANJIL;SWASTA;SD;1
15;JAMBI;1507;TANJUNG JABUNG TIMUR;150708;KUALA JAMBI;DATA SEKOLAH;2022/2023 GANJIL;SWASTA;SMP;0
15;JAMBI;1507;TANJUNG JABUNG TIMUR;150708;KUALA JAMBI;DATA SEKOLAH;2022/2023 GANJIL;SWASTA;SMA;0
15;JAMBI;1507;TANJUNG JABUNG TIMUR;150708;KUALA JAMBI;DATA SEKOLAH;2022/2023 GANJIL;SWASTA;SMK;0
15;JAMBI;1507;TANJUNG JABUNG TIMUR;150708;KUALA JAMBI;DATA SEKOLAH;2022/2023 GANJIL;SWASTA;SLB;0
15;JAMBI;1505;MUARO JAMBI;150503;KUMPEH;DATA SEKOLAH;2022/2023 GANJIL;SWASTA;TK;6
15;JAMBI;1505;MUARO JAMBI;150503;KUMPEH;DATA SEKOLAH;2022/2023 GANJIL;SWASTA;KB;9
15;JAMBI;1505;MUARO JAMBI;150503;KUMPEH;DATA SEKOLAH;2022/2023 GANJIL;SWASTA;TPA;0
15;JAMBI;1505;MUARO JAMBI;150503;KUMPEH;DATA SEKOLAH;2022/2023 GANJIL;SWASTA;SPS;2
15;JAMBI;1505;MUARO JAMBI;150503;KUMPEH;DATA SEKOLAH;2022/2023 GANJIL;SWASTA;PKBM;1
15;JAMBI;1505;MUARO JAMBI;150503;KUMPEH;DATA SEKOLAH;2022/2023 GANJIL;SWASTA;SKB;0
15;JAMBI;1505;MUARO JAMBI;150503;KUMPEH;DATA SEKOLAH;2022/2023 GANJIL;SWASTA;SD;1
15;JAMBI;1505;MUARO JAMBI;150503;KUMPEH;DATA SEKOLAH;2022/2023 GANJIL;SWASTA;SMP;0
15;JAMBI;1505;MUARO JAMBI;150503;KUMPEH;DATA SEKOLAH;2022/2023 GANJIL;SWASTA;SMA;0
15;JAMBI;1505;MUARO JAMBI;150503;KUMPEH;DATA SEKOLAH;2022/2023 GANJIL;SWASTA;SMK;0
15;JAMBI;1505;MUARO JAMBI;150503;KUMPEH;DATA SEKOLAH;2022/2023 GANJIL;SWASTA;SLB;0
15;JAMBI;1505;MUARO JAMBI;150506;KUMPEH ULU;DATA SEKOLAH;2022/2023 GANJIL;SWASTA;TK;9
15;JAMBI;1505;MUARO JAMBI;150506;KUMPEH ULU;DATA SEKOLAH;2022/2023 GANJIL;SWASTA;KB;23
15;JAMBI;1505;MUARO JAMBI;150506;KUMPEH ULU;DATA SEKOLAH;2022/2023 GANJIL;SWASTA;TPA;0
15;JAMBI;1505;MUARO JAMBI;150506;KUMPEH ULU;DATA SEKOLAH;2022/2023 GANJIL;SWASTA;SPS;1
15;JAMBI;1505;MUARO JAMBI;150506;KUMPEH ULU;DATA SEKOLAH;2022/2023 GANJIL;SWASTA;PKBM;0
15;JAMBI;1505;MUARO JAMBI;150506;KUMPEH ULU;DATA SEKOLAH;2022/2023 GANJIL;SWASTA;SKB;0
15;JAMBI;1505;MUARO JAMBI;150506;KUMPEH ULU;DATA SEKOLAH;2022/2023 GANJIL;SWASTA;SD;2
15;JAMBI;1505;MUARO JAMBI;150506;KUMPEH ULU;DATA SEKOLAH;2022/2023 GANJIL;SWASTA;SMP;2
15;JAMBI;1505;MUARO JAMBI;150506;KUMPEH ULU;DATA SEKOLAH;2022/2023 GANJIL;SWASTA;SMA;2
15;JAMBI;1505;MUARO JAMBI;150506;KUMPEH ULU;DATA SEKOLAH;2022/2023 GANJIL;SWASTA;SMK;2
15;JAMBI;1505;MUARO JAMBI;150506;KUMPEH ULU;DATA SEKOLAH;2022/2023 GANJIL;SWASTA;SLB;0
15;JAMBI;1572;KOTA SUNGAI PENUH;157205;KUMUN DEBAI;DATA SEKOLAH;2022/2023 GANJIL;SWASTA;TK;2
15;JAMBI;1572;KOTA SUNGAI PENUH;157205;KUMUN DEBAI;DATA SEKOLAH;2022/2023 GANJIL;SWASTA;KB;7
15;JAMBI;1572;KOTA SUNGAI PENUH;157205;KUMUN DEBAI;DATA SEKOLAH;2022/2023 GANJIL;SWASTA;TPA;0
15;JAMBI;1572;KOTA SUNGAI PENUH;157205;KUMUN DEBAI;DATA SEKOLAH;2022/2023 GANJIL;SWASTA;SPS;5
15;JAMBI;1572;KOTA SUNGAI PENUH;157205;KUMUN DEBAI;DATA SEKOLAH;2022/2023 GANJIL;SWASTA;PKBM;1
15;JAMBI;1572;KOTA SUNGAI PENUH;157205;KUMUN DEBAI;DATA SEKOLAH;2022/2023 GANJIL;SWASTA;SKB;0
15;JAMBI;1572;KOTA SUNGAI PENUH;157205;KUMUN DEBAI;DATA SEKOLAH;2022/2023 GANJIL;SWASTA;SD;0
15;JAMBI;1572;KOTA SUNGAI PENUH;157205;KUMUN DEBAI;DATA SEKOLAH;2022/2023 GANJIL;SWASTA;SMP;0
15;JAMBI;1572;KOTA SUNGAI PENUH;157205;KUMUN DEBAI;DATA SEKOLAH;2022/2023 GANJIL;SWASTA;SMA;0
15;JAMBI;1572;KOTA SUNGAI PENUH;157205;KUMUN DEBAI;DATA SEKOLAH;2022/2023 GANJIL;SWASTA;SMK;0
15;JAMBI;1572;KOTA SUNGAI PENUH;157205;KUMUN DEBAI;DATA SEKOLAH;2022/2023 GANJIL;SWASTA;SLB;0
15;JAMBI;1502;MERANGIN;150209;LEMBAH MASURAI;DATA SEKOLAH;2022/2023 GANJIL;SWASTA;TK;16
15;JAMBI;1502;MERANGIN;150209;LEMBAH MASURAI;DATA SEKOLAH;2022/2023 GANJIL;SWASTA;KB;2
15;JAMBI;1502;MERANGIN;150209;LEMBAH MASURAI;DATA SEKOLAH;2022/2023 GANJIL;SWASTA;TPA;0
15;JAMBI;1502;MERANGIN;150209;LEMBAH MASURAI;DATA SEKOLAH;2022/2023 GANJIL;SWASTA;SPS;3
15;JAMBI;1502;MERANGIN;150209;LEMBAH MASURAI;DATA SEKOLAH;2022/2023 GANJIL;SWASTA;PKBM;2
15;JAMBI;1502;MERANGIN;150209;LEMBAH MASURAI;DATA SEKOLAH;2022/2023 GANJIL;SWASTA;SKB;0
15;JAMBI;1502;MERANGIN;150209;LEMBAH MASURAI;DATA SEKOLAH;2022/2023 GANJIL;SWASTA;SD;0
15;JAMBI;1502;MERANGIN;150209;LEMBAH MASURAI;DATA SEKOLAH;2022/2023 GANJIL;SWASTA;SMP;0
15;JAMBI;1502;MERANGIN;150209;LEMBAH MASURAI;DATA SEKOLAH;2022/2023 GANJIL;SWASTA;SMA;0
15;JAMBI;1502;MERANGIN;150209;LEMBAH MASURAI;DATA SEKOLAH;2022/2023 GANJIL;SWASTA;SMK;0
15;JAMBI;1502;MERANGIN;150209;LEMBAH MASURAI;DATA SEKOLAH;2022/2023 GANJIL;SWASTA;SLB;0
15;JAMBI;1508;BUNGO;150807;LIMBUR LUBUK MENGKUANG;DATA SEKOLAH;2022/2023 GANJIL;SWASTA;TK;6
15;JAMBI;1508;BUNGO;150807;LIMBUR LUBUK MENGKUANG;DATA SEKOLAH;2022/2023 GANJIL;SWASTA;KB;15
15;JAMBI;1508;BUNGO;150807;LIMBUR LUBUK MENGKUANG;DATA SEKOLAH;2022/2023 GANJIL;SWASTA;TPA;0
15;JAMBI;1508;BUNGO;150807;LIMBUR LUBUK MENGKUANG;DATA SEKOLAH;2022/2023 GANJIL;SWASTA;SPS;0
15;JAMBI;1508;BUNGO;150807;LIMBUR LUBUK MENGKUANG;DATA SEKOLAH;2022/2023 GANJIL;SWASTA;PKBM;0
15;JAMBI;1508;BUNGO;150807;LIMBUR LUBUK MENGKUANG;DATA SEKOLAH;2022/2023 GANJIL;SWASTA;SKB;0
15;JAMBI;1508;BUNGO;150807;LIMBUR LUBUK MENGKUANG;DATA SEKOLAH;2022/2023 GANJIL;SWASTA;SD;1
15;JAMBI;1508;BUNGO;150807;LIMBUR LUBUK MENGKUANG;DATA SEKOLAH;2022/2023 GANJIL;SWASTA;SMP;0
15;JAMBI;1508;BUNGO;150807;LIMBUR LUBUK MENGKUANG;DATA SEKOLAH;2022/2023 GANJIL;SWASTA;SMA;0
15;JAMBI;1508;BUNGO;150807;LIMBUR LUBUK MENGKUANG;DATA SEKOLAH;2022/2023 GANJIL;SWASTA;SMK;0
15;JAMBI;1508;BUNGO;150807;LIMBUR LUBUK MENGKUANG;DATA SEKOLAH;2022/2023 GANJIL;SWASTA;SLB;0
15;JAMBI;1503;SAROLANGUN;150302;LIMUN;DATA SEKOLAH;2022/2023 GANJIL;SWASTA;TK;7
15;JAMBI;1503;SAROLANGUN;150302;LIMUN;DATA SEKOLAH;2022/2023 GANJIL;SWASTA;KB;28
15;JAMBI;1503;SAROLANGUN;150302;LIMUN;DATA SEKOLAH;2022/2023 GANJIL;SWASTA;TPA;0
15;JAMBI;1503;SAROLANGUN;150302;LIMUN;DATA SEKOLAH;2022/2023 GANJIL;SWASTA;SPS;0
15;JAMBI;1503;SAROLANGUN;150302;LIMUN;DATA SEKOLAH;2022/2023 GANJIL;SWASTA;PKBM;3
15;JAMBI;1503;SAROLANGUN;150302;LIMUN;DATA SEKOLAH;2022/2023 GANJIL;SWASTA;SKB;0
15;JAMBI;1503;SAROLANGUN;150302;LIMUN;DATA SEKOLAH;2022/2023 GANJIL;SWASTA;SD;0
15;JAMBI;1503;SAROLANGUN;150302;LIMUN;DATA SEKOLAH;2022/2023 GANJIL;SWASTA;SMP;0
15;JAMBI;1503;SAROLANGUN;150302;LIMUN;DATA SEKOLAH;2022/2023 GANJIL;SWASTA;SMA;0
15;JAMBI;1503;SAROLANGUN;150302;LIMUN;DATA SEKOLAH;2022/2023 GANJIL;SWASTA;SMK;0
15;JAMBI;1503;SAROLANGUN;150302;LIMUN;DATA SEKOLAH;2022/2023 GANJIL;SWASTA;SLB;0
15;JAMBI;1503;SAROLANGUN;150306;MANDIANGIN;DATA SEKOLAH;2022/2023 GANJIL;SWASTA;TK;26
15;JAMBI;1503;SAROLANGUN;150306;MANDIANGIN;DATA SEKOLAH;2022/2023 GANJIL;SWASTA;KB;24
15;JAMBI;1503;SAROLANGUN;150306;MANDIANGIN;DATA SEKOLAH;2022/2023 GANJIL;SWASTA;TPA;0
15;JAMBI;1503;SAROLANGUN;150306;MANDIANGIN;DATA SEKOLAH;2022/2023 GANJIL;SWASTA;SPS;4
15;JAMBI;1503;SAROLANGUN;150306;MANDIANGIN;DATA SEKOLAH;2022/2023 GANJIL;SWASTA;PKBM;1
15;JAMBI;1503;SAROLANGUN;150306;MANDIANGIN;DATA SEKOLAH;2022/2023 GANJIL;SWASTA;SKB;0
15;JAMBI;1503;SAROLANGUN;150306;MANDIANGIN;DATA SEKOLAH;2022/2023 GANJIL;SWASTA;SD;0
15;JAMBI;1503;SAROLANGUN;150306;MANDIANGIN;DATA SEKOLAH;2022/2023 GANJIL;SWASTA;SMP;2
15;JAMBI;1503;SAROLANGUN;150306;MANDIANGIN;DATA SEKOLAH;2022/2023 GANJIL;SWASTA;SMA;0
15;JAMBI;1503;SAROLANGUN;150306;MANDIANGIN;DATA SEKOLAH;2022/2023 GANJIL;SWASTA;SMK;3
15;JAMBI;1503;SAROLANGUN;150306;MANDIANGIN;DATA SEKOLAH;2022/2023 GANJIL;SWASTA;SLB;0
15;JAMBI;1503;SAROLANGUN;150311;MANDIANGIN TIMUR;DATA SEKOLAH;2022/2023 GANJIL;SWASTA;TK;17
15;JAMBI;1503;SAROLANGUN;150311;MANDIANGIN TIMUR;DATA SEKOLAH;2022/2023 GANJIL;SWASTA;KB;18
15;JAMBI;1503;SAROLANGUN;150311;MANDIANGIN TIMUR;DATA SEKOLAH;2022/2023 GANJIL;SWASTA;TPA;0
15;JAMBI;1503;SAROLANGUN;150311;MANDIANGIN TIMUR;DATA SEKOLAH;2022/2023 GANJIL;SWASTA;SPS;1
15;JAMBI;1503;SAROLANGUN;150311;MANDIANGIN TIMUR;DATA SEKOLAH;2022/2023 GANJIL;SWASTA;PKBM;1
15;JAMBI;1503;SAROLANGUN;150311;MANDIANGIN TIMUR;DATA SEKOLAH;2022/2023 GANJIL;SWASTA;SKB;0
15;JAMBI;1503;SAROLANGUN;150311;MANDIANGIN TIMUR;DATA SEKOLAH;2022/2023 GANJIL;SWASTA;SD;0
15;JAMBI;1503;SAROLANGUN;150311;MANDIANGIN TIMUR;DATA SEKOLAH;2022/2023 GANJIL;SWASTA;SMP;0
15;JAMBI;1503;SAROLANGUN;150311;MANDIANGIN TIMUR;DATA SEKOLAH;2022/2023 GANJIL;SWASTA;SMA;0
15;JAMBI;1503;SAROLANGUN;150311;MANDIANGIN TIMUR;DATA SEKOLAH;2022/2023 GANJIL;SWASTA;SMK;0
15;JAMBI;1503;SAROLANGUN;150311;MANDIANGIN TIMUR;DATA SEKOLAH;2022/2023 GANJIL;SWASTA;SLB;0
15;JAMBI;1502;MERANGIN;150221;MARGO TABIR;DATA SEKOLAH;2022/2023 GANJIL;SWASTA;TK;7
15;JAMBI;1502;MERANGIN;150221;MARGO TABIR;DATA SEKOLAH;2022/2023 GANJIL;SWASTA;KB;2
15;JAMBI;1502;MERANGIN;150221;MARGO TABIR;DATA SEKOLAH;2022/2023 GANJIL;SWASTA;TPA;1
15;JAMBI;1502;MERANGIN;150221;MARGO TABIR;DATA SEKOLAH;2022/2023 GANJIL;SWASTA;SPS;0
15;JAMBI;1502;MERANGIN;150221;MARGO TABIR;DATA SEKOLAH;2022/2023 GANJIL;SWASTA;PKBM;0
15;JAMBI;1502;MERANGIN;150221;MARGO TABIR;DATA SEKOLAH;2022/2023 GANJIL;SWASTA;SKB;0
15;JAMBI;1502;MERANGIN;150221;MARGO TABIR;DATA SEKOLAH;2022/2023 GANJIL;SWASTA;SD;2
15;JAMBI;1502;MERANGIN;150221;MARGO TABIR;DATA SEKOLAH;2022/2023 GANJIL;SWASTA;SMP;1
15;JAMBI;1502;MERANGIN;150221;MARGO TABIR;DATA SEKOLAH;2022/2023 GANJIL;SWASTA;SMA;0
15;JAMBI;1502;MERANGIN;150221;MARGO TABIR;DATA SEKOLAH;2022/2023 GANJIL;SWASTA;SMK;1
15;JAMBI;1502;MERANGIN;150221;MARGO TABIR;DATA SEKOLAH;2022/2023 GANJIL;SWASTA;SLB;0
15;JAMBI;1505;MUARO JAMBI;150504;MARO SEBO;DATA SEKOLAH;2022/2023 GANJIL;SWASTA;TK;3
15;JAMBI;1505;MUARO JAMBI;150504;MARO SEBO;DATA SEKOLAH;2022/2023 GANJIL;SWASTA;KB;8
15;JAMBI;1505;MUARO JAMBI;150504;MARO SEBO;DATA SEKOLAH;2022/2023 GANJIL;SWASTA;TPA;0
15;JAMBI;1505;MUARO JAMBI;150504;MARO SEBO;DATA SEKOLAH;2022/2023 GANJIL;SWASTA;SPS;0
15;JAMBI;1505;MUARO JAMBI;150504;MARO SEBO;DATA SEKOLAH;2022/2023 GANJIL;SWASTA;PKBM;3
15;JAMBI;1505;MUARO JAMBI;150504;MARO SEBO;DATA SEKOLAH;2022/2023 GANJIL;SWASTA;SKB;0
15;JAMBI;1505;MUARO JAMBI;150504;MARO SEBO;DATA SEKOLAH;2022/2023 GANJIL;SWASTA;SD;0
15;JAMBI;1505;MUARO JAMBI;150504;MARO SEBO;DATA SEKOLAH;2022/2023 GANJIL;SWASTA;SMP;0
15;JAMBI;1505;MUARO JAMBI;150504;MARO SEBO;DATA SEKOLAH;2022/2023 GANJIL;SWASTA;SMA;0
15;JAMBI;1505;MUARO JAMBI;150504;MARO SEBO;DATA SEKOLAH;2022/2023 GANJIL;SWASTA;SMK;0
15;JAMBI;1505;MUARO JAMBI;150504;MARO SEBO;DATA SEKOLAH;2022/2023 GANJIL;SWASTA;SLB;0
15;JAMBI;1504;BATANGHARI;150408;MARO SEBO ILIR;DATA SEKOLAH;2022/2023 GANJIL;SWASTA;TK;9
15;JAMBI;1504;BATANGHARI;150408;MARO SEBO ILIR;DATA SEKOLAH;2022/2023 GANJIL;SWASTA;KB;9
15;JAMBI;1504;BATANGHARI;150408;MARO SEBO ILIR;DATA SEKOLAH;2022/2023 GANJIL;SWASTA;TPA;1
15;JAMBI;1504;BATANGHARI;150408;MARO SEBO ILIR;DATA SEKOLAH;2022/2023 GANJIL;SWASTA;SPS;0
15;JAMBI;1504;BATANGHARI;150408;MARO SEBO ILIR;DATA SEKOLAH;2022/2023 GANJIL;SWASTA;PKBM;0
15;JAMBI;1504;BATANGHARI;150408;MARO SEBO ILIR;DATA SEKOLAH;2022/2023 GANJIL;SWASTA;SKB;0
15;JAMBI;1504;BATANGHARI;150408;MARO SEBO ILIR;DATA SEKOLAH;2022/2023 GANJIL;SWASTA;SD;1
15;JAMBI;1504;BATANGHARI;150408;MARO SEBO ILIR;DATA SEKOLAH;2022/2023 GANJIL;SWASTA;SMP;0
15;JAMBI;1504;BATANGHARI;150408;MARO SEBO ILIR;DATA SEKOLAH;2022/2023 GANJIL;SWASTA;SMA;0
15;JAMBI;1504;BATANGHARI;150408;MARO SEBO ILIR;DATA SEKOLAH;2022/2023 GANJIL;SWASTA;SMK;0
15;JAMBI;1504;BATANGHARI;150408;MARO SEBO ILIR;DATA SEKOLAH;2022/2023 GANJIL;SWASTA;SLB;0
15;JAMBI;1504;BATANGHARI;150406;MARO SEBO ULU;DATA SEKOLAH;2022/2023 GANJIL;SWASTA;TK;21
15;JAMBI;1504;BATANGHARI;150406;MARO SEBO ULU;DATA SEKOLAH;2022/2023 GANJIL;SWASTA;KB;22
15;JAMBI;1504;BATANGHARI;150406;MARO SEBO ULU;DATA SEKOLAH;2022/2023 GANJIL;SWASTA;TPA;0
15;JAMBI;1504;BATANGHARI;150406;MARO SEBO ULU;DATA SEKOLAH;2022/2023 GANJIL;SWASTA;SPS;1
15;JAMBI;1504;BATANGHARI;150406;MARO SEBO ULU;DATA SEKOLAH;2022/2023 GANJIL;SWASTA;PKBM;2
15;JAMBI;1504;BATANGHARI;150406;MARO SEBO ULU;DATA SEKOLAH;2022/2023 GANJIL;SWASTA;SKB;0
15;JAMBI;1504;BATANGHARI;150406;MARO SEBO ULU;DATA SEKOLAH;2022/2023 GANJIL;SWASTA;SD;1
15;JAMBI;1504;BATANGHARI;150406;MARO SEBO ULU;DATA SEKOLAH;2022/2023 GANJIL;SWASTA;SMP;0
15;JAMBI;1504;BATANGHARI;150406;MARO SEBO ULU;DATA SEKOLAH;2022/2023 GANJIL;SWASTA;SMA;0
15;JAMBI;1504;BATANGHARI;150406;MARO SEBO ULU;DATA SEKOLAH;2022/2023 GANJIL;SWASTA;SMK;0
15;JAMBI;1504;BATANGHARI;150406;MARO SEBO ULU;DATA SEKOLAH;2022/2023 GANJIL;SWASTA;SLB;0
15;JAMBI;1507;TANJUNG JABUNG TIMUR;150703;MENDAHARA;DATA SEKOLAH;2022/2023 GANJIL;SWASTA;TK;4
15;JAMBI;1507;TANJUNG JABUNG TIMUR;150703;MENDAHARA;DATA SEKOLAH;2022/2023 GANJIL;SWASTA;KB;22
15;JAMBI;1507;TANJUNG JABUNG TIMUR;150703;MENDAHARA;DATA SEKOLAH;2022/2023 GANJIL;SWASTA;TPA;0
15;JAMBI;1507;TANJUNG JABUNG TIMUR;150703;MENDAHARA;DATA SEKOLAH;2022/2023 GANJIL;SWASTA;SPS;0
15;JAMBI;1507;TANJUNG JABUNG TIMUR;150703;MENDAHARA;DATA SEKOLAH;2022/2023 GANJIL;SWASTA;PKBM;1
15;JAMBI;1507;TANJUNG JABUNG TIMUR;150703;MENDAHARA;DATA SEKOLAH;2022/2023 GANJIL;SWASTA;SKB;0
15;JAMBI;1507;TANJUNG JABUNG TIMUR;150703;MENDAHARA;DATA SEKOLAH;2022/2023 GANJIL;SWASTA;SD;0
15;JAMBI;1507;TANJUNG JABUNG TIMUR;150703;MENDAHARA;DATA SEKOLAH;2022/2023 GANJIL;SWASTA;SMP;0
15;JAMBI;1507;TANJUNG JABUNG TIMUR;150703;MENDAHARA;DATA SEKOLAH;2022/2023 GANJIL;SWASTA;SMA;0
15;JAMBI;1507;TANJUNG JABUNG TIMUR;150703;MENDAHARA;DATA SEKOLAH;2022/2023 GANJIL;SWASTA;SMK;0
15;JAMBI;1507;TANJUNG JABUNG TIMUR;150703;MENDAHARA;DATA SEKOLAH;2022/2023 GANJIL;SWASTA;SLB;0
15;JAMBI;1507;TANJUNG JABUNG TIMUR;150709;MENDAHARA ULU;DATA SEKOLAH;2022/2023 GANJIL;SWASTA;TK;2
15;JAMBI;1507;TANJUNG JABUNG TIMUR;150709;MENDAHARA ULU;DATA SEKOLAH;2022/2023 GANJIL;SWASTA;KB;15
15;JAMBI;1507;TANJUNG JABUNG TIMUR;150709;MENDAHARA ULU;DATA SEKOLAH;2022/2023 GANJIL;SWASTA;TPA;1
15;JAMBI;1507;TANJUNG JABUNG TIMUR;150709;MENDAHARA ULU;DATA SEKOLAH;2022/2023 GANJIL;SWASTA;SPS;0
15;JAMBI;1507;TANJUNG JABUNG TIMUR;150709;MENDAHARA ULU;DATA SEKOLAH;2022/2023 GANJIL;SWASTA;PKBM;1
15;JAMBI;1507;TANJUNG JABUNG TIMUR;150709;MENDAHARA ULU;DATA SEKOLAH;2022/2023 GANJIL;SWASTA;SKB;0
15;JAMBI;1507;TANJUNG JABUNG TIMUR;150709;MENDAHARA ULU;DATA SEKOLAH;2022/2023 GANJIL;SWASTA;SD;0
15;JAMBI;1507;TANJUNG JABUNG TIMUR;150709;MENDAHARA ULU;DATA SEKOLAH;2022/2023 GANJIL;SWASTA;SMP;0
15;JAMBI;1507;TANJUNG JABUNG TIMUR;150709;MENDAHARA ULU;DATA SEKOLAH;2022/2023 GANJIL;SWASTA;SMA;0
15;JAMBI;1507;TANJUNG JABUNG TIMUR;150709;MENDAHARA ULU;DATA SEKOLAH;2022/2023 GANJIL;SWASTA;SMK;0
15;JAMBI;1507;TANJUNG JABUNG TIMUR;150709;MENDAHARA ULU;DATA SEKOLAH;2022/2023 GANJIL;SWASTA;SLB;0
15;JAMBI;1506;TANJUNG JABUNG BARAT;150605;MERLUNG;DATA SEKOLAH;2022/2023 GANJIL;SWASTA;TK;6
15;JAMBI;1506;TANJUNG JABUNG BARAT;150605;MERLUNG;DATA SEKOLAH;2022/2023 GANJIL;SWASTA;KB;6
15;JAMBI;1506;TANJUNG JABUNG BARAT;150605;MERLUNG;DATA SEKOLAH;2022/2023 GANJIL;SWASTA;TPA;1
15;JAMBI;1506;TANJUNG JABUNG BARAT;150605;MERLUNG;DATA SEKOLAH;2022/2023 GANJIL;SWASTA;SPS;4
15;JAMBI;1506;TANJUNG JABUNG BARAT;150605;MERLUNG;DATA SEKOLAH;2022/2023 GANJIL;SWASTA;PKBM;0
15;JAMBI;1506;TANJUNG JABUNG BARAT;150605;MERLUNG;DATA SEKOLAH;2022/2023 GANJIL;SWASTA;SKB;0
15;JAMBI;1506;TANJUNG JABUNG BARAT;150605;MERLUNG;DATA SEKOLAH;2022/2023 GANJIL;SWASTA;SD;1
15;JAMBI;1506;TANJUNG JABUNG BARAT;150605;MERLUNG;DATA SEKOLAH;2022/2023 GANJIL;SWASTA;SMP;0
15;JAMBI;1506;TANJUNG JABUNG BARAT;150605;MERLUNG;DATA SEKOLAH;2022/2023 GANJIL;SWASTA;SMA;0
15;JAMBI;1506;TANJUNG JABUNG BARAT;150605;MERLUNG;DATA SEKOLAH;2022/2023 GANJIL;SWASTA;SMK;0
15;JAMBI;1506;TANJUNG JABUNG BARAT;150605;MERLUNG;DATA SEKOLAH;2022/2023 GANJIL;SWASTA;SLB;0
15;JAMBI;1504;BATANGHARI;150401;MERSAM;DATA SEKOLAH;2022/2023 GANJIL;SWASTA;TK;16
15;JAMBI;1504;BATANGHARI;150401;MERSAM;DATA SEKOLAH;2022/2023 GANJIL;SWASTA;KB;22
15;JAMBI;1504;BATANGHARI;150401;MERSAM;DATA SEKOLAH;2022/2023 GANJIL;SWASTA;TPA;0
15;JAMBI;1504;BATANGHARI;150401;MERSAM;DATA SEKOLAH;2022/2023 GANJIL;SWASTA;SPS;0
15;JAMBI;1504;BATANGHARI;150401;MERSAM;DATA SEKOLAH;2022/2023 GANJIL;SWASTA;PKBM;2
15;JAMBI;1504;BATANGHARI;150401;MERSAM;DATA SEKOLAH;2022/2023 GANJIL;SWASTA;SKB;0
15;JAMBI;1504;BATANGHARI;150401;MERSAM;DATA SEKOLAH;2022/2023 GANJIL;SWASTA;SD;0
15;JAMBI;1504;BATANGHARI;150401;MERSAM;DATA SEKOLAH;2022/2023 GANJIL;SWASTA;SMP;3
15;JAMBI;1504;BATANGHARI;150401;MERSAM;DATA SEKOLAH;2022/2023 GANJIL;SWASTA;SMA;0
15;JAMBI;1504;BATANGHARI;150401;MERSAM;DATA SEKOLAH;2022/2023 GANJIL;SWASTA;SMK;0
15;JAMBI;1504;BATANGHARI;150401;MERSAM;DATA SEKOLAH;2022/2023 GANJIL;SWASTA;SLB;0
15;JAMBI;1505;MUARO JAMBI;150505;MESTONG;DATA SEKOLAH;2022/2023 GANJIL;SWASTA;TK;19
15;JAMBI;1505;MUARO JAMBI;150505;MESTONG;DATA SEKOLAH;2022/2023 GANJIL;SWASTA;KB;13
15;JAMBI;1505;MUARO JAMBI;150505;MESTONG;DATA SEKOLAH;2022/2023 GANJIL;SWASTA;TPA;0
15;JAMBI;1505;MUARO JAMBI;150505;MESTONG;DATA SEKOLAH;2022/2023 GANJIL;SWASTA;SPS;0
15;JAMBI;1505;MUARO JAMBI;150505;MESTONG;DATA SEKOLAH;2022/2023 GANJIL;SWASTA;PKBM;0
15;JAMBI;1505;MUARO JAMBI;150505;MESTONG;DATA SEKOLAH;2022/2023 GANJIL;SWASTA;SKB;0
15;JAMBI;1505;MUARO JAMBI;150505;MESTONG;DATA SEKOLAH;2022/2023 GANJIL;SWASTA;SD;0
15;JAMBI;1505;MUARO JAMBI;150505;MESTONG;DATA SEKOLAH;2022/2023 GANJIL;SWASTA;SMP;5
15;JAMBI;1505;MUARO JAMBI;150505;MESTONG;DATA SEKOLAH;2022/2023 GANJIL;SWASTA;SMA;3
15;JAMBI;1505;MUARO JAMBI;150505;MESTONG;DATA SEKOLAH;2022/2023 GANJIL;SWASTA;SMK;3
15;JAMBI;1505;MUARO JAMBI;150505;MESTONG;DATA SEKOLAH;2022/2023 GANJIL;SWASTA;SLB;0
15;JAMBI;1504;BATANGHARI;150403;MUARA BULIAN;DATA SEKOLAH;2022/2023 GANJIL;SWASTA;TK;30
15;JAMBI;1504;BATANGHARI;150403;MUARA BULIAN;DATA SEKOLAH;2022/2023 GANJIL;SWASTA;KB;35
15;JAMBI;1504;BATANGHARI;150403;MUARA BULIAN;DATA SEKOLAH;2022/2023 GANJIL;SWASTA;TPA;1
15;JAMBI;1504;BATANGHARI;150403;MUARA BULIAN;DATA SEKOLAH;2022/2023 GANJIL;SWASTA;SPS;4
15;JAMBI;1504;BATANGHARI;150403;MUARA BULIAN;DATA SEKOLAH;2022/2023 GANJIL;SWASTA;PKBM;9
15;JAMBI;1504;BATANGHARI;150403;MUARA BULIAN;DATA SEKOLAH;2022/2023 GANJIL;SWASTA;SKB;0
15;JAMBI;1504;BATANGHARI;150403;MUARA BULIAN;DATA SEKOLAH;2022/2023 GANJIL;SWASTA;SD;4
15;JAMBI;1504;BATANGHARI;150403;MUARA BULIAN;DATA SEKOLAH;2022/2023 GANJIL;SWASTA;SMP;6
15;JAMBI;1504;BATANGHARI;150403;MUARA BULIAN;DATA SEKOLAH;2022/2023 GANJIL;SWASTA;SMA;5
15;JAMBI;1504;BATANGHARI;150403;MUARA BULIAN;DATA SEKOLAH;2022/2023 GANJIL;SWASTA;SMK;2
15;JAMBI;1504;BATANGHARI;150403;MUARA BULIAN;DATA SEKOLAH;2022/2023 GANJIL;SWASTA;SLB;0
15;JAMBI;1506;TANJUNG JABUNG BARAT;150609;MUARA PAPALIK;DATA SEKOLAH;2022/2023 GANJIL;SWASTA;TK;5
15;JAMBI;1506;TANJUNG JABUNG BARAT;150609;MUARA PAPALIK;DATA SEKOLAH;2022/2023 GANJIL;SWASTA;KB;10
15;JAMBI;1506;TANJUNG JABUNG BARAT;150609;MUARA PAPALIK;DATA SEKOLAH;2022/2023 GANJIL;SWASTA;TPA;0
15;JAMBI;1506;TANJUNG JABUNG BARAT;150609;MUARA PAPALIK;DATA SEKOLAH;2022/2023 GANJIL;SWASTA;SPS;0
15;JAMBI;1506;TANJUNG JABUNG BARAT;150609;MUARA PAPALIK;DATA SEKOLAH;2022/2023 GANJIL;SWASTA;PKBM;0
15;JAMBI;1506;TANJUNG JABUNG BARAT;150609;MUARA PAPALIK;DATA SEKOLAH;2022/2023 GANJIL;SWASTA;SKB;0
15;JAMBI;1506;TANJUNG JABUNG BARAT;150609;MUARA PAPALIK;DATA SEKOLAH;2022/2023 GANJIL;SWASTA;SD;0
15;JAMBI;1506;TANJUNG JABUNG BARAT;150609;MUARA PAPALIK;DATA SEKOLAH;2022/2023 GANJIL;SWASTA;SMP;0
15;JAMBI;1506;TANJUNG JABUNG BARAT;150609;MUARA PAPALIK;DATA SEKOLAH;2022/2023 GANJIL;SWASTA;SMA;0
15;JAMBI;1506;TANJUNG JABUNG BARAT;150609;MUARA PAPALIK;DATA SEKOLAH;2022/2023 GANJIL;SWASTA;SMK;0
15;JAMBI;1506;TANJUNG JABUNG BARAT;150609;MUARA PAPALIK;DATA SEKOLAH;2022/2023 GANJIL;SWASTA;SLB;0
15;JAMBI;1507;TANJUNG JABUNG TIMUR;150707;MUARA SABAK BARAT;DATA SEKOLAH;2022/2023 GANJIL;SWASTA;TK;6
15;JAMBI;1507;TANJUNG JABUNG TIMUR;150707;MUARA SABAK BARAT;DATA SEKOLAH;2022/2023 GANJIL;SWASTA;KB;20
15;JAMBI;1507;TANJUNG JABUNG TIMUR;150707;MUARA SABAK BARAT;DATA SEKOLAH;2022/2023 GANJIL;SWASTA;TPA;1
15;JAMBI;1507;TANJUNG JABUNG TIMUR;150707;MUARA SABAK BARAT;DATA SEKOLAH;2022/2023 GANJIL;SWASTA;SPS;0
15;JAMBI;1507;TANJUNG JABUNG TIMUR;150707;MUARA SABAK BARAT;DATA SEKOLAH;2022/2023 GANJIL;SWASTA;PKBM;0
15;JAMBI;1507;TANJUNG JABUNG TIMUR;150707;MUARA SABAK BARAT;DATA SEKOLAH;2022/2023 GANJIL;SWASTA;SKB;0
15;JAMBI;1507;TANJUNG JABUNG TIMUR;150707;MUARA SABAK BARAT;DATA SEKOLAH;2022/2023 GANJIL;SWASTA;SD;2
15;JAMBI;1507;TANJUNG JABUNG TIMUR;150707;MUARA SABAK BARAT;DATA SEKOLAH;2022/2023 GANJIL;SWASTA;SMP;4
15;JAMBI;1507;TANJUNG JABUNG TIMUR;150707;MUARA SABAK BARAT;DATA SEKOLAH;2022/2023 GANJIL;SWASTA;SMA;1
15;JAMBI;1507;TANJUNG JABUNG TIMUR;150707;MUARA SABAK BARAT;DATA SEKOLAH;2022/2023 GANJIL;SWASTA;SMK;0
15;JAMBI;1507;TANJUNG JABUNG TIMUR;150707;MUARA SABAK BARAT;DATA SEKOLAH;2022/2023 GANJIL;SWASTA;SLB;0
15;JAMBI;1507;TANJUNG JABUNG TIMUR;150701;MUARA SABAK TIMUR;DATA SEKOLAH;2022/2023 GANJIL;SWASTA;TK;7
15;JAMBI;1507;TANJUNG JABUNG TIMUR;150701;MUARA SABAK TIMUR;DATA SEKOLAH;2022/2023 GANJIL;SWASTA;KB;28
15;JAMBI;1507;TANJUNG JABUNG TIMUR;150701;MUARA SABAK TIMUR;DATA SEKOLAH;2022/2023 GANJIL;SWASTA;TPA;1
15;JAMBI;1507;TANJUNG JABUNG TIMUR;150701;MUARA SABAK TIMUR;DATA SEKOLAH;2022/2023 GANJIL;SWASTA;SPS;3
15;JAMBI;1507;TANJUNG JABUNG TIMUR;150701;MUARA SABAK TIMUR;DATA SEKOLAH;2022/2023 GANJIL;SWASTA;PKBM;1
15;JAMBI;1507;TANJUNG JABUNG TIMUR;150701;MUARA SABAK TIMUR;DATA SEKOLAH;2022/2023 GANJIL;SWASTA;SKB;0
15;JAMBI;1507;TANJUNG JABUNG TIMUR;150701;MUARA SABAK TIMUR;DATA SEKOLAH;2022/2023 GANJIL;SWASTA;SD;0
15;JAMBI;1507;TANJUNG JABUNG TIMUR;150701;MUARA SABAK TIMUR;DATA SEKOLAH;2022/2023 GANJIL;SWASTA;SMP;0
15;JAMBI;1507;TANJUNG JABUNG TIMUR;150701;MUARA SABAK TIMUR;DATA SEKOLAH;2022/2023 GANJIL;SWASTA;SMA;1
15;JAMBI;1507;TANJUNG JABUNG TIMUR;150701;MUARA SABAK TIMUR;DATA SEKOLAH;2022/2023 GANJIL;SWASTA;SMK;0
15;JAMBI;1507;TANJUNG JABUNG TIMUR;150701;MUARA SABAK TIMUR;DATA SEKOLAH;2022/2023 GANJIL;SWASTA;SLB;0
15;JAMBI;1502;MERANGIN;150203;MUARA SIAU;DATA SEKOLAH;2022/2023 GANJIL;SWASTA;TK;8
15;JAMBI;1502;MERANGIN;150203;MUARA SIAU;DATA SEKOLAH;2022/2023 GANJIL;SWASTA;KB;13
15;JAMBI;1502;MERANGIN;150203;MUARA SIAU;DATA SEKOLAH;2022/2023 GANJIL;SWASTA;TPA;0
15;JAMBI;1502;MERANGIN;150203;MUARA SIAU;DATA SEKOLAH;2022/2023 GANJIL;SWASTA;SPS;0
15;JAMBI;1502;MERANGIN;150203;MUARA SIAU;DATA SEKOLAH;2022/2023 GANJIL;SWASTA;PKBM;1
15;JAMBI;1502;MERANGIN;150203;MUARA SIAU;DATA SEKOLAH;2022/2023 GANJIL;SWASTA;SKB;0
15;JAMBI;1502;MERANGIN;150203;MUARA SIAU;DATA SEKOLAH;2022/2023 GANJIL;SWASTA;SD;0
15;JAMBI;1502;MERANGIN;150203;MUARA SIAU;DATA SEKOLAH;2022/2023 GANJIL;SWASTA;SMP;1
15;JAMBI;1502;MERANGIN;150203;MUARA SIAU;DATA SEKOLAH;2022/2023 GANJIL;SWASTA;SMA;0
15;JAMBI;1502;MERANGIN;150203;MUARA SIAU;DATA SEKOLAH;2022/2023 GANJIL;SWASTA;SMK;0
15;JAMBI;1502;MERANGIN;150203;MUARA SIAU;DATA SEKOLAH;2022/2023 GANJIL;SWASTA;SLB;0
15;JAMBI;1509;TEBO;150912;MUARA TABIR;DATA SEKOLAH;2022/2023 GANJIL;SWASTA;TK;6
15;JAMBI;1509;TEBO;150912;MUARA TABIR;DATA SEKOLAH;2022/2023 GANJIL;SWASTA;KB;9
15;JAMBI;1509;TEBO;150912;MUARA TABIR;DATA SEKOLAH;2022/2023 GANJIL;SWASTA;TPA;0
15;JAMBI;1509;TEBO;150912;MUARA TABIR;DATA SEKOLAH;2022/2023 GANJIL;SWASTA;SPS;0
15;JAMBI;1509;TEBO;150912;MUARA TABIR;DATA SEKOLAH;2022/2023 GANJIL;SWASTA;PKBM;1
15;JAMBI;1509;TEBO;150912;MUARA TABIR;DATA SEKOLAH;2022/2023 GANJIL;SWASTA;SKB;0
15;JAMBI;1509;TEBO;150912;MUARA TABIR;DATA SEKOLAH;2022/2023 GANJIL;SWASTA;SD;0
15;JAMBI;1509;TEBO;150912;MUARA TABIR;DATA SEKOLAH;2022/2023 GANJIL;SWASTA;SMP;0
15;JAMBI;1509;TEBO;150912;MUARA TABIR;DATA SEKOLAH;2022/2023 GANJIL;SWASTA;SMA;0
15;JAMBI;1509;TEBO;150912;MUARA TABIR;DATA SEKOLAH;2022/2023 GANJIL;SWASTA;SMK;1
15;JAMBI;1509;TEBO;150912;MUARA TABIR;DATA SEKOLAH;2022/2023 GANJIL;SWASTA;SLB;0
15;JAMBI;1504;BATANGHARI;150402;MUARA TEMBESI;DATA SEKOLAH;2022/2023 GANJIL;SWASTA;TK;18
15;JAMBI;1504;BATANGHARI;150402;MUARA TEMBESI;DATA SEKOLAH;2022/2023 GANJIL;SWASTA;KB;25
15;JAMBI;1504;BATANGHARI;150402;MUARA TEMBESI;DATA SEKOLAH;2022/2023 GANJIL;SWASTA;TPA;1
15;JAMBI;1504;BATANGHARI;150402;MUARA TEMBESI;DATA SEKOLAH;2022/2023 GANJIL;SWASTA;SPS;4
15;JAMBI;1504;BATANGHARI;150402;MUARA TEMBESI;DATA SEKOLAH;2022/2023 GANJIL;SWASTA;PKBM;3
15;JAMBI;1504;BATANGHARI;150402;MUARA TEMBESI;DATA SEKOLAH;2022/2023 GANJIL;SWASTA;SKB;0
15;JAMBI;1504;BATANGHARI;150402;MUARA TEMBESI;DATA SEKOLAH;2022/2023 GANJIL;SWASTA;SD;2
15;JAMBI;1504;BATANGHARI;150402;MUARA TEMBESI;DATA SEKOLAH;2022/2023 GANJIL;SWASTA;SMP;2
15;JAMBI;1504;BATANGHARI;150402;MUARA TEMBESI;DATA SEKOLAH;2022/2023 GANJIL;SWASTA;SMA;1
15;JAMBI;1504;BATANGHARI;150402;MUARA TEMBESI;DATA SEKOLAH;2022/2023 GANJIL;SWASTA;SMK;0
15;JAMBI;1504;BATANGHARI;150402;MUARA TEMBESI;DATA SEKOLAH;2022/2023 GANJIL;SWASTA;SLB;0
15;JAMBI;1508;BUNGO;150808;MUKO-MUKO BATHIN VII;DATA SEKOLAH;2022/2023 GANJIL;SWASTA;TK;7
15;JAMBI;1508;BUNGO;150808;MUKO-MUKO BATHIN VII;DATA SEKOLAH;2022/2023 GANJIL;SWASTA;KB;12
15;JAMBI;1508;BUNGO;150808;MUKO-MUKO BATHIN VII;DATA SEKOLAH;2022/2023 GANJIL;SWASTA;TPA;0
15;JAMBI;1508;BUNGO;150808;MUKO-MUKO BATHIN VII;DATA SEKOLAH;2022/2023 GANJIL;SWASTA;SPS;1
15;JAMBI;1508;BUNGO;150808;MUKO-MUKO BATHIN VII;DATA SEKOLAH;2022/2023 GANJIL;SWASTA;PKBM;4
15;JAMBI;1508;BUNGO;150808;MUKO-MUKO BATHIN VII;DATA SEKOLAH;2022/2023 GANJIL;SWASTA;SKB;0
15;JAMBI;1508;BUNGO;150808;MUKO-MUKO BATHIN VII;DATA SEKOLAH;2022/2023 GANJIL;SWASTA;SD;0
15;JAMBI;1508;BUNGO;150808;MUKO-MUKO BATHIN VII;DATA SEKOLAH;2022/2023 GANJIL;SWASTA;SMP;0
15;JAMBI;1508;BUNGO;150808;MUKO-MUKO BATHIN VII;DATA SEKOLAH;2022/2023 GANJIL;SWASTA;SMA;0
15;JAMBI;1508;BUNGO;150808;MUKO-MUKO BATHIN VII;DATA SEKOLAH;2022/2023 GANJIL;SWASTA;SMK;0
15;JAMBI;1508;BUNGO;150808;MUKO-MUKO BATHIN VII;DATA SEKOLAH;2022/2023 GANJIL;SWASTA;SLB;0
15;JAMBI;1502;MERANGIN;150211;NALO TATAN;DATA SEKOLAH;2022/2023 GANJIL;SWASTA;TK;8
15;JAMBI;1502;MERANGIN;150211;NALO TATAN;DATA SEKOLAH;2022/2023 GANJIL;SWASTA;KB;4
15;JAMBI;1502;MERANGIN;150211;NALO TATAN;DATA SEKOLAH;2022/2023 GANJIL;SWASTA;TPA;0
15;JAMBI;1502;MERANGIN;150211;NALO TATAN;DATA SEKOLAH;2022/2023 GANJIL;SWASTA;SPS;1
15;JAMBI;1502;MERANGIN;150211;NALO TATAN;DATA SEKOLAH;2022/2023 GANJIL;SWASTA;PKBM;3
15;JAMBI;1502;MERANGIN;150211;NALO TATAN;DATA SEKOLAH;2022/2023 GANJIL;SWASTA;SKB;0
15;JAMBI;1502;MERANGIN;150211;NALO TATAN;DATA SEKOLAH;2022/2023 GANJIL;SWASTA;SD;2
15;JAMBI;1502;MERANGIN;150211;NALO TATAN;DATA SEKOLAH;2022/2023 GANJIL;SWASTA;SMP;0
15;JAMBI;1502;MERANGIN;150211;NALO TATAN;DATA SEKOLAH;2022/2023 GANJIL;SWASTA;SMA;0
15;JAMBI;1502;MERANGIN;150211;NALO TATAN;DATA SEKOLAH;2022/2023 GANJIL;SWASTA;SMK;1
15;JAMBI;1502;MERANGIN;150211;NALO TATAN;DATA SEKOLAH;2022/2023 GANJIL;SWASTA;SLB;0
15;JAMBI;1507;TANJUNG JABUNG TIMUR;150702;NIPAH PANJANG;DATA SEKOLAH;2022/2023 GANJIL;SWASTA;TK;4
15;JAMBI;1507;TANJUNG JABUNG TIMUR;150702;NIPAH PANJANG;DATA SEKOLAH;2022/2023 GANJIL;SWASTA;KB;25
15;JAMBI;1507;TANJUNG JABUNG TIMUR;150702;NIPAH PANJANG;DATA SEKOLAH;2022/2023 GANJIL;SWASTA;TPA;0
15;JAMBI;1507;TANJUNG JABUNG TIMUR;150702;NIPAH PANJANG;DATA SEKOLAH;2022/2023 GANJIL;SWASTA;SPS;1
15;JAMBI;1507;TANJUNG JABUNG TIMUR;150702;NIPAH PANJANG;DATA SEKOLAH;2022/2023 GANJIL;SWASTA;PKBM;2
15;JAMBI;1507;TANJUNG JABUNG TIMUR;150702;NIPAH PANJANG;DATA SEKOLAH;2022/2023 GANJIL;SWASTA;SKB;0
15;JAMBI;1507;TANJUNG JABUNG TIMUR;150702;NIPAH PANJANG;DATA SEKOLAH;2022/2023 GANJIL;SWASTA;SD;1
15;JAMBI;1507;TANJUNG JABUNG TIMUR;150702;NIPAH PANJANG;DATA SEKOLAH;2022/2023 GANJIL;SWASTA;SMP;0
15;JAMBI;1507;TANJUNG JABUNG TIMUR;150702;NIPAH PANJANG;DATA SEKOLAH;2022/2023 GANJIL;SWASTA;SMA;0
15;JAMBI;1507;TANJUNG JABUNG TIMUR;150702;NIPAH PANJANG;DATA SEKOLAH;2022/2023 GANJIL;SWASTA;SMK;0
15;JAMBI;1507;TANJUNG JABUNG TIMUR;150702;NIPAH PANJANG;DATA SEKOLAH;2022/2023 GANJIL;SWASTA;SLB;0
15;JAMBI;1571;KOTA JAMBI;157111;PAAL MERAH;DATA SEKOLAH;2022/2023 GANJIL;SWASTA;TK;34
15;JAMBI;1571;KOTA JAMBI;157111;PAAL MERAH;DATA SEKOLAH;2022/2023 GANJIL;SWASTA;KB;14
15;JAMBI;1571;KOTA JAMBI;157111;PAAL MERAH;DATA SEKOLAH;2022/2023 GANJIL;SWASTA;TPA;0
15;JAMBI;1571;KOTA JAMBI;157111;PAAL MERAH;DATA SEKOLAH;2022/2023 GANJIL;SWASTA;SPS;2
15;JAMBI;1571;KOTA JAMBI;157111;PAAL MERAH;DATA SEKOLAH;2022/2023 GANJIL;SWASTA;PKBM;5
15;JAMBI;1571;KOTA JAMBI;157111;PAAL MERAH;DATA SEKOLAH;2022/2023 GANJIL;SWASTA;SKB;0
15;JAMBI;1571;KOTA JAMBI;157111;PAAL MERAH;DATA SEKOLAH;2022/2023 GANJIL;SWASTA;SD;2
15;JAMBI;1571;KOTA JAMBI;157111;PAAL MERAH;DATA SEKOLAH;2022/2023 GANJIL;SWASTA;SMP;5
15;JAMBI;1571;KOTA JAMBI;157111;PAAL MERAH;DATA SEKOLAH;2022/2023 GANJIL;SWASTA;SMA;4
15;JAMBI;1571;KOTA JAMBI;157111;PAAL MERAH;DATA SEKOLAH;2022/2023 GANJIL;SWASTA;SMK;6
15;JAMBI;1571;KOTA JAMBI;157111;PAAL MERAH;DATA SEKOLAH;2022/2023 GANJIL;SWASTA;SLB;0
15;JAMBI;1502;MERANGIN;150206;PAMENANG;DATA SEKOLAH;2022/2023 GANJIL;SWASTA;TK;16
15;JAMBI;1502;MERANGIN;150206;PAMENANG;DATA SEKOLAH;2022/2023 GANJIL;SWASTA;KB;15
15;JAMBI;1502;MERANGIN;150206;PAMENANG;DATA SEKOLAH;2022/2023 GANJIL;SWASTA;TPA;0
15;JAMBI;1502;MERANGIN;150206;PAMENANG;DATA SEKOLAH;2022/2023 GANJIL;SWASTA;SPS;1
15;JAMBI;1502;MERANGIN;150206;PAMENANG;DATA SEKOLAH;2022/2023 GANJIL;SWASTA;PKBM;2
15;JAMBI;1502;MERANGIN;150206;PAMENANG;DATA SEKOLAH;2022/2023 GANJIL;SWASTA;SKB;0
15;JAMBI;1502;MERANGIN;150206;PAMENANG;DATA SEKOLAH;2022/2023 GANJIL;SWASTA;SD;0
15;JAMBI;1502;MERANGIN;150206;PAMENANG;DATA SEKOLAH;2022/2023 GANJIL;SWASTA;SMP;1
15;JAMBI;1502;MERANGIN;150206;PAMENANG;DATA SEKOLAH;2022/2023 GANJIL;SWASTA;SMA;0
15;JAMBI;1502;MERANGIN;150206;PAMENANG;DATA SEKOLAH;2022/2023 GANJIL;SWASTA;SMK;1
15;JAMBI;1502;MERANGIN;150206;PAMENANG;DATA SEKOLAH;2022/2023 GANJIL;SWASTA;SLB;0
15;JAMBI;1502;MERANGIN;150213;PAMENANG BARAT;DATA SEKOLAH;2022/2023 GANJIL;SWASTA;TK;7
15;JAMBI;1502;MERANGIN;150213;PAMENANG BARAT;DATA SEKOLAH;2022/2023 GANJIL;SWASTA;KB;5
15;JAMBI;1502;MERANGIN;150213;PAMENANG BARAT;DATA SEKOLAH;2022/2023 GANJIL;SWASTA;TPA;0
15;JAMBI;1502;MERANGIN;150213;PAMENANG BARAT;DATA SEKOLAH;2022/2023 GANJIL;SWASTA;SPS;1
15;JAMBI;1502;MERANGIN;150213;PAMENANG BARAT;DATA SEKOLAH;2022/2023 GANJIL;SWASTA;PKBM;1
15;JAMBI;1502;MERANGIN;150213;PAMENANG BARAT;DATA SEKOLAH;2022/2023 GANJIL;SWASTA;SKB;0
15;JAMBI;1502;MERANGIN;150213;PAMENANG BARAT;DATA SEKOLAH;2022/2023 GANJIL;SWASTA;SD;2
15;JAMBI;1502;MERANGIN;150213;PAMENANG BARAT;DATA SEKOLAH;2022/2023 GANJIL;SWASTA;SMP;1
15;JAMBI;1502;MERANGIN;150213;PAMENANG BARAT;DATA SEKOLAH;2022/2023 GANJIL;SWASTA;SMA;0
15;JAMBI;1502;MERANGIN;150213;PAMENANG BARAT;DATA SEKOLAH;2022/2023 GANJIL;SWASTA;SMK;0
15;JAMBI;1502;MERANGIN;150213;PAMENANG BARAT;DATA SEKOLAH;2022/2023 GANJIL;SWASTA;SLB;0
15;JAMBI;1502;MERANGIN;150220;PAMENANG SELATAN;DATA SEKOLAH;2022/2023 GANJIL;SWASTA;TK;5
15;JAMBI;1502;MERANGIN;150220;PAMENANG SELATAN;DATA SEKOLAH;2022/2023 GANJIL;SWASTA;KB;5
15;JAMBI;1502;MERANGIN;150220;PAMENANG SELATAN;DATA SEKOLAH;2022/2023 GANJIL;SWASTA;TPA;0
15;JAMBI;1502;MERANGIN;150220;PAMENANG SELATAN;DATA SEKOLAH;2022/2023 GANJIL;SWASTA;SPS;0
15;JAMBI;1502;MERANGIN;150220;PAMENANG SELATAN;DATA SEKOLAH;2022/2023 GANJIL;SWASTA;PKBM;0
15;JAMBI;1502;MERANGIN;150220;PAMENANG SELATAN;DATA SEKOLAH;2022/2023 GANJIL;SWASTA;SKB;0
15;JAMBI;1502;MERANGIN;150220;PAMENANG SELATAN;DATA SEKOLAH;2022/2023 GANJIL;SWASTA;SD;1
15;JAMBI;1502;MERANGIN;150220;PAMENANG SELATAN;DATA SEKOLAH;2022/2023 GANJIL;SWASTA;SMP;1
15;JAMBI;1502;MERANGIN;150220;PAMENANG SELATAN;DATA SEKOLAH;2022/2023 GANJIL;SWASTA;SMA;1
15;JAMBI;1502;MERANGIN;150220;PAMENANG SELATAN;DATA SEKOLAH;2022/2023 GANJIL;SWASTA;SMK;1
15;JAMBI;1502;MERANGIN;150220;PAMENANG SELATAN;DATA SEKOLAH;2022/2023 GANJIL;SWASTA;SLB;0
15;JAMBI;1502;MERANGIN;150217;PANGKALAN JAMBU;DATA SEKOLAH;2022/2023 GANJIL;SWASTA;TK;9
15;JAMBI;1502;MERANGIN;150217;PANGKALAN JAMBU;DATA SEKOLAH;2022/2023 GANJIL;SWASTA;KB;8
15;JAMBI;1502;MERANGIN;150217;PANGKALAN JAMBU;DATA SEKOLAH;2022/2023 GANJIL;SWASTA;TPA;0
15;JAMBI;1502;MERANGIN;150217;PANGKALAN JAMBU;DATA SEKOLAH;2022/2023 GANJIL;SWASTA;SPS;4
15;JAMBI;1502;MERANGIN;150217;PANGKALAN JAMBU;DATA SEKOLAH;2022/2023 GANJIL;SWASTA;PKBM;1
15;JAMBI;1502;MERANGIN;150217;PANGKALAN JAMBU;DATA SEKOLAH;2022/2023 GANJIL;SWASTA;SKB;0
15;JAMBI;1502;MERANGIN;150217;PANGKALAN JAMBU;DATA SEKOLAH;2022/2023 GANJIL;SWASTA;SD;0
15;JAMBI;1502;MERANGIN;150217;PANGKALAN JAMBU;DATA SEKOLAH;2022/2023 GANJIL;SWASTA;SMP;0
15;JAMBI;1502;MERANGIN;150217;PANGKALAN JAMBU;DATA SEKOLAH;2022/2023 GANJIL;SWASTA;SMA;0
15;JAMBI;1502;MERANGIN;150217;PANGKALAN JAMBU;DATA SEKOLAH;2022/2023 GANJIL;SWASTA;SMK;0
15;JAMBI;1502;MERANGIN;150217;PANGKALAN JAMBU;DATA SEKOLAH;2022/2023 GANJIL;SWASTA;SLB;0
15;JAMBI;1571;KOTA JAMBI;157104;PASAR JAMBI;DATA SEKOLAH;2022/2023 GANJIL;SWASTA;TK;6
15;JAMBI;1571;KOTA JAMBI;157104;PASAR JAMBI;DATA SEKOLAH;2022/2023 GANJIL;SWASTA;KB;3
15;JAMBI;1571;KOTA JAMBI;157104;PASAR JAMBI;DATA SEKOLAH;2022/2023 GANJIL;SWASTA;TPA;0
15;JAMBI;1571;KOTA JAMBI;157104;PASAR JAMBI;DATA SEKOLAH;2022/2023 GANJIL;SWASTA;SPS;1
15;JAMBI;1571;KOTA JAMBI;157104;PASAR JAMBI;DATA SEKOLAH;2022/2023 GANJIL;SWASTA;PKBM;0
15;JAMBI;1571;KOTA JAMBI;157104;PASAR JAMBI;DATA SEKOLAH;2022/2023 GANJIL;SWASTA;SKB;0
15;JAMBI;1571;KOTA JAMBI;157104;PASAR JAMBI;DATA SEKOLAH;2022/2023 GANJIL;SWASTA;SD;3
15;JAMBI;1571;KOTA JAMBI;157104;PASAR JAMBI;DATA SEKOLAH;2022/2023 GANJIL;SWASTA;SMP;1
15;JAMBI;1571;KOTA JAMBI;157104;PASAR JAMBI;DATA SEKOLAH;2022/2023 GANJIL;SWASTA;SMA;0
15;JAMBI;1571;KOTA JAMBI;157104;PASAR JAMBI;DATA SEKOLAH;2022/2023 GANJIL;SWASTA;SMK;1
15;JAMBI;1571;KOTA JAMBI;157104;PASAR JAMBI;DATA SEKOLAH;2022/2023 GANJIL;SWASTA;SLB;0
15;JAMBI;1508;BUNGO;150803;PASAR MUARO BUNGO;DATA SEKOLAH;2022/2023 GANJIL;SWASTA;TK;4
15;JAMBI;1508;BUNGO;150803;PASAR MUARO BUNGO;DATA SEKOLAH;2022/2023 GANJIL;SWASTA;KB;5
15;JAMBI;1508;BUNGO;150803;PASAR MUARO BUNGO;DATA SEKOLAH;2022/2023 GANJIL;SWASTA;TPA;0
15;JAMBI;1508;BUNGO;150803;PASAR MUARO BUNGO;DATA SEKOLAH;2022/2023 GANJIL;SWASTA;SPS;0
15;JAMBI;1508;BUNGO;150803;PASAR MUARO BUNGO;DATA SEKOLAH;2022/2023 GANJIL;SWASTA;PKBM;0
15;JAMBI;1508;BUNGO;150803;PASAR MUARO BUNGO;DATA SEKOLAH;2022/2023 GANJIL;SWASTA;SKB;0
15;JAMBI;1508;BUNGO;150803;PASAR MUARO BUNGO;DATA SEKOLAH;2022/2023 GANJIL;SWASTA;SD;0
15;JAMBI;1508;BUNGO;150803;PASAR MUARO BUNGO;DATA SEKOLAH;2022/2023 GANJIL;SWASTA;SMP;0
15;JAMBI;1508;BUNGO;150803;PASAR MUARO BUNGO;DATA SEKOLAH;2022/2023 GANJIL;SWASTA;SMA;0
15;JAMBI;1508;BUNGO;150803;PASAR MUARO BUNGO;DATA SEKOLAH;2022/2023 GANJIL;SWASTA;SMK;0
15;JAMBI;1508;BUNGO;150803;PASAR MUARO BUNGO;DATA SEKOLAH;2022/2023 GANJIL;SWASTA;SLB;0
15;JAMBI;1503;SAROLANGUN;150304;PAUH;DATA SEKOLAH;2022/2023 GANJIL;SWASTA;TK;16
15;JAMBI;1503;SAROLANGUN;150304;PAUH;DATA SEKOLAH;2022/2023 GANJIL;SWASTA;KB;28
15;JAMBI;1503;SAROLANGUN;150304;PAUH;DATA SEKOLAH;2022/2023 GANJIL;SWASTA;TPA;0
15;JAMBI;1503;SAROLANGUN;150304;PAUH;DATA SEKOLAH;2022/2023 GANJIL;SWASTA;SPS;1
15;JAMBI;1503;SAROLANGUN;150304;PAUH;DATA SEKOLAH;2022/2023 GANJIL;SWASTA;PKBM;1
15;JAMBI;1503;SAROLANGUN;150304;PAUH;DATA SEKOLAH;2022/2023 GANJIL;SWASTA;SKB;0
15;JAMBI;1503;SAROLANGUN;150304;PAUH;DATA SEKOLAH;2022/2023 GANJIL;SWASTA;SD;3
15;JAMBI;1503;SAROLANGUN;150304;PAUH;DATA SEKOLAH;2022/2023 GANJIL;SWASTA;SMP;2
15;JAMBI;1503;SAROLANGUN;150304;PAUH;DATA SEKOLAH;2022/2023 GANJIL;SWASTA;SMA;1
15;JAMBI;1503;SAROLANGUN;150304;PAUH;DATA SEKOLAH;2022/2023 GANJIL;SWASTA;SMK;2
15;JAMBI;1503;SAROLANGUN;150304;PAUH;DATA SEKOLAH;2022/2023 GANJIL;SWASTA;SLB;0
15;JAMBI;1503;SAROLANGUN;150305;PELAWAN;DATA SEKOLAH;2022/2023 GANJIL;SWASTA;TK;24
15;JAMBI;1503;SAROLANGUN;150305;PELAWAN;DATA SEKOLAH;2022/2023 GANJIL;SWASTA;KB;20
15;JAMBI;1503;SAROLANGUN;150305;PELAWAN;DATA SEKOLAH;2022/2023 GANJIL;SWASTA;TPA;0
15;JAMBI;1503;SAROLANGUN;150305;PELAWAN;DATA SEKOLAH;2022/2023 GANJIL;SWASTA;SPS;0
15;JAMBI;1503;SAROLANGUN;150305;PELAWAN;DATA SEKOLAH;2022/2023 GANJIL;SWASTA;PKBM;1
15;JAMBI;1503;SAROLANGUN;150305;PELAWAN;DATA SEKOLAH;2022/2023 GANJIL;SWASTA;SKB;0
15;JAMBI;1503;SAROLANGUN;150305;PELAWAN;DATA SEKOLAH;2022/2023 GANJIL;SWASTA;SD;2
15;JAMBI;1503;SAROLANGUN;150305;PELAWAN;DATA SEKOLAH;2022/2023 GANJIL;SWASTA;SMP;3
15;JAMBI;1503;SAROLANGUN;150305;PELAWAN;DATA SEKOLAH;2022/2023 GANJIL;SWASTA;SMA;0
15;JAMBI;1503;SAROLANGUN;150305;PELAWAN;DATA SEKOLAH;2022/2023 GANJIL;SWASTA;SMK;1
15;JAMBI;1503;SAROLANGUN;150305;PELAWAN;DATA SEKOLAH;2022/2023 GANJIL;SWASTA;SLB;0
15;JAMBI;1571;KOTA JAMBI;157105;PELAYANGAN;DATA SEKOLAH;2022/2023 GANJIL;SWASTA;TK;3
15;JAMBI;1571;KOTA JAMBI;157105;PELAYANGAN;DATA SEKOLAH;2022/2023 GANJIL;SWASTA;KB;8
15;JAMBI;1571;KOTA JAMBI;157105;PELAYANGAN;DATA SEKOLAH;2022/2023 GANJIL;SWASTA;TPA;0
15;JAMBI;1571;KOTA JAMBI;157105;PELAYANGAN;DATA SEKOLAH;2022/2023 GANJIL;SWASTA;SPS;1
15;JAMBI;1571;KOTA JAMBI;157105;PELAYANGAN;DATA SEKOLAH;2022/2023 GANJIL;SWASTA;PKBM;0
15;JAMBI;1571;KOTA JAMBI;157105;PELAYANGAN;DATA SEKOLAH;2022/2023 GANJIL;SWASTA;SKB;0
15;JAMBI;1571;KOTA JAMBI;157105;PELAYANGAN;DATA SEKOLAH;2022/2023 GANJIL;SWASTA;SD;0
15;JAMBI;1571;KOTA JAMBI;157105;PELAYANGAN;DATA SEKOLAH;2022/2023 GANJIL;SWASTA;SMP;0
15;JAMBI;1571;KOTA JAMBI;157105;PELAYANGAN;DATA SEKOLAH;2022/2023 GANJIL;SWASTA;SMA;0
15;JAMBI;1571;KOTA JAMBI;157105;PELAYANGAN;DATA SEKOLAH;2022/2023 GANJIL;SWASTA;SMK;0
15;JAMBI;1571;KOTA JAMBI;157105;PELAYANGAN;DATA SEKOLAH;2022/2023 GANJIL;SWASTA;SLB;0
15;JAMBI;1508;BUNGO;150806;PELEPAT;DATA SEKOLAH;2022/2023 GANJIL;SWASTA;TK;12
15;JAMBI;1508;BUNGO;150806;PELEPAT;DATA SEKOLAH;2022/2023 GANJIL;SWASTA;KB;18
15;JAMBI;1508;BUNGO;150806;PELEPAT;DATA SEKOLAH;2022/2023 GANJIL;SWASTA;TPA;0
15;JAMBI;1508;BUNGO;150806;PELEPAT;DATA SEKOLAH;2022/2023 GANJIL;SWASTA;SPS;1
15;JAMBI;1508;BUNGO;150806;PELEPAT;DATA SEKOLAH;2022/2023 GANJIL;SWASTA;PKBM;1
15;JAMBI;1508;BUNGO;150806;PELEPAT;DATA SEKOLAH;2022/2023 GANJIL;SWASTA;SKB;0
15;JAMBI;1508;BUNGO;150806;PELEPAT;DATA SEKOLAH;2022/2023 GANJIL;SWASTA;SD;2
15;JAMBI;1508;BUNGO;150806;PELEPAT;DATA SEKOLAH;2022/2023 GANJIL;SWASTA;SMP;1
15;JAMBI;1508;BUNGO;150806;PELEPAT;DATA SEKOLAH;2022/2023 GANJIL;SWASTA;SMA;0
15;JAMBI;1508;BUNGO;150806;PELEPAT;DATA SEKOLAH;2022/2023 GANJIL;SWASTA;SMK;0
15;JAMBI;1508;BUNGO;150806;PELEPAT;DATA SEKOLAH;2022/2023 GANJIL;SWASTA;SLB;0
15;JAMBI;1508;BUNGO;150809;PELEPAT ILIR;DATA SEKOLAH;2022/2023 GANJIL;SWASTA;TK;20
15;JAMBI;1508;BUNGO;150809;PELEPAT ILIR;DATA SEKOLAH;2022/2023 GANJIL;SWASTA;KB;23
15;JAMBI;1508;BUNGO;150809;PELEPAT ILIR;DATA SEKOLAH;2022/2023 GANJIL;SWASTA;TPA;2
15;JAMBI;1508;BUNGO;150809;PELEPAT ILIR;DATA SEKOLAH;2022/2023 GANJIL;SWASTA;SPS;1
15;JAMBI;1508;BUNGO;150809;PELEPAT ILIR;DATA SEKOLAH;2022/2023 GANJIL;SWASTA;PKBM;3
15;JAMBI;1508;BUNGO;150809;PELEPAT ILIR;DATA SEKOLAH;2022/2023 GANJIL;SWASTA;SKB;0
15;JAMBI;1508;BUNGO;150809;PELEPAT ILIR;DATA SEKOLAH;2022/2023 GANJIL;SWASTA;SD;3
15;JAMBI;1508;BUNGO;150809;PELEPAT ILIR;DATA SEKOLAH;2022/2023 GANJIL;SWASTA;SMP;2
15;JAMBI;1508;BUNGO;150809;PELEPAT ILIR;DATA SEKOLAH;2022/2023 GANJIL;SWASTA;SMA;0
15;JAMBI;1508;BUNGO;150809;PELEPAT ILIR;DATA SEKOLAH;2022/2023 GANJIL;SWASTA;SMK;1
15;JAMBI;1508;BUNGO;150809;PELEPAT ILIR;DATA SEKOLAH;2022/2023 GANJIL;SWASTA;SLB;0
15;JAMBI;1504;BATANGHARI;150405;PEMAYUNG;DATA SEKOLAH;2022/2023 GANJIL;SWASTA;TK;24
15;JAMBI;1504;BATANGHARI;150405;PEMAYUNG;DATA SEKOLAH;2022/2023 GANJIL;SWASTA;KB;22
15;JAMBI;1504;BATANGHARI;150405;PEMAYUNG;DATA SEKOLAH;2022/2023 GANJIL;SWASTA;TPA;0
15;JAMBI;1504;BATANGHARI;150405;PEMAYUNG;DATA SEKOLAH;2022/2023 GANJIL;SWASTA;SPS;0
15;JAMBI;1504;BATANGHARI;150405;PEMAYUNG;DATA SEKOLAH;2022/2023 GANJIL;SWASTA;PKBM;3
15;JAMBI;1504;BATANGHARI;150405;PEMAYUNG;DATA SEKOLAH;2022/2023 GANJIL;SWASTA;SKB;0
15;JAMBI;1504;BATANGHARI;150405;PEMAYUNG;DATA SEKOLAH;2022/2023 GANJIL;SWASTA;SD;0
15;JAMBI;1504;BATANGHARI;150405;PEMAYUNG;DATA SEKOLAH;2022/2023 GANJIL;SWASTA;SMP;3
15;JAMBI;1504;BATANGHARI;150405;PEMAYUNG;DATA SEKOLAH;2022/2023 GANJIL;SWASTA;SMA;1
15;JAMBI;1504;BATANGHARI;150405;PEMAYUNG;DATA SEKOLAH;2022/2023 GANJIL;SWASTA;SMK;0
15;JAMBI;1504;BATANGHARI;150405;PEMAYUNG;DATA SEKOLAH;2022/2023 GANJIL;SWASTA;SLB;0
15;JAMBI;1506;TANJUNG JABUNG BARAT;150603;PENGABUAN;DATA SEKOLAH;2022/2023 GANJIL;SWASTA;TK;1
15;JAMBI;1506;TANJUNG JABUNG BARAT;150603;PENGABUAN;DATA SEKOLAH;2022/2023 GANJIL;SWASTA;KB;20
15;JAMBI;1506;TANJUNG JABUNG BARAT;150603;PENGABUAN;DATA SEKOLAH;2022/2023 GANJIL;SWASTA;TPA;0
15;JAMBI;1506;TANJUNG JABUNG BARAT;150603;PENGABUAN;DATA SEKOLAH;2022/2023 GANJIL;SWASTA;SPS;4
15;JAMBI;1506;TANJUNG JABUNG BARAT;150603;PENGABUAN;DATA SEKOLAH;2022/2023 GANJIL;SWASTA;PKBM;2
15;JAMBI;1506;TANJUNG JABUNG BARAT;150603;PENGABUAN;DATA SEKOLAH;2022/2023 GANJIL;SWASTA;SKB;0
15;JAMBI;1506;TANJUNG JABUNG BARAT;150603;PENGABUAN;DATA SEKOLAH;2022/2023 GANJIL;SWASTA;SD;0
15;JAMBI;1506;TANJUNG JABUNG BARAT;150603;PENGABUAN;DATA SEKOLAH;2022/2023 GANJIL;SWASTA;SMP;0
15;JAMBI;1506;TANJUNG JABUNG BARAT;150603;PENGABUAN;DATA SEKOLAH;2022/2023 GANJIL;SWASTA;SMA;1
15;JAMBI;1506;TANJUNG JABUNG BARAT;150603;PENGABUAN;DATA SEKOLAH;2022/2023 GANJIL;SWASTA;SMK;0
15;JAMBI;1506;TANJUNG JABUNG BARAT;150603;PENGABUAN;DATA SEKOLAH;2022/2023 GANJIL;SWASTA;SLB;0
15;JAMBI;1572;KOTA SUNGAI PENUH;157202;PESISIR BUKIT;DATA SEKOLAH;2022/2023 GANJIL;SWASTA;TK;1
15;JAMBI;1572;KOTA SUNGAI PENUH;157202;PESISIR BUKIT;DATA SEKOLAH;2022/2023 GANJIL;SWASTA;KB;6
15;JAMBI;1572;KOTA SUNGAI PENUH;157202;PESISIR BUKIT;DATA SEKOLAH;2022/2023 GANJIL;SWASTA;TPA;1
15;JAMBI;1572;KOTA SUNGAI PENUH;157202;PESISIR BUKIT;DATA SEKOLAH;2022/2023 GANJIL;SWASTA;SPS;7
15;JAMBI;1572;KOTA SUNGAI PENUH;157202;PESISIR BUKIT;DATA SEKOLAH;2022/2023 GANJIL;SWASTA;PKBM;1
15;JAMBI;1572;KOTA SUNGAI PENUH;157202;PESISIR BUKIT;DATA SEKOLAH;2022/2023 GANJIL;SWASTA;SKB;0
15;JAMBI;1572;KOTA SUNGAI PENUH;157202;PESISIR BUKIT;DATA SEKOLAH;2022/2023 GANJIL;SWASTA;SD;0
15;JAMBI;1572;KOTA SUNGAI PENUH;157202;PESISIR BUKIT;DATA SEKOLAH;2022/2023 GANJIL;SWASTA;SMP;0
15;JAMBI;1572;KOTA SUNGAI PENUH;157202;PESISIR BUKIT;DATA SEKOLAH;2022/2023 GANJIL;SWASTA;SMA;0
15;JAMBI;1572;KOTA SUNGAI PENUH;157202;PESISIR BUKIT;DATA SEKOLAH;2022/2023 GANJIL;SWASTA;SMK;0
15;JAMBI;1572;KOTA SUNGAI PENUH;157202;PESISIR BUKIT;DATA SEKOLAH;2022/2023 GANJIL;SWASTA;SLB;0
15;JAMBI;1572;KOTA SUNGAI PENUH;157206;PONDOK TINGGI;DATA SEKOLAH;2022/2023 GANJIL;SWASTA;TK;9
15;JAMBI;1572;KOTA SUNGAI PENUH;157206;PONDOK TINGGI;DATA SEKOLAH;2022/2023 GANJIL;SWASTA;KB;8
15;JAMBI;1572;KOTA SUNGAI PENUH;157206;PONDOK TINGGI;DATA SEKOLAH;2022/2023 GANJIL;SWASTA;TPA;1
15;JAMBI;1572;KOTA SUNGAI PENUH;157206;PONDOK TINGGI;DATA SEKOLAH;2022/2023 GANJIL;SWASTA;SPS;1
15;JAMBI;1572;KOTA SUNGAI PENUH;157206;PONDOK TINGGI;DATA SEKOLAH;2022/2023 GANJIL;SWASTA;PKBM;2
15;JAMBI;1572;KOTA SUNGAI PENUH;157206;PONDOK TINGGI;DATA SEKOLAH;2022/2023 GANJIL;SWASTA;SKB;0
15;JAMBI;1572;KOTA SUNGAI PENUH;157206;PONDOK TINGGI;DATA SEKOLAH;2022/2023 GANJIL;SWASTA;SD;0
15;JAMBI;1572;KOTA SUNGAI PENUH;157206;PONDOK TINGGI;DATA SEKOLAH;2022/2023 GANJIL;SWASTA;SMP;0
15;JAMBI;1572;KOTA SUNGAI PENUH;157206;PONDOK TINGGI;DATA SEKOLAH;2022/2023 GANJIL;SWASTA;SMA;0
15;JAMBI;1572;KOTA SUNGAI PENUH;157206;PONDOK TINGGI;DATA SEKOLAH;2022/2023 GANJIL;SWASTA;SMK;0
15;JAMBI;1572;KOTA SUNGAI PENUH;157206;PONDOK TINGGI;DATA SEKOLAH;2022/2023 GANJIL;SWASTA;SLB;0
15;JAMBI;1508;BUNGO;150802;RANTAU PANDAN;DATA SEKOLAH;2022/2023 GANJIL;SWASTA;TK;0
15;JAMBI;1508;BUNGO;150802;RANTAU PANDAN;DATA SEKOLAH;2022/2023 GANJIL;SWASTA;KB;8
15;JAMBI;1508;BUNGO;150802;RANTAU PANDAN;DATA SEKOLAH;2022/2023 GANJIL;SWASTA;TPA;0
15;JAMBI;1508;BUNGO;150802;RANTAU PANDAN;DATA SEKOLAH;2022/2023 GANJIL;SWASTA;SPS;0
15;JAMBI;1508;BUNGO;150802;RANTAU PANDAN;DATA SEKOLAH;2022/2023 GANJIL;SWASTA;PKBM;3
15;JAMBI;1508;BUNGO;150802;RANTAU PANDAN;DATA SEKOLAH;2022/2023 GANJIL;SWASTA;SKB;0
15;JAMBI;1508;BUNGO;150802;RANTAU PANDAN;DATA SEKOLAH;2022/2023 GANJIL;SWASTA;SD;0
15;JAMBI;1508;BUNGO;150802;RANTAU PANDAN;DATA SEKOLAH;2022/2023 GANJIL;SWASTA;SMP;1
15;JAMBI;1508;BUNGO;150802;RANTAU PANDAN;DATA SEKOLAH;2022/2023 GANJIL;SWASTA;SMA;1
15;JAMBI;1508;BUNGO;150802;RANTAU PANDAN;DATA SEKOLAH;2022/2023 GANJIL;SWASTA;SMK;0
15;JAMBI;1508;BUNGO;150802;RANTAU PANDAN;DATA SEKOLAH;2022/2023 GANJIL;SWASTA;SLB;0
15;JAMBI;1507;TANJUNG JABUNG TIMUR;150704;RANTAU RASAU;DATA SEKOLAH;2022/2023 GANJIL;SWASTA;TK;9
15;JAMBI;1507;TANJUNG JABUNG TIMUR;150704;RANTAU RASAU;DATA SEKOLAH;2022/2023 GANJIL;SWASTA;KB;33
15;JAMBI;1507;TANJUNG JABUNG TIMUR;150704;RANTAU RASAU;DATA SEKOLAH;2022/2023 GANJIL;SWASTA;TPA;0
15;JAMBI;1507;TANJUNG JABUNG TIMUR;150704;RANTAU RASAU;DATA SEKOLAH;2022/2023 GANJIL;SWASTA;SPS;0
15;JAMBI;1507;TANJUNG JABUNG TIMUR;150704;RANTAU RASAU;DATA SEKOLAH;2022/2023 GANJIL;SWASTA;PKBM;2
15;JAMBI;1507;TANJUNG JABUNG TIMUR;150704;RANTAU RASAU;DATA SEKOLAH;2022/2023 GANJIL;SWASTA;SKB;0
15;JAMBI;1507;TANJUNG JABUNG TIMUR;150704;RANTAU RASAU;DATA SEKOLAH;2022/2023 GANJIL;SWASTA;SD;0
15;JAMBI;1507;TANJUNG JABUNG TIMUR;150704;RANTAU RASAU;DATA SEKOLAH;2022/2023 GANJIL;SWASTA;SMP;1
15;JAMBI;1507;TANJUNG JABUNG TIMUR;150704;RANTAU RASAU;DATA SEKOLAH;2022/2023 GANJIL;SWASTA;SMA;0
15;JAMBI;1507;TANJUNG JABUNG TIMUR;150704;RANTAU RASAU;DATA SEKOLAH;2022/2023 GANJIL;SWASTA;SMK;1
15;JAMBI;1507;TANJUNG JABUNG TIMUR;150704;RANTAU RASAU;DATA SEKOLAH;2022/2023 GANJIL;SWASTA;SLB;0
15;JAMBI;1506;TANJUNG JABUNG BARAT;150608;RENAH MENDALUH;DATA SEKOLAH;2022/2023 GANJIL;SWASTA;TK;5
15;JAMBI;1506;TANJUNG JABUNG BARAT;150608;RENAH MENDALUH;DATA SEKOLAH;2022/2023 GANJIL;SWASTA;KB;7
15;JAMBI;1506;TANJUNG JABUNG BARAT;150608;RENAH MENDALUH;DATA SEKOLAH;2022/2023 GANJIL;SWASTA;TPA;0
15;JAMBI;1506;TANJUNG JABUNG BARAT;150608;RENAH MENDALUH;DATA SEKOLAH;2022/2023 GANJIL;SWASTA;SPS;0
15;JAMBI;1506;TANJUNG JABUNG BARAT;150608;RENAH MENDALUH;DATA SEKOLAH;2022/2023 GANJIL;SWASTA;PKBM;0
15;JAMBI;1506;TANJUNG JABUNG BARAT;150608;RENAH MENDALUH;DATA SEKOLAH;2022/2023 GANJIL;SWASTA;SKB;0
15;JAMBI;1506;TANJUNG JABUNG BARAT;150608;RENAH MENDALUH;DATA SEKOLAH;2022/2023 GANJIL;SWASTA;SD;0
15;JAMBI;1506;TANJUNG JABUNG BARAT;150608;RENAH MENDALUH;DATA SEKOLAH;2022/2023 GANJIL;SWASTA;SMP;0
15;JAMBI;1506;TANJUNG JABUNG BARAT;150608;RENAH MENDALUH;DATA SEKOLAH;2022/2023 GANJIL;SWASTA;SMA;0
15;JAMBI;1506;TANJUNG JABUNG BARAT;150608;RENAH MENDALUH;DATA SEKOLAH;2022/2023 GANJIL;SWASTA;SMK;0
15;JAMBI;1506;TANJUNG JABUNG BARAT;150608;RENAH MENDALUH;DATA SEKOLAH;2022/2023 GANJIL;SWASTA;SLB;0
15;JAMBI;1502;MERANGIN;150219;RENAH PAMENANG;DATA SEKOLAH;2022/2023 GANJIL;SWASTA;TK;6
15;JAMBI;1502;MERANGIN;150219;RENAH PAMENANG;DATA SEKOLAH;2022/2023 GANJIL;SWASTA;KB;6
15;JAMBI;1502;MERANGIN;150219;RENAH PAMENANG;DATA SEKOLAH;2022/2023 GANJIL;SWASTA;TPA;0
15;JAMBI;1502;MERANGIN;150219;RENAH PAMENANG;DATA SEKOLAH;2022/2023 GANJIL;SWASTA;SPS;0
15;JAMBI;1502;MERANGIN;150219;RENAH PAMENANG;DATA SEKOLAH;2022/2023 GANJIL;SWASTA;PKBM;0
15;JAMBI;1502;MERANGIN;150219;RENAH PAMENANG;DATA SEKOLAH;2022/2023 GANJIL;SWASTA;SKB;0
15;JAMBI;1502;MERANGIN;150219;RENAH PAMENANG;DATA SEKOLAH;2022/2023 GANJIL;SWASTA;SD;0
15;JAMBI;1502;MERANGIN;150219;RENAH PAMENANG;DATA SEKOLAH;2022/2023 GANJIL;SWASTA;SMP;0
15;JAMBI;1502;MERANGIN;150219;RENAH PAMENANG;DATA SEKOLAH;2022/2023 GANJIL;SWASTA;SMA;0
15;JAMBI;1502;MERANGIN;150219;RENAH PAMENANG;DATA SEKOLAH;2022/2023 GANJIL;SWASTA;SMK;0
15;JAMBI;1502;MERANGIN;150219;RENAH PAMENANG;DATA SEKOLAH;2022/2023 GANJIL;SWASTA;SLB;0
15;JAMBI;1502;MERANGIN;150216;RENAH PEMBARAP;DATA SEKOLAH;2022/2023 GANJIL;SWASTA;TK;8
15;JAMBI;1502;MERANGIN;150216;RENAH PEMBARAP;DATA SEKOLAH;2022/2023 GANJIL;SWASTA;KB;11
15;JAMBI;1502;MERANGIN;150216;RENAH PEMBARAP;DATA SEKOLAH;2022/2023 GANJIL;SWASTA;TPA;1
15;JAMBI;1502;MERANGIN;150216;RENAH PEMBARAP;DATA SEKOLAH;2022/2023 GANJIL;SWASTA;SPS;3
15;JAMBI;1502;MERANGIN;150216;RENAH PEMBARAP;DATA SEKOLAH;2022/2023 GANJIL;SWASTA;PKBM;0
15;JAMBI;1502;MERANGIN;150216;RENAH PEMBARAP;DATA SEKOLAH;2022/2023 GANJIL;SWASTA;SKB;0
15;JAMBI;1502;MERANGIN;150216;RENAH PEMBARAP;DATA SEKOLAH;2022/2023 GANJIL;SWASTA;SD;0
15;JAMBI;1502;MERANGIN;150216;RENAH PEMBARAP;DATA SEKOLAH;2022/2023 GANJIL;SWASTA;SMP;0
15;JAMBI;1502;MERANGIN;150216;RENAH PEMBARAP;DATA SEKOLAH;2022/2023 GANJIL;SWASTA;SMA;0
15;JAMBI;1502;MERANGIN;150216;RENAH PEMBARAP;DATA SEKOLAH;2022/2023 GANJIL;SWASTA;SMK;0
15;JAMBI;1502;MERANGIN;150216;RENAH PEMBARAP;DATA SEKOLAH;2022/2023 GANJIL;SWASTA;SLB;0
15;JAMBI;1509;TEBO;150904;RIMBO BUJANG;DATA SEKOLAH;2022/2023 GANJIL;SWASTA;TK;20
15;JAMBI;1509;TEBO;150904;RIMBO BUJANG;DATA SEKOLAH;2022/2023 GANJIL;SWASTA;KB;18
15;JAMBI;1509;TEBO;150904;RIMBO BUJANG;DATA SEKOLAH;2022/2023 GANJIL;SWASTA;TPA;1
15;JAMBI;1509;TEBO;150904;RIMBO BUJANG;DATA SEKOLAH;2022/2023 GANJIL;SWASTA;SPS;7
15;JAMBI;1509;TEBO;150904;RIMBO BUJANG;DATA SEKOLAH;2022/2023 GANJIL;SWASTA;PKBM;1
15;JAMBI;1509;TEBO;150904;RIMBO BUJANG;DATA SEKOLAH;2022/2023 GANJIL;SWASTA;SKB;0
15;JAMBI;1509;TEBO;150904;RIMBO BUJANG;DATA SEKOLAH;2022/2023 GANJIL;SWASTA;SD;5
15;JAMBI;1509;TEBO;150904;RIMBO BUJANG;DATA SEKOLAH;2022/2023 GANJIL;SWASTA;SMP;7
15;JAMBI;1509;TEBO;150904;RIMBO BUJANG;DATA SEKOLAH;2022/2023 GANJIL;SWASTA;SMA;3
15;JAMBI;1509;TEBO;150904;RIMBO BUJANG;DATA SEKOLAH;2022/2023 GANJIL;SWASTA;SMK;6
15;JAMBI;1509;TEBO;150904;RIMBO BUJANG;DATA SEKOLAH;2022/2023 GANJIL;SWASTA;SLB;1
15;JAMBI;1509;TEBO;150908;RIMBO ILIR;DATA SEKOLAH;2022/2023 GANJIL;SWASTA;TK;8
15;JAMBI;1509;TEBO;150908;RIMBO ILIR;DATA SEKOLAH;2022/2023 GANJIL;SWASTA;KB;7
15;JAMBI;1509;TEBO;150908;RIMBO ILIR;DATA SEKOLAH;2022/2023 GANJIL;SWASTA;TPA;0
15;JAMBI;1509;TEBO;150908;RIMBO ILIR;DATA SEKOLAH;2022/2023 GANJIL;SWASTA;SPS;0
15;JAMBI;1509;TEBO;150908;RIMBO ILIR;DATA SEKOLAH;2022/2023 GANJIL;SWASTA;PKBM;0
15;JAMBI;1509;TEBO;150908;RIMBO ILIR;DATA SEKOLAH;2022/2023 GANJIL;SWASTA;SKB;0
15;JAMBI;1509;TEBO;150908;RIMBO ILIR;DATA SEKOLAH;2022/2023 GANJIL;SWASTA;SD;0
15;JAMBI;1509;TEBO;150908;RIMBO ILIR;DATA SEKOLAH;2022/2023 GANJIL;SWASTA;SMP;0
15;JAMBI;1509;TEBO;150908;RIMBO ILIR;DATA SEKOLAH;2022/2023 GANJIL;SWASTA;SMA;0
15;JAMBI;1509;TEBO;150908;RIMBO ILIR;DATA SEKOLAH;2022/2023 GANJIL;SWASTA;SMK;1
15;JAMBI;1509;TEBO;150908;RIMBO ILIR;DATA SEKOLAH;2022/2023 GANJIL;SWASTA;SLB;0
15;JAMBI;1508;BUNGO;150813;RIMBO TENGAH;DATA SEKOLAH;2022/2023 GANJIL;SWASTA;TK;6
15;JAMBI;1508;BUNGO;150813;RIMBO TENGAH;DATA SEKOLAH;2022/2023 GANJIL;SWASTA;KB;17
15;JAMBI;1508;BUNGO;150813;RIMBO TENGAH;DATA SEKOLAH;2022/2023 GANJIL;SWASTA;TPA;1
15;JAMBI;1508;BUNGO;150813;RIMBO TENGAH;DATA SEKOLAH;2022/2023 GANJIL;SWASTA;SPS;0
15;JAMBI;1508;BUNGO;150813;RIMBO TENGAH;DATA SEKOLAH;2022/2023 GANJIL;SWASTA;PKBM;1
15;JAMBI;1508;BUNGO;150813;RIMBO TENGAH;DATA SEKOLAH;2022/2023 GANJIL;SWASTA;SKB;0
15;JAMBI;1508;BUNGO;150813;RIMBO TENGAH;DATA SEKOLAH;2022/2023 GANJIL;SWASTA;SD;5
15;JAMBI;1508;BUNGO;150813;RIMBO TENGAH;DATA SEKOLAH;2022/2023 GANJIL;SWASTA;SMP;3
15;JAMBI;1508;BUNGO;150813;RIMBO TENGAH;DATA SEKOLAH;2022/2023 GANJIL;SWASTA;SMA;1
15;JAMBI;1508;BUNGO;150813;RIMBO TENGAH;DATA SEKOLAH;2022/2023 GANJIL;SWASTA;SMK;3
15;JAMBI;1508;BUNGO;150813;RIMBO TENGAH;DATA SEKOLAH;2022/2023 GANJIL;SWASTA;SLB;0
15;JAMBI;1509;TEBO;150907;RIMBO ULU;DATA SEKOLAH;2022/2023 GANJIL;SWASTA;TK;26
15;JAMBI;1509;TEBO;150907;RIMBO ULU;DATA SEKOLAH;2022/2023 GANJIL;SWASTA;KB;1
15;JAMBI;1509;TEBO;150907;RIMBO ULU;DATA SEKOLAH;2022/2023 GANJIL;SWASTA;TPA;1
15;JAMBI;1509;TEBO;150907;RIMBO ULU;DATA SEKOLAH;2022/2023 GANJIL;SWASTA;SPS;0
15;JAMBI;1509;TEBO;150907;RIMBO ULU;DATA SEKOLAH;2022/2023 GANJIL;SWASTA;PKBM;1
15;JAMBI;1509;TEBO;150907;RIMBO ULU;DATA SEKOLAH;2022/2023 GANJIL;SWASTA;SKB;0
15;JAMBI;1509;TEBO;150907;RIMBO ULU;DATA SEKOLAH;2022/2023 GANJIL;SWASTA;SD;3
15;JAMBI;1509;TEBO;150907;RIMBO ULU;DATA SEKOLAH;2022/2023 GANJIL;SWASTA;SMP;2
15;JAMBI;1509;TEBO;150907;RIMBO ULU;DATA SEKOLAH;2022/2023 GANJIL;SWASTA;SMA;0
15;JAMBI;1509;TEBO;150907;RIMBO ULU;DATA SEKOLAH;2022/2023 GANJIL;SWASTA;SMK;1
15;JAMBI;1509;TEBO;150907;RIMBO ULU;DATA SEKOLAH;2022/2023 GANJIL;SWASTA;SLB;0
15;JAMBI;1507;TANJUNG JABUNG TIMUR;150705;S A D U;DATA SEKOLAH;2022/2023 GANJIL;SWASTA;TK;1
15;JAMBI;1507;TANJUNG JABUNG TIMUR;150705;S A D U;DATA SEKOLAH;2022/2023 GANJIL;SWASTA;KB;17
15;JAMBI;1507;TANJUNG JABUNG TIMUR;150705;S A D U;DATA SEKOLAH;2022/2023 GANJIL;SWASTA;TPA;0
15;JAMBI;1507;TANJUNG JABUNG TIMUR;150705;S A D U;DATA SEKOLAH;2022/2023 GANJIL;SWASTA;SPS;0
15;JAMBI;1507;TANJUNG JABUNG TIMUR;150705;S A D U;DATA SEKOLAH;2022/2023 GANJIL;SWASTA;PKBM;1
15;JAMBI;1507;TANJUNG JABUNG TIMUR;150705;S A D U;DATA SEKOLAH;2022/2023 GANJIL;SWASTA;SKB;0
15;JAMBI;1507;TANJUNG JABUNG TIMUR;150705;S A D U;DATA SEKOLAH;2022/2023 GANJIL;SWASTA;SD;0
15;JAMBI;1507;TANJUNG JABUNG TIMUR;150705;S A D U;DATA SEKOLAH;2022/2023 GANJIL;SWASTA;SMP;0
15;JAMBI;1507;TANJUNG JABUNG TIMUR;150705;S A D U;DATA SEKOLAH;2022/2023 GANJIL;SWASTA;SMA;0
15;JAMBI;1507;TANJUNG JABUNG TIMUR;150705;S A D U;DATA SEKOLAH;2022/2023 GANJIL;SWASTA;SMK;0
15;JAMBI;1507;TANJUNG JABUNG TIMUR;150705;S A D U;DATA SEKOLAH;2022/2023 GANJIL;SWASTA;SLB;0
15;JAMBI;1503;SAROLANGUN;150303;SAROLANGUN;DATA SEKOLAH;2022/2023 GANJIL;SWASTA;TK;30
15;JAMBI;1503;SAROLANGUN;150303;SAROLANGUN;DATA SEKOLAH;2022/2023 GANJIL;SWASTA;KB;35
15;JAMBI;1503;SAROLANGUN;150303;SAROLANGUN;DATA SEKOLAH;2022/2023 GANJIL;SWASTA;TPA;3
15;JAMBI;1503;SAROLANGUN;150303;SAROLANGUN;DATA SEKOLAH;2022/2023 GANJIL;SWASTA;SPS;3
15;JAMBI;1503;SAROLANGUN;150303;SAROLANGUN;DATA SEKOLAH;2022/2023 GANJIL;SWASTA;PKBM;2
15;JAMBI;1503;SAROLANGUN;150303;SAROLANGUN;DATA SEKOLAH;2022/2023 GANJIL;SWASTA;SKB;0
15;JAMBI;1503;SAROLANGUN;150303;SAROLANGUN;DATA SEKOLAH;2022/2023 GANJIL;SWASTA;SD;6
15;JAMBI;1503;SAROLANGUN;150303;SAROLANGUN;DATA SEKOLAH;2022/2023 GANJIL;SWASTA;SMP;6
15;JAMBI;1503;SAROLANGUN;150303;SAROLANGUN;DATA SEKOLAH;2022/2023 GANJIL;SWASTA;SMA;1
15;JAMBI;1503;SAROLANGUN;150303;SAROLANGUN;DATA SEKOLAH;2022/2023 GANJIL;SWASTA;SMK;0
15;JAMBI;1503;SAROLANGUN;150303;SAROLANGUN;DATA SEKOLAH;2022/2023 GANJIL;SWASTA;SLB;0
15;JAMBI;1506;TANJUNG JABUNG BARAT;150610;SEBERANG KOTA;DATA SEKOLAH;2022/2023 GANJIL;SWASTA;TK;0
15;JAMBI;1506;TANJUNG JABUNG BARAT;150610;SEBERANG KOTA;DATA SEKOLAH;2022/2023 GANJIL;SWASTA;KB;11
15;JAMBI;1506;TANJUNG JABUNG BARAT;150610;SEBERANG KOTA;DATA SEKOLAH;2022/2023 GANJIL;SWASTA;TPA;0
15;JAMBI;1506;TANJUNG JABUNG BARAT;150610;SEBERANG KOTA;DATA SEKOLAH;2022/2023 GANJIL;SWASTA;SPS;1
15;JAMBI;1506;TANJUNG JABUNG BARAT;150610;SEBERANG KOTA;DATA SEKOLAH;2022/2023 GANJIL;SWASTA;PKBM;1
15;JAMBI;1506;TANJUNG JABUNG BARAT;150610;SEBERANG KOTA;DATA SEKOLAH;2022/2023 GANJIL;SWASTA;SKB;0
15;JAMBI;1506;TANJUNG JABUNG BARAT;150610;SEBERANG KOTA;DATA SEKOLAH;2022/2023 GANJIL;SWASTA;SD;0
15;JAMBI;1506;TANJUNG JABUNG BARAT;150610;SEBERANG KOTA;DATA SEKOLAH;2022/2023 GANJIL;SWASTA;SMP;0
15;JAMBI;1506;TANJUNG JABUNG BARAT;150610;SEBERANG KOTA;DATA SEKOLAH;2022/2023 GANJIL;SWASTA;SMA;0
15;JAMBI;1506;TANJUNG JABUNG BARAT;150610;SEBERANG KOTA;DATA SEKOLAH;2022/2023 GANJIL;SWASTA;SMK;0
15;JAMBI;1506;TANJUNG JABUNG BARAT;150610;SEBERANG KOTA;DATA SEKOLAH;2022/2023 GANJIL;SWASTA;SLB;0
15;JAMBI;1505;MUARO JAMBI;150502;SEKERNAN;DATA SEKOLAH;2022/2023 GANJIL;SWASTA;TK;22
15;JAMBI;1505;MUARO JAMBI;150502;SEKERNAN;DATA SEKOLAH;2022/2023 GANJIL;SWASTA;KB;6
15;JAMBI;1505;MUARO JAMBI;150502;SEKERNAN;DATA SEKOLAH;2022/2023 GANJIL;SWASTA;TPA;0
15;JAMBI;1505;MUARO JAMBI;150502;SEKERNAN;DATA SEKOLAH;2022/2023 GANJIL;SWASTA;SPS;0
15;JAMBI;1505;MUARO JAMBI;150502;SEKERNAN;DATA SEKOLAH;2022/2023 GANJIL;SWASTA;PKBM;4
15;JAMBI;1505;MUARO JAMBI;150502;SEKERNAN;DATA SEKOLAH;2022/2023 GANJIL;SWASTA;SKB;0
15;JAMBI;1505;MUARO JAMBI;150502;SEKERNAN;DATA SEKOLAH;2022/2023 GANJIL;SWASTA;SD;2
15;JAMBI;1505;MUARO JAMBI;150502;SEKERNAN;DATA SEKOLAH;2022/2023 GANJIL;SWASTA;SMP;2
15;JAMBI;1505;MUARO JAMBI;150502;SEKERNAN;DATA SEKOLAH;2022/2023 GANJIL;SWASTA;SMA;1
15;JAMBI;1505;MUARO JAMBI;150502;SEKERNAN;DATA SEKOLAH;2022/2023 GANJIL;SWASTA;SMK;1
15;JAMBI;1505;MUARO JAMBI;150502;SEKERNAN;DATA SEKOLAH;2022/2023 GANJIL;SWASTA;SLB;0
15;JAMBI;1506;TANJUNG JABUNG BARAT;150613;SENYERANG;DATA SEKOLAH;2022/2023 GANJIL;SWASTA;TK;1
15;JAMBI;1506;TANJUNG JABUNG BARAT;150613;SENYERANG;DATA SEKOLAH;2022/2023 GANJIL;SWASTA;KB;24
15;JAMBI;1506;TANJUNG JABUNG BARAT;150613;SENYERANG;DATA SEKOLAH;2022/2023 GANJIL;SWASTA;TPA;0
15;JAMBI;1506;TANJUNG JABUNG BARAT;150613;SENYERANG;DATA SEKOLAH;2022/2023 GANJIL;SWASTA;SPS;0
15;JAMBI;1506;TANJUNG JABUNG BARAT;150613;SENYERANG;DATA SEKOLAH;2022/2023 GANJIL;SWASTA;PKBM;0
15;JAMBI;1506;TANJUNG JABUNG BARAT;150613;SENYERANG;DATA SEKOLAH;2022/2023 GANJIL;SWASTA;SKB;0
15;JAMBI;1506;TANJUNG JABUNG BARAT;150613;SENYERANG;DATA SEKOLAH;2022/2023 GANJIL;SWASTA;SD;0
15;JAMBI;1506;TANJUNG JABUNG BARAT;150613;SENYERANG;DATA SEKOLAH;2022/2023 GANJIL;SWASTA;SMP;0
15;JAMBI;1506;TANJUNG JABUNG BARAT;150613;SENYERANG;DATA SEKOLAH;2022/2023 GANJIL;SWASTA;SMA;2
15;JAMBI;1506;TANJUNG JABUNG BARAT;150613;SENYERANG;DATA SEKOLAH;2022/2023 GANJIL;SWASTA;SMK;0
15;JAMBI;1506;TANJUNG JABUNG BARAT;150613;SENYERANG;DATA SEKOLAH;2022/2023 GANJIL;SWASTA;SLB;0
15;JAMBI;1509;TEBO;150910;SERAI SERUMPUN;DATA SEKOLAH;2022/2023 GANJIL;SWASTA;TK;6
15;JAMBI;1509;TEBO;150910;SERAI SERUMPUN;DATA SEKOLAH;2022/2023 GANJIL;SWASTA;KB;8
15;JAMBI;1509;TEBO;150910;SERAI SERUMPUN;DATA SEKOLAH;2022/2023 GANJIL;SWASTA;TPA;0
15;JAMBI;1509;TEBO;150910;SERAI SERUMPUN;DATA SEKOLAH;2022/2023 GANJIL;SWASTA;SPS;0
15;JAMBI;1509;TEBO;150910;SERAI SERUMPUN;DATA SEKOLAH;2022/2023 GANJIL;SWASTA;PKBM;0
15;JAMBI;1509;TEBO;150910;SERAI SERUMPUN;DATA SEKOLAH;2022/2023 GANJIL;SWASTA;SKB;0
15;JAMBI;1509;TEBO;150910;SERAI SERUMPUN;DATA SEKOLAH;2022/2023 GANJIL;SWASTA;SD;0
15;JAMBI;1509;TEBO;150910;SERAI SERUMPUN;DATA SEKOLAH;2022/2023 GANJIL;SWASTA;SMP;0
15;JAMBI;1509;TEBO;150910;SERAI SERUMPUN;DATA SEKOLAH;2022/2023 GANJIL;SWASTA;SMA;0
15;JAMBI;1509;TEBO;150910;SERAI SERUMPUN;DATA SEKOLAH;2022/2023 GANJIL;SWASTA;SMK;0
15;JAMBI;1509;TEBO;150910;SERAI SERUMPUN;DATA SEKOLAH;2022/2023 GANJIL;SWASTA;SLB;0
15;JAMBI;1503;SAROLANGUN;150309;SINGKUT;DATA SEKOLAH;2022/2023 GANJIL;SWASTA;TK;30
15;JAMBI;1503;SAROLANGUN;150309;SINGKUT;DATA SEKOLAH;2022/2023 GANJIL;SWASTA;KB;30
15;JAMBI;1503;SAROLANGUN;150309;SINGKUT;DATA SEKOLAH;2022/2023 GANJIL;SWASTA;TPA;1
15;JAMBI;1503;SAROLANGUN;150309;SINGKUT;DATA SEKOLAH;2022/2023 GANJIL;SWASTA;SPS;3
15;JAMBI;1503;SAROLANGUN;150309;SINGKUT;DATA SEKOLAH;2022/2023 GANJIL;SWASTA;PKBM;1
15;JAMBI;1503;SAROLANGUN;150309;SINGKUT;DATA SEKOLAH;2022/2023 GANJIL;SWASTA;SKB;0
15;JAMBI;1503;SAROLANGUN;150309;SINGKUT;DATA SEKOLAH;2022/2023 GANJIL;SWASTA;SD;3
15;JAMBI;1503;SAROLANGUN;150309;SINGKUT;DATA SEKOLAH;2022/2023 GANJIL;SWASTA;SMP;8
15;JAMBI;1503;SAROLANGUN;150309;SINGKUT;DATA SEKOLAH;2022/2023 GANJIL;SWASTA;SMA;4
15;JAMBI;1503;SAROLANGUN;150309;SINGKUT;DATA SEKOLAH;2022/2023 GANJIL;SWASTA;SMK;3
15;JAMBI;1503;SAROLANGUN;150309;SINGKUT;DATA SEKOLAH;2022/2023 GANJIL;SWASTA;SLB;0
15;JAMBI;1501;KERINCI;150104;SITINJAU LAUT;DATA SEKOLAH;2022/2023 GANJIL;SWASTA;TK;2
15;JAMBI;1501;KERINCI;150104;SITINJAU LAUT;DATA SEKOLAH;2022/2023 GANJIL;SWASTA;KB;12
15;JAMBI;1501;KERINCI;150104;SITINJAU LAUT;DATA SEKOLAH;2022/2023 GANJIL;SWASTA;TPA;0
15;JAMBI;1501;KERINCI;150104;SITINJAU LAUT;DATA SEKOLAH;2022/2023 GANJIL;SWASTA;SPS;1
15;JAMBI;1501;KERINCI;150104;SITINJAU LAUT;DATA SEKOLAH;2022/2023 GANJIL;SWASTA;PKBM;3
15;JAMBI;1501;KERINCI;150104;SITINJAU LAUT;DATA SEKOLAH;2022/2023 GANJIL;SWASTA;SKB;0
15;JAMBI;1501;KERINCI;150104;SITINJAU LAUT;DATA SEKOLAH;2022/2023 GANJIL;SWASTA;SD;0
15;JAMBI;1501;KERINCI;150104;SITINJAU LAUT;DATA SEKOLAH;2022/2023 GANJIL;SWASTA;SMP;1
15;JAMBI;1501;KERINCI;150104;SITINJAU LAUT;DATA SEKOLAH;2022/2023 GANJIL;SWASTA;SMA;0
15;JAMBI;1501;KERINCI;150104;SITINJAU LAUT;DATA SEKOLAH;2022/2023 GANJIL;SWASTA;SMK;0
15;JAMBI;1501;KERINCI;150104;SITINJAU LAUT;DATA SEKOLAH;2022/2023 GANJIL;SWASTA;SLB;0
15;JAMBI;1501;KERINCI;150116;SIULAK;DATA SEKOLAH;2022/2023 GANJIL;SWASTA;TK;8
15;JAMBI;1501;KERINCI;150116;SIULAK;DATA SEKOLAH;2022/2023 GANJIL;SWASTA;KB;29
15;JAMBI;1501;KERINCI;150116;SIULAK;DATA SEKOLAH;2022/2023 GANJIL;SWASTA;TPA;1
15;JAMBI;1501;KERINCI;150116;SIULAK;DATA SEKOLAH;2022/2023 GANJIL;SWASTA;SPS;6
15;JAMBI;1501;KERINCI;150116;SIULAK;DATA SEKOLAH;2022/2023 GANJIL;SWASTA;PKBM;6
15;JAMBI;1501;KERINCI;150116;SIULAK;DATA SEKOLAH;2022/2023 GANJIL;SWASTA;SKB;0
15;JAMBI;1501;KERINCI;150116;SIULAK;DATA SEKOLAH;2022/2023 GANJIL;SWASTA;SD;1
15;JAMBI;1501;KERINCI;150116;SIULAK;DATA SEKOLAH;2022/2023 GANJIL;SWASTA;SMP;0
15;JAMBI;1501;KERINCI;150116;SIULAK;DATA SEKOLAH;2022/2023 GANJIL;SWASTA;SMA;0
15;JAMBI;1501;KERINCI;150116;SIULAK;DATA SEKOLAH;2022/2023 GANJIL;SWASTA;SMK;0
15;JAMBI;1501;KERINCI;150116;SIULAK;DATA SEKOLAH;2022/2023 GANJIL;SWASTA;SLB;0
15;JAMBI;1501;KERINCI;150118;SIULAK MUKAI;DATA SEKOLAH;2022/2023 GANJIL;SWASTA;TK;7
15;JAMBI;1501;KERINCI;150118;SIULAK MUKAI;DATA SEKOLAH;2022/2023 GANJIL;SWASTA;KB;15
15;JAMBI;1501;KERINCI;150118;SIULAK MUKAI;DATA SEKOLAH;2022/2023 GANJIL;SWASTA;TPA;1
15;JAMBI;1501;KERINCI;150118;SIULAK MUKAI;DATA SEKOLAH;2022/2023 GANJIL;SWASTA;SPS;1
15;JAMBI;1501;KERINCI;150118;SIULAK MUKAI;DATA SEKOLAH;2022/2023 GANJIL;SWASTA;PKBM;5
15;JAMBI;1501;KERINCI;150118;SIULAK MUKAI;DATA SEKOLAH;2022/2023 GANJIL;SWASTA;SKB;0
15;JAMBI;1501;KERINCI;150118;SIULAK MUKAI;DATA SEKOLAH;2022/2023 GANJIL;SWASTA;SD;0
15;JAMBI;1501;KERINCI;150118;SIULAK MUKAI;DATA SEKOLAH;2022/2023 GANJIL;SWASTA;SMP;0
15;JAMBI;1501;KERINCI;150118;SIULAK MUKAI;DATA SEKOLAH;2022/2023 GANJIL;SWASTA;SMA;0
15;JAMBI;1501;KERINCI;150118;SIULAK MUKAI;DATA SEKOLAH;2022/2023 GANJIL;SWASTA;SMK;0
15;JAMBI;1501;KERINCI;150118;SIULAK MUKAI;DATA SEKOLAH;2022/2023 GANJIL;SWASTA;SLB;0
15;JAMBI;1509;TEBO;150905;SUMAY;DATA SEKOLAH;2022/2023 GANJIL;SWASTA;TK;5
15;JAMBI;1509;TEBO;150905;SUMAY;DATA SEKOLAH;2022/2023 GANJIL;SWASTA;KB;13
15;JAMBI;1509;TEBO;150905;SUMAY;DATA SEKOLAH;2022/2023 GANJIL;SWASTA;TPA;0
15;JAMBI;1509;TEBO;150905;SUMAY;DATA SEKOLAH;2022/2023 GANJIL;SWASTA;SPS;1
15;JAMBI;1509;TEBO;150905;SUMAY;DATA SEKOLAH;2022/2023 GANJIL;SWASTA;PKBM;1
15;JAMBI;1509;TEBO;150905;SUMAY;DATA SEKOLAH;2022/2023 GANJIL;SWASTA;SKB;0
15;JAMBI;1509;TEBO;150905;SUMAY;DATA SEKOLAH;2022/2023 GANJIL;SWASTA;SD;0
15;JAMBI;1509;TEBO;150905;SUMAY;DATA SEKOLAH;2022/2023 GANJIL;SWASTA;SMP;0
15;JAMBI;1509;TEBO;150905;SUMAY;DATA SEKOLAH;2022/2023 GANJIL;SWASTA;SMA;0
15;JAMBI;1509;TEBO;150905;SUMAY;DATA SEKOLAH;2022/2023 GANJIL;SWASTA;SMK;0
15;JAMBI;1509;TEBO;150905;SUMAY;DATA SEKOLAH;2022/2023 GANJIL;SWASTA;SLB;0
15;JAMBI;1505;MUARO JAMBI;150507;SUNGAI BAHAR;DATA SEKOLAH;2022/2023 GANJIL;SWASTA;TK;17
15;JAMBI;1505;MUARO JAMBI;150507;SUNGAI BAHAR;DATA SEKOLAH;2022/2023 GANJIL;SWASTA;KB;6
15;JAMBI;1505;MUARO JAMBI;150507;SUNGAI BAHAR;DATA SEKOLAH;2022/2023 GANJIL;SWASTA;TPA;0
15;JAMBI;1505;MUARO JAMBI;150507;SUNGAI BAHAR;DATA SEKOLAH;2022/2023 GANJIL;SWASTA;SPS;0
15;JAMBI;1505;MUARO JAMBI;150507;SUNGAI BAHAR;DATA SEKOLAH;2022/2023 GANJIL;SWASTA;PKBM;1
15;JAMBI;1505;MUARO JAMBI;150507;SUNGAI BAHAR;DATA SEKOLAH;2022/2023 GANJIL;SWASTA;SKB;0
15;JAMBI;1505;MUARO JAMBI;150507;SUNGAI BAHAR;DATA SEKOLAH;2022/2023 GANJIL;SWASTA;SD;2
15;JAMBI;1505;MUARO JAMBI;150507;SUNGAI BAHAR;DATA SEKOLAH;2022/2023 GANJIL;SWASTA;SMP;3
15;JAMBI;1505;MUARO JAMBI;150507;SUNGAI BAHAR;DATA SEKOLAH;2022/2023 GANJIL;SWASTA;SMA;1
15;JAMBI;1505;MUARO JAMBI;150507;SUNGAI BAHAR;DATA SEKOLAH;2022/2023 GANJIL;SWASTA;SMK;1
15;JAMBI;1505;MUARO JAMBI;150507;SUNGAI BAHAR;DATA SEKOLAH;2022/2023 GANJIL;SWASTA;SLB;0
15;JAMBI;1572;KOTA SUNGAI PENUH;157208;SUNGAI BUNGKAL;DATA SEKOLAH;2022/2023 GANJIL;SWASTA;TK;4
15;JAMBI;1572;KOTA SUNGAI PENUH;157208;SUNGAI BUNGKAL;DATA SEKOLAH;2022/2023 GANJIL;SWASTA;KB;3
15;JAMBI;1572;KOTA SUNGAI PENUH;157208;SUNGAI BUNGKAL;DATA SEKOLAH;2022/2023 GANJIL;SWASTA;TPA;1
15;JAMBI;1572;KOTA SUNGAI PENUH;157208;SUNGAI BUNGKAL;DATA SEKOLAH;2022/2023 GANJIL;SWASTA;SPS;3
15;JAMBI;1572;KOTA SUNGAI PENUH;157208;SUNGAI BUNGKAL;DATA SEKOLAH;2022/2023 GANJIL;SWASTA;PKBM;1
15;JAMBI;1572;KOTA SUNGAI PENUH;157208;SUNGAI BUNGKAL;DATA SEKOLAH;2022/2023 GANJIL;SWASTA;SKB;0
15;JAMBI;1572;KOTA SUNGAI PENUH;157208;SUNGAI BUNGKAL;DATA SEKOLAH;2022/2023 GANJIL;SWASTA;SD;2
15;JAMBI;1572;KOTA SUNGAI PENUH;157208;SUNGAI BUNGKAL;DATA SEKOLAH;2022/2023 GANJIL;SWASTA;SMP;1
15;JAMBI;1572;KOTA SUNGAI PENUH;157208;SUNGAI BUNGKAL;DATA SEKOLAH;2022/2023 GANJIL;SWASTA;SMA;1
15;JAMBI;1572;KOTA SUNGAI PENUH;157208;SUNGAI BUNGKAL;DATA SEKOLAH;2022/2023 GANJIL;SWASTA;SMK;0
15;JAMBI;1572;KOTA SUNGAI PENUH;157208;SUNGAI BUNGKAL;DATA SEKOLAH;2022/2023 GANJIL;SWASTA;SLB;0
15;JAMBI;1505;MUARO JAMBI;150508;SUNGAI GELAM;DATA SEKOLAH;2022/2023 GANJIL;SWASTA;TK;31
15;JAMBI;1505;MUARO JAMBI;150508;SUNGAI GELAM;DATA SEKOLAH;2022/2023 GANJIL;SWASTA;KB;5
15;JAMBI;1505;MUARO JAMBI;150508;SUNGAI GELAM;DATA SEKOLAH;2022/2023 GANJIL;SWASTA;TPA;0
15;JAMBI;1505;MUARO JAMBI;150508;SUNGAI GELAM;DATA SEKOLAH;2022/2023 GANJIL;SWASTA;SPS;0
15;JAMBI;1505;MUARO JAMBI;150508;SUNGAI GELAM;DATA SEKOLAH;2022/2023 GANJIL;SWASTA;PKBM;0
15;JAMBI;1505;MUARO JAMBI;150508;SUNGAI GELAM;DATA SEKOLAH;2022/2023 GANJIL;SWASTA;SKB;0
15;JAMBI;1505;MUARO JAMBI;150508;SUNGAI GELAM;DATA SEKOLAH;2022/2023 GANJIL;SWASTA;SD;3
15;JAMBI;1505;MUARO JAMBI;150508;SUNGAI GELAM;DATA SEKOLAH;2022/2023 GANJIL;SWASTA;SMP;3
15;JAMBI;1505;MUARO JAMBI;150508;SUNGAI GELAM;DATA SEKOLAH;2022/2023 GANJIL;SWASTA;SMA;2
15;JAMBI;1505;MUARO JAMBI;150508;SUNGAI GELAM;DATA SEKOLAH;2022/2023 GANJIL;SWASTA;SMK;1
15;JAMBI;1505;MUARO JAMBI;150508;SUNGAI GELAM;DATA SEKOLAH;2022/2023 GANJIL;SWASTA;SLB;0
15;JAMBI;1502;MERANGIN;150204;SUNGAI MANAU;DATA SEKOLAH;2022/2023 GANJIL;SWASTA;TK;9
15;JAMBI;1502;MERANGIN;150204;SUNGAI MANAU;DATA SEKOLAH;2022/2023 GANJIL;SWASTA;KB;16
15;JAMBI;1502;MERANGIN;150204;SUNGAI MANAU;DATA SEKOLAH;2022/2023 GANJIL;SWASTA;TPA;0
15;JAMBI;1502;MERANGIN;150204;SUNGAI MANAU;DATA SEKOLAH;2022/2023 GANJIL;SWASTA;SPS;9
15;JAMBI;1502;MERANGIN;150204;SUNGAI MANAU;DATA SEKOLAH;2022/2023 GANJIL;SWASTA;PKBM;2
15;JAMBI;1502;MERANGIN;150204;SUNGAI MANAU;DATA SEKOLAH;2022/2023 GANJIL;SWASTA;SKB;0
15;JAMBI;1502;MERANGIN;150204;SUNGAI MANAU;DATA SEKOLAH;2022/2023 GANJIL;SWASTA;SD;0
15;JAMBI;1502;MERANGIN;150204;SUNGAI MANAU;DATA SEKOLAH;2022/2023 GANJIL;SWASTA;SMP;0
15;JAMBI;1502;MERANGIN;150204;SUNGAI MANAU;DATA SEKOLAH;2022/2023 GANJIL;SWASTA;SMA;0
15;JAMBI;1502;MERANGIN;150204;SUNGAI MANAU;DATA SEKOLAH;2022/2023 GANJIL;SWASTA;SMK;0
15;JAMBI;1502;MERANGIN;150204;SUNGAI MANAU;DATA SEKOLAH;2022/2023 GANJIL;SWASTA;SLB;0
15;JAMBI;1572;KOTA SUNGAI PENUH;157201;SUNGAI PENUH;DATA SEKOLAH;2022/2023 GANJIL;SWASTA;TK;5
15;JAMBI;1572;KOTA SUNGAI PENUH;157201;SUNGAI PENUH;DATA SEKOLAH;2022/2023 GANJIL;SWASTA;KB;2
15;JAMBI;1572;KOTA SUNGAI PENUH;157201;SUNGAI PENUH;DATA SEKOLAH;2022/2023 GANJIL;SWASTA;TPA;0
15;JAMBI;1572;KOTA SUNGAI PENUH;157201;SUNGAI PENUH;DATA SEKOLAH;2022/2023 GANJIL;SWASTA;SPS;0
15;JAMBI;1572;KOTA SUNGAI PENUH;157201;SUNGAI PENUH;DATA SEKOLAH;2022/2023 GANJIL;SWASTA;PKBM;0
15;JAMBI;1572;KOTA SUNGAI PENUH;157201;SUNGAI PENUH;DATA SEKOLAH;2022/2023 GANJIL;SWASTA;SKB;0
15;JAMBI;1572;KOTA SUNGAI PENUH;157201;SUNGAI PENUH;DATA SEKOLAH;2022/2023 GANJIL;SWASTA;SD;3
15;JAMBI;1572;KOTA SUNGAI PENUH;157201;SUNGAI PENUH;DATA SEKOLAH;2022/2023 GANJIL;SWASTA;SMP;1
15;JAMBI;1572;KOTA SUNGAI PENUH;157201;SUNGAI PENUH;DATA SEKOLAH;2022/2023 GANJIL;SWASTA;SMA;0
15;JAMBI;1572;KOTA SUNGAI PENUH;157201;SUNGAI PENUH;DATA SEKOLAH;2022/2023 GANJIL;SWASTA;SMK;0
15;JAMBI;1572;KOTA SUNGAI PENUH;157201;SUNGAI PENUH;DATA SEKOLAH;2022/2023 GANJIL;SWASTA;SLB;0
15;JAMBI;1502;MERANGIN;150205;TABIR;DATA SEKOLAH;2022/2023 GANJIL;SWASTA;TK;7
15;JAMBI;1502;MERANGIN;150205;TABIR;DATA SEKOLAH;2022/2023 GANJIL;SWASTA;KB;2
15;JAMBI;1502;MERANGIN;150205;TABIR;DATA SEKOLAH;2022/2023 GANJIL;SWASTA;TPA;0
15;JAMBI;1502;MERANGIN;150205;TABIR;DATA SEKOLAH;2022/2023 GANJIL;SWASTA;SPS;0
15;JAMBI;1502;MERANGIN;150205;TABIR;DATA SEKOLAH;2022/2023 GANJIL;SWASTA;PKBM;0
15;JAMBI;1502;MERANGIN;150205;TABIR;DATA SEKOLAH;2022/2023 GANJIL;SWASTA;SKB;0
15;JAMBI;1502;MERANGIN;150205;TABIR;DATA SEKOLAH;2022/2023 GANJIL;SWASTA;SD;1
15;JAMBI;1502;MERANGIN;150205;TABIR;DATA SEKOLAH;2022/2023 GANJIL;SWASTA;SMP;0
15;JAMBI;1502;MERANGIN;150205;TABIR;DATA SEKOLAH;2022/2023 GANJIL;SWASTA;SMA;0
15;JAMBI;1502;MERANGIN;150205;TABIR;DATA SEKOLAH;2022/2023 GANJIL;SWASTA;SMK;0
15;JAMBI;1502;MERANGIN;150205;TABIR;DATA SEKOLAH;2022/2023 GANJIL;SWASTA;SLB;0
15;JAMBI;1502;MERANGIN;150223;TABIR BARAT;DATA SEKOLAH;2022/2023 GANJIL;SWASTA;TK;12
15;JAMBI;1502;MERANGIN;150223;TABIR BARAT;DATA SEKOLAH;2022/2023 GANJIL;SWASTA;KB;4
15;JAMBI;1502;MERANGIN;150223;TABIR BARAT;DATA SEKOLAH;2022/2023 GANJIL;SWASTA;TPA;0
15;JAMBI;1502;MERANGIN;150223;TABIR BARAT;DATA SEKOLAH;2022/2023 GANJIL;SWASTA;SPS;0
15;JAMBI;1502;MERANGIN;150223;TABIR BARAT;DATA SEKOLAH;2022/2023 GANJIL;SWASTA;PKBM;0
15;JAMBI;1502;MERANGIN;150223;TABIR BARAT;DATA SEKOLAH;2022/2023 GANJIL;SWASTA;SKB;0
15;JAMBI;1502;MERANGIN;150223;TABIR BARAT;DATA SEKOLAH;2022/2023 GANJIL;SWASTA;SD;0
15;JAMBI;1502;MERANGIN;150223;TABIR BARAT;DATA SEKOLAH;2022/2023 GANJIL;SWASTA;SMP;0
15;JAMBI;1502;MERANGIN;150223;TABIR BARAT;DATA SEKOLAH;2022/2023 GANJIL;SWASTA;SMA;1
15;JAMBI;1502;MERANGIN;150223;TABIR BARAT;DATA SEKOLAH;2022/2023 GANJIL;SWASTA;SMK;0
15;JAMBI;1502;MERANGIN;150223;TABIR BARAT;DATA SEKOLAH;2022/2023 GANJIL;SWASTA;SLB;0
15;JAMBI;1502;MERANGIN;150214;TABIR ILIR;DATA SEKOLAH;2022/2023 GANJIL;SWASTA;TK;5
15;JAMBI;1502;MERANGIN;150214;TABIR ILIR;DATA SEKOLAH;2022/2023 GANJIL;SWASTA;KB;8
15;JAMBI;1502;MERANGIN;150214;TABIR ILIR;DATA SEKOLAH;2022/2023 GANJIL;SWASTA;TPA;0
15;JAMBI;1502;MERANGIN;150214;TABIR ILIR;DATA SEKOLAH;2022/2023 GANJIL;SWASTA;SPS;4
15;JAMBI;1502;MERANGIN;150214;TABIR ILIR;DATA SEKOLAH;2022/2023 GANJIL;SWASTA;PKBM;1
15;JAMBI;1502;MERANGIN;150214;TABIR ILIR;DATA SEKOLAH;2022/2023 GANJIL;SWASTA;SKB;0
15;JAMBI;1502;MERANGIN;150214;TABIR ILIR;DATA SEKOLAH;2022/2023 GANJIL;SWASTA;SD;0
15;JAMBI;1502;MERANGIN;150214;TABIR ILIR;DATA SEKOLAH;2022/2023 GANJIL;SWASTA;SMP;0
15;JAMBI;1502;MERANGIN;150214;TABIR ILIR;DATA SEKOLAH;2022/2023 GANJIL;SWASTA;SMA;0
15;JAMBI;1502;MERANGIN;150214;TABIR ILIR;DATA SEKOLAH;2022/2023 GANJIL;SWASTA;SMK;0
15;JAMBI;1502;MERANGIN;150214;TABIR ILIR;DATA SEKOLAH;2022/2023 GANJIL;SWASTA;SLB;0
15;JAMBI;1502;MERANGIN;150222;TABIR LINTAS;DATA SEKOLAH;2022/2023 GANJIL;SWASTA;TK;6
15;JAMBI;1502;MERANGIN;150222;TABIR LINTAS;DATA SEKOLAH;2022/2023 GANJIL;SWASTA;KB;1
15;JAMBI;1502;MERANGIN;150222;TABIR LINTAS;DATA SEKOLAH;2022/2023 GANJIL;SWASTA;TPA;0
15;JAMBI;1502;MERANGIN;150222;TABIR LINTAS;DATA SEKOLAH;2022/2023 GANJIL;SWASTA;SPS;0
15;JAMBI;1502;MERANGIN;150222;TABIR LINTAS;DATA SEKOLAH;2022/2023 GANJIL;SWASTA;PKBM;0
15;JAMBI;1502;MERANGIN;150222;TABIR LINTAS;DATA SEKOLAH;2022/2023 GANJIL;SWASTA;SKB;0
15;JAMBI;1502;MERANGIN;150222;TABIR LINTAS;DATA SEKOLAH;2022/2023 GANJIL;SWASTA;SD;1
15;JAMBI;1502;MERANGIN;150222;TABIR LINTAS;DATA SEKOLAH;2022/2023 GANJIL;SWASTA;SMP;1
15;JAMBI;1502;MERANGIN;150222;TABIR LINTAS;DATA SEKOLAH;2022/2023 GANJIL;SWASTA;SMA;1
15;JAMBI;1502;MERANGIN;150222;TABIR LINTAS;DATA SEKOLAH;2022/2023 GANJIL;SWASTA;SMK;0
15;JAMBI;1502;MERANGIN;150222;TABIR LINTAS;DATA SEKOLAH;2022/2023 GANJIL;SWASTA;SLB;0
15;JAMBI;1502;MERANGIN;150208;TABIR SELATAN;DATA SEKOLAH;2022/2023 GANJIL;SWASTA;TK;21
15;JAMBI;1502;MERANGIN;150208;TABIR SELATAN;DATA SEKOLAH;2022/2023 GANJIL;SWASTA;KB;8
15;JAMBI;1502;MERANGIN;150208;TABIR SELATAN;DATA SEKOLAH;2022/2023 GANJIL;SWASTA;TPA;0
15;JAMBI;1502;MERANGIN;150208;TABIR SELATAN;DATA SEKOLAH;2022/2023 GANJIL;SWASTA;SPS;1
15;JAMBI;1502;MERANGIN;150208;TABIR SELATAN;DATA SEKOLAH;2022/2023 GANJIL;SWASTA;PKBM;1
15;JAMBI;1502;MERANGIN;150208;TABIR SELATAN;DATA SEKOLAH;2022/2023 GANJIL;SWASTA;SKB;0
15;JAMBI;1502;MERANGIN;150208;TABIR SELATAN;DATA SEKOLAH;2022/2023 GANJIL;SWASTA;SD;2
15;JAMBI;1502;MERANGIN;150208;TABIR SELATAN;DATA SEKOLAH;2022/2023 GANJIL;SWASTA;SMP;0
15;JAMBI;1502;MERANGIN;150208;TABIR SELATAN;DATA SEKOLAH;2022/2023 GANJIL;SWASTA;SMA;0
15;JAMBI;1502;MERANGIN;150208;TABIR SELATAN;DATA SEKOLAH;2022/2023 GANJIL;SWASTA;SMK;0
15;JAMBI;1502;MERANGIN;150208;TABIR SELATAN;DATA SEKOLAH;2022/2023 GANJIL;SWASTA;SLB;0
15;JAMBI;1502;MERANGIN;150215;TABIR TIMUR;DATA SEKOLAH;2022/2023 GANJIL;SWASTA;TK;2
15;JAMBI;1502;MERANGIN;150215;TABIR TIMUR;DATA SEKOLAH;2022/2023 GANJIL;SWASTA;KB;5
15;JAMBI;1502;MERANGIN;150215;TABIR TIMUR;DATA SEKOLAH;2022/2023 GANJIL;SWASTA;TPA;0
15;JAMBI;1502;MERANGIN;150215;TABIR TIMUR;DATA SEKOLAH;2022/2023 GANJIL;SWASTA;SPS;0
15;JAMBI;1502;MERANGIN;150215;TABIR TIMUR;DATA SEKOLAH;2022/2023 GANJIL;SWASTA;PKBM;0
15;JAMBI;1502;MERANGIN;150215;TABIR TIMUR;DATA SEKOLAH;2022/2023 GANJIL;SWASTA;SKB;0
15;JAMBI;1502;MERANGIN;150215;TABIR TIMUR;DATA SEKOLAH;2022/2023 GANJIL;SWASTA;SD;0
15;JAMBI;1502;MERANGIN;150215;TABIR TIMUR;DATA SEKOLAH;2022/2023 GANJIL;SWASTA;SMP;0
15;JAMBI;1502;MERANGIN;150215;TABIR TIMUR;DATA SEKOLAH;2022/2023 GANJIL;SWASTA;SMA;0
15;JAMBI;1502;MERANGIN;150215;TABIR TIMUR;DATA SEKOLAH;2022/2023 GANJIL;SWASTA;SMK;0
15;JAMBI;1502;MERANGIN;150215;TABIR TIMUR;DATA SEKOLAH;2022/2023 GANJIL;SWASTA;SLB;0
15;JAMBI;1502;MERANGIN;150207;TABIR ULU;DATA SEKOLAH;2022/2023 GANJIL;SWASTA;TK;4
15;JAMBI;1502;MERANGIN;150207;TABIR ULU;DATA SEKOLAH;2022/2023 GANJIL;SWASTA;KB;2
15;JAMBI;1502;MERANGIN;150207;TABIR ULU;DATA SEKOLAH;2022/2023 GANJIL;SWASTA;TPA;0
15;JAMBI;1502;MERANGIN;150207;TABIR ULU;DATA SEKOLAH;2022/2023 GANJIL;SWASTA;SPS;0
15;JAMBI;1502;MERANGIN;150207;TABIR ULU;DATA SEKOLAH;2022/2023 GANJIL;SWASTA;PKBM;0
15;JAMBI;1502;MERANGIN;150207;TABIR ULU;DATA SEKOLAH;2022/2023 GANJIL;SWASTA;SKB;0
15;JAMBI;1502;MERANGIN;150207;TABIR ULU;DATA SEKOLAH;2022/2023 GANJIL;SWASTA;SD;0
15;JAMBI;1502;MERANGIN;150207;TABIR ULU;DATA SEKOLAH;2022/2023 GANJIL;SWASTA;SMP;0
15;JAMBI;1502;MERANGIN;150207;TABIR ULU;DATA SEKOLAH;2022/2023 GANJIL;SWASTA;SMA;0
15;JAMBI;1502;MERANGIN;150207;TABIR ULU;DATA SEKOLAH;2022/2023 GANJIL;SWASTA;SMK;0
15;JAMBI;1502;MERANGIN;150207;TABIR ULU;DATA SEKOLAH;2022/2023 GANJIL;SWASTA;SLB;0
15;JAMBI;1505;MUARO JAMBI;150511;TAMAN RAJO;DATA SEKOLAH;2022/2023 GANJIL;SWASTA;TK;6
15;JAMBI;1505;MUARO JAMBI;150511;TAMAN RAJO;DATA SEKOLAH;2022/2023 GANJIL;SWASTA;KB;6
15;JAMBI;1505;MUARO JAMBI;150511;TAMAN RAJO;DATA SEKOLAH;2022/2023 GANJIL;SWASTA;TPA;0
15;JAMBI;1505;MUARO JAMBI;150511;TAMAN RAJO;DATA SEKOLAH;2022/2023 GANJIL;SWASTA;SPS;0
15;JAMBI;1505;MUARO JAMBI;150511;TAMAN RAJO;DATA SEKOLAH;2022/2023 GANJIL;SWASTA;PKBM;0
15;JAMBI;1505;MUARO JAMBI;150511;TAMAN RAJO;DATA SEKOLAH;2022/2023 GANJIL;SWASTA;SKB;0
15;JAMBI;1505;MUARO JAMBI;150511;TAMAN RAJO;DATA SEKOLAH;2022/2023 GANJIL;SWASTA;SD;0
15;JAMBI;1505;MUARO JAMBI;150511;TAMAN RAJO;DATA SEKOLAH;2022/2023 GANJIL;SWASTA;SMP;0
15;JAMBI;1505;MUARO JAMBI;150511;TAMAN RAJO;DATA SEKOLAH;2022/2023 GANJIL;SWASTA;SMA;0
15;JAMBI;1505;MUARO JAMBI;150511;TAMAN RAJO;DATA SEKOLAH;2022/2023 GANJIL;SWASTA;SMK;0
15;JAMBI;1505;MUARO JAMBI;150511;TAMAN RAJO;DATA SEKOLAH;2022/2023 GANJIL;SWASTA;SLB;0
15;JAMBI;1501;KERINCI;150122;TANAH COGOK;DATA SEKOLAH;2022/2023 GANJIL;SWASTA;TK;0
15;JAMBI;1501;KERINCI;150122;TANAH COGOK;DATA SEKOLAH;2022/2023 GANJIL;SWASTA;KB;10
15;JAMBI;1501;KERINCI;150122;TANAH COGOK;DATA SEKOLAH;2022/2023 GANJIL;SWASTA;TPA;0
15;JAMBI;1501;KERINCI;150122;TANAH COGOK;DATA SEKOLAH;2022/2023 GANJIL;SWASTA;SPS;0
15;JAMBI;1501;KERINCI;150122;TANAH COGOK;DATA SEKOLAH;2022/2023 GANJIL;SWASTA;PKBM;0
15;JAMBI;1501;KERINCI;150122;TANAH COGOK;DATA SEKOLAH;2022/2023 GANJIL;SWASTA;SKB;0
15;JAMBI;1501;KERINCI;150122;TANAH COGOK;DATA SEKOLAH;2022/2023 GANJIL;SWASTA;SD;0
15;JAMBI;1501;KERINCI;150122;TANAH COGOK;DATA SEKOLAH;2022/2023 GANJIL;SWASTA;SMP;0
15;JAMBI;1501;KERINCI;150122;TANAH COGOK;DATA SEKOLAH;2022/2023 GANJIL;SWASTA;SMA;0
15;JAMBI;1501;KERINCI;150122;TANAH COGOK;DATA SEKOLAH;2022/2023 GANJIL;SWASTA;SMK;0
15;JAMBI;1501;KERINCI;150122;TANAH COGOK;DATA SEKOLAH;2022/2023 GANJIL;SWASTA;SLB;0
15;JAMBI;1572;KOTA SUNGAI PENUH;157204;TANAH KAMPUNG;DATA SEKOLAH;2022/2023 GANJIL;SWASTA;TK;1
15;JAMBI;1572;KOTA SUNGAI PENUH;157204;TANAH KAMPUNG;DATA SEKOLAH;2022/2023 GANJIL;SWASTA;KB;13
15;JAMBI;1572;KOTA SUNGAI PENUH;157204;TANAH KAMPUNG;DATA SEKOLAH;2022/2023 GANJIL;SWASTA;TPA;0
15;JAMBI;1572;KOTA SUNGAI PENUH;157204;TANAH KAMPUNG;DATA SEKOLAH;2022/2023 GANJIL;SWASTA;SPS;0
15;JAMBI;1572;KOTA SUNGAI PENUH;157204;TANAH KAMPUNG;DATA SEKOLAH;2022/2023 GANJIL;SWASTA;PKBM;1
15;JAMBI;1572;KOTA SUNGAI PENUH;157204;TANAH KAMPUNG;DATA SEKOLAH;2022/2023 GANJIL;SWASTA;SKB;0
15;JAMBI;1572;KOTA SUNGAI PENUH;157204;TANAH KAMPUNG;DATA SEKOLAH;2022/2023 GANJIL;SWASTA;SD;0
15;JAMBI;1572;KOTA SUNGAI PENUH;157204;TANAH KAMPUNG;DATA SEKOLAH;2022/2023 GANJIL;SWASTA;SMP;0
15;JAMBI;1572;KOTA SUNGAI PENUH;157204;TANAH KAMPUNG;DATA SEKOLAH;2022/2023 GANJIL;SWASTA;SMA;0
15;JAMBI;1572;KOTA SUNGAI PENUH;157204;TANAH KAMPUNG;DATA SEKOLAH;2022/2023 GANJIL;SWASTA;SMK;0
15;JAMBI;1572;KOTA SUNGAI PENUH;157204;TANAH KAMPUNG;DATA SEKOLAH;2022/2023 GANJIL;SWASTA;SLB;0
15;JAMBI;1508;BUNGO;150805;TANAH SEPENGGAL;DATA SEKOLAH;2022/2023 GANJIL;SWASTA;TK;4
15;JAMBI;1508;BUNGO;150805;TANAH SEPENGGAL;DATA SEKOLAH;2022/2023 GANJIL;SWASTA;KB;10
15;JAMBI;1508;BUNGO;150805;TANAH SEPENGGAL;DATA SEKOLAH;2022/2023 GANJIL;SWASTA;TPA;0
15;JAMBI;1508;BUNGO;150805;TANAH SEPENGGAL;DATA SEKOLAH;2022/2023 GANJIL;SWASTA;SPS;0
15;JAMBI;1508;BUNGO;150805;TANAH SEPENGGAL;DATA SEKOLAH;2022/2023 GANJIL;SWASTA;PKBM;1
15;JAMBI;1508;BUNGO;150805;TANAH SEPENGGAL;DATA SEKOLAH;2022/2023 GANJIL;SWASTA;SKB;0
15;JAMBI;1508;BUNGO;150805;TANAH SEPENGGAL;DATA SEKOLAH;2022/2023 GANJIL;SWASTA;SD;0
15;JAMBI;1508;BUNGO;150805;TANAH SEPENGGAL;DATA SEKOLAH;2022/2023 GANJIL;SWASTA;SMP;0
15;JAMBI;1508;BUNGO;150805;TANAH SEPENGGAL;DATA SEKOLAH;2022/2023 GANJIL;SWASTA;SMA;0
15;JAMBI;1508;BUNGO;150805;TANAH SEPENGGAL;DATA SEKOLAH;2022/2023 GANJIL;SWASTA;SMK;0
15;JAMBI;1508;BUNGO;150805;TANAH SEPENGGAL;DATA SEKOLAH;2022/2023 GANJIL;SWASTA;SLB;0
15;JAMBI;1508;BUNGO;150817;TANAH SEPENGGAL LINTAS;DATA SEKOLAH;2022/2023 GANJIL;SWASTA;TK;2
15;JAMBI;1508;BUNGO;150817;TANAH SEPENGGAL LINTAS;DATA SEKOLAH;2022/2023 GANJIL;SWASTA;KB;16
15;JAMBI;1508;BUNGO;150817;TANAH SEPENGGAL LINTAS;DATA SEKOLAH;2022/2023 GANJIL;SWASTA;TPA;0
15;JAMBI;1508;BUNGO;150817;TANAH SEPENGGAL LINTAS;DATA SEKOLAH;2022/2023 GANJIL;SWASTA;SPS;1
15;JAMBI;1508;BUNGO;150817;TANAH SEPENGGAL LINTAS;DATA SEKOLAH;2022/2023 GANJIL;SWASTA;PKBM;3
15;JAMBI;1508;BUNGO;150817;TANAH SEPENGGAL LINTAS;DATA SEKOLAH;2022/2023 GANJIL;SWASTA;SKB;0
15;JAMBI;1508;BUNGO;150817;TANAH SEPENGGAL LINTAS;DATA SEKOLAH;2022/2023 GANJIL;SWASTA;SD;0
15;JAMBI;1508;BUNGO;150817;TANAH SEPENGGAL LINTAS;DATA SEKOLAH;2022/2023 GANJIL;SWASTA;SMP;0
15;JAMBI;1508;BUNGO;150817;TANAH SEPENGGAL LINTAS;DATA SEKOLAH;2022/2023 GANJIL;SWASTA;SMA;0
15;JAMBI;1508;BUNGO;150817;TANAH SEPENGGAL LINTAS;DATA SEKOLAH;2022/2023 GANJIL;SWASTA;SMK;1
15;JAMBI;1508;BUNGO;150817;TANAH SEPENGGAL LINTAS;DATA SEKOLAH;2022/2023 GANJIL;SWASTA;SLB;0
15;JAMBI;1508;BUNGO;150801;TANAH TUMBUH;DATA SEKOLAH;2022/2023 GANJIL;SWASTA;TK;3
15;JAMBI;1508;BUNGO;150801;TANAH TUMBUH;DATA SEKOLAH;2022/2023 GANJIL;SWASTA;KB;13
15;JAMBI;1508;BUNGO;150801;TANAH TUMBUH;DATA SEKOLAH;2022/2023 GANJIL;SWASTA;TPA;0
15;JAMBI;1508;BUNGO;150801;TANAH TUMBUH;DATA SEKOLAH;2022/2023 GANJIL;SWASTA;SPS;0
15;JAMBI;1508;BUNGO;150801;TANAH TUMBUH;DATA SEKOLAH;2022/2023 GANJIL;SWASTA;PKBM;1
15;JAMBI;1508;BUNGO;150801;TANAH TUMBUH;DATA SEKOLAH;2022/2023 GANJIL;SWASTA;SKB;0
15;JAMBI;1508;BUNGO;150801;TANAH TUMBUH;DATA SEKOLAH;2022/2023 GANJIL;SWASTA;SD;0
15;JAMBI;1508;BUNGO;150801;TANAH TUMBUH;DATA SEKOLAH;2022/2023 GANJIL;SWASTA;SMP;0
15;JAMBI;1508;BUNGO;150801;TANAH TUMBUH;DATA SEKOLAH;2022/2023 GANJIL;SWASTA;SMA;0
15;JAMBI;1508;BUNGO;150801;TANAH TUMBUH;DATA SEKOLAH;2022/2023 GANJIL;SWASTA;SMK;0
15;JAMBI;1508;BUNGO;150801;TANAH TUMBUH;DATA SEKOLAH;2022/2023 GANJIL;SWASTA;SLB;0
15;JAMBI;1506;TANJUNG JABUNG BARAT;150606;TEBING TINGGI;DATA SEKOLAH;2022/2023 GANJIL;SWASTA;TK;14
15;JAMBI;1506;TANJUNG JABUNG BARAT;150606;TEBING TINGGI;DATA SEKOLAH;2022/2023 GANJIL;SWASTA;KB;9
15;JAMBI;1506;TANJUNG JABUNG BARAT;150606;TEBING TINGGI;DATA SEKOLAH;2022/2023 GANJIL;SWASTA;TPA;1
15;JAMBI;1506;TANJUNG JABUNG BARAT;150606;TEBING TINGGI;DATA SEKOLAH;2022/2023 GANJIL;SWASTA;SPS;0
15;JAMBI;1506;TANJUNG JABUNG BARAT;150606;TEBING TINGGI;DATA SEKOLAH;2022/2023 GANJIL;SWASTA;PKBM;0
15;JAMBI;1506;TANJUNG JABUNG BARAT;150606;TEBING TINGGI;DATA SEKOLAH;2022/2023 GANJIL;SWASTA;SKB;0
15;JAMBI;1506;TANJUNG JABUNG BARAT;150606;TEBING TINGGI;DATA SEKOLAH;2022/2023 GANJIL;SWASTA;SD;5
15;JAMBI;1506;TANJUNG JABUNG BARAT;150606;TEBING TINGGI;DATA SEKOLAH;2022/2023 GANJIL;SWASTA;SMP;2
15;JAMBI;1506;TANJUNG JABUNG BARAT;150606;TEBING TINGGI;DATA SEKOLAH;2022/2023 GANJIL;SWASTA;SMA;1
15;JAMBI;1506;TANJUNG JABUNG BARAT;150606;TEBING TINGGI;DATA SEKOLAH;2022/2023 GANJIL;SWASTA;SMK;0
15;JAMBI;1506;TANJUNG JABUNG BARAT;150606;TEBING TINGGI;DATA SEKOLAH;2022/2023 GANJIL;SWASTA;SLB;0
15;JAMBI;1509;TEBO;150902;TEBO ILIR;DATA SEKOLAH;2022/2023 GANJIL;SWASTA;TK;9
15;JAMBI;1509;TEBO;150902;TEBO ILIR;DATA SEKOLAH;2022/2023 GANJIL;SWASTA;KB;8
15;JAMBI;1509;TEBO;150902;TEBO ILIR;DATA SEKOLAH;2022/2023 GANJIL;SWASTA;TPA;0
15;JAMBI;1509;TEBO;150902;TEBO ILIR;DATA SEKOLAH;2022/2023 GANJIL;SWASTA;SPS;2
15;JAMBI;1509;TEBO;150902;TEBO ILIR;DATA SEKOLAH;2022/2023 GANJIL;SWASTA;PKBM;0
15;JAMBI;1509;TEBO;150902;TEBO ILIR;DATA SEKOLAH;2022/2023 GANJIL;SWASTA;SKB;0
15;JAMBI;1509;TEBO;150902;TEBO ILIR;DATA SEKOLAH;2022/2023 GANJIL;SWASTA;SD;0
15;JAMBI;1509;TEBO;150902;TEBO ILIR;DATA SEKOLAH;2022/2023 GANJIL;SWASTA;SMP;0
15;JAMBI;1509;TEBO;150902;TEBO ILIR;DATA SEKOLAH;2022/2023 GANJIL;SWASTA;SMA;0
15;JAMBI;1509;TEBO;150902;TEBO ILIR;DATA SEKOLAH;2022/2023 GANJIL;SWASTA;SMK;2
15;JAMBI;1509;TEBO;150902;TEBO ILIR;DATA SEKOLAH;2022/2023 GANJIL;SWASTA;SLB;0
15;JAMBI;1509;TEBO;150901;TEBO TENGAH;DATA SEKOLAH;2022/2023 GANJIL;SWASTA;TK;16
15;JAMBI;1509;TEBO;150901;TEBO TENGAH;DATA SEKOLAH;2022/2023 GANJIL;SWASTA;KB;15
15;JAMBI;1509;TEBO;150901;TEBO TENGAH;DATA SEKOLAH;2022/2023 GANJIL;SWASTA;TPA;4
15;JAMBI;1509;TEBO;150901;TEBO TENGAH;DATA SEKOLAH;2022/2023 GANJIL;SWASTA;SPS;0
15;JAMBI;1509;TEBO;150901;TEBO TENGAH;DATA SEKOLAH;2022/2023 GANJIL;SWASTA;PKBM;1
15;JAMBI;1509;TEBO;150901;TEBO TENGAH;DATA SEKOLAH;2022/2023 GANJIL;SWASTA;SKB;0
15;JAMBI;1509;TEBO;150901;TEBO TENGAH;DATA SEKOLAH;2022/2023 GANJIL;SWASTA;SD;3
15;JAMBI;1509;TEBO;150901;TEBO TENGAH;DATA SEKOLAH;2022/2023 GANJIL;SWASTA;SMP;2
15;JAMBI;1509;TEBO;150901;TEBO TENGAH;DATA SEKOLAH;2022/2023 GANJIL;SWASTA;SMA;0
15;JAMBI;1509;TEBO;150901;TEBO TENGAH;DATA SEKOLAH;2022/2023 GANJIL;SWASTA;SMK;1
15;JAMBI;1509;TEBO;150901;TEBO TENGAH;DATA SEKOLAH;2022/2023 GANJIL;SWASTA;SLB;0
15;JAMBI;1509;TEBO;150903;TEBO ULU;DATA SEKOLAH;2022/2023 GANJIL;SWASTA;TK;9
15;JAMBI;1509;TEBO;150903;TEBO ULU;DATA SEKOLAH;2022/2023 GANJIL;SWASTA;KB;14
15;JAMBI;1509;TEBO;150903;TEBO ULU;DATA SEKOLAH;2022/2023 GANJIL;SWASTA;TPA;0
15;JAMBI;1509;TEBO;150903;TEBO ULU;DATA SEKOLAH;2022/2023 GANJIL;SWASTA;SPS;0
15;JAMBI;1509;TEBO;150903;TEBO ULU;DATA SEKOLAH;2022/2023 GANJIL;SWASTA;PKBM;1
15;JAMBI;1509;TEBO;150903;TEBO ULU;DATA SEKOLAH;2022/2023 GANJIL;SWASTA;SKB;0
15;JAMBI;1509;TEBO;150903;TEBO ULU;DATA SEKOLAH;2022/2023 GANJIL;SWASTA;SD;0
15;JAMBI;1509;TEBO;150903;TEBO ULU;DATA SEKOLAH;2022/2023 GANJIL;SWASTA;SMP;0
15;JAMBI;1509;TEBO;150903;TEBO ULU;DATA SEKOLAH;2022/2023 GANJIL;SWASTA;SMA;0
15;JAMBI;1509;TEBO;150903;TEBO ULU;DATA SEKOLAH;2022/2023 GANJIL;SWASTA;SMK;0
15;JAMBI;1509;TEBO;150903;TEBO ULU;DATA SEKOLAH;2022/2023 GANJIL;SWASTA;SLB;0
15;JAMBI;1571;KOTA JAMBI;157101;TELANAIPURA;DATA SEKOLAH;2022/2023 GANJIL;SWASTA;TK;21
15;JAMBI;1571;KOTA JAMBI;157101;TELANAIPURA;DATA SEKOLAH;2022/2023 GANJIL;SWASTA;KB;10
15;JAMBI;1571;KOTA JAMBI;157101;TELANAIPURA;DATA SEKOLAH;2022/2023 GANJIL;SWASTA;TPA;9
15;JAMBI;1571;KOTA JAMBI;157101;TELANAIPURA;DATA SEKOLAH;2022/2023 GANJIL;SWASTA;SPS;1
15;JAMBI;1571;KOTA JAMBI;157101;TELANAIPURA;DATA SEKOLAH;2022/2023 GANJIL;SWASTA;PKBM;3
15;JAMBI;1571;KOTA JAMBI;157101;TELANAIPURA;DATA SEKOLAH;2022/2023 GANJIL;SWASTA;SKB;0
15;JAMBI;1571;KOTA JAMBI;157101;TELANAIPURA;DATA SEKOLAH;2022/2023 GANJIL;SWASTA;SD;5
15;JAMBI;1571;KOTA JAMBI;157101;TELANAIPURA;DATA SEKOLAH;2022/2023 GANJIL;SWASTA;SMP;9
15;JAMBI;1571;KOTA JAMBI;157101;TELANAIPURA;DATA SEKOLAH;2022/2023 GANJIL;SWASTA;SMA;4
15;JAMBI;1571;KOTA JAMBI;157101;TELANAIPURA;DATA SEKOLAH;2022/2023 GANJIL;SWASTA;SMK;0
15;JAMBI;1571;KOTA JAMBI;157101;TELANAIPURA;DATA SEKOLAH;2022/2023 GANJIL;SWASTA;SLB;1
15;JAMBI;1509;TEBO;150909;TENGAH ILIR;DATA SEKOLAH;2022/2023 GANJIL;SWASTA;TK;10
15;JAMBI;1509;TEBO;150909;TENGAH ILIR;DATA SEKOLAH;2022/2023 GANJIL;SWASTA;KB;14
15;JAMBI;1509;TEBO;150909;TENGAH ILIR;DATA SEKOLAH;2022/2023 GANJIL;SWASTA;TPA;0
15;JAMBI;1509;TEBO;150909;TENGAH ILIR;DATA SEKOLAH;2022/2023 GANJIL;SWASTA;SPS;1
15;JAMBI;1509;TEBO;150909;TENGAH ILIR;DATA SEKOLAH;2022/2023 GANJIL;SWASTA;PKBM;1
15;JAMBI;1509;TEBO;150909;TENGAH ILIR;DATA SEKOLAH;2022/2023 GANJIL;SWASTA;SKB;0
15;JAMBI;1509;TEBO;150909;TENGAH ILIR;DATA SEKOLAH;2022/2023 GANJIL;SWASTA;SD;1
15;JAMBI;1509;TEBO;150909;TENGAH ILIR;DATA SEKOLAH;2022/2023 GANJIL;SWASTA;SMP;0
15;JAMBI;1509;TEBO;150909;TENGAH ILIR;DATA SEKOLAH;2022/2023 GANJIL;SWASTA;SMA;0
15;JAMBI;1509;TEBO;150909;TENGAH ILIR;DATA SEKOLAH;2022/2023 GANJIL;SWASTA;SMK;0
15;JAMBI;1509;TEBO;150909;TENGAH ILIR;DATA SEKOLAH;2022/2023 GANJIL;SWASTA;SLB;0
15;JAMBI;1502;MERANGIN;150224;TIANG PUMPUNG;DATA SEKOLAH;2022/2023 GANJIL;SWASTA;TK;0
15;JAMBI;1502;MERANGIN;150224;TIANG PUMPUNG;DATA SEKOLAH;2022/2023 GANJIL;SWASTA;KB;6
15;JAMBI;1502;MERANGIN;150224;TIANG PUMPUNG;DATA SEKOLAH;2022/2023 GANJIL;SWASTA;TPA;0
15;JAMBI;1502;MERANGIN;150224;TIANG PUMPUNG;DATA SEKOLAH;2022/2023 GANJIL;SWASTA;SPS;0
15;JAMBI;1502;MERANGIN;150224;TIANG PUMPUNG;DATA SEKOLAH;2022/2023 GANJIL;SWASTA;PKBM;0
15;JAMBI;1502;MERANGIN;150224;TIANG PUMPUNG;DATA SEKOLAH;2022/2023 GANJIL;SWASTA;SKB;0
15;JAMBI;1502;MERANGIN;150224;TIANG PUMPUNG;DATA SEKOLAH;2022/2023 GANJIL;SWASTA;SD;0
15;JAMBI;1502;MERANGIN;150224;TIANG PUMPUNG;DATA SEKOLAH;2022/2023 GANJIL;SWASTA;SMP;0
15;JAMBI;1502;MERANGIN;150224;TIANG PUMPUNG;DATA SEKOLAH;2022/2023 GANJIL;SWASTA;SMA;0
15;JAMBI;1502;MERANGIN;150224;TIANG PUMPUNG;DATA SEKOLAH;2022/2023 GANJIL;SWASTA;SMK;0
15;JAMBI;1502;MERANGIN;150224;TIANG PUMPUNG;DATA SEKOLAH;2022/2023 GANJIL;SWASTA;SLB;0
15;JAMBI;1506;TANJUNG JABUNG BARAT;150602;TUNGKAL ILIR;DATA SEKOLAH;2022/2023 GANJIL;SWASTA;TK;13
15;JAMBI;1506;TANJUNG JABUNG BARAT;150602;TUNGKAL ILIR;DATA SEKOLAH;2022/2023 GANJIL;SWASTA;KB;25
15;JAMBI;1506;TANJUNG JABUNG BARAT;150602;TUNGKAL ILIR;DATA SEKOLAH;2022/2023 GANJIL;SWASTA;TPA;5
15;JAMBI;1506;TANJUNG JABUNG BARAT;150602;TUNGKAL ILIR;DATA SEKOLAH;2022/2023 GANJIL;SWASTA;SPS;10
15;JAMBI;1506;TANJUNG JABUNG BARAT;150602;TUNGKAL ILIR;DATA SEKOLAH;2022/2023 GANJIL;SWASTA;PKBM;4
15;JAMBI;1506;TANJUNG JABUNG BARAT;150602;TUNGKAL ILIR;DATA SEKOLAH;2022/2023 GANJIL;SWASTA;SKB;0
15;JAMBI;1506;TANJUNG JABUNG BARAT;150602;TUNGKAL ILIR;DATA SEKOLAH;2022/2023 GANJIL;SWASTA;SD;6
15;JAMBI;1506;TANJUNG JABUNG BARAT;150602;TUNGKAL ILIR;DATA SEKOLAH;2022/2023 GANJIL;SWASTA;SMP;2
15;JAMBI;1506;TANJUNG JABUNG BARAT;150602;TUNGKAL ILIR;DATA SEKOLAH;2022/2023 GANJIL;SWASTA;SMA;1
15;JAMBI;1506;TANJUNG JABUNG BARAT;150602;TUNGKAL ILIR;DATA SEKOLAH;2022/2023 GANJIL;SWASTA;SMK;1
15;JAMBI;1506;TANJUNG JABUNG BARAT;150602;TUNGKAL ILIR;DATA SEKOLAH;2022/2023 GANJIL;SWASTA;SLB;0
15;JAMBI;1506;TANJUNG JABUNG BARAT;150601;TUNGKAL ULU;DATA SEKOLAH;2022/2023 GANJIL;SWASTA;TK;7
15;JAMBI;1506;TANJUNG JABUNG BARAT;150601;TUNGKAL ULU;DATA SEKOLAH;2022/2023 GANJIL;SWASTA;KB;12
15;JAMBI;1506;TANJUNG JABUNG BARAT;150601;TUNGKAL ULU;DATA SEKOLAH;2022/2023 GANJIL;SWASTA;TPA;0
15;JAMBI;1506;TANJUNG JABUNG BARAT;150601;TUNGKAL ULU;DATA SEKOLAH;2022/2023 GANJIL;SWASTA;SPS;0
15;JAMBI;1506;TANJUNG JABUNG BARAT;150601;TUNGKAL ULU;DATA SEKOLAH;2022/2023 GANJIL;SWASTA;PKBM;2
15;JAMBI;1506;TANJUNG JABUNG BARAT;150601;TUNGKAL ULU;DATA SEKOLAH;2022/2023 GANJIL;SWASTA;SKB;0
15;JAMBI;1506;TANJUNG JABUNG BARAT;150601;TUNGKAL ULU;DATA SEKOLAH;2022/2023 GANJIL;SWASTA;SD;1
15;JAMBI;1506;TANJUNG JABUNG BARAT;150601;TUNGKAL ULU;DATA SEKOLAH;2022/2023 GANJIL;SWASTA;SMP;0
15;JAMBI;1506;TANJUNG JABUNG BARAT;150601;TUNGKAL ULU;DATA SEKOLAH;2022/2023 GANJIL;SWASTA;SMA;0
15;JAMBI;1506;TANJUNG JABUNG BARAT;150601;TUNGKAL ULU;DATA SEKOLAH;2022/2023 GANJIL;SWASTA;SMK;0
15;JAMBI;1506;TANJUNG JABUNG BARAT;150601;TUNGKAL ULU;DATA SEKOLAH;2022/2023 GANJIL;SWASTA;SLB;0
15;JAMBI;1509;TEBO;150906;VII KOTO;DATA SEKOLAH;2022/2023 GANJIL;SWASTA;TK;4
15;JAMBI;1509;TEBO;150906;VII KOTO;DATA SEKOLAH;2022/2023 GANJIL;SWASTA;KB;10
15;JAMBI;1509;TEBO;150906;VII KOTO;DATA SEKOLAH;2022/2023 GANJIL;SWASTA;TPA;0
15;JAMBI;1509;TEBO;150906;VII KOTO;DATA SEKOLAH;2022/2023 GANJIL;SWASTA;SPS;0
15;JAMBI;1509;TEBO;150906;VII KOTO;DATA SEKOLAH;2022/2023 GANJIL;SWASTA;PKBM;0
15;JAMBI;1509;TEBO;150906;VII KOTO;DATA SEKOLAH;2022/2023 GANJIL;SWASTA;SKB;0
15;JAMBI;1509;TEBO;150906;VII KOTO;DATA SEKOLAH;2022/2023 GANJIL;SWASTA;SD;1
15;JAMBI;1509;TEBO;150906;VII KOTO;DATA SEKOLAH;2022/2023 GANJIL;SWASTA;SMP;0
15;JAMBI;1509;TEBO;150906;VII KOTO;DATA SEKOLAH;2022/2023 GANJIL;SWASTA;SMA;0
15;JAMBI;1509;TEBO;150906;VII KOTO;DATA SEKOLAH;2022/2023 GANJIL;SWASTA;SMK;0
15;JAMBI;1509;TEBO;150906;VII KOTO;DATA SEKOLAH;2022/2023 GANJIL;SWASTA;SLB;0
15;JAMBI;1509;TEBO;150911;VII KOTO ILIR;DATA SEKOLAH;2022/2023 GANJIL;SWASTA;TK;16
15;JAMBI;1509;TEBO;150911;VII KOTO ILIR;DATA SEKOLAH;2022/2023 GANJIL;SWASTA;KB;6
15;JAMBI;1509;TEBO;150911;VII KOTO ILIR;DATA SEKOLAH;2022/2023 GANJIL;SWASTA;TPA;0
15;JAMBI;1509;TEBO;150911;VII KOTO ILIR;DATA SEKOLAH;2022/2023 GANJIL;SWASTA;SPS;0
15;JAMBI;1509;TEBO;150911;VII KOTO ILIR;DATA SEKOLAH;2022/2023 GANJIL;SWASTA;PKBM;0
15;JAMBI;1509;TEBO;150911;VII KOTO ILIR;DATA SEKOLAH;2022/2023 GANJIL;SWASTA;SKB;0
15;JAMBI;1509;TEBO;150911;VII KOTO ILIR;DATA SEKOLAH;2022/2023 GANJIL;SWASTA;SD;1
15;JAMBI;1509;TEBO;150911;VII KOTO ILIR;DATA SEKOLAH;2022/2023 GANJIL;SWASTA;SMP;0
15;JAMBI;1509;TEBO;150911;VII KOTO ILIR;DATA SEKOLAH;2022/2023 GANJIL;SWASTA;SMA;0
15;JAMBI;1509;TEBO;150911;VII KOTO ILIR;DATA SEKOLAH;2022/2023 GANJIL;SWASTA;SMK;1
15;JAMBI;1509;TEBO;150911;VII KOTO ILIR;DATA SEKOLAH;2022/2023 GANJIL;SWASTA;SLB;0
