id;kode_provinsi;nama_provinsi;kode_kabupaten_kota;kode_kecamatan;kode_kelurahan_desa;nama_perusahaan;nama_pemilik;badan_usaha;kbli_2020;jenis_industri;kategori_industri;jenis_produk;jumlah_produksi;satuan;status;tahun
1;15;JAMBI;1571;157102;1508131001;MADU HUTAN JAMBI;CANDRA LELA;PO;0;-;INDUSTRI MINUMAN;MADU (PENGEMASAN)(P-01)*(GA)*;0;-;-;2023
2;15;JAMBI;1571;157107;1571071002;MADU TUALANG;ASDRIYANTO;PO;0;-;INDUSTRI MINUMAN;MADU (PENGEMASAN);3600;KG;-;2023
3;15;JAMBI;1571;157107;1571071006;MADU TEZA ASLI;MARSDA SURYA;PO;0;-;INDUSTRI MINUMAN;MADU (PENGEMASAN);20;LITER;-;2023
4;15;JAMBI;1571;157101;1571011001;SERAMBI;RIDHO SETIAWAN;PO;0;-;INDUSTRI MINUMAN;MADU (PENGEMASAN);0;-;-;2023
5;15;JAMBI;1571;157103;0;SINDO AQUARIUM;VERAWATI G;CV;10293;IKAN;INDUSTRI MAKANAN;IKAN PEMBEKUAN IKAN & BIO AIR;70000;KG;-;2023
6;15;JAMBI;1571;157109;0;SALIM HADI;SALIM HADI;PO;10299;IKAN , UDANG;INDUSTRI MAKANAN;PENGAWETAN UDANG/IKAN;180000;KG;-;2023
7;15;JAMBI;1571;157103;1571031010;SUPER;SUDIN;PO;10299;RUMPUT LAUT;INDUSTRI MAKANAN;PENGEMASAN RUMPUT LAUT;0;-;-;2023
8;15;JAMBI;1571;157109;1571091003;MERYANT;MERRY FEBRIANTY;PO;10311;BUAH-BUAHAN;INDUSTRI MAKANAN;ASAINAN BUAH;0;KG;-;2023
9;15;JAMBI;1571;157103;1571031005;CAP NANAS;OH LAH NING;PO;10311;BIJI ASAM;INDUSTRI MAKANAN;ASAM JAWA;0;KG;-;2023
10;15;JAMBI;1571;157103;1571111002;USAHA ASAM MANDIRI;PARIDJO;PO;10311;BIJI ASAM;INDUSTRI MAKANAN;ASAM JAWA;0;KG;-;2023
11;15;JAMBI;1571;157103;0;BAHTERA JAYA;-;FIRMA;10311;TOMAT;INDUSTRI MAKANAN;SAUS TOMAT;15000;KG;-;2023
12;15;JAMBI;1571;157103;0;TOESL JAYA;TATANG MARDJOYO;PO;10311;TOMAT;INDUSTRI MAKANAN;SAUS TOMAT;750;LITER;-;2023
13;15;JAMBI;1571;157111;1571111002;USAHA ASAM MANDIRI;PARIDJO;PO;10311;BIJI ASAM;INDUSTRI MAKANAN;ASAM JAWA;0;KG;-;2023
14;15;JAMBI;1571;157109;1571091003;MERYANT;MERRY FEBRIANTY;PO;10311;BUAH-BUAHAN;INDUSTRI MAKANAN;ASAINAN BUAH;0;KG;-;2023
15;15;JAMBI;1571;157107;1571071005;KELOMPOK DUMA 3;DIRGAYANTI;PO;10330;KUNYIT;INDUSTRI MAKANAN;MINUMAN KUNYIT ASAM;0;-;-;2023
16;15;JAMBI;1571;157101;1571011002;PALIA COCO;IULIA;PO;10330;AIR KELAPA;INDUSTRI MAKANAN;NATA DE COCO;0;-;-;2023
17;15;JAMBI;1571;157109;1571091003;MUNIR;MUNIR;PO;10391;KACANG KEDELAI;INDUSTRI MAKANAN;TEMPE;1800;KG;-;2023
18;15;JAMBI;1571;157109;1571091003;ABU KHOER;ABU KHOER;PO;10391;KACANG KEDELAI;INDUSTRI MAKANAN;TEMPE;4500;KG;-;2023
19;15;JAMBI;1571;157109;1571091003;TAKRIP;TAKRIP;PO;10391;KACANG KEDELAI;INDUSTRI MAKANAN;TEMPE;1800;KG;-;2023
20;15;JAMBI;1571;157109;1571091003;MUSTOFA;MUSTOFA;PO;10391;KACANG KEDELAI;INDUSTRI MAKANAN;TEMPE;1500;KG;-;2023
21;15;JAMBI;1571;157109;1571091003;RAHMAT;RAHMAT;PO;10391;KACANG KEDELAI;INDUSTRI MAKANAN;TEMPE;35;KG;-;2023
22;15;JAMBI;1571;157109;1571091003;MITO;MITO;PO;10391;KACANG KEDELAI;INDUSTRI MAKANAN;TEMPE;10000;KG;-;2023
23;15;JAMBI;1571;157102;1571021003;SUTINO;SUTINO;PO;10391;KACANG KEDELAI;INDUSTRI MAKANAN;TEMPE;30;KG;-;2023
24;15;JAMBI;1571;157102;1508131001;YAHYA;YAHYA;PO;10391;KACANG KEDELAI;INDUSTRI MAKANAN;TEMPE;100;KG;-;2023
25;15;JAMBI;1571;157102;1571021004;MAFTUHIN;MAFTUHIN;PO;10391;KACANG KEDELAI;INDUSTRI MAKANAN;TEMPE;35;KG;-;2023
26;15;JAMBI;1571;157102;1571021004;MUS YAMIN;MUS YAMIN;PO;10391;KACANG KEDELAI;INDUSTRI MAKANAN;TEMPE;7200;KG;-;2023
27;15;JAMBI;1571;157102;1571111001;SUPARNO;SUPARNO;PO;10391;KACANG KEDELAI;INDUSTRI MAKANAN;TEMPE;40;KG;-;2023
28;15;JAMBI;1571;157102;1508131001;YAHYA;YAHYA;PO;10391;KACANG KEDELAI;INDUSTRI MAKANAN;TEMPE;100;KG;-;2023
29;15;JAMBI;1571;157103;1571031008;FAUZAN;FAUZAN;PO;10391;KACANG KEDELAI;INDUSTRI MAKANAN;TEMPE;3400;BATANG;-;2023
30;15;JAMBI;1571;157103;1571031008;WARSONO;WARSONO;PO;10391;KACANG KEDELAI;INDUSTRI MAKANAN;TEMPE;3900;BATANG;-;2023
31;15;JAMBI;1571;157103;1571031008;MAK SUMI;MAK SUMI;PO;10391;KACANG KEDELAI;INDUSTRI MAKANAN;TEMPE;3900;BATANG;-;2023
32;15;JAMBI;1571;157103;1571031008;HENDRI;HENDRI;PO;10391;KACANG KEDELAI;INDUSTRI MAKANAN;TEMPE;4200;BATANG;-;2023
33;15;JAMBI;1571;157103;1571031008;MA AFI;MA AFI;PO;10391;KACANG KEDELAI;INDUSTRI MAKANAN;TEMPE;2001;KG;-;2023
34;15;JAMBI;1571;157103;1571031008;MASIRAL;MASIRAL;PO;10391;KACANG KEDELAI;INDUSTRI MAKANAN;TEMPE;2700;KG;-;2023
35;15;JAMBI;1571;157103;1571031008;H. SLAMET. G;H. SLAMET. G;PO;10391;KACANG KEDELAI;INDUSTRI MAKANAN;TEMPE;2700;KG;-;2023
36;15;JAMBI;1571;157103;1571031008;MUHSIN;MUHSIN;PO;10391;KACANG KEDELAI;INDUSTRI MAKANAN;TEMPE;40;KG;-;2023
37;15;JAMBI;1571;157103;1571031008;TURIMAN;TURIMAN;PO;10391;KACANG KEDELAI;INDUSTRI MAKANAN;TEMPE;1500;KG;-;2023
38;15;JAMBI;1571;157103;1571031008;TARNO;TARNO;PO;10391;KACANG KEDELAI;INDUSTRI MAKANAN;TEMPE;1500;KG;-;2023
39;15;JAMBI;1571;157103;1571031008;KUSNOTO;KUSNOTO;PO;10391;KACANG KEDELAI;INDUSTRI MAKANAN;TEMPE;1500;KG;-;2023
40;15;JAMBI;1571;157103;1571031008;M.SODIKIN;M.SODIKIN;PO;10391;KACANG KEDELAI;INDUSTRI MAKANAN;TEMPE;4500;KG;-;2023
41;15;JAMBI;1571;157103;1571031008;IMAM SYAFI'I;IMAM SYAFI'I;PO;10391;KACANG KEDELAI;INDUSTRI MAKANAN;TEMPE;1800;KG;-;2023
42;15;JAMBI;1571;157103;1571031008;AGUS PURWANTO;AGUS PURWANTO;PO;10391;KACANG KEDELAI;INDUSTRI MAKANAN;TEMPE;4800;KG;-;2023
43;15;JAMBI;1571;157103;1571031008;ASHORI;ANSHORI;PO;10391;KACANG KEDELAI;INDUSTRI MAKANAN;TEMPE;2700;KG;-;2023
44;15;JAMBI;1571;157103;1571031008;SABAR;SABAR;PO;10391;KACANG KEDELAI;INDUSTRI MAKANAN;TEMPE;4500;KG;-;2023
45;15;JAMBI;1571;157103;1571031008;JAMIL;JAMIL;PO;10391;KACANG KEDELAI;INDUSTRI MAKANAN;TEMPE;4500;KG;-;2023
46;15;JAMBI;1571;157103;1571031008;ABU KHOLIK;ABU KHOLIK;PO;10391;KACANG KEDELAI;INDUSTRI MAKANAN;TEMPE;1500;KG;-;2023
47;15;JAMBI;1571;157103;1571031008;NUR WAHID;NUR WAHID;PO;10391;KACANG KEDELAI;INDUSTRI MAKANAN;TEMPE;150;KG;-;2023
48;15;JAMBI;1571;157103;1571031008;HAIR ISMANTO;HAIR ISMANTO;PO;10391;KACANG KEDELAI;INDUSTRI MAKANAN;TEMPE;100;KG;-;2023
49;15;JAMBI;1571;157103;1571031008;WAGIYAH;WAGIYAH;PO;10391;KACANG KEDELAI;INDUSTRI MAKANAN;TEMPE;60;KG;-;2023
50;15;JAMBI;1571;157103;1571031008;M.NUH;M.NUH;PO;10391;KACANG KEDELAI;INDUSTRI MAKANAN;TEMPE;1500;KG;-;2023
51;15;JAMBI;1571;157103;1571031008;SOBIRIN;SOBIRIN;PO;10391;KACANG KEDELAI;INDUSTRI MAKANAN;TEMPE;1500;KG;-;2023
52;15;JAMBI;1571;157103;1571031008;MUSA;MUSA;PO;10391;KACANG KEDELAI;INDUSTRI MAKANAN;TEMPE;1500;KG;-;2023
53;15;JAMBI;1571;157103;1571031008;SIKIN;SIKIN;PO;10391;KACANG KEDELAI;INDUSTRI MAKANAN;TEMPE;1500;KG;-;2023
54;15;JAMBI;1571;157103;1571031008;KHUDORI;KHUDORI;PO;10391;KACANG KEDELAI;INDUSTRI MAKANAN;TEMPE;2700;KG;-;2023
55;15;JAMBI;1571;157103;1571031008;MAHRUF;MAHRUF;PO;10391;KACANG KEDELAI;INDUSTRI MAKANAN;TEMPE;2700;KG;-;2023
56;15;JAMBI;1571;157103;1571031008;RIJAL;RIJAL;PO;10391;KACANG KEDELAI;INDUSTRI MAKANAN;TEMPE;200;KG;-;2023
57;15;JAMBI;1571;157103;1571031003;DARORI;DARORI;PO;10391;KACANG KEDELAI;INDUSTRI MAKANAN;TEMPE;1500;KG;-;2023
58;15;JAMBI;1571;157103;1571031003;YASIR;YASIR;PO;10391;KACANG KEDELAI;INDUSTRI MAKANAN;TEMPE;1500;KG;-;2023
59;15;JAMBI;1571;157103;1571031003;MELANI;MELANI;PO;10391;KACANG KEDELAI;INDUSTRI MAKANAN;TEMPE;2700;KG;-;2023
60;15;JAMBI;1571;157103;1571031003;TARWIN;TARWIN;PO;10391;KACANG KEDELAI;INDUSTRI MAKANAN;TEMPE;2700;KG;-;2023
61;15;JAMBI;1571;157103;1571031003;A.ZAKKY;A.ZAKKY;PO;10391;KACANG KEDELAI;INDUSTRI MAKANAN;TEMPE;1500;KG;-;2023
62;15;JAMBI;1571;157103;1571031003;SOLISI;SOLISI;PO;10391;KACANG KEDELAI;INDUSTRI MAKANAN;TEMPE;40;KG;-;2023
63;15;JAMBI;1571;157103;1571031003;ROMADHON;ROMADHON;PO;10391;KACANG KEDELAI;INDUSTRI MAKANAN;TEMPE;100;KG;-;2023
64;15;JAMBI;1571;157103;1571031003;CASUDI;CASUDI;PO;10391;KACANG KEDELAI;INDUSTRI MAKANAN;TEMPE;110;KG;-;2023
65;15;JAMBI;1571;157103;1571031010;B. TAYANTO;B. TAYANTO;PO;10391;KACANG KEDELAI;INDUSTRI MAKANAN;TEMPE;3000;KG;-;2023
66;15;JAMBI;1571;157103;1571031010;TARMUJI;TARMUJI;PO;10391;KACANG KEDELAI;INDUSTRI MAKANAN;TEMPE;3000;KG;-;2023
67;15;JAMBI;1571;157103;1571031010;ASMUNI;ASMUNI;PO;10391;KACANG KEDELAI;INDUSTRI MAKANAN;TEMPE;15000;KG;-;2023
68;15;JAMBI;1571;157103;1571031010;SLAMET;SLAMET;PO;10391;KACANG KEDELAI;INDUSTRI MAKANAN;TEMPE;1500;KG;-;2023
69;15;JAMBI;1571;157103;1571031010;KARIM;KARIM;PO;10391;KACANG KEDELAI;INDUSTRI MAKANAN;TEMPE;1800;KG;-;2023
70;15;JAMBI;1571;157103;1571031010;SYAIFUL;SYAIFUL;PT;10391;KACANG KEDELAI;INDUSTRI MAKANAN;TEMPE;2700;KG;-;2023
71;15;JAMBI;1571;157103;1571031010;EDI;EDI;PO;10391;KACANG KEDELAI;INDUSTRI MAKANAN;TEMPE;1500;KG;-;2023
72;15;JAMBI;1571;157103;1571031010;AHMADI;AHMADI;PO;10391;KACANG KEDELAI;INDUSTRI MAKANAN;TEMPE;150;KG;-;2023
73;15;JAMBI;1571;157103;1571031010;SLAMET;SLAMET;PT;10391;KACANG KEDELAI;INDUSTRI MAKANAN;TEMPE;150;KG;-;2023
74;15;JAMBI;1571;157103;1571031010;ANDI;ANDI;PO;10391;KACANG KEDELAI;INDUSTRI MAKANAN;TEMPE;100;KG;-;2023
75;15;JAMBI;1571;157103;1505102009;TARWIN;TARWIN;PO;10391;KACANG KEDELAI;INDUSTRI MAKANAN;TEMPE;2700;KG;-;2023
76;15;JAMBI;1571;157103;1505102009;CASNURI;CASNURI;PO;10391;KACANG KEDELAI;INDUSTRI MAKANAN;TEMPE;2700;KG;-;2023
77;15;JAMBI;1571;157103;1571031004;JUPRI;JUPRI;PO;10391;KACANG KEDELAI;INDUSTRI MAKANAN;TEMPE;4500;KG;-;2023
78;15;JAMBI;1571;157103;1571021004;NUR SODIK;NUR SODIK;PO;10391;KACANG KEDELAI;INDUSTRI MAKANAN;TEMPE;1800;KG;-;2023
79;15;JAMBI;1571;157103;1505102009;-;SUPARMO;PO;10391;KACANG KEDELAI;INDUSTRI MAKANAN;TEMPE;0;KG;-;2023
80;15;JAMBI;1571;157103;1571031008;M NUH;M NUH;PO;10391;KACANG KEDELAI;INDUSTRI MAKANAN;TEMPE;2700;KG;-;2023
81;15;JAMBI;1571;157103;1571031008;APRIZAL;APRIZAL;PO;10391;KACANG KEDELAI;INDUSTRI MAKANAN;TEMPE;2700;KG;-;2023
82;15;JAMBI;1571;157103;1571031008;MUZAHIR;MUZAHIR;PO;10391;KACANG KEDELAI;INDUSTRI MAKANAN;TEMPE;3000;KG;-;2023
83;15;JAMBI;1571;157111;1571111001;SUPARNO;SUPARNO;PO;10391;KACANG KEDELAI;INDUSTRI MAKANAN;TEMPE;40;KG;-;2023
84;15;JAMBI;1571;157109;1571091003;MUNIR;MUNIR;PO;10391;KACANG KEDELAI;INDUSTRI MAKANAN;TEMPE;1800;KG;-;2023
85;15;JAMBI;1571;157109;1571091003;ABU KHOER;ABU KHOER;PO;10391;KACANG KEDELAI;INDUSTRI MAKANAN;TEMPE;4500;KG;-;2023
86;15;JAMBI;1571;157109;1571091003;TAKRIP;TAKRIP;PO;10391;KACANG KEDELAI;INDUSTRI MAKANAN;TEMPE;1800;KG;-;2023
87;15;JAMBI;1571;157109;1571091003;MUSTOFA;MUSTOFA;PO;10391;KACANG KEDELAI;INDUSTRI MAKANAN;TEMPE;1500;KG;-;2023
88;15;JAMBI;1571;157109;1571091003;RAHMAT;RAHMAT;PO;10391;KACANG KEDELAI;INDUSTRI MAKANAN;TEMPE;35;KG;-;2023
89;15;JAMBI;1571;157109;1571091003;MITO;MITO;PO;10391;KACANG KEDELAI;INDUSTRI MAKANAN;TEMPE;10000;KG;-;2023
90;15;JAMBI;1571;157110;1571101003;TEMPE ASLI HB JAMBI;DEDENG;PO;10391;KACANG KEDELAI;INDUSTRI MAKANAN;TEMPE;0;-;-;2023
91;15;JAMBI;1571;157102;1571021006;INDUSTRI TEMPE;M.SUPRI;PO;10391;KACANG KEDELAI;INDUSTRI MAKANAN;TEMPE;0;-;-;2023
92;15;JAMBI;1571;157103;1571031001;-;A.ASHARI;PO;10391;KACANG KEDELAI;INDUSTRI MAKANAN;TEMPE;6;TON;-;2023
93;15;JAMBI;1571;157103;1571031003;-;MUCHSIN;PO;10391;KACANG KEDELAI;INDUSTRI MAKANAN;TEMPE;12000;POTONG;-;2023
94;15;JAMBI;1571;157111;1571111002;-;DORI KALINGGO;PO;10391;KACANG KEDELAI;INDUSTRI MAKANAN;TEMPE;0;-;-;2023
95;15;JAMBI;1571;157111;1571111002;-;MUSA;PO;10391;KACANG KEDELAI;INDUSTRI MAKANAN;TEMPE;0;-;-;2023
96;15;JAMBI;1571;157111;1571111002;-;MAPTIHIM;PO;10391;KACANG KEDELAI;INDUSTRI MAKANAN;TEMPE;0;-;-;2023
97;15;JAMBI;1571;157111;1571111002;-;TINI;PO;10391;KACANG KEDELAI;INDUSTRI MAKANAN;TEMPE;0;-;-;2023
98;15;JAMBI;1571;157102;0;SUKARDI;SUKARDI;PO;10392;KEDELAI;INDUSTRI MAKANAN;TAHU;36000;KG;-;2023
99;15;JAMBI;1571;157102;0;SUKARDI;SUKARDI;PO;10392;KEDELAI;INDUSTRI MAKANAN;TAHU;36000;KG;-;2023
100;15;JAMBI;1571;157103;0;MEKARJAYA;H. FATURAHMAN;PO;10392;KEDELAI;INDUSTRI MAKANAN;TAHU;24000;KG;-;2023
101;15;JAMBI;1571;157103;0;CARWADI;CARWADI;PO;10392;KEDELAI;INDUSTRI MAKANAN;TAHU;180000;KG;-;2023
102;15;JAMBI;1571;157108;1571081006;FRENDY SANDY;-;PO;10392;KEDELAI;INDUSTRI MAKANAN;TAHU;4000;KG;-;2023
103;15;JAMBI;1571;157108;1571081006;AMAN SARI;ALIANSYAH;PO;10392;KEDELAI;INDUSTRI MAKANAN;TAHU;54000;KG;-;2023
104;15;JAMBI;1571;157108;1571081006;SAMBILAN;H DJAMALUDIN ISHAK;PO;10392;KEDELAI;INDUSTRI MAKANAN;TAHU;60000;KG;-;2023
105;15;JAMBI;1571;157108;1571081006;SAUDARA BERSAMA;HARIANTO;PO;10392;KEDELAI;INDUSTRI MAKANAN;TAHU;150000;KG;-;2023
106;15;JAMBI;1571;157109;1571091001;TAHU KRESH 500;BAMBANG IRAWAN;PO;10392;KEDELAI;INDUSTRI MAKANAN;TAHU;0;-;-;2023
107;15;JAMBI;1571;157108;1571081006;-;AHMAD RAMLI;PO;10392;KEDELAI;INDUSTRI MAKANAN;KEMBANG TAHU;1800;PORSI;-;2023
108;15;JAMBI;1571;157108;1571081001;-;HERIANTO;PO;10392;KEDELAI;INDUSTRI MAKANAN;TAHU;0;-;-;2023
109;15;JAMBI;1571;157108;1571081001;-;JONI;PO;10392;KEDELAI;INDUSTRI MAKANAN;TAHU;0;-;-;2023
110;15;JAMBI;1571;157111;1571111004;TAHU ABC;SUGIATNO;PO;10392;KEDELAI;INDUSTRI MAKANAN;TAHU;0;-;-;2023
111;15;JAMBI;1571;157108;1571081001;-;BUCIN;PO;10392;KEDELAI;INDUSTRI MAKANAN;SUSU KEDELAI;0;-;-;2023
112;15;JAMBI;1571;157103;0;KURNIA TUNGGAL NUGRAHA;BUDIYANTO;PT;10423;KELAPA;INDUSTRI MAKANAN;MINYAK GORENG;2000000;KG;-;2023
113;15;JAMBI;1571;157107;1507102007;PELITA;KARMONO;PO;10423;KELAPA;INDUSTRI MAKANAN;MINYAK GORENG;4000000;KG;-;2023
114;15;JAMBI;1571;157101;1571011010;OBAMA;LUKMANUR HAKIM;PO;10531;-;INDUSTRI MAKANAN;ICE CREAM;1500;KG;-;2023
115;15;JAMBI;1571;157109;1571091003;SEGAR;LUKMAN;PO;10532;KACANG KEDELAI;INDUSTRI MAKANAN;MINUMAN SARI KEDELAI;0;-;-;2023
116;15;JAMBI;1571;157109;1507112005;2 PUTRI AYU;INDAH SUSANTI;PO;10532;SANTAN;INDUSTRI MAKANAN;MINUM ES DAWET;0;-;-;2023
117;15;JAMBI;1571;157107;1507112005;2 PUTRI AYU;INDAH SUSANTI;PO;10532;SANTAN;INDUSTRI MAKANAN;MINUM ES DAWET;0;-;-;2023
118;15;JAMBI;1571;157109;1571091003;SEGAR;LUKMAN;PO;10532;KACANG KEDELAI;INDUSTRI MAKANAN;MINUMAN SARI KEDELAI;0;-;-;2023
119;15;JAMBI;1571;157111;1571111002;-;YAHYA;PO;10532;KACANG KEDELAI;INDUSTRI MAKANAN;SUSU KEDELAI;0;-;-;2023
120;15;JAMBI;1571;157111;1571111002;-;HAMIDA;PO;10532;KACANG KEDELAI;INDUSTRI MAKANAN;SUSU KEDELAI;0;-;-;2023
121;15;JAMBI;1571;157103;0;SANTOSA BARU;JOHARI;PO;10611;PADI;INDUSTRI MAKANAN;PENYOSOHAN BERAS;250000;KG;-;2023
122;15;JAMBI;1571;157103;0;ANEKA SARI;TIRTO KARYANO;PO;10618;TEPUNG;INDUSTRI MAKANAN;HUN KUE;70000;KG;-;2023
123;15;JAMBI;1571;157108;1571081006;HENDRI;SYAHRIL A;PO;10618;TEPUNG;INDUSTRI MAKANAN;TEPUNG BERAS;12000;KG;-;2023
124;15;JAMBI;1571;157102;0;MAKMUR JAYA;SUMANDAR;PO;10631;PADI;INDUSTRI MAKANAN;PENYOSOHAN BERAS;260000;KG;-;2023
125;15;JAMBI;1571;157102;1508131001;SRI MURTI;SAMAN;PO;10631;PADI;INDUSTRI MAKANAN;PENYOSOHAN BERAS;700000;KG;-;2023
126;15;JAMBI;1571;157102;0;MAKMUR JAYA;SUMANDAR;PO;10631;PADI;INDUSTRI MAKANAN;PENYOSOHAN BERAS;260000;KG;-;2023
127;15;JAMBI;1571;157102;1508131001;SRI MURTI;SAMAN;PO;10631;PADI;INDUSTRI MAKANAN;PENYOSOHAN BERAS;700000;KG;-;2023
128;15;JAMBI;1571;157103;0;SEJAHTERA ABADI;SUPARMAN;PO;10631;PADI;INDUSTRI MAKANAN;PENYOSOHAN BERAS;350000;KG;-;2023
129;15;JAMBI;1571;157103;0;ANGGUR KHARISMA;YOGIE PRAMONO;PO;10631;PADI;INDUSTRI MAKANAN;PENYOSOHAN BERAS;250000;KG;-;2023
130;15;JAMBI;1571;157103;0;SAHABAT;HANDRA;PO;10631;PADI;INDUSTRI MAKANAN;PENYOSOHAN BERAS;720000;KG;-;2023
131;15;JAMBI;1571;157108;1571081006;SUMBER MAKMUR;EDDYSON;PO;10631;PADI;INDUSTRI MAKANAN;PENYOSOHAN BERAS;120000;KG;-;2023
132;15;JAMBI;1571;157109;1571091001;BAROKAH BAKERY;SUGITO;PO;10710;TEPUNG, TELUR;INDUSTRI MAKANAN;ROTI DAN SEJENISNYA;30000;BUAH;-;2023
133;15;JAMBI;1571;157109;1571091003;FRINCES BAKERY;SYAHRIL HIDAYAT;PO;10710;TEPUNG, TELUR;INDUSTRI MAKANAN;ROTI DAN SEJENISNYA;0;-;-;2023
134;15;JAMBI;1571;157109;1507112005;THATA COOKIES & CAKE;ELIZA DESRIATI;PO;10710;TEPUNG, TELUR;INDUSTRI MAKANAN;KUE BASAH & KUE KERING;0;-;-;2023
135;15;JAMBI;1571;157109;1571091001;SYAKIRA SNACK;SUBADI;PO;10710;TEPUNG, TELUR;INDUSTRI MAKANAN;KUE KERING;0;-;-;2023
136;15;JAMBI;1571;157109;1571091001;FATIYYA;ANTI YOSEFA;PO;10710;TEPUNG, TELUR;INDUSTRI MAKANAN;KUE BROWNIS KERING;0;-;-;2023
137;15;JAMBI;1571;157109;1571091001;TOKO KUE DAN ROTI;UTARI DAMAYANTI SEPTIA;PO;10710;TEPUNG, TELUR;INDUSTRI MAKANAN;ROTI, KUE KERING DAN KUE BASAH;0;-;-;2023
138;15;JAMBI;1571;157109;1571091003;RAHAYU;TRIMO RAHAYU;PO;10710;TEPUNG, TELUR;INDUSTRI MAKANAN;KUE KERING DAN RENGGINANG;0;-;-;2023
139;15;JAMBI;1571;157109;1571091003;KANIA;MUSTAR;PO;10710;TEPUNG, TELUR;INDUSTRI MAKANAN;KUE SEMPRONG;0;-;-;2023
140;15;JAMBI;1571;157109;1571091003;TIGA SODARA;SUKAESIH;PO;10710;TEPUNG, TELUR;INDUSTRI MAKANAN;KUE BAWANG;0;-;-;2023
141;15;JAMBI;1571;157109;1571091001;ICA BAKERY;M. YUSRI TARIGAN;PO;10710;TEPUNG, TELUR;INDUSTRI MAKANAN;ROTI;0;-;-;2023
142;15;JAMBI;1571;157109;1571091001;BAROKAH;YUHDI WIYONO;PO;10710;TEPUNG, TELUR;INDUSTRI MAKANAN;ROTI;0;-;-;2023
143;15;JAMBI;1571;157109;1571091003;STIK MAGIC;ARIEF IKHWAN;PO;10710;KAYU MANIS;INDUSTRI MAKANAN;KAYU MANIS;0;-;-;2023
144;15;JAMBI;1571;157109;1571091003;RIA JUNA;SITI CHOIRIAH;PO;10710;BAWANG;INDUSTRI MAKANAN;BAWANG GORENG;0;-;-;2023
145;15;JAMBI;1571;157110;1571101004;MALVINAS;JUNAIDI;PO;10710;TEPUNG, TELUR;INDUSTRI MAKANAN;KUE TRADISIONAL;0;-;-;2023
146;15;JAMBI;1571;157110;1571101005;TE-ER;IIS HAMIDAH;PO;10710;TEPUNG, TELUR;INDUSTRI MAKANAN;BOLU LAPIS LEGIT;0;-;-;2023
147;15;JAMBI;1571;157110;1571101002;UD.ANAK MINANG;BUDI JANA;PO;10710;GULA MERAH;INDUSTRI MAKANAN;BUMBU MASAK;0;-;-;2023
148;15;JAMBI;1571;157110;1571101005;CHANTIK;ERA MARLIANTI;PO;10710;BAWANG;INDUSTRI MAKANAN;BAWANG GORENG;0;-;-;2023
149;15;JAMBI;1571;157106;1571061005;HAKARODIZA BAKERY;M. HAYAT;PO;10710;TEPUNG, TELUR;INDUSTRI MAKANAN;ROTI BAKERY;1880;BH;-;2023
150;15;JAMBI;1571;157106;1503022014;RTS ZANIRA;RTS.ZANIRA;PO;10710;TEPUNG, TELUR;INDUSTRI MAKANAN;KUE BASAH & KUE KERING;0;-;-;2023
151;15;JAMBI;1571;157106;1503022014;SINAR RATU;SYAMSINAR;PO;10710;TEPUNG, TELUR;INDUSTRI MAKANAN;KUE;0;-;-;2023
152;15;JAMBI;1571;157102;0;SHINTA BAKERY;GALIH;PO;10710;TEPUNG, TELUR;INDUSTRI MAKANAN;ROTI DAN SEJENISNYA;85000;KG;-;2023
153;15;JAMBI;1571;157102;0;AMERICAN;LEONITA;PO;10710;TEPUNG, TELUR;INDUSTRI MAKANAN;ROTI DAN SEJENISNYA;12500;KG;-;2023
154;15;JAMBI;1571;157102;1571111001;YEYE;NENENG;PO;10710;TEPUNG, TELUR;INDUSTRI MAKANAN;ROTI DAN SEJENISNYA;15000;KG;-;2023
155;15;JAMBI;1571;157102;1571111001;INTINAI;SITI ROHANI;PO;10710;TEPUNG, TELUR;INDUSTRI MAKANAN;ROTI DAN SEJENISNYA;0;-;-;2023
156;15;JAMBI;1571;157102;1571021004;ROTI GEPENG 88;FRENGKY SAPUTRA;PO;10710;TEPUNG, TELUR;INDUSTRI MAKANAN;ROTI DAN SEJENISNYA;0;-;-;2023
157;15;JAMBI;1571;157102;1571111001;CITRA SARI;MIFTAHUDIN;PO;10710;TEPUNG, TELUR;INDUSTRI MAKANAN;ROTI DAN SEJENISNYA;0;-;-;2023
158;15;JAMBI;1571;157102;1571021004;SABILA;ITA MULYATI;PO;10710;TEPUNG, TELUR;INDUSTRI MAKANAN;KUE;0;-;-;2023
159;15;JAMBI;1571;157102;1508131001;RUMAH KUE MUTIARA;DESI MULTIANA AMRAN;PO;10710;TEPUNG, TELUR;INDUSTRI MAKANAN;KUE KERING;0;-;-;2023
160;15;JAMBI;1571;157102;1571111005;DADAN'S;ANDRIANI FEBRIYANTI;PO;10710;TEPUNG, TELUR;INDUSTRI MAKANAN;KUE KERING;0;-;-;2023
161;15;JAMBI;1571;157102;1571111004;ALKAUSAR;M.KHAIDIR ALKAUSAR;PO;10710;TEPUNG, TELUR;INDUSTRI MAKANAN;KUE KERING;0;-;-;2023
162;15;JAMBI;1571;157102;1571111004;AMIFA;KUSTATI;PO;10710;TEPUNG, TELUR;INDUSTRI MAKANAN;KUE KERING;0;-;-;2023
163;15;JAMBI;1571;157102;0;KUE APAM BERAS ILHAM;ILHAM;PO;10710;TEPUNG, TELUR;INDUSTRI MAKANAN;KUE APAM;3;LOYANG;-;2023
164;15;JAMBI;1571;157102;1571021006;QODRI;LAILATUL QODRI;PO;10710;TEPUNG, TELUR;INDUSTRI MAKANAN;KUE KERING DAN KUE BASAH;0;-;-;2023
165;15;JAMBI;1571;157102;1571021005;GEO;MARINI;PO;10710;TEPUNG, TELUR;INDUSTRI MAKANAN;KUE KERING DAN BASAH;0;-;-;2023
166;15;JAMBI;1571;157102;1571111001;WARISON MAKDO;SITI MUTIAH;PO;10710;TEPUNG, TELUR;INDUSTRI MAKANAN;KUE KERING DAN BASAH;0;-;-;2023
167;15;JAMBI;1571;157102;1571111004;MANTAP;SUMIATI;PO;10710;TEPUNG, TELUR;INDUSTRI MAKANAN;KUE BAWANG;0;-;-;2023
168;15;JAMBI;1571;157102;1571111005;PT.HOLALA LESTARI;LELY MINARNY;PO;10710;TEPUNG, TELUR;INDUSTRI MAKANAN;ROTIN DAN SEJENISNYA;0;-;-;2023
169;15;JAMBI;1571;157102;1571111005;PT.SAIMEN CITRA RASA;SIMON DAUD;PO;10710;TEPUNG, TELUR;INDUSTRI MAKANAN;ROTI;0;-;-;2023
170;15;JAMBI;1571;157102;1571111003;DIVA;SITI KHALIFAH;PO;10710;GULA MERAH;INDUSTRI MAKANAN;BUMBU MASAK;0;-;-;2023
171;15;JAMBI;1571;157102;1571111003;HABIB;ABDUL JABBAR ADLAN ALI;PO;10710;KAYU MANIS;INDUSTRI MAKANAN;KAYU MANIS;0;-;-;2023
172;15;JAMBI;1571;157102;0;AMERICAN;LEONITA;PO;10710;TEPUNG, TELUR;INDUSTRI MAKANAN;ROTI DAN SEJENISNYA;12500;KG;-;2023
173;15;JAMBI;1571;157102;1571111001;YEYE;NENENG;PO;10710;TEPUNG, TELUR;INDUSTRI MAKANAN;ROTI DAN SEJENISNYA;15000;KG;-;2023
174;15;JAMBI;1571;157102;1571111001;INTINAI;SITI ROHANI;PO;10710;TEPUNG, TELUR;INDUSTRI MAKANAN;ROTI DAN SEJENISNYA;0;-;-;2023
175;15;JAMBI;1571;157102;1571021004;ROTI GEPENG 88;FRENGKY SAPUTRA;PO;10710;TEPUNG, TELUR;INDUSTRI MAKANAN;ROTI DAN SEJENISNYA;0;-;-;2023
176;15;JAMBI;1571;157102;1571111001;CITRA SARI;MIFTAHUDIN;PO;10710;TEPUNG, TELUR;INDUSTRI MAKANAN;ROTI DAN SEJENISNYA;0;-;-;2023
177;15;JAMBI;1571;157102;1571021004;SABILA;ITA MULYATI;PO;10710;TEPUNG, TELUR;INDUSTRI MAKANAN;KUE;0;-;-;2023
178;15;JAMBI;1571;157102;1508131001;RUMAH KUE MUTIARA;DESI MULTIANA AMRAN;PO;10710;TEPUNG, TELUR;INDUSTRI MAKANAN;KUE KERING;0;-;-;2023
179;15;JAMBI;1571;157102;1571111005;DADAN'S;ANDRIANI FEBRIYANTI;PO;10710;TEPUNG, TELUR;INDUSTRI MAKANAN;KUE KERING;0;-;-;2023
180;15;JAMBI;1571;157102;1571111004;ALKAUSAR;M.KHAIDIR ALKAUSAR;PO;10710;TEPUNG, TELUR;INDUSTRI MAKANAN;KUE KERING;0;-;-;2023
181;15;JAMBI;1571;157102;1571111004;AMIFA;KUSTATI;PO;10710;TEPUNG, TELUR;INDUSTRI MAKANAN;KUE KERING;0;-;-;2023
182;15;JAMBI;1571;157102;0;KUE APAM BERAS ILHAM;ILHAM;PO;10710;TEPUNG, TELUR;INDUSTRI MAKANAN;KUE APAM;3;LOYANG;-;2023
183;15;JAMBI;1571;157102;1571021006;QODRI;LAILATUL QODRI;PO;10710;TEPUNG, TELUR;INDUSTRI MAKANAN;KUE KERING DAN KUE BASAH;0;-;-;2023
184;15;JAMBI;1571;157102;1571021005;GEO;MARINI;PO;10710;TEPUNG, TELUR;INDUSTRI MAKANAN;KUE KERING DAN BASAH;0;-;-;2023
185;15;JAMBI;1571;157102;1571111004;MANTAP;SUMIATI;PO;10710;TEPUNG, TELUR;INDUSTRI MAKANAN;KUE BAWANG;0;-;-;2023
186;15;JAMBI;1571;157102;1571111005;PT.HOLALA LESTARI;LELY MINARNY;PO;10710;TEPUNG, TELUR;INDUSTRI MAKANAN;ROTIN DAN SEJENISNYA;0;-;-;2023
187;15;JAMBI;1571;157102;1571111005;PT.SAIMEN CITRA RASA;SIMON DAUD;PO;10710;TEPUNG, TELUR;INDUSTRI MAKANAN;ROTI;0;-;-;2023
188;15;JAMBI;1571;157102;1571111003;DIVA;SITI KHALIFAH;PO;10710;GULA MERAH;INDUSTRI MAKANAN;BUMBU MASAK;0;-;-;2023
189;15;JAMBI;1571;157102;1571111003;HABIB;ABDUL JABBAR ADLAN ALI;PO;10710;KAYU MANIS;INDUSTRI MAKANAN;KAYU MANIS;0;-;-;2023
190;15;JAMBI;1571;157103;1571111005;PT HOLALA LESTARI;LELY MINARNY;PO;10710;TEPUNG, TELUR;INDUSTRI MAKANAN;ROTI DAN SEJENISNYA;0;KG;-;2023
191;15;JAMBI;1571;157103;1571031004;BOBO;MUSTAR TANGGIRAN;PO;10710;TEPUNG, TELUR;INDUSTRI MAKANAN;ROTI DAN SEJENISNYA;14000;KG;-;2023
192;15;JAMBI;1571;157103;0;KARAWANG;YANI;PO;10710;TEPUNG, TELUR;INDUSTRI MAKANAN;ROTI DAN SEJENISNYA;25000;KG;-;2023
193;15;JAMBI;1571;157103;0;AROMA SARI;TEDDY;PO;10710;TEPUNG, TELUR;INDUSTRI MAKANAN;ROTI DAN SEJENISNYA;25000;BUAH;-;2023
194;15;JAMBI;1571;157103;1571031008;RAISAN CAKE;RENI SUSANTI;PO;10710;TEPUNG, TELUR;INDUSTRI MAKANAN;KUE BASAH & KUE KERING;0;-;-;2023
195;15;JAMBI;1571;157103;1571031004;"D""";DIANI;PO;10710;TEPUNG, TELUR;INDUSTRI MAKANAN;KUE KERING;0;-;-;2023
196;15;JAMBI;1571;157103;1571031003;RIDHO CAKE & COOKIES;LILY SUARNI;PO;10710;TEPUNG, TELUR;INDUSTRI MAKANAN;KUE KERING;0;-;-;2023
197;15;JAMBI;1571;157103;1571031003;MELATI;MAYA UTARI;PO;10710;TEPUNG, TELUR;INDUSTRI MAKANAN;KUE KERING;0;-;-;2023
198;15;JAMBI;1571;157103;1571031004;BOBO;MUSTAR TANGGIRAN;PO;10710;TEPUNG, TELUR;INDUSTRI MAKANAN;ROTI DAN SEJENISNYA;0;-;-;2023
199;15;JAMBI;1571;157103;1571031004;CIPEH PIE;JUNI INDRIANI DEVI;PO;10710;TEPUNG, TELUR;INDUSTRI MAKANAN;KUE PIE;0;-;-;2023
200;15;JAMBI;1571;157108;1571081006;FITRI BAKERY;SYAFRUDIN;PO;10710;TEPUNG, TELUR;INDUSTRI MAKANAN;ROTI DAN SEJENISNYA;50000;KG;-;2023
201;15;JAMBI;1571;157108;1571081006;PANCA AGUNG;M GERU MONIAGA;PO;10710;TEPUNG, TELUR;INDUSTRI MAKANAN;ROTI DAN SEJENISNYA;2500;KG;-;2023
202;15;JAMBI;1571;157108;1571081006;PRIMA;KOSAKI;PO;10710;TEPUNG, TELUR;INDUSTRI MAKANAN;ROTI DAN SEJENISNYA;12500;KG;-;2023
203;15;JAMBI;1571;157108;1571081006;MONAS;KHONGHIAN;PO;10710;TEPUNG, TELUR;INDUSTRI MAKANAN;ROTI DAN SEJENISNYA;24000;KG;-;2023
204;15;JAMBI;1571;157108;1571081006;ROTI KONI;RISCEN TANTONI;PO;10710;TEPUNG, TELUR;INDUSTRI MAKANAN;ROTI DAN SEJENISNYA;75000;KG;-;2023
205;15;JAMBI;1571;157108;1503092004;ROTI WAN BAKERY;WATI;PO;10710;TEPUNG, TELUR;INDUSTRI MAKANAN;ROTI DAN SEJENISNYA;10000;BUAH;-;2023
206;15;JAMBI;1571;157108;1503092004;IWAN BAKERY;IWAN NAPIS;PO;10710;TEPUNG, TELUR;INDUSTRI MAKANAN;ROTI DAN SEJENISNYA;0;-;-;2023
207;15;JAMBI;1571;157108;1571081002;MANIYA;SUKMAWATI;PO;10710;TEPUNG, TELUR;INDUSTRI MAKANAN;KUE KERING DAN KUE BASAH;0;-;-;2023
208;15;JAMBI;1571;157108;1571081006;RYAN BAKERY & RYAN;HANAN;PO;10710;TEPUNG, TELUR;INDUSTRI MAKANAN;ROTI DAN SEJENISNYA;0;-;-;2023
209;15;JAMBI;1571;157108;1571081006;TIGA PUTRI;KANDI;PO;10710;TEPUNG, TELUR;INDUSTRI MAKANAN;ROTI;0;-;-;2023
210;15;JAMBI;1571;157108;1571081007;JAZZLLYN;YOHANES MAHARSI WIBOWO;PO;10710;TEPUNG, TELUR;INDUSTRI MAKANAN;ROTI;0;-;-;2023
211;15;JAMBI;1571;157108;1571081007;RED POIN BAKERY;ISMUNANDAR;PO;10710;TEPUNG, TELUR;INDUSTRI MAKANAN;ROTI;0;-;-;2023
212;15;JAMBI;1571;157108;1571081003;DUA MAWAR;SUARNI;PO;10710;GULA MERAH;INDUSTRI MAKANAN;BUMBU MASAK;0;-;-;2023
213;15;JAMBI;1571;157108;1571081006;BEST WIN;TONI CH;PO;10710;TEPUNG, TELUR;INDUSTRI MAKANAN;ROTI DAN SEJENISNYA;7200;KG;-;2023
214;15;JAMBI;1571;157107;1571071006;168';FEBRIANTO NG;PO;10710;TEPUNG, TELUR;INDUSTRI MAKANAN;ROTI DAN SEJENISNYA;0;-;-;2023
215;15;JAMBI;1571;157107;1507102007;SARI AGENCI;DARMIATI;PO;10710;TEPUNG, TELUR;INDUSTRI MAKANAN;ROTI DAN SEJENISNYA;150;KG;-;2023
216;15;JAMBI;1571;157107;1571071004;AISYAH BAEKRY;MUKRIM;PO;10710;TEPUNG, TELUR;INDUSTRI MAKANAN;ROTI DAN SEJENISNYA;0;-;-;2023
217;15;JAMBI;1571;157107;1507112005;THATA COOKIES & CAKE;ELIZA DESRIATI;PO;10710;TEPUNG, TELUR;INDUSTRI MAKANAN;KUE BASAH & KUE KERING;0;-;-;2023
218;15;JAMBI;1571;157107;1571071002;NISA;ELLY SUKMAWATI;PO;10710;TEPUNG, TELUR;INDUSTRI MAKANAN;KUE TRADISIONAL;0;-;-;2023
219;15;JAMBI;1571;157107;1571071002;HJ. NUR;NURHAYATI;PO;10710;BAWANG;INDUSTRI MAKANAN;BAWANG GORENG;0;-;-;2023
220;15;JAMBI;1571;157107;1571071002;EZA CAKE & BAKERY;FAUZA HAYATI;PO;10710;TEPUNG, TELUR;INDUSTRI MAKANAN;ROTI;0;-;-;2023
221;15;JAMBI;1571;157111;1571111005;PT HOLALA LESTARI;LELY MINARNY;PO;10710;TEPUNG, TELUR;INDUSTRI MAKANAN;ROTI DAN SEJENISNYA;0;KG;-;2023
222;15;JAMBI;1571;157111;1571111001;YEYE;NENENG;PO;10710;TEPUNG, TELUR;INDUSTRI MAKANAN;ROTI DAN SEJENISNYA;15000;KG;-;2023
223;15;JAMBI;1571;157111;1571111001;INTINAI;SITI ROHANI;PO;10710;TEPUNG, TELUR;INDUSTRI MAKANAN;ROTI DAN SEJENISNYA;0;-;-;2023
224;15;JAMBI;1571;157111;1571111001;CITRA SARI;MIFTAHUDIN;PO;10710;TEPUNG, TELUR;INDUSTRI MAKANAN;ROTI DAN SEJENISNYA;0;-;-;2023
225;15;JAMBI;1571;157111;1571111005;DADAN'S;ANDRIANI FEBRIYANTI;PO;10710;TEPUNG, TELUR;INDUSTRI MAKANAN;KUE KERING;0;-;-;2023
226;15;JAMBI;1571;157111;1571111004;ALKAUSAR;M.KHAIDIR ALKAUSAR;PO;10710;TEPUNG, TELUR;INDUSTRI MAKANAN;KUE KERING;0;-;-;2023
227;15;JAMBI;1571;157111;1571111004;AMIFA;KUSTATI;PO;10710;TEPUNG, TELUR;INDUSTRI MAKANAN;KUE KERING;0;-;-;2023
228;15;JAMBI;1571;157111;1571111002;AROMA SARI 838 MR.BEAN;TEDDY;PO;10710;TEPUNG, TELUR;INDUSTRI MAKANAN;KUE KERING;0;-;-;2023
229;15;JAMBI;1571;157111;1571111004;MANTAP;SUMIATI;PO;10710;TEPUNG, TELUR;INDUSTRI MAKANAN;KUE BAWANG;0;-;-;2023
230;15;JAMBI;1571;157111;1571111005;PT.HOLALA LESTARI;LELY MINARNY;PO;10710;TEPUNG, TELUR;INDUSTRI MAKANAN;ROTIN DAN SEJENISNYA;0;-;-;2023
231;15;JAMBI;1571;157111;1571111005;PT.SAIMEN CITRA RASA;SIMON DAUD;PO;10710;TEPUNG, TELUR;INDUSTRI MAKANAN;ROTI;0;-;-;2023
232;15;JAMBI;1571;157111;1571111003;HABIB;ABDUL JABBAR ADLAN ALI;PO;10710;KAYU MANIS;INDUSTRI MAKANAN;KAYU MANIS;0;-;-;2023
233;15;JAMBI;1571;157111;1571111002;AROMA SARI 838 MR.BEAN;TEDDY;PO;10710;TEPUNG, TELUR;INDUSTRI MAKANAN;KUE KERING;0;-;-;2023
234;15;JAMBI;1571;157104;1571041004;SAIMEN CITRA RASA;SIMON DAUD;PO;10710;TEPUNG, TELUR;INDUSTRI MAKANAN;ROTI DAN SEJENISNYA;150000;KG;-;2023
235;15;JAMBI;1571;157104;1571041003;PT. MATAHARI PUTRA PRIMA;TEDDY TANNY;PO;10710;TEPUNG, TELUR;INDUSTRI MAKANAN;ROTI DAN SEJENISNYA;246515;KG;-;2023
236;15;JAMBI;1571;157104;1571041004;SHINDY SWEET CAKE;LAW SIE HOA;PO;10710;TEPUNG, TELUR;INDUSTRI MAKANAN;KUE KERING;0;-;-;2023
237;15;JAMBI;1571;157104;1571041004;VIRA;DESSY MORITA;PO;10710;TEPUNG, TELUR;INDUSTRI MAKANAN;KUE KERING;0;-;-;2023
238;15;JAMBI;1571;157104;0;BAKERMART;BAGAS WIYONO;PO;10710;TEPUNG, TELUR;INDUSTRI MAKANAN;ROTI;0;-;-;2023
239;15;JAMBI;1571;157105;1571051004;DENIZ;RACHMAWATI;PO;10710;TEPUNG, TELUR;INDUSTRI MAKANAN;KUE BASAH & KUE KERING;0;-;-;2023
240;15;JAMBI;1571;157105;1571051004;ARI;FARIDA ZAINI;PO;10710;TEPUNG, TELUR;INDUSTRI MAKANAN;KUE KERING;0;-;-;2023
241;15;JAMBI;1571;157105;1571051006;PEDAN SALERO;JAMHURI;PO;10710;TEPUNG, TELUR;INDUSTRI MAKANAN;SEMPRONG;0;-;-;2023
242;15;JAMBI;1571;157105;1571051006;-;ULYA AHMAD;PO;10710;TEPUNG, TELUR;INDUSTRI MAKANAN;SEMPRONG;0;-;-;2023
243;15;JAMBI;1571;157105;1571051006;-;SURYANI;PO;10710;TEPUNG, TELUR;INDUSTRI MAKANAN;SEMPRONG;0;-;-;2023
244;15;JAMBI;1571;157105;1571051006;-;MAZNIAH;PO;10710;TEPUNG, TELUR;INDUSTRI MAKANAN;SEMPRONG;0;-;-;2023
245;15;JAMBI;1571;157105;1571051006;-;HASNAWATI;PO;10710;TEPUNG, TELUR;INDUSTRI MAKANAN;SEMPRONG;0;-;-;2023
246;15;JAMBI;1571;157105;1571051006;-;FATAMAWATI;PO;10710;TEPUNG, TELUR;INDUSTRI MAKANAN;SEMPRONG;0;-;-;2023
247;15;JAMBI;1571;157105;1571051006;-;NURULHUDA;PO;10710;TEPUNG, TELUR;INDUSTRI MAKANAN;SEMPRONG;0;-;-;2023
248;15;JAMBI;1571;157105;1571051006;-;HAYATI;PO;10710;TEPUNG, TELUR;INDUSTRI MAKANAN;SEMPRONG;0;-;-;2023
249;15;JAMBI;1571;157105;1571051006;-;RUSNIAH;PO;10710;TEPUNG, TELUR;INDUSTRI MAKANAN;SEMPRONG;0;-;-;2023
250;15;JAMBI;1571;157105;1571051006;-;ZAINAB;PO;10710;TEPUNG, TELUR;INDUSTRI MAKANAN;SEMPRONG;0;-;-;2023
251;15;JAMBI;1571;157105;1571051006;-;MARYAM;PO;10710;TEPUNG, TELUR;INDUSTRI MAKANAN;SEMPRONG;0;-;-;2023
252;15;JAMBI;1571;157105;1571051004;-;MASTURA;PO;10710;TEPUNG, TELUR;INDUSTRI MAKANAN;KUE;0;-;-;2023
253;15;JAMBI;1571;157105;1571051004;-;MARDIAH;PO;10710;TEPUNG, TELUR;INDUSTRI MAKANAN;KUE;0;-;-;2023
254;15;JAMBI;1571;157105;1571051004;RACHMAWATI;DENIZ;PO;10710;TEPUNG, TELUR;INDUSTRI MAKANAN;KUE KERING DAN KUE BASAH;0;-;-;2023
255;15;JAMBI;1571;157101;1571011004;SUMAN BAKERY;SUPARMAN;PO;10710;TEPUNG, TELUR;INDUSTRI MAKANAN;ROTI DAN SEJENISNYA;40000;KG;-;2023
256;15;JAMBI;1571;157101;1571011002;RIKI;ASMANAN;PO;10710;TEPUNG, TELUR;INDUSTRI MAKANAN;ROTI DAN SEJENISNYA;0;-;-;2023
257;15;JAMBI;1571;157101;1571011002;DINKA PILIN;YUNITA;PO;10710;TEPUNG, TELUR;INDUSTRI MAKANAN;KUE KERING;0;-;-;2023
258;15;JAMBI;1571;157101;1571011011;ARS;NURPEMIS;PO;10710;TEPUNG, TELUR;INDUSTRI MAKANAN;BOLU;0;-;-;2023
259;15;JAMBI;1571;157101;1571011004;ANEKA KUE;ANDI FITRAN;PO;10710;TEPUNG, TELUR;INDUSTRI MAKANAN;KUE;0;-;-;2023
260;15;JAMBI;1571;157101;1571011004;CIK UNIANG;GADISMA;PO;10710;TEPUNG, TELUR;INDUSTRI MAKANAN;KEMBANG GOYANG,KUE TUSUK GIGI;0;-;-;2023
261;15;JAMBI;1571;157101;1571011002;ICHA JAYA;MERLINA;PO;10710;TEPUNG, TELUR;INDUSTRI MAKANAN;KUE AKAR KELAPA;0;-;-;2023
262;15;JAMBI;1571;157101;1571071002;SHINTA BAKERY;LENI;PO;10710;TEPUNG, TELUR;INDUSTRI MAKANAN;ROTI DAN SEJENISNYA;85000;KG;-;2023
263;15;JAMBI;1571;157109;1571091001;BAROKAH BAKERY;SUGITO;PO;10710;TEPUNG, TELUR;INDUSTRI MAKANAN;ROTI DAN SEJENISNYA;30000;BUAH;-;2023
264;15;JAMBI;1571;157109;1571091003;FRINCES BAKERY;SYAHRIL HIDAYAT;PO;10710;TEPUNG, TELUR;INDUSTRI MAKANAN;ROTI DAN SEJENISNYA;0;-;-;2023
265;15;JAMBI;1571;157109;1571091001;SYAKIRA SNACK;SUBADI;PO;10710;TEPUNG, TELUR;INDUSTRI MAKANAN;KUE KERING;0;-;-;2023
266;15;JAMBI;1571;157109;1571091001;FATIYYA;ANTI YOSEFA;PO;10710;TEPUNG, TELUR;INDUSTRI MAKANAN;KUE BROWNIS KERING;0;-;-;2023
267;15;JAMBI;1571;157109;1571091001;TOKO KUE DAN ROTI;UTARI DAMAYANTI SEPTIA;PO;10710;TEPUNG, TELUR;INDUSTRI MAKANAN;ROTI, KUE KERING DAN KUE BASAH;0;-;-;2023
268;15;JAMBI;1571;157109;1571091003;RAHAYU;TRIMO RAHAYU;PO;10710;TEPUNG, TELUR;INDUSTRI MAKANAN;KUE KERING DAN RENGGINANG;0;-;-;2023
269;15;JAMBI;1571;157109;1571091003;KANIA;MUSTAR;PO;10710;TEPUNG, TELUR;INDUSTRI MAKANAN;KUE SEMPRONG;0;-;-;2023
270;15;JAMBI;1571;157109;1571091003;TIGA SODARA;SUKAESIH;PO;10710;TEPUNG, TELUR;INDUSTRI MAKANAN;KUE BAWANG;0;-;-;2023
271;15;JAMBI;1571;157109;1571091001;ICA BAKERY;M. YUSRI TARIGAN;PO;10710;TEPUNG, TELUR;INDUSTRI MAKANAN;ROTI;0;-;-;2023
272;15;JAMBI;1571;157109;1571091001;BAROKAH;YUHDI WIYONO;PO;10710;TEPUNG, TELUR;INDUSTRI MAKANAN;ROTI;0;-;-;2023
273;15;JAMBI;1571;157109;1571091003;STIK MAGIC;ARIEF IKHWAN;PO;10710;KAYU MANIS;INDUSTRI MAKANAN;KAYU MANIS;0;-;-;2023
274;15;JAMBI;1571;157109;1571091003;RIA JUNA;SITI CHOIRIAH;PO;10710;BAWANG;INDUSTRI MAKANAN;BAWANG GORENG;0;-;-;2023
275;15;JAMBI;1571;157109;1571091004;BUNDA FOOD;ASMAWATI;PO;10710;TEPUNG, TELUR;INDUSTRI MAKANAN;KUE;0;-;-;2023
276;15;JAMBI;1571;157109;1571091001;NENNY CAKE;NINY HALIMARDIAH;PO;10710;TEPUNG,TELUR;INDUSTRI MAKANAN;KUE;0;-;-;2023
277;15;JAMBI;1571;157109;1571091005;-;ARNI SUMARIYATI;PO;10710;TEPUNG,TELUR;INDUSTRI MAKANAN;ROTI;0;-;-;2023
278;15;JAMBI;1571;157109;1571091004;-;LASMARITA PANGGABEAN;PO;10710;TEPUNG,TELUR;INDUSTRI MAKANAN;ROTI;0;-;-;2023
279;15;JAMBI;1571;157109;1571091005;MOLLIDZA KUE;MOLLIDZA NOVIANT;PO;10710;TEPUNG,TELUR;INDUSTRI MAKANAN;KUE;0;-;-;2023
280;15;JAMBI;1571;157109;1571091004;NAYLA BAKERY;DEPI SURYANI;PO;10710;TEPUNG,TELUR;INDUSTRI MAKANAN;KUE;0;-;-;2023
281;15;JAMBI;1571;157109;1571091004;ROTI IKA;IKA SARI;PO;10710;TEPUNG,TELUR;INDUSTRI MAKANAN;ROTI;0;-;-;2023
282;15;JAMBI;1571;157109;1571091001;CEK MILA;MILA;PO;10710;TEPUNG,TELUR;INDUSTRI MAKANAN;ROTI TAPE;0;-;-;2023
283;15;JAMBI;1571;157109;1571091004;BERKAH;NURHASANAH MARBUN;PO;10710;TEPUNG,TELUR;INDUSTRI MAKANAN;KUE KERING;0;-;-;2023
284;15;JAMBI;1571;157109;1507112005;KUE H.LENI FAMILY;ASTERI LENNI PUSYANTI;PO;10710;TEPUNG,TELUR;INDUSTRI MAKANAN;KUE TRADISIONAL;0;-;-;2023
285;15;JAMBI;1571;157109;1571091005;HOMES CAKES DAN COOKIES BY SNOVA;SNOVA SENJA DWI PUTRI;PO;10710;TEPUNG,TELUR;INDUSTRI MAKANAN;KUE KERING;0;-;-;2023
286;15;JAMBI;1571;157110;1571101001;GHIBRAN BAKERY;YAYUK TRIANA;PO;10710;TEPUNG, TELUR;INDUSTRI MAKANAN;KUE;0;-;-;2023
287;15;JAMBI;1571;157110;1571101003;SIFA BAKERY;M.AHYAR SYARIF;PO;10710;TEPUNG, TELUR;INDUSTRI MAKANAN;KUE;0;-;-;2023
288;15;JAMBI;1571;157110;1571101005;ROTI BANTAL DAN CAKWE;NURIA;PO;10710;TEPUNG, TELUR;INDUSTRI MAKANAN;ROTI;0;-;-;2023
289;15;JAMBI;1571;157106;1571061005;-;YUSNA DEWI;PO;10710;TEPUNG, TELUR;INDUSTRI MAKANAN;KUE;500;-;-;2023
290;15;JAMBI;1571;157106;1571061005;-;RAUDAH;PO;10710;TEPUNG, TELUR;INDUSTRI MAKANAN;KUE;500;-;-;2023
291;15;JAMBI;1571;157106;1571061005;-;SAFNAH;PO;10710;TEPUNG, TELUR;INDUSTRI MAKANAN;KUE;500;-;-;2023
292;15;JAMBI;1571;157106;1571061005;-;ZUHAIRAH;PO;10710;TEPUNG, TELUR;INDUSTRI MAKANAN;KUE;500;-;-;2023
293;15;JAMBI;1571;-;1571061005;-;SOLIHIN;PO;10710;TEPUNG, TELUR;INDUSTRI MAKANAN;KUE;500;-;-;2023
294;15;JAMBI;1571;157106;1571061005;-;YUSNIATI;PO;10710;TEPUNG, TELUR;INDUSTRI MAKANAN;KUE;500;-;-;2023
295;15;JAMBI;1571;157106;1571061005;-;NURBAITI;PO;10710;TEPUNG, TELUR;INDUSTRI MAKANAN;KUE;500;-;-;2023
296;15;JAMBI;1571;157106;1571061005;-;KARTINI;PO;10710;TEPUNG, TELUR;INDUSTRI MAKANAN;KUE;500;-;-;2023
297;15;JAMBI;1571;157106;1571061005;-;NINGSIH;PO;10710;TEPUNG, TELUR;INDUSTRI MAKANAN;KUE;500;-;-;2023
298;15;JAMBI;1571;157106;1571061005;BENTO BAKERY DAN CAKES;M.HAYAT;PO;10710;TEPUNG, TELUR;INDUSTRI MAKANAN;KUE DAN ROTI;0;-;-;2023
299;15;JAMBI;1571;157106;1571061001;-;ROSMINA;PO;10710;TEPUNG, TELUR;INDUSTRI MAKANAN;KUE;0;-;-;2023
300;15;JAMBI;1571;157106;1571061001;-;BATRIAH;PO;10710;TEPUNG, TELUR;INDUSTRI MAKANAN;KUE;0;-;-;2023
301;15;JAMBI;1571;157106;1504062009;-;ROHANI;PO;10710;TEPUNG, TELUR;INDUSTRI MAKANAN;KUE;0;-;-;2023
302;15;JAMBI;1571;157106;1504062009;-;JUNAIDA;PO;10710;TEPUNG, TELUR;INDUSTRI MAKANAN;KUE;0;-;-;2023
303;15;JAMBI;1571;157106;1504062009;-;UMI KALSUM;PO;10710;TEPUNG, TELUR;INDUSTRI MAKANAN;ROTI;0;-;-;2023
304;15;JAMBI;1571;157106;1504062009;-;ROSILAWATI;PO;10710;TEPUNG, TELUR;INDUSTRI MAKANAN;KUE;0;-;-;2023
305;15;JAMBI;1571;157106;1504062009;-;DAHLIA;PO;10710;TEPUNG, TELUR;INDUSTRI MAKANAN;KUE;0;-;-;2023
306;15;JAMBI;1571;157106;1504062009;-;KAMAL FAHRI;PO;10710;TEPUNG, TELUR;INDUSTRI MAKANAN;KUE;0;-;-;2023
307;15;JAMBI;1571;157106;1504062009;-;SOLEHA;PO;10710;TEPUNG, TELUR;INDUSTRI MAKANAN;KUE;0;-;-;2023
308;15;JAMBI;1571;157106;1504062009;-;MELLY YANTI;PO;10710;TEPUNG, TELUR;INDUSTRI MAKANAN;KUE;0;-;-;2023
309;15;JAMBI;1571;157106;1504062009;-;LATIFAH;PO;10710;TEPUNG, TELUR;INDUSTRI MAKANAN;KUE;0;-;-;2023
310;15;JAMBI;1571;157106;1504062009;-;IBRAHIM;PO;10710;TEPUNG,TELUR;INDUSTRI MAKANAN;ROTI;0;-;-;2023
311;15;JAMBI;1571;157106;1571061005;-;NYIMAS SITI MASLIAN;PO;10710;TEPUNG,TELUR;INDUSTRI MAKANAN;KUE;0;-;-;2023
312;15;JAMBI;1571;157106;1571061005;-;MUHAMMAD ALI;PO;10710;TEPUNG,TELUR;INDUSTRI MAKANAN;KUE;0;-;-;2023
313;15;JAMBI;1571;157106;1571061005;-;MUHAMMAD AMIN;PO;10710;TEPUNG,TELUR;INDUSTRI MAKANAN;KUE;0;-;-;2023
314;15;JAMBI;1571;157106;1571061005;-;SAPNA;PO;10710;TEPUNG,TELUR;INDUSTRI MAKANAN;KUE;0;-;-;2023
315;15;JAMBI;1571;157106;1571061005;-;MARIA ULFA;PO;10710;TEPUNG,TELUR;INDUSTRI MAKANAN;KUE;0;-;-;2023
316;15;JAMBI;1571;157106;1571061005;-;SITI ATHIAH;PO;10710;TEPUNG,TELUR;INDUSTRI MAKANAN;KUE;0;-;-;2023
317;15;JAMBI;1571;157106;1571061005;-;FITRI MARDIANA;PO;10710;TEPUNG,TELUR;INDUSTRI MAKANAN;KUE;0;-;-;2023
318;15;JAMBI;1571;157106;1571061005;-;HOLIYA ARNI;PO;10710;TEPUNG,TELUR;INDUSTRI MAKANAN;KUE;0;-;-;2023
319;15;JAMBI;1571;157106;1571061005;-;AMELYAWATI;PO;10710;TEPUNG,TELUR;INDUSTRI MAKANAN;KUE;0;-;-;2023
320;15;JAMBI;1571;157106;1571061005;-;MUTHMAINAH;PO;10710;TEPUNG,TELUR;INDUSTRI MAKANAN;KUE;0;-;-;2023
321;15;JAMBI;1571;157106;1571061004;-;RTS MAISYARAH;PO;10710;TEPUNG,TELUR;INDUSTRI MAKANAN;KUE;0;-;-;2023
322;15;JAMBI;1571;157106;1571061004;-;RTS FARIDA HANDAYANI;PO;10710;-;INDUSTRI MAKANAN;KUE;0;-;-;2023
323;15;JAMBI;1571;157106;1571061004;-;MERI ANGGRAINI;PO;10710;-;INDUSTRI MAKANAN;KUE;0;-;-;2023
324;15;JAMBI;1571;157106;1571061004;-;AYI WIHARYA;PO;10710;-;INDUSTRI MAKANAN;KUE;0;-;-;2023
325;15;JAMBI;1571;157102;1571021006;-;BUJANG;PO;10710;TEPUNG, TELUR;INDUSTRI MAKANAN;KUE TRADISIONAL;0;-;-;2023
326;15;JAMBI;1571;157102;1571021006;KUYJAJAN JAMBI;RATNA JUWITA;PO;10710;TEPUNG, TELUR;INDUSTRI MAKANAN;KUE;0;-;-;2023
327;15;JAMBI;1571;157102;1571021006;ENI BAKERY;ENI ANGGRAINI;PO;10710;TEPUNG, TELUR;INDUSTRI MAKANAN;KUE TRADISIONAL;0;-;-;2023
328;15;JAMBI;1571;157102;1571021006;LENNY BAKERY;LENI TRI SARTIKA;PO;10710;TEPUNG, TELUR;INDUSTRI MAKANAN;KUE;0;-;-;2023
329;15;JAMBI;1571;157102;1571021006;AMANAH KUE;SUPRIATIN;PO;10710;TEPUNG, TELUR;INDUSTRI MAKANAN;KUE;0;-;-;2023
330;15;JAMBI;1571;157102;1571021006;NESA KUE;NESA;PO;10710;TEPUNG, TELUR;INDUSTRI MAKANAN;KUE;0;-;-;2023
331;15;JAMBI;1571;157102;1571021006;ELVA CAKE;ELVA YULIANI;PO;10710;TEPUNG, TELUR;INDUSTRI MAKANAN;KUE;0;-;-;2023
332;15;JAMBI;1571;157102;1571021003;PELANGI KUE;DADAN SUKAMDANI;PO;10710;TEPUNG, TELUR;INDUSTRI MAKANAN;KUE;0;-;-;2023
333;15;JAMBI;1571;157103;1571031006;BUNDA FOOD;ISDAWATI;PO;10710;TEPUNG, TELUR;INDUSTRI MAKANAN;KUE;0;-;-;2023
334;15;JAMBI;1571;157103;1571031001;ZAKWAN KUE;SITI HIDAYAH;PO;10710;TEPUNG, TELUR;INDUSTRI MAKANAN;KUE;100;KUE;-;2023
335;15;JAMBI;1571;157103;1571031001;-;MASUYA;PO;10710;TEPUNG, TELUR;INDUSTRI MAKANAN;KUE;0;-;-;2023
336;15;JAMBI;1571;157103;1571031003;DEVI KUE;DEVI APRIYANI;PO;10710;TEPUNG, TELUR;INDUSTRI MAKANAN;KUE;100;LOYANG;-;2023
337;15;JAMBI;1571;157103;1571031003;RIDO CAKE;LILIK SUARNI;PO;10710;TEPUNG, TELUR;INDUSTRI MAKANAN;KUE;750;LOYANG;-;2023
338;15;JAMBI;1571;157108;1571081002;FLIPER;SIYANG HANDOYO;PO;10710;TEPUNG,TELUR;INDUSTRI MAKANAN;ROTI;15000;-;-;2023
339;15;JAMBI;1571;157108;1571081002;MELATI;NURHAYATI;PO;10710;TEPUNG,TELUR;INDUSTRI MAKANAN;KUE KERING;6000;-;-;2023
340;15;JAMBI;1571;157108;1571081002;LINDA;YULIGHO;PO;10710;TEPUNG,TELUR;INDUSTRI MAKANAN;ROTI;12000;-;-;2023
341;15;JAMBI;1571;157108;1571081006;LAPAK BUMBU;JEPRI;PO;10710;-;INDUSTRI MAKANAN;BUMBU MASAK;900;KG;-;2023
342;15;JAMBI;1571;157108;1571081006;RIYAN BAKERY;RIYAN ADI PUTRA;PO;10710;TEPUNG,TELUR;INDUSTRI MAKANAN;ROTI;3000;KG;-;2023
343;15;JAMBI;1571;157108;1571081006;ROTI BAKAR BANDUNG;UMI TUMINAH;PO;10710;TEPUNG,TELUR;INDUSTRI MAKANAN;ROTI;10;BUAH;-;2023
344;15;JAMBI;1571;157108;1571081003;-;IMAM;PO;10710;TEPUNG,TELUR;INDUSTRI MAKANAN;ROTI;0;-;-;2023
345;15;JAMBI;1571;157108;1571081003;-;FRENGKI;PO;10710;TEPUNG,TELUR;INDUSTRI MAKANAN;ROTI TAWAR;0;-;-;2023
346;15;JAMBI;1571;157111;1571111002;-;ERPAILIN;PO;10710;TEPUNG,TELUR;INDUSTRI MAKANAN;KUE;0;-;-;2023
347;15;JAMBI;1571;157111;1571111002;-;WATIAH;PO;10710;TEPUNG,TELUR;INDUSTRI MAKANAN;KUE;0;-;-;2023
348;15;JAMBI;1571;157111;1571111002;-;KURNIA SAPUTRA;PO;10710;TEPUNG,TELUR;INDUSTRI MAKANAN;KUE;0;-;-;2023
349;15;JAMBI;1571;157111;1571111002;-;SUTRYADI;PO;10710;"TEPUNG,TE;UR";INDUSTRI MAKANAN;KUE;0;-;-;2023
350;15;JAMBI;1571;157111;1571111002;-;JAMILAH;PO;10710;TEPUNG,TELUR;INDUSTRI MAKANAN;KUE KERING;0;-;-;2023
351;15;JAMBI;1571;157111;1571111002;-;SYAMSURI;PO;10710;TEPUNG,TELUR;INDUSTRI MAKANAN;ROTI HANIN;0;-;-;2023
352;15;JAMBI;1571;157111;1571111002;-;NAIMAH;PO;10710;-;INDUSTRI MAKANAN;KUE;0;-;-;2023
353;15;JAMBI;1571;157111;1571111002;-;RAHMAWATI;PO;10710;TEPUNG,TELUR;INDUSTRI MAKANAN;KUE;0;-;-;2023
354;15;JAMBI;1571;157111;1571111002;-;ROHILLA;PO;10710;TEPUNG,TELUR;INDUSTRI MAKANAN;KUE;0;-;-;2023
355;15;JAMBI;1571;157111;1571111002;-;FATIMAH;PO;10710;TEPUNG,TELUR;INDUSTRI MAKANAN;KUE;0;-;-;2023
356;15;JAMBI;1571;157111;1571111002;-;ANISA;PO;10710;-;INDUSTRI MAKANAN;KUE KERING;0;-;-;2023
357;15;JAMBI;1571;157111;1571111003;RUMAH KUE NUNA;NURUL RIZKI NANDA;PO;10710;TEPUNG,TELUR;INDUSTRI MAKANAN;KUE;0;-;-;2023
358;15;JAMBI;1571;157111;1571111003;KUE RIZKI;HANDAYANI;PO;10710;TEPUNG,TELUR;INDUSTRI MAKANAN;KUE;0;-;-;2023
359;15;JAMBI;1571;157111;1571111005;JS;RITA;PO;10710;-;INDUSTRI MAKANAN;KUE KERING DAN SOSIAL;0;-;-;2023
360;15;JAMBI;1571;157111;1571111003;BUNDA FOOD;PURWATI;PO;10710;-;INDUSTRI MAKANAN;KUE KERING;0;-;-;2023
361;15;JAMBI;1571;157101;1571011010;TIGA SAUDARA;ELLY HARTATI;PO;10710;-;INDUSTRI MAKANAN;BUMBU;300;KG;-;2023
362;15;JAMBI;1571;157101;1571011004;-;KASMAWATI;PO;10710;TEPUNG, TELUR;INDUSTRI MAKANAN;KUE;0;-;-;2023
363;15;JAMBI;1571;157101;1571011004;-;PONIRAH;PO;10710;TEPUNG, TELUR;INDUSTRI MAKANAN;KUE;0;-;-;2023
364;15;JAMBI;1571;157101;1571011010;-;NUR BAITI;PO;10710;TEPUNG, TELUR;INDUSTRI MAKANAN;KUE;0;-;-;2023
365;15;JAMBI;1571;157101;1571011010;-;HERLINA;PO;10710;TEPUNG, TELUR;INDUSTRI MAKANAN;KUE;0;-;-;2023
366;15;JAMBI;1571;157101;1571011010;-;MURAINI;PO;10710;TEPUNG, TELUR;INDUSTRI MAKANAN;KUE;0;-;-;2023
367;15;JAMBI;1571;157101;1571011010;-;YOHANA;PO;10710;TEPUNG, TELUR;INDUSTRI MAKANAN;KUE;0;-;-;2023
368;15;JAMBI;1571;157101;1571011010;-;SRI NENGSIH;PO;10710;TEPUNG, TELUR;INDUSTRI MAKANAN;KUE;0;-;-;2023
369;15;JAMBI;1571;157101;1571011010;-;SAMSURI;PO;10710;TEPUNG, TELUR;INDUSTRI MAKANAN;KUE PUKIS;0;-;-;2023
370;15;JAMBI;1571;157101;1571011010;-;SARYO;PO;10710;TEPUNG, TELUR;INDUSTRI MAKANAN;KUE PUKIS;0;-;-;2023
371;15;JAMBI;1571;157101;1571011010;-;SAWIYAH;PO;10710;TEPUNG, TELUR;INDUSTRI MAKANAN;KUE;0;-;-;2023
372;15;JAMBI;1571;157101;1571011010;-;AMPWAL;PO;10710;TEPUNG, TELUR;INDUSTRI MAKANAN;KUE;0;-;-;2023
373;15;JAMBI;1571;157101;1571011010;-;TITIN;PO;10710;TEPUNG, TELUR;INDUSTRI MAKANAN;KUE;0;-;-;2023
374;15;JAMBI;1571;157101;1571011010;-;ASIAH;PO;10710;TEPUNG, TELUR;INDUSTRI MAKANAN;KUE;0;-;-;2023
375;15;JAMBI;1571;157101;1571011010;-;JUNURAH;PO;10710;TEPUNG, TELUR;INDUSTRI MAKANAN;KUE;0;-;-;2023
376;15;JAMBI;1571;157101;1571011010;-;YETI;PO;10710;TEPUNG, TELUR;INDUSTRI MAKANAN;KUE;0;-;-;2023
377;15;JAMBI;1571;157101;1571011010;-;MARWIYAH;PO;10710;TEPUNG, TELUR;INDUSTRI MAKANAN;KUE TRADISIONAL;0;-;-;2023
378;15;JAMBI;1571;157101;1571011010;-;MAESAROH;PO;10710;TEPUNG, TELUR;INDUSTRI MAKANAN;KUE TRADISIONAL;0;-;-;2023
379;15;JAMBI;1571;157101;1571011011;-;SUFARNI;PO;10710;TEPUNG, TELUR;INDUSTRI MAKANAN;KUE;0;-;-;2023
380;15;JAMBI;1571;157101;1571011011;-;SAROH;PO;10710;TEPUNG, TELUR;INDUSTRI MAKANAN;KUE;0;-;-;2023
381;15;JAMBI;1571;157101;1571011011;-;NURMALA SARI;PO;10710;TEPUNG, TELUR;INDUSTRI MAKANAN;KUE;0;-;-;2023
382;15;JAMBI;1571;157101;1571011011;-;YUNI RATNAWATI;PO;10710;TEPUNG, TELUR;INDUSTRI MAKANAN;KUE;0;-;-;2023
383;15;JAMBI;1571;157101;1571011001;-;RIKA JAYA;PO;10710;TEPUNG, TELUR;INDUSTRI MAKANAN;KUE;0;-;-;2023
384;15;JAMBI;1571;157101;1571011001;-;MULYATI;PO;10710;TEPUNG, TELUR;INDUSTRI MAKANAN;KUE TRADISIONAL;0;-;-;2023
385;15;JAMBI;1571;157101;1571011001;-;SITI ROHANI;PO;10710;TEPUNG, TELUR;INDUSTRI MAKANAN;KUE;0;-;-;2023
386;15;JAMBI;1571;157101;1571011001;-;LISMAR;PO;10710;TEPUNG, TELUR;INDUSTRI MAKANAN;KUE;0;-;-;2023
387;15;JAMBI;1571;157101;1571011001;-;MISNAWATI;PO;10710;TEPUNG, TELUR;INDUSTRI MAKANAN;KUE;0;-;-;2023
388;15;JAMBI;1571;157101;1571011001;-;DEDI AKSAR;PO;10710;TEPUNG, TELUR;INDUSTRI MAKANAN;KUE;0;-;-;2023
389;15;JAMBI;1571;157105;1571051006;-;ROSMINAH;PO;10710;TEPUNG, TELUR;INDUSTRI MAKANAN;SEMPRONG;0;-;-;2023
390;15;JAMBI;1571;157111;1571111003;DIVA;SITI KHALIFAH;PO;10722;GULA MERAH;INDUSTRI MAKANAN;BUMBU MASAK;0;-;-;2023
391;15;JAMBI;1571;157101;1571011011;GULA AREN BULIAN ASLI;DUDI YULIANA;PO;10722;GULOA BATOK;INDUSTRI MAKANAN;GULA AREN (PENGEMASAN);0;-;-;2023
392;15;JAMBI;1571;157103;0;LINGGA HARAPAN;SULAIMAN SUSANTO;FIRMA;10723;AIR, PEWARNA;INDUSTRI MAKANAN;LIMUN;300000;LITER;-;2023
393;15;JAMBI;1571;157103;0;BALI SARI FOOD INDSUTRI;I PUTU W SANTIKA SE;PO;10723;AIR, PEWARNA;INDUSTRI MAKANAN;SIROP;70000;LITER;-;2023
394;15;JAMBI;1571;157103;0;TIRTA JAYA;LEMAN;PO;10723;AIR, PEWARNA;INDUSTRI MAKANAN;SIROP;22000;LITER;-;2023
395;15;JAMBI;1571;157109;1571091001;ADHEL;MEI FITRIANA;PO;10739;AIR, PEWARNA;INDUSTRI MAKANAN;KEMBANG GULA COKLAT;0;-;-;2023
396;15;JAMBI;1571;157109;1571091003;CINTA;PITRIA NINGSIH;PO;10739;KEMBANG GULA;INDUSTRI MAKANAN;COKLAT;0;-;-;2023
397;15;JAMBI;1571;157102;1571111005;ARUM MANIS RAINBOW;HERNANINGSIH;PO;10739;AIR, PEWARNA;INDUSTRI MAKANAN;ARUM MANIS;0;-;-;2023
398;15;JAMBI;1571;157102;1571111005;ARUM MANIS RAINBOW;HERNANINGSIH;PO;10739;AIR, PEWARNA;INDUSTRI MAKANAN;ARUM MANIS;0;-;-;2023
399;15;JAMBI;1571;157108;1503092004;Q.S, CANDY;SITI AMRONAH;PO;10739;AIR, PEWARNA;INDUSTRI MAKANAN;PERMEN;0;-;-;2023
400;15;JAMBI;1571;157111;1571111005;ARUM MANIS RAINBOW;HERNANINGSIH;PO;10739;AIR, PEWARNA;INDUSTRI MAKANAN;ARUM MANIS;0;-;-;2023
401;15;JAMBI;1571;157109;1571091001;ADHEL;MEI FITRIANA;PO;10739;AIR, PEWARNA;INDUSTRI MAKANAN;KEMBANG GULA COKLAT;0;-;-;2023
402;15;JAMBI;1571;157109;1571091003;CINTA;PITRIA NINGSIH;PO;10739;KEMBANG GULA;INDUSTRI MAKANAN;COKLAT;0;-;-;2023
403;15;JAMBI;1571;157108;1571081006;SUMARLIES;SUMARLIES;PO;10740;MIE;INDUSTRI MAKANAN;MIE BASAH;1100;KG;-;2023
404;15;JAMBI;1571;157102;1571021006;-;TAUFIK MARFIL;PO;10740;MIE;INDUSTRI MAKANAN;MIE;0;-;-;2023
405;15;JAMBI;1571;157103;1571031003;-;SARTINI;PO;10740;MIE;INDUSTRI MAKANAN;MIE;700;PORSI;-;2023
406;15;JAMBI;1571;157103;1571031003;-;ANDI;PO;10740;MIE;INDUSTRI MAKANAN;MIE AYAM;0;-;-;2023
407;15;JAMBI;1571;157108;1571081001;-;YANTOME;PO;10740;MIE;INDUSTRI MAKANAN;MIE BASAH;0;-;-;2023
408;15;JAMBI;1571;157111;1571111004;MIE MEKAR JAYA;SUIBGUAN LAW;PO;10740;MIE;INDUSTRI MAKANAN;MIE BASAH;0;-;-;2023
409;15;JAMBI;1571;157111;1571111002;-;SANIMAH;PO;10740;-;INDUSTRI MAKANAN;MIE;0;-;-;2023
410;15;JAMBI;1571;157108;1571081003;-;SUPARNO;PO;10740;TEPUNG;INDUSTRI MAKANAN;MIE;0;-;-;2023
411;15;JAMBI;1571;157108;1571081003;-;SUGIONO;PO;10740;TEPUNG;INDUSTRI MAKANAN;MIE;0;-;-;2023
412;15;JAMBI;1571;157109;1571091003;CEK MOLEK;RUSSADI;PO;10750;IKAN;INDUSTRI MAKANAN;PEMPEK;0;-;-;2023
413;15;JAMBI;1571;157109;1571091001;MAS AYU 212;RUSDIANA PERTIWI G.;PO;10750;IKAN;INDUSTRI MAKANAN;PEMPEK;0;-;-;2023
414;15;JAMBI;1571;157109;1571091001;BANG ADIT;ELLY SWARTI;PO;10750;IKAN;INDUSTRI MAKANAN;KERUPUK IKAN;0;-;-;2023
415;15;JAMBI;1571;157106;1571061005;DIAMOND;HJ. FARHANIAH;PO;10750;TEPUNG, TELUR;INDUSTRI MAKANAN;ANEKA MAKANAN OLAHAN IKAN;1728;BH;-;2023
416;15;JAMBI;1571;157106;1504062009;-;YANTI;PO;10750;IKAN;INDUSTRI MAKANAN;PEMPEK/MODEL;0;-;-;2023
417;15;JAMBI;1571;157106;1571061004;-;CEKNING;PO;10750;IKAN;INDUSTRI MAKANAN;PEMPEK/MODEL;0;-;-;2023
418;15;JAMBI;1571;157106;1571051002;-;NAJMIAH;PO;10750;IKAN;INDUSTRI MAKANAN;PEMPEK;0;-;-;2023
419;15;JAMBI;1571;157106;1571061005;-;SAFNA & RAUDAH;PO;10750;IKAN;INDUSTRI MAKANAN;TEKWAN,MODELM DAN GADO-GADO;0;-;-;2023
420;15;JAMBI;1571;157106;1571061001;-;SRI;PO;10750;DAGING;INDUSTRI MAKANAN;MIE;0;-;-;2023
421;15;JAMBI;1571;157102;1571111001;VERNY CAKE CAP KAPAL LAYAR;VERNY AVIANTY;PO;10750;IKAN;INDUSTRI MAKANAN;PEMPEK;0;-;-;2023
422;15;JAMBI;1571;157102;1571021004;TOK;GUSTINA AMORA;PO;10750;IKAN;INDUSTRI MAKANAN;TEKWAN DAN PEMPEK;0;-;-;2023
423;15;JAMBI;1571;157102;1571111003;OLIS;FITRIA SULASTRI;PO;10750;IKAN;INDUSTRI MAKANAN;PEMPEK;0;-;-;2023
424;15;JAMBI;1571;157102;1571111005;KENANG;FAHRUL ROZI;PO;10750;IKAN;INDUSTRI MAKANAN;PERGEDEL IKAN;0;-;-;2023
425;15;JAMBI;1571;157102;1571021004;TOK;GUSTINA AMORA;PO;10750;IKAN;INDUSTRI MAKANAN;TEKWAN DAN PEMPEK;0;-;-;2023
426;15;JAMBI;1571;157103;1571031010;LARIS;YENNY;PO;10750;DURIAN;INDUSTRI MAKANAN;LEMPOK;0;-;-;2023
427;15;JAMBI;1571;157108;1571081006;DUA PUTRI;ELLYNA;PO;10750;IKAN;INDUSTRI MAKANAN;PEMPEK;0;-;-;2023
428;15;JAMBI;1571;157107;1571071002;PEMPEK 4 SAUDARA;IDA RAMATASIA;PO;10750;IKAN;INDUSTRI MAKANAN;PEMPEK;0;-;-;2023
429;15;JAMBI;1571;157107;1571071002;CV.MAMAD JAYA ABADI;RONI EFENDI;PO;10750;IKAN;INDUSTRI MAKANAN;PEMPEK DAN ES;0;-;-;2023
430;15;JAMBI;1571;157107;1571071002;NONE M;SYUBANDI;PO;10750;IKAN;INDUSTRI MAKANAN;PEMPEK;0;-;-;2023
431;15;JAMBI;1571;157111;1571111001;VERNY CAKE CAP KAPAL LAYAR;VERNY AVIANTY;PO;10750;IKAN;INDUSTRI MAKANAN;PEMPEK;0;-;-;2023
432;15;JAMBI;1571;157111;1571111003;OLIS;FITRIA SULASTRI;PO;10750;IKAN;INDUSTRI MAKANAN;PEMPEK;0;-;-;2023
433;15;JAMBI;1571;157111;1571111005;KENANG;FAHRUL ROZI;PO;10750;IKAN;INDUSTRI MAKANAN;PERGEDEL IKAN;0;-;-;2023
434;15;JAMBI;1571;157105;1571051001;-;RAPIAH;PO;10750;IKAN;INDUSTRI MAKANAN;TEKWAN;0;-;-;2023
435;15;JAMBI;1571;157105;1572072003;-;KHOIRIAH;PO;10750;IKAN;INDUSTRI MAKANAN;TEKWAN/MODEL;0;-;-;2023
436;15;JAMBI;1571;157105;1571051006;-;SANTI;PO;10750;IKAN;INDUSTRI MAKANAN;TEKWAN/MODEL;0;-;-;2023
437;15;JAMBI;1571;157105;1571051006;-;MISNAYATI;PO;10750;IKAN;INDUSTRI MAKANAN;TEKWAN/MODEL;0;-;-;2023
438;15;JAMBI;1571;157105;1571051006;-;NETA;PO;10750;IKAN;INDUSTRI MAKANAN;PEMPEK/MODEL;0;-;-;2023
439;15;JAMBI;1571;157105;1572072003;-;LENIWATI;PO;10750;IKAN;INDUSTRI MAKANAN;PEMPEK/MODEL;0;-;-;2023
440;15;JAMBI;1571;157105;1572072003;-;ANANG SAYUTI;PO;10750;IKAN;INDUSTRI MAKANAN;PEMPEK/MODEL;0;-;-;2023
441;15;JAMBI;1571;157105;1572072003;-;FATIMAH;PO;10750;IKAN;INDUSTRI MAKANAN;PEMPEH/MODEL;0;-;-;2023
442;15;JAMBI;1571;157105;1571051002;-;MAIMUNAH;PO;10750;IKAN;INDUSTRI MAKANAN;PEMPEK IKAN;0;-;-;2023
443;15;JAMBI;1571;157105;1571051002;-;RAHMANI;PO;10750;TEPUNG, TELUR;INDUSTRI MAKANAN;MARTABAK;0;-;-;2023
444;15;JAMBI;1571;157101;1571011011;IBU TRI;WULANDARI;PO;10750;BUAH-BUAHAN;INDUSTRI MAKANAN;MANISAN BUAH;0;-;-;2023
445;15;JAMBI;1571;157101;1571011004;P.PEMPEK;M.IQBAL;PO;10750;IKAN;INDUSTRI MAKANAN;PEMPEK;0;-;-;2023
446;15;JAMBI;1571;157101;1571101001;RENJATI FAMILY;RIKA ENDA GUSVITA;PO;10750;JAMUR;INDUSTRI MAKANAN;RENDANG JAMUR;0;-;-;2023
447;15;JAMBI;1571;157109;1571091003;CEK MOLEK;RUSSADI;PO;10750;IKAN;INDUSTRI MAKANAN;PEMPEK;0;-;-;2023
448;15;JAMBI;1571;157109;1571091001;MAS AYU 212;RUSDIANA PERTIWI G.;PO;10750;IKAN;INDUSTRI MAKANAN;PEMPEK;0;-;-;2023
449;15;JAMBI;1571;157109;1571091001;BANG ADIT;ELLY SWARTI;PO;10750;IKAN;INDUSTRI MAKANAN;KERUPUK IKAN;0;-;-;2023
450;15;JAMBI;1571;157109;1571091001;PEMPEK AL-FATH;AGUSTONI;PO;10750;IKAN;INDUSTRI MAKANAN;PEMPEK;0;-;-;2023
451;15;JAMBI;1571;157109;1571091004;PEMPEK MAMA;AGNES ADRIANI;PO;10750;IKAN;INDUSTRI MAKANAN;PEMPEK;0;-;-;2023
452;15;JAMBI;1571;157109;1571091004;PEMPEK DWI;DEWI SANDRA;PO;10750;IKAN;INDUSTRI MAKANAN;PEMPEK;0;-;-;2023
453;15;JAMBI;1571;157106;1571061005;-;DESI ARYANI;PO;10750;IKAN;INDUSTRI MAKANAN;MODEL/TEKWAN;500;-;-;2023
454;15;JAMBI;1571;157106;1571061005;-;RUSMAN;PO;10750;IKAN;INDUSTRI MAKANAN;PEMPEK IKAN;0;-;-;2023
455;15;JAMBI;1571;157102;1571021006;PEMPEK MAMA MIA;RUDIANSYAH;PO;10750;IKAN;INDUSTRI MAKANAN;PEMPEK DAN TEKWAN;0;-;-;2023
456;15;JAMBI;1571;157102;1571021006;SAMIN TEKWAN;SAMIN;PO;10750;IKAN;INDUSTRI MAKANAN;TEKWAN;0;-;-;2023
457;15;JAMBI;1571;157102;1571021006;-;ZAINAB;PO;10750;IKAN;INDUSTRI MAKANAN;PEMPEK;0;-;-;2023
458;15;JAMBI;1571;157103;1571031001;-;MARYULI;PO;10750;IKAN;INDUSTRI MAKANAN;TEKWAN;200;BUNGKUS;-;2023
459;15;JAMBI;1571;157103;1571031001;PEMPEK ALI;ALI INDRA;PO;10750;IKAN;INDUSTRI MAKANAN;PEMPEK/TEKWAN;0;-;-;2023
460;15;JAMBI;1571;157103;1571031003;-;TRI MAKNO;PO;10750;IKAN;INDUSTRI MAKANAN;TEKWAN;0;-;-;2023
461;15;JAMBI;1571;157103;1571031003;-;ANI;PO;10750;IKAN;INDUSTRI MAKANAN;TEWAN;0;-;-;2023
462;15;JAMBI;1571;157108;1571081004;NABILA LLG;TIA;PO;10750;IKAN;INDUSTRI MAKANAN;TEKWAN;1500;-;-;2023
463;15;JAMBI;1571;157108;1571081004;TEKWAN R TIGA;SYAIFUDDIN;PO;10750;IKAN;INDUSTRI MAKANAN;TEKWAN;700;-;-;2023
464;15;JAMBI;1571;157108;1571081004;DIDING TEKWAN;DIDING;PO;10750;IKAN;INDUSTRI MAKANAN;TEKWAN;120;KG;-;2023
465;15;JAMBI;1571;157108;1571081004;EDY TEKWAN;EDY;PO;10750;IKAN;INDUSTRI MAKANAN;TEKWAN;70;KG;-;2023
466;15;JAMBI;1571;157108;1571081004;MUMUN TEKWAN;MUMUN;PO;10750;IKAN;INDUSTRI MAKANAN;TEKWAN;70;KG;-;2023
467;15;JAMBI;1571;157108;1571081004;TEKWAN BAYNAH;BAYNAH;PO;10750;IKAN;INDUSTRI MAKANAN;TEKWAN;70;KG;-;2023
468;15;JAMBI;1571;157108;1571081004;YUDI TEKWAN;YUDI;PO;10750;IKAN;INDUSTRI MAKANAN;TEKWAN;70;KG;-;2023
469;15;JAMBI;1571;157108;1571081004;KATIMAH TEKWAN;KATIMAH;PO;10750;IKAN;INDUSTRI MAKANAN;TEKWAN;70;KG;-;2023
470;15;JAMBI;1571;157108;1571081004;UUN SAUNA TEKWAN;UUN SAUNA;PO;10750;IKAN;INDUSTRI MAKANAN;TEKWAN;70;KG;-;2023
471;15;JAMBI;1571;157108;1571081004;PEMPEK ALI;ALI SALEH;PO;10750;IKAN;INDUSTRI MAKANAN;PEMPEK;30;KG;-;2023
472;15;JAMBI;1571;157111;1571111002;-;SULAIMAN EFENDI;PO;10750;IKAN;INDUSTRI MAKANAN;PEMPEK DAN TEKWAN;0;-;-;2023
473;15;JAMBI;1571;157111;1571111002;-;MARDISON;PO;10750;-;INDUSTRI MAKANAN;LONTONG DAN NASI GEMUK;0;-;-;2023
474;15;JAMBI;1571;157111;1571111002;-;RUDI IRAWAN;PO;10750;IKAN;INDUSTRI MAKANAN;PEMPEK;0;-;-;2023
475;15;JAMBI;1571;157111;1571111002;-;ERMEN KAMPAI;PO;10750;-;INDUSTRI MAKANAN;KLONTONGAN;0;-;-;2023
476;15;JAMBI;1571;157111;1571111002;-;MUHAMMAD ANSOR;PO;10750;-;INDUSTRI MAKANAN;LONTONG;0;-;-;2023
477;15;JAMBI;1571;157111;1571111002;-;ARIES SYARIFUDIN;PO;10750;IKAN;INDUSTRI MAKANAN;PEMPEK;0;-;-;2023
478;15;JAMBI;1571;157111;1571111002;-;SUDAR;PO;10750;IKAN;INDUSTRI MAKANAN;PEMPEK;0;-;-;2023
479;15;JAMBI;1571;157111;1571111002;-;TONIS DARWIN;PO;10750;IKAN;INDUSTRI MAKANAN;PEMPEK;0;-;-;2023
480;15;JAMBI;1571;157111;1571111002;-;SYAMSIDUKHA;PO;10750;IKAN;INDUSTRI MAKANAN;PEMPEK;0;-;-;2023
481;15;JAMBI;1571;157105;1571051002;-;NAJMI;PO;10750;IKAN;INDUSTRI MAKANAN;PEMPEK IKAN;0;-;-;2023
482;15;JAMBI;1571;157105;1571051002;-;ZUBAIDAH;PO;10750;IKAN;INDUSTRI MAKANAN;PEMPEK IKAN;0;-;-;2023
483;15;JAMBI;1571;157101;1571011010;ALQORNI;M.AMIN;PO;10750;IKAN;INDUSTRI MAKANAN;PEMPEK CRISPY;240;KG;-;2023
484;15;JAMBI;1571;157101;1571011004;-;EVIANI;PO;10750;-;INDUSTRI MAKANAN;PEMPEK,TEKWAN;0;-;-;2023
485;15;JAMBI;1571;157101;1571011004;-;EIS APRIANY;PO;10750;IKAN;INDUSTRI MAKANAN;PEMPEK DAN GADO-GADO;0;-;-;2023
486;15;JAMBI;1571;157101;1571011004;-;HAYATI KHAIRUNNISA;PO;10750;-;INDUSTRI MAKANAN;PEMPEK,TEKWAN;0;-;-;2023
487;15;JAMBI;1571;157101;1571011004;-;ANITA;PO;10750;-;INDUSTRI MAKANAN;PEMPEK;0;-;-;2023
488;15;JAMBI;1571;157101;1571011004;-;REBBY;PO;10750;IKAN;INDUSTRI MAKANAN;TEKWAN;0;-;-;2023
489;15;JAMBI;1571;157101;1571011004;-;TATY;PO;10750;IKAN;INDUSTRI MAKANAN;PEMPEK;0;-;-;2023
490;15;JAMBI;1571;157101;1571011004;-;ROSILA;PO;10750;-;INDUSTRI MAKANAN;PEMPEK;0;-;-;2023
491;15;JAMBI;1571;157101;1571011004;-;ELIYA;PO;10750;IKAN;INDUSTRI MAKANAN;PEMPEK;0;-;-;2023
492;15;JAMBI;1571;157101;1571011004;-;ADI MUSYARUNA;PO;10750;IKAN;INDUSTRI MAKANAN;TEKWAN;0;-;-;2023
493;15;JAMBI;1571;157101;1571011010;-;SRF AIZAH;PO;10750;IKAN;INDUSTRI MAKANAN;PEMPEK;0;-;-;2023
494;15;JAMBI;1571;157101;1571011010;-;M.ALI;PO;10750;IKAN;INDUSTRI MAKANAN;TEKWAN;0;-;-;2023
495;15;JAMBI;1571;157101;1571011010;-;SUKARSI;PO;10750;IKAN;INDUSTRI MAKANAN;PEMPEK;0;-;-;2023
496;15;JAMBI;1571;157101;1571011011;-;IBNU ABASADOR;PO;10750;IKAN;INDUSTRI MAKANAN;PEMPEK;0;-;-;2023
497;15;JAMBI;1571;157101;1571011011;-;MASUBEKTI;PO;10750;DAGING;INDUSTRI MAKANAN;BAKSO;0;-;-;2023
498;15;JAMBI;1571;157101;1571011001;-;LIKA;PO;10750;IKAN;INDUSTRI MAKANAN;PEMPEK;0;-;-;2023
499;15;JAMBI;1571;157109;1507112005;PEMPEK NUR;NURZANA;PO;10750;IKAN;INDUSTRI MAKANAN;PEMPEK;0;-;-;2023
500;15;JAMBI;1571;157109;1507112005;PEMPEK YANI A3;MARYANI;PO;10750;IKAN;INDUSTRI MAKANAN;PEMPEK;0;-;-;2023
501;15;JAMBI;1571;157107;1571071002;ANINDYA NUGGET;RIANI WIDIASTUTI;PO;10750;DAGING AYAM, TELUR,TEPUNG PANIR;INDUSTRI MAKANAN;NUGGET;900;PACK;-;2023
502;15;JAMBI;1571;157107;1571071001;AJENG;SETIA WATI;PO;10750;TEPUNG KETAN, GULA PASIR;INDUSTRI MAKANAN;DODOL, LEMPOK;320;KG;-;2023
503;15;JAMBI;1571;157102;1571021003;RENNA HATI;MARYATI;PO;10750;TELUR, MENTEGA, TERIGU;INDUSTRI MAKANAN;EGG ROLL, SOES KERING;1200;PCS;-;2023
504;15;JAMBI;1571;157106;1571061005;-;SAFNA & RAUDAH;PO;10750;TEPUNG, TELUR;INDUSTRI MAKANAN;ANEKA MAKANAN OLAHAN;1440;BH;-;2023
505;15;JAMBI;1571;157111;1571111004;YANTI CAKE AND COOKIES;FARIANTI;PO;10750;-;INDUSTRI MAKANAN;MAKANAN OLAHAN;0;-;-;2023
506;15;JAMBI;1571;157111;1571111001;BAKUL MABRUR;NURMAINA;PO;10750;-;INDUSTRI MAKANAN;MAKANAN OLAHAN;0;-;-;2023
507;15;JAMBI;1571;157108;1571081006;-;EDI SUMARDI;PO;10759;IKAN;INDUSTRI MAKANAN;PEMPEK;2500;-;-;2023
508;15;JAMBI;1571;157102;1571021004;PD AYAM RAS;TRI SUTRISNO;CV;10761;BIJI KOPI;INDUSTRI MINUMAN;KOPI BUBUK;0;-;-;2023
509;15;JAMBI;1571;157102;1571111003;NESCO;IWAN NAPIS;PO;10761;BUBUK KOPI;INDUSTRI MINUMAN;MINUMAN KOPI SUSU;0;-;-;2023
510;15;JAMBI;1571;157102;1571021004;PD AYAM RAS;TRI SUTRISNO;CV;10761;BIJI KOPI;INDUSTRI MINUMAN;KOPI BUBUK;0;-;-;2023
511;15;JAMBI;1571;157102;1571111003;NESCO;IWAN NAPIS;PO;10761;BUBUK KOPI;INDUSTRI MINUMAN;MINUMAN KOPI SUSU;0;-;-;2023
512;15;JAMBI;1571;157108;1571081006;NEFFO AAA;HIDAYAT;CV;10761;BIJI KOPI;INDUSTRI MINUMAN;PENGOLAHAN KOPI;480000;KG;-;2023
513;15;JAMBI;1571;157111;1571111003;NESCO;IWAN NAPIS;PO;10761;BUBUK KOPI;INDUSTRI MINUMAN;MINUMAN KOPI SUSU;0;-;-;2023
514;15;JAMBI;1571;157109;1571091004;KEDAI KOPI;M.ANGGA WIJAKSANA;PO;10761;BUBUK KOPI;INDUSTRI MINUMAN;KOPI;0;-;-;2023
515;15;JAMBI;1571;157109;1571091001;KEBCO;ARDHI;PO;10761;KOPI BUBUK;INDUSTRI MINUMAN;KOPI;0;-;-;2023
516;15;JAMBI;1571;157108;1571081007;BERASO COFFE;LYANTHIE SARI ANDALAS;PO;10761;BUBUK KOPI;INDUSTRI MINUMAN;KOPI;0;-;-;2023
517;15;JAMBI;1571;157103;0;GUNUNG MAS;ALI SAMAN;FIRMA;10771;GARAM, AIR;INDUSTRI MAKANAN;KECAP;75000;LITER;-;2023
518;15;JAMBI;1571;157111;1571111002;PD.SUMBER MAS (MEREK DUA AYAM);SUNARTO;PO;10771;GARAM, AIR;INDUSTRI MAKANAN;KECAP;0;-;-;2023
519;15;JAMBI;1571;157111;1571111002;PD.SUMBER MAS (MEREK DUA AYAM);SUNARTO;PO;10771;GARAM, AIR;INDUSTRI MAKANAN;KECAP;0;-;-;2023
520;15;JAMBI;1571;157103;0;ANISA RAYA;TIONI;PO;10774;AIR ASIN;INDUSTRI MAKANAN;GARAM YODIUM;12000000;KG;-;2023
521;15;JAMBI;1571;157104;0;ONODA;DARMAN WIJAYA;PO;10774;AIR ASIN;INDUSTRI MAKANAN;GARAM YODIUM;12000000;KG;-;2023
522;15;JAMBI;1571;157111;1571111002;-;MUHAMMAD YAWANIS;PO;10779;-;INDUSTRI MAKANAN;SAYUR MASAK;0;-;-;2023
523;15;JAMBI;1571;157106;1503022014;EVI HERMAWATI;EVI HERMAWATI;PO;10792;TEPUNG, TELUR;INDUSTRI MAKANAN;KUE BASAH & KUE KERING;0;-;-;2023
524;15;JAMBI;1571;157102;1571111001;AZWA;TRI MURTI;PO;10792;TEPUNG, TELUR;INDUSTRI MAKANAN;KUE BASAH & KUE KERING;0;-;-;2023
525;15;JAMBI;1571;157102;1571111001;AZWA;TRI MURTI;PO;10792;TEPUNG, TELUR;INDUSTRI MAKANAN;KUE BASAH & KUE KERING;0;-;-;2023
526;15;JAMBI;1571;157111;1571111001;AZWA;TRI MURTI;PO;10792;TEPUNG, TELUR;INDUSTRI MAKANAN;KUE BASAH & KUE KERING;0;-;-;2023
527;15;JAMBI;1571;157104;1571041004;LILY;LILYWATI PHANG;PO;10792;TEPUNG, TELUR;INDUSTRI MAKANAN;KUE;0;-;-;2023
528;15;JAMBI;1571;157101;1571011011;ALMIRA ZIKRA;SISGENAWATI;PO;10792;TEPUNG, TELUR;INDUSTRI MAKANAN;KUE BASAH & KUE KERING;0;-;-;2023
529;15;JAMBI;1571;157109;0;AMANDA BAKERY;-;PO;10792;TEPUNG, TELUR;INDUSTRI MAKANAN;KUE BASAH & KUE KERING;0;-;-;2023
530;15;JAMBI;1571;157106;1504062009;PAULA CAKE;-;PO;10792;TEPUNG, TELUR;INDUSTRI MAKANAN;KUE BASAH & KUE KERING;0;-;-;2023
531;15;JAMBI;1571;157105;1571051001;-;AZIZAH;PO;10792;-;INDUSTRI MAKANAN;KUE BASAH;0;-;-;2023
532;15;JAMBI;1571;157105;1571051001;-;MISNA YUNITA;PO;10792;-;INDUSTRI MAKANAN;KUE BASAH;0;-;-;2023
533;15;JAMBI;1571;157105;1571051001;-;ZUBAIDAH;PO;10792;-;INDUSTRI MAKANAN;KUE BASAH;0;-;-;2023
534;15;JAMBI;1571;157105;1571051001;-;ANIDA;PO;10792;-;INDUSTRI MAKANAN;KUE BASAH;0;-;-;2023
535;15;JAMBI;1571;157105;1571051001;-;SRF. NURAINI;PO;10792;-;INDUSTRI MAKANAN;KUE BASAH;0;-;-;2023
536;15;JAMBI;1571;157105;1571051001;-;NURAINI;PO;10792;-;INDUSTRI MAKANAN;KUE BASAH;0;-;-;2023
537;15;JAMBI;1571;157105;1571051001;-;HOLILA;PO;10792;-;INDUSTRI MAKANAN;KUE BASAH;0;-;-;2023
538;15;JAMBI;1571;157105;1571051003;-;AMIRAH;PO;10792;TEPUNG, TELUR;INDUSTRI MAKANAN;KUE;0;-;-;2023
539;15;JAMBI;1571;157105;1571051004;-;RUMLAH;PO;10792;TEPUNG, TELUR;INDUSTRI MAKANAN;KUE;0;-;-;2023
540;15;JAMBI;1571;157105;1571051004;-;HALIMAH TUSSADIAH;PO;10792;-;INDUSTRI MAKANAN;KUE BASAH;0;-;-;2023
541;15;JAMBI;1571;157105;1571051004;-;SARI ATIKA;PO;10792;TEPUNG, TELUR;INDUSTRI MAKANAN;KUE;0;-;-;2023
542;15;JAMBI;1571;157105;1571051002;-;KHUSNULKHOTIMA;PO;10792;TEPUNG, TELUR;INDUSTRI MAKANAN;KUE;0;-;-;2023
543;15;JAMBI;1571;157105;1571051002;-;FITRIANTY;PO;10792;TEPUNG, TELUR;INDUSTRI MAKANAN;KUE;0;-;-;2023
544;15;JAMBI;1571;157105;1571051002;-;M.AMIN;PO;10792;TEPUNG, TELUR;INDUSTRI MAKANAN;KUE;0;-;-;2023
545;15;JAMBI;1571;157105;1571051005;-;YAHYA;PO;10792;TEPUNG, TELUR;INDUSTRI MAKANAN;KUE;0;-;-;2023
546;15;JAMBI;1571;157105;1571051005;-;SITI AZA;PO;10792;-;INDUSTRI MAKANAN;KUE;0;-;-;2023
547;15;JAMBI;1571;157105;1571051005;-;MARDIAH;PO;10792;-;INDUSTRI MAKANAN;KUE;0;-;-;2023
548;15;JAMBI;1571;157105;1571051005;-;MELLY HERNAWATI;PO;10792;-;INDUSTRI MAKANAN;KUE;0;-;-;2023
549;15;JAMBI;1571;157105;1571051005;-;ARFIAH;PO;10792;-;INDUSTRI MAKANAN;KUE;0;-;-;2023
550;15;JAMBI;1571;157105;1571051005;-;HURIYA HASIM;PO;10792;-;INDUSTRI MAKANAN;KUE KERING;0;-;-;2023
551;15;JAMBI;1571;157105;1571051005;-;NURIL HASANAH;PO;10792;-;INDUSTRI MAKANAN;KUE;0;-;-;2023
552;15;JAMBI;1571;157105;1571051005;-;AZIZA;PO;10792;-;INDUSTRI MAKANAN;KUE SEMPRONG;0;-;-;2023
553;15;JAMBI;1571;157105;1571051005;-;APROYANI;PO;10792;-;INDUSTRI MAKANAN;KUE;0;-;-;2023
554;15;JAMBI;1571;157105;1571051005;-;RUSLAINI;PO;10792;-;INDUSTRI MAKANAN;KUE BOLU;0;-;-;2023
555;15;JAMBI;1571;157105;1571051005;-;DEWI MARLINA;PO;10792;-;INDUSTRI MAKANAN;KUE KERING;0;-;-;2023
556;15;JAMBI;1571;157105;1571051005;-;SARTIKA DEWI;PO;10792;-;INDUSTRI MAKANAN;KUE KERING;0;-;-;2023
557;15;JAMBI;1571;157105;1571051002;-;SONYADI;PO;10792;TEPUNG, TELUR;INDUSTRI MAKANAN;KUE BASAH;0;-;-;2023
558;15;JAMBI;1571;157105;1571051004;-;ZUBAIDAH HASYIM;PO;10792;-;INDUSTRI MAKANAN;KUE;0;-;-;2023
559;15;JAMBI;1571;157105;1571051004;-;SAFIRA SALSABILA;PO;10792;-;INDUSTRI MAKANAN;KUE;0;-;-;2023
560;15;JAMBI;1571;157105;1571051003;-;ENI ROSITA;PO;10792;-;INDUSTRI MAKANAN;KUE BASAH;0;-;-;2023
561;15;JAMBI;1571;157103;1571031008;NUR'AINIYAH;NUR'AINIYAH;PO;10792;TEPUNG, TELUR;INDUSTRI MAKANAN;KUE KERING;0;-;-;2023
562;15;JAMBI;1571;157111;1571111004;AYU;ODALIGOZEBUA;PO;10792;TEPUNG, TELUR;INDUSTRI MAKANAN;KUE KERING,KUE BASAH DAN ROTI;10;KARUNG;-;2023
563;15;JAMBI;1571;157111;1571111004;UNCU SNACK;NURNIMAN;PO;10792;-;INDUSTRI MAKANAN;MAKANAN RINGAN;30;BUNGKUS;-;2023
564;15;JAMBI;1571;157111;1571111002;-;KARAKAH;PO;10792;-;INDUSTRI MAKANAN;KUE BASAH;0;-;-;2023
565;15;JAMBI;1571;157106;1571061005;DIAMOND;HJ.FARHANIAH;PO;10792;TEPUNG, TELUR;INDUSTRI MAKANAN;ANEKA KUE BASAH;1440;BH;-;2023
566;15;JAMBI;1571;157110;1571101005;LAPIS ANGSO DUO;FITRI LIDIA;PO;10792;TEPUNG, MENTEGA, GULA;INDUSTRI MAKANAN;BROWNIES,BOLEN, BOLU;85900;KOTAK;-;2023
567;15;JAMBI;1571;157111;1571111001;DILA BAKERY DAN MADU AZ-ZAKWAN;FARIDAWATY PANE;PO;10792;TEPUNG TERIGU BUTTER,MADU;INDUSTRI MAKANAN;KUE PIA, MADU;112;KG;-;2023
568;15;JAMBI;1571;157109;1571091004;DTA CAKES;DENI SUSANTI;PO;10792;TEPUNG , GULA PASIR, MENTEGA;INDUSTRI MAKANAN;BOLU, ROTI, KUE KERING;8800;KG;-;2023
569;15;JAMBI;1571;157109;1571091004;MIREY;EVA ASMIRIYANI;PO;10792;GULA, METEGA, TEPUNG;INDUSTRI MAKANAN;BOLU CAKE;240;PCS;-;2023
570;15;JAMBI;1571;157104;1571041004;BAROKAH;BAHRAH;PO;10794;TEPUNG, TELUR;INDUSTRI MAKANAN;REMPEYEK;0;-;-;2023
571;15;JAMBI;1571;157109;0;USAHA DIAN;HERAWATI;PO;10794;-;INDUSTRI MAKANAN;KERUPUK KULIT/JANGEK;15000;KG;-;2023
572;15;JAMBI;1571;157109;1507112005;WATI;ROSMAINI;PO;10794;UBI;INDUSTRI MAKANAN;KERIPIK DAN SERUNDENG UBI JALAR;0;-;-;2023
573;15;JAMBI;1571;157109;1571091001;TING-TING;JUSMIATI;PO;10794;TEPUNG, TELUR;INDUSTRI MAKANAN;KERIPIK KACANG, PEYEK;0;-;-;2023
574;15;JAMBI;1571;157109;1571091003;RAHAYU;TRIMO RAHAYU;PO;10794;TEMPE;INDUSTRI MAKANAN;KERIPIK TEMPE;0;-;-;2023
575;15;JAMBI;1571;157109;1571091001;USAHA MANDIRI;WINDA YANTI;PO;10794;TEPUNG, TELUR;INDUSTRI MAKANAN;PEYEK;0;-;-;2023
576;15;JAMBI;1571;157109;0;5 SEDAP RASA;-;PO;10794;UBI;INDUSTRI MAKANAN;KERIPIK SINGKONG;0;-;-;2023
577;15;JAMBI;1571;157110;1571011002;ICHA JAYA;MERLIANI;PO;10794;LABU;INDUSTRI MAKANAN;KERUPUK LABU;0;-;-;2023
578;15;JAMBI;1571;157106;1571061005;SAUDAH;SAUDAH;PO;10794;TEPUNG, TELUR;INDUSTRI MAKANAN;ANEKA PEYEK/KERIPIK;1800;BUNGKUS;-;2023
579;15;JAMBI;1571;157106;1571061005;ROSRAINI;ROSNAINI;PO;10794;TEPUNG, TELUR;INDUSTRI MAKANAN;ANEKA PEYEK/KERIPIK;7200;BUNGKUS;-;2023
580;15;JAMBI;1571;157106;1504062009;YETI KHAIRANI;YETI KHAIRANI;PO;10794;TEPUNG, TELUR;INDUSTRI MAKANAN;ANEKA PEYEK/KERIPIK;54000;BUNGKUS;-;2023
581;15;JAMBI;1571;157106;1504062009;MISWANI;MISWANI;PO;10794;TEPUNG, TELUR;INDUSTRI MAKANAN;ANEKA PEYEK/KERIPIK;36000;BUNGKUS;-;2023
582;15;JAMBI;1571;157106;1504062009;AISYAH;AISYAH;PO;10794;TEPUNG, TELUR;INDUSTRI MAKANAN;ANEKA PEYEK/KERIPIK;54000;BUNGKUS;-;2023
583;15;JAMBI;1571;157106;1571061005;SAUDAH;SAUIDAH;PO;10794;IKAN;INDUSTRI MAKANAN;KERUPUK IKAN;1000;KG;-;2023
584;15;JAMBI;1571;157106;1571061005;YETI KHAIRANI;YETI KHAIRANI;PO;10794;IKAN;INDUSTRI MAKANAN;KERUPUK IKAN;1000;KG;-;2023
585;15;JAMBI;1571;157106;1571061005;KEMBANG SRI;SALMA IBRAHIM;PO;10794;IKAN;INDUSTRI MAKANAN;KERUPUK IKAN;10000;KG;-;2023
586;15;JAMBI;1571;157106;1571061005;-;MARYAM;PO;10794;IKAN;INDUSTRI MAKANAN;KERUPUK IKAN;1000;KG;-;2023
587;15;JAMBI;1571;157106;1571061005;-;FATIMAH;PO;10794;IKAN;INDUSTRI MAKANAN;KERUPUK IKAN;0;-;-;2023
588;15;JAMBI;1571;157106;1571061005;-;AMINAH H. AS;PO;10794;IKAN;INDUSTRI MAKANAN;KERUPUK IKAN;1000;KG;-;2023
589;15;JAMBI;1571;157106;1571061005;FAJAR MELATI;AMINAH H.YUSNI;PO;10794;IKAN;INDUSTRI MAKANAN;KERUPUK IKAN;1000;KG;-;2023
590;15;JAMBI;1571;157106;1571061005;-;AMINAH;PO;10794;IKAN;INDUSTRI MAKANAN;KERUPUK IKAN;1000;KG;-;2023
591;15;JAMBI;1571;157106;1571061005;-;AZIZAH;PO;10794;IKAN;INDUSTRI MAKANAN;KERUPUK IKAN;1000;KG;-;2023
592;15;JAMBI;1571;157106;1571061005;-;ROHANI;PO;10794;IKAN;INDUSTRI MAKANAN;KERUPUK IKAN;1000;KG;-;2023
593;15;JAMBI;1571;157106;1571061005;-;ROBIYATUL ADAWIYAH;PO;10794;IKAN;INDUSTRI MAKANAN;KERUPUK IKAN;1000;KG;-;2023
594;15;JAMBI;1571;157106;1571061005;-;ZUBAIDAH;PO;10794;IKAN;INDUSTRI MAKANAN;KERUPUK IKAN;1000;KG;-;2023
595;15;JAMBI;1571;157106;1571061005;-;SITI MAKNUN;PO;10794;IKAN;INDUSTRI MAKANAN;KERUPUK IKAN;1000;KG;-;2023
596;15;JAMBI;1571;157106;1571061005;SALMA;SALMA;PO;10794;IKAN;INDUSTRI MAKANAN;KERUPUK IKAN;1000;KG;-;2023
597;15;JAMBI;1571;157106;1504062009;BINA USAHA;ASMAH;IKM;10794;IKAN;INDUSTRI MAKANAN;KERUPUK IKAN;1000;KG;-;2023
598;15;JAMBI;1571;157106;1504062009;PRJN KERUPUK IKAN;MURSIDA;IKM;10794;IKAN;INDUSTRI MAKANAN;KERUPUK IKAN;1000;KG;-;2023
599;15;JAMBI;1571;157106;1504062009;-;NURHASANAH;IKM;10794;IKAN;INDUSTRI MAKANAN;KERUPUK IKAN;1000;KG;-;2023
600;15;JAMBI;1571;157102;1571111001;ZAHRAN;NIZARNINI;PO;10794;IKAN;INDUSTRI MAKANAN;KERUPUK IKAN;0;KG;-;2023
601;15;JAMBI;1571;157102;0;UCI;SITI JUARIYAH;PO;10794;PISANG, TEMPE;INDUSTRI MAKANAN;KERIPING PISANG DAN TEMPE;0;-;-;2023
602;15;JAMBI;1571;157102;1571111001;USAHA BERSAMA;ANA MARIANA;PO;10794;IKAN;INDUSTRI MAKANAN;KERUPUK IKAN;0;-;-;2023
603;15;JAMBI;1571;157102;0;TUNAS JAYA;DIDI ANSORI;PO;10794;PISANG;INDUSTRI MAKANAN;KERIPIK PISANG;0;-;-;2023
604;15;JAMBI;1571;157102;1508131001;SUBUR;ROSITA;PO;10794;TEPUNG, TELUR;INDUSTRI MAKANAN;PEYEK;0;-;-;2023
605;15;JAMBI;1571;157102;0;DI'EZA;FARAH DHIBA;PO;10794;UDANG;INDUSTRI MAKANAN;KERUPUK KAYU API;0;-;-;2023
606;15;JAMBI;1571;157111;1571111003;ARDHO;SUTI YANTI;PO;10794;TEPUNG, TELUR;INDUSTRI MAKANAN;PEYEK;41800;KG;-;2023
607;15;JAMBI;1571;157102;1571021003;MURNI;MURNIATI;PO;10794;BIJI MELINJO;INDUSTRI MAKANAN;EMPING MELINJO DAN RENGGINANG;0;-;-;2023
608;15;JAMBI;1571;157102;1571021003;GHINA'S PRODUCT;NURYANI;PO;10794;BIJI MELINJO;INDUSTRI MAKANAN;PEYEK DAN EMPING MELINJO;0;-;-;2023
609;15;JAMBI;1571;157102;1508131001;SRIDA;MARDHIYATUL IZAH;PO;10794;BIJI MELINJO;INDUSTRI MAKANAN;KERIPIK SONGKONG, KERIPIK PISANG, PEYEK KUE KERING;0;-;-;2023
610;15;JAMBI;1571;157102;1508131001;ALYA LESTARI;BAMBANG SETYAWAN;PO;10794;PISANG;INDUSTRI MAKANAN;KERIPIK PISANG;0;-;-;2023
611;15;JAMBI;1571;157102;1571111001;SUKMA;SUKMAYANI;PO;10794;TEPUNG, TELUR;INDUSTRI MAKANAN;KERIPIK PEYEK;0;-;-;2023
612;15;JAMBI;1571;157102;1571021006;EMPAT PUTRI;AYU SANTIA;PO;10794;JAGUNG;INDUSTRI MAKANAN;EMPING JAGUNG;0;-;-;2023
613;15;JAMBI;1571;157102;1571021005;DEDEK SNACK;ADE SUSANTI;PO;10794;KETAN PUTIH;INDUSTRI MAKANAN;RENGGINANG;0;-;-;2023
614;15;JAMBI;1571;157102;1571021005;GEO;MARNI;PO;10794;JAMUR;INDUSTRI MAKANAN;JAMUR CRISPY;0;-;-;2023
615;15;JAMBI;1571;157102;1508131001;NABILA;SOLEHATI;PO;10794;TEPUNG, TELUR;INDUSTRI MAKANAN;PEYEK;0;-;-;2023
616;15;JAMBI;1571;157102;1571111001;ZAHRAN;NIZARNINI;PO;10794;IKAN;INDUSTRI MAKANAN;KERUPUK IKAN;0;KG;-;2023
617;15;JAMBI;1571;157102;0;UCI;SITI JUARIYAH;PO;10794;PISANG, TEMPE;INDUSTRI MAKANAN;KERIPING PISANG DAN TEMPE;0;-;-;2023
618;15;JAMBI;1571;157102;1571111001;USAHA BERSAMA;ANA MARIANA;PO;10794;IKAN;INDUSTRI MAKANAN;KERUPUK IKAN;0;-;-;2023
619;15;JAMBI;1571;157102;0;TUNAS JAYA;DIDI ANSORI;PO;10794;PISANG;INDUSTRI MAKANAN;KERIPIK PISANG;0;-;-;2023
620;15;JAMBI;1571;157102;1508131001;SUBUR;ROSITA;PO;10794;TEPUNG, TELUR;INDUSTRI MAKANAN;PEYEK;0;-;-;2023
621;15;JAMBI;1571;157102;0;DI'EZA;FARAH DHIBA;PO;10794;UDANG;INDUSTRI MAKANAN;KERUPUK KAYU API;0;-;-;2023
622;15;JAMBI;1571;157102;1571111003;AL-BAITY 39;SUTI YANTI;PO;10794;TEPUNG, TELUR;INDUSTRI MAKANAN;PEYEK;0;-;-;2023
623;15;JAMBI;1571;157102;1571021003;MURNI;MURNIATI;PO;10794;BIJI MELINJO;INDUSTRI MAKANAN;EMPING MELINJO DAN RENGGINANG;0;-;-;2023
624;15;JAMBI;1571;157102;1571021003;GHINA'S PRODUCT;NURYANI;PO;10794;BIJI MELINJO;INDUSTRI MAKANAN;PEYEK DAN EMPING MELINJO;0;-;-;2023
625;15;JAMBI;1571;157102;1508131001;SRIDA;MARDHIYATUL IZAH;PO;10794;BIJI MELINJO;INDUSTRI MAKANAN;KERIPIK SONGKONG, KERIPIK PISANG, PEYEK KUE KERING;0;-;-;2023
626;15;JAMBI;1571;157102;1508131001;ALYA LESTARI;BAMBANG SETYAWAN;PO;10794;PISANG;INDUSTRI MAKANAN;KERIPIK PISANG;0;-;-;2023
627;15;JAMBI;1571;157102;1571111001;SUKMA;SUKMAYANI;PO;10794;TEPUNG, TELUR;INDUSTRI MAKANAN;KERIPIK PEYEK;0;-;-;2023
628;15;JAMBI;1571;157102;1571021006;EMPAT PUTRI;AYU SANTIA;PO;10794;JAGUNG;INDUSTRI MAKANAN;EMPING JAGUNG;0;-;-;2023
629;15;JAMBI;1571;157102;1571021005;DEDEK SNACK;ADE SUSANTI;PO;10794;KETAN PUTIH;INDUSTRI MAKANAN;RENGGINANG;0;-;-;2023
630;15;JAMBI;1571;157102;1571021005;GEO;MARNI;PO;10794;JAMUR;INDUSTRI MAKANAN;JAMUR CRISPY;0;-;-;2023
631;15;JAMBI;1571;157102;1508131001;NABILA;SOLEHATI;PO;10794;TEPUNG, TELUR;INDUSTRI MAKANAN;PEYEK;0;-;-;2023
632;15;JAMBI;1571;157103;0;IKAN MAS;ALEX TANDRO;PO;10794;IKAN;INDUSTRI MAKANAN;KERUPUK IKAN;24000;KG;-;2023
633;15;JAMBI;1571;157103;0;BANGAU MATAHARI;RINAWATI;PO;10794;TEPUNG, TELUR;INDUSTRI MAKANAN;KERUPUK;12000;KG;-;2023
634;15;JAMBI;1571;157103;0;KHIAN JUANG;KHIAN JUNG;PO;10794;TEPUNG, TELUR;INDUSTRI MAKANAN;KERUPUK;14400;KG;-;2023
635;15;JAMBI;1571;157103;0;REJEKI MAJU;KARDIANTO;PO;10794;TEPUNG, TELUR;INDUSTRI MAKANAN;KERUPUK;21600;KG;-;2023
636;15;JAMBI;1571;157103;0;CINTA DAMAI;HERMAN S;PO;10794;TEPUNG, TELUR;INDUSTRI MAKANAN;KERUPUK;36000;KG;-;2023
637;15;JAMBI;1571;157103;0;SUMBER REZEKI;NURHAYATI;PO;10794;TEPUNG, TELUR;INDUSTRI MAKANAN;KERUPUK;24000;KG;-;2023
638;15;JAMBI;1571;157103;1571031008;ZAZID;NUR KASMA DEWI;PO;10794;SINGKONG;INDUSTRI MAKANAN;KERIPIK SINGKONG;0;-;-;2023
639;15;JAMBI;1571;157103;1571031010;USAHA BERSAMA;LESTIA;PO;10794;PISANG;INDUSTRI MAKANAN;KERIPIK PISANG;0;-;-;2023
640;15;JAMBI;1571;157103;1571031010;CAP DUA UDANG;SUGIANTO IJO;PO;10794;UDANG;INDUSTRI MAKANAN;KERUPUK UDANG;0;-;-;2023
641;15;JAMBI;1571;157103;1571031003;YONADI;SURTANIH;PO;10794;TEPUNG, TELUR;INDUSTRI MAKANAN;REMPEYEK;0;-;-;2023
642;15;JAMBI;1571;157103;1571031003;PEYEK 3 ANAK;LEO TEDDY;PO;10794;TEPUNG, TELUR;INDUSTRI MAKANAN;REMPEYEK;0;-;-;2023
643;15;JAMBI;1571;157103;1571031008;TERATAI;TAN ELLY;PO;10794;-;INDUSTRI MAKANAN;KERUPUK DAN KUE KERING;0;-;-;2023
644;15;JAMBI;1571;157103;1571031002;R DAN S;HERI SUSANTO;PO;10794;UBI;INDUSTRI MAKANAN;KERIPIK UBI;0;-;-;2023
645;15;JAMBI;1571;157103;1571031003;PEYEK 58;SRI RAHAYU;PO;10794;TEPUNG, TELUR;INDUSTRI MAKANAN;PEYEK;0;-;-;2023
646;15;JAMBI;1571;157103;1571031006;KERUPUK PEMPEK;ZURAIDA;PO;10794;IKAN;INDUSTRI MAKANAN;KERUPUIK PEMPEK;0;-;-;2023
647;15;JAMBI;1571;157103;1571031006;KERUPUK BAKAR;UMAR HUSIN;PO;10794;IKAN;INDUSTRI MAKANAN;KERUPUK BAKAR;0;-;-;2023
648;15;JAMBI;1571;157103;1571031003;PUTRI ANGSO;CANDRA DINATA;PO;10794;UBI;INDUSTRI MAKANAN;KERIPIK UBI;0;-;-;2023
649;15;JAMBI;1571;157103;1571111002;PRING SEWU;TRI HARIYADI;PO;10794;PISANG;INDUSTRI MAKANAN;KERIPIK PISANG;0;-;-;2023
650;15;JAMBI;1571;157108;1571081006;LANGGENG JAYA;WILYANTO;PO;10794;IKAN;INDUSTRI MAKANAN;KERUPUK IKAN;15500;KG;-;2023
651;15;JAMBI;1571;157108;1571081004;LATAHZAN;TITIK DURWATI;PO;10794;TEPUNG, TELUR;INDUSTRI MAKANAN;KERIPIK PANGSIT DAN KERIPIK TEMPE;660;BUNGKUS;-;2023
652;15;JAMBI;1571;157108;1571081006;UTI BAWANG MAKCIK;NURANI;PO;10794;-;INDUSTRI MAKANAN;KERIPIK BAWANG DAN TELUR GABUS;0;-;-;2023
653;15;JAMBI;1571;157108;1571081003;USAHA MURNI;HUSNI;PO;10794;PISANG,KACANG;INDUSTRI MAKANAN;KERIPIK PISANG DAN PEYEK;0;-;-;2023
654;15;JAMBI;1571;157108;1571081004;BERKAH HIJRAH;NURYENI;PO;10794;TEPUNG, TELUR;INDUSTRI MAKANAN;PEYEK;0;-;-;2023
655;15;JAMBI;1571;157108;1571081004;ADITYA;RUDI HARTONO;PO;10794;KENTANG;INDUSTRI MAKANAN;STIK KENTANG;0;-;-;2023
656;15;JAMBI;1571;157108;1503092004;AMIR FAJRI;LOLY;PO;10794;PISANG;INDUSTRI MAKANAN;KERIPIK PISANG;0;-;-;2023
657;15;JAMBI;1571;157108;1571081006;AMANAT;ASNAWI SAPUTRA;PO;10794;JAGUNG;INDUSTRI MAKANAN;EMPING JAGUNG;0;-;-;2023
658;15;JAMBI;1571;157108;1571081002;MANIYA;SUKMAWATI;PO;10794;TEPUNG, TELUR;INDUSTRI MAKANAN;KERIPIK PANGSIT;0;-;-;2023
659;15;JAMBI;1571;157108;1571081002;BARRU;KOTO SUPRIHATIN;PO;10794;TAHU;INDUSTRI MAKANAN;KERIPIK TAHU;0;-;-;2023
660;15;JAMBI;1571;157108;1571081007;ARJUNA;SUJIANTO;PO;10794;PISANG;INDUSTRI MAKANAN;KERIPIK PISANG;0;-;-;2023
661;15;JAMBI;1571;157108;1571081003;OSIIP;HERMAWAN;PO;10794;SINGKONG;INDUSTRI MAKANAN;KERIPIK SINGKONG, KERIPIK BUAH;0;-;-;2023
662;15;JAMBI;1571;157107;0;USAHA DIAN;HERAWATI;PO;10794;-;INDUSTRI MAKANAN;KERUPUK KULIT/JANGEK;15000;KG;-;2023
663;15;JAMBI;1571;157107;1507112005;WATI;ROSMAINI;PO;10794;UBI;INDUSTRI MAKANAN;KERIPIK DAN SERUNDENG UBI JALAR;0;-;-;2023
664;15;JAMBI;1571;157107;1571071005;KUE RICKY;ISDARIANI;PO;10794;TEMPE;INDUSTRI MAKANAN;KUE TRADISIONAL,KERIPIK TEMPE, REMPEYEK;0;-;-;2023
665;15;JAMBI;1571;157107;1571071004;AKBAR;HIDAYAT;PO;10794;KETAN PUTIH;INDUSTRI MAKANAN;RENGINANG;0;-;-;2023
666;15;JAMBI;1571;157107;1571091001;TING-TING;JUSMIATI;PO;10794;TEPUNG, TELUR;INDUSTRI MAKANAN;KERIPIK KACANG, PEYEK;0;-;-;2023
667;15;JAMBI;1571;157107;1571071002;ALIFAH MINANG;APRIANSYAH;PO;10794;-;INDUSTRI MAKANAN;KERUPUK KULIT;0;-;-;2023
668;15;JAMBI;1571;157107;1571071004;ANUGRAH;CHOLIFAH;PO;10794;TEPUNG, TELUR;INDUSTRI MAKANAN;PEYEK;0;-;-;2023
669;15;JAMBI;1571;157107;1571071002;MAULANA;MUS MULYADI;PO;10794;IKAN;INDUSTRI MAKANAN;KERUPUK IKAN DAN KEMPLANG;0;-;-;2023
670;15;JAMBI;1571;157107;1571071004;INEM;BADRIAH;PO;10794;TEPUNG, TELUR;INDUSTRI MAKANAN;KERIPIK PANGSIT DAN KACANG TELOR;0;-;-;2023
671;15;JAMBI;1571;157107;1571071002;MORIS CORN;SUKIR;PO;10794;JAGUNG;INDUSTRI MAKANAN;ANEKA PRODUK JAGUNG;0;-;-;2023
672;15;JAMBI;1571;157107;1571071005;ANA;MARTINI;PO;10794;UBI;INDUSTRI MAKANAN;LANTING SINGKONG;0;-;-;2023
673;15;JAMBI;1571;157107;1571071005;KURNIA CASSAVA;KASMINI HARIYANTI;PO;10794;UBI;INDUSTRI MAKANAN;KERIPIK UBI;0;-;-;2023
674;15;JAMBI;1571;157107;1571071001;RISKY;RHAYU;PO;10794;SINGKONG;INDUSTRI MAKANAN;KERIPIK UBI PEDAS;1000;KG;-;2023
675;15;JAMBI;1571;157111;1571111005;BUK LILIS;LILIS;PO;10794;TEPUNG, TELUR;INDUSTRI MAKANAN;KERIPIK PANGSIT;3650;KG;-;2023
676;15;JAMBI;1571;157111;1571111001;ZAHRAN;NIZARNINI;PO;10794;IKAN;INDUSTRI MAKANAN;KERUPUK IKAN;0;KG;-;2023
677;15;JAMBI;1571;157111;1571111001;USAHA BERSAMA;ANA MARIANA;PO;10794;IKAN;INDUSTRI MAKANAN;KERUPUK IKAN;0;-;-;2023
678;15;JAMBI;1571;157111;1571111003;PUTRI 3;EVA YANTI;PO;10794;KETELA POHON;INDUSTRI MAKANAN;KERIPIK UBI;0;-;-;2023
679;15;JAMBI;1571;157111;1571111003;AL-BAITY 39;SUTI YANTI;PO;10794;TEPUNG, TELUR;INDUSTRI MAKANAN;PEYEK;0;-;-;2023
680;15;JAMBI;1571;157111;1571111001;SUKMA;SUKMAYANI;PO;10794;TEPUNG, TELUR;INDUSTRI MAKANAN;KERIPIK PEYEK;0;-;-;2023
681;15;JAMBI;1571;157104;1571041004;IDOLA SNACK;HENGKY;PO;10794;KENTANG;INDUSTRI MAKANAN;KERUPUK KENTANG;0;-;-;2023
682;15;JAMBI;1571;157105;1571051006;NURJANA;NURJANA;PO;10794;TEPUNG, TELUR;INDUSTRI MAKANAN;ANEKA PEYEK/KERIPIK;54000;BUNGKUS;-;2023
683;15;JAMBI;1571;157105;1572072003;AINIYAH;AINIYAH;PO;10794;TEPUNG, TELUR;INDUSTRI MAKANAN;ANEKA PEYEK/KERIPIK;7200;BUNGKUS;-;2023
684;15;JAMBI;1571;157105;1572072003;ZAENAB JAMIL;ZAENAB JAMIL;PO;10794;TEPUNG, TELUR;INDUSTRI MAKANAN;ANEKA PEYEK/KERIPIK;54000;BUNGKUS;-;2023
685;15;JAMBI;1571;157105;1572072003;ALAWIYAH/SANIA;ALAWIYAH/SANIA;PO;10794;TEPUNG, TELUR;INDUSTRI MAKANAN;ANEKA PEYEK/KERIPIK;54000;BUNGKUS;-;2023
686;15;JAMBI;1571;157105;1572072003;FATMA A. SOMAD;FATMA A. SOMAD;PO;10794;TEPUNG, TELUR;INDUSTRI MAKANAN;ANEKA PEYEK/KERIPIK;36000;BUNGKUS;-;2023
687;15;JAMBI;1571;157105;1572072003;AISYAH HATIB;AISYAH HATIB;PO;10794;TEPUNG, TELUR;INDUSTRI MAKANAN;ANEKA PEYEK/KERIPIK;19800;BUNGKUS;-;2023
688;15;JAMBI;1571;157105;1572072003;AMINAH IBRAHIM;AMINAH IBRAHIM;PO;10794;TEPUNG, TELUR;INDUSTRI MAKANAN;ANEKA PEYEK/KERIPIK;1728;BUNGKUS;-;2023
689;15;JAMBI;1571;157105;1572072003;PAKYU;PAKYU;PO;10794;TEPUNG, TELUR;INDUSTRI MAKANAN;ANEKA PEYEK/KERIPIK;54000;BUNGKUS;-;2023
690;15;JAMBI;1571;157105;1572072003;JUBET;JUBET;PO;10794;TEPUNG, TELUR;INDUSTRI MAKANAN;ANEKA PEYEK/KERIPIK;54000;BUNGKUS;-;2023
691;15;JAMBI;1571;157105;1571051002;ULIYA;ULIYA;PO;10794;TEPUNG, TELUR;INDUSTRI MAKANAN;ANEKA PEYEK/KERIPIK;1440;BUNGKUS;-;2023
692;15;JAMBI;1571;157105;1571051002;SURAYA;SURAYA;PO;10794;TEPUNG, TELUR;INDUSTRI MAKANAN;ANEKA PEYEK/KERIPIK;1440;BUNGKUS;-;2023
693;15;JAMBI;1571;157105;1572072003;WAK ESA;WAK ESA;PO;10794;IKAN;INDUSTRI MAKANAN;KERUPUK IKAN;1000;KG;-;2023
694;15;JAMBI;1571;157105;1572072003;-;ZAENAB JAMIL;PO;10794;IKAN;INDUSTRI MAKANAN;KERUPUK IKAN;1000;KG;-;2023
695;15;JAMBI;1571;157105;1572072003;ATIAH ABDULLAH;ATIAH ABDULLAH;PO;10794;IKAN;INDUSTRI MAKANAN;KERUPUK IKAN;1000;KG;-;2023
696;15;JAMBI;1571;157105;1572072003;ZUL ARINA;ZUL ARINA;PO;10794;IKAN;INDUSTRI MAKANAN;KERUPUK IKAN;1000;KG;-;2023
697;15;JAMBI;1571;157105;1572072003;-;AISYAH SAMAN;PO;10794;IKAN;INDUSTRI MAKANAN;KERUPUK IKAN;1000;KG;-;2023
698;15;JAMBI;1571;157105;1572072003;-;AMINATUL KURSIAH;PO;10794;IKAN;INDUSTRI MAKANAN;KERUPUK IKAN;1000;KG;-;2023
699;15;JAMBI;1571;157105;1572072003;-;FATIMAWATI ZAKARIA;PO;10794;IKAN;INDUSTRI MAKANAN;KERUPUK IKAN;1000;KG;-;2023
700;15;JAMBI;1571;157105;1572072003;-;FATMA SAYUTI;PO;10794;IKAN;INDUSTRI MAKANAN;KERUPUK IKAN;1000;KG;-;2023
701;15;JAMBI;1571;157105;1572072003;-;NASRIAH;PO;10794;IKAN;INDUSTRI MAKANAN;KERUPUK IKAN;1000;KG;-;2023
702;15;JAMBI;1571;157105;1571051003;-;ZUBAIDAH;PO;10794;IKAN;INDUSTRI MAKANAN;KERUPUK IKAN;1000;KG;-;2023
703;15;JAMBI;1571;157105;1572072003;-;NASRIAH;PO;10794;IKAN;INDUSTRI MAKANAN;KERUPUK IKAN;1000;KG;-;2023
704;15;JAMBI;1571;157105;1572072003;-;ZAINAB HASAN;PO;10794;IKAN;INDUSTRI MAKANAN;KERUPUK IKAN;1000;KG;-;2023
705;15;JAMBI;1571;157105;1572072003;-;SITI CHODIJAH;PO;10794;IKAN;INDUSTRI MAKANAN;KERUPUK IKAN;1000;KG;-;2023
706;15;JAMBI;1571;157105;1572072003;WAK SUPIK;WAK SUPIK;PO;10794;IKAN;INDUSTRI MAKANAN;KERUPUK IKAN;1000;KG;-;2023
707;15;JAMBI;1571;157105;1571051002;ULIYA;ULIYA;PO;10794;IKAN;INDUSTRI MAKANAN;KERUPUK IKAN;1000;KG;-;2023
708;15;JAMBI;1571;157105;1571051002;SURAYA;SURAYA;PO;10794;IKAN;INDUSTRI MAKANAN;KERUPUK IKAN;1000;KG;-;2023
709;15;JAMBI;1571;157105;1571051002;HASANA;HASANA;PO;10794;IKAN;INDUSTRI MAKANAN;KERUPUK IKAN;1000;KG;-;2023
710;15;JAMBI;1571;157105;1571051002;MARYANA;MARYANA;PO;10794;IKAN;INDUSTRI MAKANAN;KERUPUK IKAN;1000;KG;-;2023
711;15;JAMBI;1571;157105;1571051002;MUSRIDAH MUSTAFA;MUSRIDAH MUSTAFA;PO;10794;IKAN;INDUSTRI MAKANAN;KERUPUK IKAN;1000;KG;-;2023
712;15;JAMBI;1571;157105;1571051002;HOLIJAH;HOLIJAH;PO;10794;IKAN;INDUSTRI MAKANAN;KERUPUK IKAN;1000;KG;-;2023
713;15;JAMBI;1571;157105;1571051002;-;ALAWIYAH;PO;10794;IKAN;INDUSTRI MAKANAN;KERUPUK IKAN;1000;KG;-;2023
714;15;JAMBI;1571;157105;1571051002;-;ROSIDA;PO;10794;IKAN;INDUSTRI MAKANAN;KERUPUK IKAN;1000;KG;-;2023
715;15;JAMBI;1571;157105;1571051002;-;MRYANI;PO;10794;IKAN;INDUSTRI MAKANAN;KERUPUK IKAN;1000;KG;-;2023
716;15;JAMBI;1571;157105;1571051002;-;SULASTRI;PO;10794;IKAN;INDUSTRI MAKANAN;KERUPUK IKAN;1000;KG;-;2023
717;15;JAMBI;1571;157105;1571051003;WAK SUPIK;WAK SUPIK;PO;10794;IKAN;INDUSTRI MAKANAN;KERUPUK IKAN;1000;KG;-;2023
718;15;JAMBI;1571;157105;1571051003;WAK ESA;WAK ESA;PO;10794;IKAN;INDUSTRI MAKANAN;KERUPUK IKAN;1000;KG;-;2023
719;15;JAMBI;1571;157105;1571051003;-;BERSERI;PO;10794;IKAN;INDUSTRI MAKANAN;KERUPUK IKAN;1000;KG;-;2023
720;15;JAMBI;1571;157105;1571051003;-;SITI AISYAH;PO;10794;IKAN;INDUSTRI MAKANAN;KERUPUK IKAN;1000;KG;-;2023
721;15;JAMBI;1571;157105;1571051003;-;NASRIAH;PO;10794;IKAN;INDUSTRI MAKANAN;KERUPUK IKAN;1000;KG;-;2023
722;15;JAMBI;1571;157105;1571051003;FAUZIH;FAUZIH;PO;10794;IKAN;INDUSTRI MAKANAN;KERUPUK IKAN;1000;KG;-;2023
723;15;JAMBI;1571;157105;1571051003;RUSDIANTI;RUSDIANTI;PO;10794;IKAN;INDUSTRI MAKANAN;KERUPUK IKAN;1000;KG;-;2023
724;15;JAMBI;1571;157105;1571051003;ERLINA RAMZI;ERLINA RAMZI;PO;10794;IKAN;INDUSTRI MAKANAN;KERUPUK IKAN;1000;KG;-;2023
725;15;JAMBI;1571;157105;1571051003;-;ROBIATUL ADAWIAH;PO;10794;IKAN;INDUSTRI MAKANAN;KERUPUK IKAN;1000;KG;-;2023
726;15;JAMBI;1571;157105;1571051005;-;ERMIYATI ROZI;PO;10794;IKAN;INDUSTRI MAKANAN;KERUPUK IKAN;1000;KG;-;2023
727;15;JAMBI;1571;157105;1571051003;-;FAUZIAH;PO;10794;IKAN;INDUSTRI MAKANAN;KERUPUK IKAN;1000;KG;-;2023
728;15;JAMBI;1571;157105;1571051005;-;ROGAYAH;PO;10794;IKAN;INDUSTRI MAKANAN;KERUPUK IKAN;1000;KG;-;2023
729;15;JAMBI;1571;157105;1571051005;HANIN;HANINAH;PO;10794;IKAN;INDUSTRI MAKANAN;KERUPUK IKAN;1000;KG;-;2023
730;15;JAMBI;1571;157105;1571051005;NURBAYA;NURBAYA;PO;10794;IKAN;INDUSTRI MAKANAN;KERUPUK IKAN;1000;KG;-;2023
731;15;JAMBI;1571;157105;1571051005;RUGAYA;RUGAYA;PO;10794;IKAN;INDUSTRI MAKANAN;KERUPUK IKAN;1000;KG;-;2023
732;15;JAMBI;1571;157105;1571051005;HINDUN;HINDUN;PO;10794;IKAN;INDUSTRI MAKANAN;KERUPUK IKAN;1000;KG;-;2023
733;15;JAMBI;1571;157105;1504022013;HINDUN WARJONO;HINDUN WARJONO;PO;10794;IKAN;INDUSTRI MAKANAN;KERUPUK IKAN;1000;KG;-;2023
734;15;JAMBI;1571;157105;1571051006;SAKINA;SAKINA;PO;10794;IKAN;INDUSTRI MAKANAN;KERUPUK IKAN;1000;KG;-;2023
735;15;JAMBI;1571;157105;1571051006;-;NURHAYATI;PO;10794;IKAN;INDUSTRI MAKANAN;KERUPUK IKAN;1000;KG;-;2023
736;15;JAMBI;1571;157105;1572072003;PAKYU;PAKYU;PO;10794;IKAN;INDUSTRI MAKANAN;KERUPUK IKAN PANGGANG;0;-;-;2023
737;15;JAMBI;1571;157105;1572072003;JUBET;JUBET;PO;10794;IKAN;INDUSTRI MAKANAN;KERUPUK IKAN PANGGANG;0;-;-;2023
738;15;JAMBI;1571;157105;1572072003;MAKCIK TEMA;MAKCIK TEMA;PO;10794;IKAN;INDUSTRI MAKANAN;KERUPUK IKAN PANGGANG;0;-;-;2023
739;15;JAMBI;1571;157105;1572072003;-;ZUBAIDA NAWAWI;PO;10794;IKAN;INDUSTRI MAKANAN;KERUPUK IKAN PANGGANG;0;-;-;2023
740;15;JAMBI;1571;157105;1571051005;-;MELLY;PO;10794;TEPUNG, TELUR;INDUSTRI MAKANAN;PEYEK,GOYANG;0;-;-;2023
741;15;JAMBI;1571;157105;1571051002;-;NGATIK;PO;10794;-;INDUSTRI MAKANAN;EMPING;0;-;-;2023
742;15;JAMBI;1571;157105;1571051003;QODRI;LAILATUL QODRI;PO;10794;IKAN;INDUSTRI MAKANAN;KERUPUK IKAN DAN GETAS IKAN;0;-;-;2023
743;15;JAMBI;1571;157105;1571051003;KERIPIK WAK NDEK;A. TARMIZI;PO;10794;UBI;INDUSTRI MAKANAN;KERIPIK UBI;0;-;-;2023
744;15;JAMBI;1571;157105;1571051004;MAWAR;ROSINI;PO;10794;IKAN;INDUSTRI MAKANAN;KERUPUK IKAN;0;-;-;2023
745;15;JAMBI;1571;157105;1571051002;RISKA;MARYANA;PO;10794;IKAN;INDUSTRI MAKANAN;KERUPUK IKAN;0;-;-;2023
746;15;JAMBI;1571;157105;1571051003;HAFIZAH;RUSDIYANTI;PO;10794;IKAN;INDUSTRI MAKANAN;KERUPUK IKAN;0;-;-;2023
747;15;JAMBI;1571;157105;1571051001;UMMI;FAIRUZ;PO;10794;IKAN;INDUSTRI MAKANAN;KERUPUK IKAN;0;-;-;2023
748;15;JAMBI;1571;157105;1571051001;USAHA KITA;EMI DIANA;PO;10794;IKAN;INDUSTRI MAKANAN;KERIPUK IKAN;0;-;-;2023
749;15;JAMBI;1571;157105;1571051001;MELATI;RUKIAH;PO;10794;IKAN;INDUSTRI MAKANAN;KERUPUK IKAN;0;-;-;2023
750;15;JAMBI;1571;157105;1571051001;NAJWA;ELVI NURWANINGSIH;PO;10794;IKAN;INDUSTRI MAKANAN;KERUPUK IKAN;0;-;-;2023
751;15;JAMBI;1571;157105;1571051001;SUNGAI BATANGHARI;SAMIRNA;PO;10794;IKAN;INDUSTRI MAKANAN;KERUPUK IKAN;0;-;-;2023
752;15;JAMBI;1571;157105;1571051005;MEKAR WANGI;HAMINAH;PO;10794;IKAN;INDUSTRI MAKANAN;KERUPUK IKAN;0;-;-;2023
753;15;JAMBI;1571;157105;1571051005;SEKOJA;MARDIANA;PO;10794;IKAN;INDUSTRI MAKANAN;KERUPUK IKAN;0;-;-;2023
754;15;JAMBI;1571;157105;1571051003;NENG;MARYATI;PO;10794;IKAN;INDUSTRI MAKANAN;KERUPUK IKAN;0;-;-;2023
755;15;JAMBI;1571;157105;1571051003;-;SYAMSINAR;PO;10794;-;INDUSTRI MAKANAN;KERIPIK UBI JALAR;0;-;-;2023
756;15;JAMBI;1571;157105;1571051003;POK. SEKOJA;YUSMIATI;PO;10794;-;INDUSTRI MAKANAN;KERUPUK IKAN;0;-;-;2023
757;15;JAMBI;1571;157105;1571051003;-;RUSDIATI;PO;10794;-;INDUSTRI MAKANAN;KERUPUK IKAN;0;-;-;2023
758;15;JAMBI;1571;157105;1571051003;KUBE ANGGREK;UMMAYAH;PO;10794;-;INDUSTRI MAKANAN;KERUPUK IKAN;0;-;-;2023
759;15;JAMBI;1571;157105;1571051003;-;AZIZAH;PO;10794;-;INDUSTRI MAKANAN;KERUPUK IKAN;0;-;-;2023
760;15;JAMBI;1571;157105;1571051003;SRI REZEKI;HJ. SU'ADAH;PO;10794;-;INDUSTRI MAKANAN;KERUPUK IKAN;0;-;-;2023
761;15;JAMBI;1571;157105;1571051003;MUTIARA INDAH B;MARYATI;PO;10794;-;INDUSTRI MAKANAN;KERUPUK IKAN;0;-;-;2023
762;15;JAMBI;1571;157105;1571051003;-;ROBIAH AMIDI;PO;10794;-;INDUSTRI MAKANAN;KERUPUK IKAN BAKAR;0;-;-;2023
763;15;JAMBI;1571;157105;1571051003;-;FAUZAN AISYAH;PO;10794;-;INDUSTRI MAKANAN;KERUPUK IKAN;0;-;-;2023
764;15;JAMBI;1571;157105;1571051003;-;ZUWAIRIYAH;PO;10794;-;INDUSTRI MAKANAN;KERUPUK IKAN;0;-;-;2023
765;15;JAMBI;1571;157105;1571051003;-;NINING FADILAH;PO;10794;-;INDUSTRI MAKANAN;KERUPUK IKAN;0;-;-;2023
766;15;JAMBI;1571;157105;1571051001;-;HENIWATI;PO;10794;-;INDUSTRI MAKANAN;KERIPIK UBI;0;-;-;2023
767;15;JAMBI;1571;157105;1571051001;-;SALMAH;PO;10794;-;INDUSTRI MAKANAN;KERUPUK IKAN;0;-;-;2023
768;15;JAMBI;1571;157105;1571051001;-;SRI REZEKI;PO;10794;-;INDUSTRI MAKANAN;KERUPUK IKAN;0;-;-;2023
769;15;JAMBI;1571;157105;1571051001;-;TURYATI;PO;10794;-;INDUSTRI MAKANAN;KERUPUK IKAN;0;-;-;2023
770;15;JAMBI;1571;157105;1571051001;-;ANISAH;PO;10794;-;INDUSTRI MAKANAN;KERIPIK PISANG, BAWANG;0;-;-;2023
771;15;JAMBI;1571;157105;1571051001;-;NURSIMAH;PO;10794;-;INDUSTRI MAKANAN;KERUPUK IKAN;0;-;-;2023
772;15;JAMBI;1571;157105;1571051001;-;ROHANI;PO;10794;-;INDUSTRI MAKANAN;KERUPUK IKAN;0;-;-;2023
773;15;JAMBI;1571;157105;1571051001;-;AHMAD TARMIZI AR;PO;10794;-;INDUSTRI MAKANAN;KERUPUK IKAN;0;-;-;2023
774;15;JAMBI;1571;157105;1571051003;-;-;PO;10794;-;INDUSTRI MAKANAN;KERUPUK IKAN;0;-;-;2023
775;15;JAMBI;1571;157105;1571051003;-;-;PO;10794;-;INDUSTRI MAKANAN;KERUPUK IKAN;0;-;-;2023
776;15;JAMBI;1571;157105;1571051003;-;-;PO;10794;-;INDUSTRI MAKANAN;KERUPUK IKAN;0;-;-;2023
777;15;JAMBI;1571;157105;1571051003;-;-;PO;10794;-;INDUSTRI MAKANAN;KERUPUK IKAN;0;-;-;2023
778;15;JAMBI;1571;157105;1571051003;-;-;PO;10794;-;INDUSTRI MAKANAN;KERUPUK IKAN;0;-;-;2023
779;15;JAMBI;1571;157105;1571051003;-;-;PO;10794;-;INDUSTRI MAKANAN;KERUPUK IKAN;0;-;-;2023
780;15;JAMBI;1571;157105;1571051003;-;-;PO;10794;-;INDUSTRI MAKANAN;KERUPUK IKAN;0;-;-;2023
781;15;JAMBI;1571;157101;0;HAI LAI;SUHARSAN;PO;10794;IKAN;INDUSTRI MAKANAN;KERUPUK;14400;KG;-;2023
782;15;JAMBI;1571;157101;0;PUTRI MANDIRI;SITI SUPIAH;PO;10794;-;INDUSTRI MAKANAN;KERIPIK ASAM MANIS;0;-;-;2023
783;15;JAMBI;1571;157101;0;MERAMIS;DARMA YANTI;PO;10794;TEPUNG, TELUR;INDUSTRI MAKANAN;PEYEK DAN KERIPIK;0;-;-;2023
784;15;JAMBI;1571;157101;1571011002;BUDAYA;SANTI;PO;10794;TEPUNG, TELUR;INDUSTRI MAKANAN;PEYEK DAN KUE BAWANG;0;-;-;2023
785;15;JAMBI;1571;157101;1571011002;JAMILA;RINI;PO;10794;BAWANG;INDUSTRI MAKANAN;KUE BAWANG DAN KECANG GORENG;0;-;-;2023
786;15;JAMBI;1571;157101;1571011002;ANGGA;ROSNIDA;PO;10794;PISANG;INDUSTRI MAKANAN;KERIPIK PISANG;0;-;-;2023
787;15;JAMBI;1571;157101;1571011011;VIRLI;RENI ANDRIYANI;PO;10794;TEPUNG, TELUR;INDUSTRI MAKANAN;PEYEK;0;-;-;2023
788;15;JAMBI;1571;157101;1571011002;ADINKA;YUNITA;PO;10794;IKAN;INDUSTRI MAKANAN;RENGGINANG IKAN,PILUS IKAN;0;-;-;2023
789;15;JAMBI;1571;157101;1571011002;RIPALIA;ULIA;PO;10794;IKAN;INDUSTRI MAKANAN;RENGGINANG IKAN,PILUS IKAN;0;-;-;2023
790;15;JAMBI;1571;157101;1571011002;TIZWIYA;YUNI YANTI;PO;10794;IKAN;INDUSTRI MAKANAN;RENGGINANG IKAN,PILUS IKAN;0;-;-;2023
791;15;JAMBI;1571;157101;1571011010;HIKMAH;ANDI FITRAH;PO;10794;WORTEL,UBI N LABU;INDUSTRI MAKANAN;KERIPIK WORTEL,STIK UBI N STIK LABU;0;-;-;2023
792;15;JAMBI;1571;157101;1571101001;KIKI;SRI REJEKI;PO;10794;UBI;INDUSTRI MAKANAN;KERIPIK UBI;0;-;-;2023
793;15;JAMBI;1571;157101;1571011011;NISA;TURSIAH;PO;10794;TEPUNG, TELUR;INDUSTRI MAKANAN;REMPEYEK;0;-;-;2023
794;15;JAMBI;1571;157101;1571011011;ROMANTIC FOOD;RIDWAN;PO;10794;UBI;INDUSTRI MAKANAN;KERIPIK UBI JALAR;0;-;-;2023
795;15;JAMBI;1571;-;0;KUE KERING;NUR'AINIYAH;PO;10794;-;INDUSTRI MAKANAN;KERIPIK,PEYEK,UBI;0;-;-;2023
796;15;JAMBI;1571;157109;1571091003;RAHAYU;TRIMO RAHAYU;PO;10794;TEMPE;INDUSTRI MAKANAN;KERIPIK TEMPE;0;-;-;2023
797;15;JAMBI;1571;157109;1571091001;USAHA MANDIRI;WINDA YANTI;PO;10794;TEPUNG, TELUR;INDUSTRI MAKANAN;PEYEK;0;-;-;2023
798;15;JAMBI;1571;157109;1571091004;KERIPIK RIDHO;ERLINDA YENTI;PO;10794;TEPUNG,TELUR;INDUSTRI MAKANAN;ANEKA PEYEK/KERIPIK;0;-;-;2023
799;15;JAMBI;1571;157109;1571091004;KERIPIK RIKA;SUKARSIH;PO;10794;TEPUNG,TELUR;INDUSTRI MAKANAN;ANEKA PEYEK/KERIPIK;0;-;-;2023
800;15;JAMBI;1571;157109;1571091004;KERIPIK KARLINI;KARLINI;PO;10794;PISANG;INDUSTRI MAKANAN;KERIPIK PISANG;0;-;-;2023
801;15;JAMBI;1571;157109;1571091004;KERIPIK PEDAS SARI;MARLIANAN SARI;PO;10794;SINGKONG;INDUSTRI MAKANAN;KERIPIK PEDAS;0;-;-;2023
802;15;JAMBI;1571;157109;1571091004;KERIPIK ANIK;ANIK SUJARWATI;PO;10794;SINGKONG;INDUSTRI MAKANAN;KERIPIK UBI BALADO;0;-;-;2023
803;15;JAMBI;1571;157109;1571091004;KERIPIK EKA;EKA PITRIWATI;PO;10794;SINGKONG;INDUSTRI MAKANAN;KERIPIK UBI;0;-;-;2023
804;15;JAMBI;1571;157109;1571091004;PEYEK KACANG FITRI;FITRIYANI;PO;10794;TEPUNG,TELUR;INDUSTRI MAKANAN;PEYEK KACANG;0;-;-;2023
805;15;JAMBI;1571;157109;1507112005;KERUPUK 569;AL ABIZAHRI;PO;10794;IKAN;INDUSTRI MAKANAN;KERUPUK PALEMBANG;0;-;-;2023
806;15;JAMBI;1571;157109;1571091001;KERUPUK JENGKOL;KI WULANDARI;PO;10794;TEPUNG,TELUR;INDUSTRI MAKANAN;KERUPUK JENGKOL;0;-;-;2023
807;15;JAMBI;1571;157109;1571091001;KERUPUK RIZKI;ERIYADI YAHLIAN;PO;10794;IKAN;INDUSTRI MAKANAN;KERUPUK IKAN;0;-;-;2023
808;15;JAMBI;1571;157110;1571101005;SRIKANDI;RUKIAH DADANG;PO;10794;UBI;INDUSTRI MAKANAN;STIK UBI;0;-;-;2023
809;15;JAMBI;1571;157110;1571101002;BUNGA TANJUNG;TETTY;PO;10794;TEPUNG, TELUR;INDUSTRI MAKANAN;PEYEK;0;-;-;2023
810;15;JAMBI;1571;157110;1571101003;OMA;YOGI DWI PUTRA;PO;10794;TEPUNG, TELUR;INDUSTRI MAKANAN;PANGSIT GORENG;0;-;-;2023
811;15;JAMBI;1571;157110;1571101005;WAK NING;NURHASANAH;PO;10794;IKAN;INDUSTRI MAKANAN;KERUPUK IKAN;0;-;-;2023
812;15;JAMBI;1571;157110;1571101005;C'NIL;NIRLINA;PO;10794;TEPUNG, TELUR;INDUSTRI MAKANAN;REMPEYEK;0;-;-;2023
813;15;JAMBI;1571;157110;1571101003;USAHA KELUARGA;A HIDAYAT;PO;10794;IKAN;INDUSTRI MAKANAN;KERUPUK IKAN;0;-;-;2023
814;15;JAMBI;1571;157110;1571101003;BUNGA TANJUNG;SURMAWATI;PO;10794;TEPUNG, TELUR;INDUSTRI MAKANAN;PEYEK,KRIPIK PISANG;0;-;-;2023
815;15;JAMBI;1571;157110;1571101001;PISANG SAKIT;SOFIAN FARIS;PO;10794;PISANG;INDUSTRI MAKANAN;PISANG;0;-;-;2023
816;15;JAMBI;1571;157106;1504062009;PRJN KERUPUK IKAN;MAIMUNAH;IKM;10794;IKAN;INDUSTRI MAKANAN;KERUPUK IKAN;1000;KG;-;2023
817;15;JAMBI;1571;157106;1504062009;PRJN KERUPUK IKAN;NAJMAH;IKM;10794;IKAN;INDUSTRI MAKANAN;KERUPUK IKAN;1000;KG;-;2023
818;15;JAMBI;1571;157106;1504062009;BINA USAHA;MARYANTI;IKM;10794;IKAN;INDUSTRI MAKANAN;KERUPUK IKAN;1000;KG;-;2023
819;15;JAMBI;1571;157106;1504062009;ROSRAINI;ROSRAINI;PO;10794;IKAN;INDUSTRI MAKANAN;KERUPUK IKAN;1000;KG;-;2023
820;15;JAMBI;1571;157106;1504062009;ASMA;AISYAH;PO;10794;IKAN;INDUSTRI MAKANAN;KERUPUK IKAN;1000;KG;-;2023
821;15;JAMBI;1571;157106;1504062009;AINIYAH;AINIYAH;PO;10794;IKAN;INDUSTRI MAKANAN;KERUPUK IKAN;1000;KG;-;2023
822;15;JAMBI;1571;157106;1504062009;FATMA A. SOMAD;FATMA A. SOMAD;PO;10794;IKAN;INDUSTRI MAKANAN;KERUPUK IKAN;1000;KG;-;2023
823;15;JAMBI;1571;157106;1504062009;AISYAH HATIB;AISYAH HATIB;PO;10794;IKAN;INDUSTRI MAKANAN;KERUPUK IKAN;1000;KG;-;2023
824;15;JAMBI;1571;157106;1504062009;PERAJIN KERUPUK;MAIMUNAH;PO;10794;IKAN;INDUSTRI MAKANAN;KERUPUK IKAN;1000;KG;-;2023
825;15;JAMBI;1571;157106;1503022014;AMINAH;AMINAH;PO;10794;IKAN;INDUSTRI MAKANAN;KERUPUK IKAN;100;KG;-;2023
826;15;JAMBI;1571;157106;1504062009;AISYAH;AISYAH;PO;10794;IKAN;INDUSTRI MAKANAN;KERUPUK IKAN PANGGANG;0;-;-;2023
827;15;JAMBI;1571;157106;1571061005;-;AMNAH;PO;10794;IKAN;INDUSTRI MAKANAN;KERUPUK IKAN PANGGANG;0;-;-;2023
828;15;JAMBI;1571;157106;1571061005;-;HJ. HALIYAH;PO;10794;IKAN;INDUSTRI MAKANAN;KERUPUK PIKAN PANGGANG;0;-;-;2023
829;15;JAMBI;1571;157106;1571061005;-;HOIRIYAH;PO;10794;IKAN;INDUSTRI MAKANAN;KERUPUK IKAN PANGGANG;0;-;-;2023
830;15;JAMBI;1571;157106;1504062009;H & N;NISWANI;PO;10794;IKAN;INDUSTRI MAKANAN;KERUPUK IKAN PANGGANG;0;-;-;2023
831;15;JAMBI;1571;157106;1571061004;MAKNGAH;RUSNIAH;PO;10794;KACANG;INDUSTRI MAKANAN;KUE KUPING KANCIL;0;-;-;2023
832;15;JAMBI;1571;157106;1503022014;RTS. KARTINI;RTS KARTINI;PO;10794;KETELA POHON;INDUSTRI MAKANAN;KERIPIK UBI;10000;BUNGKUS;-;2023
833;15;JAMBI;1571;157106;1571061005;SALWA;MAIDAYANTI;PO;10794;IKAN;INDUSTRI MAKANAN;PEMPEK;0;-;-;2023
834;15;JAMBI;1571;157106;1504062009;CEKNING;HUSNIATI;PO;10794;TEPUNG, TELUR;INDUSTRI MAKANAN;PEYEK;0;-;-;2023
835;15;JAMBI;1571;157106;1571061005;KERUPUK BAKAR BERKAH;HALIAH;PO;10794;IKAN;INDUSTRI MAKANAN;KERUPUK IKAN;0;-;-;2023
836;15;JAMBI;1571;157106;1504062009;BUREN;KHAIRON ANSORI;PO;10794;UBI;INDUSTRI MAKANAN;KERIPIK SINGKONG;0;-;-;2023
837;15;JAMBI;1571;157106;1571061004;INSAN MANDIRI I;NUR ASIA;PO;10794;IKAN;INDUSTRI MAKANAN;KERUPUK IKAN;0;KG;-;2023
838;15;JAMBI;1571;157106;1571061004;INSAN MANDIRI 3;JURAIDA;-;10794;-;INDUSTRI MAKANAN;MAKANAN;0;KG;-;2023
839;15;JAMBI;1571;157106;1571061005;-;SALMA HATI;PO;10794;IKAN;INDUSTRI MAKANAN;KERUPUK IKAN;500;-;-;2023
840;15;JAMBI;1571;157106;1571061005;-;YETI CHAIRANI;PO;10794;IKAN;INDUSTRI MAKANAN;KERUPUK IKAN;500;-;-;2023
841;15;JAMBI;1571;157106;1571061005;-;FATIMAH;PO;10794;IKAN;INDUSTRI MAKANAN;KERUPUK IKAN;500;-;-;2023
842;15;JAMBI;1571;157106;1571061005;-;FAUZIAH;PO;10794;IKAN;INDUSTRI MAKANAN;KERUPUK IKAN;500;-;-;2023
843;15;JAMBI;1571;157106;1571061001;-;NURIAH KADIR;PO;10794;TEPUNG, TELUR;INDUSTRI MAKANAN;PEYEK;0;-;-;2023
844;15;JAMBI;1571;157106;1571061001;-;ULYAH;PO;10794;TEPUNG, TELUR;INDUSTRI MAKANAN;KERIPIK;0;-;-;2023
845;15;JAMBI;1571;157106;1504062009;-;LUTFIAH;PO;10794;IKAN;INDUSTRI MAKANAN;KERUPUK;0;-;-;2023
846;15;JAMBI;1571;157106;1504062009;-;ROSDAWATI;PO;10794;IKAN;INDUSTRI MAKANAN;KERUPUK;0;-;-;2023
847;15;JAMBI;1571;157106;1504062009;-;RUKIAH;PO;10794;IKAN;INDUSTRI MAKANAN;KERUPUK;0;-;-;2023
848;15;JAMBI;1571;157106;1504062009;-;M.HAFIZ;PO;10794;IKAN;INDUSTRI MAKANAN;PEMPEK;0;-;-;2023
849;15;JAMBI;1571;157106;1504062009;-;SUMARNI;PO;10794;IKAN;INDUSTRI MAKANAN;KERUPUK IKAN;0;-;-;2023
850;15;JAMBI;1571;157106;1504062009;-;HUSNAINI;PO;10794;IKAN;INDUSTRI MAKANAN;PEMPEK;0;-;-;2023
851;15;JAMBI;1571;157106;1504062009;-;ETIN;PO;10794;IKAN;INDUSTRI MAKANAN;KERUPUK;0;-;-;2023
852;15;JAMBI;1571;157106;1504062009;-;FATMAWATI;PO;10794;TEPUNG, TELUR;INDUSTRI MAKANAN;KERIPIK;0;-;-;2023
853;15;JAMBI;1571;157106;1504062009;-;H.RUKIAH;PO;10794;IKAN;INDUSTRI MAKANAN;KERUPUK;0;-;-;2023
854;15;JAMBI;1571;157106;1504062009;-;RTS.ZAHARA;PO;10794;IKAN;INDUSTRI MAKANAN;KERUPUK;0;-;-;2023
855;15;JAMBI;1571;157106;1504062009;-;ASMAH ROZALI;PO;10794;IKAN;INDUSTRI MAKANAN;KERUPUK;0;-;-;2023
856;15;JAMBI;1571;157106;1504062009;-;YULIDARSIH;PO;10794;IKAN;INDUSTRI MAKANAN;KERUPUK IKAN;0;-;-;2023
857;15;JAMBI;1571;157106;1504062009;-;RTS.ZAINUNAH;PO;10794;IKAN;INDUSTRI MAKANAN;KERUPUK IKAN;0;-;-;2023
858;15;JAMBI;1571;157106;1504062009;-;HALIMATUSA'DIYAH;PO;10794;IKAN;INDUSTRI MAKANAN;KERUPUK;0;-;-;2023
859;15;JAMBI;1571;157106;1504062009;-;SALABIAH;PO;10794;TEPUNG,TELUR;INDUSTRI MAKANAN;KERIPIK;0;-;-;2023
860;15;JAMBI;1571;157106;1504062009;-;SARINA;PO;10794;IKAN;INDUSTRI MAKANAN;KERUPUK;0;-;-;2023
861;15;JAMBI;1571;157106;1571061005;-;ASMAH;PO;10794;IKAN;INDUSTRI MAKANAN;KERUPUK IKAN;0;-;-;2023
862;15;JAMBI;1571;157106;1571061005;-;ZAINABUN;PO;10794;IKAN;INDUSTRI MAKANAN;KERUPUK IKAN;0;-;-;2023
863;15;JAMBI;1571;157106;1571061005;-;ATIYAH;PO;10794;IKAN;INDUSTRI MAKANAN;KERUPUK IKAN;0;-;-;2023
864;15;JAMBI;1571;157106;1571061005;-;ULYA H.MUHAMMAD;PO;10794;IKAN;INDUSTRI MAKANAN;KERUPUK IKAN;0;-;-;2023
865;15;JAMBI;1571;157106;1571061005;-;HJ.KHODIJAH;PO;10794;IKAN;INDUSTRI MAKANAN;KERUPUK IKAN;0;-;-;2023
866;15;JAMBI;1571;157106;1571061005;-;RUSMIYATI;PO;10794;IKAN;INDUSTRI MAKANAN;KERUPUK IKAN;0;-;-;2023
867;15;JAMBI;1571;157106;1571061005;-;SA'DIYAH;PO;10794;IKAN;INDUSTRI MAKANAN;KERUPUK IKAN BAKAR;0;-;-;2023
868;15;JAMBI;1571;157106;1571061005;-;HINDUN;PO;10794;IKAN;INDUSTRI MAKANAN;KERUPUK IKAN;0;-;-;2023
869;15;JAMBI;1571;157106;1571061005;-;HAFIZOH;PO;10794;IKAN;INDUSTRI MAKANAN;KERUPUK IKAN;0;-;-;2023
870;15;JAMBI;1571;157106;1571061005;-;FARIDA;PO;10794;IKAN;INDUSTRI MAKANAN;KERUPUK IKAN;0;-;-;2023
871;15;JAMBI;1571;157106;1571061005;-;HELMIAH;PO;10794;IKAN;INDUSTRI MAKANAN;KERUPUK IKAN;0;-;-;2023
872;15;JAMBI;1571;157106;1571061005;-;SITI AMINAH;PO;10794;IKAN;INDUSTRI MAKANAN;KERUPUK IKAN;0;-;-;2023
873;15;JAMBI;1571;157106;1571061005;-;ROSDIATI;PO;10794;IKAN;INDUSTRI MAKANAN;KERUPUK IKAN;0;-;-;2023
874;15;JAMBI;1571;157106;1571061005;-;YETTI CHAIRONI;PO;10794;IKAN;INDUSTRI MAKANAN;KERUPUK IKAN;0;-;-;2023
875;15;JAMBI;1571;157106;1571061005;-;MASTURA;PO;10794;IKAN;INDUSTRI MAKANAN;KERUPUK IKAN;0;-;-;2023
876;15;JAMBI;1571;157106;1571061005;-;SUMIYATI;PO;10794;IKAN;INDUSTRI MAKANAN;KERUPUK IKAN;0;-;-;2023
877;15;JAMBI;1571;157106;1571061005;-;NASRIAH;PO;10794;IKAN;INDUSTRI MAKANAN;KERUPUK IKAN;0;-;-;2023
878;15;JAMBI;1571;157106;1571061005;-;HABSAH;PO;10794;IKAN;INDUSTRI MAKANAN;KERUPUK IKAN;0;-;-;2023
879;15;JAMBI;1571;157106;1571061005;-;SITI AISYAH;PO;10794;IKAN;INDUSTRI MAKANAN;KERUPUK IKAN;0;-;-;2023
880;15;JAMBI;1571;157106;1571061005;-;SOFYAH;PO;10794;IKAN;INDUSTRI MAKANAN;KERUPUK IKAN;0;-;-;2023
881;15;JAMBI;1571;157106;1571061005;-;SRI DARMAWATI;PO;10794;TEPUNG,TELUR;INDUSTRI MAKANAN;KERIPIK;0;-;-;2023
882;15;JAMBI;1571;157106;1571061004;-;NUR AINI;PO;10794;IKAN;INDUSTRI MAKANAN;KERUPUK IKAN;0;-;-;2023
883;15;JAMBI;1571;157106;1571061004;-;MAZNAH;PO;10794;TEPUNG,TELUR;INDUSTRI MAKANAN;KERIPIK;0;-;-;2023
884;15;JAMBI;1571;157106;1571061004;-;BAINA;PO;10794;IKAN;INDUSTRI MAKANAN;KERUPUK IKAN;0;-;-;2023
885;15;JAMBI;1571;157106;1571061004;-;YULI ARNI;PO;10794;IKAN;INDUSTRI MAKANAN;KERUPUK IKAN;0;-;-;2023
886;15;JAMBI;1571;157106;1571061004;-;MARYANA;PO;10794;IKAN;INDUSTRI MAKANAN;KERUPUK IKAN;0;-;-;2023
887;15;JAMBI;1571;157106;1571061004;-;ZULYANA;PO;10794;IKAN;INDUSTRI MAKANAN;KERUPUK IKAN;0;-;-;2023
888;15;JAMBI;1571;157103;1571031003;-;SITI;PO;10794;UBI;INDUSTRI MAKANAN;KERIPIK;0;-;-;2023
889;15;JAMBI;1571;157103;1571031003;-;MARLINA;PO;10794;UBI;INDUSTRI MAKANAN;KERIPIK;0;-;-;2023
890;15;JAMBI;1571;157103;1571031003;-;RODIAH;PO;10794;UBI;INDUSTRI MAKANAN;KERIPIK;0;-;-;2023
891;15;JAMBI;1571;157103;1571031003;-;TURIYEM;PO;10794;UBI;INDUSTRI MAKANAN;KERIPIK;0;-;-;2023
892;15;JAMBI;1571;157103;1571031003;-;BURHAN;PO;10794;UBI;INDUSTRI MAKANAN;KERIPIK;0;-;-;2023
893;15;JAMBI;1571;157103;1571031003;-;SARIBAGANTI;PO;10794;UBI;INDUSTRI MAKANAN;KERIPIK;0;-;-;2023
894;15;JAMBI;1571;157111;1571111003;FANSEN;YENNA;PO;10794;UBI;INDUSTRI MAKANAN;KERIPIK PISANG,KERIPIK UBI,SAMBAL KERIPIK,STIK BAWANG,;7000;-;-;2023
895;15;JAMBI;1571;157111;1571111003;ARDHO;SUTI YANTI;PO;10794;BIJI MELINJO;INDUSTRI MAKANAN;KERIPIK TEMPE,KUE KERING,REMPEYEK,EMPING JENGKOL;3500;-;-;2023
896;15;JAMBI;1571;157111;1571111003;SUKA RASA;WINARNO;PO;10794;UBI;INDUSTRI MAKANAN;KERIPIK SINGKONG,KERIPIK PISANG;3000;-;-;2023
897;15;JAMBI;1571;157111;1571111003;HANNY;YENNI;PO;10794;TEPUNG, TELUR;INDUSTRI MAKANAN;STIK KEJU;10000;-;-;2023
898;15;JAMBI;1571;157111;1571111004;KERUPUK GENDER;TARI ATUN;PO;10794;TEPUNG,TELUR;INDUSTRI MAKANAN;KERUPUK;450;KG;-;2023
899;15;JAMBI;1571;157111;1571111004;ANUGRAH;OMAN;PO;10794;TEPUNG,TELUR;INDUSTRI MAKANAN;KERUPUK KERITING;15;KAMPIL TEPUNG;-;2023
900;15;JAMBI;1571;157111;1571111004;KERUPUK AISYAH;SUPARTI;PO;10794;TEPUNG,TELUR;INDUSTRI MAKANAN;KERUPUK;10;SAK TEPUNG;-;2023
901;15;JAMBI;1571;157111;1571111002;-;MARIJAN;PO;10794;BIJI MELINJO;INDUSTRI MAKANAN;EMPING MELINJO;0;-;-;2023
902;15;JAMBI;1571;157111;1571111002;-;SAYHONI;PO;10794;IKAN;INDUSTRI MAKANAN;KERUPUK;0;-;-;2023
903;15;JAMBI;1571;157105;1571051003;-;KURNIAWATI;PO;10794;IKAN;INDUSTRI MAKANAN;KERUPUK IKAN;0;-;-;2023
904;15;JAMBI;1571;157105;1571051001;-;MARLENA;PO;10794;IKAN;INDUSTRI MAKANAN;KERUPUK IKAN;0;-;-;2023
905;15;JAMBI;1571;157105;1571051001;-;TURINA;PO;10794;IKAN;INDUSTRI MAKANAN;KERIPIK;0;-;-;2023
906;15;JAMBI;1571;157105;1571051002;-;RAMZIAH;PO;10794;IKAN;INDUSTRI MAKANAN;KERUPUK IKAN;0;-;-;2023
907;15;JAMBI;1571;157105;1571051002;-;SITIRUSNAH;PO;10794;IKAN;INDUSTRI MAKANAN;KERUPUK IKAN;0;-;-;2023
908;15;JAMBI;1571;157105;1571051002;-;FITRIYANI;PO;10794;IKAN;INDUSTRI MAKANAN;KERUPUK IKAN;0;-;-;2023
909;15;JAMBI;1571;157105;1571051002;-;ROHANA;PO;10794;IKAN;INDUSTRI MAKANAN;KERUPUK IKAN;0;-;-;2023
910;15;JAMBI;1571;157105;1571051002;-;MURSIDAH;PO;10794;IKAN;INDUSTRI MAKANAN;KERUPUK IKAN;0;-;-;2023
911;15;JAMBI;1571;157105;1571051002;-;HOIRIAH;PO;10794;IKAN;INDUSTRI MAKANAN;KERUPUK IKAN;0;-;-;2023
912;15;JAMBI;1571;157105;1571051002;-;PARIDA;PO;10794;IKAN;INDUSTRI MAKANAN;KERUPUK IKAN;0;-;-;2023
913;15;JAMBI;1571;157105;1571051002;-;NURHAIP;PO;10794;PISANG;INDUSTRI MAKANAN;KERIPIK;0;-;-;2023
914;15;JAMBI;1571;157105;1571051002;-;TITIN MARYANI;PO;10794;PISANG;INDUSTRI MAKANAN;KERIPIK;0;-;-;2023
915;15;JAMBI;1571;157105;1571051002;-;SAFII;PO;10794;PISANG;INDUSTRI MAKANAN;KERIPIK;0;-;-;2023
916;15;JAMBI;1571;157105;1571051002;-;DANILAWATI;PO;10794;IKAN;INDUSTRI MAKANAN;KERUPUK;0;-;-;2023
917;15;JAMBI;1571;157105;1571051002;-;FATIMAH;PO;10794;IKAN;INDUSTRI MAKANAN;KERUPUK;0;-;-;2023
918;15;JAMBI;1571;157105;1571051002;-;ANNAH;PO;10794;IKAN;INDUSTRI MAKANAN;KERUPUK;0;-;-;2023
919;15;JAMBI;1571;157105;1571051002;-;MARYANI;PO;10794;IKAN;INDUSTRI MAKANAN;KERUPUK;0;-;-;2023
920;15;JAMBI;1571;157105;1571051002;-;ASNIATI;PO;10794;IKAN;INDUSTRI MAKANAN;KERUPUK IKAN;0;-;-;2023
921;15;JAMBI;1571;157105;1571051002;-;HELMIYATI;PO;10794;IKAN;INDUSTRI MAKANAN;KERUPUK IKAN;0;-;-;2023
922;15;JAMBI;1571;157105;1571051002;-;HELMIAH;PO;10794;IKAN;INDUSTRI MAKANAN;KERUPUK IKAN;0;-;-;2023
923;15;JAMBI;1571;157105;1571051002;-;ROHANI;PO;10794;IKAN;INDUSTRI MAKANAN;KERUPUK IKAN;0;-;-;2023
924;15;JAMBI;1571;157105;1571051002;-;AZHAR;PO;10794;IKAN;INDUSTRI MAKANAN;KERUPUK IKAN;0;-;-;2023
925;15;JAMBI;1571;157105;1571051002;-;MARIYANA;PO;10794;IKAN;INDUSTRI MAKANAN;KERUPUK IKAN;0;-;-;2023
926;15;JAMBI;1571;157105;1571051002;-;KURNIANTO;PO;10794;IKAN;INDUSTRI MAKANAN;KERUPUK IKAN;0;-;-;2023
927;15;JAMBI;1571;157105;1571051002;-;MERIDIANA;PO;10794;IKAN;INDUSTRI MAKANAN;KERUPUK;0;-;-;2023
928;15;JAMBI;1571;157105;1571051002;-;JANGCIK;PO;10794;IKAN;INDUSTRI MAKANAN;KERUPUK;0;-;-;2023
929;15;JAMBI;1571;157105;1571051005;-;ABU BAKAR;PO;10794;IKAN;INDUSTRI MAKANAN;KERUPUK;0;-;-;2023
930;15;JAMBI;1571;157105;1571051005;-;HIJRIYAH HASAN;PO;10794;IKAN;INDUSTRI MAKANAN;KERUPUK IKAN;0;-;-;2023
931;15;JAMBI;1571;157105;1571051005;-;SITI AMINA;PO;10794;IKAN;INDUSTRI MAKANAN;KERUPUK;0;-;-;2023
932;15;JAMBI;1571;157105;1571051005;-;SYAIDAH;PO;10794;IKAN;INDUSTRI MAKANAN;KERUPUK;0;-;-;2023
933;15;JAMBI;1571;157105;1571051005;-;HERI;PO;10794;IKAN;INDUSTRI MAKANAN;KERUPUK;0;-;-;2023
934;15;JAMBI;1571;157105;1571051005;-;HODIJAH;PO;10794;IKAN;INDUSTRI MAKANAN;KERUPUK;0;-;-;2023
935;15;JAMBI;1571;157101;1571011010;-;RTS. OMMY;PO;10794;IKAN;INDUSTRI MAKANAN;KERUPUK;0;-;-;2023
936;15;JAMBI;1571;157101;1571011010;-;SUSI EMBAR SARI;PO;10794;IKAN;INDUSTRI MAKANAN;KERIPIK;0;-;-;2023
937;15;JAMBI;1571;157101;1571011010;-;YURNITA;PO;10794;TEPUNG, TELUR;INDUSTRI MAKANAN;PEYEK;0;-;-;2023
938;15;JAMBI;1571;157101;1571011010;-;DISRENO CANDRA;PO;10794;IKAN;INDUSTRI MAKANAN;KERUPUK;0;-;-;2023
939;15;JAMBI;1571;157101;1571011011;-;MASNURI;PO;10794;TEPUNG, TELUR;INDUSTRI MAKANAN;KERIPIK;0;-;-;2023
940;15;JAMBI;1571;157101;1571011001;-;PEGI JUNAIDI;PO;10794;IKAN;INDUSTRI MAKANAN;KERUPUK;0;-;-;2023
941;15;JAMBI;1571;157109;1507112005;BATAVIA;BAHARUDIN;PO;10794;IKAN;INDUSTRI MAKANAN;KERUPUK PANGGANG;0;-;-;2023
942;15;JAMBI;1571;157109;1507112005;-;RENA ANGGRAENA;PO;10794;TEPUNG,TELUR;INDUSTRI MAKANAN;KERIPIK;0;-;-;2023
943;15;JAMBI;1571;157109;1507112005;KERIPIK BU MAISURI;MAI SURI;PO;10794;TEPUNG,TELUR;INDUSTRI MAKANAN;KERIPIK;0;-;-;2023
944;15;JAMBI;1571;157109;1507112005;KERIPIK UBI ELNOVIA;ELNOVIA;PO;10794;TEPUNG,TELUR;INDUSTRI MAKANAN;KERIPIK;0;-;-;2023
945;15;JAMBI;1571;157105;1571051005;-;RATNA;PO;10794;IKAN;INDUSTRI MAKANAN;KERUPUK IKAN;0;-;-;2023
946;15;JAMBI;1571;157105;1571051005;-;SOPIAN AHMAD;PO;10794;IKAN;INDUSTRI MAKANAN;KERUPUK IKAN;0;-;-;2023
947;15;JAMBI;1571;157105;1571051005;WAK ODANG;MARIA ULFA;PO;10794;IKAN;INDUSTRI MAKANAN;KERUPUK IKAN;0;-;-;2023
948;15;JAMBI;1571;157105;1571051005;-;MEGAWATI;PO;10794;UBI;INDUSTRI MAKANAN;KERIPIK SINGKONG;0;-;-;2023
949;15;JAMBI;1571;157105;1571051005;-;ROSMINI;PO;10794;IKAN;INDUSTRI MAKANAN;KERUPUK;0;-;-;2023
950;15;JAMBI;1571;157105;1571051005;-;IRA WATI;PO;10794;IKAN;INDUSTRI MAKANAN;KERUPUK IKAN;0;-;-;2023
951;15;JAMBI;1571;157105;1571051005;-;SUTINA;PO;10794;IKAN;INDUSTRI MAKANAN;KERUPUK IKAN;0;-;-;2023
952;15;JAMBI;1571;157105;1571051005;-;ILWANA;PO;10794;UBI;INDUSTRI MAKANAN;KERUPUK;0;-;-;2023
953;15;JAMBI;1571;157105;1571051005;-;MUTA'API;PO;10794;IKAN;INDUSTRI MAKANAN;KERUPUK BAKAR;0;-;-;2023
954;15;JAMBI;1571;157105;1571051005;-;HUZAIYAH;PO;10794;IKAN;INDUSTRI MAKANAN;KERUPUK PANGGANG;0;-;-;2023
955;15;JAMBI;1571;157105;1571051005;-;YENDRI NURDIANSYAH;PO;10794;IKAN;INDUSTRI MAKANAN;KERUPUK;0;-;-;2023
956;15;JAMBI;1571;157105;1571051004;-;MUSLIMA;PO;10794;IKAN;INDUSTRI MAKANAN;KERUPUK IKAN;0;-;-;2023
957;15;JAMBI;1571;157105;1571051004;-;SANIA;PO;10794;IKAN;INDUSTRI MAKANAN;KERUPUK IKAN;0;-;-;2023
958;15;JAMBI;1571;157105;1571051004;-;TINA ANDRIANI;PO;10794;PISANG;INDUSTRI MAKANAN;KERIPIK PISANG;0;-;-;2023
959;15;JAMBI;1571;157105;1571051002;-;DEBRY MEITIN NAZILA;PO;10794;IKAN;INDUSTRI MAKANAN;KERUPUK IKAN;0;-;-;2023
960;15;JAMBI;1571;157105;1571051003;-;ROHANA;PO;10794;IKAN;INDUSTRI MAKANAN;KERUPUK IKAN;0;-;-;2023
961;15;JAMBI;1571;157105;1571051004;-;SOLEHA;PO;10794;IKAN;INDUSTRI MAKANAN;KERUPUK IKAN;0;-;-;2023
962;15;JAMBI;1571;157105;1571051004;-;PATIMA TUSSOLIHA;PO;10794;IKAN;INDUSTRI MAKANAN;KERUPUK IKAN;0;-;-;2023
963;15;JAMBI;1571;157105;1571051003;-;RUSDI YATI;PO;10794;IKAN;INDUSTRI MAKANAN;KERUPUK IKAN;0;-;-;2023
964;15;JAMBI;1571;157105;1571051003;-;AMINAH;PO;10794;IKAN;INDUSTRI MAKANAN;KERUPUK IKAN;0;-;-;2023
965;15;JAMBI;1571;157105;1571051003;-;UMAYYAH;PO;10794;IKAN;INDUSTRI MAKANAN;KERUPUK IKAN;0;-;-;2023
966;15;JAMBI;1571;157105;1571051003;-;SU'ADAH;PO;10794;IKAN;INDUSTRI MAKANAN;KERUPUK IKAN;0;-;-;2023
967;15;JAMBI;1571;157108;1503092004;OTILA SNACK;MAYA ANDAYANI;PO;10794;JAGUNG;INDUSTRI MAKANAN;MORNING JAGUNG;3600;KG;-;2023
968;15;JAMBI;1571;157104;1571041004;4S;ZAINAB JUFRI;PO;10794;TEPUNG;INDUSTRI MAKANAN;KUE KERING;2000;PCS;-;2023
969;15;JAMBI;1571;157102;1508131001;"CIRENGKU BY ""OMA AMBON""";LINA MATOKE;PO;10794;TEPUNG, MINYAK GORENG, GULA MERAH;INDUSTRI MAKANAN;CIRENG;0;-;-;2023
970;15;JAMBI;1571;157106;1504062009;ASMA;ASMA;PO;10794;TEPUNG, TELUR;INDUSTRI MAKANAN;ANEKA PEYEK/KERIPIK;7200;BUNGKUS;-;2023
971;15;JAMBI;1571;157106;1571061005;KEMBANG SRI;SALMAH IBRAHIM;PO;10794;TEPUNG, TELUR;INDUSTRI MAKANAN;ANEKA PEYEK/KERIPIK;54000;BUNGKUS;-;2023
972;15;JAMBI;1571;157106;1571061005;-;MARYAM;PO;10794;TEPUNG, TELUR;INDUSTRI MAKANAN;ANEKA PEYEK/KERIPIK;18000;BUNGKUS;-;2023
973;15;JAMBI;1571;157106;1571061005;-;FATIMAH;PO;10794;TEPUNG, TELUR;INDUSTRI MAKANAN;ANEKA PEYEK/KERIPIK;1800;BUNGKUS;-;2023
974;15;JAMBI;1571;157106;1571061005;-;AMINAH H.AS;PO;10794;TEPUNG, TELUR;INDUSTRI MAKANAN;ANEKA PEYEK/KERIPIK;9000;BUNGKUS;-;2023
975;15;JAMBI;1571;157106;1571061005;FAJAR MELATI;AMINAH H. YUSNI;PO;10794;TEPUNG, TELUR;INDUSTRI MAKANAN;ANEKA PEYEK/KERIPIK;9000;BUNGKUS;-;2023
976;15;JAMBI;1571;157106;1571061005;-;AMINAH;PO;10794;TEPUNG, TELUR;INDUSTRI MAKANAN;ANEKA PEYEK/KERIPIK;54000;BUNGKUS;-;2023
977;15;JAMBI;1571;157106;1571061005;-;AZIZAH;PO;10794;TEPUNG, TELUR;INDUSTRI MAKANAN;ANEKA PEYEK/KERIPIK;36000;BUNGKUS;-;2023
978;15;JAMBI;1571;157106;1571061005;-;ROHANI;PO;10794;TEPUNG, TELUR;INDUSTRI MAKANAN;ANEKA PEYEK/KERIPIK;1800;BUNGKUS;-;2023
979;15;JAMBI;1571;157106;1571061005;KERUPUK IKAN DIAMOND;ROBIYATUL ADAWIYAH;PO;10794;TEPUNG, TELUR;INDUSTRI MAKANAN;ANEKA PEYEK/KERIPIK;7200;BUNGKUS;-;2023
980;15;JAMBI;1571;157106;1571061005;HJ. HALIYAH;HJ. HALIYAH;PO;10794;TEPUNG, TELUR;INDUSTRI MAKANAN;ANEKA PEYEK/KERIPIK;2880;BUNGKUS;-;2023
981;15;JAMBI;1571;157106;1571061005;-;HOIRIYAH;PO;10794;TEPUNG, TELUR;INDUSTRI MAKANAN;ANEKA PEYEK/KERIPIK;2160;BUNGKUS;-;2023
982;15;JAMBI;1571;157106;1571061005;-;ZUBAIDAH;PO;10794;TEPUNG, TELUR;INDUSTRI MAKANAN;ANEKA PEYEK/KERIPIK;36000;BUNGKUS;-;2023
983;15;JAMBI;1571;157106;1571061005;-;YETI CHAIRONI;PO;10794;TEPUNG, TELUR;INDUSTRI MAKANAN;ANEKA PEYEK/KERIPIK;36000;BUNGKUS;-;2023
984;15;JAMBI;1571;157106;1571061005;-;RIJALSITI MAKNUN;PO;10794;TEPUNG, TELUR;INDUSTRI MAKANAN;ANEKA PEYEK/KERIPIK;1440;BUNGKUS;-;2023
985;15;JAMBI;1571;157106;1571061005;SAUDAH;SAUDAH;PO;10794;TEPUNG, TELUR;INDUSTRI MAKANAN;ANEKA PEYEK/KERIPIK;1440;BUNGKUS;-;2023
986;15;JAMBI;1571;157106;1571061005;SALMA;SALMA;PO;10794;TEPUNG, TELUR;INDUSTRI MAKANAN;ANEKA PEYEK/KERIPIK;1728;BUNGKUS;-;2023
987;15;JAMBI;1571;157106;1571061005;KERIPIK MAYA;BAWON;PO;10794;TEPUNG, TELUR;INDUSTRI MAKANAN;ANEKA PEYEK/KERIPIK;1440;BUNGKUS;-;2023
988;15;JAMBI;1571;157105;1571051002;WAK SUPIK;WAK SUPIK;PO;10794;TEPUNG, TELUR;INDUSTRI MAKANAN;ANEKA PEYEK/KERIPIK;7200;BUNGKUS;-;2023
989;15;JAMBI;1571;157105;1571051003;WAK ESA;WAK ESA;PO;10794;TEPUNG, TELUR;INDUSTRI MAKANAN;ANEKA PEYEK/KERIPIK;7200;BUNGKUS;-;2023
990;15;JAMBI;1571;157105;1572072003;MAKCIK TEMA;MAKCIK TEMA;PO;10794;TEPUNG, TELUR;INDUSTRI MAKANAN;ANEKA PEYEK/KERIPIK;9000;BUNGKUS;-;2023
991;15;JAMBI;1571;157105;1571051006;NURJANAH;NURJANAH;PO;10794;TEPUNG, TELUR;INDUSTRI MAKANAN;ANEKA PEYEK/KERIPIK;1440;BUNGKUS;-;2023
992;15;JAMBI;1571;157105;1571051002;-;KALAM;PO;10794;TEPUNG, TELUR;INDUSTRI MAKANAN;ANEKA PEYEK/KERIPIK;0;-;-;2023
993;15;JAMBI;1571;157111;1571111003;ARJUNA;SRIANI;PO;10794;TEPUNG, MINYAK,TELUR;INDUSTRI MAKANAN;PANGSIIT SAWI;0;-;-;2023
994;15;JAMBI;1571;157101;1571011011;NURPEMIS;ANANDA RURI SILVA;PO;10794;UBI UNGU , TAPIIOKA;INDUSTRI MAKANAN;PANGSIT UNGU, EMPING JAGUNG;23400;BUNGKUS;-;2023
995;15;JAMBI;1571;157111;1571111003;OLFAN;RINI HANDA YANI;PO;10794;UBI KAYU;INDUSTRI MAKANAN;KERIPIK UBI;9600;KG;-;2023
996;15;JAMBI;1571;157111;1571111002;ELDIKA;MARYANA;PO;10794;MENTEGA, TEPUNG, SAGU, UBI UNGU;INDUSTRI MAKANAN;PANGSIT UNGU, STIK UBBI UNGU;1080;BUNGKUS;-;2023
997;15;JAMBI;1571;157106;1571061004;INSAN MANDIRI 2;DAHNIAR;PO;10799;-;INDUSTRI MAKANAN;MAKANAN;0;KG;-;2023
998;15;JAMBI;1571;157111;1571111003;OLIS;FITRIA SULASTRI;PO;10799;TEPUNG, TELUR;INDUSTRI MAKANAN;KUE KERING DAN BASAH,KUE BAWANG,REMPEYEK,KERUPUK,BUMBU PECEL,OPAK,KERIPIK SINGKONG,KACANG GORENG;3500;-;-;2023
999;15;JAMBI;1571;157111;1571111002;-;PAING SUGIKARTO;PO;10799;-;INDUSTRI MAKANAN;TOGE;0;-;-;2023
1000;15;JAMBI;1571;157111;1571111002;-;MISNATI;PO;10799;-;INDUSTRI MAKANAN;TAPE;0;-;-;2023
1001;15;JAMBI;1571;157103;1571031003;DAPUR MAK SYAUQIE;HABSA;PO;10799;BERAS, KETAN;INDUSTRI MAKANAN;DODOL, ROTI;100;KG;-;2023
1002;15;JAMBI;1571;157101;1571101001;SAMBAL MAK KOCAI;ADE ARIYANTI;PO;10799;CABE BAWANG TOMAT;INDUSTRI MAKANAN;SAMBAL KEMASAN;14080;BOTOL;-;2023
1003;15;JAMBI;1571;157108;1503092004;OTILA SNACK;MAYA ANDAYANI;PO;10799;JAGUNG, MINYAK GORENG;INDUSTRI MAKANAN;MARNNING JAGUNG;3600;KG;-;2023
1004;15;JAMBI;1571;157101;0;TUJUH PUTRA;PARTINI;PO;10799;JAGUNG KERING, RENGGINANG;INDUSTRI MAKANAN;EMPING JAGUNG, RENGGINANG;12600;BUNGKUS;-;2023
1005;15;JAMBI;1571;157107;1571071002;NUNI SNACK;ADE NURHAYATI;PO;10974;TEPUNG, SAGU,TELUR;INDUSTRI MAKANAN;KERIPIK BAWANG KEJU;2400;BUNGKUS;-;2023
1006;15;JAMBI;1571;157101;1571011011;PEMPEK BALAP JAMBI;MAYA PUSPITA;PO;10974;IKAN,SAGU,GARAM;INDUSTRI MAKANAN;PEMPEK;480000;BUAH;-;2023
1007;15;JAMBI;1571;157104;1571041004;AULIA;KASRI JAWARNI;PO;10974;TEPUNG, MINYAK GORENG,TELUR;INDUSTRI MAKANAN;TUSUK GIGI;6000;BUNGKUS;-;2023
1008;15;JAMBI;1571;157106;1571061005;HAKARODIZA;RIDHWAN;PO;11050;AIR;INDUSTRI MINUMAN;AIR MINUM MINERAL;1728;BH;-;2023
1009;15;JAMBI;1571;157105;1571051001;-;AR. SAYUTI;PO;11050;-;INDUSTRI MINUMAN;AMIU;0;-;-;2023
1010;15;JAMBI;1571;157103;1505102009;SELINCAH;KHAIRANI;PO;11090;JAHE MERAH, GULA PUTIH, REMPAH-REMPAH;INDUSTRI MINUMAN;MINUMAN SARI JAHE;3600;BUNGKUS;-;2023
1011;15;JAMBI;1571;157111;1571111002;-;JULIANDRA AMIN;PO;11090;-;INDUSTRI MINUMAN;BANDREK DAN JAMU;0;-;-;2023
1012;15;JAMBI;1571;157103;1571111002;PL. SENANG JAYA (MEREK HOLY);FERRY TAN;PO;11090;AIR PEWARNA;INDUSTRI MINUMAN;MINUMAN BERAROMA SARSAPARILA;15OO;KG;-;2023
1013;15;JAMBI;1571;157111;1571111002;PL. SENANG JAYA (MEREK HOLY);FERRY TAN;PO;11090;AIR PEWARNA;INDUSTRI MINUMAN;MINUMAN BERAROMA SARSAPARILA;15OO;KG;-;2023
1014;15;JAMBI;1571;157111;1571111001;NUGGET FRESH;PADLULAH SUHAIMI;PO;10130 - (Industri Pengolahan dan Pengawetan Produk Daging dan Daging Unggas);-;INDUSTRI MAKANAN;MAKANAN OLAHAN;0;-;-;2023
1015;15;JAMBI;1571;157109;1571091003;-;NURLIS;PO;10130-(Industri Pengolahan Dan Pengawetan Produk Daging dan daging unggas;-;INDUSTRI MAKANAN;BAKSO;0;-;-;2023
1016;15;JAMBI;1571;157109;1571091004;-;LINDA SARI SIREGAR;PO;10130-(Industri Pengolahan Dan Pengawetan Produk Daging dan daging unggas;-;INDUSTRI MAKANAN;BAKSO;0;-;-;2023
1017;15;JAMBI;1571;157108;1571081004;BAKSO BUKDE LILIK;LILIK;PO;10130-(Industri Pengolahan dan Pengawetan Produk Daging dan Daging Unggas);-;INDUSTRI MAKANAN;MAKANAN OLAHAN DAN BAKSO;28;KG;-;2023
1018;15;JAMBI;1571;157105;1572072003;MUTIARA INDAH B;ZUMROTUL AINI;PO;10219 DAN 10792;-;INDUSTRI MAKANAN;OLAHAN IKAN DAN KUE;0;-;-;2023
1019;15;JAMBI;1571;157105;1572072003;MUTIARA INDAH B;HELMI YARNIS;PO;10219 DAN 10792;-;INDUSTRI MAKANAN;OLAHAN IKAN DAN KUE;0;-;-;2023
1020;15;JAMBI;1571;157105;1571051003;-;ERLINA ROZI;PO;10219 DAN 10794;-;INDUSTRI MAKANAN;KERUPUK IKAN DAN OLAHAN IKAN;0;-;-;2023
1021;15;JAMBI;1571;157111;1571111003;EMPING KUDA BAJA;BOWO YUNIARTO;PO;10722 dan 10794;-;INDUSTRI MAKANAN;KERIPIK DAN GULA MERAH;0;-;-;2023
1022;15;JAMBI;1571;157111;1571111002;-;M.TABRANI;PO;10750( INDUSTRI MAKANAN DAN MASAKAN OLAHAN);-;INDUSTRI MAKANAN;CATHERING DAN GADO-GADO;0;-;-;2023
1023;15;JAMBI;1571;157111;1571111002;-;SUHIRMAN;PO;10750( INDUSTRI MAKANAN DAN MASAKAN OLAHAN);-;INDUSTRI MAKANAN;CATHERING;0;-;-;2023
1024;15;JAMBI;1571;157107;1571071005;CRISPY RENBY;MUSTIKA SURYANI;PO;10750(INDUSTRI MAKANAN DAN MASAKAN OLAHAN);-;INDUSTRI MAKANAN;-;0;-;-;2023
1025;15;JAMBI;1571;157111;1571111002;-;IDA WATI;PO;10750(INDUSTRI MAKANAN DAN MASAKAN OLAHAN);-;INDUSTRI MAKANAN;CATHERING;0;-;-;2023
1026;15;JAMBI;1571;157111;1571111002;-;EDI CHANDRA;PO;10750(INDUSTRI MAKANAN DAN MASAKAN OLAHAN);-;INDUSTRI MAKANAN;CATHERING;0;-;-;2023
1027;15;JAMBI;1571;157109;0;IKKE BONITA;IKKE BONITA;PO;10792 - (Industri Kue Basah);-;INDUSTRI MAKANAN;BROWNIES;0;-;-;2023
1028;15;JAMBI;1571;157110;1571101005;TAMPI HOME MADE;TAMPI SUMINAR;PO;10792 - (Industri Kue Basah);-;INDUSTRI MAKANAN;KUE KERING DAN KUE BASAH;0;-;-;2023
1029;15;JAMBI;1571;157110;1571101005;FARAS;SURYATI;PO;10792 - (Industri Kue Basah);-;INDUSTRI MAKANAN;KUE KERING DAN KUE BASAH;0;-;-;2023
1030;15;JAMBI;1571;157110;1571101003;BROWNIES FAMILY CAP;HERNENI;PO;10792 - (Industri Kue Basah);-;INDUSTRI MAKANAN;KUE KERING DAN KUE BASAH;0;-;-;2023
1031;15;JAMBI;1571;157110;1571101005;-;ZUBAIDAH;PO;10792 - (Industri Kue Basah);-;INDUSTRI MAKANAN;KUE AKAR KELAPA (P-01)*(TP-03)*;0;-;-;2023
1032;15;JAMBI;1571;157103;1571031003;TIGA PUTRI;SITI AMINAH;PO;10792 - (Industri Kue Basah);-;INDUSTRI MAKANAN;KUE BASAH;0;-;-;2023
1033;15;JAMBI;1571;157103;1505102009;PESONA;THE AI HUA;PO;10792 - (Industri Kue Basah);-;INDUSTRI MAKANAN;KUE BASAH;0;-;-;2023
1034;15;JAMBI;1571;157103;1571031003;KAYO ANUGRAH;ERMITA;PO;10792 - (Industri Kue Basah);-;INDUSTRI MAKANAN;KUE KERING DAN KUE BASAH (TP-07)*;0;-;-;2023
1035;15;JAMBI;1571;157108;1503092004;WAN BAKERY;ELMAN;PO;10792 - (Industri Kue Basah);-;INDUSTRI MAKANAN;KUE BASAH DAN CAKE;0;-;-;2023
1036;15;JAMBI;1571;157108;1503092004;DR;SRI REJEKI AMALIA;PO;10792 - (Industri Kue Basah);-;INDUSTRI MAKANAN;KUE BASAH;1400;BUAH;-;2023
1037;15;JAMBI;1571;157107;1571071004;ANA CAKE;FITRIANA;PO;10792 - (Industri Kue Basah);-;INDUSTRI MAKANAN;KUE BASAH;0;-;-;2023
1038;15;JAMBI;1571;157107;1571071004;ANUGRAH KOTA BARU;CHOLIFAH;PO;10792 - (Industri Kue Basah);-;INDUSTRI MAKANAN;KUE BASAH;0;-;-;2023
1039;15;JAMBI;1571;157107;1571071002;-;TS.MAHANI;PO;10792 - (Industri Kue Basah);-;INDUSTRI MAKANAN;KUE KERING DAN KUE BASAH;100;LOYANG;-;2023
1040;15;JAMBI;1571;157111;1571111001;BILZA'S KLAPPERTART;FERITA TOMPANI;PO;10792 - (Industri Kue Basah);-;INDUSTRI MAKANAN;KUE BASAH;0;-;-;2023
1041;15;JAMBI;1571;157111;1571111001;VERNY CAKE CAP KAPAL LAYAR;VERNY AVIANTY;PO;10792 - (Industri Kue Basah);-;INDUSTRI MAKANAN;KUE BASAH;0;-;-;2023
1042;15;JAMBI;1571;157111;1571111005;ROSELLA;SUMINI;PO;10792 - (Industri Kue Basah);-;INDUSTRI MAKANAN;KUE BASAH;0;-;-;2023
1043;15;JAMBI;1571;157111;1571111005;DADAN'S;ANDRIANI FEBRIYANTI;PO;10792 - (Industri Kue Basah);-;INDUSTRI MAKANAN;KUE BASAH;0;-;-;2023
1044;15;JAMBI;1571;157111;1571111002;AROMA SARI 838 MR.BEAN;TEDDY;PO;10792 - (Industri Kue Basah);-;INDUSTRI MAKANAN;KUE BASAH;0;-;-;2023
1045;15;JAMBI;1571;157111;1571111002;FRESH;TRI ANDAINI;PO;10792 - (Industri Kue Basah);-;INDUSTRI MAKANAN;KACANG-KACANGAN (PENGEMASAN);0;-;-;2023
1046;15;JAMBI;1571;157105;1571051006;-;ZUBAIDA;PO;10792 - (Industri Kue Basah);-;INDUSTRI MAKANAN;KUE BASAH;0;-;-;2023
1047;15;JAMBI;1571;157105;1571051004;KUE BENY;YUSLINA;PO;10792 - (Industri Kue Basah);-;INDUSTRI MAKANAN;KUE BASAH;0;-;-;2023
1048;15;JAMBI;1571;157105;1571051004;-;HARTINI;PO;10792 - (Industri Kue Basah);-;INDUSTRI MAKANAN;KUE BASAH;0;-;-;2023
1049;15;JAMBI;1571;157105;1571051004;ABDEZ CAKE;ELITA ZAHARA;PO;10792 - (Industri Kue Basah);-;INDUSTRI MAKANAN;KUE JAMBI, MATSUBA, ENGKAK;0;-;-;2023
1050;15;JAMBI;1571;157105;1572072003;MUTIARA INDAH B;ZAINABUN;PO;10792 - (Industri Kue Basah);-;INDUSTRI MAKANAN;KUE JAMBI, MATSUBA, ENGKAK;0;LOYANG;-;2023
1051;15;JAMBI;1571;157105;1571051004;-;SRI REJEKI AMALIA;PO;10792 - (Industri Kue Basah);-;INDUSTRI MAKANAN;KUE JAMBI, MATSUBA, ENGKAK;100;LOYANG;-;2023
1052;15;JAMBI;1571;157105;1571051006;-;SAKINA;PO;10792 - (Industri Kue Basah);-;INDUSTRI MAKANAN;KUE JAMBI, MATSUBA, ENGKAK;300;KG;-;2023
1053;15;JAMBI;1571;157105;1571051004;-;ARIDAWATI;PO;10792 - (Industri Kue Basah);-;INDUSTRI MAKANAN;KUE JAMBI, MATSUBA, ENGKAK;100;LOYANG;-;2023
1054;15;JAMBI;1571;157105;1571051004;-;RAHMAWATI;PO;10792 - (Industri Kue Basah);-;INDUSTRI MAKANAN;KUE JAMBI, MATSUBA, ENGKAK;300;LOYANG;-;2023
1055;15;JAMBI;1571;157105;1571051005;-;NURJANAH;PO;10792 - (Industri Kue Basah);-;INDUSTRI MAKANAN;KEMBANG GOYANG;300;LOYANG;-;2023
1056;15;JAMBI;1571;157105;1571051004;-;MASTURA;PO;10792 - (Industri Kue Basah);-;INDUSTRI MAKANAN;KUE JAMBI, MATSUBA, ENGKAK;1200;KG;-;2023
1057;15;JAMBI;1571;157105;1571051004;-;SOLHA;PO;10792 - (Industri Kue Basah);-;INDUSTRI MAKANAN;KUE JAMBI, MATSUBA, ENGKAK;100;LOYANG;-;2023
1058;15;JAMBI;1571;157105;1571051004;-;ERMIATI;PO;10792 - (Industri Kue Basah);-;INDUSTRI MAKANAN;KUE JAMBI, MATSUBA, ENGKAK;100;LOYANG;-;2023
1059;15;JAMBI;1571;157105;1571051004;-;FARIDA;PO;10792 - (Industri Kue Basah);-;INDUSTRI MAKANAN;KUE JAMBI, MATSUBA, ENGKAK;100;LOYANG;-;2023
1060;15;JAMBI;1571;157105;1571051006;-;ZAINAB HASAN;PO;10792 - (Industri Kue Basah);-;INDUSTRI MAKANAN;KUE JAMBI, MATSUBA, ENGKAK;100;LOYANG;-;2023
1061;15;JAMBI;1571;157105;1571051004;-;ZAINAB;PO;10792 - (Industri Kue Basah);-;INDUSTRI MAKANAN;KUE JAMBI, MATSUBA, ENGKAK;100;LOYANG;-;2023
1062;15;JAMBI;1571;157105;1571051004;-;SUMIATI;PO;10792 - (Industri Kue Basah);-;INDUSTRI MAKANAN;KUE JAMBI, MATSUBA, ENGKAK;100;LOYANG;-;2023
1063;15;JAMBI;1571;157105;1571051002;-;SIDUT;PO;10792 - (Industri Kue Basah);-;INDUSTRI MAKANAN;KUE JAMBI, MATSUBA, ENGKAK;100;LOYANG;-;2023
1064;15;JAMBI;1571;157105;1571051002;-;ASIAH;PO;10792 - (Industri Kue Basah);-;INDUSTRI MAKANAN;KUE JAMBI, MATSUBA, ENGKAK;100;LOYANG;-;2023
1065;15;JAMBI;1571;157105;1571051004;-;YULI ASTUTI;PO;10792 - (Industri Kue Basah);-;INDUSTRI MAKANAN;KUE JAMBI, MATSUBA, ENGKAK;100;LOYANG;-;2023
1066;15;JAMBI;1571;157105;1571051005;IBU FARIDA;FARIDA ARYANI;PO;10792 - (Industri Kue Basah);-;INDUSTRI MAKANAN;KUE BAWANG;0;-;-;2023
1067;15;JAMBI;1571;157105;1572072003;-;NILAWATI;PO;10792 - (Industri Kue Basah);-;INDUSTRI MAKANAN;KUE BASAH;0;-;-;2023
1068;15;JAMBI;1571;157105;1572072003;-;HARTINI RIFAAT;PO;10792 - (Industri Kue Basah);-;INDUSTRI MAKANAN;KUE BASAH;0;-;-;2023
1069;15;JAMBI;1571;157101;1571011002;J.KUE BASAH;SITI AISYAH;PO;10792 - (Industri Kue Basah);-;INDUSTRI MAKANAN;KUE BASAH;0;-;-;2023
1070;15;JAMBI;1571;157101;1571011002;BUNGA;DARMAYATI;PO;10792 - (Industri Kue Basah);-;INDUSTRI MAKANAN;KUE BASAH;0;-;-;2023
1071;15;JAMBI;1571;157106;1571061005;DIAMOND;HJ.FARHANIAH;PO;10792 - (Industri Kue Basah);-;INDUSTRI MAKANAN;KUE BASAH;0;-;-;2023
1072;15;JAMBI;1571;157106;1571061005;-;KHOIRIYAH A.SANI;PO;10792 - (Industri Kue Basah);-;INDUSTRI MAKANAN;KUE BASAH;0;-;-;2023
1073;15;JAMBI;1571;157106;1571061005;-;ANISAH IBRAHIM;PO;10792 - (Industri Kue Basah);-;INDUSTRI MAKANAN;KUE BASAH;0;-;-;2023
1074;15;JAMBI;1571;157106;1571061005;-;MAHFUZOH;PO;10792 - (Industri Kue Basah);-;INDUSTRI MAKANAN;KUE BASAH;0;-;-;2023
1075;15;JAMBI;1571;157106;1571061005;-;ISTIANA;PO;10792 - (Industri Kue Basah);-;INDUSTRI MAKANAN;KUE BASAH;0;-;-;2023
1076;15;JAMBI;1571;157106;1571061005;6 SAUDARA;MARIA AFIFI;PO;10792 - (Industri Kue Basah);-;INDUSTRI MAKANAN;KUE JAMBI, MATSUBA, ENGKAK;100;LOYANG;-;2023
1077;15;JAMBI;1571;157106;1571061005;DIANA SAGON;DIANA;PO;10792 - (Industri Kue Basah);-;INDUSTRI MAKANAN;SAGON;1200;KG;-;2023
1078;15;JAMBI;1571;157106;1571061005;-;ROGAYA;PO;10792 - (Industri Kue Basah);-;INDUSTRI MAKANAN;KUE JAMBI, MATSUBA, ENGKAK;1000;KG;-;2023
1079;15;JAMBI;1571;157106;1504062009;-;LUTPIAH;PO;10792 - (Industri Kue Basah);-;INDUSTRI MAKANAN;KUE JAMBI, MATSUBA, ENGKAK;100;LOYANG;-;2023
1080;15;JAMBI;1571;157106;1571061005;-;ROHANA;PO;10792 - (Industri Kue Basah);-;INDUSTRI MAKANAN;KUE JAMBI, MATSUBA, ENGKAK;100;LOYANG;-;2023
1081;15;JAMBI;1571;157111;1571111002;-;JANEN;PO;10792(INDUSTRI KUE BASAH);-;INDUSTRI MAKANAN;KUE BASAH;0;-;-;2023
1082;15;JAMBI;1571;157111;1571111002;-;TETRA SETIAWAN;PO;10792(INDUSTRI KUE BASAH);-;INDUSTRI MAKANAN;KUE BASAH;0;-;-;2023
1083;15;JAMBI;1571;157111;1571111002;-;SAMWIRNATO;PO;10792(INDUSTRI KUE BASAH);-;INDUSTRI MAKANAN;KUE BASAH;0;-;-;2023
1084;15;JAMBI;1571;157111;1571111002;-;BURMAWI;PO;10792(INDUSTRI KUE BASAH);-;INDUSTRI MAKANAN;KUE BASAH;0;-;-;2023
1085;15;JAMBI;1571;157111;1571111002;-;ROSTINI;PO;10792(INDUSTRI KUE BASAH);-;INDUSTRI MAKANAN;BROWNIES;0;-;-;2023
1086;15;JAMBI;1571;157109;1571091004;CINTA OMA;ARMAINI MANSUR;PO;10792-(Industri Kue Basah);-;INDUSTRI MAKANAN;KUE BASAH;0;-;-;2023
1087;15;JAMBI;1571;157109;1571091003;TOKO INTAN;ANIK ISTINA;PO;10792-(Industri Kue Basah);-;INDUSTRI MAKANAN;KUE BASAH;0;-;-;2023
1088;15;JAMBI;1571;157106;1571061005;-;MAHMUDA;PO;10792-(Industri Kue Basah);-;INDUSTRI MAKANAN;KUE BASAH;0;-;-;2023
1089;15;JAMBI;1571;157106;1571061004;-;LISDIANA;PO;10792-(Industri Kue Basah);-;INDUSTRI MAKANAN;KUE BASAH;0;-;-;2023
1090;15;JAMBI;1571;157106;1571061004;-;TIARA ANGGRAINI;PO;10792-(Industri Kue Basah);-;INDUSTRI MAKANAN;KUE BASAH;0;-;-;2023
1091;15;JAMBI;1571;157111;1571111002;-;RUKIAH;PO;10792-(INDUSTRI KUE BASAH);-;INDUSTRI MAKANAN;KUE BASAH DAN KUE KERING;0;-;-;2023
1092;15;JAMBI;1571;157111;1571111001;BUNDA FOOD;SITI FATIMAH;PO;10792-(INDUSTRI KUE BASAH);-;INDUSTRI MAKANAN;KUE BASAH;0;-;-;2023
1093;15;JAMBI;1571;157101;1571011010;-;FAUZIAH;PO;10792-(INDUSTRI KUE BASAH);-;INDUSTRI MAKANAN;KUE BASAH;0;-;-;2023
1094;15;JAMBI;1571;157109;1507112005;SAMA RASA;FITRI;PO;10794 - (Industri Kerupuk, Keripik, Peyek dan sejenisnya);UDANG;INDUSTRI MAKANAN;KERUPUK UDANG;0;-;-;2023
1095;15;JAMBI;1571;157109;1571091004;SMS (SUKSES MAJU SEJAHTERA);MUKMINAH;PO;10794 - (Industri Kerupuk, Keripik, Peyek dan sejenisnya);TEPUNG, TELUR;INDUSTRI MAKANAN;REMPEYEK;0;-;-;2023
1096;15;JAMBI;1571;157110;1571101002;TIARA;NGATIRAH;PO;10794 - (Industri Kerupuk, Keripik, Peyek dan sejenisnya);-;INDUSTRI MAKANAN;KERIPIK SINGKONG;0;-;-;2023
1097;15;JAMBI;1571;157110;1571101005;IMEL;ZUBAIDAH;PO;10794 - (Industri Kerupuk, Keripik, Peyek dan sejenisnya);-;INDUSTRI MAKANAN;STIK AKAR KELAPA (TP-01)*;0;-;-;2023
1098;15;JAMBI;1571;157102;1571021004;USAHA MANDIRI;SAKDIYAH;PO;10794 - (Industri Kerupuk, Keripik, Peyek dan sejenisnya);UBI;INDUSTRI MAKANAN;KERIPIK SINGKONG;0;-;-;2023
1099;15;JAMBI;1571;157102;1571021004;MUBAROK;AMINAH;PO;10794 - (Industri Kerupuk, Keripik, Peyek dan sejenisnya);IKAN;INDUSTRI MAKANAN;KERUPUK IKAN;0;-;-;2023
1100;15;JAMBI;1571;157102;0;HOME INDUSTRI DARMA JAYA;AHMAD DARMADI;PO;10794 - (Industri Kerupuk, Keripik, Peyek dan sejenisnya);BUAH-BUAHAN;INDUSTRI MAKANAN;KERIPIK BUAH SEGAR;0;-;-;2023
1101;15;JAMBI;1571;157102;1571021003;VIRGI;MULYANI;PO;10794 - (Industri Kerupuk, Keripik, Peyek dan sejenisnya);-;INDUSTRI MAKANAN;KERIPIK PISANG (P-01)*;0;-;-;2023
1102;15;JAMBI;1571;157102;1571021004;USAHA MANDIRI;SAKDIYAH;PO;10794 - (Industri Kerupuk, Keripik, Peyek dan sejenisnya);UBI;INDUSTRI MAKANAN;KERIPIK SINGKONG;0;-;-;2023
1103;15;JAMBI;1571;157103;1571031002;KSM LAMPERKAS NKK;DAHDATUL AUDAT;PO;10794 - (Industri Kerupuk, Keripik, Peyek dan sejenisnya);IKAN;INDUSTRI MAKANAN;KERIPIK IKAN;0;-;-;2023
1104;15;JAMBI;1571;157103;1571031005;IBU USTAD;GUSNIAR;PO;10794 - (Industri Kerupuk, Keripik, Peyek dan sejenisnya);TEPUNG, TELUR;INDUSTRI MAKANAN;REMPEYEK;0;-;-;2023
1105;15;JAMBI;1571;157103;1571031008;RUMAH SNACK ORONG-ORONG;NOVIRA;PO;10794 - (Industri Kerupuk, Keripik, Peyek dan sejenisnya);UBI;INDUSTRI MAKANAN;KERUPUK SINGKONG;0;-;-;2023
1106;15;JAMBI;1571;157103;1571031010;USAHA MIRASA;YAYUK MURYANI;PO;10794 - (Industri Kerupuk, Keripik, Peyek dan sejenisnya);IKAN;INDUSTRI MAKANAN;KERUPUK;0;-;-;2023
1107;15;JAMBI;1571;157103;1505102009;GICHEL;MUHFTHAN;PO;10794 - (Industri Kerupuk, Keripik, Peyek dan sejenisnya);AYAM;INDUSTRI MAKANAN;KRISPY USUS AYAM;0;-;-;2023
1108;15;JAMBI;1571;157103;1571031010;USAHA MIRASA;YAYUK MURYANI;PO;10794 - (Industri Kerupuk, Keripik, Peyek dan sejenisnya);-;INDUSTRI MAKANAN;KERUPUK;0;-;-;2023
1109;15;JAMBI;1571;157108;1571031005;ILHAM SAGONTANG;ZAITUN;PO;10794 - (Industri Kerupuk, Keripik, Peyek dan sejenisnya);TEPUNG, TELUR;INDUSTRI MAKANAN;REMPEYEK;0;-;-;2023
1110;15;JAMBI;1571;157108;1571081003;SLAWI AYU;DWI NURMASITOH BUDI;PO;10794 - (Industri Kerupuk, Keripik, Peyek dan sejenisnya);TEPUNG, TELUR;INDUSTRI MAKANAN;REMPEYEK;6,7;TON;-;2023
1111;15;JAMBI;1571;157108;1571081007;DSR;DESSI RINAWATI;PO;10794 - (Industri Kerupuk, Keripik, Peyek dan sejenisnya);TEMPE;INDUSTRI MAKANAN;KERIPIK TEMPE;0;-;-;2023
1112;15;JAMBI;1571;157108;1571081006;VITA FOOD;ASMA EDY;PO;10794 - (Industri Kerupuk, Keripik, Peyek dan sejenisnya);-;INDUSTRI MAKANAN;STIK KEJU (P-01)*;0;-;-;2023
1113;15;JAMBI;1571;157108;1571081003;SLAWI AYU;DWI NURMASITOH BUDI;PO;10794 - (Industri Kerupuk, Keripik, Peyek dan sejenisnya);-;INDUSTRI MAKANAN;KERIPIK TEMPE;0;-;-;2023
1114;15;JAMBI;1571;157108;1571081007;DSR;DESSI RINAWATI;PO;10794 - (Industri Kerupuk, Keripik, Peyek dan sejenisnya);-;INDUSTRI MAKANAN;KERIPIK TEMPE;0;-;-;2023
1115;15;JAMBI;1571;157108;1571081003;QITO;JUARIAH;PO;10794 - (Industri Kerupuk, Keripik, Peyek dan sejenisnya);-;INDUSTRI MAKANAN;KERUPUK KERANG (PENGEMASAN)(TP-02)*;0;-;-;2023
1116;15;JAMBI;1571;157107;1571071005;NAYSA DEE;NINDY LUCHITA;PO;10794 - (Industri Kerupuk, Keripik, Peyek dan sejenisnya);TEPUNG, TELUR;INDUSTRI MAKANAN;KUE KERING DASN KUE BASAH;0;-;-;2023
1117;15;JAMBI;1571;157107;1571071005;KELOMPOK DUMA 2;SRI KURNIATI;PO;10794 - (Industri Kerupuk, Keripik, Peyek dan sejenisnya);P[ISANG;INDUSTRI MAKANAN;KERIPIK PISANG;0;-;-;2023
1118;15;JAMBI;1571;157107;1507112005;SAMA RASA;FITRI;PO;10794 - (Industri Kerupuk, Keripik, Peyek dan sejenisnya);UDANG;INDUSTRI MAKANAN;KERUPUK UDANG;0;-;-;2023
1119;15;JAMBI;1571;157107;1571071006;KENALI;NUR KHAFIDHOH;PO;10794 - (Industri Kerupuk, Keripik, Peyek dan sejenisnya);UBI;INDUSTRI MAKANAN;KERIPIK SINGKONG;0;-;-;2023
1120;15;JAMBI;1571;157107;1571071005;HIDJAIYAH;DEVI PARAMITA;PO;10794 - (Industri Kerupuk, Keripik, Peyek dan sejenisnya);-;INDUSTRI MAKANAN;PEYEK;0;-;-;2023
1121;15;JAMBI;1571;157111;1571111005;-;HERLINA;PO;10794 - (Industri Kerupuk, Keripik, Peyek dan sejenisnya);-;INDUSTRI MAKANAN;KERIPIK BAYAM;0;-;-;2023
1122;15;JAMBI;1571;157111;1571111001;MAMA ATIEK;SUHARTI;PO;10794 - (Industri Kerupuk, Keripik, Peyek dan sejenisnya);-;INDUSTRI MAKANAN;KERING KENTANG (P-01)*(GA)*;0;-;-;2023
1123;15;JAMBI;1571;157111;1571111005;SA-VA;MARLENI;PO;10794 - (Industri Kerupuk, Keripik, Peyek dan sejenisnya);KENTANG, BAWANG, MINYAK;INDUSTRI MAKANAN;KERUPUK KENTANG DAN BAWANG;31400;BUNGKUS;-;2023
1124;15;JAMBI;1571;157111;1571111003;ARJUNA;SUDARNO;PO;10794 - (Industri Kerupuk, Keripik, Peyek dan sejenisnya);-;INDUSTRI MAKANAN;KERIPIK SAWI;0;-;-;2023
1125;15;JAMBI;1571;157105;1571051003;KOPERASI KHOTIMAH;IDA ROYANI;PO;10794 - (Industri Kerupuk, Keripik, Peyek dan sejenisnya);IKAN;INDUSTRI MAKANAN;KERUPUK IKAN;0;-;-;2023
1126;15;JAMBI;1571;157105;1572072003;-;UMIL MARDIA;PO;10794 - (Industri Kerupuk, Keripik, Peyek dan sejenisnya);-;INDUSTRI MAKANAN;KERUPUK IKAN;0;-;-;2023
1127;15;JAMBI;1571;157105;1572072003;-;ZUHRIAH;PO;10794 - (Industri Kerupuk, Keripik, Peyek dan sejenisnya);-;INDUSTRI MAKANAN;KERUPUK IKAN;0;-;-;2023
1128;15;JAMBI;1571;157105;1572072003;-;SITI KHODIJAH;PO;10794 - (Industri Kerupuk, Keripik, Peyek dan sejenisnya);-;INDUSTRI MAKANAN;KERUPUK IKAN;0;-;-;2023
1129;15;JAMBI;1571;157105;1571051001;-;RODIAH;PO;10794 - (Industri Kerupuk, Keripik, Peyek dan sejenisnya);-;INDUSTRI MAKANAN;KERUPUK IKAN;0;-;-;2023
1130;15;JAMBI;1571;157105;1571051003;-;ASNIAH;PO;10794 - (Industri Kerupuk, Keripik, Peyek dan sejenisnya);-;INDUSTRI MAKANAN;KERUPUK IKAN;0;-;-;2023
1131;15;JAMBI;1571;157105;1571051003;-;YATI A. BAKAR;PO;10794 - (Industri Kerupuk, Keripik, Peyek dan sejenisnya);-;INDUSTRI MAKANAN;KERUPUK IKAN DAN UDANG;0;-;-;2023
1132;15;JAMBI;1571;157105;1571051003;-;AMINAH;PO;10794 - (Industri Kerupuk, Keripik, Peyek dan sejenisnya);-;INDUSTRI MAKANAN;KERUPUK IKAN DAN UDANG;0;-;-;2023
1133;15;JAMBI;1571;157105;1571051003;-;ROMLAH;PO;10794 - (Industri Kerupuk, Keripik, Peyek dan sejenisnya);-;INDUSTRI MAKANAN;KERUPUK IKAN;0;-;-;2023
1134;15;JAMBI;1571;157101;1571011011;TUJUH PUTRA;PARTINI;PO;10794 - (Industri Kerupuk, Keripik, Peyek dan sejenisnya);PISANG;INDUSTRI MAKANAN;KERIPIK PISANG;0;-;-;2023
1135;15;JAMBI;1571;157101;1571011011;ARS;NURPEMIS;PO;10794 - (Industri Kerupuk, Keripik, Peyek dan sejenisnya);UBI;INDUSTRI MAKANAN;KERIPIK SINGKONG;0;-;-;2023
1136;15;JAMBI;1571;157101;1571011011;A R S;NURPEMIS;PO;10794 - (Industri Kerupuk, Keripik, Peyek dan sejenisnya);-;INDUSTRI MAKANAN;EMPING JAGUNG (TP-10)*;0;-;-;2023
1137;15;JAMBI;1571;157101;1571011011;NISA;TURSIAH;PO;10794 - (Industri Kerupuk, Keripik, Peyek dan sejenisnya);-;INDUSTRI MAKANAN;REMPEYEK (P-01)*;0;-;-;2023
1138;15;JAMBI;1571;157101;1571011011;ENAK;AMINAH T;PO;10794 - (Industri Kerupuk, Keripik, Peyek dan sejenisnya);-;INDUSTRI MAKANAN;BUMBU GADO-GADO;0;-;-;2023
1139;15;JAMBI;1571;157101;1571011011;ROMANTIC DAN KUBUDJA;RIDWAN;PO;10794 - (Industri Kerupuk, Keripik, Peyek dan sejenisnya);-;INDUSTRI MAKANAN;KERIPIK PISANG (MEREK ROMANTIC) (TP-04)*;0;-;-;2023
1140;15;JAMBI;1571;157101;1571011002;ICHA JAYA;MERLIANI;PO;10794 - (Industri Kerupuk, Keripik, Peyek dan sejenisnya);-;INDUSTRI MAKANAN;KERIPIK PISANG (TP-05)*;0;-;-;2023
1141;15;JAMBI;1571;157109;1571091004;SMS (SUKSES MAJU SEJAHTERA);MUKMINAH;PO;10794 - (Industri Kerupuk, Keripik, Peyek dan sejenisnya);TEPUNG, TELUR;INDUSTRI MAKANAN;REMPEYEK;0;-;-;2023
1142;15;JAMBI;1571;157110;1571101005;ADILA;WATI IMBARWATI;PO;10794 - (Industri Kerupuk, Keripik, Peyek dan sejenisnya);BAWANG;INDUSTRI MAKANAN;KERUPUK BAWANG BOMBAY;0;-;-;2023
1143;15;JAMBI;1571;157110;1571101005;RESQY;SITI CHOLIJAH;PO;10794 - (Industri Kerupuk, Keripik, Peyek dan sejenisnya);UBI;INDUSTRI MAKANAN;KERIPIK SINGKONG;0;-;-;2023
1144;15;JAMBI;1571;157110;1571101005;RASSEL RAFLY CAHYA;SULASMININGSIH;PO;10794 - (Industri Kerupuk, Keripik, Peyek dan sejenisnya);-;INDUSTRI MAKANAN;KERUPUK IKAN;0;-;-;2023
1145;15;JAMBI;1571;157106;1571061001;PUTRA PUTRI;TARMI;PO;10794 - (Industri Kerupuk, Keripik, Peyek dan sejenisnya);IKAN;INDUSTRI MAKANAN;KERUPUK BAKAR;0;-;-;2023
1146;15;JAMBI;1571;157106;1503022014;SR;RTS.SAMSINAR;PO;10794 - (Industri Kerupuk, Keripik, Peyek dan sejenisnya);TEPUNG, TELUR;INDUSTRI MAKANAN;REMPEYEK, KUE AKAR KELAPA;0;-;-;2023
1147;15;JAMBI;1571;157106;1571011010;NAJWA;RTS.SUHANA;PO;10794 - (Industri Kerupuk, Keripik, Peyek dan sejenisnya);UBI;INDUSTRI MAKANAN;EKRIPIK SINGKONG;0;-;-;2023
1148;15;JAMBI;1571;157106;1503022014;CAP DUA UDANG;SUGIANTO IJO;PO;10794 - (Industri Kerupuk, Keripik, Peyek dan sejenisnya);IKAN;INDUSTRI MAKANAN;KERUPUK;0;-;-;2023
1149;15;JAMBI;1571;157106;1503022014;DILLA;MAYSARAH;PO;10794 - (Industri Kerupuk, Keripik, Peyek dan sejenisnya);IKAN;INDUSTRI MAKANAN;KERUPUK IKAN;0;-;-;2023
1150;15;JAMBI;1571;157106;1571061005;SALWA;MAIDAYANTI;PO;10794 - (Industri Kerupuk, Keripik, Peyek dan sejenisnya);-;INDUSTRI MAKANAN;REMPEYEK (P-01)*(GA)*;0;-;-;2023
1151;15;JAMBI;1571;157106;1571061005;-;SALAMAH;PO;10794 - (Industri Kerupuk, Keripik, Peyek dan sejenisnya);-;INDUSTRI MAKANAN;KERUPUK PANGGANG;500;-;-;2023
1152;15;JAMBI;1571;157105;1571051001;-;FARIDA;PO;10794 - (Industri Kerupuk, Keripik, Peyek dan sejenisnya);-;INDUSTRI MAKANAN;KERUPUK DAN KERIPIK;0;-;-;2023
1153;15;JAMBI;1571;157101;1571011004;-;SRIYATI;PO;10794 - (Industri Kerupuk, Keripik, Peyek dan sejenisnya);-;INDUSTRI MAKANAN;KERIPIK PISANG;0;-;-;2023
1154;15;JAMBI;1571;157101;1571011004;-;DESI RATNA SARI;PO;10794 - (Industri Kerupuk, Keripik, Peyek dan sejenisnya);-;INDUSTRI MAKANAN;KERIPIK PISANG;0;-;-;2023
1155;15;JAMBI;1571;157105;1571051003;-;ASNORAWITA;PO;10794 - (Industri Kerupuk, Keripik, Peyek dan sejenisnya);-;INDUSTRI MAKANAN;KERUPUK JENGKOL;0;-;-;2023
1156;15;JAMBI;1571;157111;1571111002;-;JUHAN;PO;10794 DAN 10750;-;INDUSTRI MAKANAN;PEYEK DAN PEMPEK;0;-;-;2023
1157;15;JAMBI;1571;157105;1572072003;MUTIARA INDAH B;AMINAH CHATIB;PO;10794 DAN 10792;-;INDUSTRI MAKANAN;KERUPUK DAN KUE;0;-;-;2023
1158;15;JAMBI;1571;157102;1571021006;KERUPUK BERKAH;JUMADRI;PO;10794-(Industri Kerupuk,Keripik dan Peyek dan Sejenisnya);-;INDUSTRI MAKANAN;KERUPUK JENGKOL;0;-;-;2023
1159;15;JAMBI;1571;157102;1571021006;KERIPIK UDA LIDIN;KALIDIN;PO;10794-(Industri Kerupuk,Keripik dan Peyek dan Sejenisnya);-;INDUSTRI MAKANAN;KERIPIK;0;-;-;2023
1160;15;JAMBI;1571;157106;1504062009;-;MAULANA;PO;10794-(Industri Kerupuk,Keripik dan Peyek);PISANG;INDUSTRI MAKANAN;KERIPIK PISANG;0;-;-;2023
1161;15;JAMBI;1571;157106;1504062009;-;JUPRI;PO;10794-(Industri Kerupuk,Keripik dan Peyek);PISANG;INDUSTRI MAKANAN;KERIPIK PISANG;0;-;-;2023
1162;15;JAMBI;1571;157106;1571061004;-;FITRIYANI;PO;10794-(Industri Kerupuk,Keripik dan Peyek);PISANG;INDUSTRI MAKANAN;KERIPIK PISANG;0;-;-;2023
1163;15;JAMBI;1571;157111;1571111002;-;MULYONO;PO;10794-(INDUSTRI KERUPUK,KERIPIK DAN SEJENISNYA);-;INDUSTRI MAKANAN;KERIPIK DAN MAKANAN RINGAN;0;-;-;2023
1164;15;JAMBI;1571;157111;1571111003;STIK KEJU HANNY;YENNI;PO;10794-(INDUSTRI KERUPUK,KERIPIK DAN SEJENISNYA);-;INDUSTRI MAKANAN;STIK KEJU;0;-;-;2023
1165;15;JAMBI;1571;157109;1571091004;BUNDA FOOD;NELI GUSNELI;PO;10794-(Industri Kerupuk,Keripik,Peyek dan sejenisnya);-;INDUSTRI MAKANAN;KERIPIK BALADO DAN UNTIR-UNTIR;0;-;-;2023
1166;15;JAMBI;1571;157109;1571091003;KERIPIK BUNDA;YUSMIATI;PO;10794-(Industri Kerupuk,Keripik,Peyek dan sejenisnya);-;INDUSTRI MAKANAN;KERIPIK OPAK;0;-;-;2023
1167;15;JAMBI;1571;157109;1571091003;SALSABILA;HAJRIAH;PO;10794-(Industri Kerupuk,Keripik,Peyek dan sejenisnya);-;INDUSTRI MAKANAN;KERIPIK KARI;120;KG;-;2023
1168;15;JAMBI;1571;157108;1571081004;KRIPIK UBI NY.JAILANI;NY.JAILANI;PO;10794-(Industri Kerupuk,Keripik,Peyek dan sejenisnya);UBI;INDUSTRI MAKANAN;KERIPIK UBI;70;-;-;2023
1169;15;JAMBI;1571;157108;1571081006;ADI KIKIL;GUSMARDI;PO;10794-(Industri Kerupuk,Keripik,Peyek dan sejenisnya);-;INDUSTRI MAKANAN;KERUPUK JANGEK;0;-;-;2023
1170;15;JAMBI;1571;157101;1571011010;DUA PUTRI;PITRIANA;PO;10794-(Industri kerupuk,keripik,peyek dan sejenisnya);-;INDUSTRI MAKANAN;KERUPUK KEMPLANG;200;KG;-;2023
1171;15;JAMBI;1571;157101;1571011004;-;SALEHA;PO;10794-(Industri kerupuk,keripik,peyek dan sejenisnya);-;INDUSTRI MAKANAN;KERUPUK KEMPLANG;0;-;-;2023
1172;15;JAMBI;1571;157101;1571011004;-;LASMI DEWI;PO;10794-(Industri kerupuk,keripik,peyek dan sejenisnya);-;INDUSTRI MAKANAN;KERUPUK KEMPLANG;0;-;-;2023
1173;15;JAMBI;1571;157101;1571011010;-;WAGIYEM;PO;10794-(Industri kerupuk,keripik,peyek dan sejenisnya);-;INDUSTRI MAKANAN;KERIPIK UBI;0;-;-;2023
1174;15;JAMBI;1571;157101;1571011010;-;ERNAWATI;PO;10794-(Industri kerupuk,keripik,peyek dan sejenisnya);-;INDUSTRI MAKANAN;KERPIK PISANG,PEYEK;0;-;-;2023
1175;15;JAMBI;1571;157101;1571011010;-;YUSLIANI;PO;10794-(Industri kerupuk,keripik,peyek dan sejenisnya);-;INDUSTRI MAKANAN;KERIPIK UBI;0;-;-;2023
1176;15;JAMBI;1571;157103;1571031003;YENI PEYEK;APRIYANI;PO;10794-(Industri Kerupuk,Keripik,Peyek dan Sejenisnya);-;INDUSTRI MAKANAN;PEYEK;150;KG;-;2023
1177;15;JAMBI;1571;157106;1571061001;-;TARMI;PO;10794-(Industri Kerupuk,Keripik,Peyek);-;INDUSTRI MAKANAN;KERUPUK BAKAR;0;-;-;2023
1178;15;JAMBI;1571;157107;1571071005;CRISPY RENBY;CRISPY RENBY;PO;10794-(Industri kerupukKeripik Peyek dan Sejenisnya);-;INDUSTRI MAKANAN;-;0;-;-;2023
1179;15;JAMBI;1571;157107;1571071005;ANEKA CEMILAN APDA;REDA WATILA;PO;10794-(Industri kerupukKeripik Peyek dan Sejenisnya);-;INDUSTRI MAKANAN;-;0;-;-;2023
1180;15;JAMBI;1571;157107;1571071005;MANJA SNACK;DARSIAH;PO;10794-(Industri kerupukKeripik Peyek dan Sejenisnya);-;INDUSTRI MAKANAN;-;0;-;-;2023
1181;15;JAMBI;1571;157107;1571071004;BUNDA FOOD;SUWAMA;PO;10794-(Industri kerupukKeripik Peyek dan Sejenisnya);-;INDUSTRI MAKANAN;KERIPIK SAMBAL DAN KACANG TUJIN;0;-;-;2023
1182;15;JAMBI;1571;157107;1571071005;BUNDA FOOD;RINA MAYASARI;PO;10794-(Industri kerupukKeripik Peyek dan Sejenisnya);-;INDUSTRI MAKANAN;PEYEK;0;-;-;2023
1183;15;JAMBI;1571;157103;1571031008;RUMAH SNACK ORONG-ORONG;NOVIRA;PO;10795 - (Industri Kerupuk, Keripik, Peyek dan sejenisnya);-;INDUSTRI MAKANAN;KERUPUK SINGKONG;0;-;-;2023
1184;15;JAMBI;1571;157109;0;AZZAHRA CAKE;-;PO;10799 - (Industri Produk Makanan Lainnya);-;INDUSTRI MAKANAN;KUE BASAH;0;-;-;2023
1185;15;JAMBI;1571;157109;0;MR BEAN;-;PO;10799 - (Industri Produk Makanan Lainnya);-;INDUSTRI MAKANAN;KUE BASAH;0;-;-;2023
1186;15;JAMBI;1571;157110;1571101005;UFAIRA;EDDY WARDI;PO;10799 - (Industri Produk Makanan Lainnya);-;INDUSTRI MAKANAN;TELUR ASIN;0;-;-;2023
1187;15;JAMBI;1571;157110;1571101005;PKBM AT-TIN;NOER SUHARTINA;PO;10799 - (Industri Produk Makanan Lainnya);-;INDUSTRI MAKANAN;ANEKA OLAHAN JAMUR, KUE KERING;0;-;-;2023
1188;15;JAMBI;1571;157110;1571101005;CHANTIK;ERA MARLIANI;PO;10799 - (Industri Produk Makanan Lainnya);-;INDUSTRI MAKANAN;KUE KERING DAN KUE BASAH (TP-02)*;0;-;-;2023
1189;15;JAMBI;1571;157110;1571101003;NITA;EKO;PO;10799 - (Industri Produk Makanan Lainnya);-;INDUSTRI MAKANAN;EMPING JENGKOL;0;-;-;2023
1190;15;JAMBI;1571;157110;1571101005;IMEY;SYAMSIDARWATI;PO;10799 - (Industri Produk Makanan Lainnya);-;INDUSTRI MAKANAN;KUE KERING DAN KUE BASAH;0;-;-;2023
1191;15;JAMBI;1571;157110;1571101001;HOT PANGSIT;IRHAMDI;PO;10799 - (Industri Produk Makanan Lainnya);-;INDUSTRI MAKANAN;HOT PANGSIT;0;-;-;2023
1192;15;JAMBI;1571;157102;0;ARTRI DISTRIBUSINDO;AFRIZAL SE;PO;10799 - (Industri Produk Makanan Lainnya);-;INDUSTRI MAKANAN;MAKANAN RINGAN;0;-;-;2023
1193;15;JAMBI;1571;157102;1508131001;BU NETTY;HJ.YARNETTY;PO;10799 - (Industri Produk Makanan Lainnya);-;INDUSTRI MAKANAN;LEMPOK DURIAN;0;-;-;2023
1194;15;JAMBI;1571;157102;1571021004;AYDI;ZAKIAH;PO;10799 - (Industri Produk Makanan Lainnya);-;INDUSTRI MAKANAN;KUE BASAH & KUE KERING;0;-;-;2023
1195;15;JAMBI;1571;157102;1571021006;KERIUKY SNACK;NUR AISYAH;PO;10799 - (Industri Produk Makanan Lainnya);-;INDUSTRI MAKANAN;KULIT AYAM CRISPY;0;-;-;2023
1196;15;JAMBI;1571;157102;1508131001;SUBUR;ROSITA;PO;10799 - (Industri Produk Makanan Lainnya);-;INDUSTRI MAKANAN;KACANG SEMBUNYI, KACANG;0;-;-;2023
1197;15;JAMBI;1571;157102;1508131001;BU NETTY;HJ.YARNETTY;PT;10799 - (Industri Produk Makanan Lainnya);-;INDUSTRI MAKANAN;LUMPIA,LEMPOK DUREN;0;-;-;2023
1198;15;JAMBI;1571;157102;1571021003;ROSMAH;ROSMAH;PO;10799 - (Industri Produk Makanan Lainnya);-;INDUSTRI MAKANAN;KUE KERING DAN KUE BASAH;0;-;-;2023
1199;15;JAMBI;1571;157102;1571021006;MOM'S CAKE;MERITA TAN;PO;10799 - (Industri Produk Makanan Lainnya);-;INDUSTRI MAKANAN;KUE KERING DAN KUE BASAH;0;-;-;2023
1200;15;JAMBI;1571;157102;1571021004;SONG MOY NIE;SONG MOY NIE;PO;10799 - (Industri Produk Makanan Lainnya);-;INDUSTRI MAKANAN;KUE BANGKIT;0;-;-;2023
1201;15;JAMBI;1571;157102;1571021005;UPR & UPIAT USAHO KITO;SYAHRIYADI GULTOM;PO;10799 - (Industri Produk Makanan Lainnya);-;INDUSTRI MAKANAN;IKAN SALAI;0;-;-;2023
1202;15;JAMBI;1571;157102;1571021003;PANDU CAKE'S;BHARA NUR EKA HANDAYANI;PO;10799 - (Industri Produk Makanan Lainnya);-;INDUSTRI MAKANAN;KUE KERING DAN KUE BASAH;0;-;-;2023
1203;15;JAMBI;1571;157102;1508131001;SALSABILA CAKE;WURYANTI;PO;10799 - (Industri Produk Makanan Lainnya);-;INDUSTRI MAKANAN;KUE KERING DAN KUE BASAH;0;-;-;2023
1204;15;JAMBI;1571;157102;1571021004;KANAKA'S COOKIES & SNACK;SEPTA MARANTIKA;PO;10799 - (Industri Produk Makanan Lainnya);-;INDUSTRI MAKANAN;KUE SUS KERING;0;-;-;2023
1205;15;JAMBI;1571;157102;0;ARTRI DISTRIBUSINDO;AFRIZAL SE;PO;10799 - (Industri Produk Makanan Lainnya);-;INDUSTRI MAKANAN;MAKANAN RINGAN;0;-;-;2023
1206;15;JAMBI;1571;157102;1508131001;BU NETTY;HJ.YARNETTY;PO;10799 - (Industri Produk Makanan Lainnya);-;INDUSTRI MAKANAN;LEMPOK DURIAN;0;-;-;2023
1207;15;JAMBI;1571;157102;1571021004;AYDI;ZAKIAH;PO;10799 - (Industri Produk Makanan Lainnya);-;INDUSTRI MAKANAN;KUE BASAH & KUE KERING;0;-;-;2023
1208;15;JAMBI;1571;157103;1505102009;ALBILA;LENA;PO;10799 - (Industri Produk Makanan Lainnya);-;INDUSTRI MAKANAN;PILUS IKAN;0;-;-;2023
1209;15;JAMBI;1571;157103;1571031006;MBAK NUR;NURHAYATI;PO;10799 - (Industri Produk Makanan Lainnya);-;INDUSTRI MAKANAN;KUE KERING DAN KUE BASAH;0;-;-;2023
1210;15;JAMBI;1571;157103;1571031008;BERKAH BERSAUDARA;DEFI SUSANTI;PO;10799 - (Industri Produk Makanan Lainnya);-;INDUSTRI MAKANAN;KUE BETIK;0;-;-;2023
1211;15;JAMBI;1571;157103;1571031008;RAJO DODOL;SUMIATI;PO;10799 - (Industri Produk Makanan Lainnya);-;INDUSTRI MAKANAN;DODOL;0;-;-;2023
1212;15;JAMBI;1571;157103;1571031003;ANA & UCI;ANNA LAKSANA;PO;10799 - (Industri Produk Makanan Lainnya);-;INDUSTRI MAKANAN;GELEMBUNG IKAN;0;-;-;2023
1213;15;JAMBI;1571;157103;1571031003;TIGA PUTRI;SITI AMINAH;PO;10799 - (Industri Produk Makanan Lainnya);-;INDUSTRI MAKANAN;KUE KERING;0;-;-;2023
1214;15;JAMBI;1571;157103;1505102009;PESONA;THE AI HUA;PO;10799 - (Industri Produk Makanan Lainnya);-;INDUSTRI MAKANAN;KUE KERING;0;-;-;2023
1215;15;JAMBI;1571;157103;1571031008;D'JOVI;TRIN MEINSY;PO;10799 - (Industri Produk Makanan Lainnya);-;INDUSTRI MAKANAN;DENDENG SAPI DAN DENDENG AYAM;0;-;-;2023
1216;15;JAMBI;1571;157103;1571031003;CITTA NUGRAHA;HERY;PO;10799 - (Industri Produk Makanan Lainnya);-;INDUSTRI MAKANAN;KUE KERING DAN KUE BASAH;0;-;-;2023
1217;15;JAMBI;1571;157103;1571031005;ELY;ELY;PO;10799 - (Industri Produk Makanan Lainnya);-;INDUSTRI MAKANAN;KUE KERING DAN KUE BASAH;0;-;-;2023
1218;15;JAMBI;1571;157103;1571031006;KELOMPOK MEKARSARI 8;MARDIAH;PO;10799 - (Industri Produk Makanan Lainnya);-;INDUSTRI MAKANAN;KUE KERING DAN KUE BASAH;0;-;-;2023
1219;15;JAMBI;1571;157103;1571031001;KELOMPOK 5 WKSS;MAYASARI;PO;10799 - (Industri Produk Makanan Lainnya);-;INDUSTRI MAKANAN;KUE KERING;0;-;-;2023
1220;15;JAMBI;1571;157103;1571031003;QUINSHA;YELISA;PO;10799 - (Industri Produk Makanan Lainnya);-;INDUSTRI MAKANAN;KUE KERING DAN KUE BASAH;0;-;-;2023
1221;15;JAMBI;1571;157103;1571031005;YANDRA;JANTY;PO;10799 - (Industri Produk Makanan Lainnya);-;INDUSTRI MAKANAN;KUE KERING (P-01)*;0;-;-;2023
1222;15;JAMBI;1571;157103;1571031001;KELOMPOK 1 DAN 3 WKSS;YUSNITA;PO;10799 - (Industri Produk Makanan Lainnya);-;INDUSTRI MAKANAN;ABON CABE;0;-;-;2023
1223;15;JAMBI;1571;157103;1571031004;KUE MBAK DHENOK;DHENOK EKA LARASATI;PO;10799 - (Industri Produk Makanan Lainnya);-;INDUSTRI MAKANAN;KUE APAM;0;-;-;2023
1224;15;JAMBI;1571;157108;1571081002;MAMA;ROSWATI;PO;10799 - (Industri Produk Makanan Lainnya);-;INDUSTRI MAKANAN;KUE BASAH,KUE KERING DAN KACANG GORENG;0;-;-;2023
1225;15;JAMBI;1571;157108;1571081004;SR;SALBIAH;PO;10799 - (Industri Produk Makanan Lainnya);-;INDUSTRI MAKANAN;KUE KEMBANG GOYANG;0;-;-;2023
1226;15;JAMBI;1571;157108;1571081006;JR;SUSY KARTIKA JO;PO;10799 - (Industri Produk Makanan Lainnya);-;INDUSTRI MAKANAN;KUE KERING;0;-;-;2023
1227;15;JAMBI;1571;157108;1571081001;LILI;OEN BOEN KON LIE;PO;10799 - (Industri Produk Makanan Lainnya);-;INDUSTRI MAKANAN;KUE KERING DAN KUE BASAH;0;-;-;2023
1228;15;JAMBI;1571;157108;1571081003;AA-4;JUARIAH ST;PO;10799 - (Industri Produk Makanan Lainnya);-;INDUSTRI MAKANAN;AMPLANG UDANG (PENGEMASAN);0;-;-;2023
1229;15;JAMBI;1571;157108;1503092004;QIZA;ZUBAIDAH;PO;10799 - (Industri Produk Makanan Lainnya);-;INDUSTRI MAKANAN;KUE KERING DAN KUE BASAH;0;-;-;2023
1230;15;JAMBI;1571;157108;1503092004;WIWIN;WIWIN;PO;10799 - (Industri Produk Makanan Lainnya);-;INDUSTRI MAKANAN;KUE KERING DAN KUE BASAH;0;-;-;2023
1231;15;JAMBI;1571;157108;1503092004;ANUGRAH JELUTUNG;ELMA SURYANI;PO;10799 - (Industri Produk Makanan Lainnya);-;INDUSTRI MAKANAN;ABON PEPAYA;0;-;-;2023
1232;15;JAMBI;1571;157107;1571071005;BUNGO TANJUNG;KELOMPOK DASAWISMA-TOGA;PO;10799 - (Industri Produk Makanan Lainnya);-;INDUSTRI MAKANAN;PEYEK SIRIH DAN PEYEK BAYAM;0;-;-;2023
1233;15;JAMBI;1571;157107;1571071002;ANIEN;YURNITA TANJUNG;PO;10799 - (Industri Produk Makanan Lainnya);-;INDUSTRI MAKANAN;DENDENG SAYUR;0;-;-;2023
1234;15;JAMBI;1571;157107;1571071002;NUGGET SEHAT RIZKY;JUNIAR;PO;10799 - (Industri Produk Makanan Lainnya);-;INDUSTRI MAKANAN;NUGGET AYAM;0;-;-;2023
1235;15;JAMBI;1571;157107;1571071004;ANUGRAH;CHOLIFAH;PO;10799 - (Industri Produk Makanan Lainnya);-;INDUSTRI MAKANAN;KUE KERING,;0;-;-;2023
1236;15;JAMBI;1571;157107;1571071002;PENGANAN MAK ITA;ELITA;PO;10799 - (Industri Produk Makanan Lainnya);-;INDUSTRI MAKANAN;PEYEK DAN KUE KERING;0;-;-;2023
1237;15;JAMBI;1571;157107;1571071006;YANNIE CAKE;M.ICHSAN;PO;10799 - (Industri Produk Makanan Lainnya);-;INDUSTRI MAKANAN;KUE KERING DAN KUE BASAH;0;-;-;2023
1238;15;JAMBI;1571;157107;1571071004;WP CAKES;WINDA PUJI ASTUTI;PO;10799 - (Industri Produk Makanan Lainnya);-;INDUSTRI MAKANAN;KUE KERING DAN KUE BASAH;0;-;-;2023
1239;15;JAMBI;1571;157107;1571071006;KELOMPOK DUMA 1;ANDRIYANI;PO;10799 - (Industri Produk Makanan Lainnya);-;INDUSTRI MAKANAN;KUE KERING DAN KUE BASAH;0;-;-;2023
1240;15;JAMBI;1571;157107;1571071002;RAFA CAKE;MUJIANI;PO;10799 - (Industri Produk Makanan Lainnya);-;INDUSTRI MAKANAN;KUE KERING DAN KUE BASAH;0;-;-;2023
1241;15;JAMBI;1571;157107;1571071005;SUYOS;SUCI YOLANDA SARI;PO;10799 - (Industri Produk Makanan Lainnya);-;INDUSTRI MAKANAN;STIK KENTANG;0;-;-;2023
1242;15;JAMBI;1571;157107;1571071005;ELIF;LILI MAWARTI;PO;10799 - (Industri Produk Makanan Lainnya);-;INDUSTRI MAKANAN;DODOL;0;-;-;2023
1243;15;JAMBI;1571;157107;1571071005;NANA STICK;PUJI SURYONO;PO;10799 - (Industri Produk Makanan Lainnya);-;INDUSTRI MAKANAN;KUE STIK;0;-;-;2023
1244;15;JAMBI;1571;157107;1571071001;CLARIS;ROSINA;PO;10799 - (Industri Produk Makanan Lainnya);-;INDUSTRI MAKANAN;KUE KERING DAN KUE BASAH (TP-02)*;0;-;-;2023
1245;15;JAMBI;1571;157107;1571071002;NUGRAHA;MARYATI;PO;10799 - (Industri Produk Makanan Lainnya);-;INDUSTRI MAKANAN;KUE AKAR KELAPA;0;-;-;2023
1246;15;JAMBI;1571;157107;1571071006;BERKAH ABADI;HARLENI;PO;10799 - (Industri Produk Makanan Lainnya);-;INDUSTRI MAKANAN;KLANTING UBI;0;-;-;2023
1247;15;JAMBI;1571;157107;1571071002;HJ.NUR;NURHAYATI..;PO;10799 - (Industri Produk Makanan Lainnya);-;INDUSTRI MAKANAN;KELAPA RENDANG (TP-02)*;0;-;-;2023
1248;15;JAMBI;1571;157107;1571071002;MORIS CORN;RIMA MUHARYA SINATRY;PO;10799 - (Industri Produk Makanan Lainnya);-;INDUSTRI MAKANAN;ANEKA PRODUK JAGUNG (GP)*;0;-;-;2023
1249;15;JAMBI;1571;157111;1571111001;M.COOKIES;SRI RAHAYU;PO;10799 - (Industri Produk Makanan Lainnya);-;INDUSTRI MAKANAN;KUE BASAH,KUE KERING DAN KERUPUK;0;-;-;2023
1250;15;JAMBI;1571;157111;1571111001;JABAL RAHMAT;IDHAM HOLIK;PO;10799 - (Industri Produk Makanan Lainnya);-;INDUSTRI MAKANAN;KUE BAWANG;0;-;-;2023
1251;15;JAMBI;1571;157111;1571111005;ROSELLA;SUMINI;PO;10799 - (Industri Produk Makanan Lainnya);-;INDUSTRI MAKANAN;KUE KERING,KUE BASAH,KERIPIK UBI DAN OPAK;0;-;-;2023
1252;15;JAMBI;1571;157111;1571111001;BINTANG 77;MAWARDI;PO;10799 - (Industri Produk Makanan Lainnya);-;INDUSTRI MAKANAN;EGG ROLL;0;-;-;2023
1253;15;JAMBI;1571;157111;1571111001;-;SUMIATY;PO;10799 - (Industri Produk Makanan Lainnya);-;INDUSTRI MAKANAN;KUE KERING DAN KUE BASAH;0;-;-;2023
1254;15;JAMBI;1571;157111;1571111005;NURUL COOKIES;SAENAR;PO;10799 - (Industri Produk Makanan Lainnya);-;INDUSTRI MAKANAN;KUE KERING;0;-;-;2023
1255;15;JAMBI;1571;157111;1571111001;SMK PGRI 2 KOTA JAMBI;MUHRI;PO;10799 - (Industri Produk Makanan Lainnya);-;INDUSTRI MAKANAN;KUE BASAH;0;-;-;2023
1256;15;JAMBI;1571;157111;1571111005;CHIKCO;MIDIYA NOVA;PO;10799 - (Industri Produk Makanan Lainnya);-;INDUSTRI MAKANAN;KUE KERING DAN KUE BASAH;0;-;-;2023
1257;15;JAMBI;1571;157111;1571111004;QUENNARA COOKIES;NINGSIH;PO;10799 - (Industri Produk Makanan Lainnya);-;INDUSTRI MAKANAN;KUE KERING DAN KUE BASAH;0;-;-;2023
1258;15;JAMBI;1571;157111;1571111003;DUA SATU;PURWATI;PO;10799 - (Industri Produk Makanan Lainnya);-;INDUSTRI MAKANAN;KERIPIK SINGKONG;0;-;-;2023
1259;15;JAMBI;1571;157111;1571111003;HANNY;YENNY;PO;10799 - (Industri Produk Makanan Lainnya);-;INDUSTRI MAKANAN;KUE KERING DAN KUE BASAH (P-01)*;0;-;-;2023
1260;15;JAMBI;1571;157111;1571111005;J S;RITA;PO;10799 - (Industri Produk Makanan Lainnya);-;INDUSTRI MAKANAN;KUE KERING;0;-;-;2023
1261;15;JAMBI;1571;157111;1571111001;ERLINA;ERLINA ANGRAINI;PO;10799 - (Industri Produk Makanan Lainnya);-;INDUSTRI MAKANAN;KUE KERING DAN KUE BASAH (TP-01)*(GA)*;0;-;-;2023
1262;15;JAMBI;1571;157111;1571111003;KWT MAJU BERSAMA;HALIMAH;PO;10799 - (Industri Produk Makanan Lainnya);-;INDUSTRI MAKANAN;ABON IKAN;0;-;-;2023
1263;15;JAMBI;1571;157111;1571111002;AROMA SARI 838 MR.BEAN;TEDDY;PO;10799 - (Industri Produk Makanan Lainnya);-;INDUSTRI MAKANAN;KUE PIA (P-01)*;0;-;-;2023
1264;15;JAMBI;1571;157111;1571111001;PUTRA UTAMA;BENNY UTAMA;PO;10799 - (Industri Produk Makanan Lainnya);-;INDUSTRI MAKANAN;DINO BALL;0;-;-;2023
1265;15;JAMBI;1571;157111;1571111005;SALERO KITO ALAMI;SURATIN;PO;10799 - (Industri Produk Makanan Lainnya);-;INDUSTRI MAKANAN;RANGGINANG KETAN;0;-;-;2023
1266;15;JAMBI;1571;157111;1571111002;NIKMAT;NANI ELIZABETH TJIN;PO;10799 - (Industri Produk Makanan Lainnya);-;INDUSTRI MAKANAN;DODOL (P-01)*;0;-;-;2023
1267;15;JAMBI;1571;157111;1571111003;CAHAYA PERMATA BUNDA;SUYATAH;PO;10799 - (Industri Produk Makanan Lainnya);-;INDUSTRI MAKANAN;KUE PASTEL;0;-;-;2023
1268;15;JAMBI;1571;157111;1571111002;FANSEN;YENNA;PO;10799 - (Industri Produk Makanan Lainnya);-;INDUSTRI MAKANAN;PANGSIT (P-01)*;0;-;-;2023
1269;15;JAMBI;1571;157111;1571111004;ROEMAH BROWNIES;INDRA GUS PRIONO;PO;10799 - (Industri Produk Makanan Lainnya);-;INDUSTRI MAKANAN;ANEKA KUE TRADISIONAL;0;-;-;2023
1270;15;JAMBI;1571;157111;1571111004;RAMA PW;HERI SURJAYA;PO;10799 - (Industri Produk Makanan Lainnya);-;INDUSTRI MAKANAN;MAKANAN RINGAN;0;-;-;2023
1271;15;JAMBI;1571;157104;1571041004;ANDRA'S CAKE'S;DIAN PRASETYA ZATU;PO;10799 - (Industri Produk Makanan Lainnya);-;INDUSTRI MAKANAN;KUE BASAH & KUE KERING;9500;LITER;-;2023
1272;15;JAMBI;1571;157104;1571041002;RAMANIA;DIAN RAFIAH;PO;10799 - (Industri Produk Makanan Lainnya);-;INDUSTRI MAKANAN;KUE KERING DAN KUE BASAH;0;-;-;2023
1273;15;JAMBI;1571;157104;1571041004;KUE HOK;THE LENG SIAU;PO;10799 - (Industri Produk Makanan Lainnya);-;INDUSTRI MAKANAN;KUE KERANJANG;0;-;-;2023
1274;15;JAMBI;1571;157104;1571041004;BAROKAH;BAHRAH;PO;10799 - (Industri Produk Makanan Lainnya);-;INDUSTRI MAKANAN;KUE KECIPUT (TP-05)*;0;-;-;2023
1275;15;JAMBI;1571;157101;1571011001;HAFISH FOOD;A.FEBRIYANSYAH SAPUTRA;PO;10799 - (Industri Produk Makanan Lainnya);-;INDUSTRI MAKANAN;BAKSO IKAN DAN NUGGET IKAN;0;-;-;2023
1276;15;JAMBI;1571;157101;1571011010;AMIN FOOD;M.AMIN;PO;10799 - (Industri Produk Makanan Lainnya);-;INDUSTRI MAKANAN;BAKSO,NUGGET,SOSIS;0;-;-;2023
1277;15;JAMBI;1571;157101;1571011011;AMANAH;ICO ORDIANA;PO;10799 - (Industri Produk Makanan Lainnya);-;INDUSTRI MAKANAN;ABON IKAN, KUE PANGSIT, KEMBANG GOYANG, RENGGINANG, KUE BASAH DAN KERING;0;-;-;2023
1278;15;JAMBI;1571;157101;1571011001;LIA'S COOKIES;LILIK WIDIANINGSIH;PO;10799 - (Industri Produk Makanan Lainnya);-;INDUSTRI MAKANAN;REMPEYEK, KUE KERING DAN KUE BASAH;0;-;-;2023
1279;15;JAMBI;1571;157101;1571011002;MERAMIS;DARMI YANTI;PO;10799 - (Industri Produk Makanan Lainnya);-;INDUSTRI MAKANAN;KACANG GORENG;0;-;-;2023
1280;15;JAMBI;1571;157101;1571011004;CIK UNIANG 1;GADISMA 1;PO;10799 - (Industri Produk Makanan Lainnya);-;INDUSTRI MAKANAN;KACANG UMPAT;0;-;-;2023
1281;15;JAMBI;1571;157101;1571011011;SEKINTANG DAYO;YUSNAINI;PO;10799 - (Industri Produk Makanan Lainnya);-;INDUSTRI MAKANAN;KACANG KOTEK;0;-;-;2023
1282;15;JAMBI;1571;157101;1571011011;CIK UNIANG 2;GADISMA 2;PO;10799 - (Industri Produk Makanan Lainnya);-;INDUSTRI MAKANAN;KUE SEMPRONG;0;-;-;2023
1283;15;JAMBI;1571;157101;1571011010;DESTI MANIS;MAZNA;PO;10799 - (Industri Produk Makanan Lainnya);-;INDUSTRI MAKANAN;KUE PILIN;0;-;-;2023
1284;15;JAMBI;1571;157101;1571011010;BUNDA;NOVITA JULIA;PO;10799 - (Industri Produk Makanan Lainnya);-;INDUSTRI MAKANAN;ABON AYAM;0;-;-;2023
1285;15;JAMBI;1571;157101;1571011010;MARDI LIANA;SARMINTAN;PO;10799 - (Industri Produk Makanan Lainnya);-;INDUSTRI MAKANAN;KUE PILIN;0;-;-;2023
1286;15;JAMBI;1571;157101;1571011010;MAHABAH;SURATI;PO;10799 - (Industri Produk Makanan Lainnya);-;INDUSTRI MAKANAN;KUE PILIN;0;-;-;2023
1287;15;JAMBI;1571;157106;1571061001;WAK TE LENGGE;PERRY HENDRA;PO;10799 - (Industri Produk Makanan Lainnya);-;INDUSTRI MAKANAN;DODOL;0;-;-;2023
1288;15;JAMBI;1571;157104;1571041004;HOLIS CAKE;CHAIRUN NISA;PO;10799 - (Industri Produk Makanan Lainnya);-;INDUSTRI MAKANAN;KUE TRADISIONAL;0;-;-;2023
1289;15;JAMBI;1571;157104;1571041002;AYURA KITCHEN;AYU SEPTIANI;PO;10799 - (Industri Produk Makanan Lainnya);-;INDUSTRI MAKANAN;KUE TRADISIONAL;0;-;-;2023
1290;15;JAMBI;1571;157104;1571041002;AISYAH CAKE;RIRIN PURWANI;PO;10799 - (Industri Produk Makanan Lainnya);-;INDUSTRI MAKANAN;KUE TRADISIONAL;0;-;-;2023
1291;15;JAMBI;1571;157104;1571041004;PODAK;DERRY;PO;10799 - (Industri Produk Makanan Lainnya);-;INDUSTRI MAKANAN;ANEKA MAKANAN;0;-;-;2023
1292;15;JAMBI;1571;157104;1571041001;-;HANNA ANGGRAINI;PO;10799 - (Industri Produk Makanan Lainnya);TEPUNG, TELUR;INDUSTRI MAKANAN;KUE BASAH & KUE KERING;0;-;-;2023
1293;15;JAMBI;1571;157104;1571041001;-;ANDRI WAHYUNI;PO;10799 - (Industri Produk Makanan Lainnya);TEPUNG, TELUR;INDUSTRI MAKANAN;KUE BASAH & KUE KERING;0;-;-;2023
1294;15;JAMBI;1571;157104;1571041001;-;HERMAYANI;PO;10799 - (Industri Produk Makanan Lainnya);-;INDUSTRI MAKANAN;DODOL;0;-;-;2023
1295;15;JAMBI;1571;157104;1571041001;-;ERMAWATI;PO;10799 - (Industri Produk Makanan Lainnya);TEPUNG, TELUR;INDUSTRI MAKANAN;KUE BASAH & KUE KERING;0;-;-;2023
1296;15;JAMBI;1571;157104;0;LEGA HATI;SULAIMAN SUSANTO;PO;10799 - (Industri Produk Masak Lainnya);-;INDUSTRI MAKANAN;CUKA MAKAN;0;-;-;2023
1297;15;JAMBI;1571;157101;1571011004;DODOL JAMBE;RIO JATMIKO,S.KOM;PO;10799- (Industri Produk Makanan Lainnya);-;INDUSTRI MAKANAN;DODOL;0;-;-;2023
1298;15;JAMBI;1571;157106;1571061005;-;ANISAH IBRAHIM;PO;10799- (Industri Produk Makanan Lainnya);-;INDUSTRI MAKANAN;KACANG TOJIN;0;-;-;2023
1299;15;JAMBI;1571;157110;1571101004;TOKO LILI;SABARUDIN;PO;10799- (Industri Produk Makanan Lainnya);-;INDUSTRI MAKANAN;KUE BASAH & KUE KERING;0;-;-;2023
1300;15;JAMBI;1571;157109;1507112005;RUSONO;RUSONO;PO;10799-(Industri Produk Makanan Lainnya;-;INDUSTRI MAKANAN;BAKSO;0;-;-;2023
1301;15;JAMBI;1571;157109;1507112005;RIO DONAT;WIDIANTI;PO;10799-(Industri Produk Makanan Lainnya;TEPUNG, TELUR;INDUSTRI MAKANAN;DONAT;0;-;-;2023
1302;15;JAMBI;1571;157109;1507112005;FRAN BAKERY;RAFIKA DEWI;PO;10799-(Industri Produk Makanan Lainnya;TEPUNG,TELUR;INDUSTRI MAKANAN;ROTI;0;-;-;2023
1303;15;JAMBI;1571;157109;1507112005;MAWAR BAKERY;SITI NGATIAH;PO;10799-(Industri Produk Makanan Lainnya;TEPUNG,TELUR;INDUSTRI MAKANAN;ROTI;0;-;-;2023
1304;15;JAMBI;1571;157109;1507112005;BOLU-BOLU ONLINE;BUDI IRAWAN;PO;10799-(Industri Produk Makanan Lainnya;TEPUNG,TELUR;INDUSTRI MAKANAN;BOLU;0;-;-;2023
1305;15;JAMBI;1571;157109;1507112005;BAWANG GORENG WIDIA;M.SYAMSUL ARIPIN;PO;10799-(Industri Produk Makanan Lainnya;TEPUNG, BAWANG;INDUSTRI MAKANAN;BAWANG GORENG;0;-;-;2023
1306;15;JAMBI;1571;157109;1507112005;TINKERCAKE_JAMBI;ANIISA AMALIYA HEARSA;PO;10799-(Industri Produk Makanan Lainnya;TEPUNG,TELUR;INDUSTRI MAKANAN;ROTI;0;-;-;2023
1307;15;JAMBI;1571;157109;1507112005;LINA DONUT;HERLINA;PO;10799-(Industri Produk Makanan Lainnya;TEPUNG,TELUR;INDUSTRI MAKANAN;ROTI;0;-;-;2023
1308;15;JAMBI;1571;157109;1507112005;MAYA CAKE;MAHIYA FIATUN;PO;10799-(Industri Produk Makanan Lainnya;TEPUNG,TELUR;INDUSTRI MAKANAN;ROTI;0;-;-;2023
1309;15;JAMBI;1571;157109;1507112005;DONAT DAN BROWNIS KIA;IKA PURNAMA SARI;PO;10799-(Industri Produk Makanan Lainnya;TEPUNG,TELUR;INDUSTRI MAKANAN;ROTI;0;-;-;2023
1310;15;JAMBI;1571;157109;1507112005;CAKWE BAROKAH;DEDI HARTONO;PO;10799-(Industri Produk Makanan Lainnya;TEPUNG,TELUR;INDUSTRI MAKANAN;ROTI;0;-;-;2023
1311;15;JAMBI;1571;157109;1507112005;AMIRA BAKERY;UPIK ERLINA;PO;10799-(Industri Produk Makanan Lainnya;TEPUNG,TELUR;INDUSTRI MAKANAN;ROTI;0;-;-;2023
1312;15;JAMBI;1571;157109;1507112005;BAWANG GORENG IDA;IDA HARIANA;PO;10799-(Industri Produk Makanan Lainnya;TEPUNG,BAWANG;INDUSTRI MAKANAN;BAWANG GORENG;0;-;-;2023
1313;15;JAMBI;1571;157109;1507112005;GIPANG TIGO PUTRA;SYAFNIL;PO;10799-(Industri Produk Makanan Lainnya;-;INDUSTRI MAKANAN;GIPANG;0;-;-;2023
1314;15;JAMBI;1571;157109;1571091003;ROEMAH DONAT;METI DESMIYANA,SE;PO;10799(INDUSTRI PRODUK MAKANAN LAINNYA);-;INDUSTRI MAKANAN;-;0;-;-;2023
1315;15;JAMBI;1571;157109;1571091004;-;EFFI NURHAYATI;PO;10799-(Industri Produk Makanan Lainnya);-;INDUSTRI MAKANAN;KUE TRADISIONAL;0;-;-;2023
1316;15;JAMBI;1571;157109;1571091004;BUDE DODOL;M.ARIEF NASUTION;PO;10799-(Industri Produk Makanan Lainnya);-;INDUSTRI MAKANAN;DODOL;0;-;-;2023
1317;15;JAMBI;1571;157109;1571091004;SELAI ROSELA RENTI;RENTI;PO;10799-(Industri Produk Makanan Lainnya);-;INDUSTRI MAKANAN;SELAI ROSELA;0;-;-;2023
1318;15;JAMBI;1571;157109;1571091004;KERIPIK INDAH;INDAH PUSPITA;PO;10799-(Industri Produk Makanan Lainnya);-;INDUSTRI MAKANAN;KERPIK LIDAH MERTUO;0;-;-;2023
1319;15;JAMBI;1571;157109;1571091004;KUE PILIN JUNUSIA;JUNUSIA;PO;10799-(Industri Produk Makanan Lainnya);-;INDUSTRI MAKANAN;KUE PILIN DAN KERIPIK PISANG;0;-;-;2023
1320;15;JAMBI;1571;157109;1571091004;KERIPIK JAGUNG SARI;SRI WAHYUNI;PO;10799-(Industri Produk Makanan Lainnya);-;INDUSTRI MAKANAN;KERIPIK JAGUNG;0;-;-;2023
1321;15;JAMBI;1571;157109;1571091004;KUE NURLELA;NURLELA;PO;10799-(Industri Produk Makanan Lainnya);-;INDUSTRI MAKANAN;KUE TRADISIONAL;0;-;-;2023
1322;15;JAMBI;1571;157109;1571091004;KEMBANG GOYANG RANIA;ASNITA;PO;10799-(Industri Produk Makanan Lainnya);-;INDUSTRI MAKANAN;MAKANAN RINGAN;0;-;-;2023
1323;15;JAMBI;1571;157109;1571091005;TELUR ASIN ANNISA;IDA ROCHANI;PO;10799-(Industri Produk Makanan Lainnya);-;INDUSTRI MAKANAN;TELUR ASIN;0;-;-;2023
1324;15;JAMBI;1571;157109;1571091005;AC LESTARI;SRI LESTARI;PO;10799-(Industri Produk Makanan Lainnya);-;INDUSTRI MAKANAN;KUE BASAH DAN KUE KERING;0;-;-;2023
1325;15;JAMBI;1571;157109;1571091005;BU ENDANG;SUPARDI;PO;10799-(Industri Produk Makanan Lainnya);-;INDUSTRI MAKANAN;BAKSO DAN MIE AYAM;0;-;-;2023
1326;15;JAMBI;1571;157106;1504062009;-;MAINUN;PO;10799-(Industri Produk Makanan Lainnya);-;INDUSTRI MAKANAN;CATERING;0;-;-;2023
1327;15;JAMBI;1571;157106;1504062009;-;IZZATI;PO;10799-(Industri Produk Makanan Lainnya);-;INDUSTRI MAKANAN;CATERING;0;-;-;2023
1328;15;JAMBI;1571;157106;1504062009;-;MAEMANAH;PO;10799-(Industri Produk Makanan Lainnya);-;INDUSTRI MAKANAN;CATERING;0;-;-;2023
1329;15;JAMBI;1571;157106;1504062009;-;AZIZAH;PO;10799-(Industri Produk Makanan Lainnya);-;INDUSTRI MAKANAN;CATERING;0;-;-;2023
1330;15;JAMBI;1571;157106;1504062009;-;SITI QOMARIYAH;PO;10799-(Industri Produk Makanan Lainnya);-;INDUSTRI MAKANAN;CATERING;0;-;-;2023
1331;15;JAMBI;1571;157106;1504062009;-;MISTINA;PO;10799-(Industri Produk Makanan Lainnya);-;INDUSTRI MAKANAN;CATERING;0;-;-;2023
1332;15;JAMBI;1571;157106;1504062009;-;MURNIYATI;PO;10799-(Industri Produk Makanan Lainnya);-;INDUSTRI MAKANAN;CATHERING;0;-;-;2023
1333;15;JAMBI;1571;157106;1571061005;-;NURHAYATI;PO;10799-(Industri Produk Makanan Lainnya);-;INDUSTRI MAKANAN;MAKANAN RINGAN;0;-;-;2023
1334;15;JAMBI;1571;157106;1571061004;-;FAUZAN;PO;10799-(Industri Produk Makanan Lainnya);-;INDUSTRI MAKANAN;CATHERING;0;-;-;2023
1335;15;JAMBI;1571;157106;1571061004;-;RATNA WATI;PO;10799-(Industri Produk Makanan Lainnya);-;INDUSTRI MAKANAN;KUE TRADISIONAL;0;-;-;2023
1336;15;JAMBI;1571;157106;1571061004;-;RINA INTAN SARI;PO;10799-(Industri Produk Makanan Lainnya);-;INDUSTRI MAKANAN;CATHERING;0;-;-;2023
1337;15;JAMBI;1571;157106;1571061004;-;ASMARANI;PO;10799-(Industri Produk Makanan Lainnya);-;INDUSTRI MAKANAN;KUE TAR;0;-;-;2023
1338;15;JAMBI;1571;157102;1571031003;PISANG CRISPY;ADE FITRIA.F.S;PO;10799-(Industri Produk Makanan Lainnya);-;INDUSTRI MAKANAN;PISANG CRISPY;0;-;-;2023
1339;15;JAMBI;1571;157102;1571021006;BAKSO KUAH KASWARI;AYU HERDIANTI;PO;10799-(Industri Produk Makanan Lainnya);-;INDUSTRI MAKANAN;BAKSO;0;-;-;2023
1340;15;JAMBI;1571;157103;1571031001;-;ARJAN;PO;10799-(Industri Produk Makanan Lainnya);-;INDUSTRI MAKANAN;GADO-GADO;200;BUNGKUS;-;2023
1341;15;JAMBI;1571;157103;1571031001;SOLO BESERI;SADIMIN;PO;10799-(Industri Produk Makanan Lainnya);-;INDUSTRI MAKANAN;BAKSO/MIE AYAM;0;-;-;2023
1342;15;JAMBI;1571;157103;1571031001;BAKSO BIBIK;BIBIK ARSI;PO;10799-(Industri Produk Makanan Lainnya);-;INDUSTRI MAKANAN;BAKSO;1000;-;-;2023
1343;15;JAMBI;1571;157103;1571031003;TAUCO CAP 88;TJOENG MENG;PO;10799-(Industri Produk Makanan Lainnya);-;INDUSTRI MAKANAN;TAUCO;100;LUSIN;-;2023
1344;15;JAMBI;1571;157103;1571031003;BAKSO SUDIMAN;WAKIJO;PO;10799-(Industri Produk Makanan Lainnya);-;INDUSTRI MAKANAN;BAKSO;1200;PORSI;-;2023
1345;15;JAMBI;1571;157103;1571031003;-;EFENDI;PO;10799-(Industri Produk Makanan Lainnya);-;INDUSTRI MAKANAN;SATE BAKSO;1000;TUSUK;-;2023
1346;15;JAMBI;1571;157103;1571031003;-;NURHASANAH;PO;10799-(Industri Produk Makanan Lainnya);-;INDUSTRI MAKANAN;MIE CELOR;500;PORSI;-;2023
1347;15;JAMBI;1571;157103;1571031003;BAKSO;SLAMET SUBARDAN;PO;10799-(Industri Produk Makanan Lainnya);-;INDUSTRI MAKANAN;BAKSO;750;PORSI;-;2023
1348;15;JAMBI;1571;157103;1571031003;ONODA;DARMAN WIJAYA;PT;10799-(Industri Produk Makanan Lainnya);-;INDUSTRI MAKANAN;MAKANAN;0;-;-;2023
1349;15;JAMBI;1571;157103;1571031003;-;WAGIMIN;PO;10799-(Industri Produk Makanan Lainnya);-;INDUSTRI MAKANAN;BAKSO;0;-;-;2023
1350;15;JAMBI;1571;157103;1571031003;-;TUKIJO;PO;10799-(Industri Produk Makanan Lainnya);-;INDUSTRI MAKANAN;BAKSO;0;-;-;2023
1351;15;JAMBI;1571;157103;1571031003;-;SUYATNO;PO;10799-(Industri Produk Makanan Lainnya);-;INDUSTRI MAKANAN;BAKSO;0;-;-;2023
1352;15;JAMBI;1571;157103;1571031003;-;BEJO;PO;10799-(Industri Produk Makanan Lainnya);-;INDUSTRI MAKANAN;BAKSO;0;-;-;2023
1353;15;JAMBI;1571;157103;1571031003;-;SARIYONO;PO;10799-(Industri Produk Makanan Lainnya);-;INDUSTRI MAKANAN;BAKSO;0;-;-;2023
1354;15;JAMBI;1571;157103;1571031001;-;RENI TRIANA;PO;10799-(Industri Produk Makanan Lainnya);-;INDUSTRI MAKANAN;BAKSO,PEMPEK;0;-;-;2023
1355;15;JAMBI;1571;157103;1571031003;-;MELNI WATI;PO;10799-(Industri Produk Makanan Lainnya);-;INDUSTRI MAKANAN;BUMBU;0;-;-;2023
1356;15;JAMBI;1571;157103;1571031003;-;EKA DEPAYANTI;PO;10799-(Industri Produk Makanan Lainnya);-;INDUSTRI MAKANAN;BUMBU;0;-;-;2023
1357;15;JAMBI;1571;157103;1571031003;-;RIKA RAZYK;PO;10799-(Industri Produk Makanan Lainnya);-;INDUSTRI MAKANAN;BUMBU;0;-;-;2023
1358;15;JAMBI;1571;157108;1571081002;SADEWI;SARI PUSPITA DEWI;PO;10799-(Industri Produk Makanan Lainnya);-;INDUSTRI MAKANAN;KUE KERING,KERIPIK,KUE BOLU;50;-;-;2023
1359;15;JAMBI;1571;157108;1571081006;BUNDA FOOD;LENI KUSMITA;PO;10799-(Industri Produk Makanan Lainnya);-;INDUSTRI MAKANAN;KUE TRADISIONAL;0;-;-;2023
1360;15;JAMBI;1571;157108;1571081006;BUNDA FOOD;MINDRA WATI;PO;10799-(Industri Produk Makanan Lainnya);-;INDUSTRI MAKANAN;KUE TRADISIONAL;0;-;-;2023
1361;15;JAMBI;1571;157108;1571081006;BUNDA FOOD;SUMINI;PO;10799-(Industri Produk Makanan Lainnya);-;INDUSTRI MAKANAN;KUE TRADISIONAL;0;-;-;2023
1362;15;JAMBI;1571;157108;1503092004;BUNDA FOOD;RENY ANGGRAINI;PO;10799-(Industri Produk Makanan Lainnya);-;INDUSTRI MAKANAN;KUE TRADISIONAL;0;-;-;2023
1363;15;JAMBI;1571;157108;1571081004;SIOMAY SUHAR;SUHAR;PO;10799-(Industri Produk Makanan Lainnya);-;INDUSTRI MAKANAN;SIOMAY;50;-;-;2023
1364;15;JAMBI;1571;157108;1571081006;ZULAIKA BAKERY;DESI NATALIA;PO;10799-(Industri Produk Makanan Lainnya);-;INDUSTRI MAKANAN;KUE TRADISIONAL;3600;KUE;-;2023
1365;15;JAMBI;1571;157108;1571081006;BIHUN DUA GUNUNG;HUSIN SAYUTI;PO;10799-(Industri Produk Makanan Lainnya);-;INDUSTRI MAKANAN;BIHUN;5;TON;-;2023
1366;15;JAMBI;1571;157108;1571081006;KUE ELMI;ELMI SUANTI;PO;10799-(Industri Produk Makanan Lainnya);-;INDUSTRI MAKANAN;KUE TRADISIONAL;6000;BUAH;-;2023
1367;15;JAMBI;1571;157108;1571081003;-;WAHYUDI;PO;10799-(Industri Produk Makanan Lainnya);-;INDUSTRI MAKANAN;CAKAR AYAM GULA;0;-;-;2023
1368;15;JAMBI;1571;157108;1571081003;-;RUSMAINI;PO;10799-(Industri Produk Makanan Lainnya);-;INDUSTRI MAKANAN;CAKAR AYAM GULA;0;-;-;2023
1369;15;JAMBI;1571;157108;1571081001;-;MOITJU;PO;10799-(Industri Produk Makanan Lainnya);-;INDUSTRI MAKANAN;TAUGE;3;TON;-;2023
1370;15;JAMBI;1571;157107;1571071004;-;HENDRI SETIAWAN;PO;10799-(Industri Produk Makanan Lainnya);KACANG;INDUSTRI MAKANAN;ENTING-ENTING KACANG;0;-;-;2023
1371;15;JAMBI;1571;157111;1571111003;BAKSO CEMOL 212;ROSIDA;PO;10799-(INDUSTRI PRODUK MAKANAN LAINNYA);-;INDUSTRI MAKANAN;BAKSO;0;-;-;2023
1372;15;JAMBI;1571;157111;1571111001;RUMAH KUE KEMBAH;ISMINAH;PO;10799-(INDUSTRI PRODUK MAKANAN LAINNYA);-;INDUSTRI MAKANAN;KUE TRADISIONAL;0;-;-;2023
1373;15;JAMBI;1571;157111;1571111004;PISANG KRISPI DARMA;DARMAWATI;PO;10799-(INDUSTRI PRODUK MAKANAN LAINNYA);-;INDUSTRI MAKANAN;PISANG CRISPY;0;-;-;2023
1374;15;JAMBI;1571;157111;1571111001;ALTAF FOOD;M.HATTA;PO;10799-(INDUSTRI PRODUK MAKANAN LAINNYA);-;INDUSTRI MAKANAN;KULIT KEBAB;0;-;-;2023
1375;15;JAMBI;1571;157111;1571111003;BUNDA FOOD;EVA SUSANTI;PO;10799-(INDUSTRI PRODUK MAKANAN LAINNYA);-;INDUSTRI MAKANAN;KUE TRADISIONAL;0;-;-;2023
1376;15;JAMBI;1571;157105;1571051001;-;-;PO;10799-(INDUSTRI PRODUK MAKANAN LAINNYA);-;INDUSTRI MAKANAN;TELUR ASIN;0;-;-;2023
1377;15;JAMBI;1571;157105;1571051001;-;ZAHARA;PO;10799-(INDUSTRI PRODUK MAKANAN LAINNYA);-;INDUSTRI MAKANAN;CATHERING;0;-;-;2023
1378;15;JAMBI;1571;157105;1571051004;-;SUMAINI;PO;10799-(INDUSTRI PRODUK MAKANAN LAINNYA);-;INDUSTRI MAKANAN;CATHERING;0;-;-;2023
1379;15;JAMBI;1571;157105;1571051004;-;FATMAWATI;PO;10799-(INDUSTRI PRODUK MAKANAN LAINNYA);-;INDUSTRI MAKANAN;CATHERING;0;-;-;2023
1380;15;JAMBI;1571;157105;1571051005;-;NURJANNAH;PO;10799-(INDUSTRI PRODUK MAKANAN LAINNYA);-;INDUSTRI MAKANAN;KUE KEMBANG GOYANG;0;-;-;2023
1381;15;JAMBI;1571;157105;1571051005;-;NUR HIKMAH;PO;10799-(INDUSTRI PRODUK MAKANAN LAINNYA);-;INDUSTRI MAKANAN;CATHERING;0;-;-;2023
1382;15;JAMBI;1571;157101;1571011010;BUNDA FOOD;YULIANA;PO;10799-(Industri Produk Makanan Lainnya);-;INDUSTRI MAKANAN;MARTABAK MANIS;0;-;-;2023
1383;15;JAMBI;1571;157101;1571011010;KUE PILIN KEDOTAN;MAZNA;PO;10799-(Industri Produk Makanan Lainnya);-;INDUSTRI MAKANAN;KUE PILIN;35;KG;-;2023
1384;15;JAMBI;1571;157101;1571011010;GUNTUNG;SARMINTAN;PO;10799-(Industri Produk Makanan Lainnya);-;INDUSTRI MAKANAN;KUE PILIN;400;KG;-;2023
1385;15;JAMBI;1571;157101;1571011010;TATA;MAIMUNAH;PO;10799-(Industri Produk Makanan Lainnya);-;INDUSTRI MAKANAN;PISANG COKLAT;300;KG;-;2023
1386;15;JAMBI;1571;157101;1571011004;-;SUWOTO;PO;10799-(Industri Produk Makanan Lainnya);-;INDUSTRI MAKANAN;KUE TRADISIONAL;0;-;-;2023
1387;15;JAMBI;1571;157101;1571011004;-;TATIK HARIL;PO;10799-(Industri Produk Makanan Lainnya);-;INDUSTRI MAKANAN;KUE TRADISIONAL;0;-;-;2023
1388;15;JAMBI;1571;157101;1571011004;-;ERWANA;PO;10799-(Industri Produk Makanan Lainnya);-;INDUSTRI MAKANAN;SIOMAY DAN BATAGOR;0;-;-;2023
1389;15;JAMBI;1571;157101;1571011004;-;IRPAN SALEH;PO;10799-(Industri Produk Makanan Lainnya);-;INDUSTRI MAKANAN;MIE CELOR DAN MIE TEK-TEK;0;-;-;2023
1390;15;JAMBI;1571;157101;1571011010;-;MEGA PUTRI;PO;10799-(Industri Produk Makanan Lainnya);-;INDUSTRI MAKANAN;CUCUK GIGI,TUJEN;0;-;-;2023
1391;15;JAMBI;1571;157101;1571011010;-;SUMINTAN;PO;10799-(Industri Produk Makanan Lainnya);-;INDUSTRI MAKANAN;KUE PILIN;0;-;-;2023
1392;15;JAMBI;1571;157101;1571011001;-;MAIYARNI;PO;10799-(Industri Produk Makanan Lainnya);-;INDUSTRI MAKANAN;KUE SEMPRONG;0;-;-;2023
1393;15;JAMBI;1571;157109;1507112005;-;ERDAWATI;PO;10799-(Industri Produk Makanan Lainnya);-;INDUSTRI MAKANAN;KUE;0;-;-;2023
1394;15;JAMBI;1571;157109;1507112005;KUE UCI;SUSI YANTI;PO;10799-(Industri Produk Makanan Lainnya);-;INDUSTRI MAKANAN;KUE;0;-;-;2023
1395;15;JAMBI;1571;157109;1507112005;PISANG NUGGET PRAMIDA;PRAMIDA RAHAYU;PO;10799-(Industri Produk Makanan Lainnya);TEPUNG,TELUR;INDUSTRI MAKANAN;NUGGET;0;-;-;2023
1396;15;JAMBI;1571;157109;1571091001;MAULAGI;NYIMAS LINA;PO;10799-(Industri Produk Makanan Lainnya);-;INDUSTRI MAKANAN;LEMPOK;2;TON;-;2023
1397;15;JAMBI;1571;157109;1571091004;NAYA SNACK;AZIZAH;PO;10799-(Industri Produk Makanan Lainnya);-;INDUSTRI MAKANAN;KUE COKLAT;500;KG;-;2023
1398;15;JAMBI;1571;157109;1507112005;HARUM MANIS;NURYANI;PO;10799-(Industri Produk Makanan Lainnya);-;INDUSTRI MAKANAN;CAKAR AYAM MANIS,ASIN DAN KIPANG KETAN;41760;BUNGKUS;-;2023
1399;15;JAMBI;1571;157108;1571081001;-;DJUMARI;PO;10799-(Industri Produk Makanan Lainnya);-;INDUSTRI MAKANAN;TAUGE;0;-;-;2023
1400;15;JAMBI;1571;157105;1571051005;-;DIAN OKTARINA;PO;10799-(INDUSTRI PRODUK MAKANAN LAINNYA);-;INDUSTRI MAKANAN;KUE SEMPRONG;0;-;-;2023
1401;15;JAMBI;1571;157105;1571051005;-;NURBANI;PO;10799-(INDUSTRI PRODUK MAKANAN LAINNYA);-;INDUSTRI MAKANAN;KUE SEMPRONG;0;-;-;2023
1402;15;JAMBI;1571;157105;1571051005;-;ZALILA;PO;10799-(INDUSTRI PRODUK MAKANAN LAINNYA);-;INDUSTRI MAKANAN;KUE SEMPRONG;0;-;-;2023
1403;15;JAMBI;1571;157105;1571051005;-;SERI PUSPITA SARI;PO;10799-(INDUSTRI PRODUK MAKANAN LAINNYA);-;INDUSTRI MAKANAN;KUE SEMPRONG;0;-;-;2023
1404;15;JAMBI;1571;157105;1571051005;-;MARLIA;PO;10799-(INDUSTRI PRODUK MAKANAN LAINNYA);-;INDUSTRI MAKANAN;KUE GOYANG;0;-;-;2023
1405;15;JAMBI;1571;157105;1571051005;-;ZARIAH;PO;10799-(INDUSTRI PRODUK MAKANAN LAINNYA);-;INDUSTRI MAKANAN;KUE SEMPRONG;0;-;-;2023
1406;15;JAMBI;1571;157105;1571051005;-;IKA PURNAMA SARI;PO;10799-(INDUSTRI PRODUK MAKANAN LAINNYA);-;INDUSTRI MAKANAN;KUE SEMPRONG;0;-;-;2023
1407;15;JAMBI;1571;157105;1571051005;-;MAHMUDA;PO;10799-(INDUSTRI PRODUK MAKANAN LAINNYA);-;INDUSTRI MAKANAN;KUE SEMPRONG;0;-;-;2023
1408;15;JAMBI;1571;157105;1571051005;-;IIS ARISKA;PO;10799-(INDUSTRI PRODUK MAKANAN LAINNYA);-;INDUSTRI MAKANAN;KUE PENGANTIN;0;-;-;2023
1409;15;JAMBI;1571;157105;1571051005;-;NEMI NELWENI;PO;10799-(INDUSTRI PRODUK MAKANAN LAINNYA);-;INDUSTRI MAKANAN;KUE SEMPRONG;0;-;-;2023
1410;15;JAMBI;1571;157105;1571051005;-;DEDE LESTARI;PO;10799-(INDUSTRI PRODUK MAKANAN LAINNYA);-;INDUSTRI MAKANAN;KUE SEMPRONG;0;-;-;2023
1411;15;JAMBI;1571;157105;1571051005;-;SHANTA RITA;PO;10799-(INDUSTRI PRODUK MAKANAN LAINNYA);-;INDUSTRI MAKANAN;KUE SEMPRONG;0;-;-;2023
1412;15;JAMBI;1571;157105;1571051005;-;LILI IRAWATI;PO;10799-(INDUSTRI PRODUK MAKANAN LAINNYA);-;INDUSTRI MAKANAN;KUE SEMPRONG;0;-;-;2023
1413;15;JAMBI;1571;157105;1571051005;-;BADARIA;PO;10799-(INDUSTRI PRODUK MAKANAN LAINNYA);-;INDUSTRI MAKANAN;KUE SEMPRONG;0;-;-;2023
1414;15;JAMBI;1571;157105;1571051006;-;SITI RAHMA;-;10799-(INDUSTRI PRODUK MAKANAN LAINNYA);-;INDUSTRI MAKANAN;KUE SEMPRONG;0;-;-;2023
1415;15;JAMBI;1571;157105;1571051004;-;M. FAJRI AFRIANSYAH;PO;10799-(INDUSTRI PRODUK MAKANAN LAINNYA);-;INDUSTRI MAKANAN;KLETEK UDANG;0;-;-;2023
1416;15;JAMBI;1571;157105;1571051003;-;SHOLATIA;PO;10799-(INDUSTRI PRODUK MAKANAN LAINNYA);-;INDUSTRI MAKANAN;MAKARONI SNACK;0;-;-;2023
1417;15;JAMBI;1571;157109;1571091003;KEDAI D'BLANG;M.MEDIA REZA;PO;10799-(Industri Produk Makanan Lainnya);-;INDUSTRI MAKANAN;MAKANAN;0;-;-;2023
1418;15;JAMBI;1571;157103;0;SUMBER JAYA;GUAN TOYO;PO;10802 - (Indusri Konsentrat Makanan Hewan);-;INDUSTRI MAKANAN;MAKANAN TERNAK/IKAN;0;-;-;2023
1419;15;JAMBI;1571;157107;1571071005;BUNGO TANJUNG;KELOMPOK DASAWISMA-TOGA;PO;11040 - (Industri Minuman Ringan);-;INDUSTRI MINUMAN;TEH ROSELLA, SIRUP BUNGA ROSELLA, WEDANG JAHE;500000;KG;-;2023
1420;15;JAMBI;1571;157101;1571011004;PT.MITRA CASSIA ORGANIK;AKMAL THAIB;PT;11040 - (Industri Minuman Ringan);-;INDUSTRI MINUMAN;TEH;0;-;-;2023
1421;15;JAMBI;1571;157109;0;VIA WATER;ZAINI;PO;11050 - (Industri Air Minum dan Air Mineral);-;INDUSTRI MINUMAN;AMIU;48300;LITER;-;2023
1422;15;JAMBI;1571;157110;1571101001;DZAKI WATER;ANTONI;PO;11050 - (Industri Air Minum dan Air Mineral);-;INDUSTRI MINUMAN;AMIU;54000;LITER;-;2023
1423;15;JAMBI;1571;157102;0;TIRTA LESTARI NUSANTARA;INDRA KESUMA;PO;11050 - (Industri Air Minum dan Air Mineral);-;INDUSTRI MINUMAN;AMDK;12000;LITER;-;2023
1424;15;JAMBI;1571;157102;0;ARTRI DISTRIBUSINDO;AFRIZAL SE;PO;11050 - (Industri Air Minum dan Air Mineral);-;INDUSTRI MINUMAN;AMIU;10000000;LITER;-;2023
1425;15;JAMBI;1571;157102;1571021003;A'E KITO;BUDI;PO;11050 - (Industri Air Minum dan Air Mineral);-;INDUSTRI MINUMAN;AMIU;0;LITER;-;2023
1426;15;JAMBI;1571;157102;1571021003;OJO LALI 1;SUKARNO 1;PO;11050 - (Industri Air Minum dan Air Mineral);-;INDUSTRI MINUMAN;AMIU;12500;LITER;-;2023
1427;15;JAMBI;1571;157102;1571021006;WATER RAHMAT;ALSAFI;PO;11050 - (Industri Air Minum dan Air Mineral);-;INDUSTRI MINUMAN;AMIU;9600;LITER;-;2023
1428;15;JAMBI;1571;157102;1571021006;MUSTIKA WATER;BAHRUDIN;PO;11050 - (Industri Air Minum dan Air Mineral);-;INDUSTRI MINUMAN;AMIU;16000;LITER;-;2023
1429;15;JAMBI;1571;157102;1571021006;AIR MINUM SEHAT;JERRY PETER;PO;11050 - (Industri Air Minum dan Air Mineral);-;INDUSTRI MINUMAN;AMIU;18000;LITER;-;2023
1430;15;JAMBI;1571;157102;1571021004;AQUA FRESH;ZULFIKAR;PO;11050 - (Industri Air Minum dan Air Mineral);-;INDUSTRI MINUMAN;AMIU;10800;LITER;-;2023
1431;15;JAMBI;1571;157103;1571031002;ANGSO DUO WATER;H.RAMLI;PO;11050 - (Industri Air Minum dan Air Mineral);-;INDUSTRI MINUMAN;AMIU;15000;LITER;-;2023
1432;15;JAMBI;1571;157103;1571031003;AIR ISI ULANG;WULAN WARMAN;PO;11050 - (Industri Air Minum dan Air Mineral);-;INDUSTRI MINUMAN;-;0;-;-;2023
1433;15;JAMBI;1571;157108;1571081007;ZAMIRO WATER;ZAINAL FADLI,SH;FIRMA;11050 - (Industri Air Minum dan Air Mineral);-;INDUSTRI MINUMAN;AMIU;15400;LITER;-;2023
1434;15;JAMBI;1571;157108;1571081006;PUTRA TUNGGAL;IMDO OGI;PT;11050 - (Industri Air Minum dan Air Mineral);-;INDUSTRI MINUMAN;AMIU;1000;LITER;-;2023
1435;15;JAMBI;1571;157108;1571081007;QORI WATER;RANDU;PO;11050 - (Industri Air Minum dan Air Mineral);-;INDUSTRI MINUMAN;AMIU;1600;LITER;-;2023
1436;15;JAMBI;1571;157108;1571081004;LIDYA WATER;ZAINUL JUFRI;PO;11050 - (Industri Air Minum dan Air Mineral);-;INDUSTRI MINUMAN;AMIU;800;LITER;-;2023
1437;15;JAMBI;1571;157108;1571081003;AQUA AYU;SUKARNO J;PO;11050 - (Industri Air Minum dan Air Mineral);-;INDUSTRI MINUMAN;AMIU;12;LITER;-;2023
1438;15;JAMBI;1571;157108;1571081006;HIQMAH QUA;ANDI BAHARUDIN;PO;11050 - (Industri Air Minum dan Air Mineral);-;INDUSTRI MINUMAN;AMIU;30;LITER;-;2023
1439;15;JAMBI;1571;157108;1571081006;ZAHIRU WATER;ZAINUL FADLI;PO;11050 - (Industri Air Minum dan Air Mineral);-;INDUSTRI MINUMAN;AMIU;19200;LITER;-;2023
1440;15;JAMBI;1571;157108;1571081003;TEGUH WATER;TEGUH;PO;11050 - (Industri Air Minum dan Air Mineral);-;INDUSTRI MINUMAN;AMIU;720;LITER;-;2023
1441;15;JAMBI;1571;157108;1503092004;-;M.NASIR;PO;11050 - (Industri Air Minum dan Air Mineral);-;INDUSTRI MINUMAN;AMIU;700;LITER;-;2023
1442;15;JAMBI;1571;157108;1571081003;AMAS WATER;BAHAR;PO;11050 - (Industri Air Minum dan Air Mineral);-;INDUSTRI MINUMAN;AMIU;4800;LITER;-;2023
1443;15;JAMBI;1571;157108;1571081003;JUNA WATER;YUDI;PO;11050 - (Industri Air Minum dan Air Mineral);-;INDUSTRI MINUMAN;AMIU;0;LITER;-;2023
1444;15;JAMBI;1571;157108;1571081007;IQ FRESH;KIKI;PO;11050 - (Industri Air Minum dan Air Mineral);-;INDUSTRI MINUMAN;AMIU;1000;LITER;-;2023
1445;15;JAMBI;1571;157107;1571071005;KENALI WATER;SOPIAN;PO;11050 - (Industri Air Minum dan Air Mineral);-;INDUSTRI MINUMAN;AMIU;5000;LITER;-;2023
1446;15;JAMBI;1571;157107;1571071005;ICA WATER;TUTI 1;PO;11050 - (Industri Air Minum dan Air Mineral);-;INDUSTRI MINUMAN;AMIU;9000;LITER;-;2023
1447;15;JAMBI;1571;157107;1571071005;NGUNANG INDAH WATER;BERLIAN SAPUTRA;PO;11050 - (Industri Air Minum dan Air Mineral);-;INDUSTRI MINUMAN;AMIU;2400;LITER;-;2023
1448;15;JAMBI;1571;157107;1571071005;HR.WATER;-;PO;11050 - (Industri Air Minum dan Air Mineral);-;INDUSTRI MINUMAN;AMIU;21600;LITER;-;2023
1449;15;JAMBI;1571;157107;1571071005;ALKEN;MEDI;PO;11050 - (Industri Air Minum dan Air Mineral);-;INDUSTRI MINUMAN;AMIU;16000;LITER;-;2023
1450;15;JAMBI;1571;157107;1571071001;ARYA WATER;LISA RAHIM;PO;11050 - (Industri Air Minum dan Air Mineral);-;INDUSTRI MINUMAN;AMIU;1200;LITER;-;2023
1451;15;JAMBI;1571;157107;1571071004;IKLAS WATER;UMI SAHRIZAL;PO;11050 - (Industri Air Minum dan Air Mineral);-;INDUSTRI MINUMAN;AMIU;1200;LITER;-;2023
1452;15;JAMBI;1571;157107;1571071004;DEPOT ARKA;FITRI;PO;11050 - (Industri Air Minum dan Air Mineral);-;INDUSTRI MINUMAN;AMIU;0;LITER;-;2023
1453;15;JAMBI;1571;157107;1571071005;BIMA WATER;AZWARINAS;PO;11050 - (Industri Air Minum dan Air Mineral);-;INDUSTRI MINUMAN;AMIU;13400;LITER;-;2023
1454;15;JAMBI;1571;157107;1571071004;ROS WATER;DULPIA;PO;11050 - (Industri Air Minum dan Air Mineral);-;INDUSTRI MINUMAN;AMIU;0;LITER;-;2023
1455;15;JAMBI;1571;157107;1571071001;DEPOT AYI;YUNI ARIATY;PO;11050 - (Industri Air Minum dan Air Mineral);-;INDUSTRI MINUMAN;AMIU;0;LITER;-;2023
1456;15;JAMBI;1571;157107;1571071002;SAWANG WATER;FAHRUDIN;PO;11050 - (Industri Air Minum dan Air Mineral);-;INDUSTRI MINUMAN;AMIU;4500;LITER;-;2023
1457;15;JAMBI;1571;157107;1571071002;IZI WATER;AGUSMAN;PO;11050 - (Industri Air Minum dan Air Mineral);-;INDUSTRI MINUMAN;AMIU;1200;LITER;-;2023
1458;15;JAMBI;1571;157107;1571071001;ARTHESIS;ASRIAL;PO;11050 - (Industri Air Minum dan Air Mineral);-;INDUSTRI MINUMAN;AMIU;800;LITER;-;2023
1459;15;JAMBI;1571;157107;1571071002;DEPOT TIRTA;ERWIN;PO;11050 - (Industri Air Minum dan Air Mineral);-;INDUSTRI MINUMAN;AMIU;5000;LITER;-;2023
1460;15;JAMBI;1571;157107;1571071002;DASRIAL WATER;DASRIAL;PO;11050 - (Industri Air Minum dan Air Mineral);-;INDUSTRI MINUMAN;AMIU;4000;LITER;-;2023
1461;15;JAMBI;1571;157107;1571071004;REGI WATER;RYAN;PO;11050 - (Industri Air Minum dan Air Mineral);-;INDUSTRI MINUMAN;AMIU;18000;LITER;-;2023
1462;15;JAMBI;1571;157107;1571071005;IRA WATER;TUTI;PO;11050 - (Industri Air Minum dan Air Mineral);-;INDUSTRI MINUMAN;AMIU;1500;LITER;-;2023
1463;15;JAMBI;1571;157107;1571071005;TOTAL WATER;MURDIYANTO;PO;11050 - (Industri Air Minum dan Air Mineral);-;INDUSTRI MINUMAN;AMIU;0;LITER;-;2023
1464;15;JAMBI;1571;157107;1571071004;N.K.MAS WATER;SUPADI;PO;11050 - (Industri Air Minum dan Air Mineral);-;INDUSTRI MINUMAN;AMIU;18000;LITER;-;2023
1465;15;JAMBI;1571;157107;1571071004;WATER RIFA;DEDY MASUDA;PO;11050 - (Industri Air Minum dan Air Mineral);-;INDUSTRI MINUMAN;AMIU;10800;LITER;-;2023
1466;15;JAMBI;1571;157107;1571071004;AGUS WATER;ARPAN;PO;11050 - (Industri Air Minum dan Air Mineral);-;INDUSTRI MINUMAN;AMIU;14400;LITER;-;2023
1467;15;JAMBI;1571;157111;1571111002;WAY FRESH;ASNAWI S;PO;11050 - (Industri Air Minum dan Air Mineral);-;INDUSTRI MINUMAN;AMIU;15000;LITER;-;2023
1468;15;JAMBI;1571;157105;1571051006;TAUFIK WATER;TAUFIK;PO;11050 - (Industri Air Minum dan Air Mineral);-;INDUSTRI MINUMAN;AMIU;36000;LITER;-;2023
1469;15;JAMBI;1571;157105;1571051006;D.A.. ALJAUHAREN;AHMAD FUAD;PO;11050 - (Industri Air Minum dan Air Mineral);-;INDUSTRI MINUMAN;AMIU;0;LITER;-;2023
1470;15;JAMBI;1571;157105;1571051005;ALMUBAROK;H.MUBAROK;PO;11050 - (Industri Air Minum dan Air Mineral);-;INDUSTRI MINUMAN;AMIU;0;LITER;-;2023
1471;15;JAMBI;1571;157105;1571051005;DEPOT AIR;SADATUDAREN;PO;11050 - (Industri Air Minum dan Air Mineral);-;INDUSTRI MINUMAN;AMIU;0;LITER;-;2023
1472;15;JAMBI;1571;157105;1571051005;AS WATER;ASNAWI SBRG;PO;11050 - (Industri Air Minum dan Air Mineral);-;INDUSTRI MINUMAN;AMIU;0;LITER;-;2023
1473;15;JAMBI;1571;157105;1571051005;FIF WATER;M.SYAHRIAL;PO;11050 - (Industri Air Minum dan Air Mineral);-;INDUSTRI MINUMAN;AMIU;0;LITER;-;2023
1474;15;JAMBI;1571;157105;1571051001;-;ARSAYUM;PO;11050 - (Industri Air Minum dan Air Mineral);-;INDUSTRI MINUMAN;AMIU;0;LITER;-;2023
1475;15;JAMBI;1571;157101;1571011002;ABU WATER;MURSIDAH;PO;11050 - (Industri Air Minum dan Air Mineral);-;INDUSTRI MINUMAN;AMIU;43680;LITER;-;2023
1476;15;JAMBI;1571;157106;1571061005;USAHA BERSAMA;RIDHWAN;PO;11050 - (Industri Air Minum dan Air Mineral);-;INDUSTRI MINUMAN;AMIU;0;LITER;-;2023
1477;15;JAMBI;1571;157106;1504062009;DEPOT AIR LUBNA;FERI IRAWAN;PO;11050 - (Industri Air Minum dan Air Mineral);-;INDUSTRI MINUMAN;AMIU;0;LITER;-;2023
1478;15;JAMBI;1571;157106;1571061001;-;RTS.MARYANA;PO;11050 - (Industri Air Minum dan Air Mineral);-;INDUSTRI MINUMAN;AMIU;0;LITER;-;2023
1479;15;JAMBI;1571;157106;1571061001;AL AFFAN WATER;USMAN BASORI;PO;11050 - (Industri Air Minum dan Air Mineral);-;INDUSTRI MINUMAN;AMIU;0;LITER;-;2023
1480;15;JAMBI;1571;157106;1503022014;YUDHA AQUA;SAHRUL;PO;11050 - (Industri Air Minum dan Air Mineral);-;INDUSTRI MINUMAN;AMIU;24000;LITER;-;2023
1481;15;JAMBI;1571;157106;1571061004;ILHAM QUA;JUNAIDI;PO;11050 - (Industri Air Minum dan Air Mineral);-;INDUSTRI MINUMAN;AMIU;16800;LITER;-;2023
1482;15;JAMBI;1571;157106;1504062009;LUBNA WATER;FERI IRAWAN;PO;11050 - (Industri Air Minum dan Air Mineral);-;INDUSTRI MINUMAN;AMIU;1200;LITER;-;2023
1483;15;JAMBI;1571;157105;1571051005;-;M.DAUD;PO;11050 - (Industri Air Minum dan Air Mineral);-;INDUSTRI MINUMAN;AMIU;0;-;-;2023
1484;15;JAMBI;1571;157103;1571031001;IRZIAN WATER;M.HAVIZ;PO;11050-(Iindustri Air Minum dan Air Mineral);-;INDUSTRI MINUMAN;AMIU;1000;GALON;-;2023
1485;15;JAMBI;1571;157109;1571091003;OKE OCE;ARIF DARMAWAN;PO;11050-(Industri Air Minum dan Air Mineral);-;INDUSTRI MINUMAN;AMIU;0;-;-;2023
1486;15;JAMBI;1571;157109;1571091003;AS SHOBY;ZAIM BAFADHAL;PO;11050-(Industri Air Minum dan Air Mineral);-;INDUSTRI MINUMAN;DEPOT AIR MINUM;0;-;-;2023
1487;15;JAMBI;1571;157109;1571091003;DEPOT 4 PUTRI WATER;NAPSIAH;PO;11050-(Industri Air Minum dan Air Mineral);-;INDUSTRI MINUMAN;AMIU;0;-;-;2023
1488;15;JAMBI;1571;157109;1507112005;ALPIN WATER;AHMAD ALPIN;PO;11050-(Industri Air Minum dan Air Mineral);-;INDUSTRI MINUMAN;AMIU;0;-;-;2023
1489;15;JAMBI;1571;157109;1571091001;AXO ORGANIK;SUNARDI P.HUTAPEA;PO;11050-(Industri Air Minum dan Air Mineral);-;INDUSTRI MINUMAN;AMIU;0;-;-;2023
1490;15;JAMBI;1571;157109;1571091003;BIMA WATER;SITI AMINAH;PO;11050-(Industri Air Minum dan Air Mineral);-;INDUSTRI MINUMAN;AMIU;0;-;-;2023
1491;15;JAMBI;1571;157109;1571091004;JUNAEDI WATER;JUNAEDI;PO;11050-(Industri Air Minum dan Air Mineral);-;INDUSTRI MINUMAN;AMIU;0;-;-;2023
1492;15;JAMBI;1571;157106;1571061005;BENTO WATER;M.HAYAT;PO;11050-(Industri Air Minum dan Air Mineral);-;INDUSTRI MINUMAN;AMIU;0;-;-;2023
1493;15;JAMBI;1571;157106;1571061004;-;JUNAIDI;PO;11050-(Industri Air Minum dan Air Mineral);-;INDUSTRI MINUMAN;AMIU;0;-;-;2023
1494;15;JAMBI;1571;157102;1571021006;-;BUDIANSYAH;PO;11050-(Industri Air Minum dan Air Mineral);-;INDUSTRI MINUMAN;AMIU;0;-;-;2023
1495;15;JAMBI;1571;157111;1571111003;INTAN AMIRA WATER;DAHLIA;PO;11050-(INDUSTRI AIR MINUM DAN AIR MINERAL);-;INDUSTRI MINUMAN;AMIU;0;-;-;2023
1496;15;JAMBI;1571;157111;1571111003;AQILA WATER;NOVIYANTI;PO;11050-(INDUSTRI AIR MINUM DAN AIR MINERAL);-;INDUSTRI MINUMAN;AMIU;0;-;-;2023
1497;15;JAMBI;1571;157111;1571111003;DEPOT AIR MINUM;DAENG MAMASE A;PO;11050-(INDUSTRI AIR MINUM DAN AIR MINERAL);-;INDUSTRI MINUMAN;DEPOT AIR MINUM;0;-;-;2023
1498;15;JAMBI;1571;157101;1571011010;-;LUKMAN;PO;11050-(INDUSTRI AIR MINUM DAN AIR MINERAL);-;INDUSTRI MINUMAN;AMIU;0;-;-;2023
1499;15;JAMBI;1571;157110;1571101001;GENTALA ANCOL;KARMANSYAH;PO;11090 - (Industri Minuman lainnya);-;INDUSTRI MINUMAN;MINUMAN SARI KEDELE;0;-;-;2023
1500;15;JAMBI;1571;157102;1508131001;SOYA SEHAT;SRI RAHAYU;PO;11090 - (Industri Minuman lainnya);-;INDUSTRI MINUMAN;MINUMAN SARI KEDELE;0;-;-;2023
1501;15;JAMBI;1571;157103;0;SENANG JAYA;SUBARJO;PO;11090 - (Industri Minuman lainnya);-;INDUSTRI MINUMAN;LIMUN;54000;LITER;-;2023
1502;15;JAMBI;1571;157103;1571031003;BROTHER;DAMONG;PO;11090 - (Industri Minuman lainnya);-;INDUSTRI MINUMAN;MINUMAN SARANG BURUNG WALET;96000;LITER;-;2023
1503;15;JAMBI;1571;157103;1571031002;KSM PINK AGUS KEDELAI (AK);AGUS MANAN;PO;11090 - (Industri Minuman lainnya);-;INDUSTRI MINUMAN;MINUMAN SARI KEDELE;0;-;-;2023
1504;15;JAMBI;1571;157103;1571031001;KELOMPOK 2 DAN 4 WKSS;WIANDRI;PO;11090 - (Industri Minuman lainnya);-;INDUSTRI MINUMAN;MINUMAN BUBUK BANDREK;0;-;-;2023
1505;15;JAMBI;1571;157108;1571081006;SUMBER ABADI LIMUN;SUBEKTI;PO;11090 - (Industri Minuman lainnya);-;INDUSTRI MINUMAN;LIMUN;16000;LITER;-;2023
1506;15;JAMBI;1571;157107;1571071002;YANTI;JULIANTI AMIN;PO;11090 - (Industri Minuman lainnya);-;INDUSTRI MINUMAN;MINUMAN KUNYIT ASAM;0;-;-;2023
1507;15;JAMBI;1571;157104;1571041001;FRESH DECOCO;NURHAYATI. PSR;PO;11090 - (Industri Minuman lainnya);-;INDUSTRI MINUMAN;NATA DECOCO;0;-;-;2023
1508;15;JAMBI;1571;157105;1571051005;KEDELAIKU;MUHAMAD SAHRONI;PO;11090 - (Industri Minuman lainnya);-;INDUSTRI MINUMAN;MINUMAN SARI KEDELE;0;-;-;2023
1509;15;JAMBI;1571;157107;1571071004;UMK ANUGERAH REMPAH NUSANTARA;RUDI;PO;11090 - (Industri Minuman lainnya);-;INDUSTRI MINUMAN;BANDREK PREMIUM;1250;KG;-;2023
1510;15;JAMBI;1571;157103;1571031003;-;ASIH PURWANI;PO;11090-(Industri Minuman Lainnya;-;INDUSTRI MINUMAN;JAMU;0;-;-;2023
1511;15;JAMBI;1571;157103;1571031003;-;RINAWATI;PO;11090-(Industri Minuman Lainnya;-;INDUSTRI MINUMAN;JAMU;0;-;-;2023
1512;15;JAMBI;1571;157103;1571031003;-;SAKIYEM;PO;11090-(Industri Minuman Lainnya;-;INDUSTRI MINUMAN;JAMU;0;-;-;2023
1513;15;JAMBI;1571;157103;1571031003;-;SUPATMI;PO;11090-(Industri Minuman Lainnya;-;INDUSTRI MINUMAN;JAMU;0;-;-;2023
1514;15;JAMBI;1571;157103;1571031003;-;SANTI;PO;11090-(Industri Minuman Lainnya;-;INDUSTRI MINUMAN;JAMU;0;-;-;2023
1515;15;JAMBI;1571;157103;1571031003;-;SATINI;PO;11090-(Industri Minuman Lainnya;-;INDUSTRI MINUMAN;JAMU;0;-;-;2023
1516;15;JAMBI;1571;157101;1571011010;-;NURMALAH;PO;11090-(INDUSTRI MINUMAN LAINNYA );-;INDUSTRI MINUMAN;JAMU;0;-;-;2023
1517;15;JAMBI;1571;157101;1571011010;-;MARLINA PARDEDE;PO;11090-(INDUSTRI MINUMAN LAINNYA );-;INDUSTRI MINUMAN;BANDREK;0;-;-;2023
1518;15;JAMBI;1571;157107;1571071005;MAK BRO SANDI;TRI SANDI;PO;11090(Industri minuman lainnya);JAHE, REMPAH REMPAH, GULA;INDUSTRI MINUMAN;WEDANG JAHE;360;KG;-;2023
1519;15;JAMBI;1571;157109;1571091001;TEH JATI DAUN CINA;SOBRANI;PO;11090-(Industri Minuman Lainnya);-;INDUSTRI MINUMAN;TEH;0;-;-;2023
1520;15;JAMBI;1571;157109;1571091004;JAMU RATMI;RATMI;PO;11090-(Industri Minuman Lainnya);-;INDUSTRI MINUMAN;JAMU TRADISIONAL;0;-;-;2023
1521;15;JAMBI;1571;157102;1571021006;SUSU KEDELAI;LINDA NINGSIH;PO;11090-(Industri Minuman lainnya);-;INDUSTRI MINUMAN;MINUMAN SARI KEDELE;0;-;-;2023
1522;15;JAMBI;1571;157108;1571081003;SUSU KEDELAI RAMA;BAMBANG SUMANTRI;PO;11090-(Industri Minuman Lainnya);-;INDUSTRI MINUMAN;SUSU KEDELAI;0;-;-;2023
1523;15;JAMBI;1571;157111;1571111004;ES JAGUNG DITO;JAMALUDIN;PO;11090-(INDUSTRI MINUMAN LAINNYA);TEPUNG,JAGUNG;INDUSTRI MINUMAN;MINUMAN JAGUNG;0;-;-;2023
1524;15;JAMBI;1571;157109;1507112005;JAMU MPON-MPON;YATUN;PO;11090-(Industri Minuman Lainnya);-;INDUSTRI MINUMAN;JAMU TRADISIONAL;0;-;-;2023
1525;15;JAMBI;1571;157109;1507112005;KEDELAI JONI;JONI;PO;11090-(Industri Minuman Lainnya);KEDELAI;INDUSTRI MINUMAN;SUSU KEDELAI;0;-;-;2023
1526;15;JAMBI;1571;157109;1507112005;MADU HITAM MURNI;MARIANA SIAGIAN;PO;11090-(Industri Minuman Lainnya);-;INDUSTRI MINUMAN;MADU;0;-;-;2023
1527;15;JAMBI;1571;157109;0;CAP GUNUNG;M ZABUR;PO;12091 - (Industri Pengeringan dan Pengolahan Tembakau);-;INDUSTRI PENGOLAHAN TEMBAKAU;PENGERINGAN DAN PENGOLAHAN TEMBAKAU;0;-;-;2023
1528;15;JAMBI;1571;157109;0;CAP NAGKA NANAS;HARLY;PO;12091 - (Industri Pengeringan dan Pengolahan Tembakau);-;INDUSTRI PENGOLAHAN TEMBAKAU;PENGERINGAN DAN PENGOLAHAN TEMBAKAU;2400;KG;-;2023
1529;15;JAMBI;1571;157101;1571011011;TUJUH PUTRA;PARTINI;PO;Industri produk lainnya;-;INDUSTRI MAKANAN;EMPING JAGUNG (TP-10)*;0;-;-;2023
1530;15;JAMBI;1571;-;0;-;-;-;-;-;-;-;0;-;-;2023
1531;15;JAMBI;1571;157109;1571091001;HENHO KOPII;HENDRA;PO;-;KOPI;INDUSTRI MINUMAN;-;0;-;-;2023
1532;15;JAMBI;1571;157106;1504062009;-;ERNIWATI;PO;-;-;-;-;0;-;-;2023
1533;15;JAMBI;1571;157109;1571091004;PEMPEK CEK LELA;RISLA ANGGUN SARI;PO;10750;TEPUNG, IKAN;INDUSTRI MAKANAN;PEMPEK;17280;PCS;-;2023
1534;15;JAMBI;1571;157109;1571091001;BLESING WATER;LELYDA SITORUS;PO;11050-(Industri Air Minum dan Air Mineral);-;INDUSTRI MINUMAN;AMIU;0;-;-;2023
1535;15;JAMBI;1571;157102;1571021005;ORANGE BAKERY;IKRAR;PO;10710;TEPUNG, TELUR;INDUSTRI MAKANAN;ROTI DAN KUE;0;-;-;2023
1536;15;JAMBI;1571;157102;1508131001;ARESKA CAKE DAN BAKERY;HATA SULISTIYANTO;PO;10710 DAN 10761;TEPUNG, TELUR;INDUSTRI MAKANAN;ROTI DAN KOPI;0;-;-;2023
1537;15;JAMBI;1571;157102;1571021003;-;ANDI PUTRA;PO;10710;TEPUNG, TELUR;INDUSTRI MAKANAN;ROTI DAN KUE;0;-;-;2023
1538;15;JAMBI;1571;157102;1571021004;CARARA COOKIES;RESTIA;PO;10800 - (Industri Produk Makanan Lainnya);-;INDUSTRI MAKANAN;BROWNIES COOKIES, NASTAR;100;TOPLES;-;2023
1539;15;JAMBI;1571;157103;1571031001;RIZKI DAHLIA;DAHLIA;PO;10794 - (Industri Kerupuk, Keripik, Peyek dan sejenisnya);TEPUNG, TELUR;INDUSTRI MAKANAN;KERUPUK IKAN;0;-;-;2023
1540;15;JAMBI;1571;157103;1571031003;YAUMI;YAUMI;PO;10795 - (Industri Kerupuk, Keripik, Peyek dan sejenisnya);UBI,KETAN;INDUSTRI MAKANAN;TAPE UBI;0;-;-;2023
1541;15;JAMBI;1571;157103;1571031004;JAMDES CAKE;DEWI SUSWITA;PO;10799-(Industri Produk Makanan Lainnya);TEPUNG, TELUR;INDUSTRI MAKANAN;KUE SEMPRONG DAN LUPIS;0;-;-;2023
1542;15;JAMBI;1571;157108;1571081006;KUE SEMPRONG NELI;GUSMANELI.B;PO;10799 - (Industri Produk Makanan Lainnya);TEPUNG,TELUR;INDUSTRI MAKANAN;KUE SEMPRONG;0;-;-;2023
1543;15;JAMBI;1571;157108;1571081003;ABUDAN HONEY;RASDIAH WIDIANTO;PO;1493;LEBAH;INDUSTRI MINUMAN;MADU;0;-;-;2023
1544;15;JAMBI;1571;157108;1503092004;KERUPUK JARIANG AMAK;NOVIVI MARINA;PO;10794-(Industri Kerupuk,Keripik,Peyek dan sejenisnya);TEPUNG, TELUR;INDUSTRI MAKANAN;KERUPUK JENGKOL;2;KG;-;2023
1545;15;JAMBI;1571;157107;1571071005;-;SRY PEMILUWATY;PO;10750;-;INDUSTRI MAKANAN;PEMPEK;30;PCS;-;2023
1546;15;JAMBI;1571;157107;1571071002;"BUMBU PECEL DAN RUJAK ""BUDE""";DANI WINARSIH;PO;10722;-;INDUSTRI MAKANAN;BUMBU MASAK;60;KG;-;2023
1547;15;JAMBI;1571;157107;1571071004;RISMA CAKE & COOKIES;NUMARSIH;PO;10799 - (Industri Produk Makanan Lainnya);TEPUNG, TELUR;INDUSTRI MAKANAN;ROLL TIKAR, LEGIT DLL;650;LOYANG;-;2023
1548;15;JAMBI;1571;157107;1571071005;WARUNG OMBAY;SRI ROHANI;PO;10750;TEPUNG, IKAN;INDUSTRI MAKANAN;PEMPEK;0;-;-;2023
1549;15;JAMBI;1571;157107;1571071005;CHICKEN KATSU ALPOEZZA;RIA PUSPITA SARI;PO;10799 - (Industri Produk Makanan Lainnya);TEPUNG, TELUR, BUMBU;INDUSTRI MAKANAN;CHICKEN KATSU AYAM;1750;KG;-;2023
1550;15;JAMBI;1571;157107;1571071005;BITELUNG;SYAMSURI. AW;PO;10799 - (Industri Produk Makanan Lainnya);-;INDUSTRI MAKANAN;BIHUN GULUNG;0;-;-;2023
1551;15;JAMBI;1571;157107;1571071005;KRIPIK AJOYA;FITRI ARIANI;PO;10794;SINGKONG;INDUSTRI MAKANAN;KRIPIK UBI DAN EMPING JENGKOL;11;KG;-;2023
1552;15;JAMBI;1571;157107;1571071005;LILI TELUR ASIN;IKE WARDHANI SETYANINGRUM;PO;10799 - (Industri Produk Makanan Lainnya);TELUR;INDUSTRI MAKANAN;TELUR ASIN;5400;BUTIR;-;2023
1553;15;JAMBI;1571;157107;1571071005;BAEKHI SNACK;MULYASIH;PO;10792;-;INDUSTRI MAKANAN;KUE BASAH, PEYEK DLL;500;KG;-;2023
1554;15;JAMBI;1571;157107;1571071005;KEDAI MAMA INA;AMRINA;PO;10794-(Industri kerupukKeripik Peyek dan Sejenisnya);-;INDUSTRI MAKANAN;STIK KANJI, BOLEN PISANG COKLAT DAN KUE KERING;90;KG;-;2023
1555;15;JAMBI;1571;157107;1571071005;SR;YUYU SAHNETTY;PO;10794;-;INDUSTRI MAKANAN;EMPING JAGUNG;1200;PCS;-;2023
1556;15;JAMBI;1571;157107;1571071001;AJENG;SETIA WATI;PO;10799 - (Industri Produk Makanan Lainnya);-;INDUSTRI MAKANAN;DODOL;0;-;-;2023
1557;15;JAMBI;1571;157107;1571071006;BROWNIES DAN PEMPEK BUNDA SEPTI;SEPTI VETAYANI;PO;10800 - (Industri Produk Makanan Lainnya);-;INDUSTRI MAKANAN;BROWNIES MINI DAN LOYANG;80;LOYANG;-;2023
1558;15;JAMBI;1571;157107;1571071006;KRIPIK UBI BU ERNI;ERNI KOMSIATI;PO;10794;-;INDUSTRI MAKANAN;KRIPIK UBI, PISANG;90;KG;-;2023
1559;15;JAMBI;1571;157107;1571071006;NANA;NUR ASIAH;PO;10800 - (Industri Produk Makanan Lainnya);-;INDUSTRI MAKANAN;KUE TRADISIONAL;1200;KG;-;2023
1560;15;JAMBI;1571;157107;0;DAPUR TWINSA/LKP DAHLIA CULINRY CLASS;DAHLIA SARI;PO;10792 - (Industri Kue Basah);-;INDUSTRI MAKANAN;LAPIS LEGIT, ENGKAK DLL;22000;PCS;-;2023
1561;15;JAMBI;1571;157107;1571071004;DAPUR SIBUNDA;IVY DEOGRATIA;PO;10750;TEPUNG, IKAN;INDUSTRI MAKANAN;PEMPEK;44000;PCS;-;2023
1562;15;JAMBI;1571;157107;1571091004;KERIPIK PISANG BANG REZA;ASMILENA;PO;10794;TEPUNG, TELUR;INDUSTRI MAKANAN;KRIPIK PISANG;1000;PCS;-;2023
1563;15;JAMBI;1571;157107;1571071005;PEACH GUM BUNDA KHANSA;NYIMAS AMANDA;PO;11090 - (Industri Minuman lainnya);-;INDUSTRI MINUMAN;PEACH GUM;1000;-;-;2023
1564;15;JAMBI;1571;157107;0;-;HALIMAH;PO;10794;-;INDUSTRI MAKANAN;KRIPIK KACANG;0;-;-;2023
1565;15;JAMBI;1571;157107;0;-;ANCE DIANA;PO;10799 - (Industri Produk Makanan Lainnya);-;INDUSTRI MAKANAN;KUE TRADISIONAL;0;-;-;2023
1566;15;JAMBI;1571;157107;0;-;SRI PEMILUWATI;PO;10800 - (Industri Produk Makanan Lainnya);-;INDUSTRI MAKANAN;KUE TRADISIONAL;0;-;-;2023
1567;15;JAMBI;1571;157107;0;-;SAHNETTY;PO;10801 - (Industri Produk Makanan Lainnya);-;INDUSTRI MAKANAN;KUE TRADISIONAL;0;-;-;2023
1568;15;JAMBI;1571;157111;1571111004;NEZILA CAKE;LILY IRAWATI;PO;10799-(INDUSTRI PRODUK MAKANAN LAINNYA);TEPUNG, TELUR;INDUSTRI MAKANAN;KUE TRADISIONAL;2050;PCS;-;2023
1569;15;JAMBI;1571;157104;1571041001;DIBIKINATA;OKTA DINATA;PO;10799 - (Industri Produk Makanan Lainnya);TEPUNG, TELUR;INDUSTRI MAKANAN;KUE BASAH;25;LOYANG;-;2023
1570;15;JAMBI;1571;157104;1571041001;SARDEN MANTUL;YENTI MARLIEN;PO;10102 (Industri Pengolahan dan Pengawetan Ikan dan Biota Air);IKAN;INDUSTRI MAKANAN;SARDEN;20;KALENG;-;2023
1571;15;JAMBI;1571;157105;1571051006;KUE KERING INAYATI;INAYATI;PO;10799-(INDUSTRI PRODUK MAKANAN LAINNYA);TEPUNG, TELUR;INDUSTRI MAKANAN;KUE KERING,. KUE BASAH, PEYEK, LEMPENG KAPIT, KEMBANG GOYANG;25000;GRAM;-;2023
1572;15;JAMBI;1571;157101;1571011001;FITRAH ( CAKE & COOKIES );NURHANIM HASIBUAN;PO;10710;IKAN;INDUSTRI MAKANAN;PEMPEK;500;KG;-;2023
1573;15;JAMBI;1571;157101;1571011011;CALFA;GIYAMI;PO;10710;TEPUNG, TELUR;INDUSTRI MAKANAN;KUE KERING;0;-;-;2023
1574;15;JAMBI;1571;157101;1571011011;FAVINA CAKE;MUTIARISA;PO;10799-(Industri Produk Makanan Lainnya);TEPUNG, TELUR;INDUSTRI MAKANAN;DONAT, KUE ULANG TAHUN;0;-;-;2023
1575;15;JAMBI;1571;157101;1571011004;ASINAN BUNDA ARY;ARY LISTARI;PO;10710;TEPUNG, TELUR;INDUSTRI MAKANAN;KUE;0;-;-;2023
1576;15;JAMBI;1571;157109;1571091006;MAKNYUS BERKAH;LISUCIATI;PO;10794(industri kerupuk,keripik);TEPUNG, TELUR;INDUSTRI MAKANAN;KERIPIK,KERUPUK;15000;KG;-;2023
1577;15;JAMBI;1571;157109;1571091006;KAMPUCHA.ID;SRI SETIAWATI;PO;10391;TEH PERMENTASI;INDUSTRI MINUMAN;TEH PERMENTASI;100000;LITER;-;2023
1578;15;JAMBI;1571;157109;1571091006;KUE TRADISINAL DUAA PUTRI;MARDIWATI;PO;2019;TEPUNG, TELUR;INDUSTRI MAKANAN;KUE BASAH & KUE KERING;60000;CUP;-;2023
1579;15;JAMBI;1571;157109;1571091006;RIDHO;FITRIANI HARAHAP;PO;1079;PISANG;INDUSTRI MAKANAN;KERIPIK PISANG;2000;KG;-;2023
1580;15;JAMBI;1571;157109;1571091001;KERIPIK UNI ELY;ELY MARNI;PO;1079;KERIPIK;INDUSTRI MAKANAN;AKAR KELAPA;165000;KG;-;2023
1581;15;JAMBI;1571;157109;1571091006;KUE TRADISINAL I;SUSI YANTI;PO;10799 (Industri makanan lainnya;TEPUNG, TELUR;INDUSTRI MAKANAN;SERNDENG, PISANG;4000000;KG;-;2023
1582;15;JAMBI;1571;157109;1571091001;DAPOER NAY;YUHARLINA;PO;2019;TEPUNG, TELUR;INDUSTRI MAKANAN;KUE KERING, KUE BASAH.;13000000;KG;-;2023
1583;15;JAMBI;1571;157109;1571091003;DAPOER NEKCIEH;ASIH HATI;PO;2019;-;INDUSTRI MAKANAN;KUE KERING, KUE BASAH.;13900000;KG;-;2023
1584;15;JAMBI;1571;157109;1571091003;AS-SYIFA MADU;YULIANTY NURJANAH;PO;0;-;INDUSTRI MINUMAN;MADU (PENGEMASAN);32900000;LITER;-;2023
1585;15;JAMBI;1571;157109;1507112005;DAPOER ERA;ERA YUSMITA;PO;2019;TEPUNG, TELUR;INDUSTRI MAKANAN;KUE KERING, KUE BASAH.;0;-;-;2023
1586;15;JAMBI;1571;157109;1507112005;HARUM MANIS;NURYANI;PO;2019;TEPUNG, TELUR;INDUSTRI MAKANAN;KIPANG KETAN CAKAR AYAM MANIS;1185300000;BOX;-;2023
1587;15;JAMBI;1571;157109;1507112005;DAPUER RISOLIA;AMELIA AGUSTINA;PO;2019;TEPUNG, TELUR;INDUSTRI MAKANAN;RISOL,MARTABAK;75000;PCS;-;2023
1588;15;JAMBI;1571;157109;1507112005;KUE TRADISIONAL IBU TIRA;SUDIRA;PO;10710;TEPUNG, TELUR;INDUSTRI MAKANAN;KUE BASAH & KUE KERING;75000000;PCS;-;2023
1589;15;JAMBI;1571;157109;1571091003;EMI CAKE;EMI NOVITA;PO;10710;TEPUNG, TELUR;INDUSTRI MAKANAN;KUE KERING, KUE BASAH.;50000000;PCS;-;2023
1590;15;JAMBI;1571;157109;1571091006;GALERY KUE BU EMI;EMI NURHIDAYATI;PO;10710;TEPUNG, TELUR;INDUSTRI MAKANAN;KUE KERING, KUE BASAH.;14375000;KG;-;2023
1591;15;JAMBI;1571;157109;1571091003;MIISERA RENDANG TELUR;EVA NELFITA;PO;10799-(Industri Produk Makanan Lainnya);-;INDUSTRI MAKANAN;ROTI DAN KUE;100000;KG;-;2023
1592;15;JAMBI;1571;157109;1571091001;SERBUK JAHE MERAH KURNIA;KURNIATI;PO;2019 (Industri minuman lainnya);JAHE REMPAH REMPAH GULA;INDUSTRI MINUMAN;WEDANG JAHE;20000000;LITER;-;2023
1593;15;JAMBI;1571;157109;1571091004;ANEKA PUDING;LILI SORAYA;PO;10799-(Industri Produk Makanan Lainnya);-;INDUSTRI MAKANAN;ANEKA MAKANAN;4687500;PCS;-;2023
1594;15;JAMBI;1571;157109;1571091001;SANG PUTRI;ERNI DARWISA;PO;11040(Industri Minuman Ringan;-;INDUSTRI MINUMAN;NATA DE COCO;1500000;LITER;-;2023
1595;15;JAMBI;1571;157109;1571091006;CINTA RASA;SAHRI BANONG;PO;10799-(Industri Produk Makanan Lainnya);-;INDUSTRI MAKANAN;DODOOL KELAPA,PERMEN AIR KELAPA,KUE PILIN;10650;BUNGKUS;-;2023
1596;15;JAMBI;1571;157109;1571091006;YAYAN;MARLINA;PO;10794-(Industri Kerupuk, keripik peyek Lainnya);-;INDUSTRI MAKANAN;TELUR GABUS,KERIPIK PANGSIT, STIK BAWANG;10000;KG;-;2023
1597;15;JAMBI;1571;157109;1571091003;BAKULANE IBUEK;HAPSARI RETNO WIDURI;PO;10710;TEPUNG, TELUR;INDUSTRI MAKANAN;ROTI, KUE KERING DAN KUE BASAH;24500;KG;-;2023
1598;15;JAMBI;1571;157109;1571091004;AURORA SNACK;DARMAWTI;PO;10710;TEPUNG, TELUR;INDUSTRI MAKANAN;ROTI, KUE KERING DAN KUE BASAH;25000;KG;-;2023
1599;15;JAMBI;1571;157109;0;TETEH CATERING;RIFATUN;PO;10794-(Industri Kerupuk, keripik peyek Lainnya);-;INDUSTRI MAKANAN;KERIPIK KENTANG, KERIPIK PISANG,KERUPUK JENGKOL;16000;KG;-;2023
1600;15;JAMBI;1571;157109;1571091004;KERIPIK KRISPI ALFINO SANDRI;HILYATI;PO;10794-(Industri Kerupuk, keripik peyek Lainnya);-;INDUSTRI MAKANAN;KERIPIK KENTANG, KERIPIK PISANG,KERUPUK JENGKOL;760000;KG;-;2023
1601;15;JAMBI;1571;157109;1571091006;ROFYAN;HABIB ROYAN RIZKY;PO;11090(industri minuman lainnya);-;INDUSTRI MINUMAN;MINUMAN SARI KEDELAI;64800;LITER;-;2023
1602;15;JAMBI;1571;157109;1571091003;DAPOER AYU;NENENG SALIYAH;PO;10799-(Industri Produk Makanan Lainnya);-;INDUSTRI MAKANAN;PEMPEK CILOK SEBLAK;3125;KG;-;2023
1603;15;JAMBI;1571;157109;1571091003;CEMILAN UNA;DIAN OKTAVIANTY;PO;10794-(Industri Kerupuk, keripik peyek Lainnya);-;INDUSTRI MAKANAN;KENTANG MUSTAPA,BAWANG GORENG,AKAR KELAPA,SOES KERING;20190;KG;-;2023
1604;15;JAMBI;1571;157109;1571091005;OMA RATNA;RATNA WILIS;PO;10794-(Industri Kerupuk, keripik peyek Lainnya);-;INDUSTRI MAKANAN;KERIPIK JENGKOL,REMPEYEK KACANG,TERI;50000;KG;-;2023
1605;15;JAMBI;1571;157109;1571091003;-;ANGGI ANANDITA;PO;10799-(Industri Produk Makanan Lainnya);-;INDUSTRI MAKANAN;PEMPEK CILOK SEBLAK;20000;KG;-;2023
1606;15;JAMBI;1571;157109;1571091003;PUTRI KEMBAR;AKRIL APRIZAL;PO;10710;TEPUNG, TELUR;INDUSTRI MAKANAN;ROTI, KUE KERING DAN KUE BASAH;20000;KG;-;2023
1607;15;JAMBI;1571;157109;1571091004;KERIPIK PEDAS IBU IDA;WAHIDAH;PO;10794-(Industri Kerupuk, keripik peyek Lainnya);TEPUNG, TELUR;INDUSTRI MAKANAN;KERIPIK UBI,PEYEK KACANG;500;KG;-;2023
1608;15;JAMBI;1571;157109;1571091004;NYEMIL IKAN;VALEN DWI PUTRI;PO;10799-(Industri Produk Makanan Lainnya);BELUT;INDUSTRI MAKANAN;ABON BELUT,LRISPI KULIT BELUT,KELETEK UDANG;23000;KG;-;2023
1609;15;JAMBI;1571;157110;1571101003;DAPUER BUNDA;ELI ERMAWATI;PO;10794;IKAN BILIS;INDUSTRI MAKANAN;KERIPIK;0;-;-;2023
1610;15;JAMBI;1571;157110;1571101002;MUSDAHITA;MUSDAHITA;PO;10794 - (Industri Kerupuk,Bawang);-;INDUSTRI MAKANAN;KERIPIK;0;-;-;2023
1611;15;JAMBI;1571;157110;1571101003;DAPUER BIDOH;PARIDA;PO;10794 - (Industri Keripik ikan bilis);-;INDUSTRI MAKANAN;KERIPIK;0;-;-;2023
1612;15;JAMBI;1571;157110;1571101003;BAKSO RATU;YULIANA;PO;10799(INDUSTRI PRODUK MAKANAN LAINNAY);DAGING;INDUSTRI MAKANAN;BAKSO;0;-;-;2023
1613;15;JAMBI;1571;157110;1571101003;-;WATINI;PO;10799(INDUSTRI PRODUK MAKANAN LAINNAY);IKAN;INDUSTRI MAKANAN;PEMPEK;50;KG;-;2023
1614;15;JAMBI;1571;157110;1571101003;FAUZIAH;FAUZIAH;PO;10799(INDUSTRI PRODUK MAKANAN LAINNAY);IKAN;INDUSTRI MAKANAN;PEMPEK;3000;KG;-;2023
1615;15;JAMBI;1571;157110;1571101002;SEPREDI;SEPREDI;PO;10799(INDUSTRI PRODUK MAKANAN LAINNAY);IKAN;INDUSTRI MAKANAN;PEMPEK;5000;KG;-;2023
1616;15;JAMBI;1571;-;1571101005;PEMPEK CEKNA;ZAINA;PO;10799(INDUSTRI PRODUK MAKANAN LAINNAY);IKAN;INDUSTRI MAKANAN;PEMPEK;5000;KG;-;2023
1617;15;JAMBI;1571;157110;1571101005;DAPOER IKA;PUTRI KARYANI;PO;10799(INDUSTRI PRODUK MAKANAN LAINNAY);IKAN;INDUSTRI MAKANAN;PEMPEK;5000;KG;-;2023
1618;15;JAMBI;1571;157110;1571101001;RIZA CAKE,S;RISMA SYAFRIANA;PO;10792 - (Industri Kue Basah);-;INDUSTRI MAKANAN;KUE KERING DAN KUE BASAH;3000;LOYANG;-;2023
1619;15;JAMBI;1571;157110;1571101001;AMELIA PUTI SARI;AMELIA PUTI SARI;PO;10799(INDUSTRI PRODUK MAKANAN LAINNAY);TEPUNG,TELUR;INDUSTRI MAKANAN;KUE KERING DAN KUE BASAH;2500;LOYANG;-;2023
1620;15;JAMBI;1571;157110;1571101005;SYRUP JESSY JERUK;DENI APRIANA;PO;11090(Industri minuman lainnya);JERUK;INDUSTRI MINUMAN;MINUMAN SARI JERUK;3000;BOTOL;-;2023
1621;15;JAMBI;1571;157110;1571101005;SYRUP KULINAS;AMELIA PUTRI;PO;11090(Industri minuman lainnya);JERUK;INDUSTRI MINUMAN;MINUMAN SARI JERUK;2500;LOYANG;-;2023
1622;15;JAMBI;1571;157110;1571101001;LENI LISMAWATI;LENI LISMAWATI;PO;10391;KACANG KEDELAI;INDUSTRI MAKANAN;TEMPE;50000;BUNGKUS;-;2023
1623;15;JAMBI;1571;157110;1571101005;DAPOER KACANG REMPAH HAAZA;WIYARTI DAMAYANTI;PO;10794 - (Industri Kerupuk, Keripik, Peyek dan sejenisnya);KACANG;INDUSTRI MAKANAN;KERIPIK ,PEYEK KACANG;200;BUNGKUS;-;2023
1624;15;JAMBI;1571;157110;1571101003;LITA KUE;YULITA RATNA SARI;PO;10799 - (Industri Produk Makanan Lainnya);-;INDUSTRI MAKANAN;ROTI DAN KUE;2500;BUNGKUS;-;2023
1625;15;JAMBI;1571;157110;1571101003;BUNDA SHASA;SUKMAWATI;PO;10799(INDUSTRI PRODUK MAKANAN LAINNAY);TEPUNG,TELUR;INDUSTRI MAKANAN;KUE KERING DAN KUE BASAH;2500;BUNGKUS;-;2023
1626;15;JAMBI;1571;157110;1571101003;WATTINI;WATTINI;PO;10799 - (Industri Produk Makanan Lainnya);-;INDUSTRI MAKANAN;ROTI DAN KUE;300;BUNGKUS;-;2023
1627;15;JAMBI;1571;157110;1571101005;SHALQI CAKE;NURUL HASANAH;PO;10799 - (Industri Produk Makanan Lainnya);-;INDUSTRI MAKANAN;ROTI DAN KUE;200;BUNGKUS;-;2023
1628;15;JAMBI;1571;157110;1571101001;ANEKA KUE ANUGRAH;MILA;PO;10799(INDUSTRI PRODUK MAKANAN LAINNAY);TEPUNG,TELUR;INDUSTRI MAKANAN;ROTI DAN KUE;200;BUNGKUS;-;2023
1629;15;JAMBI;1571;157110;1571101002;ROHANA;ROHANA;PO;10799(INDUSTRI PRODUK MAKANAN LAINNAY);TEPUNG,TELUR;INDUSTRI MAKANAN;ROTI DAN KUE;2500;LOYANG;-;2023
1630;15;JAMBI;1571;157110;1571101002;RIANA MAOULI;RIANA MAOULI;PO;10799(INDUSTRI PRODUK MAKANAN LAINNAY);TEPUNG,TELUR;INDUSTRI MAKANAN;ROTI DAN KUE;3000;BUNGKUS;-;2023
1631;15;JAMBI;1571;157110;1571101004;DEVI HARTATI;DEVI HARTATI;PO;10794 - (Industri Kerupuk,Bawang);-;INDUSTRI MAKANAN;KERIPIK;3000;BUNGKUS;-;2023
1632;15;JAMBI;1571;157110;1571101004;ELFI DESMAYANTI;ELFI DESMAYANTI;PO;10799(INDUSTRI PRODUK MAKANAN LAINNAY);TEPUNG,TELUR;INDUSTRI MAKANAN;KUE KERING DAN KUE BASAH;3000;LOYANG;-;2023
1633;15;JAMBI;1571;157110;1571101004;CAKE NGADIEN;NGADIEN;PO;10799(INDUSTRI PRODUK MAKANAN LAINNAY);TEPUNG,TELUR;INDUSTRI MAKANAN;KUE KERING DAN KUE BASAH;200;BUNGKUS;-;2023
1634;15;JAMBI;1571;157110;1571101005;RAJA SNACK;NAZARIAH;PO;10794 - (Industri Kerupuk,Bawang);-;INDUSTRI MAKANAN;KERIPIK;2000;BUNGKUS;-;2023
1635;15;JAMBI;1571;157110;1571101001;CLOUDYY KITCHEN;AUDY CLAUDIA RUSSI;PO;10799(INDUSTRI PRODUK MAKANAN LAINNAY);TEPUNG,TELUR;INDUSTRI MAKANAN;ROTI DAN KUE;4000;BUNGKUS;-;2023
1636;15;JAMBI;1571;157110;1571101003;USAHA CIK UMI;UMI KALSUM;PO;10799(INDUSTRI PRODUK MAKANAN LAINNAY);IKAN;INDUSTRI MAKANAN;PEMPEK;2500;BUNGKUS;-;2023
1637;15;JAMBI;1571;157110;1571101005;KERIPIK PISANG KEMBAR;WAHYU EKA PUTRI;PO;10794 - (Industri Kerupuk,Bawang);PISANG;INDUSTRI MAKANAN;KERIPIK;2500;BUNGKUS;-;2023
1638;15;JAMBI;1571;157110;1571101003;CABE YULIANTI;YULIANTI;PO;10710;BUMBU MASAK;INDUSTRI MAKANAN;BUMBU MASAK;3000;BOTOL;-;2023
1639;15;JAMBI;1571;157110;1571101004;REZEKI;TRESNIJAYA;PO;10710;BUMBU MASAK;INDUSTRI MAKANAN;BUMBU MASAK;500;BOTOL;-;2023
1640;15;JAMBI;1571;157110;1571101002;MARDIANA;MARDIANA;PO;10799(INDUSTRI PRODUK MAKANAN LAINNAY);TEPUNG,TELUR;INDUSTRI MAKANAN;KUE KERING DAN KUE BASAH;200;LOYANG;-;2023
1641;15;JAMBI;1571;157110;1571101001;MADANE CAKE;MERCY YULISA;PO;10799(INDUSTRI PRODUK MAKANAN LAINNAY);TEPUNG,TELUR;INDUSTRI MAKANAN;KUE KERING DAN KUE BASAH;150;LOYANG;-;2023
1642;15;JAMBI;1571;157110;1571101001;KUE TRADISIONAL NENEK;RUSNAINI BAKIK;PO;10799(INDUSTRI PRODUK MAKANAN LAINNAY);TEPUNG,TELUR;INDUSTRI MAKANAN;KUE KERING DAN KUE BASAH;50;LOYANG;-;2023
1643;15;JAMBI;1571;157110;1571101004;DUA SAUDARA;MARTIUS;PO;11090(Industri minuman lainnya);KEDELAI;INDUSTRI MINUMAN;SUSU KEDELAI;250;BOTOL;-;2023
1644;15;JAMBI;1571;157110;1571101003;KERIPIK PISANG PATMA;PATIMA;PO;10794 - (Industri Kerupuk,Bawang);PISANG;INDUSTRI MAKANAN;KERIPIK PISANG;150;KG;-;2023
1645;15;JAMBI;1571;157110;1571101001;KERIPIK KACA;YENI METRIS;PO;10794 - (Industri Kerupuk, Keripik, Peyek dan sejenisnya);-;INDUSTRI MAKANAN;KERIPIK KACA;150;KG;-;2023
1646;15;JAMBI;1571;157110;1571101003;KLETEK UDANG AISYA;AHMAD YULIUS;PO;10794 - (Industri Kerupuk, Keripik, Peyek dan sejenisnya);-;INDUSTRI MAKANAN;KLETEK UDANG;100;BUNGKUS;-;2023
1647;15;JAMBI;1571;157110;1571101003;KERIPIK SINGKONG QILA;OVILASTRI;PO;10794 - (Industri Kerupuk, Keripik, Peyek dan sejenisnya);-;INDUSTRI MAKANAN;KERIPIK SINGKONG;50;BUNGKUS;-;2023
1648;15;JAMBI;1571;157110;1571101003;KERUPUK UBI ELI;ELLY HASTUTI;PO;10794 - (Industri Kerupuk, Keripik, Peyek dan sejenisnya);-;INDUSTRI MAKANAN;KERIPIK SINGKONG;150;KG;-;2023
1649;15;JAMBI;1571;157110;1571101003;KERIPIK BUNDA RR;HERPINA YUNI;PO;10794 - (Industri Kerupuk, Keripik, Peyek dan sejenisnya);-;INDUSTRI MAKANAN;KERIPIK SINGKONG;150;KG;-;2023
1650;15;JAMBI;1571;157110;1571101002;REMPEYEK DEWI;ANGGA DEWI;PO;10794 - (Industri Kerupuk, Keripik, Peyek dan sejenisnya);-;INDUSTRI MAKANAN;PEYEEK;200;KG;-;2023
1651;15;JAMBI;1571;157110;1571101003;KERIPIK PISANG YASMIN;R. SUHENDRA;PO;10794 - (Industri Kerupuk, Keripik, Peyek dan sejenisnya);-;INDUSTRI MAKANAN;KERIPIK PISANG;200;KG;-;2023
1652;15;JAMBI;1571;157110;1571101005;DAPOER IKA;PUTRI RIANI KARWANIATI;PO;10794 - (Industri Kerupuk, Keripik, Peyek dan sejenisnya);-;INDUSTRI MAKANAN;KERIPIK PISANG;150;KG;-;2023
1653;15;JAMBI;1571;157110;1571101005;FARADILA ALISA PUTRI;FARADILA ALISA PUTRI;PO;10794 - (Industri Kerupuk, Keripik, Peyek dan sejenisnya);-;INDUSTRI MAKANAN;KACANG TOJIN;200;KG;-;2023
1654;15;JAMBI;1571;157110;1571101005;NOVI ROHAYANI;NOVI ROHAYANI;PO;10794 - (Industri Kerupuk, Keripik, Peyek dan sejenisnya);-;INDUSTRI MAKANAN;KERIPIK UBI JALAR;100;KG;-;2023
1655;15;JAMBI;1571;157110;1571101001;5 SAUDARA;REGINA REBO;PO;10794 - (Industri Kerupuk, Keripik, Peyek dan sejenisnya);-;INDUSTRI MAKANAN;PEYEK;200;KG;-;2023
1656;15;JAMBI;1571;157110;1571101001;KERIPIK PISANG MAMA DANI;HENDRA ASMONA;PO;10794 - (Industri Kerupuk, Keripik, Peyek dan sejenisnya);-;INDUSTRI MAKANAN;PEYEK;200;KG;-;2023
1657;15;JAMBI;1571;157110;1571101001;ALFAZAKITCHEN;RIZKY MANITRA PUTRI;PO;10794 - (Industri Kerupuk, Keripik, Peyek dan sejenisnya);-;INDUSTRI MAKANAN;KERIPIK;20;KG;-;2023
1658;15;JAMBI;1571;157110;1571101003;IDA ROYANI;IDA ROYANI;PO;10799(INDUSTRI PRODUK MAKANAN LAINNAY);-;INDUSTRI MAKANAN;OLAHAN DURIAN;200;KG;-;2023
1659;15;JAMBI;1571;157110;1571101004;PEMPEK YAYA;ELIANI;PO;10799(INDUSTRI PRODUK MAKANAN LAINNAY);IKAN;INDUSTRI MAKANAN;PEMPEK;200;KG;-;2023
1660;15;JAMBI;1571;157110;1571101005;KUSRINI;KUSRINI;PO;10799(INDUSTRI PRODUK MAKANAN LAINNAY);-;INDUSTRI MAKANAN;TELUR ASIN;50;BUNGKUS;-;2023
1661;15;JAMBI;1571;157110;1571101003;-;FERI ARDIOS;PO;10799(INDUSTRI PRODUK MAKANAN LAINNAY);IKAN;INDUSTRI MAKANAN;PEMPEK;20;KG;-;2023
1662;15;JAMBI;1571;157110;1571101003;MINUMAN KOPI KULUP;IDA ROYANI;PO;10799(INDUSTRI PRODUK MAKANAN LAINNAY);-;INDUSTRI MAKANAN;OLAHAN DURIAN;200;KG;-;2023
1663;15;JAMBI;1571;157110;1571101001;-;RACHMANSYAH, ST;PO;10710;TEPUNG, TELUR;INDUSTRI MAKANAN;KUE TRADISIONAL;50;LOYANG;-;2023
1664;15;JAMBI;1571;157110;1571101003;KEDAI CIKTHA;DESY LOVITA SARI;PO;10799(INDUSTRI PRODUK MAKANAN LAINNAY);-;INDUSTRI MAKANAN;CATHERING;100;-;-;2023
1665;15;JAMBI;1571;157106;1571061005;FAUZIAH;FAUZIAH;PO;10794;IKAN;INDUSTRI MAKANAN;KERUPUK IKAN;1800;BUNGKUS;-;2023
1666;15;JAMBI;1571;157106;1571061004;MARWATI;MARWATI;PO;10794;TEPUNG, TELUR;INDUSTRI MAKANAN;ANEKA PEYEK/KERIPIK;8000;BUNGKUS;-;2023
1667;15;JAMBI;1571;157106;1571061004;-;JUNIAR;PO;10794;IKAN;INDUSTRI MAKANAN;KERUPUK IKAN;70000;BUNGKUS;-;2023
1668;15;JAMBI;1571;157106;1571061004;NURBAYA;NURBAYA;PO;10794;IKAN;INDUSTRI MAKANAN;KERUPUK IKAN;25000;BUNGKUS;-;2023
1669;15;JAMBI;1571;157106;1571061004;DAHLIA;DAHLIA;PO;10794;UBI;INDUSTRI MAKANAN;KERIPIK UBI;25000;BUNGKUS;-;2023
1670;15;JAMBI;1571;157106;1571061004;DAHLIYA SAFITRI;DAHLIYA SAFITRI;PO;10799(INDUSTRI PRODUK MAKANAN LAINNYA);TEPUNG, TELUR;INDUSTRI MAKANAN;KUE TRADISIONAL;8000;LOYANG;-;2023
1671;15;JAMBI;1571;157106;1571061004;RUSMIATI;RUSMIATI;PO;10799(INDUSTRI PRODUK MAKANAN LAINNYA);TEPUNG, TELUR;INDUSTRI MAKANAN;ROTI;8000;BUNGKUS;-;2023
1672;15;JAMBI;1571;157106;1571061004;DAHLIYA SAFITRI;DAHLIYA SAFITRI;PO;10799(INDUSTRI PRODUK MAKANAN LAINNYA);TEPUNG, TELUR;INDUSTRI MAKANAN;KUE TRADISIONAL;8000;LOYANG;-;2023
1673;15;JAMBI;1571;157106;1571061004;DONI;DAHLIYA SAFITRI;PO;10794;TEPUNG, TELUR;INDUSTRI MAKANAN;ANEKA PEYEK/KERIPIK;10000;BUNGKUS;-;2023
1674;15;JAMBI;1571;157106;1504062009;SULBIAH;SULBIAH;PO;10799(INDUSTRI PRODUK MAKANAN LAINNYA);TEPUNG, TELUR;INDUSTRI MAKANAN;KUE TRADISIONAL;15000;BUNGKUS;-;2023
1675;15;JAMBI;1571;157106;1571061005;SITI ZUBAIDAH;SITI ZUBAIDAH;PO;10799(INDUSTRI PRODUK MAKANAN LAINNYA);TEPUNG, TELUR;INDUSTRI MAKANAN;KUE TRADISIONAL;15000;BUNGKUS;-;2023
1676;15;JAMBI;1571;157106;1504062009;SODI;SODI;PO;10799(INDUSTRI PRODUK MAKANAN LAINNYA);IKAN;INDUSTRI MAKANAN;PEMPEK;10000;BUNGKUS;-;2023
1677;15;JAMBI;1571;157102;1571021005;PEMPEK ALFIN;NILA PUTRI;PO;10750;IKAN;INDUSTRI MAKANAN;PEMPEK;30;KG;-;2023
1678;15;JAMBI;1571;157102;1571021006;PEMPEK SIRAJ;NOVA CITRA DEWI;PO;10750;IKAN;INDUSTRI MAKANAN;PEMPEK;57600;KG;-;2023
1679;15;JAMBI;1571;157102;1571021005;RAFFI;SUMIATI;PO;10799-(Industri Produk Makanan Lainnya);TEPUNG, TELUR;INDUSTRI MAKANAN;KUE BASAH & KUE KERING;35;KG;-;2023
1680;15;JAMBI;1571;157102;1571021006;GUNTUR PB;TITI GUSTRIANI;PO;10794;PISANG;INDUSTRI MAKANAN;KERIPIK PISANG;225;KG;-;2023
1681;15;JAMBI;1571;157102;1571021005;LARAS BROWNIS;NURHAYANI;PO;10799-(Industri Produk Makanan Lainnya);TEPUNG, TELUR;INDUSTRI MAKANAN;KUE BASAH & KUE KERING;280;LOYANG;-;2023
1682;15;JAMBI;1571;157102;1571021006;DINATA CAKE &COOKIES;PURNAWIRATNA;PO;10799-(Industri Produk Makanan Lainnya);TEPUNG, TELUR;INDUSTRI MAKANAN;KUE BASAH & KUE KERING;26250;LOYANG;-;2023
1683;15;JAMBI;1571;157102;1571021006;KERUPUK JENGKOL VERI;VERI;PO;10794(Industri kerupuk keripik dan sejenisnya;JENGKL;INDUSTRI MAKANAN;KERUPUK JENGKOL;19200;BUNGKUS;-;2023
1684;15;JAMBI;1571;157102;1571021006;ZELINE FRHES DRINKS;NENI TRIYANI;PO;11090(Industri Minuman lainnya;-;INDUSTRI MINUMAN;MINUMAN TRADISIONAL;7852;LITER;-;2023
1685;15;JAMBI;1571;157102;1571021006;SEMPOL AYAM DAN BAKSO;KOMARIAH;PO;10799-(Industri Produk Makanan Lainnya);-;INDUSTRI MAKANAN;BAKSO;144;KG;-;2023
1686;15;JAMBI;1571;157102;1571021003;-;NURFADILAH;PO;10799-(Industri Produk Makanan Lainnya);AYAM;INDUSTRI MAKANAN;ABON AYAM;144;KG;-;2023
1687;15;JAMBI;1571;157102;1571021005;DAPOER MOM YESI;YESI NOVITA SARI;PO;10799-(Industri Produk Makanan Lainnya);IKAN;INDUSTRI MAKANAN;PEMPEK;15000;KG;-;2023
1688;15;JAMBI;1571;157102;1571021003;DAPOER MOZI;MAULIATI;PO;10799-(Industri Produk Makanan Lainnya);-;INDUSTRI MAKANAN;PEMPEK, TEKWAN,MANISAN;0;-;-;2023
1689;15;JAMBI;1571;157102;1571021006;FAMILY KITCHEN;VERAWATY;PO;10799-(Industri Produk Makanan Lainnya);-;INDUSTRI MAKANAN;PEYEK,STIK BAWANG,KERIPIK PISANG;34700;KG;-;2023
1690;15;JAMBI;1571;157103;1571031006;KERIPIK SINGKONG PEDAS;UMIYATI;PO;10795 - (Industri Kerupuk, Keripik, Peyek dan sejenisnya);SINGKONG;INDUSTRI MAKANAN;KERIPIK SINGKONG;12000;KG;-;2023
1691;15;JAMBI;1571;157103;1571031006;-;MARIA;PO;10799(INDUSTRI PRODUK MAKANAN LAINNYA);-;INDUSTRI MAKANAN;CATHERING;15OO;BUNGKUS;-;2023
1692;15;JAMBI;1571;157103;1571031006;MAS AGENG;FARIDA HANIM;PO;10799(INDUSTRI PRODUK MAKANAN LAINNYA);-;INDUSTRI MAKANAN;CATHERING;1500;BUNGKUS;-;2023
1693;15;JAMBI;1571;157103;1571031010;-;SUWITRI;PO;10792 - (Industri Kue Basah);-;INDUSTRI MAKANAN;KUE KERING DAN KUE BASAH (TP-07)*;38640;LOYANG;-;2023
1694;15;JAMBI;1571;157103;1571031006;RAHAYU SNACK;SRI UTAMI RAHAYU;PO;10794-(Industri Kerupuk,Keripik,Peyek dan Sejenisnya);-;INDUSTRI MAKANAN;KERIPIK PISANG,KERIPIK UBI;53000;KG;-;2023
1695;15;JAMBI;1571;157103;1571031006;DAPUR KULINER KEMBAR;ENDANG SUSILAWATI;PO;10799(INDUSTRI PRODUK MAKANAN LAINNYA);-;INDUSTRI MAKANAN;CATHERING;40000;BOX;-;2023
1696;15;JAMBI;1571;157103;1571031006;RAYYAN LELE;ZULKIFLI;PO;10794;IKAN;INDUSTRI MAKANAN;OLAHAN IKAN;68760;KG;-;2023
1697;15;JAMBI;1571;157103;1571031006;FRIED CHIKEN RIZKY;MINARNI;PO;10799(INDUSTRI PRODUK MAKANAN LAINNYA);AYAM;INDUSTRI MAKANAN;OLAHAN IAYAM;73920;POTONG;-;2023
1698;15;JAMBI;1571;157103;1571031006;TOKO FAKHRI;ANDIKA SUKMA ABDI;PO;10794-(Industri Kerupuk,Keripik,Peyek dan Sejenisnya);TEMPE;INDUSTRI MAKANAN;KERIPIK TEMPE;12600;BUNGKUS;-;2023
1699;15;JAMBI;1571;157103;1571031006;KANTIN ANIS;ANISSA;PO;10799(INDUSTRI PRODUK MAKANAN LAINNYA);MIE;INDUSTRI MAKANAN;OLAHAN MIE;42240;CUP;-;2023
1700;15;JAMBI;1571;157103;1505102009;-;ROSIDAH UMBARA;PO;10710;TEPUNG, TELUR;INDUSTRI MAKANAN;KUE;5000;CUP;-;2023
1701;15;JAMBI;1571;157103;1505102009;-;YENNY NOVITA;PO;10710;TEPUNG, TELUR;INDUSTRI MAKANAN;KUE;5000;CUP;-;2023
1702;15;JAMBI;1571;157103;1505102009;-;SATITI KAWURI PUTRI;PO;10710;TEPUNG, TELUR;INDUSTRI MAKANAN;ROTI DAN SEJENISNYA;5000;BUNGKUS;-;2023
1703;15;JAMBI;1571;157103;1505102009;-;TITIK SUNARSIH;PO;10794-(Industri Kerupuk,Keripik,Peyek dan Sejenisnya);-;INDUSTRI MAKANAN;KERIPIK PISANG,KERIPIK UBI;53000;KG;-;2023
1704;15;JAMBI;1571;157103;1571031003;-;DWI SAPUTRA;PO;10710;TEPUNG, TELUR;INDUSTRI MAKANAN;ROTI DAN SEJENISNYA;10000;BUNGKUS;-;2023
1705;15;JAMBI;1571;157103;1571031003;KELAS KAKAP;NURHAYATI;PO;10799-(Industri Produk Makanan Lainnya);IKAN;INDUSTRI MAKANAN;PEMPEK;200;BUNGKUS;-;2023
1706;15;JAMBI;1571;157103;1505102009;TITIK SUNARSIH;TITIK SUNARSIH;PO;10794-(Industri Kerupuk,Keripik,Peyek dan Sejenisnya);-;INDUSTRI MAKANAN;KERIPIK,KERUPUK,PEYEK;150;BUNGKUS;-;2023
1707;15;JAMBI;1571;157103;1505102009;SATITI KAWURI PUTRI;SATITI KAWURI PUTRI;PO;10710;TEPUNG, TELUR;INDUSTRI MAKANAN;ROTI DAN SEJENISNYA;150;BUNGKUS;-;2023
1708;15;JAMBI;1571;157103;1505102009;YENNI NOVITA;YENNI NOVITA;PO;10792 - (Industri Kue Basah);-;INDUSTRI MAKANAN;KUE KERING DAN KUE BASAH (TP-07)*;150;LOYANG;-;2023
1709;15;JAMBI;1571;157103;1505102009;HERRY YANTO;HERRY YANTO;PO;10794-(Industri Kerupuk,Keripik,Peyek dan Sejenisnya);UBI;INDUSTRI MAKANAN;KERIPIK UBI;100;BUNGKUS;-;2023
1710;15;JAMBI;1571;157103;1505102009;SARGIONO;SARGIONO;PO;10799(INDUSTRI PRODUK MAKANAN LAINNYA);-;INDUSTRI MAKANAN;KUE TRADISIONAL;150;BUNGKUS;-;2023
1711;15;JAMBI;1571;157103;1505102009;NINGSIH;NINGSIH;PO;10799-(Industri Produk Makanan Lainnya);IKAN;INDUSTRI MAKANAN;PEMPEK;50;BUNGKUS;-;2023
1712;15;JAMBI;1571;157103;1571031006;LINDA MUSTIKA;LINDA MUSTIKA;PO;10799-(Industri Produk Makanan Lainnya);IKAN;INDUSTRI MAKANAN;PEMPEK;100;BUNGKUS;-;2023
1713;15;JAMBI;1571;157103;1505102009;AYURA;SUMIYATUN;PO;10792 - (Industri Kue Basah);TEPUNG, TELUR;INDUSTRI MAKANAN;KUE KERING DAN KUE BASAH (TP-07)*;280;BUNGKUS;-;2023
1714;15;JAMBI;1571;157103;1571031006;DAPUR MAMA;SANTI;PO;10799-(Industri Produk Makanan Lainnya);-;INDUSTRI MAKANAN;CATHERING;280;BUNGKUS;-;2023
1715;15;JAMBI;1571;157103;1571031006;NASMIN SOPIE;SOPIAH;PO;10799-(Industri Produk Makanan Lainnya);-;INDUSTRI MAKANAN;CATHERING;219;BOX;-;2023
1716;15;JAMBI;1571;157103;1571031003;BANANA CAKE PARADISE;RENNY AFRIANITA;PO;10794-(Industri Kerupuk,Keripik,Peyek dan Sejenisnya);PISANG;INDUSTRI MAKANAN;KERIPIK PISANG,KERIPIK UBI;1500;BUNGKUS;-;2023
1717;15;JAMBI;1571;157103;1571031003;WARUNG BU' DES;DESTI MARYATI;PO;10799-(Industri Produk Makanan Lainnya);IKAN;INDUSTRI MAKANAN;PEMPEK;10500;BUNGKUS;-;2023
1718;15;JAMBI;1571;157103;1571031003;VINO CAKE & CATHERING;ALIDAR;PO;10792 - (Industri Kue Basah);-;INDUSTRI MAKANAN;KUE KERING DAN KUE BASAH (TP-07)*;12000;KG;-;2023
1719;15;JAMBI;1571;157103;1571031003;WARUNG KOPI DEWI;DEWI YUHANI;PO;10792 - (Industri Kue Basah);-;INDUSTRI MAKANAN;KUE KERING DAN KUE BASAH (TP-07)*;25000;LOYANG;-;2023
1720;15;JAMBI;1571;157103;1571031003;WARUNG KAINDRA;ISNAINI CHUSUSIYAH;PO;10794-(Industri Kerupuk,Keripik,Peyek dan Sejenisnya);-;INDUSTRI MAKANAN;KERIPIK PISANG,KERIPIK UBI;3210;BUNGKUS;-;2023
1721;15;JAMBI;1571;157103;1571031003;CATHERING BUK NARTI;SUNARTI;PO;10794-(Industri Kerupuk,Keripik,Peyek dan Sejenisnya);-;INDUSTRI MAKANAN;KERIPIK LABU,KERIPIK KENTANG;5200;KG;-;2023
1722;15;JAMBI;1571;157103;1571031003;WARUNG KANDRA;ISNAINI CHUSUSIYAH;PO;10794-(Industri Kerupuk,Keripik,Peyek dan Sejenisnya);-;INDUSTRI MAKANAN;KERIPIK PISANG,KERIPIK UBI;3210;BUNGKUS;-;2023
1723;15;JAMBI;1571;157103;1571031003;CATHERING BUK NARTI;SUNARTI;PO;10794-(Industri Kerupuk,Keripik,Peyek dan Sejenisnya);-;INDUSTRI MAKANAN;KERIPIK LABU,KERIPIK KENTANG;5200;KG;-;2023
1724;15;JAMBI;1571;157103;1571031003;AZZA CATHERING;RIZKY OKTAVIASIH;PO;10799-(Industri Produk Makanan Lainnya);IKAN;INDUSTRI MAKANAN;PEMPEK;250;KG;-;2023
1725;15;JAMBI;1571;157103;1571031003;ARUMI;SULASTRI;PO;10794-(Industri Kerupuk,Keripik,Peyek dan Sejenisnya);-;INDUSTRI MAKANAN;KERIPIK PISANG KRIBOW;3450;CUP;-;2023
1726;15;JAMBI;1571;157103;1571031003;BOY & KIDS;TASWININGSIH;PO;10794-(Industri Kerupuk,Keripik,Peyek dan Sejenisnya);-;INDUSTRI MAKANAN;KERIPIK SINGKONG;2000;KG;-;2023
1727;15;JAMBI;1571;157103;1571031003;KUE RIZKI;SRI FATMAWATI;PO;10799(INDUSTRI PRODUK MAKANAN LAINNYA);-;INDUSTRI MAKANAN;KUE TRADISIONAL;0;-;-;2023
1728;15;JAMBI;1571;157103;1571031003;TAMTAM CATHERING;FURMAYA;PO;10799(INDUSTRI PRODUK MAKANAN LAINNYA);-;INDUSTRI MAKANAN;CATHERING;2500;KOTAK;-;2023
1729;15;JAMBI;1571;157103;1571031003;WARUNG FAHRI;EUIS FITRI ARYANI;PO;10799-(Industri Produk Makanan Lainnya);IKAN;INDUSTRI MAKANAN;PEMPEK, TEKWANSOSIS;20000;KOTAK;-;2023
1730;15;JAMBI;1571;157103;1571031003;REMPEYEK KOENANG;SRI UTARI;PO;10794-(Industri Kerupuk,Keripik,Peyek dan Sejenisnya);-;INDUSTRI MAKANAN;KERIPIK SINGKONG;1000;KG;-;2023
1731;15;JAMBI;1571;157103;1571031003;CATHERING BUK TIN;YATINI;PO;10799(INDUSTRI PRODUK MAKANAN LAINNYA);-;INDUSTRI MAKANAN;CATHERING;2000;KG;-;2023
1732;15;JAMBI;1571;157103;1571031003;TEKWAN CECE;LINDA YAP;PO;10799-(Industri Produk Makanan Lainnya);IKAN;INDUSTRI MAKANAN;PEMPEK, TEKWAN;20000;CUP;-;2023
1733;15;JAMBI;1571;157103;1571031003;KUE TRADISIONAL ECO;ENIK SRI MURKINI;PO;10799(INDUSTRI PRODUK MAKANAN LAINNYA);-;INDUSTRI MAKANAN;KUE TRADISIONAL;250;LOYANG;-;2023
1734;15;JAMBI;1571;157103;1571031003;WARUNG CEK NOOH;MISNAH;PO;10799-(Industri Produk Makanan Lainnya);IKAN;INDUSTRI MAKANAN;PEMPEK, TEKWAN;450;KG;-;2023
1735;15;JAMBI;1571;157103;1571031003;REMPEYEK BUDE LALA;RAMLAH;PO;10794-(Industri Kerupuk,Keripik,Peyek dan Sejenisnya);-;INDUSTRI MAKANAN;REMPEYEK;250;KG;-;2023
1736;15;JAMBI;1571;157103;1571031003;WAWAT CATHERING;WATINI SULISTIYORINI;PO;10799(INDUSTRI PRODUK MAKANAN LAINNYA);-;INDUSTRI MAKANAN;CATHERING;250;KOTAK;-;2023
1737;15;JAMBI;1571;157103;1571031003;TEKWAN CIMOT;KUSRIATI;PO;10799-(Industri Produk Makanan Lainnya);IKAN;INDUSTRI MAKANAN;PEMPEK, TEKWAN;10600;KG;-;2023
1738;15;JAMBI;1571;157103;1571031003;WARUNG BAROKAH;TITIN FATIMAH;PO;10794-(Industri Kerupuk,Keripik,Peyek dan Sejenisnya);-;INDUSTRI MAKANAN;TELUR GABUS,KERUPUK;10600;KG;-;2023
1739;15;JAMBI;1571;157103;1571031003;YONADI REMPEYEK;SURTINAH;PO;10794-(Industri Kerupuk,Keripik,Peyek dan Sejenisnya);-;INDUSTRI MAKANAN;REMPEYEK;250;KG;-;2023
1740;15;JAMBI;1571;157103;1571031003;BOLU RISKI;NURMALASARI;PO;10792 - (Industri Kue Basah);-;INDUSTRI MAKANAN;KUE KERING DAN KUE BASAH (TP-07)*;150;LOYANG;-;2023
1741;15;JAMBI;1571;157103;1571031003;KERIPIK NAIRA;SIMRO;PO;10794-(Industri Kerupuk,Keripik,Peyek dan Sejenisnya);PISANG;INDUSTRI MAKANAN;KERIIPIK PISANG;10600;KG;-;2023
1742;15;JAMBI;1571;157103;1571031003;MERI CAFE;SIMRO;PO;10792 - (Industri Kue Basah);-;INDUSTRI MAKANAN;KUE KERING DAN KUE BASAH (TP-07)*;150;LOYANG;-;2023
1743;15;JAMBI;1571;157103;1571031003;KERIPIK SINGKONG;SITINAH;PO;10794-(Industri Kerupuk,Keripik,Peyek dan Sejenisnya);PISANG;INDUSTRI MAKANAN;KERIIPIK PISANG;150;KG;-;2023
1744;15;JAMBI;1571;157108;1571081006;SEKAR MELATI;SUNARTI;PO;10710;TEPUNG TELUR;INDUSTRI MAKANAN;KUE TRADISIONAL;700;KG;-;2023
1745;15;JAMBI;1571;157108;1571081004;DAPOER KULINER DUA R;KHAMSIYAH RIANI;PO;10750(Industri makanan dan masakan olahan;-;INDUSTRI MAKANAN;CATHERING;54000;PORSI;-;2023
1746;15;JAMBI;1571;157108;1571081006;STIK KAYU API FAIRUZ;AGUSTINA;PO;10794-(Industri Kerupuk,Keripik,Peyek dan sejenisnya);UDANG;INDUSTRI MAKANAN;KLETEK UDANG, STIK UDANG;50000;KG;-;2023
1747;15;JAMBI;1571;157108;1571081003;BERKAH PANDAWA JAMBI;YULIANTI;PO;10392;TEPUNG TELUR;INDUSTRI MAKANAN;DODOL, LEMPOK;12830;KG;-;2023
1748;15;JAMBI;1571;157108;1571081004;ZIKRI GEPREK;FITRIYANI;PO;10750(Industri makanan dan masakan olahan;-;INDUSTRI MAKANAN;CATHERING;12000;PORSI;-;2023
1749;15;JAMBI;1571;157108;1571081006;DAPOER NENEK;ROHAYATI;PO;10794-(Industri Kerupuk,Keripik,Peyek dan sejenisnya);KENTANG;INDUSTRI MAKANAN;KERIPIK KENTANG;14000;BUNGKUS;-;2023
1750;15;JAMBI;1571;157108;1571081006;ACOUSTIC FOOD AND DESERT;ETY ERLIWANTINI;PO;10799-(Industri Produk Makanan Lainnya);-;INDUSTRI MAKANAN;KUE TRADISIONAL;45000;KG;-;2023
1751;15;JAMBI;1571;157108;1571081006;DAPOER 69;FARIDA ARIYANI;PO;10799-(Industri Produk Makanan Lainnya);-;INDUSTRI MAKANAN;KUE TRADISIONAL;50000;PCS;-;2023
1752;15;JAMBI;1571;157107;1571071004;DAPOER ENI;RATNA ENI;PO;10710;TEPUNG, TELUR;INDUSTRI MAKANAN;ROTI DAN SEJENISNYA;150000;LOYANG;-;2023
1753;15;JAMBI;1571;157107;1571071005;LEGIT AYU;RAHAYU LISTIORINI;PO;10794;KACANG;INDUSTRI MAKANAN;KACANG TOJIN;50;KG;-;2023
1754;15;JAMBI;1571;157107;1571071005;EMPEK EMPEK SAUDARA;RACHMI IZZATI;PO;10750;IKAN;INDUSTRI MAKANAN;PEMPEK;15600;KG;-;2023
1755;15;JAMBI;1571;157107;1571071005;DAPOER DINDA RIA;ENI SUHAINI;PO;10799 - (Industri Produk Makanan Lainnya);-;INDUSTRI MAKANAN;CATHERING;20000;-;-;2023
1756;15;JAMBI;1571;157107;1571071005;KEDAI MAMA INA;AMRINA G;PO;10794;TEPUNG TELUR;INDUSTRI MAKANAN;KERIIPIK, STIK BAWANG,BAWANG GORENG;7500;KG;-;2023
1757;15;JAMBI;1571;157107;1571071002;BUMBU BU DE;DANI WINARSIH;PO;10799 - (Industri Produk Makanan Lainnya);-;INDUSTRI MAKANAN;BUMBU MASAK;250;KG;-;2023
1758;15;JAMBI;1571;157107;1571071005;BAEKI;MULYASIH;PO;10799 - (Industri Produk Makanan Lainnya);-;INDUSTRI MAKANAN;PEYEK;48000;KG;-;2023
1759;15;JAMBI;1571;157107;1571071001;HATOY KITCHEN;RINI SUSANTI;PO;10799 - (Industri Produk Makanan Lainnya);-;INDUSTRI MAKANAN;SALE PISANG;2000;KG;-;2023
1760;15;JAMBI;1571;157107;1571071004;MIMIE CAKE &COKIES;FENIY TITANIA;PO;10710;TEPUNG, TELUR;INDUSTRI MAKANAN;ROTI DAN SEJENISNYA;11140;PCS;-;2023
1761;15;JAMBI;1571;157107;1571071004;DAPOER IBU DHEA;ELVA AFRIANI;PO;10799 - (Industri Produk Makanan Lainnya);-;INDUSTRI MAKANAN;CATHERING;300;-;-;2023
1762;15;JAMBI;1571;157107;1571071005;STIK PEPAYA MUDA;APRI SUSANTI;PO;10799 - (Industri Produk Makanan Lainnya);-;INDUSTRI MAKANAN;STIK PEPAYA;14400;KG;-;2023
1763;15;JAMBI;1571;157107;1571071005;VIA KACANG TELOR;NOVIA INDRIYATI FAJRIN;PO;10799 - (Industri Produk Makanan Lainnya);-;INDUSTRI MAKANAN;KACANG TELOR;4800;KG;-;2023
1764;15;JAMBI;1571;157107;1571071012;PEMPEK AGAM;FIKRI;PO;10750;IKAN;INDUSTRI MAKANAN;PEMPEK;2700;-;-;2023
1765;15;JAMBI;1571;157107;1571071005;ANEKA KUE BASAH;YUNIATI;PO;10710;TEPUNG, TELUR;INDUSTRI MAKANAN;KUE KERING DAN KUE BASAH;16200;LOYANG;-;2023
1766;15;JAMBI;1571;157107;1571071012;RAGIT SALE PISANG;MARTINI;PO;10799 - (Industri Produk Makanan Lainnya);-;INDUSTRI MAKANAN;SALE PISANG, KERIPIK PISANG;300;KG;-;2023
1767;15;JAMBI;1571;157107;1571071012;BERKAH KITCHEN;SITI SYAHPURA;PO;10750;IKAN;INDUSTRI MAKANAN;PEMPEK;360;KG;-;2023
1768;15;JAMBI;1571;157107;1571071001;SHANUM COKIES 7 SNACK;SRI WAHYUNI;PO;10799 - (Industri Produk Makanan Lainnya);TEPUNG, TELUR;INDUSTRI MAKANAN;STIK BAWANG,KRIPIK PISANG,PEYEK;350;KG;-;2023
1769;15;JAMBI;1571;157107;1571071012;PENTOEL BANKSO;ARLINA;PO;10799 - (Industri Produk Makanan Lainnya);AYAM;INDUSTRI MAKANAN;BAKSO, PEYEK;240;KG;-;2023
1770;15;JAMBI;1571;157107;1571071005;WARUNG JAYA;FITRI ARIANI;PO;10799 - (Industri Produk Makanan Lainnya);TEPUNG, TELUR;INDUSTRI MAKANAN;KERIPIK TALAS,KERIPIK UBI JALAR,KERIPIK PISANG;204;KG;-;2023
1771;15;JAMBI;1571;157107;1571071012;KIKI;HADI REJO YAMIN;PO;10710;TEPUNG, TELUR;INDUSTRI MAKANAN;KUE KERING DAN KUE BASAH;216;KG;-;2023
1772;15;JAMBI;1571;157107;1571071012;BAKSO NYIYIN;DARYANTO;PO;10799 - (Industri Produk Makanan Lainnya);AYAM;INDUSTRI MAKANAN;BAKSO, PEYEK;360;KG;-;2023
1773;15;JAMBI;1571;157107;1571071005;-;LILIS ERAWATI;PO;10799 - (Industri Produk Makanan Lainnya);TEPUNG TELUR;INDUSTRI MAKANAN;KUE, SNACK;0;-;-;2023
1774;15;JAMBI;1571;157107;1571071005;-;MARDALENA;PO;10799 - (Industri Produk Makanan Lainnya);TEPUNG TELUR;INDUSTRI MAKANAN;KUE, SNACK;320;KG;-;2023
1775;15;JAMBI;1571;157107;1571071006;-;SYILVIA EKA SAPUTRI;PO;10799 - (Industri Produk Makanan Lainnya);-;INDUSTRI MAKANAN;KUE TRADISIONAL;250;-;-;2023
1776;15;JAMBI;1571;157107;1571071006;SOSIS VIDOY;VIDOY LISTA;PO;10799 - (Industri Produk Makanan Lainnya);DAGING;INDUSTRI MAKANAN;SOSIS,NAGET;250;KG;-;2023
1777;15;JAMBI;1571;157107;1571071005;REYSHA SNAK;MERIATI PARDEDE;PO;10799 - (Industri Produk Makanan Lainnya);TEPUNG TELUR;INDUSTRI MAKANAN;KUE, SNACK;0;-;-;2023
1778;15;JAMBI;1571;157107;1571071002;-;SITI AISYAH;PO;10710;TEPUNG, TELUR;INDUSTRI MAKANAN;KUE KERING DAN KUE BASAH;150;LOYANG;-;2023
1779;15;JAMBI;1571;157107;1571071002;-;ANGGI ANGRAINI;PO;10799 - (Industri Produk Makanan Lainnya);-;INDUSTRI MAKANAN;KUE TRADISIONAL;200;BUAH;-;2023
1780;15;JAMBI;1571;157107;0;KEMBAR CAKE;HERLINA;PO;10710;TEPUNG, TELUR;INDUSTRI MAKANAN;KUE KERING DAN KUE BASAH;500;LOYANG;-;2023
1781;15;JAMBI;1571;157107;1571071004;DAPUR WIYAH;SARWIYAH;PO;10794 - (Industri Kerupuk, Keripik, Peyek dan sejenisnya);PISANG;INDUSTRI MAKANAN;KERIPIK PISANG;17760;KG;-;2023
1782;15;JAMBI;1571;157107;1571071004;BIKEN CAKE;SRI SUHARTI;PO;10710;TEPUNG, TELUR;INDUSTRI MAKANAN;KUE KERING DAN KUE BASAH;20400;KG;-;2023
1783;15;JAMBI;1571;157107;1571071004;CEKER MERCON EDELWEIS;SUTRIANI;PO;10794 - (Industri Kerupuk, Keripik, Peyek dan sejenisnya);AYAM;INDUSTRI MAKANAN;KERIPIK AYAM;163200;CUP;-;2023
1784;15;JAMBI;1571;157107;1571071004;KERIPIK KHAS PAAL LIMA;ENY RAHAYU;PO;10794 - (Industri Kerupuk, Keripik, Peyek dan sejenisnya);-;INDUSTRI MAKANAN;KERIPIK,PEYEK;14600;BUNGKUS;-;2023
1785;15;JAMBI;1571;157107;1571071004;NURMA DARA SNCK;NURMA;PO;10710;TEPUNG, TELUR;INDUSTRI MAKANAN;KUE KERING DAN KUE BASAH;17550;KG;-;2023
1786;15;JAMBI;1571;157107;1571071001;SR SNACK;YUYU SHANELTY;PO;10794 - (Industri Kerupuk, Keripik, Peyek dan sejenisnya);-;INDUSTRI MAKANAN;KACANG TOJIN KERIPIK PANGSIT;51360;KG;-;2023
1787;15;JAMBI;1571;157107;1571071004;DODOL KETAN ASMA;ASMAWATI;PO;10710;TEPUNG, TELUR;INDUSTRI MAKANAN;DODOL;75000;KG;-;2023
1788;15;JAMBI;1571;157111;1571111004;WINWIN KERIPIK;INDRA SISWANTI;PO;10794 - (Industri Kerupuk, Keripik, Peyek dan sejenisnya);KERIPIK, TEPUNG, TELUR;INDUSTRI MAKANAN;KERIPIK, KERUPUK, PEYEK;15OO;KG;-;2023
1789;15;JAMBI;1571;157111;1571111004;KUE ZAKIN;SYAMSIAH;PO;10799-(INDUSTRI PRODUK MAKANAN LAINNYA);TEPUNG, TELUR;INDUSTRI MAKANAN;KUE TRADISIONAL;1500;KG;-;2023
1790;15;JAMBI;1571;157111;1571111003;NISSA BAKERY;BS. MAIMUNAH;PO;10799-(INDUSTRI PRODUK MAKANAN LAINNYA);TEPUNG, TELUR;INDUSTRI MAKANAN;KUE TRADISIONAL;40;KG;-;2023
1791;15;JAMBI;1571;157111;1571111004;RANTI KERIPIK;TINA;PO;10794 - (Industri Kerupuk, Keripik, Peyek dan sejenisnya);KERIPIK, TEPUNG, TELUR;INDUSTRI MAKANAN;KERIPIK, KERUPUK, PEYEK;50;KG;-;2023
1792;15;JAMBI;1571;157111;1571111004;SISTER CAKE;SUNNELA NOOR;PO;10792(INDUSTRI KUE BASAH);TEPUNG,TELUR;INDUSTRI MAKANAN;KUE BASAH;20000;BUNGKUS;-;2023
1793;15;JAMBI;1571;157111;1571111004;KERIPIK NOVAL;SURANTI NINGSIH;PO;10794-(INDUSTRI KERUPUK,KERIPIK DAN SEJENISNYA);-;INDUSTRI MAKANAN;KERIPIK DAN MAKANAN RINGAN;20000;BUNGKUS;-;2023
1794;15;JAMBI;1571;157111;1571111001;CITRA SARI;MIFTAHUDIN;PO;10710;TEPUNG, TELUR;INDUSTRI MAKANAN;ROTI DAN SEJENISNYA;0;-;-;2023
1795;15;JAMBI;1571;157111;1571111001;AZWA;TRI MURTI;PO;10791;TEPUNG, TELUR;INDUSTRI MAKANAN;KUE BASAH & KUE KERING;0;-;-;2023
1796;15;JAMBI;1571;157111;1571111005;DADAN'S;ANDRIANI FEBRIYANTI;PO;10710;TEPUNG, TELUR;INDUSTRI MAKANAN;KUE KERING;0;-;-;2023
1797;15;JAMBI;1571;157111;1571111004;ALKAUSAR;M.KHAIDIR ALKAUSAR;PO;10710;TEPUNG, TELUR;INDUSTRI MAKANAN;KUE KERING;0;-;-;2023
1798;15;JAMBI;1571;157111;1571111004;AMIFA;KUSTATI;PO;10710;TEPUNG, TELUR;INDUSTRI MAKANAN;KUE KERING;0;-;-;2023
1799;15;JAMBI;1571;157111;1571111004;-;INNAR;PO;10799-(INDUSTRI PRODUK MAKANAN LAINNYA);-;INDUSTRI MAKANAN;KUE TRADISIONAL;0;-;-;2023
1800;15;JAMBI;1571;157111;1571111005;-;SHELVIA TRIAN SARI;PO;10799-(INDUSTRI PRODUK MAKANAN LAINNYA);-;INDUSTRI MAKANAN;KUE TRADISIONAL;0;-;-;2023
1801;15;JAMBI;1571;157111;1571111003;-;NURHAYATI;PO;10794 - (Industri Kerupuk, Keripik, Peyek dan sejenisnya);JENGKOL;INDUSTRI MAKANAN;KERUPUK JENGKOL;0;-;-;2023
1802;15;JAMBI;1571;157111;1571111003;-;SUPRIYATIN;PO;10794-(INDUSTRI KERUPUK,KERIPIK DAN SEJENISNYA);-;INDUSTRI MAKANAN;KERIPIK DAN MAKANAN RINGAN;20000;BUNGKUS;-;2023
1803;15;JAMBI;1571;157111;1571111003;-;NOPRIYA WINA;PO;10794-(INDUSTRI KERUPUK,KERIPIK DAN SEJENISNYA);-;INDUSTRI MAKANAN;KERIPIK DAN MAKANAN RINGAN;3000;BUNGKUS;-;2023
1804;15;JAMBI;1571;157111;1571111002;-;NUR JENIMALIA;PO;10799-(INDUSTRI PRODUK MAKANAN LAINNYA);-;INDUSTRI MAKANAN;KUE TRADISIONAL;0;-;-;2023
1805;15;JAMBI;1571;157111;1571111003;-;RARDIYA;PO;10794 - (Industri Kerupuk, Keripik, Peyek dan sejenisnya);PISANG;INDUSTRI MAKANAN;KERUPUK PISANG;0;-;-;2023
1806;15;JAMBI;1571;157111;1571111002;-;YUNUS;PO;10794 - (Industri Kerupuk, Keripik, Peyek dan sejenisnya);IKAN;INDUSTRI MAKANAN;KERUPUK IKAN;0;-;-;2023
1807;15;JAMBI;1571;157111;1571111001;-;SRI RATNA WAHYUNI;PO;10794 - (Industri Kerupuk, Keripik, Peyek dan sejenisnya);-;INDUSTRI MAKANAN;KERIPIPIK PEYEK;0;-;-;2023
1808;15;JAMBI;1571;157111;1571111003;-;MAIDAH;PO;10794 - (Industri Kerupuk, Keripik, Peyek dan sejenisnya);-;INDUSTRI MAKANAN;KERIPIPIK PEYEK;0;-;-;2023
1809;15;JAMBI;1571;157111;0;-;MISTIANA;PO;10792-(INDUSTRI KUE BASAH);-;INDUSTRI MAKANAN;KUE BASAH;0;-;-;2023
1810;15;JAMBI;1571;157111;1571111003;-;INDAH SUSANTI;PO;10799-(INDUSTRI PRODUK MAKANAN LAINNYA);-;INDUSTRI MAKANAN;KUE TRADISIONAL;0;-;-;2023
1811;15;JAMBI;1571;157111;1571111003;-;AHMAD KARYA;PO;10792-(INDUSTRI KUE BASAH);-;INDUSTRI MAKANAN;KUE BASAH;0;-;-;2023
1812;15;JAMBI;1571;157111;1571111003;DJOIN BAKERY;SATRIO HANDOKO;PO;10710;TEPUNG, TELUR;INDUSTRI MAKANAN;ROTI DAN SEJENISNYA;0;-;-;2023
1813;15;JAMBI;1571;157111;1571111002;-;B. SELAMAT;PO;10799-(INDUSTRI PRODUK MAKANAN LAINNYA);-;INDUSTRI MAKANAN;KUE TRADISIONAL;0;-;-;2023
1814;15;JAMBI;1571;157111;1571111003;-;CHITRA MELINDA;PO;10799-(INDUSTRI PRODUK MAKANAN LAINNYA);-;INDUSTRI MAKANAN;KUE TRADISIONAL;0;-;-;2023
1815;15;JAMBI;1571;157111;1571111004;-;SORAYA ADMIATI;PO;10799-(INDUSTRI PRODUK MAKANAN LAINNYA);-;INDUSTRI MAKANAN;KUE TRADISIONAL;0;-;-;2023
1816;15;JAMBI;1571;157111;1571111004;-;RATNA DEWI;PO;10799-(INDUSTRI PRODUK MAKANAN LAINNYA);-;INDUSTRI MAKANAN;KUE TRADISIONAL;0;-;-;2023
1817;15;JAMBI;1571;157111;1571111004;-;INDRA GUSPURNOMO;PO;10799-(INDUSTRI PRODUK MAKANAN LAINNYA);-;INDUSTRI MAKANAN;KUE TRADISIONAL;0;-;-;2023
1818;15;JAMBI;1571;157111;1571111003;-;GUSTAMI;PO;10750(INDUSTRI MAKANAN DAN MASAKAN OLAHAN);-;INDUSTRI MAKANAN;CATHERING;0;-;-;2023
1819;15;JAMBI;1571;157111;1571111003;-;SUROTO;PO;10794 - (Industri Kerupuk, Keripik, Peyek dan sejenisnya);UBI;INDUSTRI MAKANAN;KERUPUK UBI;0;-;-;2023
1820;15;JAMBI;1571;157111;1571111001;-;SUGIARTI;PO;10794 - (Industri Kerupuk, Keripik, Peyek dan sejenisnya);-;INDUSTRI MAKANAN;PEYEK;0;-;-;2023
1821;15;JAMBI;1571;157111;1571111004;-;LAILA HAYATI;PO;10794 - (Industri Kerupuk, Keripik, Peyek dan sejenisnya);PISANG;INDUSTRI MAKANAN;KERIPIK PISANG;0;-;-;2023
1822;15;JAMBI;1571;157111;1571111001;-;NURJAENAH;PO;10799-(INDUSTRI PRODUK MAKANAN LAINNYA);-;INDUSTRI MAKANAN;KUE TRADISIONAL;0;-;-;2023
1823;15;JAMBI;1571;157111;1571111001;-;INDUN WIJAYA;PO;10799-(INDUSTRI PRODUK MAKANAN LAINNYA);-;INDUSTRI MAKANAN;KUE TRADISIONAL;0;-;-;2023
1824;15;JAMBI;1571;157111;1571111001;-;NURIL HIKMAWATI;PO;10799-(INDUSTRI PRODUK MAKANAN LAINNYA);-;INDUSTRI MAKANAN;KUE TRADISIONAL;0;-;-;2023
1825;15;JAMBI;1571;157111;1571111005;-;HANIRAH;PO;10799-(INDUSTRI PRODUK MAKANAN LAINNYA);-;INDUSTRI MAKANAN;KUE TRADISIONAL;0;-;-;2023
1826;15;JAMBI;1571;157111;1571111003;-;ROHIMAH;PO;10794 - (Industri Kerupuk, Keripik, Peyek dan sejenisnya);IKAN;INDUSTRI MAKANAN;KERUPUK IKAN;0;-;-;2023
1827;15;JAMBI;1571;157111;1571111001;-;LUTFI ARDIYANTI;PO;10799-(INDUSTRI PRODUK MAKANAN LAINNYA);-;INDUSTRI MAKANAN;KUE TRADISIONAL;0;-;-;2023
1828;15;JAMBI;1571;157111;1571111005;-;A. TING ATMAWATI;PO;10794 - (Industri Kerupuk, Keripik, Peyek dan sejenisnya);UBI;INDUSTRI MAKANAN;KERIPIK UBI;0;-;-;2023
1829;15;JAMBI;1571;157111;1571111003;-;PAINI;PO;10794 - (Industri Kerupuk, Keripik, Peyek dan sejenisnya);IKAN;INDUSTRI MAKANAN;KERUPUK IKAN;0;-;-;2023
1830;15;JAMBI;1571;157111;1571111005;-;NURMAINI;PO;10794 - (Industri Kerupuk, Keripik, Peyek dan sejenisnya);UBI;INDUSTRI MAKANAN;KERIPIK UBI;0;-;-;2023
1831;15;JAMBI;1571;157111;1571111005;-;SAPARMI;PO;10799-(INDUSTRI PRODUK MAKANAN LAINNYA);-;INDUSTRI MAKANAN;KUE TRADISIONAL;0;-;-;2023
1832;15;JAMBI;1571;157111;1571111005;-;RAFIAH;PO;10799-(INDUSTRI PRODUK MAKANAN LAINNYA);-;INDUSTRI MAKANAN;KUE TRADISIONAL;0;-;-;2023
1833;15;JAMBI;1571;157111;1571111002;-;ERNA;PO;10794 - (Industri Kerupuk, Keripik, Peyek dan sejenisnya);JENGKOL;INDUSTRI MAKANAN;KERUPUK JENGKOL;0;-;-;2023
1834;15;JAMBI;1571;157111;1571111002;-;SRI HARTATI;PO;10794 - (Industri Kerupuk, Keripik, Peyek dan sejenisnya);JENGKOL;INDUSTRI MAKANAN;KERUPUK JENGKOL;0;-;-;2023
1835;15;JAMBI;1571;157111;1571111002;-;RUSTINA;PO;10799-(INDUSTRI PRODUK MAKANAN LAINNYA);-;INDUSTRI MAKANAN;KUE TRADISIONAL;0;-;-;2023
1836;15;JAMBI;1571;157111;1571111004;-;MERLINI SUKMADEWI;PO;10794 - (Industri Kerupuk, Keripik, Peyek dan sejenisnya);DAUN KELOR;INDUSTRI MAKANAN;KERIPIK DAUN KELOR;0;-;-;2023
1837;15;JAMBI;1571;157111;1571111004;-;FITRIYANI BINTI TUKIRAN;PO;10794 - (Industri Kerupuk, Keripik, Peyek dan sejenisnya);UBI;INDUSTRI MAKANAN;KERIPIK OPAK UBI;0;-;-;2023
1838;15;JAMBI;1571;157111;1571111001;-;ANA MARIANA;PO;10799-(INDUSTRI PRODUK MAKANAN LAINNYA);-;INDUSTRI MAKANAN;KUE TRADISIONAL;0;-;-;2023
1839;15;JAMBI;1571;157111;1571111004;-;DEWI NURYANI;PO;10792-(INDUSTRI KUE BASAH);-;INDUSTRI MAKANAN;KUE BASAH;0;-;-;2023
1840;15;JAMBI;1571;157111;1571111003;-;EKA PRATIWI;PO;10792-(INDUSTRI KUE BASAH);-;INDUSTRI MAKANAN;KUE BASAH;0;-;-;2023
1841;15;JAMBI;1571;157111;1571111003;-;DEWI ASTUTI;PO;10794 - (Industri Kerupuk, Keripik, Peyek dan sejenisnya);UBI;INDUSTRI MAKANAN;KERIPIK UBI;0;-;-;2023
1842;15;JAMBI;1571;157111;1571111005;-;EMOH;PO;10710;-;INDUSTRI MAKANAN;KUE KERING;0;-;-;2023
1843;15;JAMBI;1571;157111;1571111001;-;ANDAM DEWI;PO;10799-(INDUSTRI PRODUK MAKANAN LAINNYA);-;INDUSTRI MAKANAN;KUE TRADISIONAL;0;-;-;2023
1844;15;JAMBI;1571;157111;1571111002;-;MULYANI;PO;10799-(INDUSTRI PRODUK MAKANAN LAINNYA);-;INDUSTRI MAKANAN;KUE TRADISIONAL;0;-;-;2023
1845;15;JAMBI;1571;157111;1571111005;-;ADE SRIMARYANI;PO;10799-(INDUSTRI PRODUK MAKANAN LAINNYA);-;INDUSTRI MAKANAN;KUE TRADISIONAL;0;-;-;2023
1846;15;JAMBI;1571;157111;1571111001;-;LALA FITRIANA;PO;10799-(INDUSTRI PRODUK MAKANAN LAINNYA);-;INDUSTRI MAKANAN;KUE TRADISIONAL;0;-;-;2023
1847;15;JAMBI;1571;157111;1571111001;-;SRI YULIHARTATI;PO;10799-(INDUSTRI PRODUK MAKANAN LAINNYA);-;INDUSTRI MAKANAN;KUE TRADISIONAL;0;-;-;2023
1848;15;JAMBI;1571;157111;1571111003;-;PONIATI;PO;10794 - (Industri Kerupuk, Keripik, Peyek dan sejenisnya);PISANG;INDUSTRI MAKANAN;KERIPIK PISANG;0;-;-;2023
1849;15;JAMBI;1571;157111;1571111003;-;PONSIAH;PO;10391;KEDELAI;INDUSTRI MAKANAN;TEMPE;0;-;-;2023
1850;15;JAMBI;1571;157111;1571111004;-;NENI TRIANA;PO;10794 - (Industri Kerupuk, Keripik, Peyek dan sejenisnya);PISANG;INDUSTRI MAKANAN;KERIPIK PISANG;0;-;-;2023
1851;15;JAMBI;1571;157111;1571111003;DAPOER AJENG;DWI RATNA NOVIANI;PO;10792-(INDUSTRI KUE BASAH);-;INDUSTRI MAKANAN;KUE BASAH;0;-;-;2023
1852;15;JAMBI;1571;157111;1571111004;-;INDAH LESTARI;PO;10799-(INDUSTRI PRODUK MAKANAN LAINNYA);-;INDUSTRI MAKANAN;KUE TRADISIONAL;0;-;-;2023
1853;15;JAMBI;1571;157111;1571111003;-;ROPIAH;PO;10794 - (Industri Kerupuk, Keripik, Peyek dan sejenisnya);-;INDUSTRI MAKANAN;PEYEK KACANG;0;-;-;2023
1854;15;JAMBI;1571;157111;1571111003;-;LINDA AISKA;PO;10799-(INDUSTRI PRODUK MAKANAN LAINNYA);-;INDUSTRI MAKANAN;KUE TRADISIONAL;0;-;-;2023
1855;15;JAMBI;1571;157111;1571111004;-;SILVIA MEIDONA;PO;10799-(INDUSTRI PRODUK MAKANAN LAINNYA);-;INDUSTRI MAKANAN;KACANG TOJIN,BAWANG GORENG;0;-;-;2023
1856;15;JAMBI;1571;157111;1571111001;-;YUNIAR;PO;10750INDUSTRI MAKANAN DAN MASAKAN OLAHAN,;-;INDUSTRI MAKANAN;CATHERING;0;-;-;2023
1857;15;JAMBI;1571;157111;1571111003;-;NURI MARIA SYARI;PO;10799-(INDUSTRI PRODUK MAKANAN LAINNYA);-;INDUSTRI MAKANAN;KUE TRADISIONAL;0;-;-;2023
1858;15;JAMBI;1571;157111;1571111004;-;RENI DAWATI;PO;10794 - (Industri Kerupuk, Keripik, Peyek dan sejenisnya);-;INDUSTRI MAKANAN;KERUPUK UBI, BAWANG GORENG;0;-;-;2023
1859;15;JAMBI;1571;157111;1571111004;-;WIWIK TITAH UTAMI;PO;10794 - (Industri Kerupuk, Keripik, Peyek dan sejenisnya);-;INDUSTRI MAKANAN;KERIPIK SINGKONG;0;-;-;2023
1860;15;JAMBI;1571;157111;1571111004;-;SARI LEA BORU TARIGAN;PO;11090(INDUSTRI MINUMAN LAINNYA);-;INDUSTRI MINUMAN;MINUMAN SARI KEDELAI;0;-;-;2023
1861;15;JAMBI;1571;157111;1571111004;-;SARMILA;PO;10794 - (Industri Kerupuk, Keripik, Peyek dan sejenisnya);-;INDUSTRI MAKANAN;KERIPIK SINGKONG;0;-;-;2023
1862;15;JAMBI;1571;157111;1571111002;-;KERUPUK YENI;PO;10794 - (Industri Kerupuk, Keripik, Peyek dan sejenisnya);IKAN;INDUSTRI MAKANAN;KERUPUK IKAN;0;-;-;2023
1863;15;JAMBI;1571;157111;1571111004;-;ASRISATI;PO;10794 - (Industri Kerupuk, Keripik, Peyek dan sejenisnya);-;INDUSTRI MAKANAN;KERUPUK GENDAR;0;-;-;2023
1864;15;JAMBI;1571;157111;1571111001;-;INOY CAKE & COKIES;PO;10799-(INDUSTRI PRODUK MAKANAN LAINNYA);TEPUNG;INDUSTRI MAKANAN;KUE TRADISIONAL;0;-;-;2023
1865;15;JAMBI;1571;157111;1571111002;-;SURATIYEM;PO;10799-(INDUSTRI PRODUK MAKANAN LAINNYA);TEPUNG;INDUSTRI MAKANAN;KUE TRADISIONAL;0;-;-;2023
1866;15;JAMBI;1571;157111;1571111002;TERAS TEKWAN;RINI APRIANTI;-;10799-(INDUSTRI PRODUK MAKANAN LAINNYA);IKAN;INDUSTRI MAKANAN;PEMPEK, TEKWAN;0;-;-;2023
1867;15;JAMBI;1571;157111;1571111002;-;MULYANTI;PO;10799-(INDUSTRI PRODUK MAKANAN LAINNYA);TEPUNG;INDUSTRI MAKANAN;KUE TRADISIONAL;0;-;-;2023
1868;15;JAMBI;1571;157111;1571111002;-;YUNINGSIH;PO;10799-(INDUSTRI PRODUK MAKANAN LAINNYA);TEPUNG;INDUSTRI MAKANAN;KUE TRADISIONAL;0;-;-;2023
1869;15;JAMBI;1571;157111;1571111002;PEMPEK BANG HIS;M. ROZI HISTANTO;PO;10799-(INDUSTRI PRODUK MAKANAN LAINNYA);IKAN;INDUSTRI MAKANAN;PEMPEK, TEKWAN;0;-;-;2023
1870;15;JAMBI;1571;157111;1571111002;WARUNG BANG ZUHRO;ZUHRO;PO;10799-(INDUSTRI PRODUK MAKANAN LAINNYA);TEPUNG;INDUSTRI MAKANAN;KUE TRADISIONAL;0;-;-;2023
1871;15;JAMBI;1571;157111;1571111002;JAMU BUDE;SARI YANTI;PO;11090(INDUSTRI MINUMAN LAINNYA);-;INDUSTRI MINUMAN;JAMU;0;-;-;2023
1872;15;JAMBI;1571;157111;1571111002;PAWON MAKPON;PONIMAH;PO;10750( INDUSTRI MAKANAN DAN MASAKAN OLAHAN);-;INDUSTRI MAKANAN;CATHERING;0;-;-;2023
1873;15;JAMBI;1571;157111;1571111002;-;PRIMA RAMADHANTI;PO;10799-(INDUSTRI PRODUK MAKANAN LAINNYA);TEPUNG;INDUSTRI MAKANAN;KUE TRADISIONAL;0;-;-;2023
1874;15;JAMBI;1571;157111;1571111002;-;HERLINA EFFENDI;PO;10794 - (Industri Kerupuk, Keripik, Peyek dan sejenisnya);-;INDUSTRI MAKANAN;KERIPIK ,PISANG, TEMPE;0;-;-;2023
1875;15;JAMBI;1571;157111;1571111002;LINCAH JAYA;ARMAINI;PO;10794 - (Industri Kerupuk, Keripik, Peyek dan sejenisnya);-;INDUSTRI MAKANAN;PEYEK, TELUR GABUS;0;-;-;2023
1876;15;JAMBI;1571;157111;1571111002;-;FATIMAH;PO;10750( INDUSTRI MAKANAN DAN MASAKAN OLAHAN);-;INDUSTRI MAKANAN;CATHERING;0;-;-;2023
1877;15;JAMBI;1571;157111;1571111002;-;WATI;PO;10799-(INDUSTRI PRODUK MAKANAN LAINNYA);IKAN;INDUSTRI MAKANAN;NUGGET;0;-;-;2023
1878;15;JAMBI;1571;157111;1571111002;-;RUSTINA;PO;10750( INDUSTRI MAKANAN DAN MASAKAN OLAHAN);-;INDUSTRI MAKANAN;CATHERING;0;-;-;2023
1879;15;JAMBI;1571;157111;1571111002;RUMAH KUE ENI;ENI IRAWATI;PO;10750( INDUSTRI MAKANAN DAN MASAKAN OLAHAN);-;INDUSTRI MAKANAN;CATHERING;0;-;-;2023
1880;15;JAMBI;1571;157111;1571111002;RUUMAH KUE SURENI;SURENI;PO;10750( INDUSTRI MAKANAN DAN MASAKAN OLAHAN);-;INDUSTRI MAKANAN;KUE TRADISIONAL;0;-;-;2023
1881;15;JAMBI;1571;157111;1571111002;TEMPE NF;NUR SOIMAH;PO;10391;KACANG KEDELAI;INDUSTRI MAKANAN;TEMPE;0;-;-;2023
1882;15;JAMBI;1571;157111;1571111002;TEMPE HAKIM;TARMINI;PO;10391;KACANG KEDELAI;INDUSTRI MAKANAN;TEMPE;0;-;-;2023
1883;15;JAMBI;1571;157111;1571111002;KERUPUK BUDE SUL;SALBIYAH;PO;10794 - (Industri Kerupuk, Keripik, Peyek dan sejenisnya);BELINJO;INDUSTRI MAKANAN;KERUPUK EMPING BELINJO;0;-;-;2023
1884;15;JAMBI;1571;157111;1571111002;ACA SNACK;MAYLANI TATINIA;PO;10750( INDUSTRI MAKANAN DAN MASAKAN OLAHAN);TEPUNG,TELUR;INDUSTRI MAKANAN;KUE TRADISIONAL;0;-;-;2023
1885;15;JAMBI;1571;157111;1571111002;BAQULAN QU;YULI ERNAWATI;PO;10750( INDUSTRI MAKANAN DAN MASAKAN OLAHAN);TEPUNG,TELUR;INDUSTRI MAKANAN;KUE TRADISIONAL;0;-;-;2023
1886;15;JAMBI;1571;157111;1571111001;PEMPEK FAAZA;RIIO ARMNANDO;PO;10750( INDUSTRI MAKANAN DAN MASAKAN OLAHAN);IKAN;INDUSTRI MAKANAN;PEMPEK, TEKWAN;0;-;-;2023
1887;15;JAMBI;1571;157111;1571111002;ANEKA CEMILAN NH;FARAH DIBA;PO;10794 - (Industri Kerupuk, Keripik, Peyek dan sejenisnya);-;INDUSTRI MAKANAN;KACANG KRIBO,STIK BALADO,KERIPIK PISANG;0;-;-;2023
1888;15;JAMBI;1571;157111;1571111006;DAPUR MAMIQU;ERNI LINDAWATI;PO;10750( INDUSTRI MAKANAN DAN MASAKAN OLAHAN);IKAN;INDUSTRI MAKANAN;PEMPEK, TEKWAN;11000;-;-;2023
1889;15;JAMBI;1571;157111;1571111006;R A E;SUPARMI;PO;11090(INDUSTRI MINUMAN LAINNYA);JAHE;INDUSTRI MINUMAN;MINUMAN JAHE INSTAN;12500;-;-;2023
1890;15;JAMBI;1571;157111;1571111002;SNACK WARDA;WARDHA;PO;10750( INDUSTRI MAKANAN DAN MASAKAN OLAHAN);TEPUNG,TELUR;INDUSTRI MAKANAN;KUE TRADISIONAL;30000;-;-;2023
1891;15;JAMBI;1571;157104;1571041004;ARABIAN KITCHEN;HAYATI;PO;10799 - (Industri Produk Makanan Lainnya);TEPUNG, TELUR;INDUSTRI MAKANAN;KUE BASAH & KUE TRADISIONAL;50000;PORSI;-;2023
1892;15;JAMBI;1571;157104;1571041004;NAILA CAKE;MARDAYANI;PO;10710;TEPUNG, TELUR;INDUSTRI MAKANAN;ROTI DAN SEJENISNYA;200;KG;-;2023
1893;15;JAMBI;1571;157104;1571041004;DAPOER ISE;EVI ACHDIANA;PO;10791;TEPUNG, TELUR;INDUSTRI MAKANAN;KUE;0;-;-;2023
1894;15;JAMBI;1571;157104;1571041004;SHINDY SWEET CAKE;LAW SIE HOA;PO;10710;TEPUNG, TELUR;INDUSTRI MAKANAN;KUE KERING;0;-;-;2023
1895;15;JAMBI;1571;157104;1571041004;VIRA;DESSY MORITA;PO;10710;TEPUNG, TELUR;INDUSTRI MAKANAN;KUE KERING;0;-;-;2023
1896;15;JAMBI;1571;157104;0;BAKERMART;BAGAS WIYONO;PO;10710;TEPUNG, TELUR;INDUSTRI MAKANAN;ROTI;0;-;-;2023
1897;15;JAMBI;1571;157104;0;ONODA;DARMAN WIJAYA;PO;10774;AIR ASIN;INDUSTRI MAKANAN;GARAM YODIUM;12000000;KG;-;2023
1898;15;JAMBI;1571;157104;1571041004;BAROKAH;BAHRAH;PO;10750;TEPUNG, TELUR;INDUSTRI MAKANAN;REMPEYEK;0;-;-;2023
1899;15;JAMBI;1571;157104;1571041004;IDOLA SNACK;HENGKY;PO;10794;KENTANG;INDUSTRI MAKANAN;KERUPUK KENTANG;0;-;-;2023
1900;15;JAMBI;1571;157104;0;LEGA HATI;SULAIMAN SUSANTO;PO;10799 - (Industri Produk Masak Lainnya);-;INDUSTRI MAKANAN;CUKA MAKAN;0;-;-;2023
1901;15;JAMBI;1571;157104;1571041004;ANDRA'S CAKE'S;DIAN PRASETYA ZATU;PO;10799 - (Industri Produk Makanan Lainnya);-;INDUSTRI MAKANAN;KUE BASAH & KUE KERING;9500;LITER;-;2023
1902;15;JAMBI;1571;157104;1571041002;RAMANIA;DIAN RAFIAH;PO;10799 - (Industri Produk Makanan Lainnya);-;INDUSTRI MAKANAN;KUE KERING DAN KUE BASAH;0;-;-;2023
1903;15;JAMBI;1571;157104;1571041004;KUE HOK;THE LENG SIAU;PO;10799 - (Industri Produk Makanan Lainnya);-;INDUSTRI MAKANAN;KUE KERANJANG;0;-;-;2023
1904;15;JAMBI;1571;157104;1571041001;INTAN;ANDRI WAHYUNI;PO;10799 - (Industri Produk Makanan Lainnya);-;INDUSTRI MAKANAN;KUE BASAH & KUE KERING;10000;PCS;-;2023
1905;15;JAMBI;1571;157104;1571041004;ANA;ROHANA;PO;10799 - (Industri Produk Makanan Lainnya);TEPUNG, TELUR;INDUSTRI MAKANAN;KUE BASAH & KUE TRADISIONAL;200000;LOYANG;-;2023
1906;15;JAMBI;1571;157105;1571051001;KERUPUK IKAN DEVI;RODIAH;PO;10794;IKAN;INDUSTRI MAKANAN;KERUPUK IKAN;150;KG;-;2023
1907;15;JAMBI;1571;157109;0;CIK MIA;MANIA;-;13122;KAIN TENUN, BENANG;INDUSTRI TEKSTIL;TENUN SONGKET;1200;LEMBAR;-;2023
1908;15;JAMBI;1571;157110;0;SENTRA SONGKET CIK MIA;MAYA;PO;13122;KAIN TENUN, BENANG;INDUSTRI TEKSTIL;TENUN SONGKET;1200;LEMBAR;-;2023
1909;15;JAMBI;1571;157103;1571031003;SUSI SONGKET;MAHDALENA;PO;13122;KAIN TENUN, BENANG;INDUSTRI TEKSTIL;TENUN SONGKET;1200;LEMBAR;-;2023
1910;15;JAMBI;1571;157103;1571031003;SUSI SONGKET;RANTI;PO;13122;KAIN TENUN, BENANG;INDUSTRI TEKSTIL;TENUN SONGKET;1200;LEMBAR;-;2023
1911;15;JAMBI;1571;157103;1571031003;SENTRA SONGKET CIK MIA;AYUNING;PO;13122;KAIN TENUN, BENANG;INDUSTRI TEKSTIL;TENUN SONGKET;1200;LEMBAR;-;2023
1912;15;JAMBI;1571;157103;1571031003;SENTRA SONGKET CIK MIA;ROHIDA;PO;13122;KAIN TENUN, BENANG;INDUSTRI TEKSTIL;TENUN SONGKET;1200;LEMBAR;-;2023
1913;15;JAMBI;1571;157103;1571031006;SENTRA SONGKET CIK MIA;ZAINAB;PO;13122;KAIN TENUN, BENANG;INDUSTRI TEKSTIL;TENUN SONGKET;1200;LEMBAR;-;2023
1914;15;JAMBI;1571;157103;1571031003;PENGRAJIN SONGKET;AYU NINGSIH;PO;13122;KAIN TENUN, BENANG;INDUSTRI TEKSTIL;TENUN SONGKET;1200;LEMBAR;-;2023
1915;15;JAMBI;1571;157108;1571081004;SENTRA SONGKET CIK MIA;LUSIANA;PO;13122;KAIN TENUN, BENANG;INDUSTRI TEKSTIL;TENUN SONGKET;1200;LEMBAR;-;2023
1916;15;JAMBI;1571;157108;1571081004;SENTRA SONGKET CIK MIA;MARIA;PO;13122;KAIN TENUN, BENANG;INDUSTRI TEKSTIL;TENUN SONGKET;1200;LEMBAR;-;2023
1917;15;JAMBI;1571;157108;1503092004;SUSI SONGKET;RIA;PO;13122;KAIN TENUN, BENANG;INDUSTRI TEKSTIL;TENUN SONGKET;1200;LEMBAR;-;2023
1918;15;JAMBI;1571;157108;1571081007;SUSI SONGKET;SUSILAWATI;PO;13122;KAIN TENUN, BENANG;INDUSTRI TEKSTIL;TENUN SONGKET;1200;LEMBAR;-;2023
1919;15;JAMBI;1571;157107;1571071005;SUSI SONGKET;SANTI;PO;13122;KAIN TENUN, BENANG;INDUSTRI TEKSTIL;TENUN SONGKET;1200;LEMBAR;-;2023
1920;15;JAMBI;1571;157107;1571071005;SUSI SONGKET;LINDA;PO;13122;KAIN TENUN, BENANG;INDUSTRI TEKSTIL;TENUN SONGKET;1200;LEMBAR;-;2023
1921;15;JAMBI;1571;157107;1571071001;MANIA;MANIA;PO;13122;KAIN TENUN, BENANG;INDUSTRI TEKSTIL;TENUN SONGKET;1200;LEMBAR;-;2023
1922;15;JAMBI;1571;157110;1571101003;HAPSOH SONGKET;HAPSOH;PO;13122;KAIN TENUN, BENANG;INDUSTRI TEKSTIL;TENUN SONGKET;0;-;-;2023
1923;15;JAMBI;1571;157110;1571101001;KHORIAH;KHORIAH;PO;13912;KAIN, BENANG;INDUSTRI TEKSTIL;SULAMAN BENANG EMAS;1800;LEMBAR;-;2023
1924;15;JAMBI;1571;157102;0;-;ARDIANIS;PO;13912;KAIN, BENANG;INDUSTRI TEKSTIL;SULAMAN BENANG EMAS;1800;LEMBAR;-;2023
1925;15;JAMBI;1571;157108;1503092004;-;ROHAYATI;PO;13912;KAIN, BENANG;INDUSTRI TEKSTIL;SULAMAN BENANG EMAS;1800;LEMBAR;-;2023
1926;15;JAMBI;1571;157108;1503092004;-;WASINAH;PO;13912;KAIN, BENANG;INDUSTRI TEKSTIL;SULAMAN BENANG EMAS;1800;LEMBAR;-;2023
1927;15;JAMBI;1571;157108;1503092004;-;DWI NURHASANAH;PO;13912;KAIN, BENANG;INDUSTRI TEKSTIL;SULAMAN BENANG EMAS;1800;LEMBAR;-;2023
1928;15;JAMBI;1571;157105;1571051002;MASLIANA;MASLIANA;PO;13912;KAIN, BENANG;INDUSTRI TEKSTIL;SULAMAN BENANG EMAS;1800;LEMBAR;-;2023
1929;15;JAMBI;1571;157105;1571051005;MAIMUNAH;MAIMUNAH;PO;13912;KAIN, BENANG;INDUSTRI TEKSTIL;SULAMAN BENANG EMAS;1800;LEMBAR;-;2023
1930;15;JAMBI;1571;157106;1571061004;-;TUTI EVA WATI;PO;13912;KAIN,BENANG;INDUSTRI TEKSTIL;SULAMAN BENANG EMAS;0;-;-;2023
1931;15;JAMBI;1571;157106;1571061004;-;ROMZIA;PO;13912;KAIN,BENANG;INDUSTRI TEKSTIL;SULAMAN BENANG EMAS;0;-;-;2023
1932;15;JAMBI;1571;157106;1571061004;-;NOVITA SARI;PO;13912;KAIN,BENANG;INDUSTRI TEKSTIL;SULAMAN BENANG EMAS;0;-;-;2023
1933;15;JAMBI;1571;157106;1571061004;-;NAJMIAH;PO;13912;KAIN,BENANG;INDUSTRI TEKSTIL;SULAMAN BENANG EMAS;0;-;-;2023
1934;15;JAMBI;1571;157106;1571061004;-;SUSILAWATI;PO;13912;KAIN,BENANG;INDUSTRI TEKSTIL;SULAMAN BENANG EMAS;0;-;-;2023
1935;15;JAMBI;1571;157106;1571061004;-;WIRDANIA;PO;13912;KAIN,BENANG;INDUSTRI TEKSTIL;SULAMAN BENANG EMAS;0;-;-;2023
1936;15;JAMBI;1571;157106;1571061004;-;ASMAINI;PO;13912;KAIN,BENANG;INDUSTRI TEKSTIL;SULAMAN BENANG EMAS;0;-;-;2023
1937;15;JAMBI;1571;157106;1571061004;-;ASTUTI;PO;13912;KAIN,BENANG;INDUSTRI TEKSTIL;SULAMAN BENANG EMAS;0;-;-;2023
1938;15;JAMBI;1571;157106;1571061004;-;LILIS SURYANI;PO;13912;KAIN,BENANG;INDUSTRI TEKSTIL;SULAMAN BENANG EMAS;0;-;-;2023
1939;15;JAMBI;1571;157106;1571061004;-;RAJMAH;PO;13912;KAIN,BENANG;INDUSTRI TEKSTIL;SULAMAN BENANG EMAS;0;-;-;2023
1940;15;JAMBI;1571;157106;1571061004;-;SALMAH;PO;13912;KAIN,BENANG;INDUSTRI TEKSTIL;SULAMAN BENANG EMAS;0;-;-;2023
1941;15;JAMBI;1571;157106;1571061004;-;MURDIANA;PO;13912;KAIN,BENANG;INDUSTRI TEKSTIL;SULAMAN BENANG EMAS;0;-;-;2023
1942;15;JAMBI;1571;157106;1571061004;-;HJ.SATARINA;PO;13912;KAIN,BENANG;INDUSTRI TEKSTIL;SULAMAN BENANG EMAS;0;-;-;2023
1943;15;JAMBI;1571;157107;1571071005;BOROBUDUR;M.DONI MARSANTO;PO;13929;KAIN;INDUSTRI TEKSTIL;GORDEN;7200;KG;-;2023
1944;15;JAMBI;1571;157105;1571051003;RUSDIAH;RUSDIAH;PO;13999;KAIN;INDUSTRI TEKSTIL;TEKSTIL;1728;BH;-;2023
1945;15;JAMBI;1571;157109;0;-;MINANTUN;-;14111;KAIN;INDUSTRI PAKAIAN JADI;PAKAIAN JADI;198000;BH;-;2023
1946;15;JAMBI;1571;157109;0;-;YUANA HARTI;PO;14111;KAIN;INDUSTRI PAKAIAN JADI;PAKAIAN JADI;198000;LEMBAR;-;2023
1947;15;JAMBI;1571;157109;1571091003;-;SITI RAHMATIA;PO;14111;KAIN;INDUSTRI PAKAIAN JADI;PAKAIAN JADI;198000;LEMBAR;-;2023
1948;15;JAMBI;1571;157109;0;-;NAYA;PO;14111;KAIN;INDUSTRI PAKAIAN JADI;PAKAIAN JADI;198000;LEMBAR;-;2023
1949;15;JAMBI;1571;157109;0;-;LINA;PO;14111;KAIN;INDUSTRI PAKAIAN JADI;PAKAIAN JADI;198000;LEMBAR;-;2023
1950;15;JAMBI;1571;157109;0;-;JURNIASIH;PO;14111;KAIN;INDUSTRI PAKAIAN JADI;PAKAIAN JADI;198000;LEMBAR;-;2023
1951;15;JAMBI;1571;157109;0;-;SITI MARYAM;PO;14111;KAIN;INDUSTRI PAKAIAN JADI;PAKAIAN JADI;198000;LEMBAR;-;2023
1952;15;JAMBI;1571;157109;0;-;YURI;PO;14111;KAIN;INDUSTRI PAKAIAN JADI;PAKAIAN JADI;198000;LEMBAR;-;2023
1953;15;JAMBI;1571;157109;0;-;AMIK;PO;14111;KAIN;INDUSTRI PAKAIAN JADI;PAKAIAN JADI;198000;LEMBAR;-;2023
1954;15;JAMBI;1571;157102;1571021004;ANDI;ANDI NURIYAH;PO;14111;KAIN;INDUSTRI PAKAIAN JADI;PAKAIAN JADI;198000;BH;-;2023
1955;15;JAMBI;1571;157107;1571071004;YULIANA;YULIANA;PO;14111;KAIN;INDUSTRI PAKAIAN JADI;PAKAIAN JADI;198000;LEMBAR;-;2023
1956;15;JAMBI;1571;157107;0;-;LINA;PO;14111;KAIN;INDUSTRI PAKAIAN JADI;PAKAIAN JADI;198000;LEMBAR;-;2023
1957;15;JAMBI;1571;157107;1571071002;PEMBALUT HERBAL EKONOMIS;SUSANA EKARUL MAWATI, S.PD;PO;14111;KAIN;INDUSTRI PAKAIAN JADI;PAKAIAN JADI;198000;LEMBAR;-;2023
1958;15;JAMBI;1571;157105;1571051003;-;NAFISAH;PO;14111;KAIN;INDUSTRI PAKAIAN JADI;PAKAIAN JADI;198000;LEMBAR;-;2023
1959;15;JAMBI;1571;157105;1571051003;-;-;PO;14111;KAIN;INDUSTRI PAKAIAN JADI;PAKAIAN JADI;198000;LEMBAR;-;2023
1960;15;JAMBI;1571;157105;1571051003;-;-;PO;14111;KAIN;INDUSTRI PAKAIAN JADI;PAKAIAN JADI;198000;LEMBAR;-;2023
1961;15;JAMBI;1571;157105;1571051003;-;-;PO;14111;KAIN;INDUSTRI PAKAIAN JADI;PAKAIAN JADI;198000;LEMBAR;-;2023
1962;15;JAMBI;1571;157105;1571051003;-;-;PO;14111;KAIN;INDUSTRI PAKAIAN JADI;PAKAIAN JADI;198000;LEMBAR;-;2023
1963;15;JAMBI;1571;157101;0;-;YUANA HARTI;PO;14111;KAIN;INDUSTRI PAKAIAN JADI;PAKAIAN JADI;198000;LEMBAR;-;2023
1964;15;JAMBI;1571;157101;0;-;NAYA;PO;14111;KAIN;INDUSTRI PAKAIAN JADI;PAKAIAN JADI;198000;LEMBAR;-;2023
1965;15;JAMBI;1571;157101;1571011001;-;HALIJAH;PO;14111;KAIN;INDUSTRI PAKAIAN JADI;PAKAIAN JADI;198000;LEMBAR;-;2023
1966;15;JAMBI;1571;157101;1571011002;-;DEWI;PO;14111;KAIN;INDUSTRI PAKAIAN JADI;PAKAIAN JADI;198000;LEMBAR;-;2023
1967;15;JAMBI;1571;157101;1571011004;-;JURNIASIH;PO;14111;KAIN;INDUSTRI PAKAIAN JADI;PAKAIAN JADI;198000;LEMBAR;-;2023
1968;15;JAMBI;1571;157101;1571011011;-;MARYANI;PO;14111;KAIN;INDUSTRI PAKAIAN JADI;PAKAIAN JADI;198000;LEMBAR;-;2023
1969;15;JAMBI;1571;157103;1571031001;AL-FAJRI;OKTI;PO;14111;KAIN;INDUSTRI PAKAIAN JADI;PAKAIAN JADI;500;LEMBAR;-;2023
1970;15;JAMBI;1571;157110;1571101001;PENJAHIT MURNI;MURNI;PO;14120;KAIN, BENANG;INDUSTRI PAKAIAN JADI;PENJAHIT PAKAIAN;198000;LEMBAR;-;2023
1971;15;JAMBI;1571;157110;1571101001;NETTY JAHIT;NETY;PO;14120;KAIN, BENANG;INDUSTRI PAKAIAN JADI;PENJAHIT PAKAIAN;198000;LEMBAR;-;2023
1972;15;JAMBI;1571;157102;1571021006;AYU;BALILA;PO;14120;KAIN, BENANG;INDUSTRI PAKAIAN JADI;PENJAHIT PAKAIAN;198000;LEMBAR;-;2023
1973;15;JAMBI;1571;157103;1571031006;MACAM-MACAM PAKAIAN;RAHMA DEWI;PO;14120;KAIN, BENANG;INDUSTRI PAKAIAN JADI;PENJAHIT PAKAIAN;198000;LEMBAR;-;2023
1974;15;JAMBI;1571;157103;1571031006;JUALAN PAKAIAN;SARPAN;PO;14120;KAIN, BENANG;INDUSTRI PAKAIAN JADI;PENJAHIT PAKAIAN;198000;LEMBAR;-;2023
1975;15;JAMBI;1571;157103;1571031003;PENJAHIT;SAMSUL BAHRI;PO;14120;KAIN, BENANG;INDUSTRI PAKAIAN JADI;PENJAHIT PAKAIAN;198000;LEMBAR;-;2023
1976;15;JAMBI;1571;157103;1571031003;PENJAHIT;RAJA AINI;PO;14120;KAIN, BENANG;INDUSTRI PAKAIAN JADI;PENJAHIT PAKAIAN;198000;LEMBAR;-;2023
1977;15;JAMBI;1571;157103;1571031003;PENJAHIT;SUNARTI;PO;14120;KAIN, BENANG;INDUSTRI PAKAIAN JADI;PENJAHIT PAKAIAN;198000;LEMBAR;-;2023
1978;15;JAMBI;1571;157103;1571031003;PENJAHIT;MISNAAH;PO;14120;KAIN, BENANG;INDUSTRI PAKAIAN JADI;PENJAHIT PAKAIAN;198000;LEMBAR;-;2023
1979;15;JAMBI;1571;157103;1571031003;PENJAHIT;ZIL ZIKRI;PO;14120;KAIN, BENANG;INDUSTRI PAKAIAN JADI;PENJAHIT PAKAIAN;198000;LEMBAR;-;2023
1980;15;JAMBI;1571;157103;1571031003;PENJAHIT;ARIS;PO;14120;KAIN, BENANG;INDUSTRI PAKAIAN JADI;PENJAHIT PAKAIAN;198000;LEMBAR;-;2023
1981;15;JAMBI;1571;157103;1571031003;PENJAHIT;KHOTIJAH;PO;14120;KAIN, BENANG;INDUSTRI PAKAIAN JADI;PENJAHIT PAKAIAN;198000;LEMBAR;-;2023
1982;15;JAMBI;1571;157103;1571031003;PENJAHIT;BUDI KUSMADI;PO;14120;KAIN, BENANG;INDUSTRI PAKAIAN JADI;PENJAHIT PAKAIAN;198000;LEMBAR;-;2023
1983;15;JAMBI;1571;157103;1571031003;PENJAHIT;SUPINI;PO;14120;KAIN, BENANG;INDUSTRI PAKAIAN JADI;PENJAHIT PAKAIAN;198000;LEMBAR;-;2023
1984;15;JAMBI;1571;157103;1571031003;PENJAHIT;SYAFRIZAL;PO;14120;KAIN, BENANG;INDUSTRI PAKAIAN JADI;PENJAHIT PAKAIAN;198000;LEMBAR;-;2023
1985;15;JAMBI;1571;157108;1503092004;-;APRILIA NINGSIH;PO;14120;KAIN, BENANG;INDUSTRI PAKAIAN JADI;PENJAHIT PAKAIAN;198000;LEMBAR;-;2023
1986;15;JAMBI;1571;157108;1503092004;-;VIVI DAMAYANTI;PO;14120;KAIN, BENANG;INDUSTRI PAKAIAN JADI;PENJAHIT PAKAIAN;198000;LEMBAR;-;2023
1987;15;JAMBI;1571;157108;1503092004;-;MARYAM;PO;14120;KAIN, BENANG;INDUSTRI PAKAIAN JADI;PENJAHIT PAKAIAN;198000;LEMBAR;-;2023
1988;15;JAMBI;1571;157108;1503092004;-;MASTURA;PO;14120;KAIN, BENANG;INDUSTRI PAKAIAN JADI;PENJAHIT PAKAIAN;198000;LEMBAR;-;2023
1989;15;JAMBI;1571;157108;1571081004;LUKIS KAIN;SYARIFAH RAZMAINI;PO;14120;KAIN, BENANG;INDUSTRI PAKAIAN JADI;PENJAHIT PAKAIAN;198000;LEMBAR;-;2023
1990;15;JAMBI;1571;157107;1571071001;-;HERLINA;PO;14120;KAIN, BENANG;INDUSTRI PAKAIAN JADI;PENJAHIT PAKAIAN;198000;BH;-;2023
1991;15;JAMBI;1571;157107;1571071001;ANIK MODIES;WIWIK;PO;14120;KAIN, BENANG;INDUSTRI PAKAIAN JADI;PENJAHIT PAKAIAN;198000;BH;-;2023
1992;15;JAMBI;1571;157107;1571071005;RISMI COLLECTION;RISMI ANGGRAINI;PO;14120;KAIN, BENANG;INDUSTRI PAKAIAN JADI;PENJAHIT PAKAIAN;198000;BH;-;2023
1993;15;JAMBI;1571;157104;1571041004;BARBIE THE KREATIF;PUJI ASTUTI;PO;14120;KAIN, BENANG;INDUSTRI PAKAIAN JADI;PENJAHIT PAKAIAN;198000;LEMBAR;-;2023
1994;15;JAMBI;1571;157105;1571051004;-;FAUZI M;PO;14120;KAIN, BENANG;INDUSTRI PAKAIAN JADI;PENJAHIT PAKAIAN;0;LEMBAR;-;2023
1995;15;JAMBI;1571;157105;1571051004;-;FATMAH;PO;14120;KAIN, BENANG;INDUSTRI PAKAIAN JADI;PENJAHIT PAKAIAN;0;LEMBAR;-;2023
1996;15;JAMBI;1571;157105;1571051004;-;ATIAH;PO;14120;KAIN, BENANG;INDUSTRI PAKAIAN JADI;PENJAHIT PAKAIAN;0;LEMBAR;-;2023
1997;15;JAMBI;1571;157105;1571051004;-;HALIMAHTUSAKDIAH;PO;14120;KAIN, BENANG;INDUSTRI PAKAIAN JADI;PENJAHIT PAKAIAN;0;LEMBAR;-;2023
1998;15;JAMBI;1571;157105;1571051004;-;ERMAWATI;PO;14120;KAIN, BENANG;INDUSTRI PAKAIAN JADI;PENJAHIT PAKAIAN;0;LEMBAR;-;2023
1999;15;JAMBI;1571;157105;1571051004;-;A.LATIF HAMID;PO;14120;KAIN, BENANG;INDUSTRI PAKAIAN JADI;PENJAHIT PAKAIAN;0;LEMBAR;-;2023
2000;15;JAMBI;1571;157109;1571091001;AGORA MODISTE;NURBAITI ULYA;PO;14120;KAIN,BENANG;INDUSTRI PAKAIAN JADI;PENJAHIT PAKAIAN;0;-;-;2023
2001;15;JAMBI;1571;157109;1571091003;MAMA JAHIT;JUNIARTI;PO;14120;KAIN,BENANG;INDUSTRI PAKAIAN JADI;PENJAHIT PAKAIAN;0;-;-;2023
2002;15;JAMBI;1571;157109;1571091003;PENJAHIT UVE;INDO UPE;PO;14120;KAIN,BENANG;INDUSTRI PAKAIAN JADI;PENJAHIT PAKAIAN;0;-;-;2023
2003;15;JAMBI;1571;157109;1507112005;N & A JAHIT;ERLINAWATI;PO;14120;KAIN,BENANG;INDUSTRI PAKAIAN JADI;PENJAHIT PAKAIAN;0;-;-;2023
2004;15;JAMBI;1571;157109;1571091001;FRIZKA RUMAH JAHIT;SONI ABDULLAH;PO;14120;KAIN,BENANG;INDUSTRI PAKAIAN JADI;PENJAHIT PAKAIAN;0;-;-;2023
2005;15;JAMBI;1571;157109;1571091001;GHANY TAILOR;FITRI MARLINA;PO;14120;KAIN,BENANG;INDUSTRI PAKAIAN JADI;PENJAHIT PAKAIAN;0;-;-;2023
2006;15;JAMBI;1571;157109;1571091003;JAHIT PAKAIAN;WAHYU LESTARI;PO;14120;KAIN,BENANG;INDUSTRI PAKAIAN JADI;PENJAHIT PAKAIAN;0;-;-;2023
2007;15;JAMBI;1571;157109;1507112005;PENJAHIT ALI;M.ALI HAMIDI;PO;14120;KAIN,BENANG;INDUSTRI PAKAIAN JADI;PENJAHIT PAKAIAN;0;-;-;2023
2008;15;JAMBI;1571;157109;1507112005;PENJAHIT LILIS;DARWIS BAGARIANG;PO;14120;KAIN,BENANG;INDUSTRI PAKAIAN JADI;PENJAHIT PAKAIAN;0;-;-;2023
2009;15;JAMBI;1571;157109;1571091004;PENJAHIT WELIA;WELIA SUKMANINGSIH;PO;14120;KAIN,BENANG;INDUSTRI PAKAIAN JADI;PENJAHIT PAKAIAN;0;-;-;2023
2010;15;JAMBI;1571;157109;1571091004;RUMAH JAHIT WILAN;WIKA ANDESTA;PO;14120;KAIN,BENANG;INDUSTRI PAKAIAN JADI;PENJAHIT PAKAIAN;0;-;-;2023
2011;15;JAMBI;1571;157109;1571091003;FAS TAILOR;DAFRIANTO;PO;14120;KAIN,BENANG;INDUSTRI PAKAIAN JADI;PENJAHIT PAKAIAN;0;-;-;2023
2012;15;JAMBI;1571;157109;1571091003;RUMAH JAHIT 4 PUTRI;SELI PEBRIYA NINGSIH;PO;14120;KAIN,BENANG;INDUSTRI PAKAIAN JADI;PENJAHIT PAKAIAN;0;-;-;2023
2013;15;JAMBI;1571;157109;1571091003;WENNY TAILOR;WENNY RISA PRATIWI HASIBUAN;PO;14120;KAIN,BENANG;INDUSTRI PAKAIAN JADI;PENJAHIT PAKAIAN;0;-;-;2023
2014;15;JAMBI;1571;157109;1571091003;AGNES JAHIT;NORMIDA SITUMORANG;PO;14120;KAIN,BENANG;INDUSTRI PAKAIAN JADI;PENJAHIT PAKAIAN;0;-;-;2023
2015;15;JAMBI;1571;157109;1507112005;NIRWANA TAILOR;ELFIAN;PO;14120;KAIN,BENANG;INDUSTRI PAKAIAN JADI;PENJAHIT PAKAIAN;0;-;-;2023
2016;15;JAMBI;1571;157109;1507112005;PENJAHIT JUWITA;INDRA LELIATI;PO;14120;KAIN,BENANG;INDUSTRI PAKAIAN JADI;PENJAHIT PAKAIAN;0;-;-;2023
2017;15;JAMBI;1571;157109;1571091005;JAHIT IRFAN;ARFANDI;PO;14120;KAIN,BENANG;INDUSTRI PAKAIAN JADI;PENJAHIT PAKAIAN;0;-;-;2023
2018;15;JAMBI;1571;157109;1571091003;TISYA;SITI RAHMATIA;PO;14120;KAIN,BENANG;INDUSTRI PAKAIAN JADI;PENJAHIT PAKAIAN;0;-;-;2023
2019;15;JAMBI;1571;157109;1571091004;PENJAHIT YOLANDA;YOLANDA SAFITRI;PO;14120;KAIN,BENANG;INDUSTRI PAKAIAN JADI;PENJAHIT PAKAIAN;0;-;-;2023
2020;15;JAMBI;1571;157110;1571101001;PENJAHIT AYU MODESTE;AYU SHAYDA;PO;14120;KAIN, BENANG;INDUSTRI PAKAIAN JADI;PENJAHIT PAKAIAN;0;-;-;2023
2021;15;JAMBI;1571;157110;1571101003;PENJAHIT MUNAWARAH;UMIYATI;PO;14120;KAIN, BENANG;INDUSTRI PAKAIAN JADI;PENJAHIT PAKAIAN;0;-;-;2023
2022;15;JAMBI;1571;157110;1571101002;PENJAHIT SUMARSIH;SUMARSIH;PO;14120;KAIN, BENANG;INDUSTRI PAKAIAN JADI;PENJAHIT PAKAIAN;0;-;-;2023
2023;15;JAMBI;1571;157110;1571101004;PENJAHIT ETHA;LETTI BERNADETTA;PO;14120;KAIN, BENANG;INDUSTRI PAKAIAN JADI;PENJAHIT PAKAIAN;0;-;-;2023
2024;15;JAMBI;1571;157106;1504062009;-;ZAINAB;PO;14120;KAIN,BENANG;INDUSTRI PAKAIAN JADI;PENJAHIT PAKAIAN;0;-;-;2023
2025;15;JAMBI;1571;157106;1504062009;-;SY.RUSNAWATI;PO;14120;KAIN,BENANG;INDUSTRI PAKAIAN JADI;PENJAHIT PAKAIAN;0;-;-;2023
2026;15;JAMBI;1571;157106;1504062009;-;MARLENA;PO;14120;KAIN,BENANG;INDUSTRI PAKAIAN JADI;PENJAHIT PAKAIAN;0;-;-;2023
2027;15;JAMBI;1571;157106;1504062009;-;NUR AINI;PO;14120;KAIN,BENANG;INDUSTRI PAKAIAN JADI;PENJAHIT PAKAIAN;0;-;-;2023
2028;15;JAMBI;1571;157106;1504062009;-;ASMARANI;PO;14120;KAIN,BENANG;INDUSTRI PAKAIAN JADI;PENJAHIT PAKAIAN;0;-;-;2023
2029;15;JAMBI;1571;157106;1504062009;-;NURJAMILAH;PO;14120;KAIN,BENANG;INDUSTRI PAKAIAN JADI;PENJAHIT PAKAIAN;0;-;-;2023
2030;15;JAMBI;1571;157106;1504062009;-;KUTSIAH;PO;14120;KAIN,BENANG;INDUSTRI PAKAIAN JADI;PENJAHIT PAKAIAN;0;-;-;2023
2031;15;JAMBI;1571;157106;1504062009;-;PAIJAH;PO;14120;KAIN,BENANG;INDUSTRI PAKAIAN JADI;PENJAHIT PAKAIAN;0;-;-;2023
2032;15;JAMBI;1571;157106;1504062009;-;SARINAM;PO;14120;KAIN,BENANG;INDUSTRI PAKAIAN JADI;PENJAHIT PAKAIAN;0;-;-;2023
2033;15;JAMBI;1571;157106;1571061005;-;HJ.FATIMAH;PO;14120;KAIN,BENANG;INDUSTRI PAKAIAN JADI;PENJAHIT PAKAIAN;0;-;-;2023
2034;15;JAMBI;1571;157106;1571061005;-;FAJERIA;PO;14120;KAIN,BENANG;INDUSTRI PAKAIAN JADI;PENJAHIT PAKAIAN;0;-;-;2023
2035;15;JAMBI;1571;157106;1571061005;-;RUMLAH;PO;14120;KAIN,BENANG;INDUSTRI PAKAIAN JADI;PENJAHIT PAKAIAN;0;-;-;2023
2036;15;JAMBI;1571;157106;1571061005;-;PAUZIAH;PO;14120;KAIN,BENANG;INDUSTRI PAKAIAN JADI;PENJAHIT PAKAIAN;0;-;-;2023
2037;15;JAMBI;1571;157106;1571061005;-;NYIMAS SITI PADHILA;PO;14120;KAIN,BENANG;INDUSTRI PAKAIAN JADI;PENJAHIT PAKAIAN;0;-;-;2023
2038;15;JAMBI;1571;157106;1571061005;-;SYARINI;PO;14120;KAIN,BENANG;INDUSTRI PAKAIAN JADI;PENJAHIT PAKAIAN;0;-;-;2023
2039;15;JAMBI;1571;157106;1571061005;-;HALIMATUSSAKDIA;PO;14120;KAIN,BENANG;INDUSTRI PAKAIAN JADI;PENJAHIT PAKAIAN;0;-;-;2023
2040;15;JAMBI;1571;157106;1571061005;-;FITRIANI;PO;14120;KAIN,BENANG;INDUSTRI PAKAIAN JADI;PENJAHIT PAKAIAN;0;-;-;2023
2041;15;JAMBI;1571;157106;1571061005;-;NASRIYATI;PO;14120;KAIN,BENANG;INDUSTRI PAKAIAN JADI;PENJAHIT PAKAIAN;0;-;-;2023
2042;15;JAMBI;1571;157106;1571061005;-;JAMALUDDIN;PO;14120;KAIN,BENANG;INDUSTRI PAKAIAN JADI;PENJAHIT PAKAIAN;0;-;-;2023
2043;15;JAMBI;1571;157106;1571061005;-;ASNIWATI;PO;14120;KAIN,BENANG;INDUSTRI PAKAIAN JADI;PENJAHIT PAKAIAN;0;-;-;2023
2044;15;JAMBI;1571;157106;1571061004;-;SYAIFUDIN;PO;14120;KAIN,BENANG;INDUSTRI PAKAIAN JADI;PENJAHIT PAKAIAN;0;-;-;2023
2045;15;JAMBI;1571;157106;1571061004;-;KMS. REZA;PO;14120;KAIN,BENANG;INDUSTRI PAKAIAN JADI;PENJAHIT PAKAIAN;0;-;-;2023
2046;15;JAMBI;1571;157106;1571061004;-;WIDYA NINGSIH;PO;14120;KAIN,BENANG;INDUSTRI PAKAIAN JADI;PENJAHIT PAKAIAN;0;-;-;2023
2047;15;JAMBI;1571;157106;1571061004;-;DETI INDRIYANI;PO;14120;KAIN,BENANG;INDUSTRI PAKAIAN JADI;PENJAHIT PAKAIAN;0;-;-;2023
2048;15;JAMBI;1571;157106;1571061004;-;MERI SUSANTI;PO;14120;KAIN,BENANG;INDUSTRI PAKAIAN JADI;PENJAHIT PAKAIAN;0;-;-;2023
2049;15;JAMBI;1571;157106;1571061004;-;EKA SRI NITAMI;PO;14120;KAIN,BENANG;INDUSTRI PAKAIAN JADI;PENJAHIT PAKAIAN;0;-;-;2023
2050;15;JAMBI;1571;157106;1571061004;-;JUSWANI;PO;14120;KAIN,BENANG;INDUSTRI PAKAIAN JADI;PENJAHIT PAKAIAN;0;-;-;2023
2051;15;JAMBI;1571;157106;1571061004;-;YUSNITA HARTATI;PO;14120;KAIN,BENANG;INDUSTRI PAKAIAN JADI;PENJAHIT PAKAIAN;0;-;-;2023
2052;15;JAMBI;1571;157106;1571061004;-;INDRIYANI;PO;14120;KAIN,BENANG;INDUSTRI PAKAIAN JADI;PENJAHIT PAKAIAN;0;-;-;2023
2053;15;JAMBI;1571;157106;1571061004;-;SUMIATI;PO;14120;KAIN,BENANG;INDUSTRI PAKAIAN JADI;PENJAHIT PAKAIAN;0;-;-;2023
2054;15;JAMBI;1571;157106;1571061004;-;NYIMAS YUHELTI;PO;14120;KAIN,BENANG;INDUSTRI PAKAIAN JADI;PENJAHIT PAKAIAN;0;-;-;2023
2055;15;JAMBI;1571;157106;1571061004;-;NOVA RIJA;PO;14120;KAIN,BENANG;INDUSTRI PAKAIAN JADI;PENJAHIT PAKAIAN;0;-;-;2023
2056;15;JAMBI;1571;157106;1571061004;-;RTS.YESI SURYANI;PO;14120;KAIN,BENANG;INDUSTRI PAKAIAN JADI;PENJAHIT PAKAIAN;0;-;-;2023
2057;15;JAMBI;1571;157106;1571061004;-;LILY SURYANI;PO;14120;KAIN,BENANG;INDUSTRI PAKAIAN JADI;PENJAHIT PAKAIAN;0;-;-;2023
2058;15;JAMBI;1571;157106;1571061004;-;RTS.MURSILA;PO;14120;KAIN,BENANG;INDUSTRI PAKAIAN JADI;PENJAHIT PAKAIAN;0;-;-;2023
2059;15;JAMBI;1571;157106;1571061004;-;RTS.MARLENI;PO;14120;KAIN,BENANG;INDUSTRI PAKAIAN JADI;PENJAHIT PAKAIAN;0;-;-;2023
2060;15;JAMBI;1571;157106;1571061004;-;ROBIATUL ADAWIYAH;PO;14120;KAIN,BENANG;INDUSTRI PAKAIAN JADI;PENJAHIT PAKAIAN;0;-;-;2023
2061;15;JAMBI;1571;157106;1571061004;-;BUNGA WULANSARI;PO;14120;KAIN,BENANG;INDUSTRI PAKAIAN JADI;PENJAHIT PAKAIAN;0;-;-;2023
2062;15;JAMBI;1571;157102;1571021006;-;MAHYUDIN;PO;14120;KAIN, BENANG;INDUSTRI PAKAIAN JADI;PENJAHIT PAKAIAN;0;-;-;2023
2063;15;JAMBI;1571;157102;1571021006;-;M.ARMEN;PO;14120;KAIN, BENANG;INDUSTRI PAKAIAN JADI;PENJAHIT PAKAIAN;0;-;-;2023
2064;15;JAMBI;1571;157102;1571031004;PENJAHIT ZULKARNAIN;ZULKARNAIN;PO;14120;KAIN, BENANG;INDUSTRI PAKAIAN JADI;PENJAHIT PAKAIAN;0;-;-;2023
2065;15;JAMBI;1571;157102;1571021006;ROKIBA;ROKIBA HARAHAP;PO;14120;KAIN, BENANG;INDUSTRI PAKAIAN JADI;PENJAHIT PAKAIAN;0;-;-;2023
2066;15;JAMBI;1571;157102;1571021006;-;AMBRIL;PO;14120;KAIN, BENANG;INDUSTRI PAKAIAN JADI;PENJAHIT PAKAIAN;0;-;-;2023
2067;15;JAMBI;1571;157102;1571021005;PENJAHIT ZAHIRA;JUAIRIYAH;PO;14120;KAIN, BENANG;INDUSTRI PAKAIAN JADI;PENJAHIT PAKAIAN;0;-;-;2023
2068;15;JAMBI;1571;157102;1571021005;OLI TAILOR;TAUFIK HIDAYAT;PO;14120;KAIN, BENANG;INDUSTRI PAKAIAN JADI;PENJAHIT PAKAIAN;0;-;-;2023
2069;15;JAMBI;1571;157103;1571031001;PEMBUATAN GORDEN;RAHMAT;PO;14120;KAIN, BENANG;INDUSTRI PAKAIAN JADI;PENJAHIT PAKAIAN;0;-;-;2023
2070;15;JAMBI;1571;157103;1571031001;PENJAHIT;UMI KALSUM;PO;14120;KAIN, BENANG;INDUSTRI PAKAIAN JADI;PENJAHIT PAKAIAN;0;-;-;2023
2071;15;JAMBI;1571;157103;1571031001;PENJAHIT;NOPI;PO;14120;KAIN, BENANG;INDUSTRI PAKAIAN JADI;PENJAHIT PAKAIAN;0;-;-;2023
2072;15;JAMBI;1571;157103;1571031003;PENJAHIT;NG TJAIU KIM;PO;14120;KAIN, BENANG;INDUSTRI PAKAIAN JADI;PENJAHIT PAKAIAN;20;STEL;-;2023
2073;15;JAMBI;1571;157103;1571031003;PENJAHIT;SAPRIZAL;PO;14120;KAIN, BENANG;INDUSTRI PAKAIAN JADI;PENJAHIT PAKAIAN;15;STEL;-;2023
2074;15;JAMBI;1571;157103;1571031003;PENJAHIT AA;EDI HARYANTO;PO;14120;KAIN, BENANG;INDUSTRI PAKAIAN JADI;PENJAHIT PAKAIAN;0;-;-;2023
2075;15;JAMBI;1571;157103;1571031003;-;ADE WULANDARI;PO;14120;KAIN, BENANG;INDUSTRI PAKAIAN JADI;PENJAHIT PAKAIAN;0;-;-;2023
2076;15;JAMBI;1571;157103;1571031002;-;SAIR;PO;14120;KAIN, BENANG;INDUSTRI PAKAIAN JADI;PENJAHIT PAKAIAN;0;-;-;2023
2077;15;JAMBI;1571;157108;1571081004;MAMAK ILHAM;HALIMAH;PO;14120;KAIN, BENANG;INDUSTRI PAKAIAN JADI;PENJAHIT PAKAIAN;800;LEMBAR;-;2023
2078;15;JAMBI;1571;157108;1571081006;JAHIT PAKAIAN;SUHENDRA;PO;14120;KAIN, BENANG;INDUSTRI PAKAIAN JADI;PENJAHIT PAKAIAN;0;-;-;2023
2079;15;JAMBI;1571;157108;1571081006;-;YUDI;PO;14120;KAIN, BENANG;INDUSTRI PAKAIAN JADI;PENJAHIT PAKAIAN;1000;STEL;-;2023
2080;15;JAMBI;1571;157108;1571081006;-;ZUDI;PO;14120;KAIN, BENANG;INDUSTRI PAKAIAN JADI;PENJAHIT PAKAIAN;300;STEL;-;2023
2081;15;JAMBI;1571;157108;1571081006;TAS TALI KUR;MARIA ULFA;PO;14120;KAIN, BENANG;INDUSTRI PAKAIAN JADI;PENJAHIT PAKAIAN;20;BUAH;-;2023
2082;15;JAMBI;1571;157108;1571081006;ANANTYTA HANDMADE;RENI;PO;14120;KAIN, BENANG;INDUSTRI PAKAIAN JADI;PENJAHIT PAKAIAN;0;-;-;2023
2083;15;JAMBI;1571;157108;1503092004;FAJAR TAILOR;IRWAN;PO;14120;KAIN, BENANG;INDUSTRI PAKAIAN JADI;PENJAHIT PAKAIAN;0;-;-;2023
2084;15;JAMBI;1571;157108;1503092004;PENJAHIT JUNIYANTI;JUNIYANTI;PO;14120;KAIN, BENANG;INDUSTRI PAKAIAN JADI;PENJAHIT PAKAIAN;0;-;-;2023
2085;15;JAMBI;1571;157108;1571081006;PENJAHIT VIA;HANAFIA;PO;14120;KAIN, BENANG;INDUSTRI PAKAIAN JADI;PENJAHIT PAKAIAN;0;-;-;2023
2086;15;JAMBI;1571;157108;1571081003;PENJAHIT SOMPA;SOMPA;PO;14120;KAIN, BENANG;INDUSTRI PAKAIAN JADI;PENJAHIT PAKAIAN;0;-;-;2023
2087;15;JAMBI;1571;157111;1571111003;MARLIA JAHIT;MARLIA;PO;14120;KAIN,BENANG;INDUSTRI PAKAIAN JADI;PENJAHIT PAKAIAN;0;-;-;2023
2088;15;JAMBI;1571;157111;1571111004;RUMAH JAHIT CHRIS;NETTY SIANTURI;PO;14120;KAIN,BENANG;INDUSTRI PAKAIAN JADI;PENJAHIT PAKAIAN;0;-;-;2023
2089;15;JAMBI;1571;157105;1571051003;-;NURHIKMAH;PO;14120;KAIN, BENANG;INDUSTRI PAKAIAN JADI;PENJAHIT PAKAIAN;0;-;-;2023
2090;15;JAMBI;1571;157105;1571051003;-;MAYSARA;PO;14120;KAIN, BENANG;INDUSTRI PAKAIAN JADI;PENJAHIT PAKAIAN;0;-;-;2023
2091;15;JAMBI;1571;157105;1571051001;-;SY.ROGAYAH;PO;14120;KAIN, BENANG;INDUSTRI PAKAIAN JADI;PENJAHIT PAKAIAN;0;-;-;2023
2092;15;JAMBI;1571;157105;1571051001;-;MULYADI;PO;14120;KAIN, BENANG;INDUSTRI PAKAIAN JADI;PENJAHIT PAKAIAN;0;-;-;2023
2093;15;JAMBI;1571;157105;1571051001;-;MANSYURDIN;PO;14120;KAIN, BENANG;INDUSTRI PAKAIAN JADI;PENJAHIT PAKAIAN;0;-;-;2023
2094;15;JAMBI;1571;157105;1571051001;-;YARMAN;PO;14120;KAIN, BENANG;INDUSTRI PAKAIAN JADI;PENJAHIT PAKAIAN;0;-;-;2023
2095;15;JAMBI;1571;157105;1571051001;-;SITI RAHMA;PO;14120;KAIN, BENANG;INDUSTRI PAKAIAN JADI;PENJAHIT PAKAIAN;0;-;-;2023
2096;15;JAMBI;1571;157105;1571051001;-;ISMA'IL;PO;14120;KAIN, BENANG;INDUSTRI PAKAIAN JADI;PENJAHIT PAKAIAN;0;-;-;2023
2097;15;JAMBI;1571;157105;1571051001;-;AQILA TUNISA;PO;14120;KAIN, BENANG;INDUSTRI PAKAIAN JADI;PENJAHIT PAKAIAN;0;-;-;2023
2098;15;JAMBI;1571;157105;1571051001;-;ZAKIATUL PAHIRI;PO;14120;KAIN, BENANG;INDUSTRI PAKAIAN JADI;PENJAHIT PAKAIAN;0;-;-;2023
2099;15;JAMBI;1571;157105;1571051002;-;ANWAR SADAT;PO;14120;KAIN, BENANG;INDUSTRI PAKAIAN JADI;PENJAHIT PAKAIAN;0;-;-;2023
2100;15;JAMBI;1571;157105;1571051002;-;NURHAYATUN;PO;14120;KAIN, BENANG;INDUSTRI PAKAIAN JADI;PENJAHIT PAKAIAN;0;-;-;2023
2101;15;JAMBI;1571;157105;1571051002;-;JOKO WALUYO;PO;14120;KAIN, BENANG;INDUSTRI PAKAIAN JADI;PENJAHIT PAKAIAN;0;-;-;2023
2102;15;JAMBI;1571;157105;1571051002;-;JUARIYAH;PO;14120;KAIN, BENANG;INDUSTRI PAKAIAN JADI;PENJAHIT PAKAIAN;0;-;-;2023
2103;15;JAMBI;1571;157105;1571051002;-;USNIA;PO;14120;KAIN, BENANG;INDUSTRI PAKAIAN JADI;PENJAHIT PAKAIAN;0;-;-;2023
2104;15;JAMBI;1571;157105;1571051005;-;AULIA;PO;14120;KAIN, BENANG;INDUSTRI PAKAIAN JADI;PENJAHIT PAKAIAN;0;-;-;2023
2105;15;JAMBI;1571;157105;1571051005;-;MUSTIKA;PO;14120;KAIN, BENANG;INDUSTRI PAKAIAN JADI;PENJAHIT PAKAIAN;0;-;-;2023
2106;15;JAMBI;1571;157105;1571051005;-;RAZI;PO;14120;KAIN, BENANG;INDUSTRI PAKAIAN JADI;PENJAHIT PAKAIAN;0;-;-;2023
2107;15;JAMBI;1571;157105;1571051005;-;MARYATI;PO;14120;KAIN, BENANG;INDUSTRI PAKAIAN JADI;PENJAHIT PAKAIAN;0;-;-;2023
2108;15;JAMBI;1571;157105;1571051005;-;HASANAH;PO;14120;KAIN, BENANG;INDUSTRI PAKAIAN JADI;PENJAHIT PAKAIAN;0;-;-;2023
2109;15;JAMBI;1571;157105;1571051005;-;A.SYARGAWI;PO;14120;KAIN, BENANG;INDUSTRI PAKAIAN JADI;PENJAHIT PAKAIAN;0;-;-;2023
2110;15;JAMBI;1571;157105;1571051005;-;ANISAH;PO;14120;KAIN, BENANG;INDUSTRI PAKAIAN JADI;PENJAHIT PAKAIAN;0;-;-;2023
2111;15;JAMBI;1571;157105;1571051005;-;RATNA;PO;14120;KAIN, BENANG;INDUSTRI PAKAIAN JADI;PENJAHIT PAKAIAN;0;-;-;2023
2112;15;JAMBI;1571;157105;1571051005;-;SUZANNA;PO;14120;KAIN, BENANG;INDUSTRI PAKAIAN JADI;PENJAHIT PAKAIAN;0;-;-;2023
2113;15;JAMBI;1571;157105;1571051005;-;ESAH;PO;14120;KAIN, BENANG;INDUSTRI PAKAIAN JADI;PENJAHIT PAKAIAN;0;-;-;2023
2114;15;JAMBI;1571;157105;1571051005;-;ALIYUDIN;PO;14120;KAIN, BENANG;INDUSTRI PAKAIAN JADI;PENJAHIT PAKAIAN;0;-;-;2023
2115;15;JAMBI;1571;157101;1571011001;-;KASBINA;PO;14120;KAIN,BENANG;INDUSTRI PAKAIAN JADI;PENJAHIT PAKAIAN;0;-;-;2023
2116;15;JAMBI;1571;157109;1507112005;PENJAHIT ZAL;AFRIZAL;PO;14120;KAIN,BENANG;INDUSTRI PAKAIAN JADI;PENJAHIT PAKAIAN;0;-;-;2023
2117;15;JAMBI;1571;157109;1507112005;PENJAHIT IKA;IKA ARIESANTY;PO;14120;KAIN,BENANG;INDUSTRI PAKAIAN JADI;PENJAHIT PAKAIAN;0;-;-;2023
2118;15;JAMBI;1571;157109;1507112005;PENJAHIT ERLIATI;ERLIATI;PO;14120;KAIN,BENANG;INDUSTRI PAKAIAN JADI;PENJAHIT PAKAIAN;0;-;-;2023
2119;15;JAMBI;1571;157109;1507112005;PENJAHIT MIMI;NURMIATI;PO;14120;KAIN,BENANG;INDUSTRI PAKAIAN JADI;PENJAHIT PAKAIAN;0;-;-;2023
2120;15;JAMBI;1571;157104;0;-;TARMIZI;PO;14120;KAIN, BENANG;INDUSTRI PAKAIAN JADI;PENJAHIT PAKAIAN;0;-;-;2023
2121;15;JAMBI;1571;157105;1571051005;-;UMRIYATUN;PO;14120;KAIN, BENANG;INDUSTRI PAKAIAN JADI;PENJAHIT PAKAIAN;0;-;-;2023
2122;15;JAMBI;1571;157105;1571051005;-;UMIYATI;PO;14120;KAIN, BENANG;INDUSTRI PAKAIAN JADI;PENJAHIT PAKAIAN;0;-;-;2023
2123;15;JAMBI;1571;157105;1571051005;-;NAZIFAN;PO;14120;KAIN, BENANG;INDUSTRI PAKAIAN JADI;PENJAHIT PAKAIAN;0;-;-;2023
2124;15;JAMBI;1571;157105;1571051005;-;INDAH MULYA;PO;14120;KAIN, BENANG;INDUSTRI PAKAIAN JADI;PENJAHIT PAKAIAN;0;-;-;2023
2125;15;JAMBI;1571;157105;1571051005;-;ALI YUDIN;PO;14120;KAIN, BENANG;INDUSTRI PAKAIAN JADI;PENJAHIT PAKAIAN;0;-;-;2023
2126;15;JAMBI;1571;157105;1571051005;-;AYUS ARISTA;PO;14120;KAIN, BENANG;INDUSTRI PAKAIAN JADI;PENJAHIT PAKAIAN;0;-;-;2023
2127;15;JAMBI;1571;157105;1571051005;-;ELWANI;PO;14120;KAIN, BENANG;INDUSTRI PAKAIAN JADI;PENJAHIT PAKAIAN;0;-;-;2023
2128;15;JAMBI;1571;157105;1571051002;-;SUYATINI;PO;14120;KAIN, BENANG;INDUSTRI PAKAIAN JADI;PENJAHIT PAKAIAN;0;-;-;2023
2129;15;JAMBI;1571;157105;1571051006;-;HIMNA;PO;14120;KAIN, BENANG;INDUSTRI PAKAIAN JADI;PENJAHIT PAKAIAN;0;-;-;2023
2130;15;JAMBI;1571;157105;1571051006;-;NILAWATI;PO;14120;KAIN, BENANG;INDUSTRI PAKAIAN JADI;PENJAHIT PAKAIAN;0;-;-;2023
2131;15;JAMBI;1571;157105;1571051004;-;KHOIRIAH;PO;14120;KAIN, BENANG;INDUSTRI PAKAIAN JADI;PENJAHIT PAKAIAN;0;-;-;2023
2132;15;JAMBI;1571;157105;1571051005;-;SITI MARDIAH;PO;14120;KAIN, BENANG;INDUSTRI PAKAIAN JADI;PENJAHIT PAKAIAN;0;-;-;2023
2133;15;JAMBI;1571;157109;1571091001;RISMI COLLECTION BORDIR DAN JAHIT;RISMI ANGGRAINI;PO;14302;KAIN;INDUSTRI PAKAIAN JADI;BORDIR;550;LEMBAR;-;2023
2134;15;JAMBI;1571;157109;1571091003;JAHIT DAN BORDIR;ENI SURYANTI;PO;14302;KAIN;INDUSTRI PAKAIAN JADI;BORDIR;550;LEMBAR;-;2023
2135;15;JAMBI;1571;157103;1505102009;JAHIT DAN BORDIR;SRI SUMARSIH;PO;14302;KAIN;INDUSTRI PAKAIAN JADI;BORDIR;550;LEMBAR;-;2023
2136;15;JAMBI;1571;157108;1503092004;-;SAIRAH;PO;14302;KAIN;INDUSTRI PAKAIAN JADI;BORDIR;550;LEMBAR;-;2023
2137;15;JAMBI;1571;157108;1503092004;-;ERITA;PO;14302;KAIN;INDUSTRI PAKAIAN JADI;BORDIR;550;LEMBAR;-;2023
2138;15;JAMBI;1571;157105;1571051002;JAHIT DAN BORDIR;PUSPITA MAYA SARI;PO;14302;KAIN;INDUSTRI PAKAIAN JADI;BORDIR;550;LEMBAR;-;2023
2139;15;JAMBI;1571;157105;1571051006;ALIYAH;ALIYAH;PO;14302;KAIN;INDUSTRI PAKAIAN JADI;BORDIR;550;LEMBAR;-;2023
2140;15;JAMBI;1571;157105;1571051004;-;HELMIAH;PO;14302;KAIN;INDUSTRI PAKAIAN JADI;BORDIR;550;LEMBAR;-;2023
2141;15;JAMBI;1571;157107;1571071001;SMS BERSAUDARA;RISKA DIANA;PO;15201;KAIN;INDUSTRI KULIT, BARANG DARI KULIT DAN ALAS KAKI;ALAS KAKI;198000;BH;-;2023
2142;15;JAMBI;1571;157109;1571091001;AGUNG ASSESORIS;SANTI SAPHIRA;PO;16293;-;INDUSTRI KAYU, BARANG ANYAMAN DARI BAMBU, ROTAN DAN SEJENISNYA;ASESORIS;0;-;-;2023
2143;15;JAMBI;1571;157109;1571091001;PENJAHIT IBU EGY;WINARNI;PO;14120;KAIN,BENANG;INDUSTRI PAKAIAN JADI;PENJAHIT PAKAIAN;0;-;-;2023
2144;15;JAMBI;1571;157109;1571091005;DOSMA TAILOR;DOSMA TAILOR;PO;14120;KAIN,BENANG;INDUSTRI PAKAIAN JADI;PAKAIAN JADI;0;-;-;2023
2145;15;JAMBI;1571;157106;1571061004;RUMAH JAHIT VIVI;SILVIAH;PO;14120;KAIN,BENANG;INDUSTRI PAKAIAN JADI;PENJAHIT;0;-;-;2023
2146;15;JAMBI;1571;157106;1571061004;-;EVI DELVI YANI;PO;13912;KAIN,BENANG;INDUSTRI TEKSTIL;SULAMAN BENANG EMAS;0;-;-;2023
2147;15;JAMBI;1571;157106;1571061004;-;NUR ADHA JANNAH;PO;13912;KAIN,BENANG;INDUSTRI TEKSTIL;SULAMAN BENANG EMAS;0;-;-;2023
2148;15;JAMBI;1571;157106;1571061004;-;RAMZIA;PO;13912;KAIN,BENANG;INDUSTRI TEKSTIL;SULAMAN BENANG EMAS;0;-;-;2023
2149;15;JAMBI;1571;157106;1571061004;-;APRIANA;PO;13912;KAIN,BENANG;INDUSTRI TEKSTIL;SULAMAN BENANG EMAS;0;-;-;2023
2150;15;JAMBI;1571;157106;1571061004;-;NURUL BASIROH;PO;13912;KAIN,BENANG;INDUSTRI TEKSTIL;SULAMAN BENANG EMAS;0;-;-;2023
2151;15;JAMBI;1571;157106;1571061004;-;MURYANI;PO;13912;KAIN,BENANG;INDUSTRI TEKSTIL;SULAMAN BENANG EMAS;0;-;-;2023
2152;15;JAMBI;1571;157106;1571061004;-;NURLIZZAH;PO;13912;KAIN,BENANG;INDUSTRI TEKSTIL;SULAMAN BENANG EMAS;0;-;-;2023
2153;15;JAMBI;1571;157106;1571061004;-;HELMIAH;PO;13912;KAIN,BENANG;INDUSTRI TEKSTIL;SULAMAN BENANG EMAS;0;-;-;2023
2154;15;JAMBI;1571;157106;1571061004;PENJAHIT BAROKAH;MIRA WANA;PO;14120;KAIN,BENANG;INDUSTRI PAKAIAN JADI;PENJAHIT;0;-;-;2023
2155;15;JAMBI;1571;157106;1571061004;PENJAHIT BAROKAH;AINA;PO;14120;KAIN,BENANG;INDUSTRI PAKAIAN JADI;PENJAHIT;0;-;-;2023
2156;15;JAMBI;1571;157106;1571061004;PENJAHIT BAROKAH;LISA ULFAH;PO;14120;KAIN,BENANG;INDUSTRI PAKAIAN JADI;PENJAHIT;0;-;-;2023
2157;15;JAMBI;1571;157106;1571061004;SEKAPUR SIRIH;NYS. KOMALA DEWI;PO;13912;KAIN,BENANG;INDUSTRI TEKSTIL;SULAMAN BENANG EMAS;0;-;-;2023
2158;15;JAMBI;1571;157106;1571061004;SEKAPUR SIRIH;NYIMAS YUSNAWATI;PO;13912;KAIN,BENANG;INDUSTRI TEKSTIL;SULAMAN BENANG EMAS;0;-;-;2023
2159;15;JAMBI;1571;157106;1571061004;SEKAPUR SIRIH;KHORANI;PO;13912;KAIN,BENANG;INDUSTRI TEKSTIL;SULAMAN BENANG EMAS;0;-;-;2023
2160;15;JAMBI;1571;157106;1571061004;SEKAPUR SIRIH;HILDAYANI;PO;13912;KAIN,BENANG;INDUSTRI TEKSTIL;SULAMAN BENANG EMAS;0;-;-;2023
2161;15;JAMBI;1571;157106;1571061004;SEKAPUR SIRIH;HALIMAH TUSSA'DAH;PO;13912;KAIN,BENANG;INDUSTRI TEKSTIL;SULAMAN BENANG EMAS;0;-;-;2023
2162;15;JAMBI;1571;157106;1571061004;SEKAPUR SIRIH;NYIMAS YESI MAIRANI;PO;13912;KAIN,BENANG;INDUSTRI TEKSTIL;SULAMAN BENANG EMAS;0;-;-;2023
2163;15;JAMBI;1571;157106;1571061004;SEKAPUR SIRIH;NYIMAS PATIMAH;PO;13912;KAIN,BENANG;INDUSTRI TEKSTIL;SULAMAN BENANG EMAS;0;-;-;2023
2164;15;JAMBI;1571;157106;1571061004;SEKAPUR SIRIH;ELNI KARLINA;PO;13912;KAIN,BENANG;INDUSTRI TEKSTIL;SULAMAN BENANG EMAS;0;-;-;2023
2165;15;JAMBI;1571;157106;1571061004;SEKAPUR SIRIH;ASIA AFRIKAWATI;PO;13912;KAIN,BENANG;INDUSTRI TEKSTIL;SULAMAN BENANG EMAS;0;-;-;2023
2166;15;JAMBI;1571;157103;1571031003;PENJAHIT ARIF;JIL ZIKRI;PO;14120;KAIN, BENANG;INDUSTRI PAKAIAN JADI;PENJAHIT;0;-;-;2023
2167;15;JAMBI;1571;157103;1571031010;PENJAHIT YANTI;YANTI KUSMIYATI;PO;14120;KAIN, BENANG;INDUSTRI PAKAIAN JADI;PENJAHIT PAKAIAN;0;-;-;2023
2168;15;JAMBI;1571;157108;1571081007;BERLIAN PAYET;NYIMAS YANTI;PO;14120;KAIN, BENANG;INDUSTRI PAKAIAN JADI;PENJAHIT;0;-;-;2023
2169;15;JAMBI;1571;157104;1571041001;ABY COLLECTION;HENRIZAL;PO;14111;KAIN, BENANG;INDUSTRI PAKAIAN JADI;PENJAHIT;0;-;-;2023
2170;15;JAMBI;1571;157101;1571011011;PENJAHIT TIGA PUTRI;DASMALA;PO;14120;KAIN, BENANG;INDUSTRI PAKAIAN JADI;PENJAHIT;0;-;-;2023
2171;15;JAMBI;1571;157101;1571011011;BUSANA CUSTEM ALIFA;RINI SELIANI;PO;14120;KAIN, BENANG;INDUSTRI PAKAIAN JADI;PENJAHIT;0;-;-;2023
2172;15;JAMBI;1571;157101;1571011004;PENJAHIT HAMNA;HAMSIAH;PO;14120;KAIN, BENANG;INDUSTRI PAKAIAN JADI;PENJAHIT;0;-;-;2023
2173;15;JAMBI;1571;157101;1571011011;PENJAHIT BU ROS;ROSMINI;PO;14120;KAIN, BENANG;INDUSTRI PAKAIAN JADI;PENJAHIT;0;-;-;2023
2174;15;JAMBI;1571;157101;1571011011;ANGKASA;HARNI;PO;14120;KAIN, BENANG;INDUSTRI PAKAIAN JADI;PENJAHIT KAIN PERCA;0;-;-;2023
2175;15;JAMBI;1571;157101;1571011010;VOLOU STUDIO;VINA MAYANG SARI;PO;14120;KAIN, BENANG;INDUSTRI PAKAIAN JADI;PENJAHIT PAKAIAN;0;-;-;2023
2176;15;JAMBI;1571;157101;1571011010;CAHAYA;CAHAYA;PO;14120;KAIN, BENANG;INDUSTRI PAKAIAN JADI;PENJAHIT;0;-;-;2023
2177;15;JAMBI;1571;157110;0;PENJAHIT KARIN;KARINA MIRANDA;PO;14120;KAIN, BENANG;INDUSTRI PAKAIAN JADI;PENJAHIT;198000;LEMBAR;-;2023
2178;15;JAMBI;1571;157110;1571101003;RUMAH JAHIT NAYLA;DESI ARYANTI;PO;14120;KAIN, BENANG;INDUSTRI PAKAIAN JADI;PENJAHIT;200.00;LEMBAR;-;2023
2179;15;JAMBI;1571;157110;1571101003;PENJAHIT DIAN;DIAN SARIANTI;PO;14120;KAIN, BENANG;INDUSTRI PAKAIAN JADI;PENJAHIT;1500;LEMBAR;-;2023
2180;15;JAMBI;1571;157110;0;FENI HARIYANTI;FENI HARIYANTI;PO;13122;KAIN TENUN, BENANG;INDUSTRI TEKSTIL;TENUN SONGKET;1500;LEMBAR;-;2023
2181;15;JAMBI;1571;157110;1571101003;AISYAH JAHIT;AISYAH SAPTA NINGSIH;PO;13122;KAIN, BENANG;INDUSTRI TEKSTIL;PENJAHIT;200;LEMBAR;-;2023
2182;15;JAMBI;1571;157110;1571101004;RUMAH JAHIT DEA;SITI FATIMAH;PO;13122;KAIN, BENANG;INDUSTRI TEKSTIL;PENJAHIT;1500;LEMBAR;-;2023
2183;15;JAMBI;1571;157110;1571101004;RUMAH JAHIT DESI;DIANA SARI NOVITA;PO;13122;KAIN, BENANG;INDUSTRI TEKSTIL;PENJAHIT;200;LEMBAR;-;2023
2184;15;JAMBI;1571;157110;1571101004;PENJAHIT NANDA;MISDAWATI;PO;13122;KAIN, BENANG;INDUSTRI TEKSTIL;PENJAHIT;200;LEMBAR;-;2023
2185;15;JAMBI;1571;157110;1571101004;PENJAHIT DEWI;DEWI ANGGRAINI;PO;13122;KAIN, BENANG;INDUSTRI TEKSTIL;PENJAHIT;200;LEMBAR;-;2023
2186;15;JAMBI;1571;157110;1571101004;RUMAH JAHIT MITA;MITA RISABELA;PO;13122;KAIN, BENANG;INDUSTRI TEKSTIL;PENJAHIT;150;LEMBAR;-;2023
2187;15;JAMBI;1571;157110;1571101005;MARYAM JAHIT;DESMA WULANDARI;PO;13122;KAIN, BENANG;INDUSTRI TEKSTIL;PENJAHIT;200;LEMBAR;-;2023
2188;15;JAMBI;1571;157110;1571101005;PENJAHIT ADRIAN;YULYATI;PO;13122;KAIN, BENANG;INDUSTRI TEKSTIL;PENJAHIT;1500;LEMBAR;-;2023
2189;15;JAMBI;1571;157110;1571101001;PENJAHIT AISYAH;PUTRI DEVI SAGITA;PO;13122;KAIN, BENANG;INDUSTRI TEKSTIL;PENJAHIT;1500;LEMBAR;-;2023
2190;15;JAMBI;1571;157110;1571101003;RUMH JAHIT ARNY;GUSMINIARNI DINTI;PO;13122;KAIN, BENANG;INDUSTRI TEKSTIL;PENJAHIT;200;LEMBAR;-;2023
2191;15;JAMBI;1571;157110;1571101005;-;YULYATI;PO;13122;KAIN, BENANG;INDUSTRI TEKSTIL;PENJAHIT;1500;LEMBAR;-;2023
2192;15;JAMBI;1571;157110;1571101005;PENJAHIT ADRIAN;YULYATI;PO;13122;KAIN, BENANG;INDUSTRI TEKSTIL;PENJAHIT;1500;LEMBAR;-;2023
2193;15;JAMBI;1571;157110;1571101005;PENJAHIT ADRIAN;YULYATI;PO;13122;KAIN, BENANG;INDUSTRI TEKSTIL;PENJAHIT;1500;LEMBAR;-;2023
2194;15;JAMBI;1571;157110;1571101005;PENJAHIT ADRIAN;YULYATI;PO;13122;KAIN, BENANG;INDUSTRI TEKSTIL;PENJAHIT;1500;LEMBAR;-;2023
2195;15;JAMBI;1571;157111;1571111001;-;CRISTIANA HOSIANA GULTOM;PO;14111;KAIN;INDUSTRI PAKAIAN JADI;PAKAIAN;198000;LEMBAR;-;2023
2196;15;JAMBI;1571;157111;1571111001;-;RIENAWATI;PO;14120;KAIN,BENANG;INDUSTRI PAKAIAN JADI;PENJAHIT;50000;LEMBAR;-;2023
2197;15;JAMBI;1571;157111;1571111005;-;ITA SHOLIHANA;PO;14120;KAIN,BENANG;INDUSTRI PAKAIAN JADI;PENJAHIT;200000;LEMBAR;-;2023
2198;15;JAMBI;1571;157111;1571111001;-;LENA MARDIANA;PO;14120;KAIN,BENANG;INDUSTRI PAKAIAN JADI;PENJAHIT;15000;LEMBAR;-;2023
2199;15;JAMBI;1571;157111;1571111001;-;INDO AKE;PO;14120;KAIN,BENANG;INDUSTRI PAKAIAN JADI;PENJAHIT;15000;LEMBAR;-;2023
2200;15;JAMBI;1571;157111;1571111005;-;LAMENNAG;PO;14120;KAIN,BENANG;INDUSTRI PAKAIAN JADI;PENJAHIT;15000;LEMBAR;-;2023
2201;15;JAMBI;1571;157111;1571111005;-;M.LATIF;PO;14120;KAIN,BENANG;INDUSTRI PAKAIAN JADI;PENJAHIT;150000;LEMBAR;-;2023
2202;15;JAMBI;1571;157111;1571111001;-;ZULKIFLI;PO;14120;KAIN,BENANG;INDUSTRI PAKAIAN JADI;PENJAHIT;12000;LEMBAR;-;2023
2203;15;JAMBI;1571;157111;1571111005;-;AWIAN JULI;PO;14120;KAIN,BENANG;INDUSTRI PAKAIAN JADI;PENJAHIT;150000;LEMBAR;-;2023
2204;15;JAMBI;1571;157111;1571111003;-;JONI;PO;14120;KAIN,BENANG;INDUSTRI PAKAIAN JADI;PENJAHIT;12000;LEMBAR;-;2023
2205;15;JAMBI;1571;157111;1571111003;-;ADELA PUTRI IRAWAN;PO;14120;KAIN,BENANG;INDUSTRI PAKAIAN JADI;PENJAHIT;15000;LEMBAR;-;2023
2206;15;JAMBI;1571;157111;1571111004;-;RISAL;PO;14120;KAIN,BENANG;INDUSTRI PAKAIAN JADI;PENJAHIT;2000;LEMBAR;-;2023
2207;15;JAMBI;1571;157111;1571111001;-;HERNITA NIRWANA .S;PO;14120;KAIN,BENANG;INDUSTRI PAKAIAN JADI;PENJAHIT;2000;LEMBAR;-;2023
2208;15;JAMBI;1571;157111;1571111005;-;MAYERNI MANIK;PO;14120;KAIN,BENANG;INDUSTRI PAKAIAN JADI;PENJAHIT;2000;LEMBAR;-;2023
2209;15;JAMBI;1571;157111;1571111004;-;RISAL;PO;14120;KAIN,BENANG;INDUSTRI PAKAIAN JADI;PENJAHIT;2000;LEMBAR;-;2023
2210;15;JAMBI;1571;157111;1571111004;-;RISAL;PO;14120;KAIN,BENANG;INDUSTRI PAKAIAN JADI;PENJAHIT;2000;LEMBAR;-;2023
2211;15;JAMBI;1571;157111;1571111004;-;RISAL;PO;14120;KAIN,BENANG;INDUSTRI PAKAIAN JADI;PENJAHIT;2000;LEMBAR;-;2023
2212;15;JAMBI;1571;157109;1571091005;AISYAH PHOTO COPY;MAYZZA AQMARINA JASMI;PO;18120;LOGAM,BESI;INDUSTRI PENCETAKAN DAN REPRODUKSI MEDIA REKAMAN;FOTOCOPY;0;-;-;2023
2213;15;JAMBI;1571;157109;0;KARMAN;KARMAN;PO;25112;BESI, LOGAM;INDUSTRI BARANG LOGAM, BUKAN MESIN DAN PERALATANNYA;BARANG DARI ALUMUNIUM;450;UNIT;-;2023
2214;15;JAMBI;1571;157104;0;JHONI;JHONI;PO;25112;BESI, LOGAM;INDUSTRI BARANG LOGAM, BUKAN MESIN DAN PERALATANNYA;BARANG DARI ALUMUNIUM;900;UNIT;-;2023
2215;15;JAMBI;1571;157104;0;DHARMA;DHARMA;PO;25112;BESI, LOGAM;INDUSTRI BARANG LOGAM, BUKAN MESIN DAN PERALATANNYA;BARANG DARI ALUMUNIUM;500;UNIT;-;2023
2216;15;JAMBI;1571;157109;0;ELEKTRA;WAHYU WAHYUDI;PO;25112;BESI, LOGAM;INDUSTRI BARANG LOGAM, BUKAN MESIN DAN PERALATANNYA;BARANG DARI ALUMUNIUM;900;UNIT;-;2023
2217;15;JAMBI;1571;157110;1571101002;KURNIA ALUMUNIUM;ABUN WAHYU SETIAWAN;CV;25112;BESI, LOGAM;INDUSTRI BARANG LOGAM, BUKAN MESIN DAN PERALATANNYA;BARANG DARI ALUMUNIUM;1500;UNIT;-;2023
2218;15;JAMBI;1571;157102;1571021004;RUDY;RUDY GUNAWAN;PO;25112;BESI, LOGAM;INDUSTRI BARANG LOGAM, BUKAN MESIN DAN PERALATANNYA;BARANG DARI ALUMUNIUM;450;UNIT;-;2023
2219;15;JAMBI;1571;157103;1571031005;HARTONO;HARTONO;PO;25112;BESI, LOGAM;INDUSTRI BARANG LOGAM, BUKAN MESIN DAN PERALATANNYA;BARANG DARI ALUMUNIUM;500;UNIT;-;2023
2220;15;JAMBI;1571;157103;1571031010;SUMBER ABADI;ALEXANDER THAN;PO;25112;BESI, LOGAM;INDUSTRI BARANG LOGAM, BUKAN MESIN DAN PERALATANNYA;BARANG DARI ALUMUNIUM;14;UNIT;-;2023
2221;15;JAMBI;1571;157108;1571081006;KARYA JAYA;KENDRI W;PO;25112;BESI, LOGAM;INDUSTRI BARANG LOGAM, BUKAN MESIN DAN PERALATANNYA;BARANG DARI ALUMUNIUM;900;UNIT;-;2023
2222;15;JAMBI;1571;157108;1571081006;SINAR TIRTA;M. NURUL IMAN;PO;25112;KACA LOGAM;INDUSTRI BARANG LOGAM, BUKAN MESIN DAN PERALATANNYA;PERABOT DARI ALUMUNIUM;24;UNIT;-;2023
2223;15;JAMBI;1571;157104;1571041004;SINAR JAYA;-;CV;25112;BESI, LOGAM;INDUSTRI BARANG LOGAM, BUKAN MESIN DAN PERALATANNYA;BARANG DARI ALUMUNIUM;900;UNIT;-;2023
2224;15;JAMBI;1571;157105;1571051002;SUROTO;AL HADAD;CV;25112;BESI, LOGAM;INDUSTRI BARANG LOGAM, BUKAN MESIN DAN PERALATANNYA;BARANG DARI ALUMUNIUM;2160;UNIT;-;2023
2225;15;JAMBI;1571;157101;1571011001;YUSUF;YUSUF WIJAYA;PO;25112;BESI, LOGAM;INDUSTRI BARANG LOGAM, BUKAN MESIN DAN PERALATANNYA;BARANG DARI ALUMUNIUM;450;UNIT;-;2023
2226;15;JAMBI;1571;157108;1571081002;PANCI;AHMAD;PO;25112;LOGAM ALUMUNIUM;INDUSTRI BARANG LOGAM, BUKAN MESIN DAN PERALATANNYA;PANCI;15000;BH;-;2023
2227;15;JAMBI;1571;157105;1571051002;-;AMINAH;PO;25112;BESI, LOGAM;INDUSTRI BARANG LOGAM, BUKAN MESIN DAN PERALATANNYA;BARANG DARI ALUMUNIUM;0;-;-;2023
2228;15;JAMBI;1571;157102;0;DAYA CIPTA SERVICE;-;PO;25910;JASA LAS DAN BUBUT;INDUSTRI BARANG LOGAM, BUKAN MESIN DAN PERALATANNYA;BENGKEL BUBUT;720;UNIT;-;2023
2229;15;JAMBI;1571;157108;0;AMID DJAYA;-;PO;25910;JASA LAS DAN BUBUT;INDUSTRI BARANG LOGAM, BUKAN MESIN DAN PERALATANNYA;BENGKEL BUBUT;600;UNIT;-;2023
2230;15;JAMBI;1571;157110;0;ALEX;ALEX;PO;25910;JASA LAS DAN BUBUT;INDUSTRI BARANG LOGAM, BUKAN MESIN DAN PERALATANNYA;BENGKEL BUBUT;920;UNIT;-;2023
2231;15;JAMBI;1571;157109;0;TERATAI;-;PO;25910;JASA LAS DAN BUBUT;INDUSTRI BARANG LOGAM, BUKAN MESIN DAN PERALATANNYA;BENGKEL BUBUT;1800;UNIT;-;2023
2232;15;JAMBI;1571;157108;0;AMID DJAYA;-;PO;25910;LOGAM, ELEKTRONIK;INDUSTRI BARANG LOGAM, BUKAN MESIN DAN PERALATANNYA;SERVIS ELEKTRONIK;198000;BH;-;2023
2233;15;JAMBI;1571;157109;1571091001;DAYA CIPTA TEKNIK;ANIWATI WIJAYA;PO;25910;JASA LAS DAN BUBUT;INDUSTRI BARANG LOGAM, BUKAN MESIN DAN PERALATANNYA;BENGKEL BUBUT;4;UNIT;-;2023
2234;15;JAMBI;1571;157102;1571021005;TRI JAYA;-;PO;25910;JASA LAS DAN BUBUT;INDUSTRI BARANG LOGAM, BUKAN MESIN DAN PERALATANNYA;BENGKEL BUBUT;96;UNIT;-;2023
2235;15;JAMBI;1571;157102;1571021006;BINTANG TERANG;-;PO;25910;JASA LAS DAN BUBUT;INDUSTRI BARANG LOGAM, BUKAN MESIN DAN PERALATANNYA;BENGKEL BUBUT;60;UNIT;-;2023
2236;15;JAMBI;1571;157103;1571031010;TIMUR JAYA;-;PO;25910;JASA LAS DAN BUBUT;INDUSTRI BARANG LOGAM, BUKAN MESIN DAN PERALATANNYA;BENGKEL BUBUT;4000;UNIT;-;2023
2237;15;JAMBI;1571;157103;1571031010;COKRO;-;PO;25910;JASA LAS DAN BUBUT;INDUSTRI BARANG LOGAM, BUKAN MESIN DAN PERALATANNYA;BENGKEL BUBUT;720;UNIT;-;2023
2238;15;JAMBI;1571;157103;1571031006;KASANG KARYA;-;PO;25910;JASA LAS DAN BUBUT;INDUSTRI BARANG LOGAM, BUKAN MESIN DAN PERALATANNYA;BENGKEL BUBUT;1800;UNIT;-;2023
2239;15;JAMBI;1571;157103;1571031004;MAJU JAYA;ANNA;PO;25910;JASA LAS DAN BUBUT;INDUSTRI BARANG LOGAM, BUKAN MESIN DAN PERALATANNYA;BENGKEL BUBUT;1800;UNIT;-;2023
2240;15;JAMBI;1571;157103;1571031006;SENTRAL 1 DIESEL;-;PO;25910;JASA LAS DAN BUBUT;INDUSTRI BARANG LOGAM, BUKAN MESIN DAN PERALATANNYA;BENGKEL BUBUT;7200;UNIT;-;2023
2241;15;JAMBI;1571;157103;1571031008;GUNA TEKNIK;-;PO;25910;JASA LAS DAN BUBUT;INDUSTRI BARANG LOGAM, BUKAN MESIN DAN PERALATANNYA;BENGKEL BUBUT;160;UNIT;-;2023
2242;15;JAMBI;1571;157103;1571031006;HARAPAN;-;PO;25910;JASA LAS DAN BUBUT;INDUSTRI BARANG LOGAM, BUKAN MESIN DAN PERALATANNYA;BENGKEL BUBUT;120;UNIT;-;2023
2243;15;JAMBI;1571;157103;1571031005;PANCA TEKNIK;-;PO;25910;JASA LAS DAN BUBUT;INDUSTRI BARANG LOGAM, BUKAN MESIN DAN PERALATANNYA;BENGKEL BUBUT;250;UNIT;-;2023
2244;15;JAMBI;1571;157103;1571031005;USAHA JAYA;-;PO;25910;JASA LAS DAN BUBUT;INDUSTRI BARANG LOGAM, BUKAN MESIN DAN PERALATANNYA;BENGKEL BUBUT;6000;UNIT;-;2023
2245;15;JAMBI;1571;157103;1571031006;PRIMA;-;PO;25910;JASA LAS DAN BUBUT;INDUSTRI BARANG LOGAM, BUKAN MESIN DAN PERALATANNYA;BENGKEL BUBUT;1200;UNIT;-;2023
2246;15;JAMBI;1571;157103;1571031004;KITA BUDIMAN;-;CV;25910;JASA LAS DAN BUBUT;INDUSTRI BARANG LOGAM, BUKAN MESIN DAN PERALATANNYA;BENGKEL BUBUT;1500;UNIT;-;2023
2247;15;JAMBI;1571;157103;1571031003;COKRO;DEDI TRISTIYANTO;PO;25910;JASA LAS DAN BUBUT;INDUSTRI BARANG LOGAM, BUKAN MESIN DAN PERALATANNYA;BENGKEL BUBUT;0;UNIT;-;2023
2248;15;JAMBI;1571;157103;1571031010;KADACI;-;PO;25910;LOGAM, ELEKTRONIK;INDUSTRI BARANG LOGAM, BUKAN MESIN DAN PERALATANNYA;SERVIS ELEKTRONIK;54000;BH;-;2023
2249;15;JAMBI;1571;157108;1571081002;DAYA STEEL;-;PO;25910;JASA LAS DAN BUBUT;INDUSTRI BARANG LOGAM, BUKAN MESIN DAN PERALATANNYA;BENGKEL BUBUT;600;UNIT;-;2023
2250;15;JAMBI;1571;157108;1571081002;CAHAYA HARAPAN;-;PO;25910;JASA LAS DAN BUBUT;INDUSTRI BARANG LOGAM, BUKAN MESIN DAN PERALATANNYA;BENGKEL BUBUT;1000;UNIT;-;2023
2251;15;JAMBI;1571;157108;1571081002;SUNJAYA;SUPARJO;PO;25910;JASA LAS DAN BUBUT;INDUSTRI BARANG LOGAM, BUKAN MESIN DAN PERALATANNYA;BENGKEL BUBUT;144;UNIT;-;2023
2252;15;JAMBI;1571;157108;1571081006;GS TEKNIK;-;PO;25910;JASA LAS DAN BUBUT;INDUSTRI BARANG LOGAM, BUKAN MESIN DAN PERALATANNYA;BENGKEL BUBUT;3600;UNIT;-;2023
2253;15;JAMBI;1571;157108;1571081002;USAHA MAJU JAYA;-;PO;25910;JASA LAS DAN BUBUT;INDUSTRI BARANG LOGAM, BUKAN MESIN DAN PERALATANNYA;BENGKEL BUBUT;960;UNIT;-;2023
2254;15;JAMBI;1571;157108;1571081002;SLAW TEKNIK;-;PO;25910;JASA LAS DAN BUBUT;INDUSTRI BARANG LOGAM, BUKAN MESIN DAN PERALATANNYA;BENGKEL BUBUT;1200;UNIT;-;2023
2255;15;JAMBI;1571;157108;1571081002;BAJA TEKNIK;-;PO;25910;JASA LAS DAN BUBUT;INDUSTRI BARANG LOGAM, BUKAN MESIN DAN PERALATANNYA;BENGKEL BUBUT;2400;UNIT;-;2023
2256;15;JAMBI;1571;157108;1571081006;ASDIANUS TEKNIK;MITRA JAYA;PO;25910;JASA LAS DAN BUBUT;INDUSTRI BARANG LOGAM, BUKAN MESIN DAN PERALATANNYA;BENGKEL BUBUT;1500;UNIT;-;2023
2257;15;JAMBI;1571;157107;1571071004;RACHMAN JAYA;-;CV;25910;JASA LAS DAN BUBUT;INDUSTRI BARANG LOGAM, BUKAN MESIN DAN PERALATANNYA;BENGKEL BUBUT;1200;UNIT;-;2023
2258;15;JAMBI;1571;157107;1571071005;-;DARKONI;PO;25910;JASA LAS DAN BUBUT;INDUSTRI BARANG LOGAM, BUKAN MESIN DAN PERALATANNYA;BENGKEL BUBUT;0;UNIT;-;2023
2259;15;JAMBI;1571;157101;1571011002;MIKRO TEKNIK;H.AMIN;PO;25910;JASA LAS DAN BUBUT;INDUSTRI BARANG LOGAM, BUKAN MESIN DAN PERALATANNYA;BENGKEL BUBUT;0;UNIT;-;2023
2260;15;JAMBI;1571;157108;1571081007;BENGKEL TIGA PUTRI;ARBAIN;PO;25910;BESI, LOGAM;INDUSTRI BARANG LOGAM, BUKAN MESIN DAN PERALATANNYA;BENGKEL LAS;0;-;-;2023
2261;15;JAMBI;1571;157109;0;BUDI UTAMA KARYA;-;PO;25920;JASA LAS DAN BUBUT;INDUSTRI BARANG LOGAM, BUKAN MESIN DAN PERALATANNYA;BENGKEL LAS;120;METER;-;2023
2262;15;JAMBI;1571;157108;0;HENGKY ABADI;HENGKY;PO;25920;JASA LAS DAN BUBUT;INDUSTRI BARANG LOGAM, BUKAN MESIN DAN PERALATANNYA;BENGKEL LAS;750;UNIT;-;2023
2263;15;JAMBI;1571;157109;0;CV. JAMBI LINTAS MEDIA;DEBBY TAHER;CV;25920;JASA LAS DAN BUBUT;INDUSTRI BARANG LOGAM, BUKAN MESIN DAN PERALATANNYA;BENGKEL LAS;750;UNIT;-;2023
2264;15;JAMBI;1571;157109;1507112005;-;PONIMAN;PO;25920;JASA LAS DAN BUBUT;INDUSTRI BARANG LOGAM, BUKAN MESIN DAN PERALATANNYA;BENGKEL LAS;0;UNIT;-;2023
2265;15;JAMBI;1571;157109;1507112005;LAS BIMA;FAHMI;PO;25920;JASA LAS DAN BUBUT;INDUSTRI BARANG LOGAM, BUKAN MESIN DAN PERALATANNYA;BENGKEL LAS;0;UNIT;-;2023
2266;15;JAMBI;1571;157109;1507112005;-;YANTO;PO;25920;JASA LAS DAN BUBUT;INDUSTRI BARANG LOGAM, BUKAN MESIN DAN PERALATANNYA;BENGKEL LAS;0;UNIT;-;2023
2267;15;JAMBI;1571;157109;1507112005;-;RETNO;PO;25920;JASA LAS DAN BUBUT;INDUSTRI BARANG LOGAM, BUKAN MESIN DAN PERALATANNYA;BENGKEL LAS;0;UNIT;-;2023
2268;15;JAMBI;1571;157109;1571091001;-;YUSTINA WATI;PO;25920;JASA LAS DAN BUBUT;INDUSTRI BARANG LOGAM, BUKAN MESIN DAN PERALATANNYA;BENGKEL LAS;0;UNIT;-;2023
2269;15;JAMBI;1571;157110;1571101005;MAWAR PUTIH;WARRMAN;PO;25920;JASA LAS DAN BUBUT;INDUSTRI BARANG LOGAM, BUKAN MESIN DAN PERALATANNYA;BENGKEL LAS;0;UNIT;-;2023
2270;15;JAMBI;1571;157110;1571101005;SWANEON;MOH. AZIZNUR;PO;25920;JASA LAS DAN BUBUT;INDUSTRI BARANG LOGAM, BUKAN MESIN DAN PERALATANNYA;BENGKEL LAS;0;UNIT;-;2023
2271;15;JAMBI;1571;157111;1571111004;LIBRA;NURMAN;PO;25920;JASA LAS DAN BUBUT;INDUSTRI BARANG LOGAM, BUKAN MESIN DAN PERALATANNYA;BENGKEL LAS;150;BUAH;-;2023
2272;15;JAMBI;1571;157111;1571111004;UD.SINAR MAKMUR;WIWID HERYANTO;PO;25920;JASA LAS DAN BUBUT;INDUSTRI BARANG LOGAM, BUKAN MESIN DAN PERALATANNYA;BENGKEL LAS;190;METER;-;2023
2273;15;JAMBI;1571;157111;1571111005;MITRA KREATIP;BUJANG BAGUS DUONO;PO;25920;JASA LAS DAN BUBUT;INDUSTRI BARANG LOGAM, BUKAN MESIN DAN PERALATANNYA;BENGKEL LAS;130;METER;-;2023
2274;15;JAMBI;1571;157102;1508131001;BAJA TEKNIK;EDDY;PO;25920;JASA LAS DAN BUBUT;INDUSTRI BARANG LOGAM, BUKAN MESIN DAN PERALATANNYA;BENGKEL LAS;0;UNIT;-;2023
2275;15;JAMBI;1571;157102;1571021003;TAMBAK SARI INDAH JAYA;METTY;PO;25920;JASA LAS DAN BUBUT;INDUSTRI BARANG LOGAM, BUKAN MESIN DAN PERALATANNYA;BENGKEL LAS;720;M2;-;2023
2276;15;JAMBI;1571;157102;1571021003;OJO LALI;SUKARNO;PO;25920;JASA LAS DAN BUBUT;INDUSTRI BARANG LOGAM, BUKAN MESIN DAN PERALATANNYA;BENGKEL LAS;1500;M2;-;2023
2277;15;JAMBI;1571;157102;1508131001;BENGKEL LAS SINAR NAULI;HUTABARAT;PO;25920;JASA LAS DAN BUBUT;INDUSTRI BARANG LOGAM, BUKAN MESIN DAN PERALATANNYA;BENGKEL LAS;0;UNIT;-;2023
2278;15;JAMBI;1571;157111;1571111001;CAHAYA MANDIRI;MUNAWI;PO;25920;BESI, LOGAM;INDUSTRI BARANG LOGAM, BUKAN MESIN DAN PERALATANNYA;PEMBUATAN TERALIS;0;UNIT;-;2023
2279;15;JAMBI;1571;157102;1571021004;MITRA KARYA;AGUS.M;PO;25920;JASA LAS DAN BUBUT;INDUSTRI BARANG LOGAM, BUKAN MESIN DAN PERALATANNYA;BENGKEL LAS;0;UNIT;-;2023
2280;15;JAMBI;1571;157102;1571021004;BENGKEL LAS TERATAI;P.IRWAN TADY;PO;25920;JASA LAS DAN BUBUT;INDUSTRI BARANG LOGAM, BUKAN MESIN DAN PERALATANNYA;BENGKEL LAS;6000;M2;-;2023
2281;15;JAMBI;1571;157103;1571031006;RONGSOKAN;HASBULLAH;PO;25920;JASA LAS DAN BUBUT;INDUSTRI BARANG LOGAM, BUKAN MESIN DAN PERALATANNYA;BARANG BEKAS;0;UNIT;-;2023
2282;15;JAMBI;1571;157103;1571031003;-;MARINTO;PO;25920;JASA LAS DAN BUBUT;INDUSTRI BARANG LOGAM, BUKAN MESIN DAN PERALATANNYA;BENGKEL LAS;0;UNIT;-;2023
2283;15;JAMBI;1571;157103;1571031003;-;DENI HASUDUNGAN;PO;25920;JASA LAS DAN BUBUT;INDUSTRI BARANG LOGAM, BUKAN MESIN DAN PERALATANNYA;BENGKEL LAS;0;UNIT;-;2023
2284;15;JAMBI;1571;157103;1571031003;-;RUDI;PO;25920;JASA LAS DAN BUBUT;INDUSTRI BARANG LOGAM, BUKAN MESIN DAN PERALATANNYA;BENGKEL LAS;0;UNIT;-;2023
2285;15;JAMBI;1571;157103;1571031003;-;ALI RAHMAN;PO;25920;JASA LAS DAN BUBUT;INDUSTRI BARANG LOGAM, BUKAN MESIN DAN PERALATANNYA;BENGKEL LAS;0;UNIT;-;2023
2286;15;JAMBI;1571;157108;1571081006;HIKMAH TEKNIK;-;PO;25920;JASA LAS DAN BUBUT;INDUSTRI BARANG LOGAM, BUKAN MESIN DAN PERALATANNYA;BENGKEL LAS;2880;METER;-;2023
2287;15;JAMBI;1571;157108;1571081006;TERATAI;PETRUS IRWAN TANDY;PO;25920;JASA LAS DAN BUBUT;INDUSTRI BARANG LOGAM, BUKAN MESIN DAN PERALATANNYA;BENGKEL LAS;75;METER;-;2023
2288;15;JAMBI;1571;157108;1571081006;EDI KURNIAWAN;SUN JAYA;PO;25920;JASA LAS DAN BUBUT;INDUSTRI BARANG LOGAM, BUKAN MESIN DAN PERALATANNYA;BENGKEL LAS;1900;UNIT;-;2023
2289;15;JAMBI;1571;157108;1571081007;BENGKEL LAS HELMI;HELMI;PO;25920;JASA LAS DAN BUBUT;INDUSTRI BARANG LOGAM, BUKAN MESIN DAN PERALATANNYA;BENGKEL LAS;0;UNIT;-;2023
2290;15;JAMBI;1571;157108;0;BENGKEL KING;-;PO;25920;JASA LAS DAN BUBUT;INDUSTRI BARANG LOGAM, BUKAN MESIN DAN PERALATANNYA;BENGKEL LAS;90;UNIT;-;2023
2291;15;JAMBI;1571;157108;1571081007;BENGKEL LAS TEGUH;HELMI;PO;25920;JASA LAS DAN BUBUT;INDUSTRI BARANG LOGAM, BUKAN MESIN DAN PERALATANNYA;BENGKEL LAS;20;UNIT;-;2023
2292;15;JAMBI;1571;157107;1571071005;INDAH;-;PO;25920;JASA LAS DAN BUBUT;INDUSTRI BARANG LOGAM, BUKAN MESIN DAN PERALATANNYA;BENGKEL LAS;96;METER;-;2023
2293;15;JAMBI;1571;157107;1507102007;DAYA CIPTA SERVICE;KAMALUDIN;PO;25920;JASA LAS DAN BUBUT;INDUSTRI BARANG LOGAM, BUKAN MESIN DAN PERALATANNYA;BENGKEL LAS;6;UNIT;-;2023
2294;15;JAMBI;1571;157107;1507102007;FAISAL;FAISAL SERVICE;PO;25920;JASA LAS DAN BUBUT;INDUSTRI BARANG LOGAM, BUKAN MESIN DAN PERALATANNYA;BENGKEL LAS;750;UNIT;-;2023
2295;15;JAMBI;1571;157107;1571071005;TRI TUNGGAL;ZAINAL ARFANDI;PO;25920;JASA LAS DAN BUBUT;INDUSTRI BARANG LOGAM, BUKAN MESIN DAN PERALATANNYA;BENGKEL LAS;0;UNIT;-;2023
2296;15;JAMBI;1571;157107;1571071001;MITRA KARYA;HIDAYAT;PO;25920;JASA LAS DAN BUBUT;INDUSTRI BARANG LOGAM, BUKAN MESIN DAN PERALATANNYA;BENGKEL LAS;0;UNIT;-;2023
2297;15;JAMBI;1571;157107;1571071001;JAYA GANDA TEKNIK;ERMAN;PO;25920;JASA LAS DAN BUBUT;INDUSTRI BARANG LOGAM, BUKAN MESIN DAN PERALATANNYA;BENGKEL LAS;1800;METER;-;2023
2298;15;JAMBI;1571;157107;1571071001;AMS;AHMAD YUSDI;PO;25920;JASA LAS DAN BUBUT;INDUSTRI BARANG LOGAM, BUKAN MESIN DAN PERALATANNYA;BENGKEL LAS;2200;METER;-;2023
2299;15;JAMBI;1571;157107;1571071001;ATMAJA TEKNIK;FERRY;PO;25920;JASA LAS DAN BUBUT;INDUSTRI BARANG LOGAM, BUKAN MESIN DAN PERALATANNYA;BENGKEL LAS;2400;METER;-;2023
2300;15;JAMBI;1571;157107;1571071002;SUMBER KARYA;BASORI;PO;25920;JASA LAS DAN BUBUT;INDUSTRI BARANG LOGAM, BUKAN MESIN DAN PERALATANNYA;BENGKEL LAS;0;METER;-;2023
2301;15;JAMBI;1571;157107;1571071001;TEGUH TERALIS;TEGUH;PO;25920;JASA LAS DAN BUBUT;INDUSTRI BARANG LOGAM, BUKAN MESIN DAN PERALATANNYA;BENGKEL LAS;120;BUAH;-;2023
2302;15;JAMBI;1571;157107;1571071001;-;ANDI;PO;25920;JASA LAS DAN BUBUT;INDUSTRI BARANG LOGAM, BUKAN MESIN DAN PERALATANNYA;BENGKEL LAS;140;BUAH;-;2023
2303;15;JAMBI;1571;157107;1571071001;TRIO JAYA;RIBUN;PO;25920;JASA LAS DAN BUBUT;INDUSTRI BARANG LOGAM, BUKAN MESIN DAN PERALATANNYA;BENGKEL LAS;140;M2;-;2023
2304;15;JAMBI;1571;157107;1571071001;-;HERI;PO;25920;JASA LAS DAN BUBUT;INDUSTRI BARANG LOGAM, BUKAN MESIN DAN PERALATANNYA;BENGKEL LAS;220;M2;-;2023
2305;15;JAMBI;1571;157107;1571071004;KREASI;TAUFIK;PO;25920;JASA LAS DAN BUBUT;INDUSTRI BARANG LOGAM, BUKAN MESIN DAN PERALATANNYA;BENGKEL LAS;0;M2;-;2023
2306;15;JAMBI;1571;157107;1571071005;BAROKAH;IMAM ROZALI;PO;25920;JASA LAS DAN BUBUT;INDUSTRI BARANG LOGAM, BUKAN MESIN DAN PERALATANNYA;BENGKEL LAS;0;M2;-;2023
2307;15;JAMBI;1571;157107;1571071001;ALDO;SUYANTO;PO;25920;JASA LAS DAN BUBUT;INDUSTRI BARANG LOGAM, BUKAN MESIN DAN PERALATANNYA;BENGKEL LAS;0;M2;-;2023
2308;15;JAMBI;1571;157107;1571071005;MEGAH RAYA;M.ALI YAMIN;PO;25920;JASA LAS DAN BUBUT;INDUSTRI BARANG LOGAM, BUKAN MESIN DAN PERALATANNYA;BENGKEL LAS;0;M2;-;2023
2309;15;JAMBI;1571;157107;1571071001;TUNAS MUDA;ANDY;PO;25920;JASA LAS DAN BUBUT;INDUSTRI BARANG LOGAM, BUKAN MESIN DAN PERALATANNYA;BENGKEL LAS;0;M2;-;2023
2310;15;JAMBI;1571;157107;1571071004;KESUMA JAYA;SULISTIO;PO;25920;JASA LAS DAN BUBUT;INDUSTRI BARANG LOGAM, BUKAN MESIN DAN PERALATANNYA;BENGKEL LAS;0;M2;-;2023
2311;15;JAMBI;1571;157107;1571071005;-;JOKO SISWANTO;PO;25920;JASA LAS DAN BUBUT;INDUSTRI BARANG LOGAM, BUKAN MESIN DAN PERALATANNYA;BENGKEL LAS;0;UNIT;-;2023
2312;15;JAMBI;1571;157107;1571071005;-;M.DARWIN;PO;25920;JASA LAS DAN BUBUT;INDUSTRI BARANG LOGAM, BUKAN MESIN DAN PERALATANNYA;BENGKEL LAS;0;UNIT;-;2023
2313;15;JAMBI;1571;157107;1571071005;-;TAMYIS;PO;25920;JASA LAS DAN BUBUT;INDUSTRI BARANG LOGAM, BUKAN MESIN DAN PERALATANNYA;BENGKEL LAS;0;UNIT;-;2023
2314;15;JAMBI;1571;157107;1571071005;-;SUNARDI;PO;25920;JASA LAS DAN BUBUT;INDUSTRI BARANG LOGAM, BUKAN MESIN DAN PERALATANNYA;BENGKEL LAS;0;UNIT;-;2023
2315;15;JAMBI;1571;157107;1571071005;-;JOKO RETNO;PO;25920;JASA LAS DAN BUBUT;INDUSTRI BARANG LOGAM, BUKAN MESIN DAN PERALATANNYA;BENGKEL LAS;0;UNIT;-;2023
2316;15;JAMBI;1571;157107;1571071005;-;SUWARNO;PO;25920;JASA LAS DAN BUBUT;INDUSTRI BARANG LOGAM, BUKAN MESIN DAN PERALATANNYA;BENGKEL LAS;0;UNIT;-;2023
2317;15;JAMBI;1571;157107;1571071005;-;INTAN DIANA;PO;25920;JASA LAS DAN BUBUT;INDUSTRI BARANG LOGAM, BUKAN MESIN DAN PERALATANNYA;BENGKEL LAS;0;UNIT;-;2023
2318;15;JAMBI;1571;157107;1571071001;-;RAHMAD;PO;25920;JASA LAS DAN BUBUT;INDUSTRI BARANG LOGAM, BUKAN MESIN DAN PERALATANNYA;BENGKEL LAS;0;UNIT;-;2023
2319;15;JAMBI;1571;157107;1571071001;-;RETNO HADI HENDRA;PO;25920;JASA LAS DAN BUBUT;INDUSTRI BARANG LOGAM, BUKAN MESIN DAN PERALATANNYA;BENGKEL LAS;0;UNIT;-;2023
2320;15;JAMBI;1571;157107;1571071001;-;PERIADI;PO;25920;JASA LAS DAN BUBUT;INDUSTRI BARANG LOGAM, BUKAN MESIN DAN PERALATANNYA;BENGKEL LAS;0;UNIT;-;2023
2321;15;JAMBI;1571;157107;1571071001;-;WAWAN TRIAWAN;PO;25920;JASA LAS DAN BUBUT;INDUSTRI BARANG LOGAM, BUKAN MESIN DAN PERALATANNYA;BENGKEL LAS;0;UNIT;-;2023
2322;15;JAMBI;1571;157107;1571071001;-;AHMAD EFENDI;PO;25920;JASA LAS DAN BUBUT;INDUSTRI BARANG LOGAM, BUKAN MESIN DAN PERALATANNYA;BENGKEL LAS;0;UNIT;-;2023
2323;15;JAMBI;1571;157107;1571071001;-;MARYOTO;PO;25920;JASA LAS DAN BUBUT;INDUSTRI BARANG LOGAM, BUKAN MESIN DAN PERALATANNYA;BENGKEL LAS;0;UNIT;-;2023
2324;15;JAMBI;1571;157107;1571071001;-;SAUT MAHAMPUN;PO;25920;JASA LAS DAN BUBUT;INDUSTRI BARANG LOGAM, BUKAN MESIN DAN PERALATANNYA;BENGKEL LAS;0;UNIT;-;2023
2325;15;JAMBI;1571;157107;1571071001;-;SUYANTO;PO;25920;JASA LAS DAN BUBUT;INDUSTRI BARANG LOGAM, BUKAN MESIN DAN PERALATANNYA;BENGKEL LAS;0;UNIT;-;2023
2326;15;JAMBI;1571;157107;1571071001;-;IMAM ROBANI;PO;25920;JASA LAS DAN BUBUT;INDUSTRI BARANG LOGAM, BUKAN MESIN DAN PERALATANNYA;BENGKEL LAS;0;UNIT;-;2023
2327;15;JAMBI;1571;157107;1571071001;-;DEALFI;PO;25920;JASA LAS DAN BUBUT;INDUSTRI BARANG LOGAM, BUKAN MESIN DAN PERALATANNYA;BENGKEL LAS;0;UNIT;-;2023
2328;15;JAMBI;1571;157101;1571011004;MARZUKI;MARZUKI;PO;25920;JASA LAS DAN BUBUT;INDUSTRI BARANG LOGAM, BUKAN MESIN DAN PERALATANNYA;BENGKEL LAS;0;M2;-;2023
2329;15;JAMBI;1571;157101;1571011011;LAS PANDAWA;ALIPUL IMRON;PO;25920;JASA LAS DAN BUBUT;INDUSTRI BARANG LOGAM, BUKAN MESIN DAN PERALATANNYA;BENGKEL LAS;0;M2;-;2023
2330;15;JAMBI;1571;157101;1571011011;BENGKEL LAS ANJAR;RUSLI;PO;25920;JASA LAS DAN BUBUT;INDUSTRI BARANG LOGAM, BUKAN MESIN DAN PERALATANNYA;BENGKEL LAS;0;M2;-;2023
2331;15;JAMBI;1571;157101;1571011002;PELANGI STEEL;UMAR DANI;PO;25920;JASA LAS DAN BUBUT;INDUSTRI BARANG LOGAM, BUKAN MESIN DAN PERALATANNYA;BENGKEL LAS;0;M2;-;2023
2332;15;JAMBI;1571;157101;1571011002;LAS WIDYA;ALBERT;PO;25920;JASA LAS DAN BUBUT;INDUSTRI BARANG LOGAM, BUKAN MESIN DAN PERALATANNYA;BENGKEL LAS;0;M2;-;2023
2333;15;JAMBI;1571;157101;1571011002;LAS BAROKAH;ARIPIN;PO;25920;JASA LAS DAN BUBUT;INDUSTRI BARANG LOGAM, BUKAN MESIN DAN PERALATANNYA;BENGKEL LAS;0;M2;-;2023
2334;15;JAMBI;1571;157101;0;DUTA TEKNIK;JAMI;PO;25920;JASA LAS DAN BUBUT;INDUSTRI BARANG LOGAM, BUKAN MESIN DAN PERALATANNYA;BENGKEL LAS;0;M2;-;2023
2335;15;JAMBI;1571;157101;0;SAHONO TERALIS;SAHONO;PO;25920;JASA LAS DAN BUBUT;INDUSTRI BARANG LOGAM, BUKAN MESIN DAN PERALATANNYA;BENGKEL LAS;250;BUAH;-;2023
2336;15;JAMBI;1571;157101;1571011003;FAJAR TEKNIK;RD.BUSTAMI;PO;25920;JASA LAS DAN BUBUT;INDUSTRI BARANG LOGAM, BUKAN MESIN DAN PERALATANNYA;BENGKEL LAS;25;UNIT;-;2023
2337;15;JAMBI;1571;157101;1571011003;PELANGI STEELS;HARBI ATMAN;PO;25920;JASA LAS DAN BUBUT;INDUSTRI BARANG LOGAM, BUKAN MESIN DAN PERALATANNYA;BENGKEL LAS;0;UNIT;-;2023
2338;15;JAMBI;1571;157101;1571011002;TIGA SAUDARA;MUHAIMIN;PO;25920;JASA LAS DAN BUBUT;INDUSTRI BARANG LOGAM, BUKAN MESIN DAN PERALATANNYA;BENGKEL LAS;0;UNIT;-;2023
2339;15;JAMBI;1571;157109;1507112005;ZIKRY LAS;AHMAD RIZAL;PO;25920;JASA LAS DAN BUBUT;INDUSTRI BARANG LOGAM, BUKAN MESIN DAN PERALATANNYA;BENGKEL LAS;0;-;-;2023
2340;15;JAMBI;1571;157109;1571091004;DAIRI EKSTERIOR;RAHMAD DANI UJUNG;PO;25920;JASA LAS DAN BUBUT;INDUSTRI BARANG LOGAM, BUKAN MESIN DAN PERALATANNYA;BENGKEL LAS;0;-;-;2023
2341;15;JAMBI;1571;157109;1571091005;BENGKEL LAS TRALIS;MUHAMMAD FAUZI;PO;25920;JASA LAS DAN BUBUT;INDUSTRI BARANG LOGAM, BUKAN MESIN DAN PERALATANNYA;BENGKEL LAS;0;-;-;2023
2342;15;JAMBI;1571;157106;1504062009;FITRAH;M.NASRI;PO;25920;JASA LAS DAN BUBUT;INDUSTRI BARANG LOGAM, BUKAN MESIN DAN PERALATANNYA;BENGKEL LAS;0;-;-;2023
2343;15;JAMBI;1571;157106;1504062009;-;JUMALI;PO;25920;JASA LAS DAN BUBUT;INDUSTRI BARANG LOGAM, BUKAN MESIN DAN PERALATANNYA;BENGKEL LAS;0;-;-;2023
2344;15;JAMBI;1571;157106;1504062009;-;MOHD.RAFI VERDI;PO;25920;JASA LAS DAN BUBUT;INDUSTRI BARANG LOGAM, BUKAN MESIN DAN PERALATANNYA;BENGKEL LAS;0;-;-;2023
2345;15;JAMBI;1571;157106;1504062009;-;IMRON ROSADI;PO;25920;JASA LAS DAN BUBUT;INDUSTRI BARANG LOGAM, BUKAN MESIN DAN PERALATANNYA;BENGKEL LAS;0;-;-;2023
2346;15;JAMBI;1571;157106;1571061005;-;ASMARA ABDI;PO;25920;BESI, LOGAM;INDUSTRI BARANG LOGAM, BUKAN MESIN DAN PERALATANNYA;BENGKEL LAS;0;-;-;2023
2347;15;JAMBI;1571;157103;1571031001;-;NOPRIYADI;PO;25920;JASA LAS DAN BUBUT;INDUSTRI BARANG LOGAM, BUKAN MESIN DAN PERALATANNYA;BENGKEL LAS;2000;-;-;2023
2348;15;JAMBI;1571;157111;1571111001;BENGKEL LAS TA MULIA JAYA;ROZANDA WILI ELTAMA;PO;25920;JASA LAS DAN BUBUT;INDUSTRI BARANG LOGAM, BUKAN MESIN DAN PERALATANNYA;BENGKEL LAS;0;-;-;2023
2349;15;JAMBI;1571;157111;1571111003;REMAJA ADV;BAMBANG SUGIANTO;PO;25920;JASA LAS DAN BUBUT;INDUSTRI BARANG LOGAM, BUKAN MESIN DAN PERALATANNYA;BENGKEL LAS;0;-;-;2023
2350;15;JAMBI;1571;157111;1571111003;AZZAM TERALIS;ABDUL AZIZ;PO;25920;JASA LAS DAN BUBUT;INDUSTRI BARANG LOGAM, BUKAN MESIN DAN PERALATANNYA;BENGKEL LAS;0;-;-;2023
2351;15;JAMBI;1571;157105;1571051002;-;RAIHAN;PO;25920;LOGAM, BESI;INDUSTRI BARANG LOGAM, BUKAN MESIN DAN PERALATANNYA;TERALIS;0;-;-;2023
2352;15;JAMBI;1571;157105;1571051002;-;BUSTOMI;PO;25920;LOGAM, BESI;INDUSTRI BARANG LOGAM, BUKAN MESIN DAN PERALATANNYA;TERALIS;0;-;-;2023
2353;15;JAMBI;1571;157101;1571011010;-;SAHRUL GUNAWAN;PO;25920;JASA LAS DAN BUBUT;INDUSTRI BARANG LOGAM, BUKAN MESIN DAN PERALATANNYA;BENGKEL LAS;0;-;-;2023
2354;15;JAMBI;1571;157101;1571011010;LAS MANDIRI;RD.SYAMSURI;PO;25920;BESI, LOGAM;INDUSTRI BARANG LOGAM, BUKAN MESIN DAN PERALATANNYA;BENGKEL LAS;0;-;-;2023
2355;15;JAMBI;1571;157101;1571011010;-;FAHRI;PO;25920;JASA LAS DAN BUBUT;INDUSTRI BARANG LOGAM, BUKAN MESIN DAN PERALATANNYA;BENGKEL LAS;0;-;-;2023
2356;15;JAMBI;1571;157101;1571011010;-;EPO;PO;25920;JASA LAS DAN BUBUT;INDUSTRI BARANG LOGAM, BUKAN MESIN DAN PERALATANNYA;BENGKEL LAS;0;-;-;2023
2357;15;JAMBI;1571;157101;1571011001;-;MUSLIMIN.S;PO;25920;JASA LAS DAN BUBUT;INDUSTRI BARANG LOGAM, BUKAN MESIN DAN PERALATANNYA;BENGKEL LAS;0;-;-;2023
2358;15;JAMBI;1571;157111;1571111004;BENGKEL HENDRO;SUHENDRA;PO;25920;JASA LAS DAN BUBUT;INDUSTRI BARANG LOGAM, BUKAN MESIN DAN PERALATANNYA;BENGKEL LAS;0;-;-;2023
2359;15;JAMBI;1571;157110;1571101004;-;SIKAM;PO;25920;JASA LAS DAN BUBUT;INDUSTRI BARANG LOGAM, BUKAN MESIN DAN PERALATANNYA;BENGKEL LAS TERALIS;0;-;-;2023
2360;15;JAMBI;1571;157102;1508131001;-;SAFE'I;PO;25920;JASA LAS, BUBUT;INDUSTRI BARANG LOGAM, BUKAN MESIN DAN PERALATANNYA;BENGKEL LAS;0;-;-;2023
2361;15;JAMBI;1571;157102;1508131001;-;MUTAROM;PO;25920;JASA LAS, BUBUT;INDUSTRI BARANG LOGAM, BUKAN MESIN DAN PERALATANNYA;BENGKEL LAS;0;-;-;2023
2362;15;JAMBI;1571;157102;1508131001;-;JHONI SUPALI;PO;25920;JASA LAS, BUBUT;INDUSTRI BARANG LOGAM, BUKAN MESIN DAN PERALATANNYA;BENGKEL LAS;0;-;-;2023
2363;15;JAMBI;1571;157102;1508131001;-;ANGKI HARIYADI;PO;25920;JASA LAS, BUBUT;INDUSTRI BARANG LOGAM, BUKAN MESIN DAN PERALATANNYA;BENGKEL LAS;0;-;-;2023
2364;15;JAMBI;1571;157102;1571021006;-;MAHIDIN DARAHIM IHSAN;PO;25920;JASA LAS, BUBUT;INDUSTRI BARANG LOGAM, BUKAN MESIN DAN PERALATANNYA;BENGKEL LAS;0;-;-;2023
2365;15;JAMBI;1571;157109;1571091005;PANDAI BESI/AMPAR BESI;HENDRI;PO;25934;BESI, LOGAM;INDUSTRI BARANG LOGAM, BUKAN MESIN DAN PERALATANNYA;PARANG,PALU, KAPAK DLL;487;BUAH;-;2023
2366;15;JAMBI;1571;157109;1571091004;PANDAI BESI/AMPAR BESI;SAINUM;PO;25934;BESI, LOGAM;INDUSTRI BARANG LOGAM, BUKAN MESIN DAN PERALATANNYA;PARANG,PALU, KAPAK DLL;500;BUAH;-;2023
2367;15;JAMBI;1571;157109;1571091004;PANDAI BESI/AMPAR BESI;KHAIRUL SALEH;PO;25934;BESI, LOGAM;INDUSTRI BARANG LOGAM, BUKAN MESIN DAN PERALATANNYA;PARANG,PALU, KAPAK DLL;489;BUAH;-;2023
2368;15;JAMBI;1571;157102;1571021004;PANDAI BESI/AMPAR BESI;SALMIN;PO;25934;BESI, LOGAM;INDUSTRI BARANG LOGAM, BUKAN MESIN DAN PERALATANNYA;PARANG,PALU, KAPAK DLL;480;BUAH;-;2023
2369;15;JAMBI;1571;157111;1571021004;PANDAI BESI/AMPAR BESI;M.YUNUS;PO;25934;BESI, LOGAM;INDUSTRI BARANG LOGAM, BUKAN MESIN DAN PERALATANNYA;PARANG,PALU, KAPAK DLL;480;BUAH;-;2023
2370;15;JAMBI;1571;157102;1571021004;PANDAI BESI/AMPAR BESI;AJIK;PO;25934;BESI, LOGAM;INDUSTRI BARANG LOGAM, BUKAN MESIN DAN PERALATANNYA;PARANG,PALU, KAPAK DLL;600;BUAH;-;2023
2371;15;JAMBI;1571;157102;1571111001;PANDAI BESI/AMPAR BESI;SABAR;PO;25934;BESI, LOGAM;INDUSTRI BARANG LOGAM, BUKAN MESIN DAN PERALATANNYA;PARANG,PALU, KAPAK DLL;483;BUAH;-;2023
2372;15;JAMBI;1571;157102;1508131001;PANDAI BESI/AMPAR BESI;THOMAS;PO;25934;BESI, LOGAM;INDUSTRI BARANG LOGAM, BUKAN MESIN DAN PERALATANNYA;PARANG,PALU, KAPAK DLL;485;BUAH;-;2023
2373;15;JAMBI;1571;157102;1508131001;PANDAI BESI/AMPAR BESI;FAHRIZAL;PO;25934;BESI, LOGAM;INDUSTRI BARANG LOGAM, BUKAN MESIN DAN PERALATANNYA;PARANG,PALU, KAPAK DLL;486;BUAH;-;2023
2374;15;JAMBI;1571;157111;1571111005;PANDAI BESI/AMPAR BESI;MANSUR;PO;25934;BESI, LOGAM;INDUSTRI BARANG LOGAM, BUKAN MESIN DAN PERALATANNYA;PARANG,PALU, KAPAK DLL;488;BUAH;-;2023
2375;15;JAMBI;1571;157102;1508131001;PANDAI BESI/AMPAR BESI;KHAIDIR;PO;25934;BESI, LOGAM;INDUSTRI BARANG LOGAM, BUKAN MESIN DAN PERALATANNYA;PARANG,PALU, KAPAK DLL;488;BUAH;-;2023
2376;15;JAMBI;1571;157102;1571021004;PANDAI BESI/AMPAR BESI;ANSHORI;PO;25934;BESI, LOGAM;INDUSTRI BARANG LOGAM, BUKAN MESIN DAN PERALATANNYA;PARANG,PALU, KAPAK DLL;500;BUAH;-;2023
2377;15;JAMBI;1571;157103;1571111002;PANDAI BESI/AMPAR BESI;MAT JULIS;PO;25934;BESI, LOGAM;INDUSTRI BARANG LOGAM, BUKAN MESIN DAN PERALATANNYA;PARANG,PALU, KAPAK DLL;481;BUAH;-;2023
2378;15;JAMBI;1571;157103;1571111002;PANDAI BESI/AMPAR BESI;SARJUDIN;PO;25934;BESI, LOGAM;INDUSTRI BARANG LOGAM, BUKAN MESIN DAN PERALATANNYA;PARANG,PALU, KAPAK DLL;482;BUAH;-;2023
2379;15;JAMBI;1571;157103;1571031010;PANDAI BESI/AMPAR BESI;M. JUNID;PO;25934;BESI, LOGAM;INDUSTRI BARANG LOGAM, BUKAN MESIN DAN PERALATANNYA;PARANG,PALU, KAPAK DLL;484;BUAH;-;2023
2380;15;JAMBI;1571;157103;1571111002;PANDAI BESI/AMPAR BESI;ALIA ROHMAN;PO;25934;BESI, LOGAM;INDUSTRI BARANG LOGAM, BUKAN MESIN DAN PERALATANNYA;PARANG,PALU, KAPAK DLL;489;BUAH;-;2023
2381;15;JAMBI;1571;157103;1571111002;PANDAI BESI/AMPAR BESI;RUSLI;PO;25934;BESI, LOGAM;INDUSTRI BARANG LOGAM, BUKAN MESIN DAN PERALATANNYA;PARANG,PALU, KAPAK DLL;600;BUAH;-;2023
2382;15;JAMBI;1571;157107;1571071005;PANDAI BESI/AMPAR BESI;SUDISMAN;PO;25934;BESI, LOGAM;INDUSTRI BARANG LOGAM, BUKAN MESIN DAN PERALATANNYA;PARANG,PALU, KAPAK DLL;480;BUAH;-;2023
2383;15;JAMBI;1571;157105;1571051005;-;BUCHARI;PO;25951;BESI, LOGAM;INDUSTRI BARANG LOGAM, BUKAN MESIN DAN PERALATANNYA;PERAJIN KAWAT BESI;0;-;-;2023
2384;15;JAMBI;1571;157105;1571051001;-;RIKI ROMADHON;PO;25951;BESI, LOGAM;INDUSTRI BARANG LOGAM, BUKAN MESIN DAN PERALATANNYA;BESI TUA;0;-;-;2023
2385;15;JAMBI;1571;157103;1571031002;CENTRAL DIESEL;PARJAN;PO;25992;BESI, LOGAM;INDUSTRI BARANG LOGAM, BUKAN MESIN DAN PERALATANNYA;KUALI;10;BUAH;-;2023
2386;15;JAMBI;1571;157109;0;GARUDA OPTION;JOHAN SURYA;PO;26800;KACA;INDUSTRI KOMPUTER, BARANG ELEKTRONIK DAN OPTIK;OPTIK KACAMATA;380;UNIT;-;2023
2387;15;JAMBI;1571;157109;0;OPTIC CENTRAL;EDWIN SIDI;PO;26800;KACA;INDUSTRI KOMPUTER, BARANG ELEKTRONIK DAN OPTIK;OPTIK KACAMATA;120;UNIT;-;2023
2388;15;JAMBI;1571;157109;0;OPTIC RAJAWALI;DJONI;PO;26800;KACA;INDUSTRI KOMPUTER, BARANG ELEKTRONIK DAN OPTIK;OPTIK KACAMATA;1050;UNIT;-;2023
2389;15;JAMBI;1571;157107;1571071005;USAHA MANDIRI;SUDIRMAN;PO;29200;BESI, LOGAM;INDUSTRI KENDARAAN BERMOTOR, TRAILER DAN SEMI TRAILER;BAK MOBIL/ KAROSERI;48;UNIT;-;2023
2390;15;JAMBI;1571;157109;0;BENGKEL AYU;JONI BONG;PO;29300;BESI, LOGAM;INDUSTRI KENDARAAN BERMOTOR, TRAILER DAN SEMI TRAILER;BENGKEL MOBIL;720;UNIT;-;2023
2391;15;JAMBI;1571;157109;0;BUDI JAYA;KHIOE GIOK KOEN;PO;29300;BESI, LOGAM;INDUSTRI KENDARAAN BERMOTOR, TRAILER DAN SEMI TRAILER;BENGKEL MOBIL;240;UNIT;-;2023
2392;15;JAMBI;1571;157109;0;SUTOMO UTAMA;SAPTO UTOMO;PO;29300;BESI, LOGAM;INDUSTRI KENDARAAN BERMOTOR, TRAILER DAN SEMI TRAILER;BENGKEL MOBIL;360;UNIT;-;2023
2393;15;JAMBI;1571;157109;0;ABADI JAYA SERVIS;EDDY SUWISMAN;PO;29300;BESI, LOGAM;INDUSTRI KENDARAAN BERMOTOR, TRAILER DAN SEMI TRAILER;BENGKEL MOBIL;160;UNIT;-;2023
2394;15;JAMBI;1571;157109;0;KURNIA;MAS'UD;PO;29300;BESI, LOGAM;INDUSTRI KENDARAAN BERMOTOR, TRAILER DAN SEMI TRAILER;BENGKEL MOBIL;250;UNIT;-;2023
2395;15;JAMBI;1571;157109;0;PANCA INDAH MOTOR;JOHAN KARTOSA;CV;29300;BESI, LOGAM;INDUSTRI KENDARAAN BERMOTOR, TRAILER DAN SEMI TRAILER;BENGKEL MOBIL;100;UNIT;-;2023
2396;15;JAMBI;1571;157109;0;ANEKA TEKNIK;JULIYAN THAMARA;PO;29300;BESI, LOGAM;INDUSTRI KENDARAAN BERMOTOR, TRAILER DAN SEMI TRAILER;BENGKEL MOBIL;120;UNIT;-;2023
2397;15;JAMBI;1571;157109;0;SUPARMAN;KHARISMA;PO;29300;BESI, LOGAM;INDUSTRI KENDARAAN BERMOTOR, TRAILER DAN SEMI TRAILER;BENGKEL MOBIL;120;UNIT;-;2023
2398;15;JAMBI;1571;157109;0;KARYA SEVIS;HARIYANTO;PO;29300;BESI, LOGAM;INDUSTRI KENDARAAN BERMOTOR, TRAILER DAN SEMI TRAILER;BENGKEL MOBIL;120;UNIT;-;2023
2399;15;JAMBI;1571;157109;0;BERINGIN;JOHAN SURYA;PO;29300;BESI, LOGAM;INDUSTRI KENDARAAN BERMOTOR, TRAILER DAN SEMI TRAILER;BENGKEL MOBIL;36;UNIT;-;2023
2400;15;JAMBI;1571;157109;0;BERDIKARI;ISKANDAR;PO;29300;BESI, LOGAM;INDUSTRI KENDARAAN BERMOTOR, TRAILER DAN SEMI TRAILER;BENGKEL MOBIL;374;UNIT;-;2023
2401;15;JAMBI;1571;157109;0;SAMA JAYA;SAUDINI;PO;29300;BESI, LOGAM;INDUSTRI KENDARAAN BERMOTOR, TRAILER DAN SEMI TRAILER;BENGKEL MOBIL;120;UNIT;-;2023
2402;15;JAMBI;1571;157109;0;MAKMUR JAYA;SENTOSA WIJAYA;PO;29300;BESI, LOGAM;INDUSTRI KENDARAAN BERMOTOR, TRAILER DAN SEMI TRAILER;BENGKEL MOBIL;25;UNIT;-;2023
2403;15;JAMBI;1571;157109;0;ALIM;ALIM;PO;29300;BESI, LOGAM;INDUSTRI KENDARAAN BERMOTOR, TRAILER DAN SEMI TRAILER;BENGKEL MOBIL;96;UNIT;-;2023
2404;15;JAMBI;1571;157109;0;WENNY;WENNY CHRISTINE;PO;29300;BESI, LOGAM;INDUSTRI KENDARAAN BERMOTOR, TRAILER DAN SEMI TRAILER;BENGKEL MOBIL;60;UNIT;-;2023
2405;15;JAMBI;1571;157109;0;FAJAR SIDIK;SYAMHUDI;CV;29300;BESI, LOGAM;INDUSTRI KENDARAAN BERMOTOR, TRAILER DAN SEMI TRAILER;BENGKEL MOBIL;300;UNIT;-;2023
2406;15;JAMBI;1571;157109;0;PALAPA;SUTAWIJAYA;PO;29300;BESI, LOGAM;INDUSTRI KENDARAAN BERMOTOR, TRAILER DAN SEMI TRAILER;BENGKEL MOBIL;400;UNIT;-;2023
2407;15;JAMBI;1571;157109;0;CAHAYA MOTOR;HAGAK;PO;29300;BESI, LOGAM;INDUSTRI KENDARAAN BERMOTOR, TRAILER DAN SEMI TRAILER;BENGKEL MOBIL;720;UNIT;-;2023
2408;15;JAMBI;1571;157109;0;ALI SERVIS;ALI;PO;29300;BESI, LOGAM;INDUSTRI KENDARAAN BERMOTOR, TRAILER DAN SEMI TRAILER;BENGKEL MOBIL;360;UNIT;-;2023
2409;15;JAMBI;1571;157109;0;SUHARTO;SUHARTO;PO;29300;BESI, LOGAM;INDUSTRI KENDARAAN BERMOTOR, TRAILER DAN SEMI TRAILER;BENGKEL MOBIL;150;UNIT;-;2023
2410;15;JAMBI;1571;157109;0;MITRA JAYA;AMIRUDIN;PO;29300;BESI, LOGAM;INDUSTRI KENDARAAN BERMOTOR, TRAILER DAN SEMI TRAILER;BENGKEL MOBIL;120;UNIT;-;2023
2411;15;JAMBI;1571;157109;0;BERLIAN JAYA;R DENNAR SIREGAR BA;PO;29300;BESI, LOGAM;INDUSTRI KENDARAAN BERMOTOR, TRAILER DAN SEMI TRAILER;BENGKEL MOBIL;380;UNIT;-;2023
2412;15;JAMBI;1571;157109;0;SUMBER TEKNIK;KUMALA SARI;PO;29300;BESI, LOGAM;INDUSTRI KENDARAAN BERMOTOR, TRAILER DAN SEMI TRAILER;BENGKEL MOBIL;200;UNIT;-;2023
2413;15;JAMBI;1571;157109;0;IQBAL SERVICE;M YUNUS;PO;29300;BESI, LOGAM;INDUSTRI KENDARAAN BERMOTOR, TRAILER DAN SEMI TRAILER;BENGKEL MOBIL;60;UNIT;-;2023
2414;15;JAMBI;1571;157109;0;BERKAH;BASRA LUBIS;PO;29300;BESI, LOGAM;INDUSTRI KENDARAAN BERMOTOR, TRAILER DAN SEMI TRAILER;BENGKEL MOBIL;50;UNIT;-;2023
2415;15;JAMBI;1571;157109;0;BAKTI KARYA;BAMBANG KUSWO WIHARTO;PO;29300;BESI, LOGAM;INDUSTRI KENDARAAN BERMOTOR, TRAILER DAN SEMI TRAILER;BENGKEL MOBIL;120;UNIT;-;2023
2416;15;JAMBI;1571;157109;0;SINAR MULYA;DEDDY KUSWO WIHARTO;PO;29300;BESI, LOGAM;INDUSTRI KENDARAAN BERMOTOR, TRAILER DAN SEMI TRAILER;BENGKEL MOBIL;100;UNIT;-;2023
2417;15;JAMBI;1571;157107;0;SUN MOTOR;SUKRIANTO;PO;29300;BESI, LOGAM;INDUSTRI KENDARAAN BERMOTOR, TRAILER DAN SEMI TRAILER;BENGKEL MOBIL;720;UNIT;-;2023
2418;15;JAMBI;1571;157109;0;METRO;METTY;PO;29300;BESI, LOGAM;INDUSTRI KENDARAAN BERMOTOR, TRAILER DAN SEMI TRAILER;BENGKEL MOBIL;120;UNIT;-;2023
2419;15;JAMBI;1571;157109;0;JAYA BERSAMA;MZ ABIDIN;PO;29300;BESI, LOGAM;INDUSTRI KENDARAAN BERMOTOR, TRAILER DAN SEMI TRAILER;BENGKEL MOBIL;30;UNIT;-;2023
2420;15;JAMBI;1571;157109;0;CENTRAL BALANCING;M RIDWAN;PO;29300;BESI, LOGAM;INDUSTRI KENDARAAN BERMOTOR, TRAILER DAN SEMI TRAILER;BALANCING & SPOORING;1248;UNIT;-;2023
2421;15;JAMBI;1571;157108;0;GUNA BAN;HALINAWATI;PO;29300;BESI, LOGAM;INDUSTRI KENDARAAN BERMOTOR, TRAILER DAN SEMI TRAILER;BALANCING & SPOORING;160;UNIT;-;2023
2422;15;JAMBI;1571;157109;0;HARAPAN JAYA;RIDWAN SEMBIRING;PO;29300;BESI, LOGAM;INDUSTRI KENDARAAN BERMOTOR, TRAILER DAN SEMI TRAILER;BENGKEL MOBIL;220;UNIT;-;2023
2423;15;JAMBI;1571;157109;0;ASTACO;ARYANI ASBOR AMIR;CV;29300;BESI, LOGAM;INDUSTRI KENDARAAN BERMOTOR, TRAILER DAN SEMI TRAILER;BENGKEL MOBIL;175;UNIT;-;2023
2424;15;JAMBI;1571;157109;1507112005;NEW SERVICE;D SIREGAR;PO;29300;BESI, LOGAM;INDUSTRI KENDARAAN BERMOTOR, TRAILER DAN SEMI TRAILER;BENGKEL MOBIL;720;UNIT;-;2023
2425;15;JAMBI;1571;157109;1507112005;-;KASMAN;PO;29300;BESI, LOGAM;INDUSTRI KENDARAAN BERMOTOR, TRAILER DAN SEMI TRAILER;CUCIAN MOBIL;168;UNIT;-;2023
2426;15;JAMBI;1571;157109;1507112005;NURLIN ANAN;SULTON IRZAL;CV;29300;BESI, LOGAM;INDUSTRI KENDARAAN BERMOTOR, TRAILER DAN SEMI TRAILER;CUCIAN MOBIL;100;UNIT;-;2023
2427;15;JAMBI;1571;157109;1507112005;ASIANG DINAMO;ASIANG;PO;29300;BESI, LOGAM;INDUSTRI KENDARAAN BERMOTOR, TRAILER DAN SEMI TRAILER;SERVICE DINAMO;120;UNIT;-;2023
2428;15;JAMBI;1571;157109;1507112005;SUMBER RESKY;YUSUF MUSTOFA;PO;29300;BESI, LOGAM;INDUSTRI KENDARAAN BERMOTOR, TRAILER DAN SEMI TRAILER;LAS KETOK/BERAT;48;UNIT;-;2023
2429;15;JAMBI;1571;157109;1507112005;-;SUPARNO;PO;29300;BESI, LOGAM;INDUSTRI KENDARAAN BERMOTOR, TRAILER DAN SEMI TRAILER;SERVIS RADIATOR;120;UNIT;-;2023
2430;15;JAMBI;1571;157109;1507112005;BENGKEL MOBIL;MUSTOFA;PO;29300;BESI, LOGAM;INDUSTRI KENDARAAN BERMOTOR, TRAILER DAN SEMI TRAILER;BENGKEL MOBIL;120;UNIT;-;2023
2431;15;JAMBI;1571;157109;1507112005;BENGKEL MOBIL;KAMAL;PO;29300;BESI, LOGAM;INDUSTRI KENDARAAN BERMOTOR, TRAILER DAN SEMI TRAILER;BENGKEL MOBIL;120;UNIT;-;2023
2432;15;JAMBI;1571;157109;1507112005;-;ISKANDAR;PO;29300;BESI, LOGAM;INDUSTRI KENDARAAN BERMOTOR, TRAILER DAN SEMI TRAILER;CUCIAN MOBIL;120;UNIT;-;2023
2433;15;JAMBI;1571;157109;1507112005;-;INDRA;PO;29300;BESI, LOGAM;INDUSTRI KENDARAAN BERMOTOR, TRAILER DAN SEMI TRAILER;BENGKEL MOBIL;120;UNIT;-;2023
2434;15;JAMBI;1571;157109;1507112005;-;MUJIONO;PO;29300;BESI, LOGAM;INDUSTRI KENDARAAN BERMOTOR, TRAILER DAN SEMI TRAILER;BENGKEL MOBIL;120;UNIT;-;2023
2435;15;JAMBI;1571;157109;0;JUNTAK;-;PO;29300;BESI, LOGAM;INDUSTRI KENDARAAN BERMOTOR, TRAILER DAN SEMI TRAILER;BENGKEL MOBIL;120;UNIT;-;2023
2436;15;JAMBI;1571;157109;1571091002;INDRA;INDRA;PO;29300;LOGAM, BESI;INDUSTRI KENDARAAN BERMOTOR, TRAILER DAN SEMI TRAILER;BENGKEL MOTOR;198000;BH;-;2023
2437;15;JAMBI;1571;157110;1571101005;PO BERINGIN;SALAI;PO;29300;BESI, LOGAM;INDUSTRI KENDARAAN BERMOTOR, TRAILER DAN SEMI TRAILER;BENGKEL MOBIL;240;UNIT;-;2023
2438;15;JAMBI;1571;157110;1571101005;IKSAN;ADIL AZMI;PO;29300;BESI, LOGAM;INDUSTRI KENDARAAN BERMOTOR, TRAILER DAN SEMI TRAILER;BENGKEL DAN CUCIAN MOBIL;120;UNIT;-;2023
2439;15;JAMBI;1571;157110;1571101005;CV. ATA JAYA;M. TAUFIK PULUNGAN;CV;29300;BESI, LOGAM;INDUSTRI KENDARAAN BERMOTOR, TRAILER DAN SEMI TRAILER;BENGKEL MOBIL;120;UNIT;-;2023
2440;15;JAMBI;1571;157110;1571101005;-;ALLEN NABABAN;PO;29300;BESI, LOGAM;INDUSTRI KENDARAAN BERMOTOR, TRAILER DAN SEMI TRAILER;CUCIAN MOBIL;120;UNIT;-;2023
2441;15;JAMBI;1571;157110;1571101005;-;ZAINUDIN;PO;29300;BESI, LOGAM;INDUSTRI KENDARAAN BERMOTOR, TRAILER DAN SEMI TRAILER;BENGKEL MOBIL;120;UNIT;-;2023
2442;15;JAMBI;1571;157102;1571021005;ALEK SERVIS;P LILI THAMRIN;PO;29300;BESI, LOGAM;INDUSTRI KENDARAAN BERMOTOR, TRAILER DAN SEMI TRAILER;BENGKEL MOBIL;120;UNIT;-;2023
2443;15;JAMBI;1571;157102;1571021005;BUDI UTAMA KARYA;JOKO SUPARTO;PO;29300;BESI, LOGAM;INDUSTRI KENDARAAN BERMOTOR, TRAILER DAN SEMI TRAILER;BENGKEL MOBIL;120;UNIT;-;2023
2444;15;JAMBI;1571;157102;1571021005;M T;SURIYANTO;PO;29300;BESI, LOGAM;INDUSTRI KENDARAAN BERMOTOR, TRAILER DAN SEMI TRAILER;BENGKEL MOBIL;82;UNIT;-;2023
2445;15;JAMBI;1571;157102;0;KARYA JAYA;H DAUD ADMINI;PO;29300;BESI, LOGAM;INDUSTRI KENDARAAN BERMOTOR, TRAILER DAN SEMI TRAILER;BENGKEL MOBIL;90;UNIT;-;2023
2446;15;JAMBI;1571;157102;0;ASNAWI BS;ASNAWI BS;PO;29300;BESI, LOGAM;INDUSTRI KENDARAAN BERMOTOR, TRAILER DAN SEMI TRAILER;BENGKEL MOBIL;0;UNIT;-;2023
2447;15;JAMBI;1571;157111;1571111005;SOLIHIN MOTOR;SOLIHIN;PO;29300;BESI, LOGAM;INDUSTRI KENDARAAN BERMOTOR, TRAILER DAN SEMI TRAILER;BENGKEL MOBIL;60;UNIT;-;2023
2448;15;JAMBI;1571;157102;1571021003;HERISON;HERISON;PO;29300;BESI, LOGAM;INDUSTRI KENDARAAN BERMOTOR, TRAILER DAN SEMI TRAILER;BENGKEL MOBIL;15;UNIT;-;2023
2449;15;JAMBI;1571;157102;1571021003;BUDIMAN;EDI;PO;29300;BESI, LOGAM;INDUSTRI KENDARAAN BERMOTOR, TRAILER DAN SEMI TRAILER;CAT MOBIL;36;UNIT;-;2023
2450;15;JAMBI;1571;157102;1571021003;SINAR FAJAR;ALI SADIKIN;PO;29300;BESI, LOGAM;INDUSTRI KENDARAAN BERMOTOR, TRAILER DAN SEMI TRAILER;BENGKEL MOBIL;48;UNIT;-;2023
2451;15;JAMBI;1571;157102;1571021003;HENDRI;HENDRI;PO;29300;BESI, LOGAM;INDUSTRI KENDARAAN BERMOTOR, TRAILER DAN SEMI TRAILER;CAT MOBIL;40;UNIT;-;2023
2452;15;JAMBI;1571;157102;1571021005;-;JEK;PO;29300;BESI, LOGAM;INDUSTRI KENDARAAN BERMOTOR, TRAILER DAN SEMI TRAILER;BENGKEL MOBIL;0;UNIT;-;2023
2453;15;JAMBI;1571;157102;1571021004;SERVICE JOK F;EFRIYADI;PO;29300;BESI, LOGAM;INDUSTRI KENDARAAN BERMOTOR, TRAILER DAN SEMI TRAILER;PEMBUATAN JOK MOBIL;24;UNIT;-;2023
2454;15;JAMBI;1571;157102;1571021004;TOTAL AUTO SERVICE;YANTO TANJUNG;PO;29300;BESI, LOGAM;INDUSTRI KENDARAAN BERMOTOR, TRAILER DAN SEMI TRAILER;CUCIAN MOBIL;3000;UNIT;-;2023
2455;15;JAMBI;1571;157102;1571021004;MANG CEK;SUYANTO;PO;29300;BESI, LOGAM;INDUSTRI KENDARAAN BERMOTOR, TRAILER DAN SEMI TRAILER;PERBAIKAN KAIN KOPLING MOBIL;600;UNIT;-;2023
2456;15;JAMBI;1571;157102;1571021004;BENGKEL ANDING;ANDING;PO;29300;BESI, LOGAM;INDUSTRI KENDARAAN BERMOTOR, TRAILER DAN SEMI TRAILER;BENGKEL MOBIL;48;UNIT;-;2023
2457;15;JAMBI;1571;157102;1571021004;ABUN JANI;ABUN JANI;PO;29300;BESI, LOGAM;INDUSTRI KENDARAAN BERMOTOR, TRAILER DAN SEMI TRAILER;CAT MOBIL;48;UNIT;-;2023
2458;15;JAMBI;1571;157111;1571111005;ANTON SERVIS;ANTON;PO;29300;BESI, LOGAM;INDUSTRI KENDARAAN BERMOTOR, TRAILER DAN SEMI TRAILER;SERVIS DINAMO;48;UNIT;-;2023
2459;15;JAMBI;1571;157102;1571021003;PT. SUTAN KASIM;SUTAN KASIM;PO;29300;BESI, LOGAM;INDUSTRI KENDARAAN BERMOTOR, TRAILER DAN SEMI TRAILER;CUCIAN MOBIL;120;UNIT;-;2023
2460;15;JAMBI;1571;157102;1571021003;PT. SUKA FAJAR;-;PO;29300;BESI, LOGAM;INDUSTRI KENDARAAN BERMOTOR, TRAILER DAN SEMI TRAILER;CUCIAN MOBIL;120;UNIT;-;2023
2461;15;JAMBI;1571;157102;1571111005;JOK MOBIL;USMAN;PO;29300;LOGAM, BESI;INDUSTRI KENDARAAN BERMOTOR, TRAILER DAN SEMI TRAILER;BENGKEL MOTOR;198000;BH;-;2023
2462;15;JAMBI;1571;157103;1571031010;ZAMRI;DRS M ASNI;PO;29300;BESI, LOGAM;INDUSTRI KENDARAAN BERMOTOR, TRAILER DAN SEMI TRAILER;BENGKEL MOBIL;84;UNIT;-;2023
2463;15;JAMBI;1571;157103;1571031002;ATI MOTOR;ATI;PO;29300;BESI, LOGAM;INDUSTRI KENDARAAN BERMOTOR, TRAILER DAN SEMI TRAILER;BENGKEL MOBIL;84;UNIT;-;2023
2464;15;JAMBI;1571;157103;1571031006;KAMARUDIN;KAMARUDIN;PO;29300;BESI, LOGAM;INDUSTRI KENDARAAN BERMOTOR, TRAILER DAN SEMI TRAILER;BENGKEL MOBIL;0;UNIT;-;2023
2465;15;JAMBI;1571;157103;1571031006;RICKY;RICKY;PO;29300;BESI, LOGAM;INDUSTRI KENDARAAN BERMOTOR, TRAILER DAN SEMI TRAILER;BENGKEL MOBIL;0;UNIT;-;2023
2466;15;JAMBI;1571;157103;1571031003;-;AYONG;PO;29300;BESI, LOGAM;INDUSTRI KENDARAAN BERMOTOR, TRAILER DAN SEMI TRAILER;BENGKEL MOBIL;120;UNIT;-;2023
2467;15;JAMBI;1571;157103;1571031003;-;MARDIANTO;PO;29300;BESI, LOGAM;INDUSTRI KENDARAAN BERMOTOR, TRAILER DAN SEMI TRAILER;BENGKEL MOBIL;120;UNIT;-;2023
2468;15;JAMBI;1571;157103;1571031003;-;KASIM;-;29300;BESI, LOGAM;INDUSTRI KENDARAAN BERMOTOR, TRAILER DAN SEMI TRAILER;BENGKEL DAN CUCI MOBIL;120;UNIT;-;2023
2469;15;JAMBI;1571;157103;1571031003;-;BODHIAWAN TANU;-;29300;BESI, LOGAM;INDUSTRI KENDARAAN BERMOTOR, TRAILER DAN SEMI TRAILER;BENGKEL MOBIL;120;UNIT;-;2023
2470;15;JAMBI;1571;157103;1571031003;-;H. NASIR;-;29300;BESI, LOGAM;INDUSTRI KENDARAAN BERMOTOR, TRAILER DAN SEMI TRAILER;BENGKEL MOBIL;120;UNIT;-;2023
2471;15;JAMBI;1571;157108;1571081006;PRIMA JAYA;FERRY;PO;29300;BESI, LOGAM;INDUSTRI KENDARAAN BERMOTOR, TRAILER DAN SEMI TRAILER;BENGKEL MOBIL;84;UNIT;-;2023
2472;15;JAMBI;1571;157108;1571081006;SWIS JAYA MOTOR;JOKOYANTO;PO;29300;BESI, LOGAM;INDUSTRI KENDARAAN BERMOTOR, TRAILER DAN SEMI TRAILER;BENGKEL MOBIL;36;UNIT;-;2023
2473;15;JAMBI;1571;157108;1571081007;CV.CLINIK CAR CARE;ULFA HAIRIYAH SARI;CV;29300;BESI, LOGAM;INDUSTRI KENDARAAN BERMOTOR, TRAILER DAN SEMI TRAILER;BENGKEL MOBIL;120;UNIT;-;2023
2474;15;JAMBI;1571;157107;1571071004;JAYA TEKNIK BARU;JAJULI;PO;29300;BESI, LOGAM;INDUSTRI KENDARAAN BERMOTOR, TRAILER DAN SEMI TRAILER;BENGKEL MOBIL;720;UNIT;-;2023
2475;15;JAMBI;1571;157107;0;SUTOMO;WANA JAYA SUTDJIADI;PO;29300;BESI, LOGAM;INDUSTRI KENDARAAN BERMOTOR, TRAILER DAN SEMI TRAILER;BENGKEL MOBIL;120;UNIT;-;2023
2476;15;JAMBI;1571;157107;1571071005;EFENDI;EFFENDI;PO;29300;BESI, LOGAM;INDUSTRI KENDARAAN BERMOTOR, TRAILER DAN SEMI TRAILER;BENGKEL MOBIL;1050;UNIT;-;2023
2477;15;JAMBI;1571;157107;1507102007;GENIO MOTOR;CHE PLUI;PO;29300;BESI, LOGAM;INDUSTRI KENDARAAN BERMOTOR, TRAILER DAN SEMI TRAILER;BENGKEL MOBIL;0;UNIT;-;2023
2478;15;JAMBI;1571;157107;1507102007;M. YUSUF;CV. ADIL SERVICE;CV;29300;BESI, LOGAM;INDUSTRI KENDARAAN BERMOTOR, TRAILER DAN SEMI TRAILER;CAT MOBIL;0;UNIT;-;2023
2479;15;JAMBI;1571;157107;1571071004;KOTO BARU;FENDI;PO;29300;BESI, LOGAM;INDUSTRI KENDARAAN BERMOTOR, TRAILER DAN SEMI TRAILER;CAT DAN SERVIS;12;UNIT;-;2023
2480;15;JAMBI;1571;157107;1571071001;EDY JOK;EDY;PO;29300;BESI, LOGAM;INDUSTRI KENDARAAN BERMOTOR, TRAILER DAN SEMI TRAILER;REPARASI JOK MOBIL;48;UNIT;-;2023
2481;15;JAMBI;1571;157107;1571071002;BENGKEL ACI;JEFRI;PO;29300;BESI, LOGAM;INDUSTRI KENDARAAN BERMOTOR, TRAILER DAN SEMI TRAILER;BENGKEL MOBIL;42;UNIT;-;2023
2482;15;JAMBI;1571;157107;1571071002;BRODER TEKS;HERI;PO;29300;BESI, LOGAM;INDUSTRI KENDARAAN BERMOTOR, TRAILER DAN SEMI TRAILER;BENGKEL MOBIL;200;UNIT;-;2023
2483;15;JAMBI;1571;157107;1571071001;MITRA JAYA AC;SUWANDI;PO;29300;BESI, LOGAM;INDUSTRI KENDARAAN BERMOTOR, TRAILER DAN SEMI TRAILER;SERVIS AC MOBIL;20;UNIT;-;2023
2484;15;JAMBI;1571;157107;1571071001;BENGKEL SIKUR;SIKURNIA;PO;29300;BESI, LOGAM;INDUSTRI KENDARAAN BERMOTOR, TRAILER DAN SEMI TRAILER;BENGKEL MOBIL;120;UNIT;-;2023
2485;15;JAMBI;1571;157107;1571071002;CHANDA JOK;SUTIMAN;PO;29300;BESI, LOGAM;INDUSTRI KENDARAAN BERMOTOR, TRAILER DAN SEMI TRAILER;PEMBUATAN JOK MOBIL;15;UNIT;-;2023
2486;15;JAMBI;1571;157107;1571071002;DS (DUA SAUDARA);RULLY ANDI;PO;29300;BESI, LOGAM;INDUSTRI KENDARAAN BERMOTOR, TRAILER DAN SEMI TRAILER;BENGKEL MOBIL;144;UNIT;-;2023
2487;15;JAMBI;1571;157107;1571071005;FAISAL SERVICE;FAISAL;PO;29300;BESI, LOGAM;INDUSTRI KENDARAAN BERMOTOR, TRAILER DAN SEMI TRAILER;BENGKEL MOBIL;0;UNIT;-;2023
2488;15;JAMBI;1571;157107;1571071001;MANDIRI;PAIMAN;PO;29300;BESI, LOGAM;INDUSTRI KENDARAAN BERMOTOR, TRAILER DAN SEMI TRAILER;BENGKEL MOBIL;0;UNIT;-;2023
2489;15;JAMBI;1571;157107;1571071005;M.RIZKI;AGUS;PO;29300;BESI, LOGAM;INDUSTRI KENDARAAN BERMOTOR, TRAILER DAN SEMI TRAILER;CAT MOBIL;0;UNIT;-;2023
2490;15;JAMBI;1571;157107;1571071005;PADA ELOK;ANDI AHMAD;PO;29300;BESI, LOGAM;INDUSTRI KENDARAAN BERMOTOR, TRAILER DAN SEMI TRAILER;BENGKEL PRES PER;0;UNIT;-;2023
2491;15;JAMBI;1571;157107;1571071004;PANGESTU;JOKO;PO;29300;BESI, LOGAM;INDUSTRI KENDARAAN BERMOTOR, TRAILER DAN SEMI TRAILER;CAT MOBIL;0;UNIT;-;2023
2492;15;JAMBI;1571;157107;1571071001;PAIMA TEKNIK;RAHMAT;PO;29300;BESI, LOGAM;INDUSTRI KENDARAAN BERMOTOR, TRAILER DAN SEMI TRAILER;SERVIS AC;600;UNIT;-;2023
2493;15;JAMBI;1571;157107;1571071005;ABO DINAMO;ABO ADY;PO;29300;BESI, LOGAM;INDUSTRI KENDARAAN BERMOTOR, TRAILER DAN SEMI TRAILER;SERVICE DINAMO;120;UNIT;-;2023
2494;15;JAMBI;1571;157107;1571071002;-;HERI;PO;29300;BESI, LOGAM;INDUSTRI KENDARAAN BERMOTOR, TRAILER DAN SEMI TRAILER;BENGKEL CAT;120;UNIT;-;2023
2495;15;JAMBI;1571;157107;1571071002;-;ALEX WINARNO;PO;29300;BESI, LOGAM;INDUSTRI KENDARAAN BERMOTOR, TRAILER DAN SEMI TRAILER;BENGKEL CAT;120;UNIT;-;2023
2496;15;JAMBI;1571;157107;1571071001;-;ANWAR;PO;29300;BESI, LOGAM;INDUSTRI KENDARAAN BERMOTOR, TRAILER DAN SEMI TRAILER;BENGKEL MOBIL;120;UNIT;-;2023
2497;15;JAMBI;1571;157107;1571071004;-;KURNIA;PO;29300;BESI, LOGAM;INDUSTRI KENDARAAN BERMOTOR, TRAILER DAN SEMI TRAILER;BENGKEL MOBIL;120;UNIT;-;2023
2498;15;JAMBI;1571;157107;1571071001;-;RUSDI;PO;29300;LOGAM, BESI;INDUSTRI KENDARAAN BERMOTOR, TRAILER DAN SEMI TRAILER;BENGKEL MOTOR;198000;BH;-;2023
2499;15;JAMBI;1571;157107;1571071001;EKO APRIANTO;EKO APRIANTO;PO;29300;LOGAM, BESI;INDUSTRI KENDARAAN BERMOTOR, TRAILER DAN SEMI TRAILER;BENGKEL MOTOR;198000;BH;-;2023
2500;15;JAMBI;1571;157107;1571071001;EFENDI;EFENDI;PO;29300;LOGAM, BESI;INDUSTRI KENDARAAN BERMOTOR, TRAILER DAN SEMI TRAILER;BENGKEL MOTOR;198000;BH;-;2023
2501;15;JAMBI;1571;157107;1571071004;HASAN ALI;HASAN ALI;PO;29300;LOGAM, BESI;INDUSTRI KENDARAAN BERMOTOR, TRAILER DAN SEMI TRAILER;BENGKEL MOTOR;198000;BH;-;2023
2502;15;JAMBI;1571;157111;1571111005;PASADA DINAMO;WANNAR ABDI HASIBUAN;PO;29300;BESI, LOGAM;INDUSTRI KENDARAAN BERMOTOR, TRAILER DAN SEMI TRAILER;SERVIS DINAMO;120;UNIT;-;2023
2503;15;JAMBI;1571;157104;1571041004;AROMA CENDANA CITRA;SUPRATMAN WIJAYA;CV;29300;BESI, LOGAM;INDUSTRI KENDARAAN BERMOTOR, TRAILER DAN SEMI TRAILER;BENGKEL MOBIL;300;UNIT;-;2023
2504;15;JAMBI;1571;157104;0;ANWAR;ANWAR;PO;29300;LOGAM, BESI;INDUSTRI KENDARAAN BERMOTOR, TRAILER DAN SEMI TRAILER;BENGKEL MOTOR;198000;BH;-;2023
2505;15;JAMBI;1571;157101;1571011001;SAIKA;ROMA;PO;29300;BESI, LOGAM;INDUSTRI KENDARAAN BERMOTOR, TRAILER DAN SEMI TRAILER;CUCIAN MOBIL;4500;UNIT;-;2023
2506;15;JAMBI;1571;157101;0;-;SUHARTO;PO;29300;BESI, LOGAM;INDUSTRI KENDARAAN BERMOTOR, TRAILER DAN SEMI TRAILER;TAMBAL BAN;3600;UNIT;-;2023
2507;15;JAMBI;1571;157101;0;-;AHMAD;PO;29300;BESI, LOGAM;INDUSTRI KENDARAAN BERMOTOR, TRAILER DAN SEMI TRAILER;TAMBAL BAN;4500;UNIT;-;2023
2508;15;JAMBI;1571;157101;1571011010;BERDIKARI;SYAHRIAL;PO;29300;BESI, LOGAM;INDUSTRI KENDARAAN BERMOTOR, TRAILER DAN SEMI TRAILER;BENGKEL MOBIL;25;UNIT;-;2023
2509;15;JAMBI;1571;157109;1507112005;AUTO SERVICE;MAIRUSDI;PO;29300;BESI, LOGAM;INDUSTRI KENDARAAN BERMOTOR, TRAILER DAN SEMI TRAILER;BENGKEL MOBIL;0;-;-;2023
2510;15;JAMBI;1571;157110;1571101001;-;RD.HAMID;PO;29300;BESI, LOGAM;INDUSTRI KENDARAAN BERMOTOR, TRAILER DAN SEMI TRAILER;CUCIAN MOTOR;0;-;-;2023
2511;15;JAMBI;1571;157110;1571101003;ALMAS JOK;SOPAN NUDIN;PO;29300;BESI, LOGAM;INDUSTRI KENDARAAN BERMOTOR, TRAILER DAN SEMI TRAILER;PEMBUATAN JOK;0;-;-;2023
2512;15;JAMBI;1571;157106;1504062009;-;M.SUROTO;PO;29300;BESI, LOGAM;INDUSTRI KENDARAAN BERMOTOR, TRAILER DAN SEMI TRAILER;BENGKEL MOBIL;0;-;-;2023
2513;15;JAMBI;1571;157108;1571081006;MARLAN;MARLAN;PO;29300;BESI, LOGAM;INDUSTRI KENDARAAN BERMOTOR, TRAILER DAN SEMI TRAILER;BENGKEL MOBIL;45385;UNIT;-;2023
2514;15;JAMBI;1571;157108;1571081006;BENGKEL SUWANTO;SUWANTO;PO;29300;BESI, LOGAM;INDUSTRI KENDARAAN BERMOTOR, TRAILER DAN SEMI TRAILER;BENGKEL CAT MOBIL;0;-;-;2023
2515;15;JAMBI;1571;157101;1571011010;-;DAMRI TAMPUBOLON;PO;29300;BESI, LOGAM;INDUSTRI KENDARAAN BERMOTOR, TRAILER DAN SEMI TRAILER;BENGKEL MOBIL;0;-;-;2023
2516;15;JAMBI;1571;157101;1571011010;-;KRISDIANTO;PO;29300;BESI, LOGAM;INDUSTRI KENDARAAN BERMOTOR, TRAILER DAN SEMI TRAILER;BENGKEL MOBIL;0;-;-;2023
2517;15;JAMBI;1571;157105;1571051001;-;AHMAD TARMIZI AR;PO;30111;KAYU;INDUSTRI ALAT ANGKUTAN LAINNYA;PEMBUATAN PERAHU;0;-;-;2023
2518;15;JAMBI;1571;157109;0;HONDA SENTOSA;DJONNY ATTAN;PO;30912;BESI, LOGAM;INDUSTRI ALAT ANGKUTAN LAINNYA;BENGKEL MOTOR;750;UNIT;-;2023
2519;15;JAMBI;1571;157109;0;ZENITR MOTOR;KUI FAT;PO;30912;BESI, LOGAM;INDUSTRI ALAT ANGKUTAN LAINNYA;BENGKEL MOTOR;600;UNIT;-;2023
2520;15;JAMBI;1571;157109;0;CV.IQBAL PRATAMA MOTOR;M.YUNUS;CV;30912;BESI, LOGAM;INDUSTRI ALAT ANGKUTAN LAINNYA;BENGKEL MOTOR;120;UNIT;-;2023
2521;15;JAMBI;1571;157109;0;EDDI SUWISMAN;ABADI JAYA SERVICE;PO;30912;BESI, LOGAM;INDUSTRI ALAT ANGKUTAN LAINNYA;BENGKEL MOTOR;750;UNIT;-;2023
2522;15;JAMBI;1571;157109;1507112005;GIANT MOTOR;FERI;PO;30912;BESI, LOGAM;INDUSTRI ALAT ANGKUTAN LAINNYA;BENGKEL MOTOR;480;BUAH;-;2023
2523;15;JAMBI;1571;157109;1507112005;-;EDY;PO;30912;BESI, LOGAM;INDUSTRI ALAT ANGKUTAN LAINNYA;BENGKEL MOTOR;1080;UNIT;-;2023
2524;15;JAMBI;1571;157109;1507112005;-;H.SIANIPAR;PO;30912;BESI, LOGAM;INDUSTRI ALAT ANGKUTAN LAINNYA;BENGKEL MOTOR;1080;UNIT;-;2023
2525;15;JAMBI;1571;157109;1507112005;-;HERI;PO;30912;BESI, LOGAM;INDUSTRI ALAT ANGKUTAN LAINNYA;BENGKEL MOTOR;1080;UNIT;-;2023
2526;15;JAMBI;1571;157109;1507112005;-;JAMAUN;PO;30912;BESI, LOGAM;INDUSTRI ALAT ANGKUTAN LAINNYA;BENGKEL MOTOR;1080;UNIT;-;2023
2527;15;JAMBI;1571;157109;1507112005;-;JULGITO;PO;30912;BESI, LOGAM;INDUSTRI ALAT ANGKUTAN LAINNYA;CUCIAN MOTOR;1080;UNIT;-;2023
2528;15;JAMBI;1571;157109;1507112005;-;TAUFIQ QURAHMAN;PO;30912;BESI, LOGAM;INDUSTRI ALAT ANGKUTAN LAINNYA;CUCIAN MOTOR;1080;UNIT;-;2023
2529;15;JAMBI;1571;157109;1507112005;-;H.SIMORANGKIR;PO;30912;BESI, LOGAM;INDUSTRI ALAT ANGKUTAN LAINNYA;TAMBAL BAN;1080;UNIT;-;2023
2530;15;JAMBI;1571;157109;1507112005;-;IWAN;PO;30912;BESI, LOGAM;INDUSTRI ALAT ANGKUTAN LAINNYA;BENGKEL MOTOR;1080;UNIT;-;2023
2531;15;JAMBI;1571;157109;1507112005;16 MOTOR;ACIN;PO;30912;BESI, LOGAM;INDUSTRI ALAT ANGKUTAN LAINNYA;BENGKEL MOTOR;1080;UNIT;-;2023
2532;15;JAMBI;1571;157109;1507112005;BENGKEL MOTOR;RUDY KURNIAWAN;PO;30912;BESI, LOGAM;INDUSTRI ALAT ANGKUTAN LAINNYA;BENGKEL MOTOR;1080;UNIT;-;2023
2533;15;JAMBI;1571;157109;1507112005;-;TAUFIK;PO;30912;BESI, LOGAM;INDUSTRI ALAT ANGKUTAN LAINNYA;BENGKEL MOTOR;1080;UNIT;-;2023
2534;15;JAMBI;1571;157109;1507112005;-;A.AHOK;PO;30912;BESI, LOGAM;INDUSTRI ALAT ANGKUTAN LAINNYA;BENGKEL MOTOR;1080;UNIT;-;2023
2535;15;JAMBI;1571;157109;1507112005;-;B.GULTOM;PO;30912;BESI, LOGAM;INDUSTRI ALAT ANGKUTAN LAINNYA;BENGKEL MOTOR;1080;UNIT;-;2023
2536;15;JAMBI;1571;157109;1507112005;ROMA MOTOR;BUDIMANGUNAWAN TAN;PO;30912;BESI, LOGAM;INDUSTRI ALAT ANGKUTAN LAINNYA;BENGKEL MOTOR;1080;UNIT;-;2023
2537;15;JAMBI;1571;157109;1571091002;HONDA;HONDA;PO;30912;LOGAM, BESI;INDUSTRI ALAT ANGKUTAN LAINNYA;BENGKEL MOTOR;54000;BH;-;2023
2538;15;JAMBI;1571;157106;1571061005;-;SU'AIDI;PO;30912;BESI, LOGAM;INDUSTRI ALAT ANGKUTAN LAINNYA;BENGKEL MOTOR;35;UNIT;-;2023
2539;15;JAMBI;1571;157106;1571061005;-;LUKMAN;PO;30912;BESI, LOGAM;INDUSTRI ALAT ANGKUTAN LAINNYA;BENGKEL MOTOR;45;UNIT;-;2023
2540;15;JAMBI;1571;157106;1504062009;BENGKEL SYARIF;M.SYARIF HUSIN;IKM;30912;BESI, LOGAM;INDUSTRI ALAT ANGKUTAN LAINNYA;BENGKEL MOTOR;35;UNIT;-;2023
2541;15;JAMBI;1571;157106;1504062009;-;IBRAHIM;IKM;30912;BESI, LOGAM;INDUSTRI ALAT ANGKUTAN LAINNYA;BENGKEL MOTOR;100;UNIT;-;2023
2542;15;JAMBI;1571;157106;1571061001;-;HELMI;PO;30912;BESI, LOGAM;INDUSTRI ALAT ANGKUTAN LAINNYA;BENGKEL MOTOR;100;UNIT;-;2023
2543;15;JAMBI;1571;157106;1503022014;ARDI MOTOR;ARDI;PO;30912;BESI, LOGAM;INDUSTRI ALAT ANGKUTAN LAINNYA;BENGKEL MOTOR;150;UNIT;-;2023
2544;15;JAMBI;1571;157106;1503022014;WAN MOTOR;IWAN;PO;30912;BESI, LOGAM;INDUSTRI ALAT ANGKUTAN LAINNYA;BENGKEL MOTOR;200;UNIT;-;2023
2545;15;JAMBI;1571;157106;1571061004;CAHAYA MOTOR;SISWOKO;PO;30912;BESI, LOGAM;INDUSTRI ALAT ANGKUTAN LAINNYA;BENGKEL MOTOR;500;UNIT;-;2023
2546;15;JAMBI;1571;157106;1571061004;WONK MOGE;HERI FATRIANSYAH;PO;30912;BESI, LOGAM;INDUSTRI ALAT ANGKUTAN LAINNYA;BENGKEL MOTOR;500;UNIT;-;2023
2547;15;JAMBI;1571;157102;0;ADDI SUYANTO;TRI JAYA;PO;30912;BESI, LOGAM;INDUSTRI ALAT ANGKUTAN LAINNYA;BENGKEL MOTOR;600;UNIT;-;2023
2548;15;JAMBI;1571;157102;0;SAHAR TEKUN;SUMBER BARU;PO;30912;BESI, LOGAM;INDUSTRI ALAT ANGKUTAN LAINNYA;BENGKEL MOTOR;90;UNIT;-;2023
2549;15;JAMBI;1571;157102;1571111003;UMI MOTOR;BURMAWI;PO;30912;BESI, LOGAM;INDUSTRI ALAT ANGKUTAN LAINNYA;BENGKEL MOTOR;500;UNIT;-;2023
2550;15;JAMBI;1571;157102;1571021004;TJM;BURHANI;PO;30912;BESI, LOGAM;INDUSTRI ALAT ANGKUTAN LAINNYA;BENGKEL MOTOR;500;UNIT;-;2023
2551;15;JAMBI;1571;157102;1571021006;BENGKEL JNS MOTOR;JHON HERIAL;PO;30912;BESI, LOGAM;INDUSTRI ALAT ANGKUTAN LAINNYA;BENGKEL MOTOR;500;UNIT;-;2023
2552;15;JAMBI;1571;157111;1571111004;ANTO MOTORS;HERDIANTO;PO;30912;BESI, LOGAM;INDUSTRI ALAT ANGKUTAN LAINNYA;BENGKEL MOTOR;500;UNIT;-;2023
2553;15;JAMBI;1571;157111;1571111004;ASAR MOTORS;ASAR;PO;30912;BESI, LOGAM;INDUSTRI ALAT ANGKUTAN LAINNYA;BENGKEL MOTOR;600;UNIT;-;2023
2554;15;JAMBI;1571;157111;0;AGUS MOTOR;AGUS;PO;30912;BESI, LOGAM;INDUSTRI ALAT ANGKUTAN LAINNYA;BENGKEL MOTOR;300;UNIT;-;2023
2555;15;JAMBI;1571;157111;0;YON MOTORS;YON MOTOR;PO;30912;BESI, LOGAM;INDUSTRI ALAT ANGKUTAN LAINNYA;BENGKEL MOTOR;300;UNIT;-;2023
2556;15;JAMBI;1571;157111;1571111005;RIAN MOTOR;ANAS;PO;30912;BESI, LOGAM;INDUSTRI ALAT ANGKUTAN LAINNYA;BENGKEL MOTOR;240;UNIT;-;2023
2557;15;JAMBI;1571;157111;1571111005;DEDI MOTOR;ARIES;PO;30912;BESI, LOGAM;INDUSTRI ALAT ANGKUTAN LAINNYA;BENGKEL MOTOR;300;UNIT;-;2023
2558;15;JAMBI;1571;157102;1571021003;ANGGA MOTOR;ANIFAN;PO;30912;BESI, LOGAM;INDUSTRI ALAT ANGKUTAN LAINNYA;BENGKEL MOTOR;1200;UNIT;-;2023
2559;15;JAMBI;1571;157102;1571021003;-;SUDARTO;PO;30912;BESI, LOGAM;INDUSTRI ALAT ANGKUTAN LAINNYA;CUCIAN MOTOR;2400;UNIT;-;2023
2560;15;JAMBI;1571;157102;1508131001;FIAN MOTOR;SOFYAN NUR;PO;30912;BESI, LOGAM;INDUSTRI ALAT ANGKUTAN LAINNYA;BENGKEL MOTOR;60;UNIT;-;2023
2561;15;JAMBI;1571;157102;1508131001;PUTRA JAYA MOTOR;RONI;PO;30912;BESI, LOGAM;INDUSTRI ALAT ANGKUTAN LAINNYA;BENGKEL MOTOR;150;UNIT;-;2023
2562;15;JAMBI;1571;157102;1571021003;-;HENDRA FERRY;PO;30912;BESI, LOGAM;INDUSTRI ALAT ANGKUTAN LAINNYA;BENGKEL MOTOR;1500;UNIT;-;2023
2563;15;JAMBI;1571;157102;1571021003;USAHA JAYA;SULAIMAN;PO;30912;BESI, LOGAM;INDUSTRI ALAT ANGKUTAN LAINNYA;BENGKEL MOTOR;500;UNIT;-;2023
2564;15;JAMBI;1571;157102;1571021005;CUCIAN GANG 45 MOTOR;MUSTAR;PO;30912;BESI, LOGAM;INDUSTRI ALAT ANGKUTAN LAINNYA;CUCIAN MOTOR;200;UNIT;-;2023
2565;15;JAMBI;1571;157102;1571021005;CENDANA MOTOR;ZAKI ADEN;PO;30912;BESI, LOGAM;INDUSTRI ALAT ANGKUTAN LAINNYA;BENGKEL MOTOR;200;UNIT;-;2023
2566;15;JAMBI;1571;157102;1571021005;HANAFI MOTOR;ALI AMRAN;PO;30912;BESI, LOGAM;INDUSTRI ALAT ANGKUTAN LAINNYA;BENGKEL MOTOR;120;UNIT;-;2023
2567;15;JAMBI;1571;157102;1571021005;TERATAI TEKNIK;IRWAN TANDI;PO;30912;BESI, LOGAM;INDUSTRI ALAT ANGKUTAN LAINNYA;BENGKEL MOTOR;120;UNIT;-;2023
2568;15;JAMBI;1571;157111;1571111003;IHSAN MOTOR;IHSAN;PO;30912;BESI, LOGAM;INDUSTRI ALAT ANGKUTAN LAINNYA;BENGKEL MOTOR;1200;UNIT;-;2023
2569;15;JAMBI;1571;157102;1571021006;KMS MOTOR;M.KADANG MANSUR;PO;30912;BESI, LOGAM;INDUSTRI ALAT ANGKUTAN LAINNYA;BENGKEL MOTOR;120;UNIT;-;2023
2570;15;JAMBI;1571;-;1571021004;MSR;SUDAR;PO;30912;BESI, LOGAM;INDUSTRI ALAT ANGKUTAN LAINNYA;BENGKEL MOTOR;300;UNIT;-;2023
2571;15;JAMBI;1571;157102;1571021006;MARDAN MOTOR;MARDAN;PO;30912;BESI, LOGAM;INDUSTRI ALAT ANGKUTAN LAINNYA;JUAL BELI MOTOR;1080;UNIT;-;2023
2572;15;JAMBI;1571;157102;1571021006;-;MADANG MANSYUR;PO;30912;BESI, LOGAM;INDUSTRI ALAT ANGKUTAN LAINNYA;BENGKEL MOTOR;1080;UNIT;-;2023
2573;15;JAMBI;1571;157102;1571021006;-;DEWI SUSANTI;PO;30912;BESI, LOGAM;INDUSTRI ALAT ANGKUTAN LAINNYA;BENGKEL MOTOR;1080;UNIT;-;2023
2574;15;JAMBI;1571;157102;1571021006;BENGKEL;HAIDIR;PO;30912;BESI, LOGAM;INDUSTRI ALAT ANGKUTAN LAINNYA;BENGKEL MOTOR;1080;UNIT;-;2023
2575;15;JAMBI;1571;157102;1571021003;-;SYAMSUDIN;PO;30912;BESI, LOGAM;INDUSTRI ALAT ANGKUTAN LAINNYA;BENGKEL MOTOR;1080;UNIT;-;2023
2576;15;JAMBI;1571;157102;1571021003;-;SYAHRUL;PO;30912;BESI, LOGAM;INDUSTRI ALAT ANGKUTAN LAINNYA;BENGKEL MOTOR;1080;UNIT;-;2023
2577;15;JAMBI;1571;157111;1571111005;SAUDARA MOTORS;SYAPRIADI;PO;30912;LOGAM, BESI;INDUSTRI ALAT ANGKUTAN LAINNYA;BENGKEL MOTOR;54000;BH;-;2023
2578;15;JAMBI;1571;157103;1571031004;KARYA ABADI JAYA;HENGKY MALIK;PO;30912;BESI, LOGAM;INDUSTRI ALAT ANGKUTAN LAINNYA;BENGKEL MOTOR;120;UNIT;-;2023
2579;15;JAMBI;1571;157103;1571111002;BUSRONI;BUSRONI;PO;30912;BESI, LOGAM;INDUSTRI ALAT ANGKUTAN LAINNYA;CUCIAN MOTOR;200;UNIT;-;2023
2580;15;JAMBI;1571;157103;1571031002;YANTO MOTOR;HASNIANTO;PO;30912;BESI, LOGAM;INDUSTRI ALAT ANGKUTAN LAINNYA;CUCIAN MOTOR;1200;UNIT;-;2023
2581;15;JAMBI;1571;157103;1571031002;DHEA JOK;DEDI;PO;30912;BESI, LOGAM;INDUSTRI ALAT ANGKUTAN LAINNYA;SERVICE JOK;100;UNIT;-;2023
2582;15;JAMBI;1571;157103;1571031002;ACAI MOTOR;ACAI;PO;30912;BESI, LOGAM;INDUSTRI ALAT ANGKUTAN LAINNYA;SERVICE VESPA;150;UNIT;-;2023
2583;15;JAMBI;1571;157103;1571031006;MARYAM HASOY;MARYAM HASOY;PO;30912;BESI, LOGAM;INDUSTRI ALAT ANGKUTAN LAINNYA;CUCIAN MOTOR;1080;UNIT;-;2023
2584;15;JAMBI;1571;157103;1571031006;EVY MULYADI;EVI MULYADI;PO;30912;BESI, LOGAM;INDUSTRI ALAT ANGKUTAN LAINNYA;CUCIAN MOTOR;1080;UNIT;-;2023
2585;15;JAMBI;1571;157103;1571031003;MATARAM SAKTI;BAMBANG;PO;30912;BESI, LOGAM;INDUSTRI ALAT ANGKUTAN LAINNYA;BENGKEL MOTOR;1080;UNIT;-;2023
2586;15;JAMBI;1571;157103;1571031003;-;RIZKI INDRAYADI;PO;30912;BESI, LOGAM;INDUSTRI ALAT ANGKUTAN LAINNYA;BENGKEL MOTOR;1080;UNIT;-;2023
2587;15;JAMBI;1571;157103;1571031003;PERMATA MOTOR;HERIYANTO;PO;30912;BESI, LOGAM;INDUSTRI ALAT ANGKUTAN LAINNYA;BENGKEL MOTOR;1080;UNIT;-;2023
2588;15;JAMBI;1571;157103;1571031003;-;ALEXANDER;PO;30912;BESI, LOGAM;INDUSTRI ALAT ANGKUTAN LAINNYA;BENGKEL MOTOR;1080;UNIT;-;2023
2589;15;JAMBI;1571;157103;1571031003;-;KISWIRMAN;PO;30912;BESI, LOGAM;INDUSTRI ALAT ANGKUTAN LAINNYA;BENGKEL MOTOR;1080;UNIT;-;2023
2590;15;JAMBI;1571;157103;1571031003;-;SUKAMTO;PO;30912;BESI, LOGAM;INDUSTRI ALAT ANGKUTAN LAINNYA;BENGKEL MOTOR;1080;UNIT;-;2023
2591;15;JAMBI;1571;157108;1571081006;SAMS BROTHERS;JANUAR;CV;30912;BESI, LOGAM;INDUSTRI ALAT ANGKUTAN LAINNYA;BENGKEL MOTOR;90;UNIT;-;2023
2592;15;JAMBI;1571;157108;1571081006;CHU HARNO;USAHA KAROSERI MANDIRI;PO;30912;BESI, LOGAM;INDUSTRI ALAT ANGKUTAN LAINNYA;BENGKEL MOTOR;70;UNIT;-;2023
2593;15;JAMBI;1571;157108;1571081007;NINDY MOTOR;KASRUN;PO;30912;BESI, LOGAM;INDUSTRI ALAT ANGKUTAN LAINNYA;BENGKEL MOTOR;135;UNIT;-;2023
2594;15;JAMBI;1571;157108;1503092004;ADI MOTOR;ARIYANDRI;PO;30912;BESI, LOGAM;INDUSTRI ALAT ANGKUTAN LAINNYA;BENGKEL MOTOR;720;UNIT;-;2023
2595;15;JAMBI;1571;157108;1503092004;NABILA MOTOR;ABDULLAH ASRI;PO;30912;BESI, LOGAM;INDUSTRI ALAT ANGKUTAN LAINNYA;BENGKEL MOTOR;150;UNIT;-;2023
2596;15;JAMBI;1571;157108;1503092004;I.I MOTOR;WIWID WAHYUDI;PO;30912;BESI, LOGAM;INDUSTRI ALAT ANGKUTAN LAINNYA;BENGKEL MOTOR;250;UNIT;-;2023
2597;15;JAMBI;1571;157108;1503092004;EDO MOTORS;EDWAR;PO;30912;BESI, LOGAM;INDUSTRI ALAT ANGKUTAN LAINNYA;CUCIAN MOTOR;250;UNIT;-;2023
2598;15;JAMBI;1571;157108;1571081006;SUKRI BENGKEL;SUKRIA;PO;30912;BESI, LOGAM;INDUSTRI ALAT ANGKUTAN LAINNYA;BENGKEL MOTOR;250;UNIT;-;2023
2599;15;JAMBI;1571;157108;1571081007;CV.PANDU JAYA MOTOR;JASI GILANG;CV;30912;BESI, LOGAM;INDUSTRI ALAT ANGKUTAN LAINNYA;BENGKEL MOTOR;1080;UNIT;-;2023
2600;15;JAMBI;1571;157108;1571081007;BENGKEL MEGA GEMILANG MOTOR;SAID FUAD;PO;30912;BESI, LOGAM;INDUSTRI ALAT ANGKUTAN LAINNYA;BENGKEL MOTOR;1080;UNIT;-;2023
2601;15;JAMBI;1571;157108;1571081007;BENGKEL KARYA MANDIRI;ROMI;PO;30912;BESI, LOGAM;INDUSTRI ALAT ANGKUTAN LAINNYA;BENGKEL MOTOR;1080;UNIT;-;2023
2602;15;JAMBI;1571;157108;1503092004;SUN MOTOR;-;PO;30912;BESI, LOGAM;INDUSTRI ALAT ANGKUTAN LAINNYA;BENGKEL MOTOR;360;UNIT;-;2023
2603;15;JAMBI;1571;157108;1571081007;BENGKEL YENDRI MOTOR;YENDRI;PO;30912;LOGAM, BESI;INDUSTRI ALAT ANGKUTAN LAINNYA;BENGKEL MOTOR;54000;BH;-;2023
2604;15;JAMBI;1571;157107;1507102007;RAMDANI;A.M. SERVICE;CV;30912;BESI, LOGAM;INDUSTRI ALAT ANGKUTAN LAINNYA;BENGKEL MOTOR;180;UNIT;-;2023
2605;15;JAMBI;1571;157107;1507102007;LUYANTO;PT. SUMBER TEKNIK;PT;30912;BESI, LOGAM;INDUSTRI ALAT ANGKUTAN LAINNYA;BENGKEL MOTOR;400;UNIT;-;2023
2606;15;JAMBI;1571;157107;1507102007;KARSINI;HERY;PO;30912;BESI, LOGAM;INDUSTRI ALAT ANGKUTAN LAINNYA;BENGKEL MOTOR;60;UNIT;-;2023
2607;15;JAMBI;1571;157107;1507102007;SUBAKI;LEGOWO;PO;30912;BESI, LOGAM;INDUSTRI ALAT ANGKUTAN LAINNYA;BENGKEL MOTOR;150;UNIT;-;2023
2608;15;JAMBI;1571;157107;1571071005;NGUNANG MOTOR;BERLIAN SAPUTRA;PO;30912;BESI, LOGAM;INDUSTRI ALAT ANGKUTAN LAINNYA;CUCIAN MOTOR;120;BUAH;-;2023
2609;15;JAMBI;1571;157107;1571071001;ANDI;ERMAN;PO;30912;BESI, LOGAM;INDUSTRI ALAT ANGKUTAN LAINNYA;CUCIAN MOTOR;1500;UNIT;-;2023
2610;15;JAMBI;1571;157107;1571071001;AGUNG;SANDI;PO;30912;BESI, LOGAM;INDUSTRI ALAT ANGKUTAN LAINNYA;BENGKEL MOTOR;400;UNIT;-;2023
2611;15;JAMBI;1571;157107;1571071002;ZAKI MOTOR;HARIYANTO;PO;30912;BESI, LOGAM;INDUSTRI ALAT ANGKUTAN LAINNYA;BENGKEL MOTOR;300;UNIT;-;2023
2612;15;JAMBI;1571;157107;1571071001;GERY MOTOR;IRFANTO;PO;30912;BESI, LOGAM;INDUSTRI ALAT ANGKUTAN LAINNYA;BENGKEL MOTOR;200;UNIT;-;2023
2613;15;JAMBI;1571;157107;1571071001;SIUL MOTOR;TOTO JUMINTO;PO;30912;BESI, LOGAM;INDUSTRI ALAT ANGKUTAN LAINNYA;BENGKEL MOTOR;250;UNIT;-;2023
2614;15;JAMBI;1571;157107;1571071001;-;AGUSTINUS WAHYUDI;PO;30912;BESI, LOGAM;INDUSTRI ALAT ANGKUTAN LAINNYA;BENGKEL MOTOR;200;UNIT;-;2023
2615;15;JAMBI;1571;157107;1571071001;DIMAS MOTOR;WIRATNO;PO;30912;BESI, LOGAM;INDUSTRI ALAT ANGKUTAN LAINNYA;BENGKEL MOTOR;400;UNIT;-;2023
2616;15;JAMBI;1571;157107;1571071001;BERRIAL MOTOR;FACHRUL;PO;30912;BESI, LOGAM;INDUSTRI ALAT ANGKUTAN LAINNYA;BENGKEL MOTOR;36;UNIT;-;2023
2617;15;JAMBI;1571;157107;1571071001;RAPI JAYA MOTOR;NANANG;PO;30912;BESI, LOGAM;INDUSTRI ALAT ANGKUTAN LAINNYA;BENGKEL MOTOR;1000;UNIT;-;2023
2618;15;JAMBI;1571;157107;1571071001;SG MOTOR;SIRUJO MUNIR;PO;30912;BESI, LOGAM;INDUSTRI ALAT ANGKUTAN LAINNYA;BENGKEL MOTOR;200;UNIT;-;2023
2619;15;JAMBI;1571;157107;1571071002;-;ROSMAWAR;PO;30912;BESI, LOGAM;INDUSTRI ALAT ANGKUTAN LAINNYA;BENGKEL MOTOR;75;UNIT;-;2023
2620;15;JAMBI;1571;157107;1571071004;BENGKEL MOTOR ATOK;SUYANTO;PO;30912;BESI, LOGAM;INDUSTRI ALAT ANGKUTAN LAINNYA;BENGKEL MOTOR;75;UNIT;-;2023
2621;15;JAMBI;1571;157107;1571071005;KINCLONG I;JAKA;PO;30912;BESI, LOGAM;INDUSTRI ALAT ANGKUTAN LAINNYA;CUCIAN MOTOR;75;UNIT;-;2023
2622;15;JAMBI;1571;157107;1571071005;BUAH HATI;MAMAN;PO;30912;BESI, LOGAM;INDUSTRI ALAT ANGKUTAN LAINNYA;CUCIAN MOTOR;250;UNIT;-;2023
2623;15;JAMBI;1571;157107;1571071005;JUSTIN MOTOR;MANTO;PO;30912;BESI, LOGAM;INDUSTRI ALAT ANGKUTAN LAINNYA;BENGKEL MOTOR;250;UNIT;-;2023
2624;15;JAMBI;1571;157107;1571071001;IMS MOTOR;IMAN;PO;30912;BESI, LOGAM;INDUSTRI ALAT ANGKUTAN LAINNYA;BENGKEL MOTOR;250;UNIT;-;2023
2625;15;JAMBI;1571;157107;1571071005;FOKUS ANTO SERVICE;YANTO;PO;30912;BESI, LOGAM;INDUSTRI ALAT ANGKUTAN LAINNYA;BENGKEL MOTOR;250;UNIT;-;2023
2626;15;JAMBI;1571;157107;1571071005;RABTAMA MOTOR;HENDY;PO;30912;BESI, LOGAM;INDUSTRI ALAT ANGKUTAN LAINNYA;BENGKEL MOTOR;250;UNIT;-;2023
2627;15;JAMBI;1571;157107;1571071004;USAHA MULIA;SUTARTO;PO;30912;BESI, LOGAM;INDUSTRI ALAT ANGKUTAN LAINNYA;BENGKEL MOTOR;250;UNIT;-;2023
2628;15;JAMBI;1571;157107;1571071001;ANUGERAH MANDIRI;EDY;PO;30912;BESI, LOGAM;INDUSTRI ALAT ANGKUTAN LAINNYA;BENGKEL MOTOR;250;UNIT;-;2023
2629;15;JAMBI;1571;157107;1571071005;BUAH HATI;ANTONI;PO;30912;BESI, LOGAM;INDUSTRI ALAT ANGKUTAN LAINNYA;CUCIAN MOTOR;250;UNIT;-;2023
2630;15;JAMBI;1571;157107;1571071005;TRANS;HERRY;PO;30912;BESI, LOGAM;INDUSTRI ALAT ANGKUTAN LAINNYA;BENGKEL MOTOR;1080;UNIT;-;2023
2631;15;JAMBI;1571;157107;1571071005;-;SABARUDDIN;PO;30912;BESI, LOGAM;INDUSTRI ALAT ANGKUTAN LAINNYA;BENGKEL MOTOR;1080;UNIT;-;2023
2632;15;JAMBI;1571;157107;1571071005;-;RAGIL ISBANDI;PO;30912;BESI, LOGAM;INDUSTRI ALAT ANGKUTAN LAINNYA;BENGKEL MOTOR;1080;UNIT;-;2023
2633;15;JAMBI;1571;157107;1571071005;-;POTBER WINDARI;PO;30912;BESI, LOGAM;INDUSTRI ALAT ANGKUTAN LAINNYA;BENGKEL MOTOR;1080;UNIT;-;2023
2634;15;JAMBI;1571;157107;1571071005;-;MARDOS.M;PO;30912;BESI, LOGAM;INDUSTRI ALAT ANGKUTAN LAINNYA;BENGKEL MOTOR;1080;UNIT;-;2023
2635;15;JAMBI;1571;157107;1571071005;-;SAHWAN.T;PO;30912;BESI, LOGAM;INDUSTRI ALAT ANGKUTAN LAINNYA;BENGKEL MOTOR;1080;UNIT;-;2023
2636;15;JAMBI;1571;157107;1571071005;-;SRIYANTO;PO;30912;BESI, LOGAM;INDUSTRI ALAT ANGKUTAN LAINNYA;BENGKEL MOTOR;1080;UNIT;-;2023
2637;15;JAMBI;1571;157107;1571071005;-;CUCU SUNARMA;PO;30912;BESI, LOGAM;INDUSTRI ALAT ANGKUTAN LAINNYA;BENGKEL MOTOR;1080;UNIT;-;2023
2638;15;JAMBI;1571;157107;1571071005;-;PAIDI SUYUTNO;PO;30912;BESI, LOGAM;INDUSTRI ALAT ANGKUTAN LAINNYA;CUCIAN MOTOR;1080;UNIT;-;2023
2639;15;JAMBI;1571;157107;1571071005;-;CHANDRA ISWAHYUDI;PO;30912;BESI, LOGAM;INDUSTRI ALAT ANGKUTAN LAINNYA;JOK MOTOR;1080;UNIT;-;2023
2640;15;JAMBI;1571;157107;1571071002;AMAS SERVICE;RAGOT SIANTURI;PO;30912;BESI, LOGAM;INDUSTRI ALAT ANGKUTAN LAINNYA;BENGKEL MOTOR;1080;UNIT;-;2023
2641;15;JAMBI;1571;157107;1571071004;-;KURNIAWAN.S;PO;30912;BESI, LOGAM;INDUSTRI ALAT ANGKUTAN LAINNYA;CUCIAN MOTOR;1080;UNIT;-;2023
2642;15;JAMBI;1571;157107;1571071004;-;AHMAD TARMIZI;PO;30912;BESI, LOGAM;INDUSTRI ALAT ANGKUTAN LAINNYA;BENGKEL MOTOR;1080;UNIT;-;2023
2643;15;JAMBI;1571;157107;1571071004;-;ABDUL MUIN;PO;30912;BESI, LOGAM;INDUSTRI ALAT ANGKUTAN LAINNYA;TAMBAL BAN;1080;UNIT;-;2023
2644;15;JAMBI;1571;157107;1571071002;TJU SIONG SIJA;TJU SIONG SIJA;PO;30912;LOGAM, BESI;INDUSTRI ALAT ANGKUTAN LAINNYA;BENGKEL MOTOR;54000;BH;-;2023
2645;15;JAMBI;1571;157107;1571071002;KUSWOYO;KUSWOYO;PO;30912;LOGAM, BESI;INDUSTRI ALAT ANGKUTAN LAINNYA;BENGKEL MOTOR;54000;BH;-;2023
2646;15;JAMBI;1571;157107;1571071004;SYARIF HARAHAP;SYARIF HARAHAP;PO;30912;LOGAM, BESI;INDUSTRI ALAT ANGKUTAN LAINNYA;BENGKEL MOTOR;54000;BH;-;2023
2647;15;JAMBI;1571;157107;1571071004;IRA MUNIR;IRA MUNIR;PO;30912;LOGAM, BESI;INDUSTRI ALAT ANGKUTAN LAINNYA;BENGKEL MOTOR;54000;BH;-;2023
2648;15;JAMBI;1571;157107;1571071004;AHMAD TARMIZI;AHMAD TARMIZI;PO;30912;LOGAM, BESI;INDUSTRI ALAT ANGKUTAN LAINNYA;BENGKEL MOTOR;54000;BH;-;2023
2649;15;JAMBI;1571;157107;1571071004;SUHERLAN;SUHERLAN;PO;30912;LOGAM, BESI;INDUSTRI ALAT ANGKUTAN LAINNYA;BENGKEL MOTOR;54000;BH;-;2023
2650;15;JAMBI;1571;157107;1571071004;DONNI TAMTAMA;DONNI TAMTAMA;PO;30912;LOGAM, BESI;INDUSTRI ALAT ANGKUTAN LAINNYA;BENGKEL MOTOR;54000;BH;-;2023
2651;15;JAMBI;1571;157107;1571071001;SUGENG RIYADI;SUGENG RIYADI;PO;30912;LOGAM, BESI;INDUSTRI ALAT ANGKUTAN LAINNYA;BENGKEL MOTOR;54000;BH;-;2023
2652;15;JAMBI;1571;157107;1571071001;R. TAMPUBOLON;R. TAMPUBOLON;PO;30912;LOGAM, BESI;INDUSTRI ALAT ANGKUTAN LAINNYA;BENGKEL MOTOR;54000;BH;-;2023
2653;15;JAMBI;1571;157107;1571071004;ABDUL MUIN;ABDUL MUIN;PO;30912;LOGAM, BESI;INDUSTRI ALAT ANGKUTAN LAINNYA;BENGKEL MOTOR;54000;BH;-;2023
2654;15;JAMBI;1571;157107;1571071004;POOR;POOR;PO;30912;LOGAM, BESI;INDUSTRI ALAT ANGKUTAN LAINNYA;BENGKEL MOTOR;54000;BH;-;2023
2655;15;JAMBI;1571;157104;0;ANDA;KUSEN;PO;30912;BESI, LOGAM;INDUSTRI ALAT ANGKUTAN LAINNYA;BENGKEL MOTOR;180;UNIT;-;2023
2656;15;JAMBI;1571;157104;0;EKO ANUGROHO;EKO ANUGROHO;PO;30912;LOGAM, BESI;INDUSTRI ALAT ANGKUTAN LAINNYA;BENGKEL MOTOR;54000;BH;-;2023
2657;15;JAMBI;1571;157105;1571051002;-;AMIR;PO;30912;BESI, LOGAM;INDUSTRI ALAT ANGKUTAN LAINNYA;BENGKEL MOTOR;250;UNIT;-;2023
2658;15;JAMBI;1571;157105;1571051006;ALJAUHAREN;AHMAD MUTAKIN;PO;30912;BESI, LOGAM;INDUSTRI ALAT ANGKUTAN LAINNYA;BENGKEL MOTOR;250;UNIT;-;2023
2659;15;JAMBI;1571;157105;1571051001;-;EDI ALI.S;PO;30912;BESI, LOGAM;INDUSTRI ALAT ANGKUTAN LAINNYA;BENGKEL MOTOR;250;UNIT;-;2023
2660;15;JAMBI;1571;157105;1571051001;-;FAHMI;PO;30912;BESI, LOGAM;INDUSTRI ALAT ANGKUTAN LAINNYA;BENGKEL MOTOR;250;UNIT;-;2023
2661;15;JAMBI;1571;157105;1571051004;RPM 2;ANDRE ALFI;PO;30912;BESI, LOGAM;INDUSTRI ALAT ANGKUTAN LAINNYA;BENGKEL MOTOR;250;UNIT;-;2023
2662;15;JAMBI;1571;157105;1571051005;-;M.DAUD;PO;30912;BESI, LOGAM;INDUSTRI ALAT ANGKUTAN LAINNYA;BENGKEL MOTOR;250;UNIT;-;2023
2663;15;JAMBI;1571;157105;1571051005;-;SABRAN JAMIL;PO;30912;BESI, LOGAM;INDUSTRI ALAT ANGKUTAN LAINNYA;BENGKEL MOTOR;250;UNIT;-;2023
2664;15;JAMBI;1571;157105;1571051005;-;LUKMAN;PO;30912;BESI, LOGAM;INDUSTRI ALAT ANGKUTAN LAINNYA;BENGKEL MOTOR;250;UNIT;-;2023
2665;15;JAMBI;1571;157105;1571051005;-;SULAIMAN;PO;30912;BESI, LOGAM;INDUSTRI ALAT ANGKUTAN LAINNYA;BENGKEL MOTOR;250;UNIT;-;2023
2666;15;JAMBI;1571;157105;1571051001;HARIS MOTOR;HARIS;PO;30912;BESI, LOGAM;INDUSTRI ALAT ANGKUTAN LAINNYA;BENGKEL MOTOR;250;UNIT;-;2023
2667;15;JAMBI;1571;157105;1571051004;AMIN SERVICE;AMIN;PO;30912;BESI, LOGAM;INDUSTRI ALAT ANGKUTAN LAINNYA;BENGKEL MOTOR;250;UNIT;-;2023
2668;15;JAMBI;1571;157105;1571051004;ACENG SERVICE;ACENG;PO;30912;BESI, LOGAM;INDUSTRI ALAT ANGKUTAN LAINNYA;BENGKEL MOTOR;250;UNIT;-;2023
2669;15;JAMBI;1571;157105;1571051002;AMIR;AL HADAD;CV;30912;BESI, LOGAM;INDUSTRI ALAT ANGKUTAN LAINNYA;BENGKEL MOTOR;480;UNIT;-;2023
2670;15;JAMBI;1571;157105;1571051002;M.DAUD;DEPOT AEK;CV;30912;BESI, LOGAM;INDUSTRI ALAT ANGKUTAN LAINNYA;BENGKEL MOTOR;1080;UNIT;-;2023
2671;15;JAMBI;1571;157105;1571051002;SULAIMAN;DUL ELECTRIK SER;CV;30912;BESI, LOGAM;INDUSTRI ALAT ANGKUTAN LAINNYA;BENGKEL MOTOR;1080;UNIT;-;2023
2672;15;JAMBI;1571;157105;1571051001;IMRON SERVICE;IMRON;PO;30912;LOGAM, BESI;INDUSTRI ALAT ANGKUTAN LAINNYA;BENGKEL MOTOR;54000;BH;-;2023
2673;15;JAMBI;1571;157105;1571051001;-;S. FAHMI;PO;30912;LOGAM, BESI;INDUSTRI ALAT ANGKUTAN LAINNYA;BENGKEL MOTOR;0;-;-;2023
2674;15;JAMBI;1571;157105;1571051001;-;ROZIAL;PO;30912;LOGAM, BESI;INDUSTRI ALAT ANGKUTAN LAINNYA;BENGKEL MOTOR;0;-;-;2023
2675;15;JAMBI;1571;157101;0;BATANG HARI NOSTA;IR H ABUKHAIRAH;PT;30912;BESI, LOGAM;INDUSTRI ALAT ANGKUTAN LAINNYA;BENGKEL MOTOR;120;UNIT;-;2023
2676;15;JAMBI;1571;157101;1571011010;KIRA MOTOR;JUNAIDI;PO;30912;BESI, LOGAM;INDUSTRI ALAT ANGKUTAN LAINNYA;BENGKEL MOTOR;250;UNIT;-;2023
2677;15;JAMBI;1571;157101;1571011010;ANJAS MOTOR;RD.ILYAS;PO;30912;BESI, LOGAM;INDUSTRI ALAT ANGKUTAN LAINNYA;BENGKEL MOTOR;250;UNIT;-;2023
2678;15;JAMBI;1571;157101;1571011010;ADY MOTOR;ADY;PO;30912;BESI, LOGAM;INDUSTRI ALAT ANGKUTAN LAINNYA;BENGKEL MOTOR;250;UNIT;-;2023
2679;15;JAMBI;1571;157101;0;IAN MOTOR;YALUKMAN;PO;30912;BESI, LOGAM;INDUSTRI ALAT ANGKUTAN LAINNYA;BENGKEL MOTOR;100;UNIT;-;2023
2680;15;JAMBI;1571;157101;0;DEDE MOTOR;DEDE;PO;30912;BESI, LOGAM;INDUSTRI ALAT ANGKUTAN LAINNYA;BENGKEL MOTOR;960;UNIT;-;2023
2681;15;JAMBI;1571;157101;0;IWAN MOTOR;IWAN;PO;30912;BESI, LOGAM;INDUSTRI ALAT ANGKUTAN LAINNYA;BENGKEL MOTOR;1200;UNIT;-;2023
2682;15;JAMBI;1571;157101;1571011003;BINTANG JAYA;BUDI;PO;30912;BESI, LOGAM;INDUSTRI ALAT ANGKUTAN LAINNYA;BENGKEL MOTOR;600;UNIT;-;2023
2683;15;JAMBI;1571;157101;1571011003;REJEKI MOTOR;ZAINI;PO;30912;BESI, LOGAM;INDUSTRI ALAT ANGKUTAN LAINNYA;BENGKEL MOTOR;720;UNIT;-;2023
2684;15;JAMBI;1571;157101;1571011003;DIAMONA 88;FAUZI;PO;30912;BESI, LOGAM;INDUSTRI ALAT ANGKUTAN LAINNYA;BENGKEL MOTOR;50;UNIT;-;2023
2685;15;JAMBI;1571;157101;1571011003;DIAMONA 2;ROJALI;PO;30912;BESI, LOGAM;INDUSTRI ALAT ANGKUTAN LAINNYA;BENGKEL MOTOR;1500;UNIT;-;2023
2686;15;JAMBI;1571;157101;1571011003;FAHRI MOTOR;MUSTAFA KAMAL;PO;30912;BESI, LOGAM;INDUSTRI ALAT ANGKUTAN LAINNYA;BENGKEL MOTOR;1500;UNIT;-;2023
2687;15;JAMBI;1571;157101;1571011003;PINGUIN MOTOR;MISTUR KURNIA;PO;30912;BESI, LOGAM;INDUSTRI ALAT ANGKUTAN LAINNYA;BENGKEL MOTOR;1200;UNIT;-;2023
2688;15;JAMBI;1571;157101;1571011003;IQBAL MOTOR;HENDRA;PO;30912;BESI, LOGAM;INDUSTRI ALAT ANGKUTAN LAINNYA;BENGKEL MOTOR;200;UNIT;-;2023
2689;15;JAMBI;1571;157101;1571011002;JOLY MOTOR OIL;JOLY TAMPUBOLON;PO;30912;BESI, LOGAM;INDUSTRI ALAT ANGKUTAN LAINNYA;BENGKEL MOTOR;100;UNIT;-;2023
2690;15;JAMBI;1571;157101;1571011003;ALDO MOTORS;MUSTAR;PO;30912;BESI, LOGAM;INDUSTRI ALAT ANGKUTAN LAINNYA;BENGKEL MOTOR;500;UNIT;-;2023
2691;15;JAMBI;1571;157101;1571011002;AA.MOTORS;RD.SULAIMAN;PO;30912;BESI, LOGAM;INDUSTRI ALAT ANGKUTAN LAINNYA;BENGKEL MOTOR;500;UNIT;-;2023
2692;15;JAMBI;1571;157101;1571011002;KIKI MOTORS;NANA;PO;30912;BESI, LOGAM;INDUSTRI ALAT ANGKUTAN LAINNYA;BENGKEL MOTOR;100;UNIT;-;2023
2693;15;JAMBI;1571;157101;1571011002;TEDDY MOTOR;HASAN BASRI;PO;30912;BESI, LOGAM;INDUSTRI ALAT ANGKUTAN LAINNYA;BENGKEL MOTOR;480;UNIT;-;2023
2694;15;JAMBI;1571;157101;1571011002;YANTO MOTOR;YANTO;PO;30912;BESI, LOGAM;INDUSTRI ALAT ANGKUTAN LAINNYA;BENGKEL MOTOR;480;UNIT;-;2023
2695;15;JAMBI;1571;157101;1571011002;SADEWA MOTOR;SYAPRI;PO;30912;BESI, LOGAM;INDUSTRI ALAT ANGKUTAN LAINNYA;BENGKEL MOTOR;480;UNIT;-;2023
2696;15;JAMBI;1571;157109;1571091001;-;ALWI;PO;30912;BESI, LOGAM;INDUSTRI ALAT ANGKUTAN LAINNYA;CUCIAN MOTOR;0;-;-;2023
2697;15;JAMBI;1571;157109;1571091004;TAMBAL BAN;JUANDA SARAGIH;PO;30912;BESI, LOGAM;INDUSTRI ALAT ANGKUTAN LAINNYA;TAMBAL BAN;0;-;-;2023
2698;15;JAMBI;1571;157109;1571091004;TAMBAL BAN MASRI;MASRI RIANA;PO;30912;BESI, LOGAM;INDUSTRI ALAT ANGKUTAN LAINNYA;TAMBAL BAN;0;-;-;2023
2699;15;JAMBI;1571;157109;1571091004;SARANA MOTOR;UNTUNG HARTONO;PO;30912;LOGAM,BESI;INDUSTRI ALAT ANGKUTAN LAINNYA;BENGKEL MOTOR;0;-;-;2023
2700;15;JAMBI;1571;157109;1571091003;CLEAN JAYA ABADI;GATOT WIDAGDO;PO;30912;BESI, LOGAM;INDUSTRI ALAT ANGKUTAN LAINNYA;BENGKEL DAN KAMPAS ALAT CUCI MOBIL;0;-;-;2023
2701;15;JAMBI;1571;157109;1571091003;TAMIN SERVICE;TAMIN;PO;30912;BESI, LOGAM;INDUSTRI ALAT ANGKUTAN LAINNYA;BENGKEL;0;-;-;2023
2702;15;JAMBI;1571;157109;1571091005;RESTU JAYA MOTOR;FAHRIZAL AMIN;PO;30912;BESI, LOGAM;INDUSTRI ALAT ANGKUTAN LAINNYA;BENGKEL;0;-;-;2023
2703;15;JAMBI;1571;157109;1507112005;IMAN VARIASI;NUR MUHAMMAD ARI SUPRIYANTO;PO;30912;BESI, LOGAM;INDUSTRI ALAT ANGKUTAN LAINNYA;VARIASI JOK MOTOR DAN PLAT MOTOR;0;-;-;2023
2704;15;JAMBI;1571;157109;1507112005;IWAN MOTOR;ANDI ISKANDAR;PO;30912;BESI, LOGAM;INDUSTRI ALAT ANGKUTAN LAINNYA;BENGKEL MOTOR;0;-;-;2023
2705;15;JAMBI;1571;157109;1507112005;BENGKEL O PARAPAT;MARTUA O PARAPAT;PO;30912;BESI, LOGAM;INDUSTRI ALAT ANGKUTAN LAINNYA;BENGKEL MOTOR;0;-;-;2023
2706;15;JAMBI;1571;157110;1571101003;BENGKEL ABIZAR;DASMA JUNITA;PO;30912;BESI, LOGAM;INDUSTRI ALAT ANGKUTAN LAINNYA;BENGKEL;0;-;-;2023
2707;15;JAMBI;1571;157110;1571101004;BENGKEL ARI;ARIMANSYA;PO;30912;BESI, LOGAM;INDUSTRI ALAT ANGKUTAN LAINNYA;BENGKEL;0;-;-;2023
2708;15;JAMBI;1571;157106;1504062009;-;BEJO MULYONO;PO;30912;BESI, LOGAM;INDUSTRI ALAT ANGKUTAN LAINNYA;BENGKEL MOTOR;0;-;-;2023
2709;15;JAMBI;1571;157106;1504062009;-;ZALIK AL-MUKHOR;PO;30912;BESI, LOGAM;INDUSTRI ALAT ANGKUTAN LAINNYA;BENGKEL;0;-;-;2023
2710;15;JAMBI;1571;157106;1504062009;-;ERWIN;PO;30912;BESI, LOGAM;INDUSTRI ALAT ANGKUTAN LAINNYA;BENGKEL MOTOR;0;-;-;2023
2711;15;JAMBI;1571;157106;1504062009;-;ALPIAN;PO;30912;BESI, LOGAM;INDUSTRI ALAT ANGKUTAN LAINNYA;BENGKEL;0;-;-;2023
2712;15;JAMBI;1571;157106;1504062009;-;MUSLICH;PO;30912;BESI, LOGAM;INDUSTRI ALAT ANGKUTAN LAINNYA;BENGKEL;0;-;-;2023
2713;15;JAMBI;1571;157106;1571061005;-;M.SU'AIDI;PO;30912;BESI, LOGAM;INDUSTRI ALAT ANGKUTAN LAINNYA;BENGKEL;0;-;-;2023
2714;15;JAMBI;1571;157106;1571061005;-;MARTUNIS;PO;30912;BESI, LOGAM;INDUSTRI ALAT ANGKUTAN LAINNYA;BENGKEL;0;-;-;2023
2715;15;JAMBI;1571;157106;1571061004;-;THAMRIN PUTRA;PO;30912;BESI, LOGAM;INDUSTRI ALAT ANGKUTAN LAINNYA;BENGKEL;0;-;-;2023
2716;15;JAMBI;1571;157106;1571061004;-;ABDURRAHMAN;PO;30912;BESI, LOGAM;INDUSTRI ALAT ANGKUTAN LAINNYA;BENGKEL;0;-;-;2023
2717;15;JAMBI;1571;157106;1571061004;-;IKNAQ HADORI;PO;30912;BESI, LOGAM;INDUSTRI ALAT ANGKUTAN LAINNYA;BENGKEL MOTOR;0;-;-;2023
2718;15;JAMBI;1571;157102;1571021006;-;A.KWANG;PO;30912;BESI, LOGAM;INDUSTRI ALAT ANGKUTAN LAINNYA;CUCIAN MOTOR;0;-;-;2023
2719;15;JAMBI;1571;157103;1571031001;-;APONG;PO;30912;LOGAM,BESI;INDUSTRI ALAT ANGKUTAN LAINNYA;BENGKEL SEPEDA;1000;-;-;2023
2720;15;JAMBI;1571;157108;1571081006;BENGKEL SEPEDA;TEGUH SANTOSO;PO;30912;LOGAM,BESI;INDUSTRI ALAT ANGKUTAN LAINNYA;BENGKEL SEPEDA;0;-;-;2023
2721;15;JAMBI;1571;157104;1571041004;-;JONI ISKANDAR;PO;30912;LOGAM, BESI;INDUSTRI ALAT ANGKUTAN LAINNYA;BENGKEL MOTOR;0;-;-;2023
2722;15;JAMBI;1571;157104;1571041004;-;KHOIRIL AMAL;PO;30912;LOGAM, BESI;INDUSTRI ALAT ANGKUTAN LAINNYA;BENGKEL MOTOR;0;-;-;2023
2723;15;JAMBI;1571;157105;1571051001;-;NURAHMAD WAHID;PO;30912;LOGAM, BESI;INDUSTRI ALAT ANGKUTAN LAINNYA;BENGKEL;0;-;-;2023
2724;15;JAMBI;1571;157105;1571051003;-;M.SYUKRON MUKMIN;PO;30912;LOGAM, BESI;INDUSTRI ALAT ANGKUTAN LAINNYA;BENGKEL;0;-;-;2023
2725;15;JAMBI;1571;157105;1571051002;-;NANADA ADE PURNOMO;PO;30912;LOGAM, BESI;INDUSTRI ALAT ANGKUTAN LAINNYA;BENGKEL;0;-;-;2023
2726;15;JAMBI;1571;157105;1571051005;-;SAZALI;PO;30912;BESI, LOGAM;INDUSTRI ALAT ANGKUTAN LAINNYA;CUCIAN MOTOR;0;-;-;2023
2727;15;JAMBI;1571;157105;1571051005;-;ABDUL RAHMAN;PO;30912;BESI, LOGAM;INDUSTRI ALAT ANGKUTAN LAINNYA;CUCIAN MOTOR;0;-;-;2023
2728;15;JAMBI;1571;157105;1571051005;-;ANNGA ARIYA EFENDI;PO;30912;BESI, LOGAM;INDUSTRI ALAT ANGKUTAN LAINNYA;TAMBAL BAN;0;-;-;2023
2729;15;JAMBI;1571;157105;1571051005;-;AHMAD SYAH;PO;30912;BESI, LOGAM;INDUSTRI ALAT ANGKUTAN LAINNYA;BENGKEL;0;-;-;2023
2730;15;JAMBI;1571;157105;1571051005;-;AHMAD ASRUL;PO;30912;BESI, LOGAM;INDUSTRI ALAT ANGKUTAN LAINNYA;CUCIAN MOTOR;0;-;-;2023
2731;15;JAMBI;1571;157101;1571011010;-;SIMBOLON;PO;30912;BESI, LOGAM;INDUSTRI ALAT ANGKUTAN LAINNYA;BENGKEL MOTOR;0;-;-;2023
2732;15;JAMBI;1571;157101;1571011004;-;ARIANTO;PO;30912;BESI, LOGAM;INDUSTRI ALAT ANGKUTAN LAINNYA;CUCIAN MOTOR;0;-;-;2023
2733;15;JAMBI;1571;157101;1571011001;-;AHMAD DANI;PO;30912;BESI, LOGAM;INDUSTRI ALAT ANGKUTAN LAINNYA;BENGKEL MOTOR;0;-;-;2023
2734;15;JAMBI;1571;157101;1571011001;-;FIRMAN ADE;PO;30912;BESI, LOGAM;INDUSTRI ALAT ANGKUTAN LAINNYA;CUCIAN MOTOR;0;-;-;2023
2735;15;JAMBI;1571;157111;1571111001;AM. MOTOR SERVIS;YENI SUSANTI;PO;30912;LOGAM, BESI;INDUSTRI ALAT ANGKUTAN LAINNYA;BENGKEL MOTOR;0;-;-;2023
2736;15;JAMBI;1571;157111;1571111001;BENGKEL JAYA MOTOR;SOLAIMAN;PO;30912;LOGAM, BESI;INDUSTRI ALAT ANGKUTAN LAINNYA;SERVIS MOTOR DAN CUCI MOTOR;0;-;-;2023
2737;15;JAMBI;1571;157111;1571111004;PANCURAN KARYA;BUDI PULUNGAN;PO;30912;LOGAM, BESI;INDUSTRI ALAT ANGKUTAN LAINNYA;BENGKEL DINAMO;0;-;-;2023
2738;15;JAMBI;1571;157105;1571051005;-;SALAHUDIN;PO;30912;BESI, LOGAM;INDUSTRI ALAT ANGKUTAN LAINNYA;CUCIAN MOTOR;0;-;-;2023
2739;15;JAMBI;1571;157105;1571051005;-;LIAN MAULANA;PO;30912;BESI, LOGAM;INDUSTRI ALAT ANGKUTAN LAINNYA;BENGKEL MOTOR;0;-;-;2023
2740;15;JAMBI;1571;157105;1571051005;-;AHMAD MISBAHULLAH;PO;30912;BESI, LOGAM;INDUSTRI ALAT ANGKUTAN LAINNYA;CUCIAN MOTOR;0;-;-;2023
2741;15;JAMBI;1571;157105;1571051005;-;ANGGA;PO;30912;BESI, LOGAM;INDUSTRI ALAT ANGKUTAN LAINNYA;BENGKEL MOTOR;0;-;-;2023
2742;15;JAMBI;1571;157105;1571051005;-;DONI SETIAWAN;PO;30912;BESI, LOGAM;INDUSTRI ALAT ANGKUTAN LAINNYA;TAMBAL BAN MOTOR;0;-;-;2023
2743;15;JAMBI;1571;157105;1571051005;-;ARISMAN ISWARI;PO;30912;BESI, LOGAM;INDUSTRI ALAT ANGKUTAN LAINNYA;BENGKEL MOTOR;0;-;-;2023
2744;15;JAMBI;1571;157105;1571051006;-;BAMBANG;PO;30912;BESI, LOGAM;INDUSTRI ALAT ANGKUTAN LAINNYA;BENGKEL MOTOR;0;-;-;2023
2745;15;JAMBI;1571;157105;1571051003;-;JUHENDRA;PO;30912;BESI, LOGAM;INDUSTRI ALAT ANGKUTAN LAINNYA;BENGKEL;0;-;-;2023
2746;15;JAMBI;1571;157102;1508131001;JHOKAM MOTOR;WAHID WAHYUDI;PO;30912;OLI, BAN, GEAR;INDUSTRI ALAT ANGKUTAN LAINNYA;BENGKEL MOTOR;2400;UNIT;-;2023
2747;15;JAMBI;1571;157110;1571101002;ALEK MOTOR;KHUSEIN;PO;30912;BESI, LOGAM;INDUSTRI ALAT ANGKUTAN LAINNYA;BENGKEL MOTOR;0;-;-;2023
2748;15;JAMBI;1571;157110;1571101002;CAHAYA MOTOR;IBIL;PO;30912;BESI, LOGAM;INDUSTRI ALAT ANGKUTAN LAINNYA;BENGKEL MOTOR;0;-;-;2023
2749;15;JAMBI;1571;157110;1571101004;-;BUKHAIRI;PO;30912;BESI, LOGAM;INDUSTRI KENDARAAN BERMOTOR, TRAILER DAN SEMI TRAILER;BENGKEL MOBIL;0;-;-;2023
2750;15;JAMBI;1571;157110;1571101004;-;EDI PURWANTO;PO;30912;BESI, LOGAM;INDUSTRI KENDARAAN BERMOTOR, TRAILER DAN SEMI TRAILER;BENGKEL MOBIL;0;-;-;2023
2751;15;JAMBI;1571;157110;1571101004;-;TRISMAN FIRNALDI;PO;30912;BESI, LOGAM;INDUSTRI ALAT ANGKUTAN LAINNYA;BENGKEL MOTOR;0;-;-;2023
2752;15;JAMBI;1571;157110;1571101004;-;A.MAHMUD;PO;30912;BESI, LOGAM;INDUSTRI ALAT ANGKUTAN LAINNYA;BENGKEL MOTOR;0;-;-;2023
2753;15;JAMBI;1571;157110;1571101004;-;MAHMAD;PO;30912;BESI, LOGAM;INDUSTRI ALAT ANGKUTAN LAINNYA;BENGKEL MOTOR;0;-;-;2023
2754;15;JAMBI;1571;157102;1508131001;-;ANGGA MARDANI EFENDI;PO;30912;BESI, LOGAM;INDUSTRI ALAT ANGKUTAN LAINNYA;BENGKEL MOTOR;0;-;-;2023
2755;15;JAMBI;1571;157102;1571021003;-;M.ALFI SAHRI;PO;30912;BESI, LOGAM;INDUSTRI ALAT ANGKUTAN LAINNYA;BENGKEL MOTOR;0;-;-;2023
2756;15;JAMBI;1571;157102;1571021006;-;BARDIANSYAH;PO;30912;BESI, LOGAM;INDUSTRI ALAT ANGKUTAN LAINNYA;BENGKEL MOTOR;0;-;-;2023
2757;15;JAMBI;1571;157102;1508131001;-;PURWANTO WAHID WAHYUDI;PO;30912;BESI, LOGAM;INDUSTRI ALAT ANGKUTAN LAINNYA;BENGKEL MOTOR;0;-;-;2023
2758;15;JAMBI;1571;157102;1508131001;-;RIKI IRFAN;PO;30912;BESI, LOGAM;INDUSTRI ALAT ANGKUTAN LAINNYA;BENGKEL MOTOR;0;-;-;2023
2759;15;JAMBI;1571;157102;1571021004;JHONI TASLIM;JHONI TASLIM;PO;30922;BESI, LOGAM;INDUSTRI ALAT ANGKUTAN LAINNYA;BENGKEL SEPEDA;1200;UNIT;-;2023
2760;15;JAMBI;1571;157109;1571091001;TOKO ERMANITA;ERMANITA;PO;31001;KAYU;INDUSTRI FURNITUR;PERABOT;0;-;-;2023
2761;15;JAMBI;1571;157109;0;SUARA ASLI;SUPRANTO;PO;33190;BESI, LOGAM;REPARASI DAN PEMASANGAN MESIN DAN PERALATAN;SERVIS ELEKTRONIK;360;UNIT;-;2023
2762;15;JAMBI;1571;157109;0;CHANDRA ELEKTRONIK;DARWIS CHANDRA;PO;33190;BESI, LOGAM;REPARASI DAN PEMASANGAN MESIN DAN PERALATAN;SERVIS ELEKTRONIK;720;UNIT;-;2023
2763;15;JAMBI;1571;157109;0;OMEGA ELEKTRONIK;Z HENDRI;CV;33190;BESI, LOGAM;REPARASI DAN PEMASANGAN MESIN DAN PERALATAN;SERVIS ELEKTRONIK;240;UNIT;-;2023
2764;15;JAMBI;1571;157109;0;MARCONI;SAMAD T;PO;33190;BESI, LOGAM;REPARASI DAN PEMASANGAN MESIN DAN PERALATAN;SERVIS ELEKTRONIK;950;UNIT;-;2023
2765;15;JAMBI;1571;157109;0;SINAR TEKNIK;CIPTO COA;PO;33190;BESI, LOGAM;REPARASI DAN PEMASANGAN MESIN DAN PERALATAN;SERVIS ELEKTRONIK;180;UNIT;-;2023
2766;15;JAMBI;1571;157109;0;STAR ELEKTRONIK;DARMAWI;PO;33190;BESI, LOGAM;REPARASI DAN PEMASANGAN MESIN DAN PERALATAN;SERVIS ELEKTRONIK;120;UNIT;-;2023
2767;15;JAMBI;1571;157109;0;SARANG ELEKTRONIK;SEE TJIANG;PO;33190;BESI, LOGAM;REPARASI DAN PEMASANGAN MESIN DAN PERALATAN;SERVIS ELEKTRONIK;120;UNIT;-;2023
2768;15;JAMBI;1571;157109;0;SUMBER TEKNIK;HENDRA RUSLI;PO;33190;LOGAM, BESI;REPARASI DAN PEMASANGAN MESIN DAN PERALATAN;SERVIS ELEKTRONIK;54000;BH;-;2023
2769;15;JAMBI;1571;157109;0;PHILIPS JAYA;EFENDI;PO;33190;LOGAM, BESI;REPARASI DAN PEMASANGAN MESIN DAN PERALATAN;SERVIS ELEKTRONIK;1728;BH;-;2023
2770;15;JAMBI;1571;157109;0;TEKNIK JAYA;SUKINTO;PO;33190;LOGAM, BESI;REPARASI DAN PEMASANGAN MESIN DAN PERALATAN;SERVIS ELEKTRONIK;1440;BH;-;2023
2771;15;JAMBI;1571;157109;1507112005;DAYA CIPTA ELEKTRONIK;YUNI TANUWIJAYA;PO;33190;LOGAM, BESI;REPARASI DAN PEMASANGAN MESIN DAN PERALATAN;SERVIS ELEKTRONIK;7200;BH;-;2023
2772;15;JAMBI;1571;157109;1507112005;DHUAY DHEN HAY;SYAFWAR;PO;33190;LOGAM, BESI;REPARASI DAN PEMASANGAN MESIN DAN PERALATAN;SERVIS ELEKTRONIK;7200;BH;-;2023
2773;15;JAMBI;1571;157110;1571101003;-;FAHRUROZI AKOMITA;PO;33190;BESI, LOGAM;REPARASI DAN PEMASANGAN MESIN DAN PERALATAN;SERVICE KOMPUTER;0;-;-;2023
2774;15;JAMBI;1571;157110;1571101003;-;SABARUDIN;PO;33190;BESI, LOGAM;REPARASI DAN PEMASANGAN MESIN DAN PERALATAN;SERVICE ELEKTRONIK;0;-;-;2023
2775;15;JAMBI;1571;157110;1571101003;ANGGI SIREGAR;PANDAPOTAN SIREGAR;PO;33190;LOGAM, BESI;REPARASI DAN PEMASANGAN MESIN DAN PERALATAN;SERVIS ELEKTRONIK;7200;BH;-;2023
2776;15;JAMBI;1571;157102;0;SETYANA TEKNIK;ASNAWI;PO;33190;LOGAM, BESI;REPARASI DAN PEMASANGAN MESIN DAN PERALATAN;SERVIS ELEKTRONIK;7200;BH;-;2023
2777;15;JAMBI;1571;157102;1571021006;DASRIM SERVIS;DASRIM P.SITOMPUL;PO;33190;LOGAM, BESI;REPARASI DAN PEMASANGAN MESIN DAN PERALATAN;SERVIS ELEKTRONIK;7200;BH;-;2023
2778;15;JAMBI;1571;157111;1571111001;SURYA BENGKEL DINAMO;PAMOR;PO;33190;LOGAM, BESI;REPARASI DAN PEMASANGAN MESIN DAN PERALATAN;SERVIS ELEKTRONIK;7200;BH;-;2023
2779;15;JAMBI;1571;157111;1508131001;YONA SERVICE;SADDIN SILABAN;PO;33190;LOGAM, BESI;REPARASI DAN PEMASANGAN MESIN DAN PERALATAN;SERVIS ELEKTRONIK;7200;BH;-;2023
2780;15;JAMBI;1571;157111;1508131001;IDEAL;MURDALIN;PO;33190;LOGAM, BESI;REPARASI DAN PEMASANGAN MESIN DAN PERALATAN;SERVIS ELEKTRONIK;7200;BH;-;2023
2781;15;JAMBI;1571;-;0;-;-;-;-;-;REPARASI DAN PEMASANGAN MESIN DAN PERALATAN;-;0;-;-;2023
2782;15;JAMBI;1571;157102;1571021003;KARYA JAYA;HERRY T;PO;33190;LOGAM, BESI;REPARASI DAN PEMASANGAN MESIN DAN PERALATAN;SERVIS ELEKTRONIK;7200;BH;-;2023
2783;15;JAMBI;1571;157102;1571021003;BENGKEL DINAMO BUDI DAYA PEREKAYASAAN;KHIO GIOK KHOEN;PO;33190;LOGAM, BESI;REPARASI DAN PEMASANGAN MESIN DAN PERALATAN;SERVIS ELEKTRONIK;7200;BH;-;2023
2784;15;JAMBI;1571;157103;1505102009;MITRA SERVICE;SUHARWANTO;PO;33190;LOGAM, BESI;REPARASI DAN PEMASANGAN MESIN DAN PERALATAN;SERVIS ELEKTRONIK;7200;BH;-;2023
2785;15;JAMBI;1571;157103;1571031002;AUVI SERVIS;BAMBANG;PO;33190;LOGAM, BESI;REPARASI DAN PEMASANGAN MESIN DAN PERALATAN;SERVIS ELEKTRONIK;7200;BH;-;2023
2786;15;JAMBI;1571;157108;1503092004;ISKANDAR SERVICE;ISKANDAR;PO;33190;LOGAM, BESI;REPARASI DAN PEMASANGAN MESIN DAN PERALATAN;SERVIS ELEKTRONIK;7200;BH;-;2023
2787;15;JAMBI;1571;157108;1503092004;JAYA TEHNIK SERVICE;SANTOSO;PO;33190;LOGAM, BESI;REPARASI DAN PEMASANGAN MESIN DAN PERALATAN;SERVIS ELEKTRONIK;7200;BH;-;2023
2788;15;JAMBI;1571;157107;1571071004;TONO SERVICE ELEKTRONIK;TONO MANURUNG;PO;33190;LOGAM, BESI;REPARASI DAN PEMASANGAN MESIN DAN PERALATAN;SERVIS ELEKTRONIK;7200;BH;-;2023
2789;15;JAMBI;1571;157107;1571071001;PAIMA TEKNIK;RAHMAT;PO;33190;LOGAM, BESI;REPARASI DAN PEMASANGAN MESIN DAN PERALATAN;SERVIS ELEKTRONIK;7200;BH;-;2023
2790;15;JAMBI;1571;157107;1571071002;AMOS SERVICE;AMOS;PO;33190;LOGAM, BESI;REPARASI DAN PEMASANGAN MESIN DAN PERALATAN;SERVIS ELEKTRONIK;7200;BH;-;2023
2791;15;JAMBI;1571;157107;1571071002;MELATY SERVICE;MANSUR;PO;33190;LOGAM, BESI;REPARASI DAN PEMASANGAN MESIN DAN PERALATAN;SERVIS ELEKTRONIK;7200;BH;-;2023
2792;15;JAMBI;1571;157107;1571071005;UCOK DINAMO;UCOK PURBA;PO;33190;LOGAM, BESI;REPARASI DAN PEMASANGAN MESIN DAN PERALATAN;SERVIS ELEKTRONIK;7200;BH;-;2023
2793;15;JAMBI;1571;157107;1571071005;ABO DINAMO;ABO ADY;PO;33190;LOGAM, BESI;REPARASI DAN PEMASANGAN MESIN DAN PERALATAN;SERVIS ELEKTRONIK;7200;BH;-;2023
2794;15;JAMBI;1571;157107;1571071005;BINTANG SERVICE DINAMO;ACAI;PO;33190;LOGAM, BESI;REPARASI DAN PEMASANGAN MESIN DAN PERALATAN;SERVIS ELEKTRONIK;7200;BH;-;2023
2795;15;JAMBI;1571;157107;1571071001;AZRIL;AZRIL;PO;33190;LOGAM, BESI;REPARASI DAN PEMASANGAN MESIN DAN PERALATAN;SERVIS ELEKTRONIK;7200;BH;-;2023
2796;15;JAMBI;1571;157105;1571051005;DUL ELECTRIC SERVICE;A.SOMAD;PO;33190;LOGAM, BESI;REPARASI DAN PEMASANGAN MESIN DAN PERALATAN;SERVIS ELEKTRONIK;7200;BH;-;2023
2797;15;JAMBI;1571;157101;0;MASPUR AC;PURNOMO;PO;33190;LOGAM, BESI;REPARASI DAN PEMASANGAN MESIN DAN PERALATAN;SERVIS ELEKTRONIK;7200;BH;-;2023
2798;15;JAMBI;1571;157101;1571011003;ISMAIL;ISMAIL;PO;33190;LOGAM, BESI;REPARASI DAN PEMASANGAN MESIN DAN PERALATAN;SERVIS ELEKTRONIK;7200;BH;-;2023
2799;15;JAMBI;1571;157109;1571091001;IWAN PRIMA;AZWAR;PO;33190;BESI, LOGAM;REPARASI DAN PEMASANGAN MESIN DAN PERALATAN;SERVICE AC;0;-;-;2023
2800;15;JAMBI;1571;157109;1571091003;SERVICE JHON;JABANGUN PIETER NAINGGOLIAN;PO;33190;LOGAM,BESI;REPARASI DAN PEMASANGAN MESIN DAN PERALATAN;SERVICE ELEKTRONIK;0;-;-;2023
2801;15;JAMBI;1571;157110;1571101001;SERVICE AC ASRAF;HAKKY MARTIAS;PO;33190;BESI, LOGAM;REPARASI DAN PEMASANGAN MESIN DAN PERALATAN;SERVICE AC;0;-;-;2023
2802;15;JAMBI;1571;157104;1571041004;-;NUR AISYAH;PO;33190;LOGAM, BESI;REPARASI DAN PEMASANGAN MESIN DAN PERALATAN;SERVICE ELEKTRONIK;0;-;-;2023
2803;15;JAMBI;1571;157105;1571051001;-;AHMAD FARIQ;PO;33190;LOGAM, BESI;REPARASI DAN PEMASANGAN MESIN DAN PERALATAN;SERVIS ELEKTRONIK;0;-;-;2023
2804;15;JAMBI;1571;157105;1571051001;-;FAUZAN;PO;33190;LOGAM, BESI;REPARASI DAN PEMASANGAN MESIN DAN PERALATAN;SERVIS ELEKTRONIK;0;-;-;2023
2805;15;JAMBI;1571;157105;1571051005;-;ABDUL SOMAD;PO;33190;BESI, LOGAM;REPARASI DAN PEMASANGAN MESIN DAN PERALATAN;SERVIS ELEKTRONIK;0;-;-;2023
2806;15;JAMBI;1571;157110;1571101004;-;LILY;PO;33190;BESI, LOGAM;REPARASI DAN PEMASANGAN MESIN DAN PERALATAN;SERVICE KOMPUTER;0;-;-;2023
2807;15;JAMBI;1571;157109;0;BANGKIT KERINCI RECORD;H NUWARDI;PO;33200;LOGAM, GAS;REPARASI DAN PEMASANGAN MESIN DAN PERALATAN;TAMBAL BAN;54000;-;-;2023
2808;15;JAMBI;1571;157102;1571021006;-;L.DONNY PRIBADY;PO;33200;LOGAM, GAS;REPARASI DAN PEMASANGAN MESIN DAN PERALATAN;TAMBAL BAN;0;-;-;2023
2809;15;JAMBI;1571;157109;1571091003;DELTA FROZZ;SUTRIONO;PO;33190;BESI, LOGAM;REPARASI DAN PEMASANGAN MESIN DAN PERALATAN;SERVICE ELEKTRONIK;0;-;-;2023
2810;15;JAMBI;1571;157109;1571091001;ELVINA MOTOR;A. HADI;PO;30912;BESI, LOGAM;INDUSTRI ALAT ANGKUTAN LAINNYA;BENGKEL MOTOR;0;-;-;2023
2811;15;JAMBI;1571;157103;1571031003;ALDINO MOTOR;IRWAN NOER;PO;30912;LOGAM, BESI;INDUSTRI ALAT ANGKUTAN LAINNYA;BENGKEL MOTOR;0;-;-;2023
2812;15;JAMBI;1571;157103;1571031002;SADAD MOTOR;ANWAR SADAD;PO;30912;LOGAM, BESI;INDUSTRI ALAT ANGKUTAN LAINNYA;BENGKE MOTOR;0;-;-;2023
2813;15;JAMBI;1571;157108;1571081007;EARLY MOTOR;SUYOTO;PO;30912;BESI, LOGAM;INDUSTRI ALAT ANGKUTAN LAINNYA;BENGKEL MOTOR;0;-;-;2023
2814;15;JAMBI;1571;157108;1571081007;PERABOT ALUMUNIUM DASRIL;LINDAYANI;PO;25112;BESI, LOGAM;INDUSTRI BARANG LOGAM, BUKAN MESIN DAN PERALATANNYA;PERABOT DARI ALUMUNIUM;0;-;-;2023
2815;15;JAMBI;1571;157108;1571081006;BENGKEL LAS AYUNI JAMBI;HENDRO PARWIRO;PO;25920;JASA LAS DAN BUBUT;INDUSTRI BARANG LOGAM, BUKAN MESIN DAN PERALATANNYA;BENGKEL LAS;0;-;-;2023
2816;15;JAMBI;1571;157107;1571071006;BENGKEL LAS JAYA BERSAMA;MUHAMMAD ICHWAL;PO;30912;LOGAM, BESI;INDUSTRI ALAT ANGKUTAN LAINNYA;BENGKEL;0;-;-;2023
2817;15;JAMBI;1571;157111;1571111004;HONAI CUCIAN;SUPRIONO;PO;30912;LOGAM, BESI;INDUSTRI ALAT ANGKUTAN LAINNYA;CUCIAN MOTOR;0;-;-;2023
2818;15;JAMBI;1571;157101;1571011001;ARITA MOTOR;EDI SUHERMAN;PO;Besi, Logam;CUCIAN MOTOR;INDUSTRI KENDARAAN BERMOTOR, TRAILER DAN SEMI TRAILER;-;0;-;-;2023
2819;15;JAMBI;1571;157101;1571011002;BENGKEL LAS LISTRIK UNYIL JAYA STEEL;LINDA SAFITRI;PO;Jasa Las dan Bubut;BENGKEL LAS;INDUSTRI MESIN DAN PERLENGKAPAN YTDL;-;0;-;-;2023
2820;15;JAMBI;1571;157101;1571011011;CAR WASH 282;RD. SUKMA AHMADI;PO;Besi, Logam;CUCIAN MOTOR/ MOBIL;INDUSTRI KENDARAAN BERMOTOR, TRAILER DAN SEMI TRAILER;-;0;-;-;2023
2821;15;JAMBI;1571;157103;1505102009;-;LELI YANTI;PO;16103;ROTAN;INDUSTRI KAYU, BARANG ANYAMAN DARI BAMBU, ROTAN DAN SEJENISNYA;PERABOT ROTAN;0;-;-;2023
2822;15;JAMBI;1571;157103;1571031004;RACHMAWATI SOUVENIR;RACHMAWATI;PO;16104;ROTAN;INDUSTRI KAYU, BARANG ANYAMAN DARI BAMBU, ROTAN DAN SEJENISNYA;ANYAMAN ROTAN;0;-;-;2023
2823;15;JAMBI;1571;157101;1571011003;DIAMON;ASTUTI;PO;30912;BESI, LOGAM;INDUSTRI ALAT ANGKUTAN LAINNYA;BENGKEL MOTOR;0;-;-;2023
2824;15;JAMBI;1571;157101;1571011011;CAR WASH 282;RD. SUKMA AHMADI;PO;30912;BESI, LOGAM;INDUSTRI ALAT ANGKUTAN LAINNYA;CUCIAN MOTOR/ MOBIL;0;-;-;2023
2825;15;JAMBI;1571;157110;0;SUBARSONO;SUBARSONO;PO;25920;JASA LAS DAN BUBUT;INDUSTRI BARANG LOGAM, BUKAN MESIN DAN PERALATANNYA;BENGKEL LAS;1500;UNIT;-;2023
2826;15;JAMBI;1571;157110;1571101004;ROSANTI;ROSANTI;PO;-;JASA LAS DAN BUBUT;INDUSTRI BARANG LOGAM, BUKAN MESIN DAN PERALATANNYA;BENGKEL LAS;200;UNIT;-;2023
2827;15;JAMBI;1571;157110;1571101002;SUSILO;SUSILO;PO;-;JASA LAS DAN BUBUT;INDUSTRI BARANG LOGAM, BUKAN MESIN DAN PERALATANNYA;BENGKEL LAS;150;UNIT;-;2023
2828;15;JAMBI;1571;157110;1571101002;SUMANI ANDREAS;SUMANI ANDREAS;PO;29300;BESI, LOGAM;INDUSTRI KENDARAAN BERMOTOR, TRAILER DAN SEMI TRAILER;BENGKEL MOBIL;50;UNIT;-;2023
2829;15;JAMBI;1571;157110;1571101001;-;KMS ANGGA SAPUTRA;PO;29300;BESI, LOGAM;INDUSTRI KENDARAAN BERMOTOR, TRAILER DAN SEMI TRAILER;BENGKEL MOBIL;20;UNIT;-;2023
2830;15;JAMBI;1571;157110;1571101001;DANAU SIPIN AUTO SERVICE;KMS ANGGA SAPUTRA;CV;30219;BESI, LOGAM;INDUSTRI ALAT ANGKUTAN LAINNYA;BENGKEL MOBIL;30;UNIT;-;2023
2831;15;JAMBI;1571;157110;1571101003;-;FAISAL AMIR;PO;29300;BESI, LOGAM;INDUSTRI KENDARAAN BERMOTOR, TRAILER DAN SEMI TRAILER;CUCIAN MOTOR;75;UNIT;-;2023
2832;15;JAMBI;1571;157110;1571101002;WAK BRONO;SENTOT WAHYUKO;PO;29300;BESI, LOGAM;INDUSTRI KENDARAAN BERMOTOR, TRAILER DAN SEMI TRAILER;CUCIAN MOTOR;150;UNIT;-;2023
2833;15;JAMBI;1571;157110;1571101003;KUYUNG;DEWI SUSANTI;PO;29300;BESI, LOGAM;INDUSTRI KENDARAAN BERMOTOR, TRAILER DAN SEMI TRAILER;CUCIAN MOTOR;50;UNIT;-;2023
2834;15;JAMBI;1571;157110;1571101003;-;BUJANG NURDIN;PO;30912;BESI, LOGAM;INDUSTRI ALAT ANGKUTAN LAINNYA;CUCIAN MOTOR;75;UNIT;-;2023
2835;15;JAMBI;1571;157110;1571101004;IAN MOTOR;YAN LUKMAN;PO;29300;BESI, LOGAM;INDUSTRI KENDARAAN BERMOTOR, TRAILER DAN SEMI TRAILER;BENGKEL MOBIL;50;UNIT;-;2023
2836;15;JAMBI;1571;157110;1571101004;-;SRI RAHAYU;PO;29300;BESI, LOGAM;INDUSTRI KENDARAAN BERMOTOR, TRAILER DAN SEMI TRAILER;CUCIAN MOTOR;75;UNIT;-;2023
2837;15;JAMBI;1571;157110;1571101004;BENGKEL BERSAUDARA;SRI RAHAYU;PO;30912;BESI, LOGAM;INDUSTRI ALAT ANGKUTAN LAINNYA;BENGKEL MOTOR;50;UNIT;-;2023
2838;15;JAMBI;1571;157110;1571101004;RAJA MOTOR;SUDIBYO PRABOWO;PO;30912;BESI, LOGAM;INDUSTRI ALAT ANGKUTAN LAINNYA;BENGKEL MOTOR;75;UNIT;-;2023
2839;15;JAMBI;1571;157110;1571101001;KEMAS MOTOR;KEMAS RISKI ANANDA;PO;30912;BESI, LOGAM;INDUSTRI ALAT ANGKUTAN LAINNYA;BENGKEL MOTOR;50;UNIT;-;2023
2840;15;JAMBI;1571;157110;1571101004;RADAR STAR GLOBAL;BAYU INDRAWAN;PO;33190;BESI, LOGAM;REPARASI DAN PEMASANGAN MESIN DAN PERALATAN;SERVICE KOMPUTER;50;UNIT;-;2023
2841;15;JAMBI;1571;157110;1571101004;POWER KOMPUTER;LILY;PO;29300;BESI, LOGAM;REPARASI DAN PEMASANGAN MESIN DAN PERALATAN;SERVICE KOMPUTER;50;UNIT;-;2023
2842;15;JAMBI;1571;157110;1571101005;SERVICE HAMMAR;M. ADIYAT SAPUTRA;PO;29300;BESI, LOGAM;REPARASI DAN PEMASANGAN MESIN DAN PERALATAN;SERVICE KOMPUTER;75;UNIT;-;2023
2843;15;JAMBI;1571;157110;1571101005;AISYAH KOMPUTER;EKO HARTANTO;PO;33190;BESI, LOGAM;REPARASI DAN PEMASANGAN MESIN DAN PERALATAN;SERVICE KOMPUTER;20;UNIT;-;2023
2844;15;JAMBI;1571;157110;1571101005;ABD SYUKUR;ABD SYUKUR;PO;33190;BESI, LOGAM;REPARASI DAN PEMASANGAN MESIN DAN PERALATAN;SERVICE KOMPUTER;50;UNIT;-;2023
2845;15;JAMBI;1571;157110;1571101001;HOME COMPUTER;SAEPUDIN;PO;33190;BESI, LOGAM;REPARASI DAN PEMASANGAN MESIN DAN PERALATAN;SERVICE KOMPUTER;50;UNIT;-;2023
2846;15;JAMBI;1571;157110;1571101004;-;SRI RAHAYU;PO;29300;BESI, LOGAM;INDUSTRI KENDARAAN BERMOTOR, TRAILER DAN SEMI TRAILER;CUCIAN MOTOR;75;UNIT;-;2023
2847;15;JAMBI;1571;157110;1571101004;-;SRI RAHAYU;PO;29300;BESI, LOGAM;INDUSTRI KENDARAAN BERMOTOR, TRAILER DAN SEMI TRAILER;CUCIAN MOTOR;75;UNIT;-;2023
2848;15;JAMBI;1571;157109;0;CAP GUNUNG;M ZABUR;PO;12091;TEMBAKAU;INDUSTRI PENGOLAHAN TEMBAKAU;TEMBAKAU;1728;KG;-;2023
2849;15;JAMBI;1571;157109;0;CAP NAGKA NANAS;HARLY;PO;12091;TEMBAKAU;INDUSTRI PENGOLAHAN TEMBAKAU;TEMBAKAU;198000;KG;-;2023
2850;15;JAMBI;1571;157108;1571081003;-;WEDY;PO;16221;KAYU;INDUSTRI KAYU, BARANG ANYAMAN DARI BAMBU, ROTAN DAN SEJENISNYA;MEUBEL;0;-;-;2023
2851;15;JAMBI;1571;157108;1571081003;-;H.LUKMAN;PO;16221;KAYU;INDUSTRI KAYU, BARANG ANYAMAN DARI BAMBU, ROTAN DAN SEJENISNYA;MEUBEL;0;-;-;2023
2852;15;JAMBI;1571;157101;1571011004;TERASCO;IFWAN RAMZI;PO;17022;LOGAM, PLASTIK;INDUSTRI KERTAS DAN BARANG DARI KERTAS;KEMASAN;54000;BH;-;2023
2853;15;JAMBI;1571;157101;1571011004;USAHA TMPT TELUR;MEIRY PURWANI;PO;17099;KARTON;INDUSTRI KERTAS DAN BARANG DARI KERTAS;TEMPAT TELUR;7200;-;-;2023
2854;15;JAMBI;1571;157109;0;RAHMAT A;ERWIN ZEN SPD;CV;18111;TINTA, KERTAS;INDUSTRI PENCETAKAN DAN REPRODUKSI MEDIA REKAMAN;PERCETAKAN;6500;M2;-;2023
2855;15;JAMBI;1571;157109;0;INDOKARYA TAMA;RUSLAN YANI;CV;18111;TINTA, KERTAS;INDUSTRI PENCETAKAN DAN REPRODUKSI MEDIA REKAMAN;PERCETAKAN;7500;M2;-;2023
2856;15;JAMBI;1571;157109;0;NARITA;HM AMIN;CV;18111;TINTA, KERTAS;INDUSTRI PENCETAKAN DAN REPRODUKSI MEDIA REKAMAN;PERCETAKAN;46000;M2;-;2023
2857;15;JAMBI;1571;157109;0;ASTACO;ARYANI;CV;18111;TINTA, KERTAS;INDUSTRI PENCETAKAN DAN REPRODUKSI MEDIA REKAMAN;PENERBITAN;241371;M2;-;2023
2858;15;JAMBI;1571;157109;0;ANEKA JAYABERSAMA;USMAN;PO;18111;TINTA, KERTAS;INDUSTRI PENCETAKAN DAN REPRODUKSI MEDIA REKAMAN;PERCETAKAN;4000;M2;-;2023
2859;15;JAMBI;1571;157109;0;KOPAS PRIMA JASA L;BACHRUN MUCHTAR;PO;18111;LOGAM, BESI;INDUSTRI PENCETAKAN DAN REPRODUKSI MEDIA REKAMAN;PERCETAKAN;9000;LEMBAR;-;2023
2860;15;JAMBI;1571;157109;0;ANING PRESS;HENRI DINAL;CV;18111;LOGAM, BESI;INDUSTRI PENCETAKAN DAN REPRODUKSI MEDIA REKAMAN;PERCETAKAN;9000;LEMBAR;-;2023
2861;15;JAMBI;1571;157109;0;CITRA MAYORI;BOBY WAHYUDI S HUT;CV;18111;LOGAM, BESI;INDUSTRI PENCETAKAN DAN REPRODUKSI MEDIA REKAMAN;PERCETAKAN;3600;LEMBAR;-;2023
2862;15;JAMBI;1571;157109;0;BUKIT SEBLAT;ANAS ZABANI;CV;18111;LOGAM, BESI;INDUSTRI PENCETAKAN DAN REPRODUKSI MEDIA REKAMAN;PERCETAKAN;3600;LEMBAR;-;2023
2863;15;JAMBI;1571;157109;0;JAMBI PESONA KOMPUTINDO;EDRI PENTA SPD;CV;18111;LOGAM, BESI;INDUSTRI PENCETAKAN DAN REPRODUKSI MEDIA REKAMAN;PERCETAKAN;4500;LEMBAR;-;2023
2864;15;JAMBI;1571;157109;0;ANGGUN LESTARI;SABARUDIN;CV;18111;LOGAM, BESI;INDUSTRI PENCETAKAN DAN REPRODUKSI MEDIA REKAMAN;PERCETAKAN;900;LEMBAR;-;2023
2865;15;JAMBI;1571;157109;0;MITRA SEJAHTERA MANDIRI;MIRZA ABDUL ALIM;CV;18111;LOGAM, BESI;INDUSTRI PENCETAKAN DAN REPRODUKSI MEDIA REKAMAN;PERCETAKAN;5400;LEMBAR;-;2023
2866;15;JAMBI;1571;157109;0;DWI PERTIWI;BAKRISIWI;PO;18111;LOGAM, BESI;INDUSTRI PENCETAKAN DAN REPRODUKSI MEDIA REKAMAN;PERCETAKAN;4500;LEMBAR;-;2023
2867;15;JAMBI;1571;157109;0;ANGGRAINI;AFRISAL;CV;18111;LOGAM, BESI;INDUSTRI PENCETAKAN DAN REPRODUKSI MEDIA REKAMAN;PERCETAKAN;22200;LEMBAR;-;2023
2868;15;JAMBI;1571;157109;0;ASA;MEILAHI;CV;18111;LOGAM, BESI;INDUSTRI PENCETAKAN DAN REPRODUKSI MEDIA REKAMAN;PERCETAKAN;900;LEMBAR;-;2023
2869;15;JAMBI;1571;157109;0;ERA REFORMASI;M SAYAKI IMOSAKI;PO;18111;LOGAM, BESI;INDUSTRI PENCETAKAN DAN REPRODUKSI MEDIA REKAMAN;PERCETAKAN;900;LEMBAR;-;2023
2870;15;JAMBI;1571;157109;0;MURDY GRAFIKA;EDDY SUGIANTO W;CV;18111;LOGAM, BESI;INDUSTRI PENCETAKAN DAN REPRODUKSI MEDIA REKAMAN;PERCETAKAN;7200;LEMBAR;-;2023
2871;15;JAMBI;1571;157109;0;CEMPAKA PUTIH;YALNETI DASRI;CV;18111;LOGAM, BESI;INDUSTRI PENCETAKAN DAN REPRODUKSI MEDIA REKAMAN;PERCETAKAN;1440;LEMBAR;-;2023
2872;15;JAMBI;1571;157109;0;GLORIA JAYA;M TEDDY SUYANTO;CV;18111;LOGAM, BESI;INDUSTRI PENCETAKAN DAN REPRODUKSI MEDIA REKAMAN;PERCETAKAN;1728;LEMBAR;-;2023
2873;15;JAMBI;1571;157109;0;MASSA;TAMZIR;CV;18111;LOGAM, BESI;INDUSTRI PENCETAKAN DAN REPRODUKSI MEDIA REKAMAN;PERCETAKAN;1728;LEMBAR;-;2023
2874;15;JAMBI;1571;157109;0;JELUTUNG;DARMANSYAH RASYID;CV;18111;LOGAM, BESI;INDUSTRI PENCETAKAN DAN REPRODUKSI MEDIA REKAMAN;PERCETAKAN;1800;LEMBAR;-;2023
2875;15;JAMBI;1571;157109;0;CV DELTA KOMPUTER;-;-;18111;LOGAM, BESI;INDUSTRI PENCETAKAN DAN REPRODUKSI MEDIA REKAMAN;PERCETAKAN;7200;LEMBAR;-;2023
2876;15;JAMBI;1571;157110;1571101003;AK 75 ADV;M. GIAT;PO;18111;LOGAM, BESI;INDUSTRI PENCETAKAN DAN REPRODUKSI MEDIA REKAMAN;PERCETAKAN;7200;LEMBAR;-;2023
2877;15;JAMBI;1571;157110;1571101002;RISKA;RISKA;PO;18111;LOGAM, BESI;INDUSTRI PENCETAKAN DAN REPRODUKSI MEDIA REKAMAN;PERCETAKAN;7200;LEMBAR;-;2023
2878;15;JAMBI;1571;157110;1571101002;SABARUDDIN;SABARUDDIN;PO;18111;LOGAM, BESI;INDUSTRI PENCETAKAN DAN REPRODUKSI MEDIA REKAMAN;PERCETAKAN;7200;LEMBAR;-;2023
2879;15;JAMBI;1571;157110;1571101002;LAZUARZI;LAZUARZI;PO;18111;LOGAM, BESI;INDUSTRI PENCETAKAN DAN REPRODUKSI MEDIA REKAMAN;PERCETAKAN;7200;LEMBAR;-;2023
2880;15;JAMBI;1571;157102;0;AGUNG PRATAMA;GUSNITA;CV;18111;TINTA, KERTAS;INDUSTRI PENCETAKAN DAN REPRODUKSI MEDIA REKAMAN;PERCETAKAN;6000;M2;-;2023
2881;15;JAMBI;1571;157102;0;SASTRA GRAFIKA;IR HERMANSYAH;CV;18111;TINTA, KERTAS;INDUSTRI PENCETAKAN DAN REPRODUKSI MEDIA REKAMAN;PERCETAKAN;7600;M2;-;2023
2882;15;JAMBI;1571;157102;0;TRI PUTRA INDONESIA;JAYUSMAN;CV;18111;TINTA, KERTAS;INDUSTRI PENCETAKAN DAN REPRODUKSI MEDIA REKAMAN;PERCETAKAN;36000;M2;-;2023
2883;15;JAMBI;1571;157102;0;WILAGROFITAMA;ELPI GAMAL SH;CV;18111;TINTA, KERTAS;INDUSTRI PENCETAKAN DAN REPRODUKSI MEDIA REKAMAN;PERCETAKAN;195;M2;-;2023
2884;15;JAMBI;1571;157102;0;BUMI PUTRA JAYA;ANANG KARIM;PT;18111;TINTA, KERTAS;INDUSTRI PENCETAKAN DAN REPRODUKSI MEDIA REKAMAN;PENERBITAN;800000;M2;-;2023
2885;15;JAMBI;1571;157102;0;CV. PUTRI MALAYA;BAINAL;CV;18111;TINTA, KERTAS;INDUSTRI PENCETAKAN DAN REPRODUKSI MEDIA REKAMAN;PERCETAKAN;60;M2;-;2023
2886;15;JAMBI;1571;157102;0;CV. NILAM CAHAYA;DARWATI;CV;18111;TINTA, KERTAS;INDUSTRI PENCETAKAN DAN REPRODUKSI MEDIA REKAMAN;PERCETAKAN;75;M2;-;2023
2887;15;JAMBI;1571;157102;0;CV. VEGA SAUDARA;LAMZI, SE;CV;18111;TINTA, KERTAS;INDUSTRI PENCETAKAN DAN REPRODUKSI MEDIA REKAMAN;PERCETAKAN;65;M2;-;2023
2888;15;JAMBI;1571;157102;1571021004;MASA;ANDY WIJAYA;PO;18111;LOGAM, BESI;INDUSTRI PENCETAKAN DAN REPRODUKSI MEDIA REKAMAN;PERCETAKAN;7200;LEMBAR;-;2023
2889;15;JAMBI;1571;157103;0;S G C & P;SUPARTO;PO;18111;TINTA, KERTAS;INDUSTRI PENCETAKAN DAN REPRODUKSI MEDIA REKAMAN;PERCETAKAN;6000;M2;-;2023
2890;15;JAMBI;1571;157103;0;ALBAROKAH END;ENDANG KOSWARA;PO;18111;TINTA, KERTAS;INDUSTRI PENCETAKAN DAN REPRODUKSI MEDIA REKAMAN;PERCETAKAN;3500;M2;-;2023
2891;15;JAMBI;1571;157103;0;RINDAYA UTAMA;ROBI;CV;18111;TINTA, KERTAS;INDUSTRI PENCETAKAN DAN REPRODUKSI MEDIA REKAMAN;PERCETAKAN;1500;M2;-;2023
2892;15;JAMBI;1571;157103;0;CV. TRI ASA UTOMO;DODI SUPRAYOGI;CV;18111;TINTA, KERTAS;INDUSTRI PENCETAKAN DAN REPRODUKSI MEDIA REKAMAN;PERCETAKAN;10;M2;-;2023
2893;15;JAMBI;1571;157103;1571031010;CV. MANDIRI JAYA;MUHAMMAD;CV;18111;TINTA, KERTAS;INDUSTRI PENCETAKAN DAN REPRODUKSI MEDIA REKAMAN;PERCETAKAN;65;-;-;2023
2894;15;JAMBI;1571;157103;1571031010;CV. JAYA BERSAMA;ZUBAIDA;CV;18111;TINTA, KERTAS;INDUSTRI PENCETAKAN DAN REPRODUKSI MEDIA REKAMAN;PERCETAKAN;68;-;-;2023
2895;15;JAMBI;1571;-;1571031003;WENDY. S;RAMZI;CV;18111;TINTA, KERTAS;INDUSTRI PENCETAKAN DAN REPRODUKSI MEDIA REKAMAN;PERCETAKAN;0;-;-;2023
2896;15;JAMBI;1571;-;1571031001;PERCETAKAN;SABLON;CV;18111;TINTA, KERTAS;INDUSTRI PENCETAKAN DAN REPRODUKSI MEDIA REKAMAN;PERCETAKAN;0;-;-;2023
2897;15;JAMBI;1571;157103;1571031003;PACIK;PACIK;PO;18111;LOGAM, BESI;INDUSTRI PENCETAKAN DAN REPRODUKSI MEDIA REKAMAN;PERCETAKAN;7200;LEMBAR;-;2023
2898;15;JAMBI;1571;157108;1571081006;UNIGUE BUANA;RASIDIN;CV;18111;TINTA, KERTAS;INDUSTRI PENCETAKAN DAN REPRODUKSI MEDIA REKAMAN;PERCETAKAN;6000;M2;-;2023
2899;15;JAMBI;1571;157108;1571081006;KARYA GRAFIKA INDAH;ABDULLAH H;CV;18111;TINTA, KERTAS;INDUSTRI PENCETAKAN DAN REPRODUKSI MEDIA REKAMAN;PERCETAKAN;6500;M2;-;2023
2900;15;JAMBI;1571;157108;1571081006;ANUGERAH MANDIRI;ZAKARIA;CV;18111;TINTA, KERTAS;INDUSTRI PENCETAKAN DAN REPRODUKSI MEDIA REKAMAN;PERCETAKAN;6000;M2;-;2023
2901;15;JAMBI;1571;157108;1571081006;SATRIA PERKASA;CHUDRI SE;CV;18111;TINTA, KERTAS;INDUSTRI PENCETAKAN DAN REPRODUKSI MEDIA REKAMAN;PERCETAKAN;15000;M2;-;2023
2902;15;JAMBI;1571;157108;1571081006;MIFTAH;ASRIL;CV;18111;TINTA, KERTAS;INDUSTRI PENCETAKAN DAN REPRODUKSI MEDIA REKAMAN;PERCETAKAN;6500;M2;-;2023
2903;15;JAMBI;1571;157108;1571081006;INTAN PERMATA SARI;FERY SISWANDI;CV;18111;TINTA, KERTAS;INDUSTRI PENCETAKAN DAN REPRODUKSI MEDIA REKAMAN;PERCETAKAN;72000;M2;-;2023
2904;15;JAMBI;1571;157108;1571081006;MITRA PRIMA INDAH;RICKY ARBI;CV;18111;TINTA, KERTAS;INDUSTRI PENCETAKAN DAN REPRODUKSI MEDIA REKAMAN;PERCETAKAN;6000;M2;-;2023
2905;15;JAMBI;1571;157108;1571081006;MULYA KARYA;MULYANI SH;CV;18111;TINTA, KERTAS;INDUSTRI PENCETAKAN DAN REPRODUKSI MEDIA REKAMAN;PERCETAKAN;540000;M2;-;2023
2906;15;JAMBI;1571;157108;1571081006;TRIMITRA GRAFINDO;PETRA;CV;18111;TINTA, KERTAS;INDUSTRI PENCETAKAN DAN REPRODUKSI MEDIA REKAMAN;PERCETAKAN;300;M2;-;2023
2907;15;JAMBI;1571;157108;1571081006;BELCO;USMAN SULAIMAN;CV;18111;TINTA, KERTAS;INDUSTRI PENCETAKAN DAN REPRODUKSI MEDIA REKAMAN;PERCETAKAN;410000;M2;-;2023
2908;15;JAMBI;1571;157108;1571081006;USAHA BERSAUDARA;BOESTAMI ABBAS;CV;18111;TINTA, KERTAS;INDUSTRI PENCETAKAN DAN REPRODUKSI MEDIA REKAMAN;PENERBITAN/ PERCETAKAN;200000;M2;-;2023
2909;15;JAMBI;1571;157108;1571081006;PURA PRATAMA;ANTHONY MANJAYA SE;CV;18111;TINTA, KERTAS;INDUSTRI PENCETAKAN DAN REPRODUKSI MEDIA REKAMAN;PERCETAKAN;30000;M2;-;2023
2910;15;JAMBI;1571;157108;1571081006;JURNAL NUSANTARA;YUSRI;CV;18111;TINTA, KERTAS;INDUSTRI PENCETAKAN DAN REPRODUKSI MEDIA REKAMAN;PERCETAKAN;160000;M2;-;2023
2911;15;JAMBI;1571;157108;1571081006;PRIMA JAYA;FAUZI RASID;CV;18111;TINTA, KERTAS;INDUSTRI PENCETAKAN DAN REPRODUKSI MEDIA REKAMAN;PERCETAKAN;190;M2;-;2023
2912;15;JAMBI;1571;157108;1571081006;MITRA FLORA;ADY FADLY SARIF;PO;18111;TINTA, KERTAS;INDUSTRI PENCETAKAN DAN REPRODUKSI MEDIA REKAMAN;PERCETAKAN;72000;M2;-;2023
2913;15;JAMBI;1571;157108;1571081006;MITRA SIMPATI PRINT;MUCHRI;CV;18111;TINTA, KERTAS;INDUSTRI PENCETAKAN DAN REPRODUKSI MEDIA REKAMAN;PERCETAKAN;220000;M2;-;2023
2914;15;JAMBI;1571;157108;1571081006;GARDEO;RUSDI;CV;18111;TINTA, KERTAS;INDUSTRI PENCETAKAN DAN REPRODUKSI MEDIA REKAMAN;PENERBITAN;493339;M2;-;2023
2915;15;JAMBI;1571;157108;1571081006;PELITA PRESS;PULUNGAN;PO;18111;TINTA, KERTAS;INDUSTRI PENCETAKAN DAN REPRODUKSI MEDIA REKAMAN;PENERBITAN/ PERCETAKAN;85140;M2;-;2023
2916;15;JAMBI;1571;157108;1571081006;PERKASA;A GANI SIGIT;CV;18111;LOGAM, BESI;INDUSTRI PENCETAKAN DAN REPRODUKSI MEDIA REKAMAN;PERCETAKAN;7200;LEMBAR;-;2023
2917;15;JAMBI;1571;157108;1571081006;HORISON INDONESIA;HERMIN ISKANDAR;CV;18111;LOGAM, BESI;INDUSTRI PENCETAKAN DAN REPRODUKSI MEDIA REKAMAN;PERCETAKAN;7200;LEMBAR;-;2023
2918;15;JAMBI;1571;157108;1571081006;DELIMA BARU;H PULUNGAN;CV;18111;LOGAM, BESI;INDUSTRI PENCETAKAN DAN REPRODUKSI MEDIA REKAMAN;PERCETAKAN;7200;LEMBAR;-;2023
2919;15;JAMBI;1571;157108;1571081006;CV. KUSUMA BERSAUDARA;H. ILYAS, SPD, MPD;PO;18111;LOGAM, BESI;INDUSTRI PENCETAKAN DAN REPRODUKSI MEDIA REKAMAN;PERCETAKAN;7200;LEMBAR;-;2023
2920;15;JAMBI;1571;157107;1507102007;MITRA AGUNG KENCANA;RAHMAWATI;CV;18111;TINTA, KERTAS;INDUSTRI PENCETAKAN DAN REPRODUKSI MEDIA REKAMAN;PERCETAKAN;6500;M2;-;2023
2921;15;JAMBI;1571;157107;1507102007;DHARMA CAKRA MULIA;UMURNIYATI;CV;18111;TINTA, KERTAS;INDUSTRI PENCETAKAN DAN REPRODUKSI MEDIA REKAMAN;PERCETAKAN;4000;M2;-;2023
2922;15;JAMBI;1571;157107;1507102007;HAZRI MANDIRI;NURHALIMAH;CV;18111;TINTA, KERTAS;INDUSTRI PENCETAKAN DAN REPRODUKSI MEDIA REKAMAN;PERCETAKAN;6500;M2;-;2023
2923;15;JAMBI;1571;157107;1507102007;JASA MAKHPUL;MUSA MAKHPUL;PO;18111;TINTA, KERTAS;INDUSTRI PENCETAKAN DAN REPRODUKSI MEDIA REKAMAN;PERCETAKAN;4500;M2;-;2023
2924;15;JAMBI;1571;157107;1507102007;CAHAYA BERKAH;HASBULLAH;PO;18111;TINTA, KERTAS;INDUSTRI PENCETAKAN DAN REPRODUKSI MEDIA REKAMAN;PERCETAKAN;12;M2;-;2023
2925;15;JAMBI;1571;157107;1571071002;PERCETAKAN;AKMAL;PO;18111;TINTA, KERTAS;INDUSTRI PENCETAKAN DAN REPRODUKSI MEDIA REKAMAN;PERCETAKAN;250;EXLAMP;-;2023
2926;15;JAMBI;1571;157107;1507102007;KAMENER JAYA JAMBI;-;PT;18111;LOGAM, BESI;INDUSTRI PENCETAKAN DAN REPRODUKSI MEDIA REKAMAN;PERCETAKAN;7200;LEMBAR;-;2023
2927;15;JAMBI;1571;157107;1507102007;HAZRI MANDIRI;NURHALIMAH;CV;18111;LOGAM, BESI;INDUSTRI PENCETAKAN DAN REPRODUKSI MEDIA REKAMAN;PERCETAKAN;7200;LEMBAR;-;2023
2928;15;JAMBI;1571;157107;1507102007;CV. PANTAI CERMAI INDAH;HAMKA MAWARDI;CV;18111;LOGAM, BESI;INDUSTRI PENCETAKAN DAN REPRODUKSI MEDIA REKAMAN;PERCETAKAN;7200;LEMBAR;-;2023
2929;15;JAMBI;1571;157107;1571071001;AGUNG LESTARI;SABARUDDIN;PO;18111;LOGAM, BESI;INDUSTRI PENCETAKAN DAN REPRODUKSI MEDIA REKAMAN;PERCETAKAN;7200;LEMBAR;-;2023
2930;15;JAMBI;1571;157107;1571071002;PERCETAKAN;A. RAHMAN;PO;18111;LOGAM, BESI;INDUSTRI PENCETAKAN DAN REPRODUKSI MEDIA REKAMAN;PERCETAKAN;7200;LEMBAR;-;2023
2931;15;JAMBI;1571;157107;1571071002;PERCETAKAN;YAN;PO;18111;LOGAM, BESI;INDUSTRI PENCETAKAN DAN REPRODUKSI MEDIA REKAMAN;PERCETAKAN;7200;LEMBAR;-;2023
2932;15;JAMBI;1571;157104;0;ANDALAS PUTRA;ERWIN BAHAR;CV;18111;TINTA, KERTAS;INDUSTRI PENCETAKAN DAN REPRODUKSI MEDIA REKAMAN;PERCETAKAN;6500;M2;-;2023
2933;15;JAMBI;1571;157104;0;SUTRA;RAMLAN R;CV;18111;TINTA, KERTAS;INDUSTRI PENCETAKAN DAN REPRODUKSI MEDIA REKAMAN;PERCETAKAN;600;M2;-;2023
2934;15;JAMBI;1571;157104;0;BAKRI GRAFIKA;NUCHALI WAIFUN;CV;18111;TINTA, KERTAS;INDUSTRI PENCETAKAN DAN REPRODUKSI MEDIA REKAMAN;PENERBITAN/ PERCETAKAN;165900;M2;-;2023
2935;15;JAMBI;1571;157104;0;KARYA MAKMUR;IR YULIA TRISNA;CV;18111;TINTA, KERTAS;INDUSTRI PENCETAKAN DAN REPRODUKSI MEDIA REKAMAN;PERCETAKAN;200;M2;-;2023
2936;15;JAMBI;1571;157104;0;LAZUARDI INDAH;ARZUADI ZAIN;CV;18111;TINTA, KERTAS;INDUSTRI PENCETAKAN DAN REPRODUKSI MEDIA REKAMAN;PENERBITAN;241371;M2;-;2023
2937;15;JAMBI;1571;157104;0;CAHAYA BATANG HARI;ALI HS;CV;18111;TINTA, KERTAS;INDUSTRI PENCETAKAN DAN REPRODUKSI MEDIA REKAMAN;PENERBITAN;27496;M2;-;2023
2938;15;JAMBI;1571;157104;0;CV. KARYA BARU;SUPANGAT;CV;18111;TINTA, KERTAS;INDUSTRI PENCETAKAN DAN REPRODUKSI MEDIA REKAMAN;PENERBITAN;32611;M2;-;2023
2939;15;JAMBI;1571;157104;0;SUDARA;RAMLI R;CV;18111;TINTA, KERTAS;INDUSTRI PENCETAKAN DAN REPRODUKSI MEDIA REKAMAN;PENERBITAN;13720;M2;-;2023
2940;15;JAMBI;1571;157104;1571041002;KARYA KITA;THALIB;CV;18111;TINTA, KERTAS;INDUSTRI PENCETAKAN DAN REPRODUKSI MEDIA REKAMAN;PERCETAKAN;0;-;-;2023
2941;15;JAMBI;1571;157104;0;PERCETAKAN JAMBI;ENDANG NANANG;CV;18111;TINTA, KERTAS;INDUSTRI PENCETAKAN DAN REPRODUKSI MEDIA REKAMAN;PENERBITAN;2000;M2;-;2023
2942;15;JAMBI;1571;157104;0;GARDEN;ERKAMTO;PO;18111;LOGAM, BESI;INDUSTRI PENCETAKAN DAN REPRODUKSI MEDIA REKAMAN;PERCETAKAN;7200;LEMBAR;-;2023
2943;15;JAMBI;1571;157104;1571041002;SINAR DUNIA;EDY MURTY;PO;18111;LOGAM, BESI;INDUSTRI PENCETAKAN DAN REPRODUKSI MEDIA REKAMAN;PERCETAKAN;7200;LEMBAR;-;2023
2944;15;JAMBI;1571;157105;1571051003;FAUZI;FAUZI;PO;18111;LOGAM, BESI;INDUSTRI PENCETAKAN DAN REPRODUKSI MEDIA REKAMAN;PERCETAKAN;7200;LEMBAR;-;2023
2945;15;JAMBI;1571;157105;1571051004;-;MAHENDRA;PO;18111;LOGAM, BESI;INDUSTRI PENCETAKAN DAN REPRODUKSI MEDIA REKAMAN;PERCETAKAN;0;-;-;2023
2946;15;JAMBI;1571;157101;1571011004;LUNI;NETTY SOFERDA;CV;18111;LOGAM, BESI;INDUSTRI PENCETAKAN DAN REPRODUKSI MEDIA REKAMAN;PERCETAKAN;7200;LEMBAR;-;2023
2947;15;JAMBI;1571;157101;1571011004;FAJAR JAYA;NURCHOLIS;CV;18111;LOGAM, BESI;INDUSTRI PENCETAKAN DAN REPRODUKSI MEDIA REKAMAN;PERCETAKAN;7200;LEMBAR;-;2023
2948;15;JAMBI;1571;157101;1571011004;CENTRAL SUMATERA;MUSDIRIN;CV;18111;LOGAM, BESI;INDUSTRI PENCETAKAN DAN REPRODUKSI MEDIA REKAMAN;PERCETAKAN;7200;LEMBAR;-;2023
2949;15;JAMBI;1571;157101;1571011004;JAMBI LINTAS MEDIA;DEBBY TOHIR SP;CV;18111;LOGAM, BESI;INDUSTRI PENCETAKAN DAN REPRODUKSI MEDIA REKAMAN;PERCETAKAN;7200;LEMBAR;-;2023
2950;15;JAMBI;1571;157101;1571011004;DUO SEDAHO;APRIATI ROZALINDA SP;CV;18111;LOGAM, BESI;INDUSTRI PENCETAKAN DAN REPRODUKSI MEDIA REKAMAN;PERCETAKAN;7200;LEMBAR;-;2023
2951;15;JAMBI;1571;157101;1571011004;INTI GRAFIKA;AMINUDIN;CV;18111;LOGAM, BESI;INDUSTRI PENCETAKAN DAN REPRODUKSI MEDIA REKAMAN;PERCETAKAN;7200;LEMBAR;-;2023
2952;15;JAMBI;1571;157101;1571011004;PUTRA KEMBAR;YUNARDI;CV;18111;LOGAM, BESI;INDUSTRI PENCETAKAN DAN REPRODUKSI MEDIA REKAMAN;PERCETAKAN;7200;LEMBAR;-;2023
2953;15;JAMBI;1571;157101;1571011004;JAMBI FORTUNA;ADIS ABEBA;CV;18111;LOGAM, BESI;INDUSTRI PENCETAKAN DAN REPRODUKSI MEDIA REKAMAN;PERCETAKAN;7200;LEMBAR;-;2023
2954;15;JAMBI;1571;157101;1571011004;BUKIT MAS;TAUFIK SH;CV;18111;LOGAM, BESI;INDUSTRI PENCETAKAN DAN REPRODUKSI MEDIA REKAMAN;PERCETAKAN;7200;LEMBAR;-;2023
2955;15;JAMBI;1571;157101;1571011004;GRAFIKA UTAMA;M GRIVAN MAGNER;CV;18111;LOGAM, BESI;INDUSTRI PENCETAKAN DAN REPRODUKSI MEDIA REKAMAN;PERCETAKAN;7200;LEMBAR;-;2023
2956;15;JAMBI;1571;157101;1571011004;RAHMAT PRESSINDO;IR BASYARILAH;CV;18111;LOGAM, BESI;INDUSTRI PENCETAKAN DAN REPRODUKSI MEDIA REKAMAN;PERCETAKAN;7200;LEMBAR;-;2023
2957;15;JAMBI;1571;157101;1571011004;MADRAS;RONI;CV;18111;LOGAM, BESI;INDUSTRI PENCETAKAN DAN REPRODUKSI MEDIA REKAMAN;PERCETAKAN;7200;LEMBAR;-;2023
2958;15;JAMBI;1571;157101;1571011004;SERUMPUN TUNAS KARYA;NURMAISYAH;PO;18111;LOGAM, BESI;INDUSTRI PENCETAKAN DAN REPRODUKSI MEDIA REKAMAN;PERCETAKAN;7200;LEMBAR;-;2023
2959;15;JAMBI;1571;157101;1571011004;RANALDO;LUCY;PO;18111;LOGAM, BESI;INDUSTRI PENCETAKAN DAN REPRODUKSI MEDIA REKAMAN;PERCETAKAN;7200;LEMBAR;-;2023
2960;15;JAMBI;1571;157101;1571011004;MITRA AGUNG;DRA PRETY LOKITASARI;CV;18111;LOGAM, BESI;INDUSTRI PENCETAKAN DAN REPRODUKSI MEDIA REKAMAN;PERCETAKAN;7200;LEMBAR;-;2023
2961;15;JAMBI;1571;157101;1571011004;JURNAL INTI SENTOSA;ANISAH;PO;18111;LOGAM, BESI;INDUSTRI PENCETAKAN DAN REPRODUKSI MEDIA REKAMAN;PERCETAKAN;7200;LEMBAR;-;2023
2962;15;JAMBI;1571;157101;1571011004;IRA GARFIS;RINA ATMAJAWATI;PO;18111;LOGAM, BESI;INDUSTRI PENCETAKAN DAN REPRODUKSI MEDIA REKAMAN;PERCETAKAN;7200;LEMBAR;-;2023
2963;15;JAMBI;1571;157101;1507102007;DHARMA SAKTI;ISKANDAR;CV;18111;LOGAM, BESI;INDUSTRI PENCETAKAN DAN REPRODUKSI MEDIA REKAMAN;PERCETAKAN;7200;LEMBAR;-;2023
2964;15;JAMBI;1571;157101;1571011004;RUNESKO JAYA;NOVIERA SUSILOWATY;CV;18111;LOGAM, BESI;INDUSTRI PENCETAKAN DAN REPRODUKSI MEDIA REKAMAN;PERCETAKAN;7200;LEMBAR;-;2023
2965;15;JAMBI;1571;157101;1571011004;KALIGRAHA KANTATA;BENNY FETRIANTO SE;PT;18111;LOGAM, BESI;INDUSTRI PENCETAKAN DAN REPRODUKSI MEDIA REKAMAN;PERCETAKAN;7200;LEMBAR;-;2023
2966;15;JAMBI;1571;157101;1571011004;PRIMA BUANA;ERA EMAWATI;CV;18111;LOGAM, BESI;INDUSTRI PENCETAKAN DAN REPRODUKSI MEDIA REKAMAN;PERCETAKAN;7200;LEMBAR;-;2023
2967;15;JAMBI;1571;157101;1571011004;MAJELIS RAYA;H ABDULLAH;PT;18111;LOGAM, BESI;INDUSTRI PENCETAKAN DAN REPRODUKSI MEDIA REKAMAN;PERCETAKAN;7200;LEMBAR;-;2023
2968;15;JAMBI;1571;157101;1571011004;DEMANG KARYA;OCTAMA GRAHA;CV;18111;LOGAM, BESI;INDUSTRI PENCETAKAN DAN REPRODUKSI MEDIA REKAMAN;PERCETAKAN;7200;LEMBAR;-;2023
2969;15;JAMBI;1571;157101;1571011004;ANITA PRESS;-;CV;18111;LOGAM, BESI;INDUSTRI PENCETAKAN DAN REPRODUKSI MEDIA REKAMAN;PERCETAKAN;7200;LEMBAR;-;2023
2970;15;JAMBI;1571;157101;1571011004;BERITA PRESS;-;PT;18111;LOGAM, BESI;INDUSTRI PENCETAKAN DAN REPRODUKSI MEDIA REKAMAN;PERCETAKAN;7200;LEMBAR;-;2023
2971;15;JAMBI;1571;157101;1571011003;ABBHFUL;-;PO;18111;LOGAM, BESI;INDUSTRI PENCETAKAN DAN REPRODUKSI MEDIA REKAMAN;PERCETAKAN;7200;LEMBAR;-;2023
2972;15;JAMBI;1571;157101;1571011011;CV. MADANI UTAMA;EDI PURWANTO;PO;18111;LOGAM, BESI;INDUSTRI PENCETAKAN DAN REPRODUKSI MEDIA REKAMAN;PERCETAKAN;7200;LEMBAR;-;2023
2973;15;JAMBI;1571;157106;1571061005;-;MUKHLIS;PO;18111;LOGAM,BESI;INDUSTRI PENCETAKAN DAN REPRODUKSI MEDIA REKAMAN;PERCETAKAN;0;-;-;2023
2974;15;JAMBI;1571;157108;1571081007;CERIA;NOPRIYANTO;PO;18111;LOGAM,BESI;INDUSTRI PENCETAKAN DAN REPRODUKSI MEDIA REKAMAN;PERCETAKAN;0;-;-;2023
2975;15;JAMBI;1571;157111;1571111001;PERCETAKAN UNDANGAN F3 KREASI;JUL HARIYAD;PO;18111;TINTA,KERTAS;INDUSTRI PENCETAKAN DAN REPRODUKSI MEDIA REKAMAN;CETAK UNDANGAN,BROSUR;0;-;-;2023
2976;15;JAMBI;1571;157110;1571101002;PERCETAKAN ROKI STADION EXPEDISI;ROKI CANDRA;PO;18111;LOGAM, BESI;INDUSTRI PENCETAKAN DAN REPRODUKSI MEDIA REKAMAN;PERCETAKAN;0;-;-;2023
2977;15;JAMBI;1571;157110;1571101002;PERCETAKAN SUMO;HARDINAN;PO;18111;LOGAM, BESI;INDUSTRI PENCETAKAN DAN REPRODUKSI MEDIA REKAMAN;PERCETAKAN;0;-;-;2023
2978;15;JAMBI;1571;157104;1571041001;FAT PRODUCTION;ADE RISWANTO;PO;18111;LOGAM, BESI;INDUSTRI PENCETAKAN DAN REPRODUKSI MEDIA REKAMAN;PERCETAKAN / JASA DESAIN;0;-;-;2023
2979;15;JAMBI;1571;157105;1571051005;-;M. FAJRI YANSYAH;PO;18111;LOGAM, BESI;INDUSTRI PENCETAKAN DAN REPRODUKSI MEDIA REKAMAN;PERCETAKAN;0;-;-;2023
2980;15;JAMBI;1571;157105;1571051005;-;HALIMAH;PO;18111;LOGAM, BESI;INDUSTRI PENCETAKAN DAN REPRODUKSI MEDIA REKAMAN;PERCETAKAN;0;-;-;2023
2981;15;JAMBI;1571;157105;1571051005;-;AYU;PO;18111;LOGAM, BESI;INDUSTRI PENCETAKAN DAN REPRODUKSI MEDIA REKAMAN;PERCETAKAN;0;-;-;2023
2982;15;JAMBI;1571;157109;0;BANDI;ASWINAR;CV;18120;TINTA, KERTAS;INDUSTRI PENCETAKAN DAN REPRODUKSI MEDIA REKAMAN;FOTO COPY;45000;LEMBAR;-;2023
2983;15;JAMBI;1571;157109;0;PEDOMAN RESTU NUSANTARA;DILIS NTAHARMANSYAH;PT;18120;TINTA, KERTAS;INDUSTRI PENCETAKAN DAN REPRODUKSI MEDIA REKAMAN;FOTO COPY;45000;LEMBAR;-;2023
2984;15;JAMBI;1571;157110;1571101003;SARTIKA;IDHAM. H;PO;18120;TINTA, KERTAS;INDUSTRI PENCETAKAN DAN REPRODUKSI MEDIA REKAMAN;SABLON;0;M2;-;2023
2985;15;JAMBI;1571;157110;1571101003;ANJAS;AAN. J;PO;18120;TINTA, KERTAS;INDUSTRI PENCETAKAN DAN REPRODUKSI MEDIA REKAMAN;SABLON;0;M2;-;2023
2986;15;JAMBI;1571;157110;1571101003;DIMAS;AMIN. F;PO;18120;TINTA, KERTAS;INDUSTRI PENCETAKAN DAN REPRODUKSI MEDIA REKAMAN;SABLON;0;M2;-;2023
2987;15;JAMBI;1571;157110;1571101003;SEMESTA;-;PO;18120;TINTA, KERTAS;INDUSTRI PENCETAKAN DAN REPRODUKSI MEDIA REKAMAN;SABLON;0;M2;-;2023
2988;15;JAMBI;1571;157110;1571101003;ESTIKA;SYAHRIL;PO;18120;TINTA, KERTAS;INDUSTRI PENCETAKAN DAN REPRODUKSI MEDIA REKAMAN;SABLON;0;M2;-;2023
2989;15;JAMBI;1571;157110;1571101003;AL SYIFA;SOFIYA;PO;18120;TINTA, KERTAS;INDUSTRI PENCETAKAN DAN REPRODUKSI MEDIA REKAMAN;SABLON;0;M2;-;2023
2990;15;JAMBI;1571;157110;1571101003;REAL KARYA;RISMAN;PO;18120;TINTA, KERTAS;INDUSTRI PENCETAKAN DAN REPRODUKSI MEDIA REKAMAN;SABLON;0;M2;-;2023
2991;15;JAMBI;1571;157110;1571101003;SABLON SALSA;DEDI;PO;18120;TINTA, KERTAS;INDUSTRI PENCETAKAN DAN REPRODUKSI MEDIA REKAMAN;SABLON;7500;M4;-;2023
2992;15;JAMBI;1571;157110;1571101003;SAHABAT;DARMAN;PO;18120;TINTA, KERTAS;INDUSTRI PENCETAKAN DAN REPRODUKSI MEDIA REKAMAN;SABLON;7500;M12;-;2023
2993;15;JAMBI;1571;157110;1571101003;VIRGO;SURYADI;PO;18120;TINTA, KERTAS;INDUSTRI PENCETAKAN DAN REPRODUKSI MEDIA REKAMAN;SABLON;7500;M13;-;2023
2994;15;JAMBI;1571;157110;1571101003;ICHA SALON;BUJANG ANIS;PO;18120;TINTA, KERTAS;INDUSTRI PENCETAKAN DAN REPRODUKSI MEDIA REKAMAN;SABLON;7500;M14;-;2023
2995;15;JAMBI;1571;157110;1571101003;DM DIGITAL PRINTING;MASNIAR;PO;18120;TINTA, KERTAS;INDUSTRI PENCETAKAN DAN REPRODUKSI MEDIA REKAMAN;SABLON;7500;M15;-;2023
2996;15;JAMBI;1571;157102;0;FIVI FOTO;RUSTAM TANIAGA;PO;18120;TINTA, KERTAS;INDUSTRI PENCETAKAN DAN REPRODUKSI MEDIA REKAMAN;CETAK PHOTO;95000;ROL;-;2023
2997;15;JAMBI;1571;157108;1571081006;CV. DIMENSI;ANDIKA SPUTRA;PO;18120;TINTA, KERTAS;INDUSTRI PENCETAKAN DAN REPRODUKSI MEDIA REKAMAN;SABLON;0;M2;-;2023
2998;15;JAMBI;1571;157108;1571081006;RAMAWIRA FAMINDO;RINALDI;PT;18120;LOGAM, BESI;INDUSTRI PENCETAKAN DAN REPRODUKSI MEDIA REKAMAN;SABLON;7200;LEMBAR;-;2023
2999;15;JAMBI;1571;157107;1507102007;JAMBI PRESS INTERMEDIA;H SUYARNO WONOKROMO;PT;18120;TINTA, KERTAS;INDUSTRI PENCETAKAN DAN REPRODUKSI MEDIA REKAMAN;PERCETAKAN;0;M2;-;2023
3000;15;JAMBI;1571;157107;1507102007;KEMASINDO;RAMLAN R;PO;18120;TINTA, KERTAS;INDUSTRI PENCETAKAN DAN REPRODUKSI MEDIA REKAMAN;SABLON;25050;M2;-;2023
3001;15;JAMBI;1571;157107;1507102007;HILDA JAYA ABADI;M ARIFIN;PT;18120;TINTA, KERTAS;INDUSTRI PENCETAKAN DAN REPRODUKSI MEDIA REKAMAN;FOTO COPY;0;LEMBAR;-;2023
3002;15;JAMBI;1571;157107;1571081006;CHON DAN JALI;RAZALI;PT;18120;TINTA, KERTAS;INDUSTRI PENCETAKAN DAN REPRODUKSI MEDIA REKAMAN;FOTO COPY;0;LEMBAR;-;2023
3003;15;JAMBI;1571;157107;1571091003;NAVA SABLON;RIRI ARDIANTARI;PO;18120;TINTA, KERTAS;INDUSTRI PENCETAKAN DAN REPRODUKSI MEDIA REKAMAN;SABLON;20000;LEMBAR;-;2023
3004;15;JAMBI;1571;157107;1571071001;TIYA SABLON;ALAMSYAH;PO;18120;TINTA, KERTAS;INDUSTRI PENCETAKAN DAN REPRODUKSI MEDIA REKAMAN;SABLON;42500;LEMBAR;-;2023
3005;15;JAMBI;1571;157107;1571071001;SABLON GERI;IRFANTO;PO;18120;TINTA, KERTAS;INDUSTRI PENCETAKAN DAN REPRODUKSI MEDIA REKAMAN;SABLON;100000;EXLAMP;-;2023
3006;15;JAMBI;1571;157104;0;SURABAYA;SUDARMAN;PO;18120;TINTA, KERTAS;INDUSTRI PENCETAKAN DAN REPRODUKSI MEDIA REKAMAN;FOTO COPY;0;LEMBAR;-;2023
3007;15;JAMBI;1571;157104;0;BALI;KUMALA PUJA;PO;18120;TINTA, KERTAS;INDUSTRI PENCETAKAN DAN REPRODUKSI MEDIA REKAMAN;FOTO COPY;0;LEMBAR;-;2023
3008;15;JAMBI;1571;157104;0;MUDA MUDI;TANDI SUKINTO;PO;18120;TINTA, KERTAS;INDUSTRI PENCETAKAN DAN REPRODUKSI MEDIA REKAMAN;FOTO COPY;0;LEMBAR;-;2023
3009;15;JAMBI;1571;157104;0;KING;LUCIA MORITA;PO;18120;TINTA, KERTAS;INDUSTRI PENCETAKAN DAN REPRODUKSI MEDIA REKAMAN;FOTO COPY;0;LEMBAR;-;2023
3010;15;JAMBI;1571;157104;0;NIRWANA PHOTO;SUDJONO ZAINI;PO;18120;TINTA, KERTAS;INDUSTRI PENCETAKAN DAN REPRODUKSI MEDIA REKAMAN;CETAK PHOTO;150000;ROL;-;2023
3011;15;JAMBI;1571;157104;0;BALI PHOTO;YULIANI ENG;PO;18120;TINTA, KERTAS;INDUSTRI PENCETAKAN DAN REPRODUKSI MEDIA REKAMAN;CETAK PHOTO;225000;ROL;-;2023
3012;15;JAMBI;1571;157104;0;MODERN;AMINAH;PO;18120;TINTA, KERTAS;INDUSTRI PENCETAKAN DAN REPRODUKSI MEDIA REKAMAN;PHOTO COPY;7500;LEMBAR;-;2023
3013;15;JAMBI;1571;157104;0;PUSAKA REZEKI;HUSNIAR;PO;18120;TINTA, KERTAS;INDUSTRI PENCETAKAN DAN REPRODUKSI MEDIA REKAMAN;FOTO COPY;1000;LEMBAR;-;2023
3014;15;JAMBI;1571;157104;0;S R;RUSTAM TANIAGA;PO;18120;TINTA, KERTAS;INDUSTRI PENCETAKAN DAN REPRODUKSI MEDIA REKAMAN;FOTO COPY;4000;LEMBAR;-;2023
3015;15;JAMBI;1571;157104;0;REK;YAKOP LIONO;PO;18120;TINTA, KERTAS;INDUSTRI PENCETAKAN DAN REPRODUKSI MEDIA REKAMAN;FOTO COPY;3000;LEMBAR;-;2023
3016;15;JAMBI;1571;157104;0;CITRA JAYA;BASRI THAMRIN;CV;18120;TINTA, KERTAS;INDUSTRI PENCETAKAN DAN REPRODUKSI MEDIA REKAMAN;FOTO COPY;7200;LEMBAR;-;2023
3017;15;JAMBI;1571;157104;0;SISWA MUDA;RUDI SUSANTI;PO;18120;TINTA, KERTAS;INDUSTRI PENCETAKAN DAN REPRODUKSI MEDIA REKAMAN;FOTO COPY;18000;LEMBAR;-;2023
3018;15;JAMBI;1571;157104;0;ROSE PHOTO;SUNARDI HALIM;PO;18120;TINTA, KERTAS;INDUSTRI PENCETAKAN DAN REPRODUKSI MEDIA REKAMAN;FOTO COPY;10000;LEMBAR;-;2023
3019;15;JAMBI;1571;157104;0;SENI WARNA;SUMADI ZAINI;PO;18120;TINTA, KERTAS;INDUSTRI PENCETAKAN DAN REPRODUKSI MEDIA REKAMAN;FOTO COPY;12000;LEMBAR;-;2023
3020;15;JAMBI;1571;157104;0;RATU;DJOHAN LIMAN;PO;18120;TINTA, KERTAS;INDUSTRI PENCETAKAN DAN REPRODUKSI MEDIA REKAMAN;FOTO COPY;2500;LEMBAR;-;2023
3021;15;JAMBI;1571;157104;0;MARTHA PHOTO;MARTHA YULIANA;PO;18120;TINTA, KERTAS;INDUSTRI PENCETAKAN DAN REPRODUKSI MEDIA REKAMAN;FOTO COPY;30000;LEMBAR;-;2023
3022;15;JAMBI;1571;157104;0;DEMANG KARYA MANDIRI;NURMI Z;PT;18120;TINTA, KERTAS;INDUSTRI PENCETAKAN DAN REPRODUKSI MEDIA REKAMAN;FOTO COPY;0;LEMBAR;-;2023
3023;15;JAMBI;1571;157104;0;BURSA BUKU NUSANTARA;SUPRIADI;PT;18120;TINTA, KERTAS;INDUSTRI PENCETAKAN DAN REPRODUKSI MEDIA REKAMAN;FOTO COPY;0;LEMBAR;-;2023
3024;15;JAMBI;1571;157104;0;MUDA MUDI;TANDI SUKINTO;PO;18120;LOGAM, BESI;INDUSTRI PENCETAKAN DAN REPRODUKSI MEDIA REKAMAN;SABLON;0;-;-;2023
3025;15;JAMBI;1571;-;1571051006;PHOTO COPY FAQIH;THOIB;PO;18120;TINTA, KERTAS;INDUSTRI PENCETAKAN DAN REPRODUKSI MEDIA REKAMAN;PHOTO COPY;0;LEMBAR;-;2023
3026;15;JAMBI;1571;-;0;-;-;PO;18120;LOGAM, BESI;INDUSTRI PENCETAKAN DAN REPRODUKSI MEDIA REKAMAN;FOTOCOPY;0;-;-;2023
3027;15;JAMBI;1571;-;0;-;-;PO;18120;LOGAM, BESI;INDUSTRI PENCETAKAN DAN REPRODUKSI MEDIA REKAMAN;FOTOCOPY;0;-;-;2023
3028;15;JAMBI;1571;-;0;-;-;PO;18120;LOGAM, BESI;INDUSTRI PENCETAKAN DAN REPRODUKSI MEDIA REKAMAN;FOTOCOPY;0;-;-;2023
3029;15;JAMBI;1571;157101;1571011004;FILADELFIA;SRIALIM;PO;18120;TINTA, KERTAS;INDUSTRI PENCETAKAN DAN REPRODUKSI MEDIA REKAMAN;FOTO COPY;0;LEMBAR;-;2023
3030;15;JAMBI;1571;157101;1571011004;SABLON RINDA;SUPRI HARTONO;PO;18120;TINTA, KERTAS;INDUSTRI PENCETAKAN DAN REPRODUKSI MEDIA REKAMAN;SABLON;187500;M2;-;2023
3031;15;JAMBI;1571;157101;1571011004;PANCA JAYA UTAMA;LUTFI BACHTIAR;PT;18120;TINTA, KERTAS;INDUSTRI PENCETAKAN DAN REPRODUKSI MEDIA REKAMAN;FOTO COPY;60000;LEMBAR;-;2023
3032;15;JAMBI;1571;157101;1571011004;SELEX;MAJORA SENJA;PO;18120;TINTA, KERTAS;INDUSTRI PENCETAKAN DAN REPRODUKSI MEDIA REKAMAN;FOTO COPY;6000;LEMBAR;-;2023
3033;15;JAMBI;1571;157101;1571011004;DX;JOHN BOY THAN;PO;18120;TINTA, KERTAS;INDUSTRI PENCETAKAN DAN REPRODUKSI MEDIA REKAMAN;FOTO COPY;4500;LEMBAR;-;2023
3034;15;JAMBI;1571;157101;1571011001;PANDAK SABLON;AMIR;PO;18120;TINTA, KERTAS;INDUSTRI PENCETAKAN DAN REPRODUKSI MEDIA REKAMAN;SABLON;0;M2;-;2023
3035;15;JAMBI;1571;157101;1571101003;DIMAS;AMIN. F;PO;18120;TINTA, KERTAS;INDUSTRI PENCETAKAN DAN REPRODUKSI MEDIA REKAMAN;SABLON;0;M2;-;2023
3036;15;JAMBI;1571;157101;0;NAOMI;STAHRUDIN;PO;18120;TINTA, KERTAS;INDUSTRI PENCETAKAN DAN REPRODUKSI MEDIA REKAMAN;FOTO COPY;0;LEMBAR;-;2023
3037;15;JAMBI;1571;157101;0;FOTO COPY AURDURI;A. AZHARI;PO;18120;TINTA, KERTAS;INDUSTRI PENCETAKAN DAN REPRODUKSI MEDIA REKAMAN;FOTO COPY DAN ATK;0;LEMBAR;-;2023
3038;15;JAMBI;1571;157101;1571011001;AZET;KURNIAWAN, SH;PO;18120;TINTA, KERTAS;INDUSTRI PENCETAKAN DAN REPRODUKSI MEDIA REKAMAN;SABLON, UNDANGAN;0;LEMBAR;-;2023
3039;15;JAMBI;1571;157101;1571011001;ADE;FAUZI;PO;18120;TINTA, KERTAS;INDUSTRI PENCETAKAN DAN REPRODUKSI MEDIA REKAMAN;STEMPEL, KARTU NAMA;0;LEMBAR;-;2023
3040;15;JAMBI;1571;157101;1571011001;GLOBAL;BAMBANG;PO;18120;TINTA, KERTAS;INDUSTRI PENCETAKAN DAN REPRODUKSI MEDIA REKAMAN;SPANDUK, STEMPEL;7500;M19;-;2023
3041;15;JAMBI;1571;157109;1571091004;FHOTOCOPY DAFFA 2;SUNIL USMAN;PO;18120;TINTA, KERTAS;INDUSTRI PENCETAKAN DAN REPRODUKSI MEDIA REKAMAN;FOTO COPY;0;-;-;2023
3042;15;JAMBI;1571;157109;1571091003;FHOTOCOPY FAMILY;JONI;PO;18120;TINTA, KERTAS;INDUSTRI PENCETAKAN DAN REPRODUKSI MEDIA REKAMAN;FOTO COPY;0;-;-;2023
3043;15;JAMBI;1571;157109;1571091004;FOTOCOPY GARUDA;RURY ASTUTI;PO;18120;TINTA, KERTAS;INDUSTRI PENCETAKAN DAN REPRODUKSI MEDIA REKAMAN;FOTO COPY;0;-;-;2023
3044;15;JAMBI;1571;157109;1571091003;SURYA FHOTOCOPY;ZAINAL TULLAH;PO;18120;TINTA, KERTAS;INDUSTRI PENCETAKAN DAN REPRODUKSI MEDIA REKAMAN;FOTO COPY;0;-;-;2023
3045;15;JAMBI;1571;157106;1504062009;-;M.AMIR H.ABD SYUKUR;PO;18120;TINTA,KERTAS;INDUSTRI PENCETAKAN DAN REPRODUKSI MEDIA REKAMAN;PHOTO COPY;0;-;-;2023
3046;15;JAMBI;1571;157111;1571111003;ALIM PHOTO;MUALIM;PO;18120;TINTA,KERTAS;INDUSTRI PENCETAKAN DAN REPRODUKSI MEDIA REKAMAN;CETAK PHOTO;0;-;-;2023
3047;15;JAMBI;1571;157105;1571051001;-;NURHASANAH;PO;18120;TINTA, KERTAS;INDUSTRI PENCETAKAN DAN REPRODUKSI MEDIA REKAMAN;CETAK PHOTO;0;-;-;2023
3048;15;JAMBI;1571;157105;1571051002;-;RAHMAT SEPTIAN M.;PO;18120;LOGAM, BESI;INDUSTRI PENCETAKAN DAN REPRODUKSI MEDIA REKAMAN;FOTOCOPY;0;-;-;2023
3049;15;JAMBI;1571;157105;1571051002;-;MULYASARI;PO;18120;LOGAM, BESI;INDUSTRI PENCETAKAN DAN REPRODUKSI MEDIA REKAMAN;FOTOCOPY;0;-;-;2023
3050;15;JAMBI;1571;157110;1571101002;PERCETAKAN MEDIA SABLON;ABDUL ROZAK;PO;18120;LOGAM, BESI;INDUSTRI PENCETAKAN DAN REPRODUKSI MEDIA REKAMAN;SABLON;0;-;-;2023
3051;15;JAMBI;1571;157105;1571051005;-;ELSY FITRI APRIANY;PO;18120;LOGAM, BESI;INDUSTRI PENCETAKAN DAN REPRODUKSI MEDIA REKAMAN;FOTOCOPY;0;-;-;2023
3052;15;JAMBI;1571;157109;0;BANGKIT KERINCI RECORD;H NUWARDI;PO;18202;KAMERA;INDUSTRI PENCETAKAN DAN REPRODUKSI MEDIA REKAMAN;REKAMAN;500;BUAH;-;2023
3053;15;JAMBI;1571;157109;0;JASA KARYA;-;CV;18202;LOGAM, ELEKTRONIK;INDUSTRI PENCETAKAN DAN REPRODUKSI MEDIA REKAMAN;STUDIO PHOTO;1800;-;-;2023
3054;15;JAMBI;1571;157109;0;STUDIO A;MIDU Z PRATICO;PO;18202;LOGAM, ELEKTRONIK;INDUSTRI PENCETAKAN DAN REPRODUKSI MEDIA REKAMAN;STUDIO PHOTO;9000;-;-;2023
3055;15;JAMBI;1571;157109;0;RAKYAN PUTRA;-;PT;18202;LOGAM, ELEKTRONIK;INDUSTRI PENCETAKAN DAN REPRODUKSI MEDIA REKAMAN;STUDIO PHOTO;2880;-;-;2023
3056;15;JAMBI;1571;157102;0;CANTIK;JOLY;PO;18202;LOGAM, ELEKTRONIK;INDUSTRI PENCETAKAN DAN REPRODUKSI MEDIA REKAMAN;STUDIO PHOTO;7200;-;-;2023
3057;15;JAMBI;1571;157102;0;ANEKA PHOTO;SARNUBI;PO;18202;LOGAM, ELEKTRONIK;INDUSTRI PENCETAKAN DAN REPRODUKSI MEDIA REKAMAN;STUDIO PHOTO;3600;-;-;2023
3058;15;JAMBI;1571;157103;0;JAMBI PHOTO;-;PO;18202;LOGAM, ELEKTRONIK;INDUSTRI PENCETAKAN DAN REPRODUKSI MEDIA REKAMAN;STUDIO PHOTO;0;-;-;2023
3059;15;JAMBI;1571;157108;1571081006;GIANTIRA;LILIS ERAWATI;CV;18202;LOGAM, ELEKTRONIK;INDUSTRI PENCETAKAN DAN REPRODUKSI MEDIA REKAMAN;STUDIO PHOTO;0;-;-;2023
3060;15;JAMBI;1571;157108;1571081006;ROHIM;SUDARNO;CV;18202;LOGAM, ELEKTRONIK;INDUSTRI PENCETAKAN DAN REPRODUKSI MEDIA REKAMAN;STUDIO PHOTO;0;-;-;2023
3061;15;JAMBI;1571;157104;0;MR JOHN;JOHN FRANCISCO;PO;18202;LOGAM, ELEKTRONIK;INDUSTRI PENCETAKAN DAN REPRODUKSI MEDIA REKAMAN;STUDIO PHOTO;0;-;-;2023
3062;15;JAMBI;1571;157104;0;HAWAI PHOTO;ARIFIN HELGA;PO;18202;LOGAM, ELEKTRONIK;INDUSTRI PENCETAKAN DAN REPRODUKSI MEDIA REKAMAN;STUDIO PHOTO;0;-;-;2023
3063;15;JAMBI;1571;157104;0;PUTRA MARA;M YAHYA MS;CV;18202;LOGAM, ELEKTRONIK;INDUSTRI PENCETAKAN DAN REPRODUKSI MEDIA REKAMAN;STUDIO PHOTO;0;-;-;2023
3064;15;JAMBI;1571;157104;0;PUSAKA REZEKI;HUSNIAR;PO;18202;LOGAM, ELEKTRONIK;INDUSTRI PENCETAKAN DAN REPRODUKSI MEDIA REKAMAN;STUDIO PHOTO;0;-;-;2023
3065;15;JAMBI;1571;157104;0;PRIMA INDAH;MOENIR;PO;18202;LOGAM, ELEKTRONIK;INDUSTRI PENCETAKAN DAN REPRODUKSI MEDIA REKAMAN;STUDIO PHOTO;0;-;-;2023
3066;15;JAMBI;1571;157104;0;ACE;HENDRA RIYANTO;PO;18202;LOGAM, ELEKTRONIK;INDUSTRI PENCETAKAN DAN REPRODUKSI MEDIA REKAMAN;STUDIO PHOTO;0;-;-;2023
3067;15;JAMBI;1571;157104;0;FUJI COLOUR;SUNARDI HALIM;PO;18202;LOGAM, ELEKTRONIK;INDUSTRI PENCETAKAN DAN REPRODUKSI MEDIA REKAMAN;STUDIO PHOTO;0;-;-;2023
3068;15;JAMBI;1571;157104;0;ISTIMEWA;SUKMAN LIMAS;PO;18202;LOGAM, ELEKTRONIK;INDUSTRI PENCETAKAN DAN REPRODUKSI MEDIA REKAMAN;STUDIO PHOTO;0;-;-;2023
3069;15;JAMBI;1571;157101;1571011004;KARYA BROTHER;ALI HASMI;CV;18202;LOGAM, ELEKTRONIK;INDUSTRI PENCETAKAN DAN REPRODUKSI MEDIA REKAMAN;STUDIO PHOTO;0;-;-;2023
3070;15;JAMBI;1571;157101;1571011004;KARINA;KARTINI;CV;18202;LOGAM, ELEKTRONIK;INDUSTRI PENCETAKAN DAN REPRODUKSI MEDIA REKAMAN;STUDIO PHOTO;0;-;-;2023
3071;15;JAMBI;1571;157109;1507112005;LUXIE PHOTO;MUHARDYSYAM;PO;18202;LOGAM,ELEKTRONIK;INDUSTRI PENCETAKAN DAN REPRODUKSI MEDIA REKAMAN;STUDIO PHOTO;0;-;-;2023
3072;15;JAMBI;1571;157109;0;KENALI BESARPERKASA;KOESDJAYA;PT;19214;MINYAK;INDUSTRI PRODUK DARI BATU BARA DAN PENGILANGAN MINYAK BUMI;MINYAK PELUMAS;9000;-;-;2023
3073;15;JAMBI;1571;157104;0;PUTRA HANG TUAH;PALRES HELSAN DR PURBA;PT;19214;MINYAK;INDUSTRI PRODUK DARI BATU BARA DAN PENGILANGAN MINYAK BUMI;MINYAK PELUMAS;0;-;-;2023
3074;15;JAMBI;1571;157104;1571041004;PANGKALAN LPG 3 KG;HARTANTO;PO;19214;MINYAK;INDUSTRI PRODUK DARI BATU BARA DAN PENGILANGAN MINYAK BUMI;GAS;0;-;-;2023
3075;15;JAMBI;1571;157104;1571041001;CV. VIDYA PUTRI KARTINI;ERWIN/VIDYA PUTRI K;PO;19214;BERAS DAN GELATIN;INDUSTRI MAKANAN;MASKER ORGANIK DAN GELATIN;500;BLN;-;2023
3076;15;JAMBI;1571;157104;1571041001;-;AMARTANTI;PO;19214;-;-;PENGOLAHAN BAHAN BEKAS;0;-;-;2023
3077;15;JAMBI;1571;157109;0;CAP I (SATU);HARTONO;CV;20111;MINYAK, PEWARNA;INDUSTRI BAHAN KIMIA DAN BARANG DARI BAHAN KIMIA;CAT;900;BH;-;2023
3078;15;JAMBI;1571;157103;1571031001;SINAS JAYA;M ZUHRI A RAHMAN;PO;20111;MINYAK, PEWARNA;INDUSTRI BAHAN KIMIA DAN BARANG DARI BAHAN KIMIA;CAT;7200;BH;-;2023
3079;15;JAMBI;1571;157107;1507102007;JAMBI OKSIGEN;KUSWIRA;PO;20112;GAS;INDUSTRI BAHAN KIMIA DAN BARANG DARI BAHAN KIMIA;OKSIGEN;0;-;-;2023
3080;15;JAMBI;1571;157101;1571011004;GAS ENERGI JAMBI;DRS HA RONI KARIM;PT;20112;ENERGI GAS;INDUSTRI BAHAN KIMIA DAN BARANG DARI BAHAN KIMIA;GAS;54000;BH;-;2023
3081;15;JAMBI;1571;157109;1571091001;NETTY GAS;NETTY WARTINI;PO;20112;ENERGI GAS;INDUSTRI BAHAN KIMIA DAN BARANG DARI BAHAN KIMIA;GAS;0;-;-;2023
3082;15;JAMBI;1571;157109;1571091001;ABDI RAJA PERLINDUNGAN MUNTE;ABDI RAJA PERLINDUNGAN MUNTHE;PO;20112;ENERGI GAS;INDUSTRI BAHAN KIMIA DAN BARANG DARI BAHAN KIMIA;GAS;0;-;-;2023
3083;15;JAMBI;1571;157109;1571091004;-;RINA KARLINA;PO;20112;ENERGI GAS;INDUSTRI BAHAN KIMIA DAN BARANG DARI BAHAN KIMIA;GAS;0;-;-;2023
3084;15;JAMBI;1571;157109;1571091003;-;RIA PUSPITASARI;PO;20112;ENERGI GAS;INDUSTRI BAHAN KIMIA DAN BARANG DARI BAHAN KIMIA;GAS;0;-;-;2023
3085;15;JAMBI;1571;157109;1571091003;GAS FITRI;FITRI YULIANAWATI;PO;20112;ENERGI GAS;INDUSTRI BAHAN KIMIA DAN BARANG DARI BAHAN KIMIA;GAS;0;-;-;2023
3086;15;JAMBI;1571;157109;1571091003;DEPOT RQ FRESH;PASAT SANTOSO;PO;20112;ENERGI GAS;INDUSTRI BAHAN KIMIA DAN BARANG DARI BAHAN KIMIA;GAS;0;-;-;2023
3087;15;JAMBI;1571;157109;1507112005;PANGKALAN SIMANJUNTAK;KRISTON SIRINGGO-RINGO;PO;20112;ENERGI GAS;INDUSTRI BAHAN KIMIA DAN BARANG DARI BAHAN KIMIA;GAS;0;-;-;2023
3088;15;JAMBI;1571;157109;1571091001;ENNI KUSRINI;ENNI KUSRINI;PO;20112;ENERGI GAS;INDUSTRI BAHAN KIMIA DAN BARANG DARI BAHAN KIMIA;GAS;0;-;-;2023
3089;15;JAMBI;1571;157109;1571091004;PANGKALAN BERKAH;SAJAR.KN;PO;20112;ENERGI GAS;INDUSTRI BAHAN KIMIA DAN BARANG DARI BAHAN KIMIA;GAS;0;-;-;2023
3090;15;JAMBI;1571;157110;1571101001;TINI GAS;TINI;PO;20112;ENERGI GAS;INDUSTRI BAHAN KIMIA DAN BARANG DARI BAHAN KIMIA;GAS;0;-;-;2023
3091;15;JAMBI;1571;157110;1571101001;SYAFHAN KAMIL GAS;SYAHFAN KAMIL;PO;20112;ENERGI GAS;INDUSTRI BAHAN KIMIA DAN BARANG DARI BAHAN KIMIA;GAS;0;-;-;2023
3092;15;JAMBI;1571;157110;1571101004;ARDIANTA GAS;ARDIANTA GINTING;PO;20112;ENERGI GAS;INDUSTRI BAHAN KIMIA DAN BARANG DARI BAHAN KIMIA;GAS;0;-;-;2023
3093;15;JAMBI;1571;157102;1571111001;REZEKI SURYA GASINDO;RUDY SUHADA;PT;20119;KIMIA;INDUSTRI BAHAN KIMIA DAN BARANG DARI BAHAN KIMIA;GAS OKSIGEN;0;-;-;2023
3094;15;JAMBI;1571;157102;0;MILLENIUM;DAVID LIE;PO;20119;KIMIA;INDUSTRI BAHAN KIMIA DAN BARANG DARI BAHAN KIMIA;PEMBOTOLAN SPIRTUS;2400;LITER;-;2023
3095;15;JAMBI;1571;157102;0;DARMAWAN;DARMAWAN WILIADI;PO;20119;MINYAK, PEWARNA;INDUSTRI BAHAN KIMIA DAN BARANG DARI BAHAN KIMIA;CAT;19800;BH;-;2023
3096;15;JAMBI;1571;157102;0;BUNGA;WILLIYADI;PO;20119;MINYAK, PEWARNA;INDUSTRI BAHAN KIMIA DAN BARANG DARI BAHAN KIMIA;CAT;54000;BH;-;2023
3097;15;JAMBI;1571;157103;0;HIMALAYA;HERMAN;CV;20119;MINYAK, PEWARNA;INDUSTRI BAHAN KIMIA DAN BARANG DARI BAHAN KIMIA;CAT;54000;BH;-;2023
3098;15;JAMBI;1571;157107;1571071005;UD MERLIN P.G;SARMIN;PO;20119;KIMIA;INDUSTRI BAHAN KIMIA DAN BARANG DARI BAHAN KIMIA;GAS OKSIGEN;0;-;-;2023
3099;15;JAMBI;1571;157109;0;MANGKOK MAS;ARINO;CV;20221;MINYAK, PEWARNA;INDUSTRI BAHAN KIMIA DAN BARANG DARI BAHAN KIMIA;CAT;900;BH;-;2023
3100;15;JAMBI;1571;157109;0;CAHAYA SENTOSA;YANTO CIPTOTATAN;PO;20221;MINYAK, PEWARNA;INDUSTRI BAHAN KIMIA DAN BARANG DARI BAHAN KIMIA;CAT;2160;BH;-;2023
3101;15;JAMBI;1571;157108;1571081006;WIJAYA;CHANDRA WIJAYA;PO;20221;MINYAK, PEWARNA;INDUSTRI BAHAN KIMIA DAN BARANG DARI BAHAN KIMIA;CAT;7200;BH;-;2023
3102;15;JAMBI;1571;157109;0;FAJAR MAS RAYA;ALWI;PO;20231;MINYAK, ORGANIK;INDUSTRI BAHAN KIMIA DAN BARANG DARI BAHAN KIMIA;SABUN & PEMBERSIH RT;900;-;-;2023
3103;15;JAMBI;1571;157108;1571081006;JOY SUKSE MANDIRI;JOY;PT;20231;MINYAK, ORGANIK;INDUSTRI BAHAN KIMIA DAN BARANG DARI BAHAN KIMIA;SABUN & PEMBERSIH RT;0;-;-;2023
3104;15;JAMBI;1571;157109;1571091001;KARUNIA KIMIA;RAMLI;PO;20232;KIMIA;INDUSTRI BAHAN KIMIA DAN BARANG DARI BAHAN KIMIA;SABUN CUCI PIRING;0;-;-;2023
3105;15;JAMBI;1571;157110;1571101005;RUDI HENDRA;RUDI.H;PO;20232;KIMIA;INDUSTRI BAHAN KIMIA DAN BARANG DARI BAHAN KIMIA;SABUN CUCI PIRING;0;-;-;2023
3106;15;JAMBI;1571;157102;1571111001;JOY SUKSES MANDIRI;SUWANDI;PT;20232;KIMIA;INDUSTRI BAHAN KIMIA DAN BARANG DARI BAHAN KIMIA;SABUN CUCI PIRING;0;-;-;2023
3107;15;JAMBI;1571;157102;0;HENGKI A.WIJAYA;HENGKI A.W;PO;20299;KIMIA;INDUSTRI BAHAN KIMIA DAN BARANG DARI BAHAN KIMIA;PEMBUATAN LILIN;11;KG;-;2023
3108;15;JAMBI;1571;157103;0;HIMALAYA 2;POGIE ALIAS SAMSUDIN;PO;20299;TANAH LIAT;INDUSTRI BAHAN KIMIA DAN BARANG DARI BAHAN KIMIA;POT TANAMAN;3450;BH;-;2023
3109;15;JAMBI;1571;157109;0;AFRIYANI NJIAPRATAMA;EDI CANTONY;PT;21011;KIMIA;INDUSTRI FARMASI, PRODUK OBAT KIMIA DAN OBAT TRADISIONAL;BAHAN KIMIA & OBAT-OBATAN;0;-;-;2023
3110;15;JAMBI;1571;157109;0;SINAR KENCAMA MULTI;DEDI SUPRIADI;PT;21012;TANAMAN TRADISIONAL, KIMIA;INDUSTRI FARMASI, PRODUK OBAT KIMIA DAN OBAT TRADISIONAL;OBAT;54500;-;-;2023
3111;15;JAMBI;1571;157103;0;BINA SAM PRIMA;DJONI SUSANTO;PT;21012;TANAMAN TRADISIONAL, KIMIA;INDUSTRI FARMASI, PRODUK OBAT KIMIA DAN OBAT TRADISIONAL;OBAT;0;-;-;2023
3112;15;JAMBI;1571;157109;0;-;CHANDRA LELA;PO;21021;TANAMAN TRADISIONAL, KIMIA;INDUSTRI FARMASI, PRODUK OBAT KIMIA DAN OBAT TRADISIONAL;OBAT HERBAL;0;-;-;2023
3113;15;JAMBI;1571;157110;1571101004;MADU HUTAN SUMATRA AL-BAROKAH;MUHAMMAD JA'FAR;PO;21021;TANAMAN TRADISIONAL, KIMIA;INDUSTRI FARMASI, PRODUK OBAT KIMIA DAN OBAT TRADISIONAL;OBAT HERBAL;0;-;-;2023
3114;15;JAMBI;1571;157111;1571111001;LATIVA MADU;HENDRY;PO;21021;TANAMAN TRADISIONAL, KIMIA;INDUSTRI FARMASI, PRODUK OBAT KIMIA DAN OBAT TRADISIONAL;OBAT HERBAL;0;-;-;2023
3115;15;JAMBI;1571;157105;1572072003;JUMPBEE HONEY;M.NUR EFFENDY;PO;21021;TANAMAN TRADISIONAL, KIMIA;INDUSTRI FARMASI, PRODUK OBAT KIMIA DAN OBAT TRADISIONAL;OBAT HERBAL;0;-;-;2023
3116;15;JAMBI;1571;157105;1571051005;-;HODIJA;PO;21021;TANAMAN TRADISIONAL, KIMIA;INDUSTRI FARMASI, PRODUK OBAT KIMIA DAN OBAT TRADISIONAL;OBAT HERBAL;0;-;-;2023
3117;15;JAMBI;1571;157101;0;MUKTI;ELIDAR;FIRMA;21022;TANAMAN TRADISIONAL, KIMIA;INDUSTRI FARMASI, PRODUK OBAT KIMIA DAN OBAT TRADISIONAL;OBAT HERBAL;0;-;-;2023
3118;15;JAMBI;1571;157101;1571011004;JAMU GENDONG;SUDARNI;PO;21022;TANAMAN TRADISIONAL, KIMIA;INDUSTRI FARMASI, PRODUK OBAT KIMIA DAN OBAT TRADISIONAL;OBAT HERBAL;0;-;-;2023
3119;15;JAMBI;1571;157102;0;RODA SAKTI;BERLIANTO ELAMSYAH;PO;22112;KARET, KIMIA;INDUSTRI KARET, BARANG DARI KARET DAN PLASTIK;VULKANISIR BAN;54000;-;-;2023
3120;15;JAMBI;1571;157107;1507102007;SANJAYA;JON AN;PO;22112;KARET, KIMIA;INDUSTRI KARET, BARANG DARI KARET DAN PLASTIK;VULKANISIR BAN;0;-;-;2023
3121;15;JAMBI;1571;157107;1507102007;CENTRAL BAN;SAMIATI;PO;22112;KARET, KIMIA;INDUSTRI KARET, BARANG DARI KARET DAN PLASTIK;VULKANISIR BAN;0;-;-;2023
3122;15;JAMBI;1571;157106;0;MERAWA;SYAMSU;PT;22123;KARET MENTAH;INDUSTRI KARET, BARANG DARI KARET DAN PLASTIK;CRUMB RUBBER;19800;KG;-;2023
3123;15;JAMBI;1571;157103;0;BATANG HARI;M. AMIR DJAMIL;PT;22123;KIMIA;INDUSTRI KARET, BARANG DARI KARET DAN PLASTIK;CRUMB RUBBER;16000;TON;-;2023
3124;15;JAMBI;1571;157103;0;PD HOK TONG;TANVER LENG;PT;22123;KARET MENTAH;INDUSTRI KARET, BARANG DARI KARET DAN PLASTIK;CRUMB RUBBER;7200;KG;-;2023
3125;15;JAMBI;1571;157103;0;BATANG HARI;TEMBESI;PT;22123;KARET MENTAH;INDUSTRI KARET, BARANG DARI KARET DAN PLASTIK;CRUMB RUBBER;7200;KG;-;2023
3126;15;JAMBI;1571;157105;0;PD HOK TONG;RUSLI CAHYADI;PT;22123;KIMIA;INDUSTRI KARET, BARANG DARI KARET DAN PLASTIK;CRUMB RUBBER;25000;TON;-;2023
3127;15;JAMBI;1571;157105;1504022013;DJAMBI WARAS;ANDY TAN;PT;22123;KIMIA;INDUSTRI KARET, BARANG DARI KARET DAN PLASTIK;CRUMB RUBBER;30000;TON;-;2023
3128;15;JAMBI;1571;157105;1504022013;PT.REMCO;THOMAS CHANDRA;PT;22123;KIMIA;INDUSTRI KARET, BARANG DARI KARET DAN PLASTIK;CRUMB RUBBER;21000;TON;-;2023
3129;15;JAMBI;1571;157105;1504022013;ANGKASA RAYA;CAHYADI;PT;22123;KIMIA;INDUSTRI KARET, BARANG DARI KARET DAN PLASTIK;CRUMB RUBBER;17924;TON;-;2023
3130;15;JAMBI;1571;157105;1504022013;DJAMBI WARAS;ALBERT ERWANTO;PT;22123;KARET MENTAH;INDUSTRI KARET, BARANG DARI KARET DAN PLASTIK;CRUMB RUBBER;7200;KG;-;2023
3131;15;JAMBI;1571;157105;1571051001;ANGKASA;NURDIN HADI;PO;22123;KARET MENTAH;INDUSTRI KARET, BARANG DARI KARET DAN PLASTIK;CRUMB RUBBER;7200;KG;-;2023
3132;15;JAMBI;1571;157103;0;DAYA USAHA;HAMODONA TOBA;FIRMA;22299;PLASTIK;INDUSTRI KARET, BARANG DARI KARET DAN PLASTIK;PERABOT RT DARI PLASTIK;54000;BH;-;2023
3133;15;JAMBI;1571;157109;1571091005;BARI BATALI;NOMMA BERUTU;PO;22299;PLASTIK;INDUSTRI KARET, BARANG DARI KARET DAN PLASTIK;PERABOT RT;0;-;-;2023
3134;15;JAMBI;1571;157109;1571091003;TOKO KACA ANTON;ANTON;PO;23119;KACA;INDUSTRI BARANG GALIAN BUKAN LOGAM;KACA DAN ALUMINIUM;0;-;-;2023
3135;15;JAMBI;1571;157107;1571071002;AMANDA 999 GLASS;M.DESRIADI;PO;23129;KACA;INDUSTRI BARANG GALIAN BUKAN LOGAM;KACA DEKORASI;0;-;-;2023
3136;15;JAMBI;1571;157102;1571111001;SUBUR;SUBUR;PO;23921;TANAH LIAT;INDUSTRI BARANG GALIAN BUKAN LOGAM;BATU BATA;360000;BUAH;-;2023
3137;15;JAMBI;1571;157102;1571111001;YANTO;YANTO;PO;23921;TANAH LIAT;INDUSTRI BARANG GALIAN BUKAN LOGAM;BATU BATA;360000;BUAH;-;2023
3138;15;JAMBI;1571;157102;1571111001;KASAN;KASAN;PO;23921;TANAH LIAT;INDUSTRI BARANG GALIAN BUKAN LOGAM;BATU BATA;360000;BUAH;-;2023
3139;15;JAMBI;1571;157102;0;NANDY PERMAI;M NATSIR BSC;FIRMA;23921;TANAH LIAT;INDUSTRI BARANG GALIAN BUKAN LOGAM;BATU BATA;34600;BH;-;2023
3140;15;JAMBI;1571;157102;0;AMPERA SAKTI;M SAYUTI;PO;23921;TANAH LIAT;INDUSTRI BARANG GALIAN BUKAN LOGAM;BATU BATA;34600;BH;-;2023
3141;15;JAMBI;1571;157102;0;TRIDADI;MUCHAROM KS;PO;23921;TANAH LIAT;INDUSTRI BARANG GALIAN BUKAN LOGAM;BATU BATA;34600;BH;-;2023
3142;15;JAMBI;1571;157102;0;MUSTIKA ABADI;NY SUNDARIYATI;PT;23921;TANAH LIAT;INDUSTRI BARANG GALIAN BUKAN LOGAM;BATU BATA;34600;BH;-;2023
3143;15;JAMBI;1571;157102;1571111001;SUTARNO;SUTARNO;-;23921;TANAH LIAT;INDUSTRI BARANG GALIAN BUKAN LOGAM;BATU BATA;34600;BH;-;2023
3144;15;JAMBI;1571;157102;1571111001;KURNIA/RUKANI;KURNIA/RUKANI;-;23921;TANAH LIAT;INDUSTRI BARANG GALIAN BUKAN LOGAM;BATU BATA;34600;BH;-;2023
3145;15;JAMBI;1571;157102;1571111001;WAGIMAN;WAGIMAN;-;23921;TANAH LIAT;INDUSTRI BARANG GALIAN BUKAN LOGAM;BATU BATA;34600;BH;-;2023
3146;15;JAMBI;1571;157102;1571111001;YONO;YONO;-;23921;TANAH LIAT;INDUSTRI BARANG GALIAN BUKAN LOGAM;BATU BATA;34600;BH;-;2023
3147;15;JAMBI;1571;157102;1571111001;NGATMA;NGATMAN;-;23921;TANAH LIAT;INDUSTRI BARANG GALIAN BUKAN LOGAM;BATU BATA;34600;BH;-;2023
3148;15;JAMBI;1571;157102;1571111001;KASMADI;KASMADI;-;23921;TANAH LIAT;INDUSTRI BARANG GALIAN BUKAN LOGAM;BATU BATA;34600;BH;-;2023
3149;15;JAMBI;1571;157102;1571111001;GITO;GITO;-;23921;TANAH LIAT;INDUSTRI BARANG GALIAN BUKAN LOGAM;BATU BATA;34600;BH;-;2023
3150;15;JAMBI;1571;157102;1571111001;SUPANGAT;SUPANGAT;-;23921;TANAH LIAT;INDUSTRI BARANG GALIAN BUKAN LOGAM;BATU BATA;34600;BH;-;2023
3151;15;JAMBI;1571;157102;1571111001;SUWIYONO;SUWIYONO;-;23921;TANAH LIAT;INDUSTRI BARANG GALIAN BUKAN LOGAM;BATU BATA;34600;BH;-;2023
3152;15;JAMBI;1571;157102;1571111001;PAINGAN;PAINGAN;-;23921;TANAH LIAT;INDUSTRI BARANG GALIAN BUKAN LOGAM;BATU BATA;34600;BH;-;2023
3153;15;JAMBI;1571;157102;1571111001;DAMIN;DAMIN;-;23921;TANAH LIAT;INDUSTRI BARANG GALIAN BUKAN LOGAM;BATU BATA;34600;BH;-;2023
3154;15;JAMBI;1571;157102;1571111001;SYAIPUL YAHYA;SYAIPUL YAHYA;-;23921;TANAH LIAT;INDUSTRI BARANG GALIAN BUKAN LOGAM;BATU BATA;34600;BH;-;2023
3155;15;JAMBI;1571;157102;1571111001;MUJANI;MUJANI';-;23921;TANAH LIAT;INDUSTRI BARANG GALIAN BUKAN LOGAM;BATU BATA;34600;BH;-;2023
3156;15;JAMBI;1571;157102;1571111001;ALI;ALI;-;23921;TANAH LIAT;INDUSTRI BARANG GALIAN BUKAN LOGAM;BATU BATA;34600;BH;-;2023
3157;15;JAMBI;1571;157102;1571111001;LEGISO;LEGISO;-;23921;TANAH LIAT;INDUSTRI BARANG GALIAN BUKAN LOGAM;BATU BATA;34600;BH;-;2023
3158;15;JAMBI;1571;157102;1571111001;MUHSIMIN;MUHSIMIN;-;23921;TANAH LIAT;INDUSTRI BARANG GALIAN BUKAN LOGAM;BATU BATA;34600;BH;-;2023
3159;15;JAMBI;1571;157102;1571111001;SUWARNO;SUWARNO;-;23921;TANAH LIAT;INDUSTRI BARANG GALIAN BUKAN LOGAM;BATU BATA;34600;BH;-;2023
3160;15;JAMBI;1571;157102;1571111001;YOYON;YOYON;-;23921;TANAH LIAT;INDUSTRI BARANG GALIAN BUKAN LOGAM;BATU BATA;34600;BH;-;2023
3161;15;JAMBI;1571;157102;1571111001;SUWITO;SUWITO;-;23921;TANAH LIAT;INDUSTRI BARANG GALIAN BUKAN LOGAM;BATU BATA;34600;BH;-;2023
3162;15;JAMBI;1571;157102;1571111001;SEMAN;SEMAN;-;23921;TANAH LIAT;INDUSTRI BARANG GALIAN BUKAN LOGAM;BATU BATA;34600;BH;-;2023
3163;15;JAMBI;1571;157102;1571111001;PUJO;PUJO;-;23921;TANAH LIAT;INDUSTRI BARANG GALIAN BUKAN LOGAM;BATU BATA;34600;BH;-;2023
3164;15;JAMBI;1571;157102;1571111001;MANDUNG;MANDUNG;-;23921;TANAH LIAT;INDUSTRI BARANG GALIAN BUKAN LOGAM;BATU BATA;34600;BH;-;2023
3165;15;JAMBI;1571;157102;1571111001;SURAJI;SURAJI;-;23921;TANAH LIAT;INDUSTRI BARANG GALIAN BUKAN LOGAM;BATU BATA;34600;BH;-;2023
3166;15;JAMBI;1571;157102;1571111001;BUDI HARIANTO;BUDI HARIANTO;-;23921;TANAH LIAT;INDUSTRI BARANG GALIAN BUKAN LOGAM;BATU BATA;34600;BH;-;2023
3167;15;JAMBI;1571;157102;1571111001;MISNI;MISNI;-;23921;TANAH LIAT;INDUSTRI BARANG GALIAN BUKAN LOGAM;BATU BATA;34600;BH;-;2023
3168;15;JAMBI;1571;157102;1571111001;TULUS;TULUS;-;23921;TANAH LIAT;INDUSTRI BARANG GALIAN BUKAN LOGAM;BATU BATA;34600;BH;-;2023
3169;15;JAMBI;1571;157102;1571111001;ROJIKIN;ROJIKIN;-;23921;TANAH LIAT;INDUSTRI BARANG GALIAN BUKAN LOGAM;BATU BATA;34600;BH;-;2023
3170;15;JAMBI;1571;157102;1571111001;ROJI;ROJI;-;23921;TANAH LIAT;INDUSTRI BARANG GALIAN BUKAN LOGAM;BATU BATA;34600;BH;-;2023
3171;15;JAMBI;1571;157102;1571111001;SAMUDI;SAMUDI;-;23921;TANAH LIAT;INDUSTRI BARANG GALIAN BUKAN LOGAM;BATU BATA;34600;BH;-;2023
3172;15;JAMBI;1571;157102;1571111001;SIWAL;SIWAL;-;23921;TANAH LIAT;INDUSTRI BARANG GALIAN BUKAN LOGAM;BATU BATA;34600;BH;-;2023
3173;15;JAMBI;1571;157102;1571111001;SUDIONO;SUDIONO;-;23921;TANAH LIAT;INDUSTRI BARANG GALIAN BUKAN LOGAM;BATU BATA;34600;BH;-;2023
3174;15;JAMBI;1571;157102;1571111001;SATUN;SATUN;-;23921;TANAH LIAT;INDUSTRI BARANG GALIAN BUKAN LOGAM;BATU BATA;34600;BH;-;2023
3175;15;JAMBI;1571;157102;1571111001;SUJARI;SUJARI;-;23921;TANAH LIAT;INDUSTRI BARANG GALIAN BUKAN LOGAM;BATU BATA;34600;BH;-;2023
3176;15;JAMBI;1571;157102;1571111001;KAPUR;KAPUR;-;23921;TANAH LIAT;INDUSTRI BARANG GALIAN BUKAN LOGAM;BATU BATA;34600;BH;-;2023
3177;15;JAMBI;1571;157102;1571111001;PAIJAN;PAIJAN;-;23921;TANAH LIAT;INDUSTRI BARANG GALIAN BUKAN LOGAM;BATU BATA;34600;BH;-;2023
3178;15;JAMBI;1571;157107;1571071005;YOTO;YOTO;PO;23921;TANAH LIAT;INDUSTRI BARANG GALIAN BUKAN LOGAM;BATU BATA;360000;BUAH;-;2023
3179;15;JAMBI;1571;157107;1571071005;EDY SOKO;EDY SOKO;PO;23921;TANAH LIAT;INDUSTRI BARANG GALIAN BUKAN LOGAM;BATU BATA;360000;BUAH;-;2023
3180;15;JAMBI;1571;157107;1571071005;JERY;JERY;PO;23921;TANAH LIAT;INDUSTRI BARANG GALIAN BUKAN LOGAM;BATU BATA;360000;BUAH;-;2023
3181;15;JAMBI;1571;157107;1571071005;EKO;EKO;PO;23921;TANAH LIAT;INDUSTRI BARANG GALIAN BUKAN LOGAM;BATU BATA;360000;BUAH;-;2023
3182;15;JAMBI;1571;157107;1571071005;SAMSUL;SAMSUL;PO;23921;TANAH LIAT;INDUSTRI BARANG GALIAN BUKAN LOGAM;BATU BATA;360000;BUAH;-;2023
3183;15;JAMBI;1571;157107;1571071005;ALIM;ALIM;PO;23921;TANAH LIAT;INDUSTRI BARANG GALIAN BUKAN LOGAM;BATU BATA;360000;BUAH;-;2023
3184;15;JAMBI;1571;157107;1571071005;JONI;JONI;PO;23921;TANAH LIAT;INDUSTRI BARANG GALIAN BUKAN LOGAM;BATU BATA;360000;BUAH;-;2023
3185;15;JAMBI;1571;157107;1571071005;RIKI;RIKI;PO;23921;TANAH LIAT;INDUSTRI BARANG GALIAN BUKAN LOGAM;BATU BATA;360000;BUAH;-;2023
3186;15;JAMBI;1571;157107;1571071005;KARSONO;KARSONO;PO;23921;TANAH LIAT;INDUSTRI BARANG GALIAN BUKAN LOGAM;BATU BATA;360000;BUAH;-;2023
3187;15;JAMBI;1571;157107;1571071005;MUHAMAD RODU;MUHAMAD RODU;PO;23921;TANAH LIAT;INDUSTRI BARANG GALIAN BUKAN LOGAM;BATU BATA;360000;BUAH;-;2023
3188;15;JAMBI;1571;157107;1571071005;NURGIMAN;NURGIMAN;PO;23921;TANAH LIAT;INDUSTRI BARANG GALIAN BUKAN LOGAM;BATU BATA;360000;BUAH;-;2023
3189;15;JAMBI;1571;157107;1571071005;MULYANI;MULYANI;PO;23921;TANAH LIAT;INDUSTRI BARANG GALIAN BUKAN LOGAM;BATU BATA;360000;BUAH;-;2023
3190;15;JAMBI;1571;157107;1571071005;HAKI;HAKI;PO;23921;TANAH LIAT;INDUSTRI BARANG GALIAN BUKAN LOGAM;BATU BATA;360000;BUAH;-;2023
3191;15;JAMBI;1571;157107;1571071005;PAK BAMBANG;PAK BAMBANG;PO;23921;TANAH LIAT;INDUSTRI BARANG GALIAN BUKAN LOGAM;BATU BATA;360000;BUAH;-;2023
3192;15;JAMBI;1571;157107;1571071005;KARYANDRI;KARYANDRI;PO;23921;TANAH LIAT;INDUSTRI BARANG GALIAN BUKAN LOGAM;BATU BATA;360000;BUAH;-;2023
3193;15;JAMBI;1571;157107;1571071005;SLAMET;SLAMET;PO;23921;TANAH LIAT;INDUSTRI BARANG GALIAN BUKAN LOGAM;BATU BATA;360000;BUAH;-;2023
3194;15;JAMBI;1571;157107;1571071005;SUYANTO;SUYANTO;PO;23921;TANAH LIAT;INDUSTRI BARANG GALIAN BUKAN LOGAM;BATU BATA;360000;BUAH;-;2023
3195;15;JAMBI;1571;157107;1571071005;PAIJO;PAIJO;PO;23921;TANAH LIAT;INDUSTRI BARANG GALIAN BUKAN LOGAM;BATU BATA;360000;BUAH;-;2023
3196;15;JAMBI;1571;157107;1571071005;SUNARTO;SUNARTO;PO;23921;TANAH LIAT;INDUSTRI BARANG GALIAN BUKAN LOGAM;BATU BATA;360000;BUAH;-;2023
3197;15;JAMBI;1571;157107;1571071005;SUPARMAN;SUPARMAN;PO;23921;TANAH LIAT;INDUSTRI BARANG GALIAN BUKAN LOGAM;BATU BATA;360000;BUAH;-;2023
3198;15;JAMBI;1571;157107;1571071005;SUHARTONO;SUHARTONO;PO;23921;TANAH LIAT;INDUSTRI BARANG GALIAN BUKAN LOGAM;BATU BATA;360000;BUAH;-;2023
3199;15;JAMBI;1571;157107;1571071005;BAMBANG;BAMBANG;PO;23921;TANAH LIAT;INDUSTRI BARANG GALIAN BUKAN LOGAM;BATU BATA;360000;BUAH;-;2023
3200;15;JAMBI;1571;157107;1507102007;HAJI;H MUSLIMAN;PO;23921;TANAH LIAT;INDUSTRI BARANG GALIAN BUKAN LOGAM;BATU BATA;34600;BH;-;2023
3201;15;JAMBI;1571;157107;0;TOHA;RD M YUSUF TOHA;PT;23921;TANAH LIAT;INDUSTRI BARANG GALIAN BUKAN LOGAM;BATU BATA;34600;BH;-;2023
3202;15;JAMBI;1571;157107;1507102007;MC;MUSLIM CHATIM;PT;23921;TANAH LIAT;INDUSTRI BARANG GALIAN BUKAN LOGAM;BATU BATA;34600;BH;-;2023
3203;15;JAMBI;1571;157107;1571071005;BATU BATA;GAMEN;PO;23921;TANAH LIAT;INDUSTRI BARANG GALIAN BUKAN LOGAM;BATU BATA;34600;BH;-;2023
3204;15;JAMBI;1571;157107;1571071005;BATU BATA;NGADI;PO;23921;TANAH LIAT;INDUSTRI BARANG GALIAN BUKAN LOGAM;BATU BATA;34600;BH;-;2023
3205;15;JAMBI;1571;157107;1571071005;BATU BATA;DAMEN.S;PO;23921;TANAH LIAT;INDUSTRI BARANG GALIAN BUKAN LOGAM;BATU BATA;34600;BH;-;2023
3206;15;JAMBI;1571;157107;1571071005;BATU BATA;SENO;PO;23921;TANAH LIAT;INDUSTRI BARANG GALIAN BUKAN LOGAM;BATU BATA;34600;BH;-;2023
3207;15;JAMBI;1571;157107;1571071005;BATU BATA;WARNO;PO;23921;TANAH LIAT;INDUSTRI BARANG GALIAN BUKAN LOGAM;BATU BATA;34600;BH;-;2023
3208;15;JAMBI;1571;157107;1571071005;BATU BATA;SARJIMIN;PO;23921;TANAH LIAT;INDUSTRI BARANG GALIAN BUKAN LOGAM;BATU BATA;34600;BH;-;2023
3209;15;JAMBI;1571;157107;1571071005;BATU BATA;AMAT;PO;23921;TANAH LIAT;INDUSTRI BARANG GALIAN BUKAN LOGAM;BATU BATA;34600;BH;-;2023
3210;15;JAMBI;1571;157107;1571071005;BATU BATA;SUJONO;PO;23921;TANAH LIAT;INDUSTRI BARANG GALIAN BUKAN LOGAM;BATU BATA;34600;BH;-;2023
3211;15;JAMBI;1571;157107;1571071005;BATU BATA;PARIMAN;PO;23921;TANAH LIAT;INDUSTRI BARANG GALIAN BUKAN LOGAM;BATU BATA;34600;BH;-;2023
3212;15;JAMBI;1571;157107;1571071005;BATU BATA;PARMEN;PO;23921;TANAH LIAT;INDUSTRI BARANG GALIAN BUKAN LOGAM;BATU BATA;34600;BH;-;2023
3213;15;JAMBI;1571;157111;1571111001;KURNIA/SUTADI;KURNIA/SUTADI;-;23921;TANAH LIAT;INDUSTRI BARANG GALIAN BUKAN LOGAM;BATU BATA;34600;BH;-;2023
3214;15;JAMBI;1571;157111;1571111001;ZAINUDIN;ZAINUDIN;-;23921;TANAH LIAT;INDUSTRI BARANG GALIAN BUKAN LOGAM;BATU BATA;34600;BH;-;2023
3215;15;JAMBI;1571;157111;1571111001;SUMARDI;SUMARDI;-;23921;TANAH LIAT;INDUSTRI BARANG GALIAN BUKAN LOGAM;BATU BATA;34600;BH;-;2023
3216;15;JAMBI;1571;157111;1571111001;SUWIYONO;SUWIYONO;-;23921;TANAH LIAT;INDUSTRI BARANG GALIAN BUKAN LOGAM;BATU BATA;34600;BH;-;2023
3217;15;JAMBI;1571;157111;1571111001;SYAIPUL YAHYA;SYAIPUL YAHYA;-;23921;TANAH LIAT;INDUSTRI BARANG GALIAN BUKAN LOGAM;BATU BATA;34600;BH;-;2023
3218;15;JAMBI;1571;157111;1571111001;SUMITRO;SUMITRO;-;23921;TANAH LIAT;INDUSTRI BARANG GALIAN BUKAN LOGAM;BATU BATA;34600;BH;-;2023
3219;15;JAMBI;1571;157111;1571111001;ZAKIRMAN;ZUKIRMAN;-;23921;TANAH LIAT;INDUSTRI BARANG GALIAN BUKAN LOGAM;BATU BATA;34600;BH;-;2023
3220;15;JAMBI;1571;157111;1571111001;A. SANG;A. SANG;-;23921;TANAH LIAT;INDUSTRI BARANG GALIAN BUKAN LOGAM;BATU BATA;34600;BH;-;2023
3221;15;JAMBI;1571;157111;1571111001;SUKARJO;SUKARJO;-;23921;TANAH LIAT;INDUSTRI BARANG GALIAN BUKAN LOGAM;BATU BATA;34600;BH;-;2023
3222;15;JAMBI;1571;157111;1571111001;SUJARI;SUJARI;-;23921;TANAH LIAT;INDUSTRI BARANG GALIAN BUKAN LOGAM;BATU BATA;34600;BH;-;2023
3223;15;JAMBI;1571;157109;1571091004;MATERIAL;SUBADI;PO;23921;TANAH LIAT;INDUSTRI BARANG GALIAN BUKAN LOGAM;BATU BATA;0;-;-;2023
3224;15;JAMBI;1571;157111;1571111001;SUPARNO;SUPARNO;PO;23921;TANAH LIAT;INDUSTRI BARANG GALIAN BUKAN LOGAM;BATU BATA;0;-;-;2023
3225;15;JAMBI;1571;157111;1571111001;BATU BATA MURNI;MURNIATI;PO;23921;TANAH LIAT;INDUSTRI BARANG GALIAN BUKAN LOGAM;BATU BATA;0;-;-;2023
3226;15;JAMBI;1571;157109;0;MELATI INDAH;ALI WARDANA;PO;23951;TANAH LIAT;INDUSTRI BARANG GALIAN BUKAN LOGAM;BARANG DARI SEMEN;29200;BUAH;-;2023
3227;15;JAMBI;1571;157109;0;USAHA MAKMUR JAYA;AIDA AUSTIKA;PO;23951;TANAH LIAT;INDUSTRI BARANG GALIAN BUKAN LOGAM;KONBLOK;200000;BUAH;-;2023
3228;15;JAMBI;1571;157109;0;KOMBLOK;CATUR GATOT P;PO;23951;TANAH LIAT;INDUSTRI BARANG GALIAN BUKAN LOGAM;KONBLOK;20000;BUAH;-;2023
3229;15;JAMBI;1571;157109;0;POLONGAN;GONO;PO;23951;TANAH LIAT;INDUSTRI BARANG GALIAN BUKAN LOGAM;POLONGAN;10000;BUAH;-;2023
3230;15;JAMBI;1571;157109;0;CITRA PERSADA;SYAMSUDIN;CV;23951;SEMEN, PASIR;INDUSTRI BARANG GALIAN BUKAN LOGAM;INDUSTRI BARANG DARI SEMEN;9000;BH;-;2023
3231;15;JAMBI;1571;157109;0;HARUN;HARUN RASYID;PO;23951;SEMEN, PASIR;INDUSTRI BARANG GALIAN BUKAN LOGAM;INDUSTRI BARANG DARI SEMEN;36000;BH;-;2023
3232;15;JAMBI;1571;157110;1571101004;RAHMAT PEMBANGUNAN;HAZEL MARICAL;CV;23951;TANAH LIAT;INDUSTRI BARANG GALIAN BUKAN LOGAM;BARANG DARI SEMEN;450000;BUAH;-;2023
3233;15;JAMBI;1571;157110;0;USAHA HIDAYAH;EMI ENDAWATI;PO;23951;TANAH LIAT;INDUSTRI BARANG GALIAN BUKAN LOGAM;BATAKO, KONBLOK;0;-;-;2023
3234;15;JAMBI;1571;157102;1571031006;GENTENG TOP;HENDRI;PO;23951;TANAH LIAT;INDUSTRI BARANG GALIAN BUKAN LOGAM;BARANG DARI SEMEN;150000;BUAH;-;2023
3235;15;JAMBI;1571;157102;0;OKY IRIADI;F IRZAN ZAINI;CV;23951;SEMEN, PASIR;INDUSTRI BARANG GALIAN BUKAN LOGAM;INDUSTRI BARANG DARI SEMEN;7200;BH;-;2023
3236;15;JAMBI;1571;157103;1571031002;HASBI ASSIDIQI;HASBI ASSIDIQI;PO;23951;SEMEN, PASIR;INDUSTRI BARANG GALIAN BUKAN LOGAM;INDUSTRI BARANG DARI SEMEN;7200;BH;-;2023
3237;15;JAMBI;1571;157108;1571081006;CITRA SEMPURNA;ADDIN JAMBAK;CV;23951;TANAH LIAT;INDUSTRI BARANG GALIAN BUKAN LOGAM;BARANG DARI SEMEN;120000;BUAH;-;2023
3238;15;JAMBI;1571;157108;1571081006;MAKMUR JAYA;KUSDIANTO;PO;23951;TANAH LIAT;INDUSTRI BARANG GALIAN BUKAN LOGAM;OLAHAN SEMEN;20000;BUAH;-;2023
3239;15;JAMBI;1571;157108;1571081006;SURYA KENCANA;HAMISYAH;PO;23951;SEMEN, PASIR;INDUSTRI BARANG GALIAN BUKAN LOGAM;INDUSTRI BARANG DARI SEMEN;7200;BH;-;2023
3240;15;JAMBI;1571;157107;1571071005;-;GUNAWAN;PO;23951;TANAH LIAT;INDUSTRI BARANG GALIAN BUKAN LOGAM;GORONG-GORONG DAN KONBLOK;0;-;-;2023
3241;15;JAMBI;1571;157107;1571081007;MEKAR SARI;IBRAHIM;PO;23951;TANAH LIAT;INDUSTRI BARANG GALIAN BUKAN LOGAM;POT TANAMAN;10000;-;-;2023
3242;15;JAMBI;1571;157107;1571071005;KARYA IMDAH;MUDAWAN;PO;23951;TANAH LIAT;INDUSTRI BARANG GALIAN BUKAN LOGAM;OLAHAN SEMEN;0;-;-;2023
3243;15;JAMBI;1571;157107;1571071005;KONBLOK SUMSIAH;SUMSIAH;PO;23951;TANAH LIAT;INDUSTRI BARANG GALIAN BUKAN LOGAM;KONBLOK;0;-;-;2023
3244;15;JAMBI;1571;157107;1571071005;SANITAIR KIRNO;KIRNO;PO;23951;TANAH LIAT;INDUSTRI BARANG GALIAN BUKAN LOGAM;VENTILASI DAN PILAR;0;-;-;2023
3245;15;JAMBI;1571;157107;0;SUKA MAKMUR;HARIS SUMARYANTO;PO;23951;SEMEN, PASIR;INDUSTRI BARANG GALIAN BUKAN LOGAM;INDUSTRI BARANG DARI SEMEN;7200;BH;-;2023
3246;15;JAMBI;1571;157107;1507102007;BAHTERA;ANDREAS SARNO;PO;23951;SEMEN, PASIR;INDUSTRI BARANG GALIAN BUKAN LOGAM;INDUSTRI BARANG DARI SEMEN;7200;BH;-;2023
3247;15;JAMBI;1571;157107;1507102007;BUDI FAMILI;URI MASYURI;CV;23951;SEMEN, PASIR;INDUSTRI BARANG GALIAN BUKAN LOGAM;INDUSTRI BARANG DARI SEMEN;7200;BH;-;2023
3248;15;JAMBI;1571;157107;1571081007;YANI POT;MUHAMMAD YANI;-;23951;SEMEN, PASIR;INDUSTRI BARANG GALIAN BUKAN LOGAM;INDUSTRI BARANG DARI SEMEN;7200;BH;-;2023
3249;15;JAMBI;1571;157107;1571071005;MITRA KARYA;ABU BAKAR A SAGAP;PO;23951;SEMEN, PASIR;INDUSTRI BARANG GALIAN BUKAN LOGAM;INDUSTRI BARANG DARI SEMEN;7200;BH;-;2023
3250;15;JAMBI;1571;157101;1571011011;CETAK POLONGAN;SATIYO;PO;23951;TANAH LIAT;INDUSTRI BARANG GALIAN BUKAN LOGAM;POLONGAN;20000;BUAH;-;2023
3251;15;JAMBI;1571;157101;1571011002;DIDI BULURAN;DIDI SUYADI;PO;23951;TANAH LIAT;INDUSTRI BARANG GALIAN BUKAN LOGAM;PEMBUATAN BATAKO;40000;BUAH;-;2023
3252;15;JAMBI;1571;157101;1571011004;IND. KONBLOK HERLINA;IB. HERLINA;PO;23951;TANAH LIAT;INDUSTRI BARANG GALIAN BUKAN LOGAM;BATAKO, KONBLOK;0;-;-;2023
3253;15;JAMBI;1571;157101;1571011004;IND. KONBLOK H. PURNOMO;H. PURNOMO;PO;23951;TANAH LIAT;INDUSTRI BARANG GALIAN BUKAN LOGAM;BATAKO, KONBLOK;0;-;-;2023
3254;15;JAMBI;1571;157101;1571011004;USAHA BERSAMA;RD.HERMANSYAH;PO;23951;SEMEN, PASIR;INDUSTRI BARANG GALIAN BUKAN LOGAM;INDUSTRI BARANG DARI SEMEN;7200;BH;-;2023
3255;15;JAMBI;1571;157101;1571011004;RATU MAS CONBLOK;ZULKIFLI;PO;23951;SEMEN, PASIR;INDUSTRI BARANG GALIAN BUKAN LOGAM;INDUSTRI BARANG DARI SEMEN;7200;BH;-;2023
3256;15;JAMBI;1571;157101;1571011004;KOMBLOK;SYAMSUDIN;PO;23951;SEMEN, PASIR;INDUSTRI BARANG GALIAN BUKAN LOGAM;KONBLOK;7200;BH;-;2023
3257;15;JAMBI;1571;157101;1571011004;USAHA KONBLOK;HADI PURNOMO;PO;23951;SEMEN, PASIR;INDUSTRI BARANG GALIAN BUKAN LOGAM;KONBLOK;7200;BH;-;2023
3258;15;JAMBI;1571;157109;1507112005;KONBLOK BERKAH;SUKIRIK;PO;23951;TANAH LIAT;INDUSTRI BARANG GALIAN BUKAN LOGAM;KONBLOK;0;-;-;2023
3259;15;JAMBI;1571;157101;1571011003;ANGLO;-;PO;23951;TANAH LIAT;INDUSTRI BARANG GALIAN BUKAN LOGAM;ANGLO;0;-;-;2023
3260;15;JAMBI;1571;157102;0;PUTRA SUMBER KREASI;AMRAN SUNARKO;PT;23952;KAPUR;INDUSTRI BARANG GALIAN BUKAN LOGAM;BARANG DARI KAPUR;12600;BH;-;2023
3261;15;JAMBI;1571;157102;0;INDO GENTENG 93JB;KARJA WIJAYA;PO;23953;TANAH LIAT;INDUSTRI BARANG GALIAN BUKAN LOGAM;GENTENG;36000;BH;-;2023
3262;15;JAMBI;1571;157102;0;SARKO UTAMA;ADIS BACHTIAR;CV;23953;TANAH LIAT;INDUSTRI BARANG GALIAN BUKAN LOGAM;GENTENG;7200;BH;-;2023
3263;15;JAMBI;1571;157103;0;KURNIA ABADI;NY KOMARIAH;FIRMA;23953;TANAH LIAT;INDUSTRI BARANG GALIAN BUKAN LOGAM;GENTENG;7200;BH;-;2023
3264;15;JAMBI;1571;157101;1571011011;LES GIPSUM;NGARIDIN;PO;23954;TANAH LIAT;INDUSTRI BARANG GALIAN BUKAN LOGAM;LES GIPSUM;512;KEPING;-;2023
3265;15;JAMBI;1571;157106;1571061005;-;EMI NAZIPA;PO;23954;TANAH LIAT;INDUSTRI BARANG GALIAN BUKAN LOGAM;GIPSUM;0;-;-;2023
3266;15;JAMBI;1571;157105;1571051001;-;-;PO;30111;KAYU;INDUSTRI ALAT ANGKUTAN LAINNYA;PEMBUATAN PERAHU;0;-;-;2023
3267;15;JAMBI;1571;157109;1571091005;-;SURIPTO HADI;PO;31001;KAYU;INDUSTRI FURNITUR;PERABOT;0;STEL;-;2023
3268;15;JAMBI;1571;157109;0;JATI FURNITURE;-;PO;31001;KAYU;INDUSTRI FURNITUR;PERABOT;0;BUAH;-;2023
3269;15;JAMBI;1571;157109;0;MEUBEL JATI;LUKMAN NUL HAKIM;PO;31001;KAYU;INDUSTRI FURNITUR;PERABOT;0;BUAH;-;2023
3270;15;JAMBI;1571;157109;0;MANDIRI FURNITURE;TONNI ERDILLAH;PO;31001;KAYU;INDUSTRI FURNITUR;PERABOT;0;BUAH;-;2023
3271;15;JAMBI;1571;157109;0;-;HENDRA HELYANA;PO;31001;KAYU;INDUSTRI FURNITUR;PERABOT;0;BUAH;-;2023
3272;15;JAMBI;1571;157106;1571061001;MEUBEL AAN;MIZAN;PO;31001;KAYU;INDUSTRI FURNITUR;PERABOT;0;STEL;-;2023
3273;15;JAMBI;1571;157106;1503022014;ALEK PERABOT;RUSLI;PO;31001;KAYU;INDUSTRI FURNITUR;PERABOT;0;STEL;-;2023
3274;15;JAMBI;1571;157106;1504062009;SAID ALWI;SAID ALWI;PO;31001;KAYU;INDUSTRI FURNITUR;PERABOT;0;STEL;-;2023
3275;15;JAMBI;1571;157106;1571061005;-;JUMADI;PO;31001;KAYU;INDUSTRI FURNITUR;PERABOT;0;STEL;-;2023
3276;15;JAMBI;1571;157102;0;MULIA;PRAYITNO;PO;31001;KAYU;INDUSTRI FURNITUR;PERABOT;144;UNIT;-;2023
3277;15;JAMBI;1571;157102;0;NICO PERABOT;SUNARDI;PO;31001;KAYU;INDUSTRI FURNITUR;PERABOT;120;UNIT;-;2023
3278;15;JAMBI;1571;157102;0;METRO FURNITURE;GUSWANTO;PO;31001;KAYU;INDUSTRI FURNITUR;PERABOT;0;UNIT;-;2023
3279;15;JAMBI;1571;157102;1571021004;PERABOT RUMAH TANGGA;FATMAWATI;PO;31001;KAYU;INDUSTRI FURNITUR;PERABOT;0;BUAH;-;2023
3280;15;JAMBI;1571;157102;1571021004;MEUBLE KING SOFA;JUSRON;PO;31001;KAYU;INDUSTRI FURNITUR;PERABOT;0;BUAH;-;2023
3281;15;JAMBI;1571;-;1571111003;-;ALI;PO;31001;KAYU;INDUSTRI FURNITUR;PERABOT;0;BUAH;-;2023
3282;15;JAMBI;1571;-;1571111003;-;EDY JAYA;PO;31001;KAYU;INDUSTRI FURNITUR;PERABOT;0;BUAH;-;2023
3283;15;JAMBI;1571;-;1571111003;PERABOT BAROKAH;TRIYONO;PO;31001;KAYU;INDUSTRI FURNITUR;PERABOT;0;BUAH;-;2023
3284;15;JAMBI;1571;-;1571021006;-;KANSIU;PO;31001;KAYU;INDUSTRI FURNITUR;PERABOT;0;BUAH;-;2023
3285;15;JAMBI;1571;157102;1571021006;-;SARJO;PO;31001;KAYU;INDUSTRI FURNITUR;PERABOT;0;BUAH;-;2023
3286;15;JAMBI;1571;-;1571021006;-;TAN AN PAW;PO;31001;KAYU;INDUSTRI FURNITUR;PERABOT;0;BUAH;-;2023
3287;15;JAMBI;1571;-;1571021006;-;WAWAN;PO;31001;KAYU;INDUSTRI FURNITUR;PERABOT;0;BUAH;-;2023
3288;15;JAMBI;1571;-;1571021006;-;ZIDAN;PO;31001;KAYU;INDUSTRI FURNITUR;PERABOT;0;BUAH;-;2023
3289;15;JAMBI;1571;-;1508131001;-;HASBI;PO;31001;KAYU;INDUSTRI FURNITUR;PERABOT;0;BUAH;-;2023
3290;15;JAMBI;1571;-;1508131001;-;REGAR;PO;31001;KAYU;INDUSTRI FURNITUR;PERABOT;0;BUAH;-;2023
3291;15;JAMBI;1571;-;1508131001;-;YAYAK;PO;31001;KAYU;INDUSTRI FURNITUR;PERABOT;0;BUAH;-;2023
3292;15;JAMBI;1571;157102;1508131001;-;-;PO;31001;KAYU;INDUSTRI FURNITUR;PERABOT;0;BUAH;-;2023
3293;15;JAMBI;1571;-;1571021003;SURTIWI PENDAWA;H. UMAR;PO;31001;KAYU;INDUSTRI FURNITUR;PERABOT;0;BUAH;-;2023
3294;15;JAMBI;1571;-;1571021003;TOKO PERABOT MAYA SARI;ITA;PO;31001;KAYU;INDUSTRI FURNITUR;PERABOT;0;BUAH;-;2023
3295;15;JAMBI;1571;-;1571021003;TOKO PERABOT;KASYADI;PO;31001;KAYU;INDUSTRI FURNITUR;PERABOT;0;BUAH;-;2023
3296;15;JAMBI;1571;-;1571021003;TOKO PERABOT SRI;SRI FATMAWATI;PO;31001;KAYU;INDUSTRI FURNITUR;PERABOT;0;BUAH;-;2023
3297;15;JAMBI;1571;-;1571021003;TOKO PERABOT DAMAI;TONY;PO;31001;KAYU;INDUSTRI FURNITUR;PERABOT;0;BUAH;-;2023
3298;15;JAMBI;1571;-;1571021003;TIRTA KENCANA;WAGITO;PO;31001;KAYU;INDUSTRI FURNITUR;PERABOT;0;BUAH;-;2023
3299;15;JAMBI;1571;-;1571111001;RUM PERABOT;RUM ROYEN;PO;31001;KAYU;INDUSTRI FURNITUR;PERABOT;0;BUAH;-;2023
3300;15;JAMBI;1571;-;1571111001;PERABOT RUMAH TANGGA;SISWANTO;PO;31001;KAYU;INDUSTRI FURNITUR;PERABOT;0;BUAH;-;2023
3301;15;JAMBI;1571;-;1571021005;TOMI PRABOT;TOMI;PO;31001;KAYU;INDUSTRI FURNITUR;PERABOT;0;BUAH;-;2023
3302;15;JAMBI;1571;-;0;MONALISA;AHMAD FAUZAN;PO;31001;KAYU;INDUSTRI FURNITUR;PERABOT;0;BUAH;-;2023
3303;15;JAMBI;1571;-;0;SURTINI FURNITURE;MURHADI UMAR;PO;31001;KAYU;INDUSTRI FURNITUR;PERABOT;0;BUAH;-;2023
3304;15;JAMBI;1571;-;1571021004;ALLIF PERABOT;SULASTRI;PO;31001;KAYU;INDUSTRI FURNITUR;PERABOT;0;BUAH;-;2023
3305;15;JAMBI;1571;157102;0;-;HAMYADI;PO;31001;KAYU;INDUSTRI FURNITUR;PERABOT;0;BUAH;-;2023
3306;15;JAMBI;1571;157102;0;TOKO SRIJAYA;IKA KURNIATI;PO;31001;KAYU;INDUSTRI FURNITUR;PERABOT;0;BUAH;-;2023
3307;15;JAMBI;1571;157102;1571111001;VINA;ERVINNA LASNIROHA SINAGA;PO;31001;KAYU;INDUSTRI FURNITUR;FURNITURE;7200;BH;-;2023
3308;15;JAMBI;1571;157103;0;SADAR;SATIMAH;PO;31001;KAYU;INDUSTRI FURNITUR;PERABOT;0;BUAH;-;2023
3309;15;JAMBI;1571;157103;0;CLASIC FURNITURE;SUKIR;PO;31001;KAYU;INDUSTRI FURNITUR;PERABOT;0;BUAH;-;2023
3310;15;JAMBI;1571;157103;0;MAJU JAYA;ALEXANDER;PO;31001;KAYU;INDUSTRI FURNITUR;PERABOT;0;BUAH;-;2023
3311;15;JAMBI;1571;157103;0;TERATAI INDAH;NURACHMAD;PO;31001;KAYU;INDUSTRI FURNITUR;PERABOT;0;BUAH;-;2023
3312;15;JAMBI;1571;157103;0;TUNAS;EDI SUPRIADI;PO;31001;KAYU;INDUSTRI FURNITUR;PERABOT;0;BUAH;-;2023
3313;15;JAMBI;1571;157103;1571111002;FURNITURE MODERN;BAHAR L,GUNAFI HALIM;PO;31001;KAYU;INDUSTRI FURNITUR;PERABOT;0;BUAH;-;2023
3314;15;JAMBI;1571;157103;0;SUMBER HARAPAN;YUSRON;PO;31001;KAYU;INDUSTRI FURNITUR;PERABOT;0;BUAH;-;2023
3315;15;JAMBI;1571;157103;0;JAMBI FURNITURE;SISKA;CV;31001;KAYU;INDUSTRI FURNITUR;PERABOT;0;BUAH;-;2023
3316;15;JAMBI;1571;157103;0;CAHAYA INDAH;LINA;PO;31001;KAYU;INDUSTRI FURNITUR;PERABOT;0;BUAH;-;2023
3317;15;JAMBI;1571;157103;1571031002;PERABOT KASANG;SUKISAN;PO;31001;KAYU;INDUSTRI FURNITUR;PERABOT;0;BUAH;-;2023
3318;15;JAMBI;1571;157103;1571031010;-;M. ABDULLAH;PO;31001;KAYU;INDUSTRI FURNITUR;PERABOT;0;BUAH;-;2023
3319;15;JAMBI;1571;157103;1571031010;-;ALIF;PO;31001;KAYU;INDUSTRI FURNITUR;PERABOT;0;BUAH;-;2023
3320;15;JAMBI;1571;157103;1571031002;MEUBEL INDAH;MARMAK;PO;31001;KAYU;INDUSTRI FURNITUR;PERABOT;0;UNIT;-;2023
3321;15;JAMBI;1571;157103;1571031002;-;SURYADI;PO;31001;KAYU;INDUSTRI FURNITUR;PERABOT;0;UNIT;-;2023
3322;15;JAMBI;1571;157103;1571031002;-;SUNANTA;PO;31001;KAYU;INDUSTRI FURNITUR;PERABOT;0;UNIT;-;2023
3323;15;JAMBI;1571;157103;1571031002;-;RAFIKURRAHMAN;PO;31001;KAYU;INDUSTRI FURNITUR;PERABOT;0;UNIT;-;2023
3324;15;JAMBI;1571;-;1571031003;FANCA FURNITURE;ANDI;PO;31001;KAYU;INDUSTRI FURNITUR;PERABOT;0;BUAH;-;2023
3325;15;JAMBI;1571;-;1571031003;JATI MULYO;MUKLIS;PO;31001;KAYU;INDUSTRI FURNITUR;PERABOT;0;BUAH;-;2023
3326;15;JAMBI;1571;157103;1571031003;-;SARGAWI;PO;31001;KAYU;INDUSTRI FURNITUR;PERABOT;0;BUAH;-;2023
3327;15;JAMBI;1571;157103;1571031003;-;H. SUKOYO;PO;31001;KAYU;INDUSTRI FURNITUR;PERABOT;0;BUAH;-;2023
3328;15;JAMBI;1571;-;0;-;ACENG;PO;31001;KAYU;INDUSTRI FURNITUR;PERABOT;0;BUAH;-;2023
3329;15;JAMBI;1571;-;0;-;MULYADI;PO;31001;KAYU;INDUSTRI FURNITUR;PERABOT;0;BUAH;-;2023
3330;15;JAMBI;1571;-;0;-;WIJO;PO;31001;KAYU;INDUSTRI FURNITUR;PERABOT;0;BUAH;-;2023
3331;15;JAMBI;1571;-;0;-;GUNAWAN;PO;31001;KAYU;INDUSTRI FURNITUR;PERABOT;0;BUAH;-;2023
3332;15;JAMBI;1571;157103;1571031001;BASIR PERABOT;BASIR;PO;31001;KAYU;INDUSTRI FURNITUR;PERABOT;0;BUAH;-;2023
3333;15;JAMBI;1571;157103;1571031001;-;ALI;PO;31001;KAYU;INDUSTRI FURNITUR;PERABOT;0;BUAH;-;2023
3334;15;JAMBI;1571;157103;1571031001;-;PAHMI;PO;31001;KAYU;INDUSTRI FURNITUR;PERABOT;0;BUAH;-;2023
3335;15;JAMBI;1571;157103;1505102009;FURNITURE;ASENG;PO;31001;KAYU;INDUSTRI FURNITUR;PERABOT;0;BUAH;-;2023
3336;15;JAMBI;1571;-;1505102009;-;SUCIPTO;PO;31001;KAYU;INDUSTRI FURNITUR;PERABOT;0;BUAH;-;2023
3337;15;JAMBI;1571;157108;1571081006;GOLDEN STAR;ANDIRA BUANA;PO;31001;KAYU;INDUSTRI FURNITUR;PERABOT;0;BUAH;-;2023
3338;15;JAMBI;1571;157108;1571081006;GLODOK FURNITURE;CHANDRA;PO;31001;KAYU;INDUSTRI FURNITUR;PERABOT;0;BUAH;-;2023
3339;15;JAMBI;1571;157108;1571081006;MANDIRI PERABOT;SATIMAN;PO;31001;KAYU;INDUSTRI FURNITUR;PERABOT;0;BUAH;-;2023
3340;15;JAMBI;1571;-;1571081007;PERABOT MERI;ZAINAL ARIFIN;PO;31001;KAYU;INDUSTRI FURNITUR;PERABOT;0;BUAH;-;2023
3341;15;JAMBI;1571;157108;1571081007;PERABOT GINO;TUGINO;PO;31001;KAYU;INDUSTRI FURNITUR;PERABOT;0;BUAH;-;2023
3342;15;JAMBI;1571;157108;1571081007;PERABOT BAHTERA;SARNO;PO;31001;KAYU;INDUSTRI FURNITUR;PERABOT;0;BUAH;-;2023
3343;15;JAMBI;1571;157108;1571081007;MONAS INDAH;SAMSURI;PO;31001;KAYU;INDUSTRI FURNITUR;PERABOT;0;BUAH;-;2023
3344;15;JAMBI;1571;-;1571081004;AGUNG PERABOT;MARYANTO;PO;31001;KAYU;INDUSTRI FURNITUR;PERABOT;0;BUAH;-;2023
3345;15;JAMBI;1571;-;1571081006;ASIA;SYUKURMAN;PO;31001;KAYU;INDUSTRI FURNITUR;PERABOT;0;BUAH;-;2023
3346;15;JAMBI;1571;-;1571081006;MEGA DINI;M. KHORI;PO;31001;KAYU;INDUSTRI FURNITUR;PERABOT;0;BUAH;-;2023
3347;15;JAMBI;1571;157108;1571081006;PERSANA MEBEL;ANAN;PO;31001;KAYU;INDUSTRI FURNITUR;PERABOT;0;BUAH;-;2023
3348;15;JAMBI;1571;-;1571081006;-;M. RASUL;PO;31001;KAYU;INDUSTRI FURNITUR;PERABOT;0;BUAH;-;2023
3349;15;JAMBI;1571;-;1571081006;-;H. SUWARNO;PO;31001;KAYU;INDUSTRI FURNITUR;PERABOT;0;BUAH;-;2023
3350;15;JAMBI;1571;-;1571081006;-;ZUHDI;PO;31001;KAYU;INDUSTRI FURNITUR;PERABOT;0;BUAH;-;2023
3351;15;JAMBI;1571;-;1571081006;ELISA;HAMID;PO;31001;KAYU;INDUSTRI FURNITUR;PERABOT;0;BUAH;-;2023
3352;15;JAMBI;1571;-;1571081006;PERABOT INDAH;PURDI;PO;31001;KAYU;INDUSTRI FURNITUR;PERABOT;0;BUAH;-;2023
3353;15;JAMBI;1571;157108;1571081002;ADA JAYA;PELIPUS;PO;31001;KAYU;INDUSTRI FURNITUR;PERABOT;0;BUAH;-;2023
3354;15;JAMBI;1571;157108;1571081002;JOHAN;JHON LEO;PO;31001;KAYU;INDUSTRI FURNITUR;PERABOT;0;BUAH;-;2023
3355;15;JAMBI;1571;157108;1571081007;BAHTERA;A. SARNO;PO;31001;KAYU;INDUSTRI FURNITUR;PERABOT;0;BUAH;-;2023
3356;15;JAMBI;1571;157108;1571081006;INDAH;KURDI;PO;31001;KAYU;INDUSTRI FURNITUR;PERABOT;0;BUAH;-;2023
3357;15;JAMBI;1571;157107;1507102007;PATI INDAH FURNITURE;SUKARNO;PO;31001;KAYU;INDUSTRI FURNITUR;PERABOT;0;BUAH;-;2023
3358;15;JAMBI;1571;157107;1507102007;CITRA KARYA;AMIRUDDIN NAWAR;PO;31001;KAYU;INDUSTRI FURNITUR;PERABOT;0;BUAH;-;2023
3359;15;JAMBI;1571;157107;1507102007;TEGUH LAKSANA;AMRINAL;CV;31001;KAYU;INDUSTRI FURNITUR;PERABOT;0;BUAH;-;2023
3360;15;JAMBI;1571;157107;1571071001;TUNASINDAH MUDA MEBEL;MADNUR;PO;31001;KAYU;INDUSTRI FURNITUR;PERABOT;0;BUAH;-;2023
3361;15;JAMBI;1571;157107;1571071001;PERABOT UKIR;DENI S;PO;31001;KAYU;INDUSTRI FURNITUR;PERABOT;0;BUAH;-;2023
3362;15;JAMBI;1571;157107;1571071001;PERABOT UKIR;SATIMAN;PO;31001;KAYU;INDUSTRI FURNITUR;PERABOT;0;BUAH;-;2023
3363;15;JAMBI;1571;157107;1571071001;TOKO PERABOT;SAHIM;PO;31001;KAYU;INDUSTRI FURNITUR;PERABOT;0;BUAH;-;2023
3364;15;JAMBI;1571;157107;1571071001;PERABOT KAYU;SARJU ADU;PO;31001;KAYU;INDUSTRI FURNITUR;PERABOT;0;BUAH;-;2023
3365;15;JAMBI;1571;157107;1571071001;PERABOT KAYU;TASWADI;PO;31001;KAYU;INDUSTRI FURNITUR;PERABOT;0;BUAH;-;2023
3366;15;JAMBI;1571;157107;1571091005;FURNITURE;MARGIUN;PO;31001;KAYU;INDUSTRI FURNITUR;PERABOT;0;BUAH;-;2023
3367;15;JAMBI;1571;157107;1571091005;KAYU JATI;YAYAN K;PO;31001;KAYU;INDUSTRI FURNITUR;PERABOT;0;BUAH;-;2023
3368;15;JAMBI;1571;157107;1571091005;16 JAYA;PURWANTO;PO;31001;KAYU;INDUSTRI FURNITUR;PERABOT;0;BUAH;-;2023
3369;15;JAMBI;1571;157107;1571091005;CV TARMAJO;TARJOKO, SPD;PO;31001;KAYU;INDUSTRI FURNITUR;PERABOT;0;BUAH;-;2023
3370;15;JAMBI;1571;157107;1571091003;UKIRAN KAYU;EDI SUPANTOKO;PO;31001;KAYU;INDUSTRI FURNITUR;PERABOT;0;BUAH;-;2023
3371;15;JAMBI;1571;157107;1571091003;KONSEN YADI;YADI AMIN;PO;31001;KAYU;INDUSTRI FURNITUR;PERABOT;0;BUAH;-;2023
3372;15;JAMBI;1571;157107;1571071004;SIDODADI;EDI KHOLIL;PO;31001;KAYU;INDUSTRI FURNITUR;PERABOT;0;BUAH;-;2023
3373;15;JAMBI;1571;157107;0;LAKSANA JAYA;EKO;PO;31001;KAYU;INDUSTRI FURNITUR;PERABOT;0;BUAH;-;2023
3374;15;JAMBI;1571;157107;0;MARJATI ARTISTIK;IRFAN;PO;31001;KAYU;INDUSTRI FURNITUR;PERABOT;0;BUAH;-;2023
3375;15;JAMBI;1571;157107;1571091001;RIMBA BERKAH;M. SANI;PO;31001;KAYU;INDUSTRI FURNITUR;PERABOT;0;BUAH;-;2023
3376;15;JAMBI;1571;157107;1571091001;TRI MULYA;MUHADI;PO;31001;KAYU;INDUSTRI FURNITUR;PERABOT;0;BUAH;-;2023
3377;15;JAMBI;1571;157107;1571091001;USAHA PERABOT;SRI REZEKI;PO;31001;KAYU;INDUSTRI FURNITUR;PERABOT;0;BUAH;-;2023
3378;15;JAMBI;1571;157107;1571071001;KUSEN SUGENG;SUGENG;PO;31001;KAYU;INDUSTRI FURNITUR;PERABOT;125000;BUAH;-;2023
3379;15;JAMBI;1571;157107;1571071001;PERABOT LESTARI;ABDUL KARIM;PO;31001;KAYU;INDUSTRI FURNITUR;FURNITURE;7200;BH;-;2023
3380;15;JAMBI;1571;157107;1571071002;DWI PRASOJO;DWI PRASOJO;PO;31001;KAYU;INDUSTRI FURNITUR;FURNITURE;7200;BH;-;2023
3381;15;JAMBI;1571;157107;1571091005;-;SURIPTO HADI;PO;31001;KAYU;INDUSTRI FURNITUR;FURNITURE;7200;BH;-;2023
3382;15;JAMBI;1571;157111;1571111001;RUM PERABOT;RUM ROYEN;PO;31001;KAYU;INDUSTRI FURNITUR;PERABOT;0;BUAH;-;2023
3383;15;JAMBI;1571;157111;1571111001;PERABOT RUMAH TANGGA;SISWANTO;PO;31001;KAYU;INDUSTRI FURNITUR;PERABOT;0;BUAH;-;2023
3384;15;JAMBI;1571;157111;1571111001;FURNITUR;SURYADARMA;PO;31001;KAYU;INDUSTRI FURNITUR;PERABOT;0;BUAH;-;2023
3385;15;JAMBI;1571;157104;1571041001;BAROKAH AZAHRI;IQBAL;PO;31001;KAYU;INDUSTRI FURNITUR;PERABOT;0;BUAH;-;2023
3386;15;JAMBI;1571;157104;1571041001;SUMBER JATI;WELDI;PO;31001;KAYU;INDUSTRI FURNITUR;PERABOT;0;BUAH;-;2023
3387;15;JAMBI;1571;157104;1571041001;ANUGRAH;EMI;PO;31001;KAYU;INDUSTRI FURNITUR;PERABOT;0;BUAH;-;2023
3388;15;JAMBI;1571;157104;1571041001;PESONA JATI;DAHLIA;PO;31001;KAYU;INDUSTRI FURNITUR;PERABOT;0;BUAH;-;2023
3389;15;JAMBI;1571;157104;1571041001;DELA;DEFRI;PO;31001;KAYU;INDUSTRI FURNITUR;PERABOT;0;BUAH;-;2023
3390;15;JAMBI;1571;157104;1571041002;INDAH;-;PO;31001;KAYU;INDUSTRI FURNITUR;PERABOT;0;BUAH;-;2023
3391;15;JAMBI;1571;157104;1571041002;JAYA BERSAMA;-;PO;31001;KAYU;INDUSTRI FURNITUR;PERABOT;0;BUAH;-;2023
3392;15;JAMBI;1571;157104;1571041002;TELAGA BARU;-;PO;31001;KAYU;INDUSTRI FURNITUR;PERABOT;0;BUAH;-;2023
3393;15;JAMBI;1571;157105;1571051001;-;SAID ABDURAHMAN;PO;31001;KAYU;INDUSTRI FURNITUR;PERABOT;0;BUAH;-;2023
3394;15;JAMBI;1571;157101;1571011010;JUMIRIN FURNITURE;JUMIRIN;PO;31001;KAYU;INDUSTRI FURNITUR;PERABOT;7200;STEL;-;2023
3395;15;JAMBI;1571;157101;1571011004;SETIA PENDAWA;MACROFA JUFRI;PO;31001;KAYU;INDUSTRI FURNITUR;PERABOT;0;BUAH;-;2023
3396;15;JAMBI;1571;157101;1571011004;BHAKTI MULIA;SENEN ANTONIUS;PO;31001;KAYU;INDUSTRI FURNITUR;PERABOT;0;BUAH;-;2023
3397;15;JAMBI;1571;157101;1571011004;SAMAN SETIA;SAMAN SATIA;PO;31001;KAYU;INDUSTRI FURNITUR;PERABOT;0;BUAH;-;2023
3398;15;JAMBI;1571;157101;1571011004;MEUBEL INDAH;MARMA RAMIN;PO;31001;KAYU;INDUSTRI FURNITUR;PERABOT;0;BUAH;-;2023
3399;15;JAMBI;1571;157101;1571011004;ANDIKA JAYA;STYO HARTONO;PO;31001;KAYU;INDUSTRI FURNITUR;PERABOT;0;BUAH;-;2023
3400;15;JAMBI;1571;157101;1571011004;KARYA INDAH JAYA;AHMAD MARZUKI;PO;31001;KAYU;INDUSTRI FURNITUR;PERABOT;0;BUAH;-;2023
3401;15;JAMBI;1571;157101;1571011004;PERTUKANGAN;MUNAZAR;PO;31001;KAYU;INDUSTRI FURNITUR;PERABOT;0;BUAH;-;2023
3402;15;JAMBI;1571;157101;1571011004;INDISTRI RT;SULHADI;PO;31001;KAYU;INDUSTRI FURNITUR;PERABOT;0;BUAH;-;2023
3403;15;JAMBI;1571;157101;1571011001;BUBUT BERSAUDARA;SAYUTI;PO;31001;KAYU;INDUSTRI FURNITUR;PERABOT;0;BUAH;-;2023
3404;15;JAMBI;1571;157101;1571011010;ANDIKA JAYA FURNITURE;SETIO;PO;31001;KAYU;INDUSTRI FURNITUR;PERABOT;0;BUAH;-;2023
3405;15;JAMBI;1571;157101;0;AMRAN PERABOT;GARITO AMRAN;PO;31001;KAYU;INDUSTRI FURNITUR;PERABOT;0;BUAH;-;2023
3406;15;JAMBI;1571;157101;1571101003;SRI UTAMI PERABOT;ASNAWI;PO;31001;KAYU;INDUSTRI FURNITUR;PERABOT;0;BUAH;-;2023
3407;15;JAMBI;1571;157101;1571101003;YUSIDA;H. FAJRI;PO;31001;KAYU;INDUSTRI FURNITUR;PERABOT;0;BUAH;-;2023
3408;15;JAMBI;1571;157101;0;INDAH JAYA;JAMADI;PO;31001;KAYU;INDUSTRI FURNITUR;PERABOT;0;BUAH;-;2023
3409;15;JAMBI;1571;157101;1571011001;-;NY. NURJANAH;PO;31001;KAYU;INDUSTRI FURNITUR;PERABOT;0;BUAH;-;2023
3410;15;JAMBI;1571;157101;1571101004;JATI BERKAH;SUKOYO;PO;31001;KAYU;INDUSTRI FURNITUR;FURNITURE;7200;BH;-;2023
3411;15;JAMBI;1571;157109;1571091001;RADEN FURNITURE;R,M TAUFIK AKBAR;PO;31001;KAYU;INDUSTRI FURNITUR;FURNITURE;0;-;-;2023
3412;15;JAMBI;1571;157106;1504062009;-;WARDOYO;PO;31001;KAYU;INDUSTRI FURNITUR;PERABOT;0;-;-;2023
3413;15;JAMBI;1571;157103;1571031003;JATI BERKAH;NANANG;PO;31001;KAYU;INDUSTRI FURNITUR;FURNITURE;0;-;-;2023
3414;15;JAMBI;1571;157108;1571081003;GINO PERABOT;SATRIYONO;PO;31001;KAYU;INDUSTRI FURNITUR;PERABOT;0;-;-;2023
3415;15;JAMBI;1571;157111;1571111001;SULTAN;AZRI ARLANDI;PO;31001;KAYU;INDUSTRI FURNITUR;FURNITURE;0;-;-;2023
3416;15;JAMBI;1571;157105;1571051002;-;AHMAD SYARBAINI;PO;31001;KAYU;INDUSTRI FURNITUR;PERABOT;0;-;-;2023
3417;15;JAMBI;1571;157102;1571021006;KURSI ROTAN;RUHADI;PO;31002;ROTAN;INDUSTRI FURNITUR;KURSI ROTAN;0;-;-;2023
3418;15;JAMBI;1571;157109;0;ADILA;WATI IMBARTI;PO;31009;KAYU;INDUSTRI FURNITUR;BANGSAL KAYU;12600;BH;-;2023
3419;15;JAMBI;1571;157104;0;TANJUNG RAYA;SYAHBUDIN;PO;32502;KACA, LOGAM;INDUSTRI PENGOLAHAN LAINNYA;PERALATAN GIGI;0;-;-;2023
3420;15;JAMBI;1571;157104;0;SAMUDRA;ALWIS SYIN;PO;32502;KACA, LOGAM;INDUSTRI PENGOLAHAN LAINNYA;PERALATAN GIGI;0;-;-;2023
3421;15;JAMBI;1571;157104;0;HARUN AL RASYID;HARUN AL RASYID;PO;32502;KACA, LOGAM;INDUSTRI PENGOLAHAN LAINNYA;PERALATAN GIGI;0;-;-;2023
3422;15;JAMBI;1571;157104;0;SENTOSA;IRWAN DANIEL;PO;32502;KACA, LOGAM;INDUSTRI PENGOLAHAN LAINNYA;PERALATAN GIGI;0;-;-;2023
3423;15;JAMBI;1571;157109;0;-;-;-;-;-;INDUSTRI PENGOLAHAN LAINNYA;-;0;-;-;2023
3424;15;JAMBI;1571;157110;1571101002;DIGITAL FHOTO COPY;MAHMUDA;PO;-;-;INDUSTRI PENCETAKAN DAN REPRODUKSI MEDIA REKAMAN;FHOTO COPY;0;-;-;2023
3425;15;JAMBI;1571;157109;1571091003;PANGKALAN LPG LENI MARYAN;LENI MARYANI;PO;20112;ENERGI GAS;INDUSTRI BAHAN KIMIA DAN BARANG DARI BAHAN KIMIA;GAS;0;-;-;2023
3426;15;JAMBI;1571;157109;1571091003;PANGKALAN GAS 3 NASRUL THAHAR;MELIDAWATI;PO;20112;ENERGI GAS;INDUSTRI BAHAN KIMIA DAN BARANG DARI BAHAN KIMIA;GAS;0;-;-;2023
3427;15;JAMBI;1571;157109;1571091004;PANGKALAN GAS ELPIJI 3 KG;NOVELIZA AYU LESTARI;PO;20112;ENERGI GAS;INDUSTRI BAHAN KIMIA DAN BARANG DARI BAHAN KIMIA;GAS;0;-;-;2023
3428;15;JAMBI;1571;157109;1507112005;PANGKALAN GAS 3 KG;SYAHRIAL;PO;20112;ENERGI GAS;INDUSTRI BAHAN KIMIA DAN BARANG DARI BAHAN KIMIA;GAS;0;-;-;2023
3429;15;JAMBI;1571;157109;1571091001;PANGKALAN GAS 3 KG;ZULHAMID.HSB;PO;20112;ENERGI GAS;INDUSTRI BAHAN KIMIA DAN BARANG DARI BAHAN KIMIA;GAS;0;-;-;2023
3430;15;JAMBI;1571;157108;1571081007;YOMA MEUBBI;YOSKI KURNIAWAN;PO;16221;KAYU;INDUSTRI KAYU, BARANG ANYAMAN DARI BAMBU, ROTAN DAN SEJENISNYA;MEUBEL;0;-;-;2023
3431;15;JAMBI;1571;157110;1571101003;THREE ADVERTISING;DELFAN MARDANI;PO;18111;LOGAM BESI;INDUSTRI PENCETAKAN DAN REPRODUKSI MEDIA REKAMAN;ADVERTISING;0;-;-;2023
3432;15;JAMBI;1571;157110;1571101003;-;DERMAWAN;PO;18111;LOGAM BESI;INDUSTRI PENCETAKAN DAN REPRODUKSI MEDIA REKAMAN;PREMIUM PRINTING;0;-;-;2023
3433;15;JAMBI;1571;157110;1571101005;DHIMAS PRINTING;FARIDA JULIAWATI DEWI;PO;18111;LOGAM BESI;INDUSTRI PENCETAKAN DAN REPRODUKSI MEDIA REKAMAN;PERCETAKAN;0;-;-;2023
3434;15;JAMBI;1571;157110;1571101002;INDUSTRIPERCETAKAN UMUM;AHMAD WIBOWO;CV;18120;TINTA, KERTAS;INDUSTRI PENCETAKAN DAN REPRODUKSI MEDIA REKAMAN;SABLON;0;-;-;2023
3435;15;JAMBI;1571;157110;1571101004;-;M. GIAT MALAU;PO;18120;TINTA, KERTAS;INDUSTRI PENCETAKAN DAN REPRODUKSI MEDIA REKAMAN;SABLON;0;-;-;2023
3436;15;JAMBI;1571;157110;1571101003;BIRA CREATIF;IDAMANSYAH;PO;18111;LOGAM BESI;INDUSTRI PENCETAKAN DAN REPRODUKSI MEDIA REKAMAN;PERCETAKAN;0;-;-;2023
3437;15;JAMBI;1571;157110;1571101003;-;ILHAM ROMADHAN;PO;18111;LOGAM BESI;INDUSTRI PENCETAKAN DAN REPRODUKSI MEDIA REKAMAN;PERCETAKAN;0;-;-;2023
3438;15;JAMBI;1571;157110;1571101003;SAHABAT JAMBI;YANUARDIAN;PO;18111;LOGAM BESI;INDUSTRI PENCETAKAN DAN REPRODUKSI MEDIA REKAMAN;PERCETAKAN;0;-;-;2023
3439;15;JAMBI;1571;157110;1571101002;GREEN CREATIF;AHMAD WIBOWO;CV;18111;LOGAM BESI;INDUSTRI PENCETAKAN DAN REPRODUKSI MEDIA REKAMAN;PERCETAKAN;0;-;-;2023
3440;15;JAMBI;1571;157110;1571101003;VIVI DIGITAL;VIVI KRISTIN WULANDARI;PO;18111;LOGAM BESI;INDUSTRI PENCETAKAN DAN REPRODUKSI MEDIA REKAMAN;PERCETAKAN;0;-;-;2023
3441;15;JAMBI;1571;-;1571101005;CV SANGGOINA JAYA;NOVIN SETIAWATI;PO;18111;LOGAM BESI;INDUSTRI PENCETAKAN DAN REPRODUKSI MEDIA REKAMAN;PERCETAKAN;0;-;-;2023
3442;15;JAMBI;1571;157109;1571091003;-;PUTRA PURBA;PO;16101;KAYU;INDUSTRI KAYU, BARANG ANYAMAN DARI BAMBU, ROTAN DAN SEJENISNYA;BANGSAL KAYU;306000;M3;-;2023
3443;15;JAMBI;1571;157109;0;-;SYAHRIL FATMAN;PO;16101;KAYU;INDUSTRI KAYU, BARANG ANYAMAN DARI BAMBU, ROTAN DAN SEJENISNYA;BANGSAL;306000;M3;-;2023
3444;15;JAMBI;1571;157110;1571101004;-;SUPOYO;PO;16101;KAYU;INDUSTRI KAYU, BARANG ANYAMAN DARI BAMBU, ROTAN DAN SEJENISNYA;BANGSAL KAYU;306000;M3;-;2023
3445;15;JAMBI;1571;157110;1571101004;-;MUSLIMIN;PO;16101;KAYU;INDUSTRI KAYU, BARANG ANYAMAN DARI BAMBU, ROTAN DAN SEJENISNYA;BANGSAL KAYU;306000;M3;-;2023
3446;15;JAMBI;1571;157110;1571101004;-;MAHDI;PO;16101;KAYU;INDUSTRI KAYU, BARANG ANYAMAN DARI BAMBU, ROTAN DAN SEJENISNYA;BANGSAL KAYU;306000;M3;-;2023
3447;15;JAMBI;1571;157110;1571101003;-;DATUK;PO;16101;KAYU;INDUSTRI KAYU, BARANG ANYAMAN DARI BAMBU, ROTAN DAN SEJENISNYA;BANGSAL KAYU;306000;M3;-;2023
3448;15;JAMBI;1571;157110;1571101003;-;YULIANDI;PO;16101;KAYU;INDUSTRI KAYU, BARANG ANYAMAN DARI BAMBU, ROTAN DAN SEJENISNYA;BANGSAL KAYU;306000;M3;-;2023
3449;15;JAMBI;1571;157106;0;KAHWA JAYA;KMS A WAHAB;CV;16101;KAYU;INDUSTRI KAYU, BARANG ANYAMAN DARI BAMBU, ROTAN DAN SEJENISNYA;PENGGERGAJIAN KAYU;1515000;M3;-;2023
3450;15;JAMBI;1571;157106;0;HASAN JALAL;H HASAN JALAL;CV;16101;KAYU;INDUSTRI KAYU, BARANG ANYAMAN DARI BAMBU, ROTAN DAN SEJENISNYA;PENGGERGAJIAN KAYU;489500;M3;-;2023
3451;15;JAMBI;1571;157106;0;ANANG FAHMI JAYA;ABDUL ROZAK;PT;16101;KAYU;INDUSTRI KAYU, BARANG ANYAMAN DARI BAMBU, ROTAN DAN SEJENISNYA;PENGGERGAJIAN KAYU;612500;M3;-;2023
3452;15;JAMBI;1571;157106;0;AHMAD RIVAI;AHMAD RIVAI;FIRMA;16101;KAYU;INDUSTRI KAYU, BARANG ANYAMAN DARI BAMBU, ROTAN DAN SEJENISNYA;PENGGERGAJIAN KAYU;428500;M3;-;2023
3453;15;JAMBI;1571;157106;0;INDRA;ARBAIN;PO;16101;KAYU;INDUSTRI KAYU, BARANG ANYAMAN DARI BAMBU, ROTAN DAN SEJENISNYA;PENGGERGAJIAN KAYU;433500;M3;-;2023
3454;15;JAMBI;1571;157106;0;CONTA DORA;ZIKWAN EFFENDI HS;PO;16101;KAYU;INDUSTRI KAYU, BARANG ANYAMAN DARI BAMBU, ROTAN DAN SEJENISNYA;PENGGERGAJIAN KAYU;360500;M3;-;2023
3455;15;JAMBI;1571;157106;0;SAUDARA JAYA;RMH ZAINI;CV;16101;KAYU;INDUSTRI KAYU, BARANG ANYAMAN DARI BAMBU, ROTAN DAN SEJENISNYA;PENGGERGAJIAN KAYU;1222000;M3;-;2023
3456;15;JAMBI;1571;157106;0;THAIB;RM THAIB;CV;16101;KAYU;INDUSTRI KAYU, BARANG ANYAMAN DARI BAMBU, ROTAN DAN SEJENISNYA;PENGGERGAJIAN KAYU;826500;M3;-;2023
3457;15;JAMBI;1571;157106;0;TRI TUNGGAL;ANISAH;CV;16101;KAYU;INDUSTRI KAYU, BARANG ANYAMAN DARI BAMBU, ROTAN DAN SEJENISNYA;PENGGERGAJIAN KAYU;826500;M3;-;2023
3458;15;JAMBI;1571;157106;0;JAMBI PUTRA SEKO;KMS BUCHARI KARIM;CV;16101;KAYU;INDUSTRI KAYU, BARANG ANYAMAN DARI BAMBU, ROTAN DAN SEJENISNYA;PENGGERGAJIAN KAYU;926500;M3;-;2023
3459;15;JAMBI;1571;157106;0;SALEH USMAN;H RD SALEH USMAN;CV;16101;KAYU;INDUSTRI KAYU, BARANG ANYAMAN DARI BAMBU, ROTAN DAN SEJENISNYA;PENGGERGAJIAN KAYU;306000;M3;-;2023
3460;15;JAMBI;1571;157106;1571061001;-;JUARIYAH;PO;16101;KAYU;INDUSTRI KAYU, BARANG ANYAMAN DARI BAMBU, ROTAN DAN SEJENISNYA;SAWMILL KAYU OLAHAN;306000;M3;-;2023
3461;15;JAMBI;1571;157106;1571061001;-;HJ.NURIYAH;PO;16101;KAYU;INDUSTRI KAYU, BARANG ANYAMAN DARI BAMBU, ROTAN DAN SEJENISNYA;SAWMILL KAYU OLAHAN;306000;M3;-;2023
3462;15;JAMBI;1571;157106;1571061001;-;TAUFIQURRAHMAN;PO;16101;KAYU;INDUSTRI KAYU, BARANG ANYAMAN DARI BAMBU, ROTAN DAN SEJENISNYA;SAWMILL KAYU OLAHAN;306000;M3;-;2023
3463;15;JAMBI;1571;157106;1571061001;-;ARFAN HR;PO;16101;KAYU;INDUSTRI KAYU, BARANG ANYAMAN DARI BAMBU, ROTAN DAN SEJENISNYA;SAWMILL KAYU OLAHAN;306000;M3;-;2023
3464;15;JAMBI;1571;157106;1571061001;-;H.ZIKWAN HS;PO;16101;KAYU;INDUSTRI KAYU, BARANG ANYAMAN DARI BAMBU, ROTAN DAN SEJENISNYA;SAWMILL KAYU OLAHAN;306000;M3;-;2023
3465;15;JAMBI;1571;157106;1571061001;-;RD H.SALEH;PO;16101;KAYU;INDUSTRI KAYU, BARANG ANYAMAN DARI BAMBU, ROTAN DAN SEJENISNYA;SAWMILL KAYU OLAHAN;306000;M3;-;2023
3466;15;JAMBI;1571;157106;1571061001;-;A.ROZAK;PO;16101;KAYU;INDUSTRI KAYU, BARANG ANYAMAN DARI BAMBU, ROTAN DAN SEJENISNYA;SAWMILL KAYU OLAHAN;306000;M3;-;2023
3467;15;JAMBI;1571;157106;1571061001;-;H.ANWAR ARBAIN;PO;16101;KAYU;INDUSTRI KAYU, BARANG ANYAMAN DARI BAMBU, ROTAN DAN SEJENISNYA;SAWMILL KAYU OLAHAN;306000;M3;-;2023
3468;15;JAMBI;1571;157106;1571061001;-;M.FAUZI;PO;16101;KAYU;INDUSTRI KAYU, BARANG ANYAMAN DARI BAMBU, ROTAN DAN SEJENISNYA;SAWMILL KAYU OLAHAN;306000;M3;-;2023
3469;15;JAMBI;1571;157106;1571061001;-;AZMI;PO;16101;KAYU;INDUSTRI KAYU, BARANG ANYAMAN DARI BAMBU, ROTAN DAN SEJENISNYA;SAWMILL KAYU OLAHAN;306000;M3;-;2023
3470;15;JAMBI;1571;157106;1571061001;-;H.M.HASAN;PO;16101;KAYU;INDUSTRI KAYU, BARANG ANYAMAN DARI BAMBU, ROTAN DAN SEJENISNYA;SAWMILL KAYU OLAHAN;306000;M3;-;2023
3471;15;JAMBI;1571;157106;1571061005;-;H. A. KADIR;PO;16101;KAYU;INDUSTRI KAYU, BARANG ANYAMAN DARI BAMBU, ROTAN DAN SEJENISNYA;BANGSAL KAYU;306000;M3;-;2023
3472;15;JAMBI;1571;157106;1571061005;-;H. M. SYUKRI;PO;16101;KAYU;INDUSTRI KAYU, BARANG ANYAMAN DARI BAMBU, ROTAN DAN SEJENISNYA;BANGSAL KAYU;306000;M3;-;2023
3473;15;JAMBI;1571;157106;1571061005;-;H. HUSNI;PO;16101;KAYU;INDUSTRI KAYU, BARANG ANYAMAN DARI BAMBU, ROTAN DAN SEJENISNYA;BANGSAL KAYU;306000;M3;-;2023
3474;15;JAMBI;1571;157111;1571111003;-;A. SUPRIYANTO;PO;16101;KAYU;INDUSTRI KAYU, BARANG ANYAMAN DARI BAMBU, ROTAN DAN SEJENISNYA;BANGSAL KAYU;306000;M3;-;2023
3475;15;JAMBI;1571;157111;1571111003;-;H. ROZI;PO;16101;KAYU;INDUSTRI KAYU, BARANG ANYAMAN DARI BAMBU, ROTAN DAN SEJENISNYA;BANGSAL KAYU;306000;M3;-;2023
3476;15;JAMBI;1571;157111;1571111003;-;ILYAS;PO;16101;KAYU;INDUSTRI KAYU, BARANG ANYAMAN DARI BAMBU, ROTAN DAN SEJENISNYA;BANGSAL KAYU;306000;M3;-;2023
3477;15;JAMBI;1571;157111;1571111003;-;MISILAN;PO;16101;KAYU;INDUSTRI KAYU, BARANG ANYAMAN DARI BAMBU, ROTAN DAN SEJENISNYA;BANGSAL KAYU;306000;M3;-;2023
3478;15;JAMBI;1571;157111;1571111003;-;MUSTAPA;PO;16101;KAYU;INDUSTRI KAYU, BARANG ANYAMAN DARI BAMBU, ROTAN DAN SEJENISNYA;BANGSAL KAYU;306000;M3;-;2023
3479;15;JAMBI;1571;157111;1571111003;-;NUH;PO;16101;KAYU;INDUSTRI KAYU, BARANG ANYAMAN DARI BAMBU, ROTAN DAN SEJENISNYA;BANGSAL KAYU;306000;M3;-;2023
3480;15;JAMBI;1571;157111;1571111003;-;AMBOK;PO;16101;KAYU;INDUSTRI KAYU, BARANG ANYAMAN DARI BAMBU, ROTAN DAN SEJENISNYA;BANGSAL KAYU;306000;M3;-;2023
3481;15;JAMBI;1571;157111;1571111003;-;NUNGIK;PO;16101;KAYU;INDUSTRI KAYU, BARANG ANYAMAN DARI BAMBU, ROTAN DAN SEJENISNYA;BANGSAL KAYU;306000;M3;-;2023
3482;15;JAMBI;1571;157111;1571111003;-;SAPARI;PO;16101;KAYU;INDUSTRI KAYU, BARANG ANYAMAN DARI BAMBU, ROTAN DAN SEJENISNYA;BANGSAL KAYU;306000;M3;-;2023
3483;15;JAMBI;1571;157111;1571111003;-;MANDA;PO;16101;KAYU;INDUSTRI KAYU, BARANG ANYAMAN DARI BAMBU, ROTAN DAN SEJENISNYA;BANGSAL KAYU;306000;M3;-;2023
3484;15;JAMBI;1571;157111;1571111004;-;ZAINI;PO;16101;KAYU;INDUSTRI KAYU, BARANG ANYAMAN DARI BAMBU, ROTAN DAN SEJENISNYA;BANGSAL KAYU;306000;M3;-;2023
3485;15;JAMBI;1571;157102;1571021006;IMRAN;IMRAN;PO;16101;KAYU;INDUSTRI KAYU, BARANG ANYAMAN DARI BAMBU, ROTAN DAN SEJENISNYA;BANGSAL KAYU;306000;M3;-;2023
3486;15;JAMBI;1571;157102;1508131001;-;LASIMUN;PO;16101;KAYU;INDUSTRI KAYU, BARANG ANYAMAN DARI BAMBU, ROTAN DAN SEJENISNYA;BANGSAL KAYU;306000;M3;-;2023
3487;15;JAMBI;1571;157102;1571021004;-;EVI EFRIANDI;PO;16101;KAYU;INDUSTRI KAYU, BARANG ANYAMAN DARI BAMBU, ROTAN DAN SEJENISNYA;BANGSAL KAYU;306000;M3;-;2023
3488;15;JAMBI;1571;157102;1571021004;-;JAHIR;PO;16101;KAYU;INDUSTRI KAYU, BARANG ANYAMAN DARI BAMBU, ROTAN DAN SEJENISNYA;BANGSAL KAYU;306000;M3;-;2023
3489;15;JAMBI;1571;157102;1571021004;-;M. GHOFAR;PO;16101;KAYU;INDUSTRI KAYU, BARANG ANYAMAN DARI BAMBU, ROTAN DAN SEJENISNYA;BANGSAL KAYU;306000;M3;-;2023
3490;15;JAMBI;1571;157102;1571021004;MITRA BERSATU;TEDI SUMEDI HAMIJAYA;PO;16101;KAYU;INDUSTRI KAYU, BARANG ANYAMAN DARI BAMBU, ROTAN DAN SEJENISNYA;BANGSAL KAYU;306000;M3;-;2023
3491;15;JAMBI;1571;157102;1571021004;-;-;PO;16101;KAYU;INDUSTRI KAYU, BARANG ANYAMAN DARI BAMBU, ROTAN DAN SEJENISNYA;BANGSAL KAYU;306000;M3;-;2023
3492;15;JAMBI;1571;157111;1571111001;KARYA MANDIRI;MULYONO;PO;16101;KAYU;INDUSTRI KAYU, BARANG ANYAMAN DARI BAMBU, ROTAN DAN SEJENISNYA;KAYU BANGUNAN;306000;M3;-;2023
3493;15;JAMBI;1571;157102;1571021005;-;M. ALHI THAIM;PO;16101;KAYU;INDUSTRI KAYU, BARANG ANYAMAN DARI BAMBU, ROTAN DAN SEJENISNYA;KAYU OLAHAN;306000;M3;-;2023
3494;15;JAMBI;1571;157103;1571031010;-;AGUS HERMANTO;PO;16101;KAYU;INDUSTRI KAYU, BARANG ANYAMAN DARI BAMBU, ROTAN DAN SEJENISNYA;BANGSAL KAYU;306000;M3;-;2023
3495;15;JAMBI;1571;-;1571031003;TPM RENDY;UDIK;PO;16101;KAYU;INDUSTRI KAYU, BARANG ANYAMAN DARI BAMBU, ROTAN DAN SEJENISNYA;BANGSAL KAYU;306000;M3;-;2023
3496;15;JAMBI;1571;-;1571031003;-;ROVITA LUBIS;PO;16101;KAYU;INDUSTRI KAYU, BARANG ANYAMAN DARI BAMBU, ROTAN DAN SEJENISNYA;BANGSAL KAYU;306000;M3;-;2023
3497;15;JAMBI;1571;157108;0;BANGSAL KAYU REZKI 77;ISWANDI;PO;16101;KAYU;INDUSTRI KAYU, BARANG ANYAMAN DARI BAMBU, ROTAN DAN SEJENISNYA;BANGSAL KAYU;306000;M3;-;2023
3498;15;JAMBI;1571;157108;0;-;ISMAIL AMIR;PO;16101;KAYU;INDUSTRI KAYU, BARANG ANYAMAN DARI BAMBU, ROTAN DAN SEJENISNYA;BANGSAL KAYU;306000;M3;-;2023
3499;15;JAMBI;1571;157107;1571071002;-;SURIP;PO;16101;KAYU;INDUSTRI KAYU, BARANG ANYAMAN DARI BAMBU, ROTAN DAN SEJENISNYA;BANGSAL KAYU;306000;M3;-;2023
3500;15;JAMBI;1571;157107;1571071002;-;SIJON;PO;16101;KAYU;INDUSTRI KAYU, BARANG ANYAMAN DARI BAMBU, ROTAN DAN SEJENISNYA;BANGSAL KAYU;306000;M3;-;2023
3501;15;JAMBI;1571;157107;1571071002;-;SISMAN;PO;16101;KAYU;INDUSTRI KAYU, BARANG ANYAMAN DARI BAMBU, ROTAN DAN SEJENISNYA;BANGSAL KAYU;306000;M3;-;2023
3502;15;JAMBI;1571;157107;1571071002;-;UDIN;PO;16101;KAYU;INDUSTRI KAYU, BARANG ANYAMAN DARI BAMBU, ROTAN DAN SEJENISNYA;BANGSAL KAYU;306000;M3;-;2023
3503;15;JAMBI;1571;157107;1571071002;-;KUSNO;PO;16101;KAYU;INDUSTRI KAYU, BARANG ANYAMAN DARI BAMBU, ROTAN DAN SEJENISNYA;BANGSAL KAYU;306000;M3;-;2023
3504;15;JAMBI;1571;157107;1571071002;-;MUKLIS;PO;16101;KAYU;INDUSTRI KAYU, BARANG ANYAMAN DARI BAMBU, ROTAN DAN SEJENISNYA;BANGSAL KAYU;306000;M3;-;2023
3505;15;JAMBI;1571;157107;1571071004;-;KHAIRUDI;PO;16101;KAYU;INDUSTRI KAYU, BARANG ANYAMAN DARI BAMBU, ROTAN DAN SEJENISNYA;BANGSAL;306000;M3;-;2023
3506;15;JAMBI;1571;157107;1571071006;-;RIZAL;PO;16101;KAYU;INDUSTRI KAYU, BARANG ANYAMAN DARI BAMBU, ROTAN DAN SEJENISNYA;BANGSAL;306000;M3;-;2023
3507;15;JAMBI;1571;157107;1571081006;HABBAS INDO CORP;SUDIRMAN;PO;16101;KAYU;INDUSTRI KAYU, BARANG ANYAMAN DARI BAMBU, ROTAN DAN SEJENISNYA;PERAJIN KAYU;54000;BH;-;2023
3508;15;JAMBI;1571;157101;1571081006;MATAHARI;RH USMAN;PO;16101;KAYU;INDUSTRI KAYU, BARANG ANYAMAN DARI BAMBU, ROTAN DAN SEJENISNYA;PENGGERGAJIAN KAYU;306000;M3;-;2023
3509;15;JAMBI;1571;157101;1571011004;HIDAYAH MURNI;RM YUSUF;PO;16101;KAYU;INDUSTRI KAYU, BARANG ANYAMAN DARI BAMBU, ROTAN DAN SEJENISNYA;PENGGERGAJIAN KAYU;306000;M3;-;2023
3510;15;JAMBI;1571;157101;1571011011;HARAPAN BARU;TUGIAT. R;PO;16101;KAYU;INDUSTRI KAYU, BARANG ANYAMAN DARI BAMBU, ROTAN DAN SEJENISNYA;KAYU;306000;M3;-;2023
3511;15;JAMBI;1571;157101;1571011011;UD. SINAR JAYA;ABUN;PO;16101;KAYU;INDUSTRI KAYU, BARANG ANYAMAN DARI BAMBU, ROTAN DAN SEJENISNYA;KAYU;306000;M3;-;2023
3512;15;JAMBI;1571;157101;1571011011;-;JACK. S;PO;16101;KAYU;INDUSTRI KAYU, BARANG ANYAMAN DARI BAMBU, ROTAN DAN SEJENISNYA;BANGSAL KAYU;306000;M3;-;2023
3513;15;JAMBI;1571;157101;1571101004;-;MUSLIMIN;PO;16101;KAYU;INDUSTRI KAYU, BARANG ANYAMAN DARI BAMBU, ROTAN DAN SEJENISNYA;BANGSAL KAYU;306000;M3;-;2023
3514;15;JAMBI;1571;157101;1571011004;JAMBI SAWMIL;ALEX WIJAYA;PO;16101;KAYU;INDUSTRI KAYU, BARANG ANYAMAN DARI BAMBU, ROTAN DAN SEJENISNYA;PERAJIN KAYU;54000;BH;-;2023
3515;15;JAMBI;1571;157101;1571011004;AMAN SAWMIL;SYAMAN;PO;16101;KAYU;INDUSTRI KAYU, BARANG ANYAMAN DARI BAMBU, ROTAN DAN SEJENISNYA;PERAJIN KAYU;54000;BH;-;2023
3516;15;JAMBI;1571;157105;1571051005;-;LUKMAN HASAN;PO;16101;KAYU;INDUSTRI KAYU, BARANG ANYAMAN DARI BAMBU, ROTAN DAN SEJENISNYA;PENGRAJIN NISAN;0;-;-;2023
3517;15;JAMBI;1571;157102;0;ROTAN KARYA INDAH;SUSILO WONGTOMO;FIRMA;16103;ROTAN;INDUSTRI KAYU, BARANG ANYAMAN DARI BAMBU, ROTAN DAN SEJENISNYA;PERABOT ROTAN;54000;BH;-;2023
3518;15;JAMBI;1571;157103;0;UTAMA JAMBI RAYA;KASIM;PT;16103;ROTAN;INDUSTRI KAYU, BARANG ANYAMAN DARI BAMBU, ROTAN DAN SEJENISNYA;PERABOT ROTAN;54000;BH;-;2023
3519;15;JAMBI;1571;157103;0;SIAGA MANDIRI LESTARI;KAMIL HANAFI;PT;16103;ROTAN;INDUSTRI KAYU, BARANG ANYAMAN DARI BAMBU, ROTAN DAN SEJENISNYA;PERABOT ROTAN;54000;BH;-;2023
3520;15;JAMBI;1571;157103;0;ROTAN MAS;KARSONO TAJUDIN;CV;16103;ROTAN;INDUSTRI KAYU, BARANG ANYAMAN DARI BAMBU, ROTAN DAN SEJENISNYA;PERABOT ROTAN;54000;BH;-;2023
3521;15;JAMBI;1571;157110;1571101002;-;SAMBUDI;PO;16104;ROTAN;INDUSTRI KAYU, BARANG ANYAMAN DARI BAMBU, ROTAN DAN SEJENISNYA;ROTAN;750;UNIT;-;2023
3522;15;JAMBI;1571;157102;0;BENNY BROTHERS;RS HARAHAP;PO;16104;ROTAN;INDUSTRI KAYU, BARANG ANYAMAN DARI BAMBU, ROTAN DAN SEJENISNYA;KERAJINAN ROTAN;1728;BH;-;2023
3523;15;JAMBI;1571;157102;0;USAHA DENY JAYA;R SAYUTI;PO;16104;ROTAN;INDUSTRI KAYU, BARANG ANYAMAN DARI BAMBU, ROTAN DAN SEJENISNYA;KERAJINAN ROTAN;7200;BH;-;2023
3524;15;JAMBI;1571;157103;0;-;WAGIMAN;PO;16104;ROTAN;INDUSTRI KAYU, BARANG ANYAMAN DARI BAMBU, ROTAN DAN SEJENISNYA;ANYAMAN ROTAN;750;UNIT;-;2023
3525;15;JAMBI;1571;157103;0;-;SUPARMAN;PO;16104;ROTAN;INDUSTRI KAYU, BARANG ANYAMAN DARI BAMBU, ROTAN DAN SEJENISNYA;ANYAMAN ROTAN;750;UNIT;-;2023
3526;15;JAMBI;1571;-;1571031001;PERABOT ROTAN;JUNAEDI;PO;16104;ROTAN;INDUSTRI KAYU, BARANG ANYAMAN DARI BAMBU, ROTAN DAN SEJENISNYA;PERABOT RT DARI ROTAN;750;UNIT;-;2023
3527;15;JAMBI;1571;157108;1571081006;PERABOT ELISA;ABDUL HAMID;PO;16104;ROTAN;INDUSTRI KAYU, BARANG ANYAMAN DARI BAMBU, ROTAN DAN SEJENISNYA;PERABOT ROTAN;750;UNIT;-;2023
3528;15;JAMBI;1571;157108;1571081006;KENANGAN INDAH;C SITANGGANG;PO;16104;ROTAN;INDUSTRI KAYU, BARANG ANYAMAN DARI BAMBU, ROTAN DAN SEJENISNYA;KERAJINAN ROTAN;7200;BH;-;2023
3529;15;JAMBI;1571;157108;1571081006;PANCA WARNA;DJAMHUR;CV;16104;ROTAN;INDUSTRI KAYU, BARANG ANYAMAN DARI BAMBU, ROTAN DAN SEJENISNYA;KERAJINAN ROTAN;7200;BH;-;2023
3530;15;JAMBI;1571;157108;1503092004;KETERAMPILAN ROTAN;SARJO;PO;16104;ROTAN;INDUSTRI KAYU, BARANG ANYAMAN DARI BAMBU, ROTAN DAN SEJENISNYA;KERAJINAN ROTAN;7200;BH;-;2023
3531;15;JAMBI;1571;157108;1503092004;-;TUTI HIDAYANTI;PO;16104;ROTAN;INDUSTRI KAYU, BARANG ANYAMAN DARI BAMBU, ROTAN DAN SEJENISNYA;KERAJINAN ROTAN;7200;BH;-;2023
3532;15;JAMBI;1571;157108;1503092004;-;TITI FAUZIAH, SE;PO;16104;ROTAN;INDUSTRI KAYU, BARANG ANYAMAN DARI BAMBU, ROTAN DAN SEJENISNYA;KERAJINAN ROTAN;7200;BH;-;2023
3533;15;JAMBI;1571;157107;1571071001;KURSI ROTAN;MUSTIRA;PO;16104;ROTAN;INDUSTRI KAYU, BARANG ANYAMAN DARI BAMBU, ROTAN DAN SEJENISNYA;KURSI ROTAN;750;UNIT;-;2023
3534;15;JAMBI;1571;157107;1571071004;-;RS. HARAHAP;PO;16104;ROTAN;INDUSTRI KAYU, BARANG ANYAMAN DARI BAMBU, ROTAN DAN SEJENISNYA;FURNITURE ROTAN;750;UNIT;-;2023
3535;15;JAMBI;1571;157105;1571051005;KULWANI;KULWANI;PO;16104;ROTAN;INDUSTRI KAYU, BARANG ANYAMAN DARI BAMBU, ROTAN DAN SEJENISNYA;KERAJINAN ROTAN;7200;BH;-;2023
3536;15;JAMBI;1571;157105;1571051005;TARMIZI;TARMIZI;PO;16104;ROTAN;INDUSTRI KAYU, BARANG ANYAMAN DARI BAMBU, ROTAN DAN SEJENISNYA;KERAJINAN ROTAN;7200;BH;-;2023
3537;15;JAMBI;1571;157105;1571051005;DURATUL;DURATUL;PO;16104;ROTAN;INDUSTRI KAYU, BARANG ANYAMAN DARI BAMBU, ROTAN DAN SEJENISNYA;KERAJINAN ROTAN;7200;BH;-;2023
3538;15;JAMBI;1571;157101;1571011004;PANTAI CERMIN INDAH;SUHAIMI NAWAR;PO;16104;ROTAN;INDUSTRI KAYU, BARANG ANYAMAN DARI BAMBU, ROTAN DAN SEJENISNYA;KERAJINAN ROTAN;7200;BH;-;2023
3539;15;JAMBI;1571;157111;1571111001;ROTAN SURYATI;SURYATI;PO;16104;ROTAN;INDUSTRI KAYU, BARANG ANYAMAN DARI BAMBU, ROTAN DAN SEJENISNYA;KERAJINAN ROTAN;0;-;-;2023
3540;15;JAMBI;1571;157105;1571051002;-;M.YUNUS;PO;16104;ROTAN;INDUSTRI KAYU, BARANG ANYAMAN DARI BAMBU, ROTAN DAN SEJENISNYA;KERAJINAN ROTAN;0;-;-;2023
3541;15;JAMBI;1571;157111;1571111003;USAHA MANDIRI;JAMILAH;PO;16104;-;INDUSTRI KAYU, BARANG ANYAMAN DARI BAMBU, ROTAN DAN SEJENISNYA;TAS RAJUT & VAS BUNGA;0;-;-;2023
3542;15;JAMBI;1571;157109;1571091005;FURNITURE;MARGIUN;PO;16221;KAYU;INDUSTRI KAYU, BARANG ANYAMAN DARI BAMBU, ROTAN DAN SEJENISNYA;PERABOT;10;STEL;-;2023
3543;15;JAMBI;1571;157109;1571091005;KAYU JATI;YAYAN K;PO;16221;KAYU;INDUSTRI KAYU, BARANG ANYAMAN DARI BAMBU, ROTAN DAN SEJENISNYA;PERABOT;15;STEL;-;2023
3544;15;JAMBI;1571;157109;1571091005;16 JAYA;PURWANTO;PO;16221;KAYU;INDUSTRI KAYU, BARANG ANYAMAN DARI BAMBU, ROTAN DAN SEJENISNYA;PERABOT;10;STEL;-;2023
3545;15;JAMBI;1571;157109;1571091005;CV TARMAJO;TARJOKO, SPD;PO;16221;KAYU;INDUSTRI KAYU, BARANG ANYAMAN DARI BAMBU, ROTAN DAN SEJENISNYA;PERABOT;10;STEL;-;2023
3546;15;JAMBI;1571;157109;1571091003;UKIRAN KAYU;EDI SUPANTOKO;PO;16221;KAYU;INDUSTRI KAYU, BARANG ANYAMAN DARI BAMBU, ROTAN DAN SEJENISNYA;PERABOT;6;STEL;-;2023
3547;15;JAMBI;1571;157109;1571091003;KONSEN YADI;YADI AMIN;PO;16221;KAYU;INDUSTRI KAYU, BARANG ANYAMAN DARI BAMBU, ROTAN DAN SEJENISNYA;PERABOT;100;M;-;2023
3548;15;JAMBI;1571;157109;1571091003;INDAH JAYA FURNITURE;JAMADI;PO;16221;KAYU;INDUSTRI KAYU, BARANG ANYAMAN DARI BAMBU, ROTAN DAN SEJENISNYA;PERABOT RT DARI KAYU;0;-;-;2023
3549;15;JAMBI;1571;157109;1571091001;KMS FURNITURE;LINA;PO;16221;KAYU;INDUSTRI KAYU, BARANG ANYAMAN DARI BAMBU, ROTAN DAN SEJENISNYA;PERABOT RT DARI KAYU;0;-;-;2023
3550;15;JAMBI;1571;157109;1571091001;USAHA PERABOT;SRI REZEKI;PO;16221;KAYU;INDUSTRI KAYU, BARANG ANYAMAN DARI BAMBU, ROTAN DAN SEJENISNYA;PERABOT RT DARI KAYU;0;-;-;2023
3551;15;JAMBI;1571;157109;1571091001;TRI MULYA;MUHADI;PO;16221;KAYU;INDUSTRI KAYU, BARANG ANYAMAN DARI BAMBU, ROTAN DAN SEJENISNYA;PERABOT RT DARI KAYU;0;-;-;2023
3552;15;JAMBI;1571;157109;1571091003;KONSEN NUR;NUR MUJI;PO;16221;KAYU;INDUSTRI KAYU, BARANG ANYAMAN DARI BAMBU, ROTAN DAN SEJENISNYA;KONSEN PINTU DAN JENDELA;100;M;-;2023
3553;15;JAMBI;1571;157109;1507112005;HAFKINDO;KHOLI;PO;16221;KAYU;INDUSTRI KAYU, BARANG ANYAMAN DARI BAMBU, ROTAN DAN SEJENISNYA;KONSEN PINTU DAN JENDELA;100;M;-;2023
3554;15;JAMBI;1571;157109;1571091004;KONSEN;ISKANDAR;PO;16221;KAYU;INDUSTRI KAYU, BARANG ANYAMAN DARI BAMBU, ROTAN DAN SEJENISNYA;KONSEN PINTU DAN JENDELA;100;M;-;2023
3555;15;JAMBI;1571;157109;1571091004;UKIR;JOKO TOLE;PO;16221;KAYU;INDUSTRI KAYU, BARANG ANYAMAN DARI BAMBU, ROTAN DAN SEJENISNYA;KONSEN PINTU DAN JENDELA;10;STEL;-;2023
3556;15;JAMBI;1571;157109;1571091003;MULIA CENDRAMATA;DARKONI;PO;16221;KAYU;INDUSTRI KAYU, BARANG ANYAMAN DARI BAMBU, ROTAN DAN SEJENISNYA;KONSEN PINTU DAN JENDELA;0;-;-;2023
3557;15;JAMBI;1571;157109;1571091003;SAUDARA 1;DARMADI;PO;16221;KAYU;INDUSTRI KAYU, BARANG ANYAMAN DARI BAMBU, ROTAN DAN SEJENISNYA;KONSEN PINTU DAN JENDELA;0;-;-;2023
3558;15;JAMBI;1571;157109;1571091004;JASA MULYA;FIRLY;PO;16221;KAYU;INDUSTRI KAYU, BARANG ANYAMAN DARI BAMBU, ROTAN DAN SEJENISNYA;KONSEN PINTU DAN JENDELA;0;-;-;2023
3559;15;JAMBI;1571;157109;1571091001;RIMBA BERKAH;M. SANI;PO;16221;KAYU;INDUSTRI KAYU, BARANG ANYAMAN DARI BAMBU, ROTAN DAN SEJENISNYA;KONSEN PINTU DAN JENDELA;0;-;-;2023
3560;15;JAMBI;1571;157109;1571091004;BAGUS JAYA;MUH. RIKO;PO;16221;KAYU;INDUSTRI KAYU, BARANG ANYAMAN DARI BAMBU, ROTAN DAN SEJENISNYA;KONSEN PINTU DAN JENDELA;0;-;-;2023
3561;15;JAMBI;1571;157109;1571091001;SINAR SURYA;SURYANTO;PO;16221;KAYU;INDUSTRI KAYU, BARANG ANYAMAN DARI BAMBU, ROTAN DAN SEJENISNYA;KONSEN PINTU DAN JENDELA;0;-;-;2023
3562;15;JAMBI;1571;157110;1571101003;SRI UTAMI PERABOT;ASNAWI;PO;16221;KAYU;INDUSTRI KAYU, BARANG ANYAMAN DARI BAMBU, ROTAN DAN SEJENISNYA;PERABOT RT DARI KAYU;0;-;-;2023
3563;15;JAMBI;1571;157110;1571101003;YUSIDA;H. FAJRI;PO;16221;KAYU;INDUSTRI KAYU, BARANG ANYAMAN DARI BAMBU, ROTAN DAN SEJENISNYA;MEUBEL;0;-;-;2023
3564;15;JAMBI;1571;157110;1571101002;CIKINDO;CIKINDO;PO;16221;KAYU;INDUSTRI KAYU, BARANG ANYAMAN DARI BAMBU, ROTAN DAN SEJENISNYA;MEUBEL;7200;BH;-;2023
3565;15;JAMBI;1571;157110;1571101002;AHMAD;AHMAD;PO;16221;KAYU;INDUSTRI KAYU, BARANG ANYAMAN DARI BAMBU, ROTAN DAN SEJENISNYA;MEUBEL;7200;BH;-;2023
3566;15;JAMBI;1571;157110;1571101002;MUSTANTAR;MUSTANTAR;PO;16221;KAYU;INDUSTRI KAYU, BARANG ANYAMAN DARI BAMBU, ROTAN DAN SEJENISNYA;MEUBEL;7200;BH;-;2023
3567;15;JAMBI;1571;157110;1571101002;A. QUAN;A. QUAN;PO;16221;KAYU;INDUSTRI KAYU, BARANG ANYAMAN DARI BAMBU, ROTAN DAN SEJENISNYA;MEUBEL;7200;BH;-;2023
3568;15;JAMBI;1571;157110;1571101004;ROSMAWATI;ROSMAWATI;PO;16221;KAYU;INDUSTRI KAYU, BARANG ANYAMAN DARI BAMBU, ROTAN DAN SEJENISNYA;MEUBEL;7200;BH;-;2023
3569;15;JAMBI;1571;157106;1571011004;JAMBI PUTRA JAYA;HARUN A RAHMAN;CV;16221;KAYU;INDUSTRI KAYU, BARANG ANYAMAN DARI BAMBU, ROTAN DAN SEJENISNYA;MOULDING & KOMP.BH BNG KAYU;3600;M3;-;2023
3570;15;JAMBI;1571;157106;1504062009;MEUBEL KIKI;ASNAWI;PO;16221;KAYU;INDUSTRI KAYU, BARANG ANYAMAN DARI BAMBU, ROTAN DAN SEJENISNYA;MEUBEL;0;-;-;2023
3571;15;JAMBI;1571;157106;1571061001;MEUBEL AAN;MIZAN;PO;16221;KAYU;INDUSTRI KAYU, BARANG ANYAMAN DARI BAMBU, ROTAN DAN SEJENISNYA;MEUBEL;0;-;-;2023
3572;15;JAMBI;1571;157106;1503022014;ALEK PERABOT;RUSLI;PO;16221;KAYU;INDUSTRI KAYU, BARANG ANYAMAN DARI BAMBU, ROTAN DAN SEJENISNYA;MEUBEL;0;-;-;2023
3573;15;JAMBI;1571;157106;1503022014;-;RADEN SYAIFUDIN;PO;16221;KAYU;INDUSTRI KAYU, BARANG ANYAMAN DARI BAMBU, ROTAN DAN SEJENISNYA;MEUBEL;0;-;-;2023
3574;15;JAMBI;1571;157106;1503022014;-;BUJANG RASIMA;PO;16221;KAYU;INDUSTRI KAYU, BARANG ANYAMAN DARI BAMBU, ROTAN DAN SEJENISNYA;KONSEN PINTU DAN JENDELA;0;-;-;2023
3575;15;JAMBI;1571;157106;1503022014;-;ATOK;PO;16221;KAYU;INDUSTRI KAYU, BARANG ANYAMAN DARI BAMBU, ROTAN DAN SEJENISNYA;KONSEN PINTU DAN JENDELA;0;-;-;2023
3576;15;JAMBI;1571;157106;1503022014;-;RADEN SYAFRIL;PO;16221;KAYU;INDUSTRI KAYU, BARANG ANYAMAN DARI BAMBU, ROTAN DAN SEJENISNYA;KONSEN PINTU DAN JENDELA;0;-;-;2023
3577;15;JAMBI;1571;-;1571061005;JUMADI;JUMADI;PO;16221;KAYU;INDUSTRI KAYU, BARANG ANYAMAN DARI BAMBU, ROTAN DAN SEJENISNYA;MEUBEL;7200;BH;-;2023
3578;15;JAMBI;1571;157102;0;PUTRA RATU DAHA;RUSLAN TB;PT;16221;KAYU;INDUSTRI KAYU, BARANG ANYAMAN DARI BAMBU, ROTAN DAN SEJENISNYA;MOULDING & KOMP BH BNG KAYU;1200;M3;-;2023
3579;15;JAMBI;1571;157102;0;JASUTA TIMBER;WAHAB;PO;16221;KAYU;INDUSTRI KAYU, BARANG ANYAMAN DARI BAMBU, ROTAN DAN SEJENISNYA;MOULDING & KOMP BH BNG KAYU;6300;M3;-;2023
3580;15;JAMBI;1571;157102;0;BHAKTI JAYA;ABDUL HALIM;PO;16221;KAYU;INDUSTRI KAYU, BARANG ANYAMAN DARI BAMBU, ROTAN DAN SEJENISNYA;MOULDING & KOMP BH BNG KAYU;4000;M3;-;2023
3581;15;JAMBI;1571;157102;0;MEKAR SARI;ZAINUDIN UMAR;PO;16221;KAYU;INDUSTRI KAYU, BARANG ANYAMAN DARI BAMBU, ROTAN DAN SEJENISNYA;MOULDING & KOMP.BH BNG KAYU;313;M3;-;2023
3582;15;JAMBI;1571;157102;0;NETRAL JASA;LILIN CHRITIAN;PO;16221;KAYU;INDUSTRI KAYU, BARANG ANYAMAN DARI BAMBU, ROTAN DAN SEJENISNYA;MOULDING & KOMP.BH BNG KAYU;600;M3;-;2023
3583;15;JAMBI;1571;157102;0;INTI SUBUR;CHANDRA KIRANA;CV;16221;KAYU;INDUSTRI KAYU, BARANG ANYAMAN DARI BAMBU, ROTAN DAN SEJENISNYA;MOULDING & KOMP.BH BNG KAYU;600;M3;-;2023
3584;15;JAMBI;1571;157102;0;MADU PUTRA;HUSNIAR;PO;16221;KAYU;INDUSTRI KAYU, BARANG ANYAMAN DARI BAMBU, ROTAN DAN SEJENISNYA;MOULDING & KOMP.BH BNG KAYU;1200;M3;-;2023
3585;15;JAMBI;1571;157102;0;RAHARJO;MUHARJO;PO;16221;KAYU;INDUSTRI KAYU, BARANG ANYAMAN DARI BAMBU, ROTAN DAN SEJENISNYA;MOULDING & KOMP.BH BNG KAYU;8000;M3;-;2023
3586;15;JAMBI;1571;157102;0;RISMADANI;MURDANI;PO;16221;KAYU;INDUSTRI KAYU, BARANG ANYAMAN DARI BAMBU, ROTAN DAN SEJENISNYA;MOULDING & KOMP.BH BNG KAYU;6000;M3;-;2023
3587;15;JAMBI;1571;157102;0;KARINDO MITRA ABADI;HERRY HARTANTO;PT;16221;KAYU;INDUSTRI KAYU, BARANG ANYAMAN DARI BAMBU, ROTAN DAN SEJENISNYA;MOULDING & KOMP.BH BNG KAYU;3500;M3;-;2023
3588;15;JAMBI;1571;157102;0;MUHAMAD;SYAMSUDIN;PO;16221;KAYU;INDUSTRI KAYU, BARANG ANYAMAN DARI BAMBU, ROTAN DAN SEJENISNYA;PERABOTAN KAYU;120;UNIT;-;2023
3589;15;JAMBI;1571;157102;0;METRO FURNITURE;GUSWANTO;PO;16221;KAYU;INDUSTRI KAYU, BARANG ANYAMAN DARI BAMBU, ROTAN DAN SEJENISNYA;PERABOTAN KAYU;960;UNIT;-;2023
3590;15;JAMBI;1571;157102;0;MULIA;PRAYITNO;PO;16221;KAYU;INDUSTRI KAYU, BARANG ANYAMAN DARI BAMBU, ROTAN DAN SEJENISNYA;PERABOTAN KAYU;144;UNIT;-;2023
3591;15;JAMBI;1571;157102;0;SINAR PELANGI;YOHANES;PO;16221;KAYU;INDUSTRI KAYU, BARANG ANYAMAN DARI BAMBU, ROTAN DAN SEJENISNYA;PERABOTAN KAYU;240;UNIT;-;2023
3592;15;JAMBI;1571;157102;0;JAMBI INDAH;ZOEL BACHRI;PO;16221;KAYU;INDUSTRI KAYU, BARANG ANYAMAN DARI BAMBU, ROTAN DAN SEJENISNYA;PERABOTAN KAYU;360;UNIT;-;2023
3593;15;JAMBI;1571;157102;1571021004;PERABOT RUMAH TANGGA;FATMAWATI;PO;16221;KAYU;INDUSTRI KAYU, BARANG ANYAMAN DARI BAMBU, ROTAN DAN SEJENISNYA;PERABOT RT DARI KAYU;420;BUAH;-;2023
3594;15;JAMBI;1571;157102;1571021004;MEUBLE KING SOFA;JUSRON;PO;16221;KAYU;INDUSTRI KAYU, BARANG ANYAMAN DARI BAMBU, ROTAN DAN SEJENISNYA;PERABOT RT DARI KAYU;350;STEL;-;2023
3595;15;JAMBI;1571;-;0;SURTINI FURNITURE;MURHADI UMAR;PO;16221;KAYU;INDUSTRI KAYU, BARANG ANYAMAN DARI BAMBU, ROTAN DAN SEJENISNYA;MEUBEL;0;-;-;2023
3596;15;JAMBI;1571;-;1571021004;ALLIF PERABOT;SULASTRI;PO;16221;KAYU;INDUSTRI KAYU, BARANG ANYAMAN DARI BAMBU, ROTAN DAN SEJENISNYA;MEUBEL;0;-;-;2023
3597;15;JAMBI;1571;-;1571021003;SURTIWI PENDAWA;H. UMAR;PO;16221;KAYU;INDUSTRI KAYU, BARANG ANYAMAN DARI BAMBU, ROTAN DAN SEJENISNYA;MEUBEL;10;-;-;2023
3598;15;JAMBI;1571;-;1571021003;TOKO PERABOT MAYA SARI;ITA;PO;16221;KAYU;INDUSTRI KAYU, BARANG ANYAMAN DARI BAMBU, ROTAN DAN SEJENISNYA;MEUBEL;10;-;-;2023
3599;15;JAMBI;1571;-;1571021003;TOKO PERABOT;KASYADI;PO;16221;KAYU;INDUSTRI KAYU, BARANG ANYAMAN DARI BAMBU, ROTAN DAN SEJENISNYA;MEUBEL;2;-;-;2023
3600;15;JAMBI;1571;-;1571021003;TOKO PERABOT SRI;SRI FATMAWATI;PO;16221;KAYU;INDUSTRI KAYU, BARANG ANYAMAN DARI BAMBU, ROTAN DAN SEJENISNYA;MEUBEL;7;-;-;2023
3601;15;JAMBI;1571;-;1571021003;TOKO PERABOT DAMAI;TONY;PO;16221;KAYU;INDUSTRI KAYU, BARANG ANYAMAN DARI BAMBU, ROTAN DAN SEJENISNYA;MEUBEL;15;-;-;2023
3602;15;JAMBI;1571;-;1571021003;TIRTA KENCANA;WAGITO;PO;16221;KAYU;INDUSTRI KAYU, BARANG ANYAMAN DARI BAMBU, ROTAN DAN SEJENISNYA;MEUBEL;5;-;-;2023
3603;15;JAMBI;1571;157111;1571111001;KARTINI FURNITURE;MANSUR;PO;16221;KAYU;INDUSTRI KAYU, BARANG ANYAMAN DARI BAMBU, ROTAN DAN SEJENISNYA;KONSEN PINTU DAN JENDELA;250;UNIT;-;2023
3604;15;JAMBI;1571;-;1571021004;ANDRE PERABOT;JHONY;PO;16221;KAYU;INDUSTRI KAYU, BARANG ANYAMAN DARI BAMBU, ROTAN DAN SEJENISNYA;KONSEN PINTU DAN JENDELA;0;-;-;2023
3605;15;JAMBI;1571;-;0;LIMA MANDIRI;MAIDI;PO;16221;KAYU;INDUSTRI KAYU, BARANG ANYAMAN DARI BAMBU, ROTAN DAN SEJENISNYA;KONSEN PINTU DAN JENDELA;0;-;-;2023
3606;15;JAMBI;1571;-;0;ASMARA LEGAWA;-;PO;16221;KAYU;INDUSTRI KAYU, BARANG ANYAMAN DARI BAMBU, ROTAN DAN SEJENISNYA;KONSEN PINTU DAN JENDELA;0;-;-;2023
3607;15;JAMBI;1571;157102;0;SINAR CERIA UTAMA;DENI;PT;16221;KAYU;INDUSTRI KAYU, BARANG ANYAMAN DARI BAMBU, ROTAN DAN SEJENISNYA;MEUBEL;1800;BH;-;2023
3608;15;JAMBI;1571;157102;0;HASIL KARYA LIMBAH;SUSANTO WIJAYA;CV;16221;KAYU;INDUSTRI KAYU, BARANG ANYAMAN DARI BAMBU, ROTAN DAN SEJENISNYA;MEUBEL;1440;BH;-;2023
3609;15;JAMBI;1571;157102;0;SAKADIGDAYA MANDIRI;M ZAINUDDIN;PO;16221;KAYU;INDUSTRI KAYU, BARANG ANYAMAN DARI BAMBU, ROTAN DAN SEJENISNYA;MEUBEL;7200;BH;-;2023
3610;15;JAMBI;1571;157102;0;RIMBA KENCANA;A WAHAB;FIRMA;16221;KAYU;INDUSTRI KAYU, BARANG ANYAMAN DARI BAMBU, ROTAN DAN SEJENISNYA;MEUBEL;7200;BH;-;2023
3611;15;JAMBI;1571;157102;0;RUTEX;RUDY WIJAYA;CV;16221;KAYU;INDUSTRI KAYU, BARANG ANYAMAN DARI BAMBU, ROTAN DAN SEJENISNYA;MEUBEL;7200;BH;-;2023
3612;15;JAMBI;1571;157102;0;BUKIT BARISAN;POLTAK NASUTION;CV;16221;KAYU;INDUSTRI KAYU, BARANG ANYAMAN DARI BAMBU, ROTAN DAN SEJENISNYA;MEUBEL;7200;BH;-;2023
3613;15;JAMBI;1571;157102;0;MAHKOTA KENCANA UTAMA;KIMMO;PO;16221;KAYU;INDUSTRI KAYU, BARANG ANYAMAN DARI BAMBU, ROTAN DAN SEJENISNYA;MEUBEL;7200;BH;-;2023
3614;15;JAMBI;1571;157102;0;PASIR PUTIH;ABUN GUNAWAN CHW;PO;16221;KAYU;INDUSTRI KAYU, BARANG ANYAMAN DARI BAMBU, ROTAN DAN SEJENISNYA;MEUBEL;7200;BH;-;2023
3615;15;JAMBI;1571;157102;0;BERDATU PUTRA BUANA;JOHAN KARTOYO;PT;16221;KAYU;INDUSTRI KAYU, BARANG ANYAMAN DARI BAMBU, ROTAN DAN SEJENISNYA;MEUBEL;7200;BH;-;2023
3616;15;JAMBI;1571;157102;1508131001;MONALISA PRABOT;AHMAD FAUZAN;PO;16221;KAYU;INDUSTRI KAYU, BARANG ANYAMAN DARI BAMBU, ROTAN DAN SEJENISNYA;MEUBEL;7200;BH;-;2023
3617;15;JAMBI;1571;157102;1571021004;-;RIA;PO;16221;KAYU;INDUSTRI KAYU, BARANG ANYAMAN DARI BAMBU, ROTAN DAN SEJENISNYA;MEUBEL;7200;BH;-;2023
3618;15;JAMBI;1571;157102;1571021004;-;HJ.ROSMIATI;PO;16221;KAYU;INDUSTRI KAYU, BARANG ANYAMAN DARI BAMBU, ROTAN DAN SEJENISNYA;MEUBEL;7200;BH;-;2023
3619;15;JAMBI;1571;157102;1571021004;-;KAM YADI;PO;16221;KAYU;INDUSTRI KAYU, BARANG ANYAMAN DARI BAMBU, ROTAN DAN SEJENISNYA;MEUBEL;7200;BH;-;2023
3620;15;JAMBI;1571;157102;1571021004;-;UMAR;PO;16221;KAYU;INDUSTRI KAYU, BARANG ANYAMAN DARI BAMBU, ROTAN DAN SEJENISNYA;MEUBEL;7200;BH;-;2023
3621;15;JAMBI;1571;157102;1571021004;-;RONI;PO;16221;KAYU;INDUSTRI KAYU, BARANG ANYAMAN DARI BAMBU, ROTAN DAN SEJENISNYA;MEUBEL;7200;BH;-;2023
3622;15;JAMBI;1571;157102;1571021004;-;IKA;PO;16221;KAYU;INDUSTRI KAYU, BARANG ANYAMAN DARI BAMBU, ROTAN DAN SEJENISNYA;MEUBEL;7200;BH;-;2023
3623;15;JAMBI;1571;157102;1571021004;-;AHMAD NUR SAFRI;PO;16221;KAYU;INDUSTRI KAYU, BARANG ANYAMAN DARI BAMBU, ROTAN DAN SEJENISNYA;MEUBEL;7200;BH;-;2023
3624;15;JAMBI;1571;157111;1571111003;ALI;ALI;PO;16221;KAYU;INDUSTRI KAYU, BARANG ANYAMAN DARI BAMBU, ROTAN DAN SEJENISNYA;MEUBEL;7200;BH;-;2023
3625;15;JAMBI;1571;157111;1571111003;EDY JAYA;EDY JAYA;PO;16221;KAYU;INDUSTRI KAYU, BARANG ANYAMAN DARI BAMBU, ROTAN DAN SEJENISNYA;MEUBEL;7200;BH;-;2023
3626;15;JAMBI;1571;157111;1571111003;KUSNAM;KUSNAM;PO;16221;KAYU;INDUSTRI KAYU, BARANG ANYAMAN DARI BAMBU, ROTAN DAN SEJENISNYA;MEUBEL;7200;BH;-;2023
3627;15;JAMBI;1571;157111;1571111003;PERABOT BAROKAH;TRIYONO;PO;16221;KAYU;INDUSTRI KAYU, BARANG ANYAMAN DARI BAMBU, ROTAN DAN SEJENISNYA;MEUBEL;7200;BH;-;2023
3628;15;JAMBI;1571;157102;1571111003;ZAMZAM;ZAMZAM;PO;16221;KAYU;INDUSTRI KAYU, BARANG ANYAMAN DARI BAMBU, ROTAN DAN SEJENISNYA;MEUBEL;7200;BH;-;2023
3629;15;JAMBI;1571;157102;1571021006;KANSIU;KANSIU;PO;16221;KAYU;INDUSTRI KAYU, BARANG ANYAMAN DARI BAMBU, ROTAN DAN SEJENISNYA;MEUBEL;7200;BH;-;2023
3630;15;JAMBI;1571;157102;1571021006;TAN AN PAW;TAN AN PAW;PO;16221;KAYU;INDUSTRI KAYU, BARANG ANYAMAN DARI BAMBU, ROTAN DAN SEJENISNYA;MEUBEL;7200;BH;-;2023
3631;15;JAMBI;1571;157102;1571021006;WAWAN;WAWAN;PO;16221;KAYU;INDUSTRI KAYU, BARANG ANYAMAN DARI BAMBU, ROTAN DAN SEJENISNYA;MEUBEL;7200;BH;-;2023
3632;15;JAMBI;1571;157102;1571021006;ZAIDAN;ZAIDAN;PO;16221;KAYU;INDUSTRI KAYU, BARANG ANYAMAN DARI BAMBU, ROTAN DAN SEJENISNYA;MEUBEL;7200;BH;-;2023
3633;15;JAMBI;1571;157102;1571021006;ZIDAN;ZIDAN;PO;16221;KAYU;INDUSTRI KAYU, BARANG ANYAMAN DARI BAMBU, ROTAN DAN SEJENISNYA;MEUBEL;7200;BH;-;2023
3634;15;JAMBI;1571;157102;1508131001;HASBI;HASBI;PO;16221;KAYU;INDUSTRI KAYU, BARANG ANYAMAN DARI BAMBU, ROTAN DAN SEJENISNYA;MEUBEL;7200;BH;-;2023
3635;15;JAMBI;1571;157102;1508131001;REGAR;REGAR;PO;16221;KAYU;INDUSTRI KAYU, BARANG ANYAMAN DARI BAMBU, ROTAN DAN SEJENISNYA;MEUBEL;7200;BH;-;2023
3636;15;JAMBI;1571;157102;1508131001;YAYAK;YAYAK;PO;16221;KAYU;INDUSTRI KAYU, BARANG ANYAMAN DARI BAMBU, ROTAN DAN SEJENISNYA;MEUBEL;7200;BH;-;2023
3637;15;JAMBI;1571;157102;1571021004;EDISON SIREGAR;EDISON SIREGAR;PO;16221;KAYU;INDUSTRI KAYU, BARANG ANYAMAN DARI BAMBU, ROTAN DAN SEJENISNYA;MEUBEL;7200;BH;-;2023
3638;15;JAMBI;1571;157102;1571021004;HAMBALI;HAMBALI;PO;16221;KAYU;INDUSTRI KAYU, BARANG ANYAMAN DARI BAMBU, ROTAN DAN SEJENISNYA;MEUBEL;7200;BH;-;2023
3639;15;JAMBI;1571;157102;1571021004;HASAN;HASAN;PO;16221;KAYU;INDUSTRI KAYU, BARANG ANYAMAN DARI BAMBU, ROTAN DAN SEJENISNYA;MEUBEL;7200;BH;-;2023
3640;15;JAMBI;1571;157102;1571021004;JUMALI;JUMALI;PO;16221;KAYU;INDUSTRI KAYU, BARANG ANYAMAN DARI BAMBU, ROTAN DAN SEJENISNYA;MEUBEL;7200;BH;-;2023
3641;15;JAMBI;1571;157102;1571021004;SUMARI;SUMARI;PO;16221;KAYU;INDUSTRI KAYU, BARANG ANYAMAN DARI BAMBU, ROTAN DAN SEJENISNYA;MEUBEL;7200;BH;-;2023
3642;15;JAMBI;1571;157102;1571021004;SUPAWA;SUPAWA;PO;16221;KAYU;INDUSTRI KAYU, BARANG ANYAMAN DARI BAMBU, ROTAN DAN SEJENISNYA;MEUBEL;7200;BH;-;2023
3643;15;JAMBI;1571;157102;1571021004;WINOTO;WINOTO;PO;16221;KAYU;INDUSTRI KAYU, BARANG ANYAMAN DARI BAMBU, ROTAN DAN SEJENISNYA;MEUBEL;7200;BH;-;2023
3644;15;JAMBI;1571;157102;1571111001;ANUGRAH BAKUNG;BINSAR SHIDURAT;PO;16221;KAYU;INDUSTRI KAYU, BARANG ANYAMAN DARI BAMBU, ROTAN DAN SEJENISNYA;MEUBEL;7200;BH;-;2023
3645;15;JAMBI;1571;157102;1571111001;KARYA BERSAMA;RISMANTO;PO;16221;KAYU;INDUSTRI KAYU, BARANG ANYAMAN DARI BAMBU, ROTAN DAN SEJENISNYA;MEUBEL;7200;BH;-;2023
3646;15;JAMBI;1571;157111;1571111001;RUM PERABOT;RUM ROYEN;PO;16221;KAYU;INDUSTRI KAYU, BARANG ANYAMAN DARI BAMBU, ROTAN DAN SEJENISNYA;MEUBEL;7200;BH;-;2023
3647;15;JAMBI;1571;157111;1571111001;SRI REZEKI;SITI EMI;PO;16221;KAYU;INDUSTRI KAYU, BARANG ANYAMAN DARI BAMBU, ROTAN DAN SEJENISNYA;MEUBEL;7200;BH;-;2023
3648;15;JAMBI;1571;157111;1571111001;FURNITUR;SURYADARMA;PO;16221;KAYU;INDUSTRI KAYU, BARANG ANYAMAN DARI BAMBU, ROTAN DAN SEJENISNYA;MEUBEL;7200;BH;-;2023
3649;15;JAMBI;1571;157111;1571111001;DARMAGA;WASILAH;PO;16221;KAYU;INDUSTRI KAYU, BARANG ANYAMAN DARI BAMBU, ROTAN DAN SEJENISNYA;MEUBEL;7200;BH;-;2023
3650;15;JAMBI;1571;157111;1571111001;SP. MEGA PERTAMA;ZULKIPLI;PO;16221;KAYU;INDUSTRI KAYU, BARANG ANYAMAN DARI BAMBU, ROTAN DAN SEJENISNYA;MEUBEL;7200;BH;-;2023
3651;15;JAMBI;1571;157102;1571021005;MARIANI. Z;MARIANI. Z;PO;16221;KAYU;INDUSTRI KAYU, BARANG ANYAMAN DARI BAMBU, ROTAN DAN SEJENISNYA;MEUBEL;7200;BH;-;2023
3652;15;JAMBI;1571;157102;1571021005;TOMI PRABOT;TOMI;PO;16221;KAYU;INDUSTRI KAYU, BARANG ANYAMAN DARI BAMBU, ROTAN DAN SEJENISNYA;MEUBEL;7200;BH;-;2023
3653;15;JAMBI;1571;157102;0;HAMYADI;HAMYADI;PO;16221;KAYU;INDUSTRI KAYU, BARANG ANYAMAN DARI BAMBU, ROTAN DAN SEJENISNYA;MEUBEL;7200;BH;-;2023
3654;15;JAMBI;1571;157103;0;BUMI INDAH;WAHYU SUGANJAR SE;CV;16221;KAYU;INDUSTRI KAYU, BARANG ANYAMAN DARI BAMBU, ROTAN DAN SEJENISNYA;MOULDING & KOMP BH BNG KAYU;6000;M3;-;2023
3655;15;JAMBI;1571;157103;0;SUMBER USAHA;DEDY SURYA JAYA;PO;16221;KAYU;INDUSTRI KAYU, BARANG ANYAMAN DARI BAMBU, ROTAN DAN SEJENISNYA;MOULDING & KOMP BH BNG KAYU;1440;M3;-;2023
3656;15;JAMBI;1571;157103;0;FAJAR FORTUNA KARYA;HARYANTO MARJUKI;PT;16221;KAYU;INDUSTRI KAYU, BARANG ANYAMAN DARI BAMBU, ROTAN DAN SEJENISNYA;MOULDING & KOMP BH BNG KAYU;1000;M3;-;2023
3657;15;JAMBI;1571;157103;0;TRI MANUNGGAL AGUNG JAYA;IR HERMIN;PT;16221;KAYU;INDUSTRI KAYU, BARANG ANYAMAN DARI BAMBU, ROTAN DAN SEJENISNYA;MOULDING & WOOD WORKING;3600;M3;-;2023
3658;15;JAMBI;1571;157103;0;ANEKA KARYA MAKMUR;AMAN SH;CV;16221;KAYU;INDUSTRI KAYU, BARANG ANYAMAN DARI BAMBU, ROTAN DAN SEJENISNYA;MOULDING & KOMP.BH BNG KAYU;1500;M3;-;2023
3659;15;JAMBI;1571;157103;0;LESTARI MANDIRI;BERLIAN SIMANJUNTAK;CV;16221;KAYU;INDUSTRI KAYU, BARANG ANYAMAN DARI BAMBU, ROTAN DAN SEJENISNYA;MOULDING & WOOD WORKING;2400;M3;-;2023
3660;15;JAMBI;1571;157103;0;DAYA;ARPAN;CV;16221;KAYU;INDUSTRI KAYU, BARANG ANYAMAN DARI BAMBU, ROTAN DAN SEJENISNYA;MOULDING & WOOD WORKING;18000;M3;-;2023
3661;15;JAMBI;1571;157103;0;ANUGERAH MITRA SEMBADA;HASIM;PT;16221;KAYU;INDUSTRI KAYU, BARANG ANYAMAN DARI BAMBU, ROTAN DAN SEJENISNYA;MOULDING & KOMP.BH BNG KAYU;1200;M3;-;2023
3662;15;JAMBI;1571;157103;0;SADAR;SATIMAH;PO;16221;KAYU;INDUSTRI KAYU, BARANG ANYAMAN DARI BAMBU, ROTAN DAN SEJENISNYA;PERABOTAN KAYU;60;UNIT;-;2023
3663;15;JAMBI;1571;157103;0;CEMPAKA;KADAR;PO;16221;KAYU;INDUSTRI KAYU, BARANG ANYAMAN DARI BAMBU, ROTAN DAN SEJENISNYA;PERABOTAN KAYU;150;UNIT;-;2023
3664;15;JAMBI;1571;157103;0;CLASIC FURNITURE;SUKIR;PO;16221;KAYU;INDUSTRI KAYU, BARANG ANYAMAN DARI BAMBU, ROTAN DAN SEJENISNYA;PERABOTAN KAYU;120;UNIT;-;2023
3665;15;JAMBI;1571;157103;0;MAJU JAYA;ALEXANDER;PO;16221;KAYU;INDUSTRI KAYU, BARANG ANYAMAN DARI BAMBU, ROTAN DAN SEJENISNYA;PERABOTAN KAYU;250;UNIT;-;2023
3666;15;JAMBI;1571;157103;0;KARYA LIMBAH REZEKI;M YULIUS;PO;16221;KAYU;INDUSTRI KAYU, BARANG ANYAMAN DARI BAMBU, ROTAN DAN SEJENISNYA;PERABOTAN KAYU;1750;UNIT;-;2023
3667;15;JAMBI;1571;157103;0;TERATAI INDAH;NURACHMAD;PO;16221;KAYU;INDUSTRI KAYU, BARANG ANYAMAN DARI BAMBU, ROTAN DAN SEJENISNYA;PERABOTAN KAYU;1440;UNIT;-;2023
3668;15;JAMBI;1571;157103;0;TUNAS;EDI SUPRIADI;PO;16221;KAYU;INDUSTRI KAYU, BARANG ANYAMAN DARI BAMBU, ROTAN DAN SEJENISNYA;PERABOTAN KAYU;600;UNIT;-;2023
3669;15;JAMBI;1571;157103;1571011004;MODERN;BAHAR L;PO;16221;KAYU;INDUSTRI KAYU, BARANG ANYAMAN DARI BAMBU, ROTAN DAN SEJENISNYA;PERABOTAN KAYU;960;UNIT;-;2023
3670;15;JAMBI;1571;157103;0;SUMBER HARAPAN;YUSRON;PO;16221;KAYU;INDUSTRI KAYU, BARANG ANYAMAN DARI BAMBU, ROTAN DAN SEJENISNYA;PERABOTAN KAYU;450;UNIT;-;2023
3671;15;JAMBI;1571;157103;0;YULIS;GIMIN;PO;16221;KAYU;INDUSTRI KAYU, BARANG ANYAMAN DARI BAMBU, ROTAN DAN SEJENISNYA;PERABOTAN KAYU;540;UNIT;-;2023
3672;15;JAMBI;1571;157103;0;JAMBI FURNITURE;SISKA;CV;16221;KAYU;INDUSTRI KAYU, BARANG ANYAMAN DARI BAMBU, ROTAN DAN SEJENISNYA;PERABOTAN KAYU;3000;UNIT;-;2023
3673;15;JAMBI;1571;157103;0;CAHAYA INDAH;LINA;PO;16221;KAYU;INDUSTRI KAYU, BARANG ANYAMAN DARI BAMBU, ROTAN DAN SEJENISNYA;PERABOTAN KAYU;360;UNIT;-;2023
3674;15;JAMBI;1571;-;1571031003;JATI MULYO;MUKLIS;PO;16221;KAYU;INDUSTRI KAYU, BARANG ANYAMAN DARI BAMBU, ROTAN DAN SEJENISNYA;MEUBEL;0;-;-;2023
3675;15;JAMBI;1571;157103;1571031001;BASIR PERABOT;BASIR;PO;16221;KAYU;INDUSTRI KAYU, BARANG ANYAMAN DARI BAMBU, ROTAN DAN SEJENISNYA;MEUBEL;0;-;-;2023
3676;15;JAMBI;1571;157103;1505102009;FURNITURE;ASENG;PO;16221;KAYU;INDUSTRI KAYU, BARANG ANYAMAN DARI BAMBU, ROTAN DAN SEJENISNYA;MEUBEL;0;-;-;2023
3677;15;JAMBI;1571;157103;1571031002;MEUBEL INDAH;MARMAK;PO;16221;KAYU;INDUSTRI KAYU, BARANG ANYAMAN DARI BAMBU, ROTAN DAN SEJENISNYA;MEUBEL;2;UNIT;-;2023
3678;15;JAMBI;1571;157103;1571031010;-;SUYATNO;PO;16221;KAYU;INDUSTRI KAYU, BARANG ANYAMAN DARI BAMBU, ROTAN DAN SEJENISNYA;KONSEN PINTU DAN JENDELA;28;-;-;2023
3679;15;JAMBI;1571;157103;1571031010;-;MUCHSIN;PO;16221;KAYU;INDUSTRI KAYU, BARANG ANYAMAN DARI BAMBU, ROTAN DAN SEJENISNYA;KONSEN PINTU DAN JENDELA;32;-;-;2023
3680;15;JAMBI;1571;157103;1571031010;-;FAHMI;PO;16221;KAYU;INDUSTRI KAYU, BARANG ANYAMAN DARI BAMBU, ROTAN DAN SEJENISNYA;KONSEN PINTU DAN JENDELA;36;-;-;2023
3681;15;JAMBI;1571;157103;0;VANTIKA GRAHA INDAH;ARIS EFENDI;PT;16221;KAYU;INDUSTRI KAYU, BARANG ANYAMAN DARI BAMBU, ROTAN DAN SEJENISNYA;MEUBEL;7200;BH;-;2023
3682;15;JAMBI;1571;157103;0;DUTA KENCANA;STEVANUS ANDY GUSENA;CV;16221;KAYU;INDUSTRI KAYU, BARANG ANYAMAN DARI BAMBU, ROTAN DAN SEJENISNYA;MEUBEL;7200;BH;-;2023
3683;15;JAMBI;1571;157103;0;PERABOT RUMAH TANGGA;JOHANES LIE;PO;16221;KAYU;INDUSTRI KAYU, BARANG ANYAMAN DARI BAMBU, ROTAN DAN SEJENISNYA;MEUBEL;7200;BH;-;2023
3684;15;JAMBI;1571;157103;0;BUMI MANDIRI;S DJASMAN;CV;16221;KAYU;INDUSTRI KAYU, BARANG ANYAMAN DARI BAMBU, ROTAN DAN SEJENISNYA;MEUBEL;7200;BH;-;2023
3685;15;JAMBI;1571;157103;0;YONATHAN;ENDANG JONATHAN;CV;16221;KAYU;INDUSTRI KAYU, BARANG ANYAMAN DARI BAMBU, ROTAN DAN SEJENISNYA;MEUBEL;7200;BH;-;2023
3686;15;JAMBI;1571;157103;0;SIX STAR;RINA;PO;16221;KAYU;INDUSTRI KAYU, BARANG ANYAMAN DARI BAMBU, ROTAN DAN SEJENISNYA;MEUBEL;7200;BH;-;2023
3687;15;JAMBI;1571;157103;1571011004;REZEKI MAJU;KARDIANTO;PO;16221;KAYU;INDUSTRI KAYU, BARANG ANYAMAN DARI BAMBU, ROTAN DAN SEJENISNYA;MEUBEL;7200;BH;-;2023
3688;15;JAMBI;1571;157103;0;KARYA CINDERAMATA;SEPTIATY;PO;16221;KAYU;INDUSTRI KAYU, BARANG ANYAMAN DARI BAMBU, ROTAN DAN SEJENISNYA;MEUBEL;7200;BH;-;2023
3689;15;JAMBI;1571;157103;0;YONATHAN;BONG TJUNG;CV;16221;KAYU;INDUSTRI KAYU, BARANG ANYAMAN DARI BAMBU, ROTAN DAN SEJENISNYA;MEUBEL;7200;BH;-;2023
3690;15;JAMBI;1571;157103;1571031002;PERABOT KASANG;SUKISAN;PO;16221;KAYU;INDUSTRI KAYU, BARANG ANYAMAN DARI BAMBU, ROTAN DAN SEJENISNYA;MEUBEL;7200;BH;-;2023
3691;15;JAMBI;1571;157103;1571031010;M. ABDULLAH;M. ABDULLAH;PO;16221;KAYU;INDUSTRI KAYU, BARANG ANYAMAN DARI BAMBU, ROTAN DAN SEJENISNYA;MEUBEL;7200;BH;-;2023
3692;15;JAMBI;1571;157103;1571031010;ALIF;ALIF;PO;16221;KAYU;INDUSTRI KAYU, BARANG ANYAMAN DARI BAMBU, ROTAN DAN SEJENISNYA;MEUBEL;7200;BH;-;2023
3693;15;JAMBI;1571;157103;1571031002;SURYADI;SURYADI;PO;16221;KAYU;INDUSTRI KAYU, BARANG ANYAMAN DARI BAMBU, ROTAN DAN SEJENISNYA;MEUBEL;7200;BH;-;2023
3694;15;JAMBI;1571;157103;1571031002;SUNANTA;SUNANTA;PO;16221;KAYU;INDUSTRI KAYU, BARANG ANYAMAN DARI BAMBU, ROTAN DAN SEJENISNYA;MEUBEL;7200;BH;-;2023
3695;15;JAMBI;1571;157103;1571031002;AHMAD SYARIF;AHMAD SYARIF;PO;16221;KAYU;INDUSTRI KAYU, BARANG ANYAMAN DARI BAMBU, ROTAN DAN SEJENISNYA;MEUBEL;7200;BH;-;2023
3696;15;JAMBI;1571;157103;1571031002;RAFIKURRAHMAN;RAFIKURRAHMAN;PO;16221;KAYU;INDUSTRI KAYU, BARANG ANYAMAN DARI BAMBU, ROTAN DAN SEJENISNYA;MEUBEL;7200;BH;-;2023
3697;15;JAMBI;1571;157103;1571031002;ASTONO;ASTONO;PO;16221;KAYU;INDUSTRI KAYU, BARANG ANYAMAN DARI BAMBU, ROTAN DAN SEJENISNYA;MEUBEL;7200;BH;-;2023
3698;15;JAMBI;1571;157103;1571031002;RUSLAN;RUSLAN;PO;16221;KAYU;INDUSTRI KAYU, BARANG ANYAMAN DARI BAMBU, ROTAN DAN SEJENISNYA;MEUBEL;7200;BH;-;2023
3699;15;JAMBI;1571;157103;1571031003;SARGAWI;SARGAWI;PO;16221;KAYU;INDUSTRI KAYU, BARANG ANYAMAN DARI BAMBU, ROTAN DAN SEJENISNYA;MEUBEL;7200;BH;-;2023
3700;15;JAMBI;1571;157103;1571031003;SLAMET;SLAMET;PO;16221;KAYU;INDUSTRI KAYU, BARANG ANYAMAN DARI BAMBU, ROTAN DAN SEJENISNYA;MEUBEL;7200;BH;-;2023
3701;15;JAMBI;1571;157103;1571031003;H. SUKOYO;H. SUKOYO;PO;16221;KAYU;INDUSTRI KAYU, BARANG ANYAMAN DARI BAMBU, ROTAN DAN SEJENISNYA;MEUBEL;7200;BH;-;2023
3702;15;JAMBI;1571;157103;0;ACENG;ACENG;PO;16221;KAYU;INDUSTRI KAYU, BARANG ANYAMAN DARI BAMBU, ROTAN DAN SEJENISNYA;MEUBEL;7200;BH;-;2023
3703;15;JAMBI;1571;157103;0;WIJO;WIJO;PO;16221;KAYU;INDUSTRI KAYU, BARANG ANYAMAN DARI BAMBU, ROTAN DAN SEJENISNYA;MEUBEL;7200;BH;-;2023
3704;15;JAMBI;1571;157103;0;GUNAWAN;GUNAWAN;PO;16221;KAYU;INDUSTRI KAYU, BARANG ANYAMAN DARI BAMBU, ROTAN DAN SEJENISNYA;MEUBEL;7200;BH;-;2023
3705;15;JAMBI;1571;157103;1571031001;ALI;ALI;PO;16221;KAYU;INDUSTRI KAYU, BARANG ANYAMAN DARI BAMBU, ROTAN DAN SEJENISNYA;MEUBEL;7200;BH;-;2023
3706;15;JAMBI;1571;157103;1571031001;PAHMI;PAHMI;PO;16221;KAYU;INDUSTRI KAYU, BARANG ANYAMAN DARI BAMBU, ROTAN DAN SEJENISNYA;MEUBEL;7200;BH;-;2023
3707;15;JAMBI;1571;157103;1571031001;RUKO;RUKO;PO;16221;KAYU;INDUSTRI KAYU, BARANG ANYAMAN DARI BAMBU, ROTAN DAN SEJENISNYA;MEUBEL;7200;BH;-;2023
3708;15;JAMBI;1571;157103;1571031003;SUKOYO;SUKOYO;PO;16221;KAYU;INDUSTRI KAYU, BARANG ANYAMAN DARI BAMBU, ROTAN DAN SEJENISNYA;MEUBEL;7200;BH;-;2023
3709;15;JAMBI;1571;157103;1505102009;SUCIPTO;SUCIPTO;PO;16221;KAYU;INDUSTRI KAYU, BARANG ANYAMAN DARI BAMBU, ROTAN DAN SEJENISNYA;MEUBEL;7200;BH;-;2023
3710;15;JAMBI;1571;157108;1571081006;MITRA AGRO NUSANTARA;JOHANSEN ROMANTO;CV;16221;KAYU;INDUSTRI KAYU, BARANG ANYAMAN DARI BAMBU, ROTAN DAN SEJENISNYA;MOULDING & KOMP.BH BNG KAYU;1200;M3;-;2023
3711;15;JAMBI;1571;157108;1571081006;SUMBER MERANTI;MUKSIN NAWAS;PO;16221;KAYU;INDUSTRI KAYU, BARANG ANYAMAN DARI BAMBU, ROTAN DAN SEJENISNYA;MOULDING & KOMP.BH BNG KAYU;1500;M3;-;2023
3712;15;JAMBI;1571;157108;1571081006;BUANA ERA CENTRA;RIBIN;PT;16221;KAYU;INDUSTRI KAYU, BARANG ANYAMAN DARI BAMBU, ROTAN DAN SEJENISNYA;MOULDING & KOMP.BH BNG KAYU;1500;M3;-;2023
3713;15;JAMBI;1571;157108;1571081006;CV. KUSUMA BERSAUDARA;H. ILYAS SPD, MPD;CV;16221;KAYU;INDUSTRI KAYU, BARANG ANYAMAN DARI BAMBU, ROTAN DAN SEJENISNYA;MOULDING & KOMP BH BNG KAYU;1500;M3;-;2023
3714;15;JAMBI;1571;157108;1571081006;KHU ZHOU TANJAYA;MASRSHAN;PT;16221;KAYU;INDUSTRI KAYU, BARANG ANYAMAN DARI BAMBU, ROTAN DAN SEJENISNYA;MOULDING & KOMP.BH BNG KAYU;0;M3;-;2023
3715;15;JAMBI;1571;157108;1571081006;TIMUR JAYA;SURYA DARMA;PO;16221;KAYU;INDUSTRI KAYU, BARANG ANYAMAN DARI BAMBU, ROTAN DAN SEJENISNYA;PERABOTAN KAYU;250;UNIT;-;2023
3716;15;JAMBI;1571;157108;1571081006;NEW KARYA KITA;HUSNI AMIN;PO;16221;KAYU;INDUSTRI KAYU, BARANG ANYAMAN DARI BAMBU, ROTAN DAN SEJENISNYA;PERABOTAN KAYU;120;UNIT;-;2023
3717;15;JAMBI;1571;157108;1571081006;GOLDEN STAR;ANDIRA BUANA;PO;16221;KAYU;INDUSTRI KAYU, BARANG ANYAMAN DARI BAMBU, ROTAN DAN SEJENISNYA;PERABOTAN KAYU;600;UNIT;-;2023
3718;15;JAMBI;1571;157108;1571081006;SINAR PAGI;A ZARKONJI;PO;16221;KAYU;INDUSTRI KAYU, BARANG ANYAMAN DARI BAMBU, ROTAN DAN SEJENISNYA;PERABOTAN KAYU;240;UNIT;-;2023
3719;15;JAMBI;1571;157108;1571081007;KONSEN YOMA;PONIJO;CV;16221;KAYU;INDUSTRI KAYU, BARANG ANYAMAN DARI BAMBU, ROTAN DAN SEJENISNYA;PERABOTAN KAYU;0;-;-;2023
3720;15;JAMBI;1571;157108;1571081007;KUSTURI;KASTURI;PO;16221;KAYU;INDUSTRI KAYU, BARANG ANYAMAN DARI BAMBU, ROTAN DAN SEJENISNYA;PERABOTAN KAYU;0;-;-;2023
3721;15;JAMBI;1571;157108;1571081006;MANDIRI PERABOT;SATIMAN;PO;16221;KAYU;INDUSTRI KAYU, BARANG ANYAMAN DARI BAMBU, ROTAN DAN SEJENISNYA;PERABOTAN KAYU;0;-;-;2023
3722;15;JAMBI;1571;157108;1571081006;GLODOK FURNITURE;CHANDRA;PO;16221;KAYU;INDUSTRI KAYU, BARANG ANYAMAN DARI BAMBU, ROTAN DAN SEJENISNYA;PERABOT RT DARI KAYU;600;UNIT;-;2023
3723;15;JAMBI;1571;-;1571081004;AGUNG PERABOT;MARYANTO;PO;16221;KAYU;INDUSTRI KAYU, BARANG ANYAMAN DARI BAMBU, ROTAN DAN SEJENISNYA;MEUBEL;130 MEJA KURSI;SET;-;2023
3724;15;JAMBI;1571;157108;1571081002;ADA JAYA;PELIPUS;PO;16221;KAYU;INDUSTRI KAYU, BARANG ANYAMAN DARI BAMBU, ROTAN DAN SEJENISNYA;MEUBEL;15;SET;-;2023
3725;15;JAMBI;1571;157108;1571081002;JOHAN;JHON LEO;PO;16221;KAYU;INDUSTRI KAYU, BARANG ANYAMAN DARI BAMBU, ROTAN DAN SEJENISNYA;MEUBEL;6;SET;-;2023
3726;15;JAMBI;1571;157108;1571081007;PERABOT GINO;TUGINO;PO;16221;KAYU;INDUSTRI KAYU, BARANG ANYAMAN DARI BAMBU, ROTAN DAN SEJENISNYA;MEUBEL;0;-;-;2023
3727;15;JAMBI;1571;-;1503092004;KURNIA;MASKUR;PO;16221;KAYU;INDUSTRI KAYU, BARANG ANYAMAN DARI BAMBU, ROTAN DAN SEJENISNYA;KONSEN PINTU DAN JENDELA;24 KUSEN 8 PINTU;KUSEN;-;2023
3728;15;JAMBI;1571;157108;1571081006;NASA;KOSIM;PO;16221;KAYU;INDUSTRI KAYU, BARANG ANYAMAN DARI BAMBU, ROTAN DAN SEJENISNYA;KONSEN PINTU DAN JENDELA;0;-;-;2023
3729;15;JAMBI;1571;157108;1571081007;KESUMA JAYA;ANDI;PO;16221;KAYU;INDUSTRI KAYU, BARANG ANYAMAN DARI BAMBU, ROTAN DAN SEJENISNYA;KONSEN PINTU DAN JENDELA;0;-;-;2023
3730;15;JAMBI;1571;157108;1571081007;KONSEN KELUARGA;MUHAIMIN;PO;16221;KAYU;INDUSTRI KAYU, BARANG ANYAMAN DARI BAMBU, ROTAN DAN SEJENISNYA;KONSEN PINTU DAN JENDELA;0;-;-;2023
3731;15;JAMBI;1571;157108;1571081006;FELMI;FELMI;PO;16221;KAYU;INDUSTRI KAYU, BARANG ANYAMAN DARI BAMBU, ROTAN DAN SEJENISNYA;MEUBEL;7200;BH;-;2023
3732;15;JAMBI;1571;157108;1571081007;MONAS INDAH;SAMSURI;PO;16221;KAYU;INDUSTRI KAYU, BARANG ANYAMAN DARI BAMBU, ROTAN DAN SEJENISNYA;MEUBEL;7200;BH;-;2023
3733;15;JAMBI;1571;157108;1571081006;ASIA;SYUKURMAN;PO;16221;KAYU;INDUSTRI KAYU, BARANG ANYAMAN DARI BAMBU, ROTAN DAN SEJENISNYA;MEUBEL;7200;BH;-;2023
3734;15;JAMBI;1571;157108;1571081006;MEGA DINI;M. KHORI;PO;16221;KAYU;INDUSTRI KAYU, BARANG ANYAMAN DARI BAMBU, ROTAN DAN SEJENISNYA;MEUBEL;7200;BH;-;2023
3735;15;JAMBI;1571;157108;1571081006;PERSANA MEBEL;ANAN;PO;16221;KAYU;INDUSTRI KAYU, BARANG ANYAMAN DARI BAMBU, ROTAN DAN SEJENISNYA;MEUBEL;7200;BH;-;2023
3736;15;JAMBI;1571;157108;1571081006;M. RASUL;M. RASUL;PO;16221;KAYU;INDUSTRI KAYU, BARANG ANYAMAN DARI BAMBU, ROTAN DAN SEJENISNYA;MEUBEL;7200;BH;-;2023
3737;15;JAMBI;1571;157108;1571081006;H. SUWARNO;H. SUWARNO;PO;16221;KAYU;INDUSTRI KAYU, BARANG ANYAMAN DARI BAMBU, ROTAN DAN SEJENISNYA;MEUBEL;7200;BH;-;2023
3738;15;JAMBI;1571;157108;1571081006;ZUHDI;ZUHDI;PO;16221;KAYU;INDUSTRI KAYU, BARANG ANYAMAN DARI BAMBU, ROTAN DAN SEJENISNYA;MEUBEL;7200;BH;-;2023
3739;15;JAMBI;1571;157108;1571081006;ELISA;HAMID;PO;16221;KAYU;INDUSTRI KAYU, BARANG ANYAMAN DARI BAMBU, ROTAN DAN SEJENISNYA;MEUBEL;7200;BH;-;2023
3740;15;JAMBI;1571;157108;1571081006;PERABOT INDAH;PURDI;PO;16221;KAYU;INDUSTRI KAYU, BARANG ANYAMAN DARI BAMBU, ROTAN DAN SEJENISNYA;MEUBEL;7200;BH;-;2023
3741;15;JAMBI;1571;157107;0;KARYA PUTRA GIBUK;JAMAIN;PO;16221;KAYU;INDUSTRI KAYU, BARANG ANYAMAN DARI BAMBU, ROTAN DAN SEJENISNYA;MOULDING & KOMP.BH BNG KAYU;1200;M3;-;2023
3742;15;JAMBI;1571;157107;1507102007;BUNGA CAHAYA MATAHARI;H RD USMAN;PT;16221;KAYU;INDUSTRI KAYU, BARANG ANYAMAN DARI BAMBU, ROTAN DAN SEJENISNYA;MOULDING & KOMP BH BNG KAYU;1200;M3;-;2023
3743;15;JAMBI;1571;157107;1507102007;JAYA MANDIRI;SUPARDI;PO;16221;KAYU;INDUSTRI KAYU, BARANG ANYAMAN DARI BAMBU, ROTAN DAN SEJENISNYA;MOULDING & KOMP.BH BNG KAYU;450;M3;-;2023
3744;15;JAMBI;1571;157107;1507102007;KARYAMAJU;SYAMSUL HADI;PO;16221;KAYU;INDUSTRI KAYU, BARANG ANYAMAN DARI BAMBU, ROTAN DAN SEJENISNYA;MOULDING & KOMP.BH BNG KAYU;1200;M3;-;2023
3745;15;JAMBI;1571;157107;1507102007;USAHA KITA;SUMARDI KAMSIATUN;PO;16221;KAYU;INDUSTRI KAYU, BARANG ANYAMAN DARI BAMBU, ROTAN DAN SEJENISNYA;MOULDING & KOMP.BH BNG KAYU;1440;M3;-;2023
3746;15;JAMBI;1571;157107;1507102007;RIDWAN KARYA MAKMUR;RD MUCHTAR;CV;16221;KAYU;INDUSTRI KAYU, BARANG ANYAMAN DARI BAMBU, ROTAN DAN SEJENISNYA;MOULDING & KOMP.BH BNG KAYU;1800;M3;-;2023
3747;15;JAMBI;1571;157107;1571081006;DUA SAUDARA;M HASIM;PO;16221;KAYU;INDUSTRI KAYU, BARANG ANYAMAN DARI BAMBU, ROTAN DAN SEJENISNYA;MOULDING & KOMP.BH BNG KAYU;864;M3;-;2023
3748;15;JAMBI;1571;157107;1507102007;MITRA KARYA LESTARI;SARNO;PO;16221;KAYU;INDUSTRI KAYU, BARANG ANYAMAN DARI BAMBU, ROTAN DAN SEJENISNYA;MOULDING & KOMP.BH BNG KAYU;4000;M3;-;2023
3749;15;JAMBI;1571;157107;1507102007;PATI INDAH FURNITURE;SUKARNO;PO;16221;KAYU;INDUSTRI KAYU, BARANG ANYAMAN DARI BAMBU, ROTAN DAN SEJENISNYA;PERABOTAN KAYU;30;UNIT;-;2023
3750;15;JAMBI;1571;157107;1507102007;TAUFIQ JAYA;ATMO;PO;16221;KAYU;INDUSTRI KAYU, BARANG ANYAMAN DARI BAMBU, ROTAN DAN SEJENISNYA;PERABOTAN KAYU;30;UNIT;-;2023
3751;15;JAMBI;1571;157107;1507102007;GEMA UTAMA PERKASA;CHODRI WASIS;PO;16221;KAYU;INDUSTRI KAYU, BARANG ANYAMAN DARI BAMBU, ROTAN DAN SEJENISNYA;PERABOTAN KAYU;300;UNIT;-;2023
3752;15;JAMBI;1571;157107;1507102007;CITRA KARYA;AMIRUDDIN NAWAR;PO;16221;KAYU;INDUSTRI KAYU, BARANG ANYAMAN DARI BAMBU, ROTAN DAN SEJENISNYA;PERABOTAN KAYU;250;UNIT;-;2023
3753;15;JAMBI;1571;157107;0;RIDWAN INDAH;H ISMAIL SYAM;PO;16221;KAYU;INDUSTRI KAYU, BARANG ANYAMAN DARI BAMBU, ROTAN DAN SEJENISNYA;PERABOTAN KAYU;200;UNIT;-;2023
3754;15;JAMBI;1571;157107;1507102007;SABAR;SARYO HADI;CV;16221;KAYU;INDUSTRI KAYU, BARANG ANYAMAN DARI BAMBU, ROTAN DAN SEJENISNYA;PERABOTAN KAYU;364;UNIT;-;2023
3755;15;JAMBI;1571;157107;1507102007;TEGUH LAKSANA;AMRINAL;CV;16221;KAYU;INDUSTRI KAYU, BARANG ANYAMAN DARI BAMBU, ROTAN DAN SEJENISNYA;PERABOTAN KAYU;180;UNIT;-;2023
3756;15;JAMBI;1571;157107;1571071001;PERABOT LESTARI;ABDUL KARIM;PO;16221;KAYU;INDUSTRI KAYU, BARANG ANYAMAN DARI BAMBU, ROTAN DAN SEJENISNYA;PERABOT;100;UNIT;-;2023
3757;15;JAMBI;1571;157107;1571071001;PERABOT UKIR;DENI S;PO;16221;KAYU;INDUSTRI KAYU, BARANG ANYAMAN DARI BAMBU, ROTAN DAN SEJENISNYA;PERABOT;400;UNIT;-;2023
3758;15;JAMBI;1571;157107;1571071001;PERABOT UKIR;SATIMAN;PO;16221;KAYU;INDUSTRI KAYU, BARANG ANYAMAN DARI BAMBU, ROTAN DAN SEJENISNYA;PERABOT;150;UNIT;-;2023
3759;15;JAMBI;1571;157107;1571071001;TOKO PERABOT;SAHIM;PO;16221;KAYU;INDUSTRI KAYU, BARANG ANYAMAN DARI BAMBU, ROTAN DAN SEJENISNYA;PERABOT;50;UNIT;-;2023
3760;15;JAMBI;1571;157107;1571071001;PERABOT KAYU;SARJU ADU;PO;16221;KAYU;INDUSTRI KAYU, BARANG ANYAMAN DARI BAMBU, ROTAN DAN SEJENISNYA;PERABOT;500;UNIT;-;2023
3761;15;JAMBI;1571;157107;1571071001;PERABOT KAYU;TASWADI;PO;16221;KAYU;INDUSTRI KAYU, BARANG ANYAMAN DARI BAMBU, ROTAN DAN SEJENISNYA;PERABOT;25;STEL;-;2023
3762;15;JAMBI;1571;157107;1571091005;FURNITURE;MARGIUN;PO;16221;KAYU;INDUSTRI KAYU, BARANG ANYAMAN DARI BAMBU, ROTAN DAN SEJENISNYA;PERABOT;10;STEL;-;2023
3763;15;JAMBI;1571;157107;1571091005;CV TARMAJO;TARJOKO, SPD;PO;16221;KAYU;INDUSTRI KAYU, BARANG ANYAMAN DARI BAMBU, ROTAN DAN SEJENISNYA;PERABOT;10;STEL;-;2023
3764;15;JAMBI;1571;157107;1571091003;UKIRAN KAYU;EDI SUPANTOKO;PO;16221;KAYU;INDUSTRI KAYU, BARANG ANYAMAN DARI BAMBU, ROTAN DAN SEJENISNYA;PERABOT;6;STEL;-;2023
3765;15;JAMBI;1571;157107;1571071004;SIDODADI;EDI KHOLIL;PO;16221;KAYU;INDUSTRI KAYU, BARANG ANYAMAN DARI BAMBU, ROTAN DAN SEJENISNYA;PERABOT RT DARI KAYU;0;-;-;2023
3766;15;JAMBI;1571;157107;0;LAKSANA JAYA;EKO;PO;16221;KAYU;INDUSTRI KAYU, BARANG ANYAMAN DARI BAMBU, ROTAN DAN SEJENISNYA;PERABOT RT DARI KAYU;0;-;-;2023
3767;15;JAMBI;1571;157107;1571071001;PUTRA KOMBET;SISWANTO;PO;16221;KAYU;INDUSTRI KAYU, BARANG ANYAMAN DARI BAMBU, ROTAN DAN SEJENISNYA;PERABOT RT DARI KAYU;1100;BUAH;-;2023
3768;15;JAMBI;1571;157107;0;KERINCI PANGKLALAN PRIMA;DESI HELMI SH;PT;16221;KAYU;INDUSTRI KAYU, BARANG ANYAMAN DARI BAMBU, ROTAN DAN SEJENISNYA;MEUBEL;0;-;-;2023
3769;15;JAMBI;1571;157107;1507112005;HAFKINDO;ARDIAN;PO;16221;KAYU;INDUSTRI KAYU, BARANG ANYAMAN DARI BAMBU, ROTAN DAN SEJENISNYA;KONSEN PINTU DAN JENDELA;25;STEL;-;2023
3770;15;JAMBI;1571;157107;0;DWI PRASOJO;DWI;PO;16221;KAYU;INDUSTRI KAYU, BARANG ANYAMAN DARI BAMBU, ROTAN DAN SEJENISNYA;KONSEN PINTU DAN JENDELA;0;-;-;2023
3771;15;JAMBI;1571;157107;0;SADEWA;EDI;PO;16221;KAYU;INDUSTRI KAYU, BARANG ANYAMAN DARI BAMBU, ROTAN DAN SEJENISNYA;KONSEN PINTU DAN JENDELA;0;-;-;2023
3772;15;JAMBI;1571;157107;0;CIPTA RAYA;MASLAHUDIN;PO;16221;KAYU;INDUSTRI KAYU, BARANG ANYAMAN DARI BAMBU, ROTAN DAN SEJENISNYA;KONSEN PINTU DAN JENDELA;0;-;-;2023
3773;15;JAMBI;1571;157107;1571071004;RISKA;MUKSINUN;PO;16221;KAYU;INDUSTRI KAYU, BARANG ANYAMAN DARI BAMBU, ROTAN DAN SEJENISNYA;KONSEN PINTU DAN JENDELA;0;-;-;2023
3774;15;JAMBI;1571;157107;0;BERKAH ILLAHI;MUSLIHUDIN;PO;16221;KAYU;INDUSTRI KAYU, BARANG ANYAMAN DARI BAMBU, ROTAN DAN SEJENISNYA;KONSEN PINTU DAN JENDELA;0;-;-;2023
3775;15;JAMBI;1571;157107;0;DAFA KUSEN;NUR MUR;PO;16221;KAYU;INDUSTRI KAYU, BARANG ANYAMAN DARI BAMBU, ROTAN DAN SEJENISNYA;KONSEN PINTU DAN JENDELA;0;-;-;2023
3776;15;JAMBI;1571;157107;0;NUANSA 2;SUPIAN;PO;16221;KAYU;INDUSTRI KAYU, BARANG ANYAMAN DARI BAMBU, ROTAN DAN SEJENISNYA;KONSEN PINTU DAN JENDELA;0;-;-;2023
3777;15;JAMBI;1571;157107;0;AFTA INDAH;SUPRAYANTO;PO;16221;KAYU;INDUSTRI KAYU, BARANG ANYAMAN DARI BAMBU, ROTAN DAN SEJENISNYA;KONSEN PINTU DAN JENDELA;0;-;-;2023
3778;15;JAMBI;1571;157107;1571091001;SINAR SURYA;SURYANTO;PO;16221;KAYU;INDUSTRI KAYU, BARANG ANYAMAN DARI BAMBU, ROTAN DAN SEJENISNYA;KONSEN PINTU DAN JENDELA;0;-;-;2023
3779;15;JAMBI;1571;157107;1571071001;BANGSAL BERKAH;KARYONO H;PO;16221;KAYU;INDUSTRI KAYU, BARANG ANYAMAN DARI BAMBU, ROTAN DAN SEJENISNYA;KONSEN PINTU DAN JENDELA;300;BUAH;-;2023
3780;15;JAMBI;1571;157107;1571071001;-;SULIS DELIYANTO;PO;16221;KAYU;INDUSTRI KAYU, BARANG ANYAMAN DARI BAMBU, ROTAN DAN SEJENISNYA;KONSEN PINTU DAN JENDELA;1200;BUAH;-;2023
3781;15;JAMBI;1571;157107;1571071001;USAHA SEDERHANA;IKHSAN;PO;16221;KAYU;INDUSTRI KAYU, BARANG ANYAMAN DARI BAMBU, ROTAN DAN SEJENISNYA;KONSEN PINTU DAN JENDELA;0;-;-;2023
3782;15;JAMBI;1571;157107;1571071004;KARYA MANDIRI;SUGENG;PO;16221;KAYU;INDUSTRI KAYU, BARANG ANYAMAN DARI BAMBU, ROTAN DAN SEJENISNYA;KONSEN PINTU DAN JENDELA;0;-;-;2023
3783;15;JAMBI;1571;157107;1571071004;VALENTINA;JOKO HANIFAH ABDI;PO;16221;KAYU;INDUSTRI KAYU, BARANG ANYAMAN DARI BAMBU, ROTAN DAN SEJENISNYA;KONSEN PINTU DAN JENDELA;0;-;-;2023
3784;15;JAMBI;1571;157107;1571071001;-;SUGENO;PO;16221;KAYU;INDUSTRI KAYU, BARANG ANYAMAN DARI BAMBU, ROTAN DAN SEJENISNYA;KONSEN PINTU DAN JENDELA;0;-;-;2023
3785;15;JAMBI;1571;157107;1571071002;USAHA KELUARGA;AAN;PO;16221;KAYU;INDUSTRI KAYU, BARANG ANYAMAN DARI BAMBU, ROTAN DAN SEJENISNYA;KONSEN PINTU DAN JENDELA;100;BUAH;-;2023
3786;15;JAMBI;1571;157107;1571071002;SUGINO;SUGINO;PO;16221;KAYU;INDUSTRI KAYU, BARANG ANYAMAN DARI BAMBU, ROTAN DAN SEJENISNYA;KONSEN PINTU DAN JENDELA;120;BUAH;-;2023
3787;15;JAMBI;1571;157107;1571071002;CITRA MUDA;AKHMAD MUKLAS;PO;16221;KAYU;INDUSTRI KAYU, BARANG ANYAMAN DARI BAMBU, ROTAN DAN SEJENISNYA;KONSEN PINTU DAN JENDELA;0;-;-;2023
3788;15;JAMBI;1571;157107;1571071002;FADILLA JAYA;ELVIRA TOQWI;PO;16221;KAYU;INDUSTRI KAYU, BARANG ANYAMAN DARI BAMBU, ROTAN DAN SEJENISNYA;KONSEN PINTU DAN JENDELA;0;-;-;2023
3789;15;JAMBI;1571;157107;1507102007;JABI MAKMUR;DJISWAR TABONE MBA MM;PT;16221;KAYU;INDUSTRI KAYU, BARANG ANYAMAN DARI BAMBU, ROTAN DAN SEJENISNYA;MEUBEL;7200;BH;-;2023
3790;15;JAMBI;1571;157107;1507102007;USAHA SEPAKAT;MARIMIN;PO;16221;KAYU;INDUSTRI KAYU, BARANG ANYAMAN DARI BAMBU, ROTAN DAN SEJENISNYA;MEUBEL;7200;BH;-;2023
3791;15;JAMBI;1571;157107;1507102007;KUD TARIKAN FARINDO UTAMA;ANANG FAHRI;PO;16221;KAYU;INDUSTRI KAYU, BARANG ANYAMAN DARI BAMBU, ROTAN DAN SEJENISNYA;MEUBEL;7200;BH;-;2023
3792;15;JAMBI;1571;157107;1507102007;GRANADA;ENCE HUSIN;CV;16221;KAYU;INDUSTRI KAYU, BARANG ANYAMAN DARI BAMBU, ROTAN DAN SEJENISNYA;MEUBEL;7200;BH;-;2023
3793;15;JAMBI;1571;157107;0;MARJATI ARTISTIK;IRFAN;PO;16221;KAYU;INDUSTRI KAYU, BARANG ANYAMAN DARI BAMBU, ROTAN DAN SEJENISNYA;MEUBEL;7200;BH;-;2023
3794;15;JAMBI;1571;157107;1571071002;USAHA BERSAMA;HERMAN LASYIM;PO;16221;KAYU;INDUSTRI KAYU, BARANG ANYAMAN DARI BAMBU, ROTAN DAN SEJENISNYA;MEUBEL;9000;BH;-;2023
3795;15;JAMBI;1571;157111;1571111003;ALI;ALI;PO;16221;KAYU;INDUSTRI KAYU, BARANG ANYAMAN DARI BAMBU, ROTAN DAN SEJENISNYA;MEUBEL;7200;BH;-;2023
3796;15;JAMBI;1571;157111;1571111003;EDY JAYA;EDY JAYA;PO;16221;KAYU;INDUSTRI KAYU, BARANG ANYAMAN DARI BAMBU, ROTAN DAN SEJENISNYA;MEUBEL;7200;BH;-;2023
3797;15;JAMBI;1571;157111;1571111001;RUM PERABOT;RUM ROYEN;PO;16221;KAYU;INDUSTRI KAYU, BARANG ANYAMAN DARI BAMBU, ROTAN DAN SEJENISNYA;MEUBEL;7200;BH;-;2023
3798;15;JAMBI;1571;157111;1571111001;SRI REZEKI;SITI EMI;PO;16221;KAYU;INDUSTRI KAYU, BARANG ANYAMAN DARI BAMBU, ROTAN DAN SEJENISNYA;MEUBEL;7200;BH;-;2023
3799;15;JAMBI;1571;157111;1571111001;FURNITUR;SURYADARMA;PO;16221;KAYU;INDUSTRI KAYU, BARANG ANYAMAN DARI BAMBU, ROTAN DAN SEJENISNYA;MEUBEL;7200;BH;-;2023
3800;15;JAMBI;1571;157111;1571111001;DARMAGA;WASILAH;PO;16221;KAYU;INDUSTRI KAYU, BARANG ANYAMAN DARI BAMBU, ROTAN DAN SEJENISNYA;MEUBEL;7200;BH;-;2023
3801;15;JAMBI;1571;157104;0;RAJAWALI FC;DJOHAN LUBIS;PO;16221;KAYU;INDUSTRI KAYU, BARANG ANYAMAN DARI BAMBU, ROTAN DAN SEJENISNYA;MOULDING & KOMP.BH BNG KAYU;4500;M3;-;2023
3802;15;JAMBI;1571;157104;0;BAHTERA;SRI BASUKI;PO;16221;KAYU;INDUSTRI KAYU, BARANG ANYAMAN DARI BAMBU, ROTAN DAN SEJENISNYA;PERABOT RT DARI KAYU;720;UNIT;-;2023
3803;15;JAMBI;1571;157104;1571041002;INDAH;-;PO;16221;KAYU;INDUSTRI KAYU, BARANG ANYAMAN DARI BAMBU, ROTAN DAN SEJENISNYA;MEUBEL;0;-;-;2023
3804;15;JAMBI;1571;157104;1571041002;JAYA BERSAMA;-;PO;16221;KAYU;INDUSTRI KAYU, BARANG ANYAMAN DARI BAMBU, ROTAN DAN SEJENISNYA;MEUBEL;0;-;-;2023
3805;15;JAMBI;1571;157104;1571041002;TELAGA BARU;-;PO;16221;KAYU;INDUSTRI KAYU, BARANG ANYAMAN DARI BAMBU, ROTAN DAN SEJENISNYA;MEUBEL;0;-;-;2023
3806;15;JAMBI;1571;157104;0;WINDU KARYA INDAH;SUTRISNO;PO;16221;KAYU;INDUSTRI KAYU, BARANG ANYAMAN DARI BAMBU, ROTAN DAN SEJENISNYA;MEUBEL;7200;BH;-;2023
3807;15;JAMBI;1571;157104;1571041001;BAROKAH AZAHRI;IQBAL;PO;16221;KAYU;INDUSTRI KAYU, BARANG ANYAMAN DARI BAMBU, ROTAN DAN SEJENISNYA;MEUBEL;7200;BH;-;2023
3808;15;JAMBI;1571;157104;1571041001;SUMBER JATI;WELDI;PO;16221;KAYU;INDUSTRI KAYU, BARANG ANYAMAN DARI BAMBU, ROTAN DAN SEJENISNYA;MEUBEL;7200;BH;-;2023
3809;15;JAMBI;1571;157104;1571041001;ANUGRAH;EMI;PO;16221;KAYU;INDUSTRI KAYU, BARANG ANYAMAN DARI BAMBU, ROTAN DAN SEJENISNYA;MEUBEL;7200;BH;-;2023
3810;15;JAMBI;1571;157104;1571041001;PESONA JATI;DAHLIA;PO;16221;KAYU;INDUSTRI KAYU, BARANG ANYAMAN DARI BAMBU, ROTAN DAN SEJENISNYA;MEUBEL;7200;BH;-;2023
3811;15;JAMBI;1571;157104;1571041001;DELA;DEFRI;PO;16221;KAYU;INDUSTRI KAYU, BARANG ANYAMAN DARI BAMBU, ROTAN DAN SEJENISNYA;MEUBEL;7200;BH;-;2023
3812;15;JAMBI;1571;-;1571051002;MANDIRI;NAZMAN;PO;16221;KAYU;INDUSTRI KAYU, BARANG ANYAMAN DARI BAMBU, ROTAN DAN SEJENISNYA;PERABOT RT DARI KAYU;0;-;-;2023
3813;15;JAMBI;1571;-;1571051006;-;SYAMSUL;PO;16221;KAYU;INDUSTRI KAYU, BARANG ANYAMAN DARI BAMBU, ROTAN DAN SEJENISNYA;KONSEN PINTU DAN JENDELA;0;-;-;2023
3814;15;JAMBI;1571;157105;1504022013;TANJUNG JOHOR WOOD;RIDWAN PUAR;PO;16221;KAYU;INDUSTRI KAYU, BARANG ANYAMAN DARI BAMBU, ROTAN DAN SEJENISNYA;MEUBEL;7200;BH;-;2023
3815;15;JAMBI;1571;157105;1571051001;HUSIN ABDURRAHMAN;HUSIN ABDURRAHMAN;PO;16221;KAYU;INDUSTRI KAYU, BARANG ANYAMAN DARI BAMBU, ROTAN DAN SEJENISNYA;MEUBEL;7200;BH;-;2023
3816;15;JAMBI;1571;157105;1571051001;SAID SAGAF;SAID SAGAF;PO;16221;KAYU;INDUSTRI KAYU, BARANG ANYAMAN DARI BAMBU, ROTAN DAN SEJENISNYA;MEUBEL;7200;BH;-;2023
3817;15;JAMBI;1571;157105;1571051001;S.ABDURRAHMAN;S.ABDURRAHMAN;PO;16221;KAYU;INDUSTRI KAYU, BARANG ANYAMAN DARI BAMBU, ROTAN DAN SEJENISNYA;MEUBEL;7200;BH;-;2023
3818;15;JAMBI;1571;157105;1571051001;A.RAHMAN;A.RAHMAN;PO;16221;KAYU;INDUSTRI KAYU, BARANG ANYAMAN DARI BAMBU, ROTAN DAN SEJENISNYA;MEUBEL;7200;BH;-;2023
3819;15;JAMBI;1571;157105;1571051001;SAID USMAN;SAID USMAN;PO;16221;KAYU;INDUSTRI KAYU, BARANG ANYAMAN DARI BAMBU, ROTAN DAN SEJENISNYA;MEUBEL;7200;BH;-;2023
3820;15;JAMBI;1571;157105;1571051006;RIKO;RIKO;PO;16221;KAYU;INDUSTRI KAYU, BARANG ANYAMAN DARI BAMBU, ROTAN DAN SEJENISNYA;MEUBEL;7200;BH;-;2023
3821;15;JAMBI;1571;157105;1571051001;SAID ABDURAHMAN;SAID ABDURAHMAN;PO;16221;KAYU;INDUSTRI KAYU, BARANG ANYAMAN DARI BAMBU, ROTAN DAN SEJENISNYA;MEUBEL;7200;BH;-;2023
3822;15;JAMBI;1571;157105;1571051001;-;S. HUSIN AR;PO;16221;KAYU;INDUSTRI KAYU, BARANG ANYAMAN DARI BAMBU, ROTAN DAN SEJENISNYA;MEUBEL;0;-;-;2023
3823;15;JAMBI;1571;157105;1571051001;-;SULAIMAN;PO;16221;KAYU;INDUSTRI KAYU, BARANG ANYAMAN DARI BAMBU, ROTAN DAN SEJENISNYA;MEUBEL;0;-;-;2023
3824;15;JAMBI;1571;157105;1571051001;-;ROZALI;PO;16221;KAYU;INDUSTRI KAYU, BARANG ANYAMAN DARI BAMBU, ROTAN DAN SEJENISNYA;MEUBEL;0;-;-;2023
3825;15;JAMBI;1571;157105;1571051001;-;S. MUHAMMAD;PO;16221;KAYU;INDUSTRI KAYU, BARANG ANYAMAN DARI BAMBU, ROTAN DAN SEJENISNYA;MEUBEL;0;-;-;2023
3826;15;JAMBI;1571;157105;1571051001;-;S. SEGAF;PO;16221;KAYU;INDUSTRI KAYU, BARANG ANYAMAN DARI BAMBU, ROTAN DAN SEJENISNYA;MEUBEL;0;-;-;2023
3827;15;JAMBI;1571;157105;1571051001;-;S. SEHAN;PO;16221;KAYU;INDUSTRI KAYU, BARANG ANYAMAN DARI BAMBU, ROTAN DAN SEJENISNYA;MEUBEL;0;-;-;2023
3828;15;JAMBI;1571;157105;1571051001;-;-;PO;16221;KAYU;INDUSTRI KAYU, BARANG ANYAMAN DARI BAMBU, ROTAN DAN SEJENISNYA;MEUBEL;7200;BH;-;2023
3829;15;JAMBI;1571;157101;1571011002;KARYA BERSAMA;SYAFRIANTO;PO;16221;KAYU;INDUSTRI KAYU, BARANG ANYAMAN DARI BAMBU, ROTAN DAN SEJENISNYA;MOULDING & KOMP.BH BNG KAYU;25;M3;-;2023
3830;15;JAMBI;1571;157104;0;DIAN KUSUMA INDAH;RICKY W KUSUMA WIJAYA;CV;16221;KAYU;INDUSTRI KAYU, BARANG ANYAMAN DARI BAMBU, ROTAN DAN SEJENISNYA;MOULDING & KOMP.BH BNG KAYU;10000;M3;-;2023
3831;15;JAMBI;1571;157101;1571011004;MEUBEL INDAH;MARMA RAMIN;PO;16221;KAYU;INDUSTRI KAYU, BARANG ANYAMAN DARI BAMBU, ROTAN DAN SEJENISNYA;PERABOT RT DARI KAYU;530;UNIT;-;2023
3832;15;JAMBI;1571;157101;1571011004;IND.KECIL;SYAHRIL MUIN;PO;16221;KAYU;INDUSTRI KAYU, BARANG ANYAMAN DARI BAMBU, ROTAN DAN SEJENISNYA;PERABOT RT DARI KAYU;0;-;-;2023
3833;15;JAMBI;1571;157101;1571011004;PERTUKANGAN;MUNAZAR;PO;16221;KAYU;INDUSTRI KAYU, BARANG ANYAMAN DARI BAMBU, ROTAN DAN SEJENISNYA;PERABOT RT DARI KAYU;0;-;-;2023
3834;15;JAMBI;1571;157101;1571011004;INDISTRI RT;SULHADI;PO;16221;KAYU;INDUSTRI KAYU, BARANG ANYAMAN DARI BAMBU, ROTAN DAN SEJENISNYA;PERABOT RT DARI KAYU;0;-;-;2023
3835;15;JAMBI;1571;157101;1571011001;BUBUT BERSAUDARA;SAYUTI;PO;16221;KAYU;INDUSTRI KAYU, BARANG ANYAMAN DARI BAMBU, ROTAN DAN SEJENISNYA;PERABOT RT DARI KAYU;0;-;-;2023
3836;15;JAMBI;1571;157101;1571011001;PABLO MAULANA MEUBEL;H.JAFRI;PO;16221;KAYU;INDUSTRI KAYU, BARANG ANYAMAN DARI BAMBU, ROTAN DAN SEJENISNYA;PERABOT RT DARI KAYU;0;-;-;2023
3837;15;JAMBI;1571;157101;1571011004;SETIA PENDAWA;MACROFA JUFRI;PO;16221;KAYU;INDUSTRI KAYU, BARANG ANYAMAN DARI BAMBU, ROTAN DAN SEJENISNYA;PERABOT RT DARI KAYU;120;UNIT;-;2023
3838;15;JAMBI;1571;157110;1571011004;BHAKTI MULIA;SENEN ANTONIUS;PO;16221;KAYU;INDUSTRI KAYU, BARANG ANYAMAN DARI BAMBU, ROTAN DAN SEJENISNYA;PERABOT RT DARI KAYU;120;UNIT;-;2023
3839;15;JAMBI;1571;157101;1571011004;SAMAN SETIA;SAMAN SATIA;PO;16221;KAYU;INDUSTRI KAYU, BARANG ANYAMAN DARI BAMBU, ROTAN DAN SEJENISNYA;PERABOT RT DARI KAYU;240;UNIT;-;2023
3840;15;JAMBI;1571;157101;1571011004;SAMUDRA JAYA;TEDDY TAOTO;PO;16221;KAYU;INDUSTRI KAYU, BARANG ANYAMAN DARI BAMBU, ROTAN DAN SEJENISNYA;PERABOT RT DARI KAYU;180;UNIT;-;2023
3841;15;JAMBI;1571;157101;1571011004;TAINDO RAYA;NASRI HUSIN;CV;16221;KAYU;INDUSTRI KAYU, BARANG ANYAMAN DARI BAMBU, ROTAN DAN SEJENISNYA;PERABOT RT DARI KAYU;150;UNIT;-;2023
3842;15;JAMBI;1571;157101;0;-;YUSNAWATI;PO;16221;KAYU;INDUSTRI KAYU, BARANG ANYAMAN DARI BAMBU, ROTAN DAN SEJENISNYA;MEUBEL;0;-;-;2023
3843;15;JAMBI;1571;157101;1571011001;-;NY. NURJANAH;PO;16221;KAYU;INDUSTRI KAYU, BARANG ANYAMAN DARI BAMBU, ROTAN DAN SEJENISNYA;MEUBEL;0;-;-;2023
3844;15;JAMBI;1571;157101;0;INDAH JAYA;JAMADI;PO;16221;KAYU;INDUSTRI KAYU, BARANG ANYAMAN DARI BAMBU, ROTAN DAN SEJENISNYA;MEUBEL;0;-;-;2023
3845;15;JAMBI;1571;157101;1571011004;ANDIKA JAYA;STYO HARTONO;PO;16221;KAYU;INDUSTRI KAYU, BARANG ANYAMAN DARI BAMBU, ROTAN DAN SEJENISNYA;MEUBEL;0;-;-;2023
3846;15;JAMBI;1571;157101;1571011004;KARYA INDAH JAYA;AHMAD MARZUKI;PO;16221;KAYU;INDUSTRI KAYU, BARANG ANYAMAN DARI BAMBU, ROTAN DAN SEJENISNYA;MEUBEL;0;-;-;2023
3847;15;JAMBI;1571;157101;1571011004;MEUBEL ANUGERAH;HJ.EMI;PO;16221;KAYU;INDUSTRI KAYU, BARANG ANYAMAN DARI BAMBU, ROTAN DAN SEJENISNYA;MEUBEL;0;-;-;2023
3848;15;JAMBI;1571;157101;1571011010;ANDIKA JAYA FURNITURE;SETIO;PO;16221;KAYU;INDUSTRI KAYU, BARANG ANYAMAN DARI BAMBU, ROTAN DAN SEJENISNYA;MEUBEL;0;-;-;2023
3849;15;JAMBI;1571;157101;0;AIS;YUDI;PO;16221;KAYU;INDUSTRI KAYU, BARANG ANYAMAN DARI BAMBU, ROTAN DAN SEJENISNYA;MEUBEL;0;-;-;2023
3850;15;JAMBI;1571;157101;0;AMRAN PERABOT;GARITO AMRAN;PO;16221;KAYU;INDUSTRI KAYU, BARANG ANYAMAN DARI BAMBU, ROTAN DAN SEJENISNYA;MEUBEL;0;-;-;2023
3851;15;JAMBI;1571;157110;1571101003;YUSIDA;H. FAJRI;PO;16221;KAYU;INDUSTRI KAYU, BARANG ANYAMAN DARI BAMBU, ROTAN DAN SEJENISNYA;MEUBEL;0;-;-;2023
3852;15;JAMBI;1571;157101;1571011004;BERKAT ANUGRAH;LENA;PT;16221;KAYU;INDUSTRI KAYU, BARANG ANYAMAN DARI BAMBU, ROTAN DAN SEJENISNYA;MEUBEL;0;-;-;2023
3853;15;JAMBI;1571;157101;0;KARYA MAJU LESTARI;H. M. SHALEH;PO;16221;KAYU;INDUSTRI KAYU, BARANG ANYAMAN DARI BAMBU, ROTAN DAN SEJENISNYA;KONSEN PINTU DAN JENDELA;0;-;-;2023
3854;15;JAMBI;1571;157101;1571011002;C. WIGAWATI;PULUNG PRASETYO;PO;16221;KAYU;INDUSTRI KAYU, BARANG ANYAMAN DARI BAMBU, ROTAN DAN SEJENISNYA;KONSEN PINTU DAN JENDELA;0;-;-;2023
3855;15;JAMBI;1571;157101;1571011001;M. ZARKASIH;ZARKASIH;PO;16221;KAYU;INDUSTRI KAYU, BARANG ANYAMAN DARI BAMBU, ROTAN DAN SEJENISNYA;KONSEN PINTU DAN JENDELA;0;-;-;2023
3856;15;JAMBI;1571;157101;1571011001;SUGITO;SUGITO;PO;16221;KAYU;INDUSTRI KAYU, BARANG ANYAMAN DARI BAMBU, ROTAN DAN SEJENISNYA;KONSEN PINTU DAN JENDELA;0;-;-;2023
3857;15;JAMBI;1571;157101;1571011001;ZULKARNAIN;ZULKURNAIN HASIBUAN;PO;16221;KAYU;INDUSTRI KAYU, BARANG ANYAMAN DARI BAMBU, ROTAN DAN SEJENISNYA;KONSEN PINTU DAN JENDELA;0;-;-;2023
3858;15;JAMBI;1571;157101;1571011004;IMAM SUMALIK;IMRAN SUMAKIL;PO;16221;KAYU;INDUSTRI KAYU, BARANG ANYAMAN DARI BAMBU, ROTAN DAN SEJENISNYA;KONSEN PINTU DAN JENDELA;0;-;-;2023
3859;15;JAMBI;1571;157101;1571011004;RAPILO;J.SIMARAMATA;PO;16221;KAYU;INDUSTRI KAYU, BARANG ANYAMAN DARI BAMBU, ROTAN DAN SEJENISNYA;KONSEN PINTU DAN JENDELA;0;-;-;2023
3860;15;JAMBI;1571;157101;1571011004;TIO KARYA INDAH;MUKHTAR TONO;PO;16221;KAYU;INDUSTRI KAYU, BARANG ANYAMAN DARI BAMBU, ROTAN DAN SEJENISNYA;KONSEN PINTU DAN JENDELA;0;-;-;2023
3861;15;JAMBI;1571;157101;1571011001;RIZKI;M.YARKASI;PO;16221;KAYU;INDUSTRI KAYU, BARANG ANYAMAN DARI BAMBU, ROTAN DAN SEJENISNYA;KONSEN PINTU DAN JENDELA;0;-;-;2023
3862;15;JAMBI;1571;157101;1571011011;HARAPAN JAYA;PAIKEM;PO;16221;KAYU;INDUSTRI KAYU, BARANG ANYAMAN DARI BAMBU, ROTAN DAN SEJENISNYA;KONSEN PINTU DAN JENDELA;0;-;-;2023
3863;15;JAMBI;1571;157101;1571011002;C.WIGATI;SUNARTO;PO;16221;KAYU;INDUSTRI KAYU, BARANG ANYAMAN DARI BAMBU, ROTAN DAN SEJENISNYA;KONSEN PINTU DAN JENDELA;0;-;-;2023
3864;15;JAMBI;1571;157101;1571011004;KELUARGA;SELAMET;PO;16221;KAYU;INDUSTRI KAYU, BARANG ANYAMAN DARI BAMBU, ROTAN DAN SEJENISNYA;MEUBEL;7200;BH;-;2023
3865;15;JAMBI;1571;157101;1571011004;AD JAYA MANDIRI;ADNAN;PO;16221;KAYU;INDUSTRI KAYU, BARANG ANYAMAN DARI BAMBU, ROTAN DAN SEJENISNYA;MEUBEL;7200;BH;-;2023
3866;15;JAMBI;1571;157101;1571011004;USAHA MEUBEL;Q.A.MUZAFAR;PO;16221;KAYU;INDUSTRI KAYU, BARANG ANYAMAN DARI BAMBU, ROTAN DAN SEJENISNYA;MEUBEL;7200;BH;-;2023
3867;15;JAMBI;1571;157101;1571011004;MARZUKI;MARZUKI;PO;16221;KAYU;INDUSTRI KAYU, BARANG ANYAMAN DARI BAMBU, ROTAN DAN SEJENISNYA;MEUBEL;7200;BH;-;2023
3868;15;JAMBI;1571;157101;1571011004;B. S. JUNTAK;B. S. JUNTAK;PO;16221;KAYU;INDUSTRI KAYU, BARANG ANYAMAN DARI BAMBU, ROTAN DAN SEJENISNYA;MEUBEL;7200;BH;-;2023
3869;15;JAMBI;1571;157101;1571011004;SUPARMAN;SUPARMAN;PO;16221;KAYU;INDUSTRI KAYU, BARANG ANYAMAN DARI BAMBU, ROTAN DAN SEJENISNYA;MEUBEL;7200;BH;-;2023
3870;15;JAMBI;1571;157101;1571011004;SAPLI;SAPLI;PO;16221;KAYU;INDUSTRI KAYU, BARANG ANYAMAN DARI BAMBU, ROTAN DAN SEJENISNYA;MEUBEL;7200;BH;-;2023
3871;15;JAMBI;1571;157101;0;KUSNUL JATI JEPARA;-;PO;16221;KAYU;INDUSTRI KAYU, BARANG ANYAMAN DARI BAMBU, ROTAN DAN SEJENISNYA;MEUBEL;7200;BH;-;2023
3872;15;JAMBI;1571;157101;0;KADIR;KADIR;PO;16221;KAYU;INDUSTRI KAYU, BARANG ANYAMAN DARI BAMBU, ROTAN DAN SEJENISNYA;MEUBEL;7200;BH;-;2023
3873;15;JAMBI;1571;157101;1571101004;ROSMAWATI;ROSMAWATI;PO;16221;KAYU;INDUSTRI KAYU, BARANG ANYAMAN DARI BAMBU, ROTAN DAN SEJENISNYA;MEUBEL;7200;BH;-;2023
3874;15;JAMBI;1571;157101;1571091002;FAHRI FURNITURE;SITI;PO;16221;KAYU;INDUSTRI KAYU, BARANG ANYAMAN DARI BAMBU, ROTAN DAN SEJENISNYA;MEUBEL;7200;BH;-;2023
3875;15;JAMBI;1571;157101;0;SYAIDINA ALI;SYAIDINA ALI;PO;16221;KAYU;INDUSTRI KAYU, BARANG ANYAMAN DARI BAMBU, ROTAN DAN SEJENISNYA;MEUBEL;7200;BH;-;2023
3876;15;JAMBI;1571;157109;1571091001;PERABOT MONO DADI;JASWADI;PO;16221;KAYU;INDUSTRI KAYU, BARANG ANYAMAN DARI BAMBU, ROTAN DAN SEJENISNYA;KONSEN PINTU DAN JENDELA;0;-;-;2023
3877;15;JAMBI;1571;157109;1571091004;DUA SAUDARA;TAIRON;PO;16221;KAYU;INDUSTRI KAYU, BARANG ANYAMAN DARI BAMBU, ROTAN DAN SEJENISNYA;MEUBEL;0;-;-;2023
3878;15;JAMBI;1571;157109;1571091001;PERABOT NUR;RTS.NURHAYATI;PO;16221;KAYU;INDUSTRI KAYU, BARANG ANYAMAN DARI BAMBU, ROTAN DAN SEJENISNYA;PERABOT;0;-;-;2023
3879;15;JAMBI;1571;157109;1507112005;BANGSAL KUSEN 2 PUTRA;KODRAT ARDIANSYAH;PO;16221;KAYU;INDUSTRI KAYU, BARANG ANYAMAN DARI BAMBU, ROTAN DAN SEJENISNYA;KONSEN PINTU DAN JENDELA;0;-;-;2023
3880;15;JAMBI;1571;157109;1571091001;KHALIFAH MEUBEL;INDRA;PO;16221;KAYU;INDUSTRI KAYU, BARANG ANYAMAN DARI BAMBU, ROTAN DAN SEJENISNYA;MEUBEL;0;-;-;2023
3881;15;JAMBI;1571;157109;1507112005;SIDIK MEUBEL;SIDIK ABDULLAH;PO;16221;KAYU;INDUSTRI KAYU, BARANG ANYAMAN DARI BAMBU, ROTAN DAN SEJENISNYA;MEUBEL DAN PERABOT;0;-;-;2023
3882;15;JAMBI;1571;157109;1571091004;REZKY BAROKAH;MARYATI;PO;16221;KAYU;INDUSTRI KAYU, BARANG ANYAMAN DARI BAMBU, ROTAN DAN SEJENISNYA;KONSEN PINTU DAN JENDELA;0;-;-;2023
3883;15;JAMBI;1571;157109;1571091005;ZAKY MEUBEL;ZAENUDDIN;PO;16221;KAYU;INDUSTRI KAYU, BARANG ANYAMAN DARI BAMBU, ROTAN DAN SEJENISNYA;MEUBEL;0;-;-;2023
3884;15;JAMBI;1571;157106;1504062009;-;SAID ALWI;PO;16221;KAYU;INDUSTRI KAYU, BARANG ANYAMAN DARI BAMBU, ROTAN DAN SEJENISNYA;BANGSAL KAYU;0;-;-;2023
3885;15;JAMBI;1571;157106;1504062009;-;AHMAD DASUKI;PO;16221;KAYU;INDUSTRI KAYU, BARANG ANYAMAN DARI BAMBU, ROTAN DAN SEJENISNYA;MEUBEL;0;-;-;2023
3886;15;JAMBI;1571;157106;1504062009;-;A.FIRDAUS;PO;16221;KAYU;INDUSTRI KAYU, BARANG ANYAMAN DARI BAMBU, ROTAN DAN SEJENISNYA;MEUBEL;0;-;-;2023
3887;15;JAMBI;1571;157106;1504062009;-;QODRI;PO;16221;KAYU;INDUSTRI KAYU, BARANG ANYAMAN DARI BAMBU, ROTAN DAN SEJENISNYA;MEUBEL;0;-;-;2023
3888;15;JAMBI;1571;157106;1504062009;-;MUHAMMAD IRSAN;PO;16221;KAYU;INDUSTRI KAYU, BARANG ANYAMAN DARI BAMBU, ROTAN DAN SEJENISNYA;MEUBEL;0;-;-;2023
3889;15;JAMBI;1571;157106;1571061005;-;SUKASMAN;PO;16221;KAYU;INDUSTRI KAYU, BARANG ANYAMAN DARI BAMBU, ROTAN DAN SEJENISNYA;MEUBEL;0;-;-;2023
3890;15;JAMBI;1571;157106;1571061005;-;NURMAN;PO;16221;KAYU;INDUSTRI KAYU, BARANG ANYAMAN DARI BAMBU, ROTAN DAN SEJENISNYA;MEUBEL;0;-;-;2023
3891;15;JAMBI;1571;157106;1503022014;-;DARMAWI;PO;16221;KAYU;INDUSTRI KAYU, BARANG ANYAMAN DARI BAMBU, ROTAN DAN SEJENISNYA;MEUBEL;0;-;-;2023
3892;15;JAMBI;1571;157106;1503022014;-;ADI SANJAYA;PO;16221;KAYU;INDUSTRI KAYU, BARANG ANYAMAN DARI BAMBU, ROTAN DAN SEJENISNYA;MEUBEL;0;-;-;2023
3893;15;JAMBI;1571;157106;1503022014;-;RD. SYAHBUDIN;PO;16221;KAYU;INDUSTRI KAYU, BARANG ANYAMAN DARI BAMBU, ROTAN DAN SEJENISNYA;MEUBEL;0;-;-;2023
3894;15;JAMBI;1571;157111;1571111003;KONSEN MARGONO;MARGONO;PO;16221;KAYU;INDUSTRI KAYU, BARANG ANYAMAN DARI BAMBU, ROTAN DAN SEJENISNYA;KONSEN KAYU;0;-;-;2023
3895;15;JAMBI;1571;157111;1571111002;LH FURNITURE;HASANUDIN;PO;16221;KAYU;INDUSTRI KAYU, BARANG ANYAMAN DARI BAMBU, ROTAN DAN SEJENISNYA;MEUBEL;0;-;-;2023
3896;15;JAMBI;1571;157105;1571051001;-;AHMAD TARMIXI;PO;16221;KAYU;INDUSTRI KAYU, BARANG ANYAMAN DARI BAMBU, ROTAN DAN SEJENISNYA;PERABOT RT DARI KAYU;0;-;-;2023
3897;15;JAMBI;1571;157105;1571051001;-;S.HUSIN ALJUFRI;PO;16221;KAYU;INDUSTRI KAYU, BARANG ANYAMAN DARI BAMBU, ROTAN DAN SEJENISNYA;PERABOT RT DARI KAYU;0;-;-;2023
3898;15;JAMBI;1571;157105;1571051001;-;S.SEHAN;PO;16221;KAYU;INDUSTRI KAYU, BARANG ANYAMAN DARI BAMBU, ROTAN DAN SEJENISNYA;KONSEN PINTU DAN JENDELA;0;-;-;2023
3899;15;JAMBI;1571;157105;1571051001;-;A. HASZMI;PO;16221;KAYU;INDUSTRI KAYU, BARANG ANYAMAN DARI BAMBU, ROTAN DAN SEJENISNYA;KONSEN PINTU DAN JENDELA;0;-;-;2023
3900;15;JAMBI;1571;157105;1571051001;-;SYEHAN BARAGBAH;PO;16221;KAYU;INDUSTRI KAYU, BARANG ANYAMAN DARI BAMBU, ROTAN DAN SEJENISNYA;KONSEN PINTU DAN JENDELA;0;-;-;2023
3901;15;JAMBI;1571;157105;1571051001;-;M.ZUBER;PO;16221;KAYU;INDUSTRI KAYU, BARANG ANYAMAN DARI BAMBU, ROTAN DAN SEJENISNYA;KONSEN PINTU DAN JENDELA;0;-;-;2023
3902;15;JAMBI;1571;157105;1571051001;-;SAID SULAIMAN;PO;16221;KAYU;INDUSTRI KAYU, BARANG ANYAMAN DARI BAMBU, ROTAN DAN SEJENISNYA;KONSEN PINTU DAN JENDELA;0;-;-;2023
3903;15;JAMBI;1571;157105;1571051002;-;DARSAIN;PO;16221;KAYU;INDUSTRI KAYU, BARANG ANYAMAN DARI BAMBU, ROTAN DAN SEJENISNYA;KONSEN PINTU DAN JENDELA;0;-;-;2023
3904;15;JAMBI;1571;157105;1571051005;-;ANWAR SADAT;PO;16221;KAYU;INDUSTRI KAYU, BARANG ANYAMAN DARI BAMBU, ROTAN DAN SEJENISNYA;BANGSAL KAYU;0;-;-;2023
3905;15;JAMBI;1571;157105;1571051005;-;AHMAD SARBANI;PO;16221;KAYU;INDUSTRI KAYU, BARANG ANYAMAN DARI BAMBU, ROTAN DAN SEJENISNYA;PERABOT RT DARI KAYU;0;-;-;2023
3906;15;JAMBI;1571;157105;1571051005;-;TURINO JUNAIDI;PO;16221;KAYU;INDUSTRI KAYU, BARANG ANYAMAN DARI BAMBU, ROTAN DAN SEJENISNYA;MEUBEL;0;-;-;2023
3907;15;JAMBI;1571;157105;1571051005;-;PAUZI;PO;16221;KAYU;INDUSTRI KAYU, BARANG ANYAMAN DARI BAMBU, ROTAN DAN SEJENISNYA;KERAJINAN ROTAN;0;-;-;2023
3908;15;JAMBI;1571;157105;1571051005;-;DURIA;PO;16221;KAYU;INDUSTRI KAYU, BARANG ANYAMAN DARI BAMBU, ROTAN DAN SEJENISNYA;KERAJINAN ROTAN;0;-;-;2023
3909;15;JAMBI;1571;157105;1571051005;-;HAROMAN;PO;16221;KAYU;INDUSTRI KAYU, BARANG ANYAMAN DARI BAMBU, ROTAN DAN SEJENISNYA;KERAJINAN ROTAN;0;-;-;2023
3910;15;JAMBI;1571;157105;1571051005;-;EFENDI.S;PO;16221;-;INDUSTRI KAYU, BARANG ANYAMAN DARI BAMBU, ROTAN DAN SEJENISNYA;ANYAMAN KAWAT;0;-;-;2023
3911;15;JAMBI;1571;157105;1571051005;-;IBNU HAJAR;PO;16221;-;INDUSTRI KAYU, BARANG ANYAMAN DARI BAMBU, ROTAN DAN SEJENISNYA;ANYAMAN KAWAT;0;-;-;2023
3912;15;JAMBI;1571;157105;1571051005;-;A.MAJID;PO;16221;-;INDUSTRI KAYU, BARANG ANYAMAN DARI BAMBU, ROTAN DAN SEJENISNYA;ANYAMAN KAWAT;0;-;-;2023
3913;15;JAMBI;1571;157105;1571051005;-;SUAIDI;PO;16221;-;INDUSTRI KAYU, BARANG ANYAMAN DARI BAMBU, ROTAN DAN SEJENISNYA;ANYAMAN KAWAT;0;-;-;2023
3914;15;JAMBI;1571;157105;1571051005;-;BUCHORI;PO;16221;-;INDUSTRI KAYU, BARANG ANYAMAN DARI BAMBU, ROTAN DAN SEJENISNYA;ANYAMAN KAWAT;0;-;-;2023
3915;15;JAMBI;1571;157105;1571051005;-;DAIMAN;PO;16221;-;INDUSTRI KAYU, BARANG ANYAMAN DARI BAMBU, ROTAN DAN SEJENISNYA;ANYAMAN KAWAT;0;-;-;2023
3916;15;JAMBI;1571;157101;1571011010;-;RD.SAMAN;PO;16221;KAYU;INDUSTRI KAYU, BARANG ANYAMAN DARI BAMBU, ROTAN DAN SEJENISNYA;KONSEN/MEUBEL;0;-;-;2023
3917;15;JAMBI;1571;157101;1571011010;-;JUMIRIN;PO;16221;KAYU;INDUSTRI KAYU, BARANG ANYAMAN DARI BAMBU, ROTAN DAN SEJENISNYA;KONSEN/MEUBEL;0;-;-;2023
3918;15;JAMBI;1571;157101;1571011010;KONSEN 2 PUTRI;LENI MARLINA;PO;16221;KAYU;INDUSTRI KAYU, BARANG ANYAMAN DARI BAMBU, ROTAN DAN SEJENISNYA;KONSEN;0;-;-;2023
3919;15;JAMBI;1571;157101;1571011010;-;RUDI HARTONO;PO;16221;KAYU;INDUSTRI KAYU, BARANG ANYAMAN DARI BAMBU, ROTAN DAN SEJENISNYA;KONSEN;0;-;-;2023
3920;15;JAMBI;1571;157101;1571011010;-;FITRI KUSNADI;PO;16221;KAYU;INDUSTRI KAYU, BARANG ANYAMAN DARI BAMBU, ROTAN DAN SEJENISNYA;KONSEN;0;-;-;2023
3921;15;JAMBI;1571;157103;1571031001;DEGA . INC;HALIMULLAH;PO;16221;-;INDUSTRI KAYU, BARANG ANYAMAN DARI BAMBU, ROTAN DAN SEJENISNYA;TAS;1;BH;-;2023
3922;15;JAMBI;1571;157105;1571051005;-;ROSIDI;PO;16221;KAYU;INDUSTRI KAYU, BARANG ANYAMAN DARI BAMBU, ROTAN DAN SEJENISNYA;KONSEN;0;-;-;2023
3923;15;JAMBI;1571;157105;1571051005;-;AHMAD;PO;16221;KAYU;INDUSTRI KAYU, BARANG ANYAMAN DARI BAMBU, ROTAN DAN SEJENISNYA;KONSEN;0;-;-;2023
3924;15;JAMBI;1571;157105;1571051005;-;FAUZI ADNAN;PO;16221;KAYU;INDUSTRI KAYU, BARANG ANYAMAN DARI BAMBU, ROTAN DAN SEJENISNYA;KERAJINAN ROTAN;0;-;-;2023
3925;15;JAMBI;1571;157108;1503092004;WAHYU COCOS;WAHYU;PO;16221;TEMPURUNG;INDUSTRI KAYU, BARANG ANYAMAN DARI BAMBU, ROTAN DAN SEJENISNYA;KOTAK TISU;2;UNIT;-;2023
3926;15;JAMBI;1571;157101;1571011002;EVA CRAFT;EVA;PO;16221;LIMBAH DAUR ULANG;INDUSTRI KAYU, BARANG ANYAMAN DARI BAMBU, ROTAN DAN SEJENISNYA;TAS, TEMPAT AIR;0;-;-;2023
3927;15;JAMBI;1571;157102;1571021004;D'MOROY;DEWI MORO WATI;PO;16221;DAUN PANDAN;INDUSTRI KAYU, BARANG ANYAMAN DARI BAMBU, ROTAN DAN SEJENISNYA;TAS ANYAMAN;150;BUAH;-;2023
3928;15;JAMBI;1571;157102;1571021004;BLIMEY KITO;LIBRENDAH WIDRI ENGGGAL;PO;16221;KAIN, BATIK;INDUSTRI KAYU, BARANG ANYAMAN DARI BAMBU, ROTAN DAN SEJENISNYA;HOME DÉCOR;700;PCS;-;2023
3929;15;JAMBI;1571;157107;1571071004;SENTRA GALERI;HARIS;PO;16230;KAYU;INDUSTRI KAYU, BARANG ANYAMAN DARI BAMBU, ROTAN DAN SEJENISNYA;KERAJINAN WADAH;198000;BH;-;2023
3930;15;JAMBI;1571;157102;0;KARYA TUNGGAL;DANIEL;PO;16293;KAYU;INDUSTRI KAYU, BARANG ANYAMAN DARI BAMBU, ROTAN DAN SEJENISNYA;KERAJINAN KAYU;500;UNIT;-;2023
3931;15;JAMBI;1571;157108;1571081002;BANK SAMPAH JUJUR;RAWASILELDA;PO;16293;KAYU;INDUSTRI KAYU, BARANG ANYAMAN DARI BAMBU, ROTAN DAN SEJENISNYA;ASESORIS/CINDERAMATA KAYU;216;UNIT;-;2023
3932;15;JAMBI;1571;157108;1571081002;BANK SAMPAH JUJUR;EMA;PO;16293;KAYU;INDUSTRI KAYU, BARANG ANYAMAN DARI BAMBU, ROTAN DAN SEJENISNYA;ASESORIS/CINDERAMATA KAYU;216;UNIT;-;2023
3933;15;JAMBI;1571;157107;1571071004;BANK SAMPAH BANGKITKU;IMAN PRASETYAWAN, A.MD;PO;16293;KAYU;INDUSTRI KAYU, BARANG ANYAMAN DARI BAMBU, ROTAN DAN SEJENISNYA;ASESORIS/CINDERAMATA;150;UNIT;-;2023
3934;15;JAMBI;1571;157107;1571071004;BANK SAMPAH BANGKITKU;SANTOSO;PO;16293;KAYU;INDUSTRI KAYU, BARANG ANYAMAN DARI BAMBU, ROTAN DAN SEJENISNYA;ASESORIS/CINDERAMATA;150;UNIT;-;2023
3935;15;JAMBI;1571;157104;0;-;SUGENG NURYANTO;-;16293;KAYU;INDUSTRI KAYU, BARANG ANYAMAN DARI BAMBU, ROTAN DAN SEJENISNYA;KERAJINAN KAYU;250;UNIT;-;2023
3936;15;JAMBI;1571;157101;1571011004;ARTISTIK;SYAIFUL SH;PO;16293;KAYU;INDUSTRI KAYU, BARANG ANYAMAN DARI BAMBU, ROTAN DAN SEJENISNYA;ASESORIS/CINDERAMATA KAYU;960;UNIT;-;2023
3937;15;JAMBI;1571;157104;1571041004;-;SYAFMENDRA;PO;16293;-;INDUSTRI KAYU, BARANG ANYAMAN DARI BAMBU, ROTAN DAN SEJENISNYA;ACCESORIS;0;-;-;2023
3938;15;JAMBI;1571;157105;1571051005;-;MARWAN;PO;16293;KAYU;INDUSTRI KAYU, BARANG ANYAMAN DARI BAMBU, ROTAN DAN SEJENISNYA;ASESORIS;0;-;-;2023
3939;15;JAMBI;1571;157105;1571051005;-;USMAN;PO;16293;KAYU;INDUSTRI KAYU, BARANG ANYAMAN DARI BAMBU, ROTAN DAN SEJENISNYA;KERAJINAN KAYU;0;-;-;2023
3940;15;JAMBI;1571;157105;1571051005;-;JUMAN;PO;16293;KAYU;INDUSTRI KAYU, BARANG ANYAMAN DARI BAMBU, ROTAN DAN SEJENISNYA;KERAJINAN KAYU;0;-;-;2023
3941;15;JAMBI;1571;157110;1571101004;-;YETTI ROFIDA;PO;16293;-;INDUSTRI PENGOLAHAN LAINNYA;ACCESORIS MANIK-MANIK,TENGKULUK DLL;0;-;-;2023
3942;15;JAMBI;1571;157104;0;-;SIU HONG;PO;16293;-;INDUSTRI KAYU, BARANG ANYAMAN DARI BAMBU, ROTAN DAN SEJENISNYA;PERAJIN SARUNG BANTAL;0;-;-;2023
3943;15;JAMBI;1571;157104;0;-;AMARTANTI;PO;16293;-;INDUSTRI KAYU, BARANG ANYAMAN DARI BAMBU, ROTAN DAN SEJENISNYA;PENGOLAHAN B;0;-;-;2023
3944;15;JAMBI;1571;157101;1571011010;IFEDUL CRAFT;ASWIFA ABDULLAH. S;PO;16293;-;INDUSTRI KAYU, BARANG ANYAMAN DARI BAMBU, ROTAN DAN SEJENISNYA;ASESORIS,VAS BUNGA,KOTAK TISU DLL;0;-;-;2023
3945;15;JAMBI;1571;157106;1571061001;-;DESI;PO;16295;KAYU;INDUSTRI KAYU, BARANG ANYAMAN DARI BAMBU, ROTAN DAN SEJENISNYA;KOTAK BUAH & KOTAK KABEL;750;UNIT;-;2023
3946;15;JAMBI;1571;157106;1571061001;-;NENI;PO;16295;KAYU;INDUSTRI KAYU, BARANG ANYAMAN DARI BAMBU, ROTAN DAN SEJENISNYA;KOTAK BUAH;750;UNIT;-;2023
3947;15;JAMBI;1571;157106;1571061001;-;MUSTAFA & ROSITA;PO;16295;KAYU;INDUSTRI KAYU, BARANG ANYAMAN DARI BAMBU, ROTAN DAN SEJENISNYA;KOTAK BUAH;750;UNIT;-;2023
3948;15;JAMBI;1571;157102;0;AGI MULYO;IR DWI KRISNANDA;PO;16295;KAYU;INDUSTRI KAYU, BARANG ANYAMAN DARI BAMBU, ROTAN DAN SEJENISNYA;PALET/PETI KEMAS;750;UNIT;-;2023
3949;15;JAMBI;1571;157109;1571091004;UKIR;WIJI;PO;16299;KAYU;INDUSTRI KAYU, BARANG ANYAMAN DARI BAMBU, ROTAN DAN SEJENISNYA;BUBUT KAYU;750;UNIT;-;2023
3950;15;JAMBI;1571;157108;1503092004;KERAJINAN KAYU BUBUT BOLONG;SUKIRNO;PO;16299;PELET KAYU;INDUSTRI KAYU, BARANG ANYAMAN DARI BAMBU, ROTAN DAN SEJENISNYA;BUBUT KAYU;7200;BH;-;2023
3951;15;JAMBI;1571;157101;1571011011;GENTALA ARASY;KAMISAH, S.PD;PO;16299;PELET KAYU;INDUSTRI KAYU, BARANG ANYAMAN DARI BAMBU, ROTAN DAN SEJENISNYA;BUBUT KAYU;7200;BH;-;2023
3952;15;JAMBI;1571;157108;1571081006;-;DJULIANTO;PO;31001;-;INDUSTRI FURNITUR;FURNITURE;0;-;-;2023
3953;15;JAMBI;1571;157108;1571081006;-;AMRAN;PO;31001;-;INDUSTRI FURNITUR;FURNITURE;30;MEJA;-;2023
3954;15;JAMBI;1571;157110;1571101005;IWAN;IWAN;PO;32112;LOGAM MULIA;INDUSTRI PENGOLAHAN LAINNYA;BATU MULIA;50;BUAH;-;2023
3955;15;JAMBI;1571;157110;1571101005;DEDEI. I;DEDEI. I;PO;32112;LOGAM MULIA;INDUSTRI PENGOLAHAN LAINNYA;BATU MULIA;50;BUAH;-;2023
3956;15;JAMBI;1571;157110;1571101001;FRAN POLI;FRAN POLI;PO;32112;LOGAM MULIA;INDUSTRI PENGOLAHAN LAINNYA;BATU MULIA;50;BUAH;-;2023
3957;15;JAMBI;1571;157110;1571101001;MEGI. S;MEGI. S;PO;32112;LOGAM MULIA;INDUSTRI PENGOLAHAN LAINNYA;BATU MULIA;50;BUAH;-;2023
3958;15;JAMBI;1571;157110;1571101001;SULTAN;SULTAN;PO;32112;LOGAM MULIA;INDUSTRI PENGOLAHAN LAINNYA;BATU MULIA;50;BUAH;-;2023
3959;15;JAMBI;1571;157110;1571101001;CANDRA JAYA;CANDRA JAYA;PO;32112;LOGAM MULIA;INDUSTRI PENGOLAHAN LAINNYA;BATU MULIA;50;BUAH;-;2023
3960;15;JAMBI;1571;157110;1571101001;FRENGKI;FRENGKI;PO;32112;LOGAM MULIA;INDUSTRI PENGOLAHAN LAINNYA;BATU MULIA;50;BUAH;-;2023
3961;15;JAMBI;1571;157110;1571101001;EEF FRIADI;EEF FRIADI;PO;32112;LOGAM MULIA;INDUSTRI PENGOLAHAN LAINNYA;BATU MULIA;50;BUAH;-;2023
3962;15;JAMBI;1571;157110;1571101001;RIANSAH PUTRA;RIANSAH PUTRA;PO;32112;LOGAM MULIA;INDUSTRI PENGOLAHAN LAINNYA;BATU MULIA;50;BUAH;-;2023
3963;15;JAMBI;1571;157110;1571101001;AMRIZAL;AMRIZAL;PO;32112;LOGAM MULIA;INDUSTRI PENGOLAHAN LAINNYA;BATU MULIA;50;BUAH;-;2023
3964;15;JAMBI;1571;157110;1571101001;ALIM PRIH PUJIANTO;ALIM PRIH PUJIANTO;PO;32112;LOGAM MULIA;INDUSTRI PENGOLAHAN LAINNYA;BATU MULIA;50;BUAH;-;2023
3965;15;JAMBI;1571;157110;1571101001;ROBBI;ROBBI;PO;32112;LOGAM MULIA;INDUSTRI PENGOLAHAN LAINNYA;BATU MULIA;50;BUAH;-;2023
3966;15;JAMBI;1571;157106;1571061005;RULAM;RULAM;PO;32112;LOGAM MULIA;INDUSTRI PENGOLAHAN LAINNYA;BATU MULIA;50;BUAH;-;2023
3967;15;JAMBI;1571;157106;1571061005;M. NAJMI;M. NAJMI;PO;32112;LOGAM MULIA;INDUSTRI PENGOLAHAN LAINNYA;BATU MULIA;50;BUAH;-;2023
3968;15;JAMBI;1571;157106;1571061005;HUSIN YAHYA;HUSIN YAHYA;PO;32112;LOGAM MULIA;INDUSTRI PENGOLAHAN LAINNYA;BATU MULIA;50;BUAH;-;2023
3969;15;JAMBI;1571;157106;1571061005;SYARGAWI;SYARGAWI;PO;32112;LOGAM MULIA;INDUSTRI PENGOLAHAN LAINNYA;BATU MULIA;50;BUAH;-;2023
3970;15;JAMBI;1571;157106;1571061005;JUNAIDI;JUNAIDI;PO;32112;LOGAM MULIA;INDUSTRI PENGOLAHAN LAINNYA;BATU MULIA;50;BUAH;-;2023
3971;15;JAMBI;1571;157106;1571061005;SUHAIMI HZ;SUHAIMI HZ;PO;32112;LOGAM MULIA;INDUSTRI PENGOLAHAN LAINNYA;BATU MULIA;50;BUAH;-;2023
3972;15;JAMBI;1571;157106;1571061005;SOLIHIN;SOLIHIN;PO;32112;LOGAM MULIA;INDUSTRI PENGOLAHAN LAINNYA;BATU MULIA;50;BUAH;-;2023
3973;15;JAMBI;1571;157106;1571061005;SAHLAN;SAHLAN;PO;32112;LOGAM MULIA;INDUSTRI PENGOLAHAN LAINNYA;BATU MULIA;50;BUAH;-;2023
3974;15;JAMBI;1571;157106;1571061005;DERAMAN;DERAMAN;PO;32112;LOGAM MULIA;INDUSTRI PENGOLAHAN LAINNYA;BATU MULIA;50;BUAH;-;2023
3975;15;JAMBI;1571;157106;1571061005;SALEH;SALEH;PO;32112;LOGAM MULIA;INDUSTRI PENGOLAHAN LAINNYA;BATU MULIA;50;BUAH;-;2023
3976;15;JAMBI;1571;157102;1571111004;JHON HERIAL;JHON HERIAL;PO;32112;LOGAM MULIA;INDUSTRI PENGOLAHAN LAINNYA;GELANG, CINCIN, KALUNG;50;BUAH;-;2023
3977;15;JAMBI;1571;157111;1571111004;ARIEL;ARIEL;PO;32112;LOGAM MULIA;INDUSTRI PENGOLAHAN LAINNYA;GELANG;100;BUAH;-;2023
3978;15;JAMBI;1571;157111;1571111004;ANJASMARA;ANJASMARA;PO;32112;LOGAM MULIA;INDUSTRI PENGOLAHAN LAINNYA;GELANG;100;BUAH;-;2023
3979;15;JAMBI;1571;157111;1571111004;SYAFRIZAL;SYAFRIZAL;PO;32112;LOGAM MULIA;INDUSTRI PENGOLAHAN LAINNYA;GELANG;100;BUAH;-;2023
3980;15;JAMBI;1571;157111;1571111004;AHMAD ZEN;AHMAD ZEN;PO;32112;LOGAM MULIA;INDUSTRI PENGOLAHAN LAINNYA;GELANG, CINCIN, KALUNG;1200;BUAH;-;2023
3981;15;JAMBI;1571;157111;1571111004;GAPUR;GAPUR;PO;32112;LOGAM MULIA;INDUSTRI PENGOLAHAN LAINNYA;GELANG, KALUNG;800;BUAH;-;2023
3982;15;JAMBI;1571;157111;1571111004;SAFRIALDI;SAFRIALDI;PO;32112;LOGAM MULIA;INDUSTRI PENGOLAHAN LAINNYA;GELANG, CINCIN, KALUNG, LIONTIN;1700;BUAH;-;2023
3983;15;JAMBI;1571;157111;1571111004;HENDRA;HENDRA;PO;32112;LOGAM MULIA;INDUSTRI PENGOLAHAN LAINNYA;GELANG, CINCIN, RANTAI;1250;BUAH;-;2023
3984;15;JAMBI;1571;157111;1571111004;ALDO;ALDO;PO;32112;LOGAM MULIA;INDUSTRI PENGOLAHAN LAINNYA;GELANG, CINCIN, KALUNG;1000;BUAH;-;2023
3985;15;JAMBI;1571;157111;1571111004;RIVAL;RIVAL;PO;32112;LOGAM MULIA;INDUSTRI PENGOLAHAN LAINNYA;GELANG, CINCIN, KALUNG;1000;BUAH;-;2023
3986;15;JAMBI;1571;157111;1571111004;KAMAL;KAMAL;PO;32112;LOGAM MULIA;INDUSTRI PENGOLAHAN LAINNYA;GELANG, CINCIN, KALUNG;1000;BUAH;-;2023
3987;15;JAMBI;1571;157111;1571111004;DAVID;DAVID;PO;32112;LOGAM MULIA;INDUSTRI PENGOLAHAN LAINNYA;GELANG, CINCIN, KALUNG;900;BUAH;-;2023
3988;15;JAMBI;1571;157111;1571111004;YAHYA;YAHYA;PO;32112;LOGAM MULIA;INDUSTRI PENGOLAHAN LAINNYA;GELANG, CINCIN, KALUNG;1200;BUAH;-;2023
3989;15;JAMBI;1571;157111;1571111004;VITA;VITA;PO;32112;LOGAM MULIA;INDUSTRI PENGOLAHAN LAINNYA;GELANG, CINCIN, KALUNG;1450;BUAH;-;2023
3990;15;JAMBI;1571;157111;1571111004;REZA;REZA;PO;32112;LOGAM MULIA;INDUSTRI PENGOLAHAN LAINNYA;GELANG, CINCIN, KALUNG;1250;BUAH;-;2023
3991;15;JAMBI;1571;157111;1571111004;SIUL;SIUL;PO;32112;LOGAM MULIA;INDUSTRI PENGOLAHAN LAINNYA;GELANG, CINCIN, KALUNG;1800;BUAH;-;2023
3992;15;JAMBI;1571;157111;1571021003;KUB VARIA SILVER;SYAMSUIR;PO;32112;LOGAM MULIA;INDUSTRI PENGOLAHAN LAINNYA;GELANG, CINCIN, KALUNG, LIONTIN, BROS;2100;BUAH;-;2023
3993;15;JAMBI;1571;157102;1571021003;INDRA YS;INDRA YS;PO;32112;LOGAM MULIA;INDUSTRI PENGOLAHAN LAINNYA;GELANG, CINCIN, KALUNG, LIONTIN;1200;BUAH;-;2023
3994;15;JAMBI;1571;157102;1571021003;YUSDINALIS;YAHYASDINALIS;PO;32112;LOGAM MULIA;INDUSTRI PENGOLAHAN LAINNYA;ANTING, CINCIN, RANTAI;1450;BUAH;-;2023
3995;15;JAMBI;1571;157102;1571021003;ZAINAL ABIDIN;ZAINAL ABIDIN;PO;32112;LOGAM MULIA;INDUSTRI PENGOLAHAN LAINNYA;ANTING, CINCIN, RANTAI;1500;BUAH;-;2023
3996;15;JAMBI;1571;157102;1571021003;SYAFRIZAL;SYAFRIZAL;PO;32112;LOGAM MULIA;INDUSTRI PENGOLAHAN LAINNYA;GELANG, CINCIN, LIONTIN, KALUNG;1650;BUAH;-;2023
3997;15;JAMBI;1571;157102;1571021003;RAHMAT HIDAYAT;RAHMAT HIDAYAT;PO;32112;LOGAM MULIA;INDUSTRI PENGOLAHAN LAINNYA;GELANG, CINCIN, LIONTIN, KALUNG;1500;BUAH;-;2023
3998;15;JAMBI;1571;157102;1571021003;ABDUL RAZAK;ABDUL RAZAK;PO;32112;LOGAM MULIA;INDUSTRI PENGOLAHAN LAINNYA;GELANG, CINCIN, LIONTIN, KALUNG;1500;BUAH;-;2023
3999;15;JAMBI;1571;157102;1571021003;RAMA;RAMA;PO;32112;LOGAM MULIA;INDUSTRI PENGOLAHAN LAINNYA;GELANG, CINCIN, LIONTIN, KALUNG;1200;BUAH;-;2023
4000;15;JAMBI;1571;157102;1571021003;SUWIRMAN;SUWIRMAN;PO;32112;LOGAM MULIA;INDUSTRI PENGOLAHAN LAINNYA;GELANG, CINCIN, LIONTIN, KALUNG;1400;BUAH;-;2023
4001;15;JAMBI;1571;157111;1571021003;AYEN SAPUTRA;AYEN SAPUTRA;PO;32112;LOGAM MULIA;INDUSTRI PENGOLAHAN LAINNYA;GELANG, CINCIN, LIONTIN, KALUNG;1400;BUAH;-;2023
4002;15;JAMBI;1571;157111;1571111004;ADI;ADI;PO;32112;LOGAM MULIA;INDUSTRI PENGOLAHAN LAINNYA;GELANG, KALUNG, ANTING;1200;BUAH;-;2023
4003;15;JAMBI;1571;157111;1571111004;DEDI;DEDI;PO;32112;LOGAM MULIA;INDUSTRI PENGOLAHAN LAINNYA;GELANG, KALUNG;750;BUAH;-;2023
4004;15;JAMBI;1571;157111;1571111004;ANAS;ANAS;PO;32112;LOGAM MULIA;INDUSTRI PENGOLAHAN LAINNYA;GELANG, CINCIN, LIONTIN, KALUNG;800;BUAH;-;2023
4005;15;JAMBI;1571;157111;1571111004;NOSRIZAL;NOSRIZAL;PO;32112;LOGAM MULIA;INDUSTRI PENGOLAHAN LAINNYA;GELANG, CINCIN, LIONTIN, KALUNG;900;BUAH;-;2023
4006;15;JAMBI;1571;157111;1571111004;M. ZUL;M. ZUL;PO;32112;LOGAM MULIA;INDUSTRI PENGOLAHAN LAINNYA;GELANG, CINCIN, LIONTIN, KALUNG;1100;BUAH;-;2023
4007;15;JAMBI;1571;157111;1571111004;ZULFADRI;ZULFADRI;PO;32112;LOGAM MULIA;INDUSTRI PENGOLAHAN LAINNYA;GELANG, KALUNG;900;BUAH;-;2023
4008;15;JAMBI;1571;157111;1571111001;SUHERMAN;SUHERMAN;PO;32112;LOGAM MULIA;INDUSTRI PENGOLAHAN LAINNYA;GELANG, CINCIN, RANTAI.;3636;BUAH;-;2023
4009;15;JAMBI;1571;157111;1571111001;SAMSUL BAHRI;SAMSUL BAHRI;PO;32112;LOGAM MULIA;INDUSTRI PENGOLAHAN LAINNYA;GELANG, KALUNG, CINCIN.;3900;BUAH;-;2023
4010;15;JAMBI;1571;157111;1571111004;MULYADI;MULYADI;PO;32112;LOGAM MULIA;INDUSTRI PENGOLAHAN LAINNYA;GELANG, KALUNG.;880;BUAH;-;2023
4011;15;JAMBI;1571;157111;1571111004;ZULKARNAIN;ZULKARNAIN;PO;32112;LOGAM MULIA;INDUSTRI PENGOLAHAN LAINNYA;GELANG, KALUNG.;800;BUAH;-;2023
4012;15;JAMBI;1571;157111;1571111004;BUSTAMAR YAZID;BUSTAMAR YAZID;PO;32112;LOGAM MULIA;INDUSTRI PENGOLAHAN LAINNYA;GELANG, KALUNG.;900;BUAH;-;2023
4013;15;JAMBI;1571;157102;1571021003;AFRIZAL;AFRIZAL;PO;32112;LOGAM MULIA;INDUSTRI PENGOLAHAN LAINNYA;RANTAI, CINCIN, GELANG;1500;BUAH;-;2023
4014;15;JAMBI;1571;157102;1571021003;TEPI SURYADARMA;TEPI SURYADARMA;PO;32112;LOGAM MULIA;INDUSTRI PENGOLAHAN LAINNYA;RANTAI, CINCIN, GELANG;1800;BUAH;-;2023
4015;15;JAMBI;1571;157102;1571021003;MAIJAR;MAIJAR;PO;32112;LOGAM MULIA;INDUSTRI PENGOLAHAN LAINNYA;RANTAI, CINCIN, ANTING.;1350;BUAH;-;2023
4016;15;JAMBI;1571;157102;1571021003;ADE CANDRA;ADE CANDRA;PO;32112;LOGAM MULIA;INDUSTRI PENGOLAHAN LAINNYA;GELANG, CANCIN, RANTAI.;1350;BUAH;-;2023
4017;15;JAMBI;1571;157102;1571021003;ZAINAL ARIFIN;ZAINAL ARIFIN;PO;32112;LOGAM MULIA;INDUSTRI PENGOLAHAN LAINNYA;GELANG, CINCIN, RANTAI.;1250;BUAH;-;2023
4018;15;JAMBI;1571;157102;1571021003;BUDI;BUDI;PO;32112;LOGAM MULIA;INDUSTRI PENGOLAHAN LAINNYA;CINCIN, GELANG, ANTING, RANTAI.;1600;BUAH;-;2023
4019;15;JAMBI;1571;157102;1571021003;JAHARUDIN;JAHARUDIN;PO;32112;LOGAM MULIA;INDUSTRI PENGOLAHAN LAINNYA;CINCIN, KALUNG, RANTAI.;21000;BUAH;-;2023
4020;15;JAMBI;1571;157111;1571111001;HERIZON;HERIZON;PO;32112;LOGAM MULIA;INDUSTRI PENGOLAHAN LAINNYA;KALUNG;240;BUAH;-;2023
4021;15;JAMBI;1571;157111;1571111001;RAMLI;RAMLI;PO;32112;LOGAM MULIA;INDUSTRI PENGOLAHAN LAINNYA;KALUNG;1000;BUAH;-;2023
4022;15;JAMBI;1571;157111;1571111001;ZULKIFLI;ZULKIFLI;PO;32112;LOGAM MULIA;INDUSTRI PENGOLAHAN LAINNYA;KALUNG;1000;BUAH;-;2023
4023;15;JAMBI;1571;157111;1571111001;TEDI HERDIANTONIS;TEDI HERDIANTONIS;PO;32112;LOGAM MULIA;INDUSTRI PENGOLAHAN LAINNYA;GELANG TANGAN;500;BUAH;-;2023
4024;15;JAMBI;1571;157111;1571111001;TAMAR;TAMAR;PO;32112;LOGAM MULIA;INDUSTRI PENGOLAHAN LAINNYA;KALUNG;500;BUAH;-;2023
4025;15;JAMBI;1571;157111;1571111001;HARDINATA;HARDINATA;PO;32112;LOGAM MULIA;INDUSTRI PENGOLAHAN LAINNYA;GELANG;500;BUAH;-;2023
4026;15;JAMBI;1571;157111;1571111001;FIRDAUS;FIRDAUS;PO;32112;LOGAM MULIA;INDUSTRI PENGOLAHAN LAINNYA;GELANG TGN;500;BUAH;-;2023
4027;15;JAMBI;1571;157111;1571111003;ALI MUNAR;ALI MUNAR;PO;32112;LOGAM MULIA;INDUSTRI PENGOLAHAN LAINNYA;GELANG KALUNG;1080;BUAH;-;2023
4028;15;JAMBI;1571;157111;1571021005;JULIARDI;JULIARDI;PO;32112;LOGAM MULIA;INDUSTRI PENGOLAHAN LAINNYA;KALUNG, GELANG, CINCIN.;1440;BUAH;-;2023
4029;15;JAMBI;1571;157111;1571111001;MARDANUS;MARDANUS;PO;32112;LOGAM MULIA;INDUSTRI PENGOLAHAN LAINNYA;GELANG TGN;500;BUAH;-;2023
4030;15;JAMBI;1571;157111;1571111001;HAIRIN;HAIRIN;PO;32112;LOGAM MULIA;INDUSTRI PENGOLAHAN LAINNYA;GELANG TGN;500;BUAH;-;2023
4031;15;JAMBI;1571;157111;1571111001;SAMSUL;SAMSUL;PO;32112;LOGAM MULIA;INDUSTRI PENGOLAHAN LAINNYA;GELANG TGN;500;BUAH;-;2023
4032;15;JAMBI;1571;157111;1571111001;HARI HARDI;HARI HARDI;PO;32112;LOGAM MULIA;INDUSTRI PENGOLAHAN LAINNYA;KALUNG, GELANG.;920;BUAH;-;2023
4033;15;JAMBI;1571;157102;1508131001;SAIPUL EFENDI;SAIPUL EFENDI;PO;32112;LOGAM MULIA;INDUSTRI PENGOLAHAN LAINNYA;GELANG TGN, GELANG KAKI, LIONTIN, KALUNG.;800;BUAH;-;2023
4034;15;JAMBI;1571;157102;1508131001;RASIDIN;RASIDIN;PO;32112;LOGAM MULIA;INDUSTRI PENGOLAHAN LAINNYA;ANTING .;600;BUAH;-;2023
4035;15;JAMBI;1571;157102;1508131001;EFRIJHON;EFRIJHON;PO;32112;LOGAM MULIA;INDUSTRI PENGOLAHAN LAINNYA;GELANG, CINCIN, KALUNG, SUBANG.;880;BUAH;-;2023
4036;15;JAMBI;1571;157102;1508131001;ZULISMAN TAUFIK;ZULISMAN TAUFIK;PO;32112;LOGAM MULIA;INDUSTRI PENGOLAHAN LAINNYA;CINCIN BATU, GELANG.;1020;BUAH;-;2023
4037;15;JAMBI;1571;157102;1508131001;ZAINAL;ZAINAL;PO;32112;LOGAM MULIA;INDUSTRI PENGOLAHAN LAINNYA;CINCIN BATU,;150;BUAH;-;2023
4038;15;JAMBI;1571;157102;1508131001;APRIADI;APRIADI;PO;32112;LOGAM MULIA;INDUSTRI PENGOLAHAN LAINNYA;CINCIN, PERMATA.;150;BUAH;-;2023
4039;15;JAMBI;1571;157102;1508131001;YUNASWIL;YUNASWIL;PO;32112;LOGAM MULIA;INDUSTRI PENGOLAHAN LAINNYA;CINCIN BATU PERMATA.;144;BUAH;-;2023
4040;15;JAMBI;1571;157102;1508131001;ADRI;ADRI;PO;32112;LOGAM MULIA;INDUSTRI PENGOLAHAN LAINNYA;GELANG;200;BUAH;-;2023
4041;15;JAMBI;1571;157102;1508131001;RUDI;RUDI;PO;32112;LOGAM MULIA;INDUSTRI PENGOLAHAN LAINNYA;GELANG, KALUNG.;200;BUAH;-;2023
4042;15;JAMBI;1571;157102;1508131001;ARMON;ARMON;PO;32112;LOGAM MULIA;INDUSTRI PENGOLAHAN LAINNYA;GELANG, KALUNG.;100;BUAH;-;2023
4043;15;JAMBI;1571;157102;1571021006;-;ABU SANI;PO;32112;LOGAM MULIA;INDUSTRI PENGOLAHAN LAINNYA;GELANG, KALUNG.;100;BUAH;-;2023
4044;15;JAMBI;1571;157102;1571021003;-;SAMSUIR;PO;32112;LOGAM MULIA;INDUSTRI PENGOLAHAN LAINNYA;GELANG, KALUNG.;100;BUAH;-;2023
4045;15;JAMBI;1571;157102;1571021003;-;KACISMAN;PO;32112;LOGAM MULIA;INDUSTRI PENGOLAHAN LAINNYA;GELANG, KALUNG.;100;BUAH;-;2023
4046;15;JAMBI;1571;157108;1571081003;HERI;HERI;PO;32112;LOGAM MULIA;INDUSTRI PENGOLAHAN LAINNYA;BATU MULIA;50;BUAH;-;2023
4047;15;JAMBI;1571;157108;1571081003;BUJANG;BUJANG;PO;32112;LOGAM MULIA;INDUSTRI PENGOLAHAN LAINNYA;BATU MULIA;50;BUAH;-;2023
4048;15;JAMBI;1571;157108;1571081003;FERI;FERI;PO;32112;LOGAM MULIA;INDUSTRI PENGOLAHAN LAINNYA;BATU MULIA;50;BUAH;-;2023
4049;15;JAMBI;1571;157108;1571081003;PUTRA RAFLESIA;PUTRA;PO;32112;LOGAM MULIA;INDUSTRI PENGOLAHAN LAINNYA;BATU MULIA;50;BUAH;-;2023
4050;15;JAMBI;1571;157108;1571081003;INDRA;INDRA;PO;32112;LOGAM MULIA;INDUSTRI PENGOLAHAN LAINNYA;BATU MULIA;50;BUAH;-;2023
4051;15;JAMBI;1571;157108;1571081007;NURFUAD YAN;NURFUAD YAN;PO;32112;LOGAM MULIA;INDUSTRI PENGOLAHAN LAINNYA;BATU MULIA;50;BUAH;-;2023
4052;15;JAMBI;1571;157108;1571081007;ARMAN;ARMAN;PO;32112;LOGAM MULIA;INDUSTRI PENGOLAHAN LAINNYA;BATU MULIA;50;BUAH;-;2023
4053;15;JAMBI;1571;157108;1571081007;ANDRA NOFRIZAL;ANDRA NOFRIZAL;PO;32112;LOGAM MULIA;INDUSTRI PENGOLAHAN LAINNYA;BATU MULIA;50;BUAH;-;2023
4054;15;JAMBI;1571;157108;1571081007;JHORI RIZAL;JHORI RIZAL;PO;32112;LOGAM MULIA;INDUSTRI PENGOLAHAN LAINNYA;BATU MULIA;50;BUAH;-;2023
4055;15;JAMBI;1571;157108;1571081007;BENNY AGTORA;BENNY AGTORA;PO;32112;LOGAM MULIA;INDUSTRI PENGOLAHAN LAINNYA;BATU MULIA;50;BUAH;-;2023
4056;15;JAMBI;1571;157108;1571081007;ADI;ADI;PO;32112;LOGAM MULIA;INDUSTRI PENGOLAHAN LAINNYA;BATU MULIA;50;BUAH;-;2023
4057;15;JAMBI;1571;157108;1571081007;ARIE SAFATA;ARIE SAFATA;PO;32112;LOGAM MULIA;INDUSTRI PENGOLAHAN LAINNYA;BATU MULIA;50;BUAH;-;2023
4058;15;JAMBI;1571;157108;1571081004;MARJULIS;MARJULIS;PO;32112;LOGAM MULIA;INDUSTRI PENGOLAHAN LAINNYA;BATU MULIA;50;BUAH;-;2023
4059;15;JAMBI;1571;157111;1571111004;AHMAD ZEN;AHMAD ZEN;PO;32112;LOGAM MULIA;INDUSTRI PENGOLAHAN LAINNYA;GELANG, CINCIN, KALUNG;1200;BUAH;-;2023
4060;15;JAMBI;1571;157111;1571111004;HENDRA;HENDRA;PO;32112;LOGAM MULIA;INDUSTRI PENGOLAHAN LAINNYA;GELANG, CINCIN, RANTAI;1250;BUAH;-;2023
4061;15;JAMBI;1571;157111;1571111004;ALDO;ALDO;PO;32112;LOGAM MULIA;INDUSTRI PENGOLAHAN LAINNYA;GELANG, CINCIN, KALUNG;1000;BUAH;-;2023
4062;15;JAMBI;1571;157111;1571111004;DEDET;DEDET;PO;32112;LOGAM MULIA;INDUSTRI PENGOLAHAN LAINNYA;GELANG, CINCIN, KALUNG;975;BUAH;-;2023
4063;15;JAMBI;1571;157111;1571111004;ICHSAN MOTOR;ICHSAN MOTOR;PO;32112;LOGAM MULIA;INDUSTRI PENGOLAHAN LAINNYA;GELANG, KALUNG, ANTING;400;BUAH;-;2023
4064;15;JAMBI;1571;157111;1571111004;ANTO;ANTO;PO;32112;LOGAM MULIA;INDUSTRI PENGOLAHAN LAINNYA;GELANG, KALUNG;900;BUAH;-;2023
4065;15;JAMBI;1571;157111;1571111001;IMAM ALGHIFARI;IMAM ALGHIFARI;PO;32112;LOGAM MULIA;INDUSTRI PENGOLAHAN LAINNYA;KALUNG;900;BUAH;-;2023
4066;15;JAMBI;1571;157106;1571051006;A. KADIR M;A. KADIR M;PO;32112;LOGAM MULIA;INDUSTRI PENGOLAHAN LAINNYA;BATU MULIA;50;BUAH;-;2023
4067;15;JAMBI;1571;157106;1571051006;DAMSIR;DAMSIR;PO;32112;LOGAM MULIA;INDUSTRI PENGOLAHAN LAINNYA;BATU MULIA;50;BUAH;-;2023
4068;15;JAMBI;1571;157106;1571051006;YUNUS;YUNUS;PO;32112;LOGAM MULIA;INDUSTRI PENGOLAHAN LAINNYA;BATU MULIA;50;BUAH;-;2023
4069;15;JAMBI;1571;157106;1571051006;A. BAKAR;A. BAKAR;PO;32112;LOGAM MULIA;INDUSTRI PENGOLAHAN LAINNYA;BATU MULIA;50;BUAH;-;2023
4070;15;JAMBI;1571;157106;1571051006;AHMAD BASRI;AHMAD BASRI;PO;32112;LOGAM MULIA;INDUSTRI PENGOLAHAN LAINNYA;BATU MULIA;50;BUAH;-;2023
4071;15;JAMBI;1571;157106;1571051006;ABD. BASIR;ABD. BASIR;PO;32112;LOGAM MULIA;INDUSTRI PENGOLAHAN LAINNYA;BATU MULIA;50;BUAH;-;2023
4072;15;JAMBI;1571;157106;1571051006;RENO;RENO;PO;32112;LOGAM MULIA;INDUSTRI PENGOLAHAN LAINNYA;BATU MULIA;50;BUAH;-;2023
4073;15;JAMBI;1571;157106;1571051006;NURDIN;NURDIN;PO;32112;LOGAM MULIA;INDUSTRI PENGOLAHAN LAINNYA;BATU MULIA;50;BUAH;-;2023
4074;15;JAMBI;1571;157105;1571051004;RAHMAD ARDIYANSYAH;RAHMAD ARDIYANSYAH;PO;32112;LOGAM MULIA;INDUSTRI PENGOLAHAN LAINNYA;BATU MULIA;50;BUAH;-;2023
4075;15;JAMBI;1571;157105;1571051004;MAHMUD;MAHMUD;PO;32112;LOGAM MULIA;INDUSTRI PENGOLAHAN LAINNYA;BATU MULIA;50;BUAH;-;2023
4076;15;JAMBI;1571;157105;1571051003;ANDRE ALPI;ANDRE ALPI;PO;32112;LOGAM MULIA;INDUSTRI PENGOLAHAN LAINNYA;BATU MULIA;50;BUAH;-;2023
4077;15;JAMBI;1571;157105;1571051003;SYAIFULLAH;SYAIFULLAH;PO;32112;LOGAM MULIA;INDUSTRI PENGOLAHAN LAINNYA;BATU MULIA;50;BUAH;-;2023
4078;15;JAMBI;1571;157105;1571051003;A. ZIYADI;A. ZIYADI;PO;32112;LOGAM MULIA;INDUSTRI PENGOLAHAN LAINNYA;BATU MULIA;50;BUAH;-;2023
4079;15;JAMBI;1571;157105;1571051003;DEDI TAUPIK;DEDI TAUPIK;PO;32112;LOGAM MULIA;INDUSTRI PENGOLAHAN LAINNYA;BATU MULIA;50;BUAH;-;2023
4080;15;JAMBI;1571;157105;1571051001;IMRON ROSYADI;IMRON ROSYADI;PO;32112;LOGAM MULIA;INDUSTRI PENGOLAHAN LAINNYA;BATU MULIA;50;BUAH;-;2023
4081;15;JAMBI;1571;157105;1571051001;S. HUSIN;S. HUSIN;PO;32112;LOGAM MULIA;INDUSTRI PENGOLAHAN LAINNYA;BATU MULIA;50;BUAH;-;2023
4082;15;JAMBI;1571;157105;1571051001;FARHAN;FARHAN;PO;32112;LOGAM MULIA;INDUSTRI PENGOLAHAN LAINNYA;BATU MULIA;50;BUAH;-;2023
4083;15;JAMBI;1571;157105;1571051001;ABU BAKAR TAHER;ABU BAKAR TAHER;PO;32112;LOGAM MULIA;INDUSTRI PENGOLAHAN LAINNYA;BATU MULIA;50;BUAH;-;2023
4084;15;JAMBI;1571;157105;1571051001;SAID ABDILLAH;SAID ABDILLAH;PO;32112;LOGAM MULIA;INDUSTRI PENGOLAHAN LAINNYA;BATU MULIA;50;BUAH;-;2023
4085;15;JAMBI;1571;157105;1571051001;FAHMI;FAHMI;PO;32112;LOGAM MULIA;INDUSTRI PENGOLAHAN LAINNYA;BATU MULIA;50;BUAH;-;2023
4086;15;JAMBI;1571;157105;1571051001;YUSUF;YUSUF;PO;32112;LOGAM MULIA;INDUSTRI PENGOLAHAN LAINNYA;BATU MULIA;50;BUAH;-;2023
4087;15;JAMBI;1571;157105;1571051001;ZUL;ZUL;PO;32112;LOGAM MULIA;INDUSTRI PENGOLAHAN LAINNYA;BATU MULIA;50;BUAH;-;2023
4088;15;JAMBI;1571;157105;1571051001;RUSDI;RUSDI;PO;32112;LOGAM MULIA;INDUSTRI PENGOLAHAN LAINNYA;BATU MULIA;50;BUAH;-;2023
4089;15;JAMBI;1571;157105;1571051001;LUKAMAN HAKIM;LUKAMAN HAKIM;PO;32112;LOGAM MULIA;INDUSTRI PENGOLAHAN LAINNYA;BATU MULIA;50;BUAH;-;2023
4090;15;JAMBI;1571;157105;1571051001;ZAINAL;ZAINAL;PO;32112;LOGAM MULIA;INDUSTRI PENGOLAHAN LAINNYA;BATU MULIA;50;BUAH;-;2023
4091;15;JAMBI;1571;157105;1571051001;S. USMAN AGIL;S. USMAN AGIL;PO;32112;LOGAM MULIA;INDUSTRI PENGOLAHAN LAINNYA;BATU MULIA;50;BUAH;-;2023
4092;15;JAMBI;1571;157105;1571051001;M. ZEN;M. ZEN;PO;32112;LOGAM MULIA;INDUSTRI PENGOLAHAN LAINNYA;BATU MULIA;50;BUAH;-;2023
4093;15;JAMBI;1571;157105;1571051005;ZULKIFLI;ZULKIFLI;PO;32112;LOGAM MULIA;INDUSTRI PENGOLAHAN LAINNYA;BATU MULIA;50;BUAH;-;2023
4094;15;JAMBI;1571;157105;1571051001;S. A. NASRI;S. A. NASRI;PO;32112;LOGAM MULIA;INDUSTRI PENGOLAHAN LAINNYA;BATU MULIA;50;BUAH;-;2023
4095;15;JAMBI;1571;157101;1571011011;INDRA SAPUTRA;INDRA SAPUTRA;PO;32112;LOGAM MULIA;INDUSTRI PENGOLAHAN LAINNYA;BATU MULIA;50;BUAH;-;2023
4096;15;JAMBI;1571;157101;1571011011;FAJRI;FAJRI;PO;32112;LOGAM MULIA;INDUSTRI PENGOLAHAN LAINNYA;BATU MULIA;50;BUAH;-;2023
4097;15;JAMBI;1571;157101;1571011011;TETEN;TETEN;PO;32112;LOGAM MULIA;INDUSTRI PENGOLAHAN LAINNYA;BATU MULIA;50;BUAH;-;2023
4098;15;JAMBI;1571;157101;1571011011;DIDOT EFFENDI;DIDOT EFFENDI;PO;32112;LOGAM MULIA;INDUSTRI PENGOLAHAN LAINNYA;BATU MULIA;50;BUAH;-;2023
4099;15;JAMBI;1571;157101;1571011011;ZULFADLI;ZULFADLI;PO;32112;LOGAM MULIA;INDUSTRI PENGOLAHAN LAINNYA;BATU MULIA;50;BUAH;-;2023
4100;15;JAMBI;1571;157101;1571011010;PEBBY;PEBBY;PO;32112;LOGAM MULIA;INDUSTRI PENGOLAHAN LAINNYA;BATU MULIA;50;BUAH;-;2023
4101;15;JAMBI;1571;157101;1571011010;JAYUSMAN;JAYUSMAN;PO;32112;LOGAM MULIA;INDUSTRI PENGOLAHAN LAINNYA;BATU MULIA;50;BUAH;-;2023
4102;15;JAMBI;1571;157101;1571011010;YUNUS;YUNUS;PO;32112;LOGAM MULIA;INDUSTRI PENGOLAHAN LAINNYA;BATU MULIA;50;BUAH;-;2023
4103;15;JAMBI;1571;157101;1571011010;SUKRI;SUKRI;PO;32112;LOGAM MULIA;INDUSTRI PENGOLAHAN LAINNYA;BATU MULIA;50;BUAH;-;2023
4104;15;JAMBI;1571;157101;1571011010;TRI. S;TRI. S;PO;32112;LOGAM MULIA;INDUSTRI PENGOLAHAN LAINNYA;BATU MULIA;50;BUAH;-;2023
4105;15;JAMBI;1571;157101;1571011010;ROIHAN;ROIHAN;PO;32112;LOGAM MULIA;INDUSTRI PENGOLAHAN LAINNYA;BATU MULIA;50;BUAH;-;2023
4106;15;JAMBI;1571;157101;1571011010;AHMAD YANI;AHMAD YANI;PO;32112;LOGAM MULIA;INDUSTRI PENGOLAHAN LAINNYA;BATU MULIA;50;BUAH;-;2023
4107;15;JAMBI;1571;157101;1571011010;AHMAD TARMIZU;AHMAD TARMIZU;PO;32112;LOGAM MULIA;INDUSTRI PENGOLAHAN LAINNYA;BATU MULIA;50;BUAH;-;2023
4108;15;JAMBI;1571;157101;1571011010;SUHAIMI;SUHAIMI;PO;32112;LOGAM MULIA;INDUSTRI PENGOLAHAN LAINNYA;BATU MULIA;50;BUAH;-;2023
4109;15;JAMBI;1571;157101;1571011010;ISMAIL;ISMAIL;PO;32112;LOGAM MULIA;INDUSTRI PENGOLAHAN LAINNYA;BATU MULIA;50;BUAH;-;2023
4110;15;JAMBI;1571;157101;1571011010;HERMAN;HERMAN;PO;32112;LOGAM MULIA;INDUSTRI PENGOLAHAN LAINNYA;BATU MULIA;50;BUAH;-;2023
4111;15;JAMBI;1571;157101;1571011010;MUHAMMADIAH;MUHAMMADIAH;PO;32112;LOGAM MULIA;INDUSTRI PENGOLAHAN LAINNYA;BATU MULIA;50;BUAH;-;2023
4112;15;JAMBI;1571;157101;1571011010;SUNARDI;SUNARDI;PO;32112;LOGAM MULIA;INDUSTRI PENGOLAHAN LAINNYA;BATU MULIA;50;BUAH;-;2023
4113;15;JAMBI;1571;157101;1571011010;TAUFIK;TAUFIK;PO;32112;LOGAM MULIA;INDUSTRI PENGOLAHAN LAINNYA;BATU MULIA;50;BUAH;-;2023
4114;15;JAMBI;1571;157101;1571011010;JONI;JONI;PO;32112;LOGAM MULIA;INDUSTRI PENGOLAHAN LAINNYA;BATU MULIA;50;BUAH;-;2023
4115;15;JAMBI;1571;157101;1571011010;YULIZAR;YULIZAR;PO;32112;LOGAM MULIA;INDUSTRI PENGOLAHAN LAINNYA;BATU MULIA;50;BUAH;-;2023
4116;15;JAMBI;1571;157101;1571011010;IMAN SARONI;IMAN SARONI;PO;32112;LOGAM MULIA;INDUSTRI PENGOLAHAN LAINNYA;BATU MULIA;50;BUAH;-;2023
4117;15;JAMBI;1571;157101;1571011010;M. SOLEH;M. SOLEH;PO;32112;LOGAM MULIA;INDUSTRI PENGOLAHAN LAINNYA;BATU MULIA;50;BUAH;-;2023
4118;15;JAMBI;1571;157101;1571011010;KUSDIYANTO;KUSDIYANTO;PO;32112;LOGAM MULIA;INDUSTRI PENGOLAHAN LAINNYA;BATU MULIA;50;BUAH;-;2023
4119;15;JAMBI;1571;157101;1571011010;SURYO SENTENO;SURYO SENTENO;PO;32112;LOGAM MULIA;INDUSTRI PENGOLAHAN LAINNYA;BATU MULIA;50;BUAH;-;2023
4120;15;JAMBI;1571;157101;1571011010;DEDE SARIDIN;DEDE SARIDIN;PO;32112;LOGAM MULIA;INDUSTRI PENGOLAHAN LAINNYA;BATU MULIA;50;BUAH;-;2023
4121;15;JAMBI;1571;157101;1571011010;ZULFIKAR;ZULFIKAR;PO;32112;LOGAM MULIA;INDUSTRI PENGOLAHAN LAINNYA;BATU MULIA;50;BUAH;-;2023
4122;15;JAMBI;1571;157101;0;IDRIS;IDRIS;PO;32112;LOGAM MULIA;INDUSTRI PENGOLAHAN LAINNYA;BATU MULIA;50;BUAH;-;2023
4123;15;JAMBI;1571;157101;0;UDA;UDA;PO;32112;LOGAM MULIA;INDUSTRI PENGOLAHAN LAINNYA;BATU MULIA;50;BUAH;-;2023
4124;15;JAMBI;1571;157101;0;HEPNI;HEPNI;PO;32112;LOGAM MULIA;INDUSTRI PENGOLAHAN LAINNYA;BATU MULIA;50;BUAH;-;2023
4125;15;JAMBI;1571;157101;0;BUDI;BUDI;PO;32112;LOGAM MULIA;INDUSTRI PENGOLAHAN LAINNYA;BATU MULIA;50;BUAH;-;2023
4126;15;JAMBI;1571;157101;0;ABI;ABI;PO;32112;LOGAM MULIA;INDUSTRI PENGOLAHAN LAINNYA;BATU MULIA;50;BUAH;-;2023
4127;15;JAMBI;1571;157101;1571011004;SUPRIADI;SUPRIADI;PO;32112;LOGAM MULIA;INDUSTRI PENGOLAHAN LAINNYA;BATU MULIA;50;BUAH;-;2023
4128;15;JAMBI;1571;157101;1571011004;M. HAIRULNAS;M. HAIRULNAS;PO;32112;LOGAM MULIA;INDUSTRI PENGOLAHAN LAINNYA;BATU MULIA;50;BUAH;-;2023
4129;15;JAMBI;1571;157101;1571011004;DESEM;DESEM;PO;32112;LOGAM MULIA;INDUSTRI PENGOLAHAN LAINNYA;BATU MULIA;50;BUAH;-;2023
4130;15;JAMBI;1571;157101;1571011004;HEFEY S;HEFEY S;PO;32112;LOGAM MULIA;INDUSTRI PENGOLAHAN LAINNYA;BATU MULIA;50;BUAH;-;2023
4131;15;JAMBI;1571;157101;1571011004;SELAMAT;SELAMAT;PO;32112;LOGAM MULIA;INDUSTRI PENGOLAHAN LAINNYA;BATU MULIA;50;BUAH;-;2023
4132;15;JAMBI;1571;157101;1571011004;EDI;EDI;PO;32112;LOGAM MULIA;INDUSTRI PENGOLAHAN LAINNYA;BATU MULIA;50;BUAH;-;2023
4133;15;JAMBI;1571;157101;1571011004;YONO;YONO;PO;32112;LOGAM MULIA;INDUSTRI PENGOLAHAN LAINNYA;BATU MULIA;50;BUAH;-;2023
4134;15;JAMBI;1571;157101;1571011004;DEDEK;DEDEK;PO;32112;LOGAM MULIA;INDUSTRI PENGOLAHAN LAINNYA;BATU MULIA;50;BUAH;-;2023
4135;15;JAMBI;1571;157101;1571011004;HERMANSYAH;HERMANSYAH;PO;32112;LOGAM MULIA;INDUSTRI PENGOLAHAN LAINNYA;BATU MULIA;50;BUAH;-;2023
4136;15;JAMBI;1571;157101;1571011004;MASRONI;MASRONI;PO;32112;LOGAM MULIA;INDUSTRI PENGOLAHAN LAINNYA;BATU MULIA;50;BUAH;-;2023
4137;15;JAMBI;1571;157101;1571011004;CAN ANA SELA;CAN ANA SELA;PO;32112;LOGAM MULIA;INDUSTRI PENGOLAHAN LAINNYA;BATU MULIA;50;BUAH;-;2023
4138;15;JAMBI;1571;157101;1571011004;A. MARDIPON;A. MARDIPON;PO;32112;LOGAM MULIA;INDUSTRI PENGOLAHAN LAINNYA;BATU MULIA;50;BUAH;-;2023
4139;15;JAMBI;1571;157101;1571011004;ASMIR;ASMIR;PO;32112;LOGAM MULIA;INDUSTRI PENGOLAHAN LAINNYA;BATU MULIA;50;BUAH;-;2023
4140;15;JAMBI;1571;157101;1571011004;DAVID;DAVID;PO;32112;LOGAM MULIA;INDUSTRI PENGOLAHAN LAINNYA;BATU MULIA;50;BUAH;-;2023
4141;15;JAMBI;1571;157101;1571101001;MARGONO;MARGONO;PO;32112;LOGAM MULIA;INDUSTRI PENGOLAHAN LAINNYA;BATU MULIA;50;BUAH;-;2023
4142;15;JAMBI;1571;157101;1571101001;ROBBI;ROBBI;PO;32112;LOGAM MULIA;INDUSTRI PENGOLAHAN LAINNYA;BATU MULIA;50;BUAH;-;2023
4143;15;JAMBI;1571;157101;1571011002;LIDSASAR ACANG;LIDSASAR ACANG;PO;32112;LOGAM MULIA;INDUSTRI PENGOLAHAN LAINNYA;BATU MULIA;50;BUAH;-;2023
4144;15;JAMBI;1571;157101;1571011002;ABDUL BASID;ABDUL BASID;PO;32112;LOGAM MULIA;INDUSTRI PENGOLAHAN LAINNYA;BATU MULIA;50;BUAH;-;2023
4145;15;JAMBI;1571;157101;1571011002;FAUZAN;FAUZAN;PO;32112;LOGAM MULIA;INDUSTRI PENGOLAHAN LAINNYA;BATU MULIA;50;BUAH;-;2023
4146;15;JAMBI;1571;157101;1571011002;DEDI YANUARDI, SH;DEDI YANUARDI, SH;PO;32112;LOGAM MULIA;INDUSTRI PENGOLAHAN LAINNYA;BATU MULIA;50;BUAH;-;2023
4147;15;JAMBI;1571;157101;1571011002;ARYANDI;ARYANDI;PO;32112;LOGAM MULIA;INDUSTRI PENGOLAHAN LAINNYA;BATU MULIA;50;BUAH;-;2023
4148;15;JAMBI;1571;157101;1571011002;AGUS JULIANSYAH;AGUS JULIANSYAH;PO;32112;LOGAM MULIA;INDUSTRI PENGOLAHAN LAINNYA;BATU MULIA;50;BUAH;-;2023
4149;15;JAMBI;1571;157101;1571011002;DEDI MARZUNI;DEDI MARZUNI;PO;32112;LOGAM MULIA;INDUSTRI PENGOLAHAN LAINNYA;BATU MULIA;50;BUAH;-;2023
4150;15;JAMBI;1571;157101;1571011002;M. ARIP;M. ARIP;PO;32112;LOGAM MULIA;INDUSTRI PENGOLAHAN LAINNYA;BATU MULIA;50;BUAH;-;2023
4151;15;JAMBI;1571;157101;1571011002;ALKAFRIANTO;ALKAFRIANTO;PO;32112;LOGAM MULIA;INDUSTRI PENGOLAHAN LAINNYA;BATU MULIA;50;BUAH;-;2023
4152;15;JAMBI;1571;157101;1571011002;RUDI HARTONO;RUDI HARTONO;PO;32112;LOGAM MULIA;INDUSTRI PENGOLAHAN LAINNYA;BATU MULIA;50;BUAH;-;2023
4153;15;JAMBI;1571;157101;1571011002;ANTONI;ANTONI;PO;32112;LOGAM MULIA;INDUSTRI PENGOLAHAN LAINNYA;BATU MULIA;50;BUAH;-;2023
4154;15;JAMBI;1571;157101;1571011002;MARKIS;MARKIS;PO;32112;LOGAM MULIA;INDUSTRI PENGOLAHAN LAINNYA;BATU MULIA;50;BUAH;-;2023
4155;15;JAMBI;1571;157101;1571011002;ARIO KUSUMA W,SE;ARIO KUSUMA W,SE;PO;32112;LOGAM MULIA;INDUSTRI PENGOLAHAN LAINNYA;BATU MULIA;50;BUAH;-;2023
4156;15;JAMBI;1571;157101;1571011002;MERI. K;MERI. K;PO;32112;LOGAM MULIA;INDUSTRI PENGOLAHAN LAINNYA;BATU MULIA;50;BUAH;-;2023
4157;15;JAMBI;1571;157101;1571011002;OTOK;OTOK;PO;32112;LOGAM MULIA;INDUSTRI PENGOLAHAN LAINNYA;BATU MULIA;50;BUAH;-;2023
4158;15;JAMBI;1571;157105;1571051002;-;EDI KUSUMA;PO;32112;LOGAM MULIA;INDUSTRI PENGOLAHAN LAINNYA;BATU MULIA;0;-;-;2023
4159;15;JAMBI;1571;157105;1571051002;-;ARMIZAN;PO;32112;LOGAM MULIA;INDUSTRI PENGOLAHAN LAINNYA;BATU CINCIN;0;-;-;2023
4160;15;JAMBI;1571;157105;1571051002;-;GUNTUR;PO;32112;LOGAM MULIA;INDUSTRI PENGOLAHAN LAINNYA;BATU CINCIN;0;-;-;2023
4161;15;JAMBI;1571;157105;1571051002;-;NUHSI;PO;32112;LOGAM MULIA;INDUSTRI PENGOLAHAN LAINNYA;BATU CINCIN;0;-;-;2023
4162;15;JAMBI;1571;157105;1571051002;-;MULYASARI;PO;32112;LOGAM MULIA;INDUSTRI PENGOLAHAN LAINNYA;BATU CINCIN;0;-;-;2023
4163;15;JAMBI;1571;157105;1571051002;-;ANDI GUNAWAN;PO;32112;LOGAM MULIA;INDUSTRI PENGOLAHAN LAINNYA;BATU CINCIN;0;-;-;2023
4164;15;JAMBI;1571;157105;1571051002;-;KASPUL;PO;32112;LOGAM MULIA;INDUSTRI PENGOLAHAN LAINNYA;BATU CINCIN;0;-;-;2023
4165;15;JAMBI;1571;157106;1504062009;-;M.AMIN;PO;-;KAYU;INDUSTRI KAYU, BARANG ANYAMAN DARI BAMBU, ROTAN DAN SEJENISNYA;MEUBEL;0;-;-;2023
4166;15;JAMBI;1571;157109;1507112005;M.NUR KONSEN;M.NUR;PO;-;KAYU;INDUSTRI FURNITUR;KONSEN;0;-;-;2023
4167;15;JAMBI;1571;157103;1505102009;-;LELI YANTI;PO;16103;ROTAN;INDUSTRI KAYU, BARANG ANYAMAN DARI BAMBU, ROTAN DAN SEJENISNYA;PERABOT ROTAN;0;-;-;2023
4168;15;JAMBI;1571;157103;1571031004;RACHMAWATI SOUVENIR;RACHMAWATI;PO;16104;ROTAN;INDUSTRI KAYU, BARANG ANYAMAN DARI BAMBU, ROTAN DAN SEJENISNYA;ANYAMAN ROTAN;0;-;-;2023
4169;15;JAMBI;1571;157101;1571011011;KING'S WOOD;VIKTOR DION ILAHI.M;PO;16101;KAYU;INDUSTRI KAYU, BARANG ANYAMAN DARI BAMBU, ROTAN DAN SEJENISNYA;BANGSAL KAYU;0;-;-;2023
4170;15;JAMBI;1571;157101;1571011002;RENA KONSEN;SYURWANI ADNAN;PO;16221;KAYU;INDUSTRI KAYU, BARANG ANYAMAN DARI BAMBU, ROTAN DAN SEJENISNYA;KONSEN;0;-;-;2023
4171;15;JAMBI;1571;-;0;AYU;M HANIF;PO;13134;KAIN;INDUSTRI TEKSTIL;BATIK;1500;POTONG;-;2023
4172;15;JAMBI;1571;157106;1504062009;ASNA;JONI AHYAR;PO;13134;KAIN;INDUSTRI TEKSTIL;BATIK;960;POTONG;-;2023
4173;15;JAMBI;1571;157101;1571101002;FLORIDA;MUHAMMAD NUR;PO;13134;KAIN;INDUSTRI TEKSTIL;BATIK;2000;POTONG;-;2023
4174;15;JAMBI;1571;157101;1571101001;-;HJ ROINA TAMIN;PO;13134;KAIN;INDUSTRI TEKSTIL;BATIK;600;POTONG;-;2023
4175;15;JAMBI;1571;157101;1571101001;MARS;SYAMSIR DELI;PO;13134;KAIN;INDUSTRI TEKSTIL;BATIK;1800;POTONG;-;2023
4176;15;JAMBI;1571;157101;1571101001;MITRA;SYAMSUR DILI;PO;13134;KAIN;INDUSTRI TEKSTIL;BATIK;960;POTONG;-;2023
4177;15;JAMBI;1571;157106;1504062009;BATIK NUSA INDAH;NURYANA;PO;13134;KAIN;INDUSTRI TEKSTIL;BATIK;960;POTONG;-;2023
4178;15;JAMBI;1571;157106;1504062009;BATIK IYAE;DAHLIA;PO;13134;KAIN;INDUSTRI TEKSTIL;BATIK;960;POTONG;-;2023
4179;15;JAMBI;1571;157106;1504062009;BATIK MUNAWAR;HJ. ZUHRIAH;PO;13134;KAIN;INDUSTRI TEKSTIL;BATIK;120;POTONG;-;2023
4180;15;JAMBI;1571;157107;1571071002;MELATI;JUANIAH;PO;13134;KAIN;INDUSTRI TEKSTIL;BATIK;103;POTONG;-;2023
4181;15;JAMBI;1571;157107;1571071004;TUNAS MUDA;AZHAR;PO;13134;KAIN;INDUSTRI TEKSTIL;BATIK;1200;POTONG;-;2023
4182;15;JAMBI;1571;157107;1571071002;NOVA;JULIAWATI;PO;13134;KAIN;INDUSTRI TEKSTIL;BATIK;560;POTONG;-;2023
4183;15;JAMBI;1571;157105;1503022014;BATIK MELATI PUTIH;RTS HASNAH HM;PO;13134;KAIN;INDUSTRI TEKSTIL;BATIK;360;POTONG;-;2023
4184;15;JAMBI;1571;157105;1571051005;SINAR ANGGREK;MARZUNAH;PO;13134;KAIN;INDUSTRI TEKSTIL;BATIK;150;POTONG;-;2023
4185;15;JAMBI;1571;157105;1571051004;BATIK RIFANDI;FATIMAH ROHANI;PO;13134;KAIN;INDUSTRI TEKSTIL;BATIK;30;POTONG;-;2023
4186;15;JAMBI;1571;157105;1571051004;RACHMAT;FATIMAH ZAKI;PO;13134;KAIN;INDUSTRI TEKSTIL;BATIK;240;POTONG;-;2023
4187;15;JAMBI;1571;157102;1571021004;GALERY BATIK JAMBI DESMIATI;HARRY AKBAR;PO;13134;KAIN;INDUSTRI TEKSTIL;BATIK;250;POTONG;-;2023
4188;15;JAMBI;1571;157106;1504062009;BATIK NORA;FATIMAH;PO;13134;KAIN;INDUSTRI TEKSTIL;BATIK;35;POTONG;-;2023
4189;15;JAMBI;1571;157106;1504062009;BATIK TAMPOK MANGGIS;KIPTIAH;PO;13134;KAIN;INDUSTRI TEKSTIL;BATIK;300;POTONG;-;2023
4190;15;JAMBI;1571;157106;1571061005;BATIK ANUGRAH;MASTURO;PO;13134;KAIN;INDUSTRI TEKSTIL;BATIK;30;POTONG;-;2023
4191;15;JAMBI;1571;157106;1571061005;BATIK SAPA;SAIMAHATI;PO;13134;KAIN;INDUSTRI TEKSTIL;BATIK;25;POTONG;-;2023
4192;15;JAMBI;1571;157106;1571061005;BATIK SAMIHA;SAMIHA;PO;13134;KAIN;INDUSTRI TEKSTIL;BATIK;20;POTONG;-;2023
4193;15;JAMBI;1571;157106;1571061005;SAFA;FADLIA;PO;13134;KAIN;INDUSTRI TEKSTIL;BATIK;20;POTONG;-;2023
4194;15;JAMBI;1571;157106;1571061005;BATIK ROYYAN;MARSHITO;PO;13134;KAIN;INDUSTRI TEKSTIL;BATIK;35;POTONG;-;2023
4195;15;JAMBI;1571;157106;1571061005;DIAMOND;HJ.FARHANIAH;PO;13134;KAIN;INDUSTRI TEKSTIL;BATIK;35;POTONG;-;2023
4196;15;JAMBI;1571;157106;1571061005;BATIK REZEKI;SANIYAH;PO;13134;KAIN;INDUSTRI TEKSTIL;BATIK;30;POTONG;-;2023
4197;15;JAMBI;1571;157106;1571061005;BATIK USFA;ROSMANIYAH & NAIMAH;PO;13134;KAIN;INDUSTRI TEKSTIL;BATIK;15;POTONG;-;2023
4198;15;JAMBI;1571;157106;1571061005;SUMBER REJEKI;HJ.FATIMAH;PO;13134;KAIN;INDUSTRI TEKSTIL;BATIK;15;POTONG;-;2023
4199;15;JAMBI;1571;157106;1571061005;BATIK CEMPAKA;MAIMUNAH;PO;13134;KAIN;INDUSTRI TEKSTIL;BATIK;30;POTONG;-;2023
4200;15;JAMBI;1571;157106;1571061005;BATIK SALMAH KARIM;SALMAH KARIM;PO;13134;KAIN;INDUSTRI TEKSTIL;BATIK;25;POTONG;-;2023
4201;15;JAMBI;1571;157106;1571061005;BATIK SIFIYAH;SOFIYAH;PO;13134;KAIN;INDUSTRI TEKSTIL;BATIK;20;POTONG;-;2023
4202;15;JAMBI;1571;157106;1571061005;BATIK ZHORIF;ATIAH;PO;13134;KAIN;INDUSTRI TEKSTIL;BATIK;216;SET;-;2023
4203;15;JAMBI;1571;157106;1504062009;BATIK ROHANA;ROHANA;PO;13134;KAIN;INDUSTRI TEKSTIL;BATIK;30;POTONG;-;2023
4204;15;JAMBI;1571;157106;1504062009;BATIK AZMIAH;AZMIAH;PO;13134;KAIN;INDUSTRI TEKSTIL;BATIK;30;POTONG;-;2023
4205;15;JAMBI;1571;157106;1503022014;BATIK ASIA;RTS. ASIA;PO;13134;KAIN;INDUSTRI TEKSTIL;BATIK;380;POTONG;-;2023
4206;15;JAMBI;1571;157106;1503022014;BATIK AAN;RTS NILAWATI;PO;13134;KAIN;INDUSTRI TEKSTIL;BATIK;40;POTONG;-;2023
4207;15;JAMBI;1571;157106;1503022014;BATIK AYU;QHOIRIYAH;PO;13134;KAIN;INDUSTRI TEKSTIL;BATIK;35;POTONG;-;2023
4208;15;JAMBI;1571;157106;1571061004;BATIK AYU;MIFTAHUL JANAH;PO;13134;KAIN;INDUSTRI TEKSTIL;BATIK;35;POTONG;-;2023
4209;15;JAMBI;1571;157106;1571061001;ARINY BATIK;TAUFIK;PO;13134;KAIN;INDUSTRI TEKSTIL;BATIK;35;POTONG;-;2023
4210;15;JAMBI;1571;157106;1503022014;BATIK MELATI PUTIH;HJ.RTS.HASNAH;PO;13134;KAIN;INDUSTRI TEKSTIL;BATIK;35;POTONG;-;2023
4211;15;JAMBI;1571;157105;1571051004;BATIK BENY;YULINA;PO;13134;KAIN;INDUSTRI TEKSTIL;BATIK;424;POTONG;-;2023
4212;15;JAMBI;1571;157105;1571051004;BATIK HIDAYAH;QHOIRIAH;PO;13134;KAIN;INDUSTRI TEKSTIL;BATIK;20;POTONG;-;2023
4213;15;JAMBI;1571;157105;1571051002;BATIK MAWANDDAH;ZUHRIAH/ M.SAFI'I;PO;13134;KAIN;INDUSTRI TEKSTIL;BATIK;324;POTONG;-;2023
4214;15;JAMBI;1571;157105;1571051002;BATIK AL HADDAD;MARYAM;PO;13134;KAIN;INDUSTRI TEKSTIL;BATIK;30;POTONG;-;2023
4215;15;JAMBI;1571;157105;1571051002;-;BADRIAH;PO;13134;KAIN;INDUSTRI TEKSTIL;BATIK;35;POTONG;-;2023
4216;15;JAMBI;1571;157105;1571051002;-;SURYAWATI;PO;13134;KAIN;INDUSTRI TEKSTIL;BATIK;45;POTONG;-;2023
4217;15;JAMBI;1571;157105;1571051003;BATIK UZAIRAH;UZAIRAH;PO;13134;KAIN;INDUSTRI TEKSTIL;BATIK;20;POTONG;-;2023
4218;15;JAMBI;1571;157105;1571051003;DUA PUTRI;NAFISAH;PO;13134;KAIN;INDUSTRI TEKSTIL;BATIK;52;POTONG;-;2023
4219;15;JAMBI;1571;157105;1571051003;BATIK TIGA PUTRI;ZUBAIDAH;PO;13134;KAIN;INDUSTRI TEKSTIL;BATIK;20;POTONG;-;2023
4220;15;JAMBI;1571;157105;1571051003;BATIK AIRAN;ROHANI;PO;13134;KAIN;INDUSTRI TEKSTIL;BATIK;20;POTONG;-;2023
4221;15;JAMBI;1571;157105;1571051003;BATIK MASRIAH;MASRIAH;PO;13134;KAIN;INDUSTRI TEKSTIL;BATIK;199;POTONG;-;2023
4222;15;JAMBI;1571;157105;1571051003;BATIK HUMAIROH;SURAIYAH;PO;13134;KAIN;INDUSTRI TEKSTIL;BATIK;320;POTONG;-;2023
4223;15;JAMBI;1571;157105;1571051006;JOHORIAH;SYAH ALBANI;PO;13134;KAIN;INDUSTRI TEKSTIL;BATIK;25;POTONG;-;2023
4224;15;JAMBI;1571;157105;1571051006;-;LINA;PO;13134;KAIN;INDUSTRI TEKSTIL;BATIK;35;POTONG;-;2023
4225;15;JAMBI;1571;157105;1571051006;BATIK ULYA;ULYA;PO;13134;KAIN;INDUSTRI TEKSTIL;BATIK;25;POTONG;-;2023
4226;15;JAMBI;1571;157105;1571051006;-;SAPYAN;PO;13134;KAIN;INDUSTRI TEKSTIL;BATIK;38;POTONG;-;2023
4227;15;JAMBI;1571;157101;1571011003;-;YULYADI;PO;13134;KAIN;INDUSTRI TEKSTIL;BATIK;65;POTONG;-;2023
4228;15;JAMBI;1571;157106;1504062009;ISTIQOMAH;NGADIMAN;PO;13134;KAIN;INDUSTRI TEKSTIL;BATIK;400;POTONG;-;2023
4229;15;JAMBI;1571;157106;1571061005;ZAM ZAMI;HJ ANISAH;PO;13134;KAIN;INDUSTRI TEKSTIL;BATIK;480;POTONG;-;2023
4230;15;JAMBI;1571;157106;1571061005;ADIN;MUNTADIN;PO;13134;KAIN;INDUSTRI TEKSTIL;BATIK;20;POTONG;-;2023
4231;15;JAMBI;1571;157106;1571061005;SIFA;SITI ARIFAH;PO;13134;KAIN;INDUSTRI TEKSTIL;BATIK;50;POTONG;-;2023
4232;15;JAMBI;1571;157106;1571061005;NURKAMALIA;NURKAMALIA;PO;13134;KAIN;INDUSTRI TEKSTIL;BATIK;20;POTONG;-;2023
4233;15;JAMBI;1571;157106;1571061005;DIANA;DIANA;PO;13134;KAIN;INDUSTRI TEKSTIL;BATIK;20;POTONG;-;2023
4234;15;JAMBI;1571;157106;1571061005;ALAWIYAH;ALAWIYAH;PO;13134;KAIN;INDUSTRI TEKSTIL;BATIK;24;POTONG;-;2023
4235;15;JAMBI;1571;157106;1571061005;ASMA;ASMA;PO;13134;KAIN;INDUSTRI TEKSTIL;BATIK;20;POTONG;-;2023
4236;15;JAMBI;1571;157110;1571101003;BAHRI;ZAINUL BATIK;PO;13134;KAIN;INDUSTRI TEKSTIL;BATIK;0;-;-;2023
4237;15;JAMBI;1571;157106;1571061005;MUBAROK;AMINAH;PO;13134;KAIN;INDUSTRI TEKSTIL;BATIK;2000;POTONG;-;2023
4238;15;JAMBI;1571;157106;1503022014;DUO SERANGKAI;RTS.NILAWATI;PO;19134;KAIN;INDUSTRI TEKSTIL;BATIK;1167;PCS;-;2023
4239;15;JAMBI;1571;157108;1503092004;BATIK RINDANI;YUL NORMA SATRIA;PO;13134;KAIN;INDUSTRI TEKSTIL;BATIK;0;-;-;2023
4240;15;JAMBI;1571;157110;1571101004;BATIK JAMBI RILITA;YULI ERLINDA;PO;13134;KAIN;INDUSTRI TEKSTIL;BATIK;0;-;-;2023
4241;15;JAMBI;1571;157110;1571101003;BATIK SERUMPUN BERLIAN;TINA;PO;13134;KAIN;INDUSTRI TEKSTIL;BATIK;0;-;-;2023
4242;15;JAMBI;1571;157102;1571021005;BATIK JAMBI NING;ASTUTI;PO;13134;KAIN;INDUSTRI TEKSTIL;BATIK;350;POTONG;-;2023
4243;15;JAMBI;1571;157102;1571021003;SEMOGA JAYA;ALAN LANJAR;PO;13134;KAIN;INDUSTRI TEKSTIL;BATIK;0;METER;-;2023
4244;15;JAMBI;1571;157103;1571031010;BATIK JAMBI AL-FATH;ANTONI BUDIMAN;PO;13134;KAIN;INDUSTRI TEKSTIL;BATIK;1750;LEMBAR;-;2023
4245;15;JAMBI;1571;157107;1571071005;MUTIARA BATIK;DWIYANTI;PO;13134;KAIN;INDUSTRI TEKSTIL;BATIK;740;POTONG;-;2023
4246;15;JAMBI;1571;157107;1571091003;BATIK ANNISA MP;MARDIYAH;PO;13134;KAIN;INDUSTRI TEKSTIL;BATIK;1200;METER;-;2023
4247;15;JAMBI;1571;157111;1571111002;BATIK JAMBI AN NISA;RATUMAS NURYANI;PO;13134;KAIN;INDUSTRI TEKSTIL;BATIK;900;METER;-;2023
4248;15;JAMBI;1571;157101;1571011002;BATIK JAMBI SA'AMAH;SA'AMAH;PO;13134;KAIN;INDUSTRI TEKSTIL;BATIK;600;POTONG;-;2023
4249;15;JAMBI;1571;157101;1571011003;BATIK JAMBI BUNGA MATAHARI;SITI ULPA;PO;13134;KAIN;INDUSTRI TEKSTIL;BATIK;324;POTONG;-;2023
4250;15;JAMBI;1571;157101;1571011003;BATIK JAMBI WIDIA;FAUZIAH;PO;13134;KAIN;INDUSTRI TEKSTIL;BATIK;150;POTONG;-;2023
4251;15;JAMBI;1571;157101;1571011004;BATIK JAMBI BERKAH;MAHMUDAH;PO;13134;KAIN;INDUSTRI TEKSTIL;BATIK;300;POTONG;-;2023
4252;15;JAMBI;1571;157101;1571011004;BATIK JAMBI AR-ROUDHOH;RIFDATUL KHOIRO;PO;13134;KAIN;INDUSTRI TEKSTIL;BATIK;300;POTONG;-;2023
4253;15;JAMBI;1571;157101;0;JAMBI BATIK ARDIAH;NURNANINGSIH;PO;13134;KAIN;INDUSTRI TEKSTIL;BATIK;300;POTONG;-;2023
4254;15;JAMBI;1571;157101;1571011001;BATIK INAWAR;SITI WARDIAH;PO;13134;KAIN;INDUSTRI TEKSTIL;BATIK;30;POTONG;-;2023
4255;15;JAMBI;1571;157101;1571011002;BATIK JAMBI NADIA;SITI HAJIR;PO;13134;KAIN;INDUSTRI TEKSTIL;BATIK;50;POTONG;-;2023
4256;15;JAMBI;1571;157105;1571051001;BATIK JAMBI ANGSO PUTIH;SARIPAH SORAYA;PO;13134;KAIN;INDUSTRI TEKSTIL;BATIK;467;METER;-;2023
4257;15;JAMBI;1571;157105;1571051003;BATIK NURHIKMAH;NURHIKMAH;PO;13134;KAIN;INDUSTRI TEKSTIL;BATIK;680;POTONG;-;2023
4258;15;JAMBI;1571;157105;1571051003;BATIK SITI HAJIR;SITI HAJIR;PO;13134;KAIN;INDUSTRI TEKSTIL;BATIK;6600;METER;-;2023
4259;15;JAMBI;1571;157105;1571051001;ROHANA;SITI NAIMAH;PO;13134;KAIN;INDUSTRI TEKSTIL;BATIK;43;POTONG;-;2023
4260;15;JAMBI;1571;157105;1571051004;ALYA;M.THOHA EFENDI/ FAHRIYAH;PO;13134;KAIN;INDUSTRI TEKSTIL;BATIK;2085;METER;-;2023
4261;15;JAMBI;1571;157105;1571051004;-;NADIA FAHMI;PO;13134;KAIN;INDUSTRI TEKSTIL;BATIK;45;POTONG;-;2023
4262;15;JAMBI;1571;157109;1571091001;RUMAH BATIK IRSYAD;IRSYAD;PO;13134;KAIN;INDUSTRI TEKSTIL;BATIK;0;-;-;2023
4263;15;JAMBI;1571;157110;1571101003;BATIK SIPIN JAJARAN;LIA;PO;13134;KAIN;INDUSTRI TEKSTIL;BATIK;0;-;-;2023
4264;15;JAMBI;1571;157109;1571091006;BATIK ANIS;ANISA;PO;13134;KAIN;INDUSTRI TEKSTIL;BATIK;0;-;-;2023
4265;15;JAMBI;1571;157105;1571051003;-;AZIZAH;PO;13134;KAIN;INDUSTRI TEKSTIL;BATIK;0;-;-;2023
4266;15;JAMBI;1571;157105;1571051001;-;ATIKA SURYANI;PO;13134;KAIN;INDUSTRI TEKSTIL;BATIK;0;-;-;2023
4267;15;JAMBI;1571;157106;1504062009;BATIK TARESHA;MUHSIN;PO;13134;KAIN;INDUSTRI TEKSTIL;BATIK;156;POTONG;-;2023
4268;15;JAMBI;1571;157106;1571061005;BATIK JAMBI ERNAWATI;ERNAWATI;PO;13134;KAIN;INDUSTRI TEKSTIL;BATIK;50;POTONG;-;2023
4269;15;JAMBI;1571;157108;1571081004;BATIK YARAFA;NURSIAM;PO;13134;KAIN;INDUSTRI TEKSTIL;BATIK;124;METER;-;2023
4270;15;JAMBI;1571;157101;1571011011;BATIK JAMBI DIRA;ROBIATUL ADAWIYAH, SP;PO;13134;KAIN;INDUSTRI TEKSTIL;BATIK;600;LEMBAR;-;2023
4271;15;JAMBI;1571;157106;1571061005;BATIK JAMBI NURKAMALIAH;MURSALINA;PO;13134;KAIN;INDUSTRI TEKSTIL;BATIK;60;POTONG;-;2023
4272;15;JAMBI;1571;157101;1571011011;-;NOVRIDA;PO;13134;KAIN;INDUSTRI TEKSTIL;BATIK;0;-;-;2023
4273;15;JAMBI;1571;157104;0;TAMIG;IDRINA;PO;13134;KAIN;INDUSTRI TEKSTIL;BATIK;805;POTONG;-;2023
