id;kode_provinsi;nama_provinsi;kode_kabupaten_kota;kode_kecamatan;tanggal_kejadian;keterangan;satuan;jumlah_kejadian
1;15;JAMBI;1501;150116;11/06/2024;MENINGGAL DUNIA;JIWA;0
2;15;JAMBI;1501;150116;11/06/2024;HILANG;JIWA;0
3;15;JAMBI;1501;150116;11/06/2024;LUKA;JIWA;0
4;15;JAMBI;1501;150116;11/06/2024;MENDERITA;JIWA;0
5;15;JAMBI;1501;150116;11/06/2024;MENGUNGSI;JIWA;0
6;15;JAMBI;1501;150116;11/06/2024;RUMAH RUSAK BERAT;UNIT;0
7;15;JAMBI;1501;150116;11/06/2024;RUMAH RUSAK SEDANG;UNIT;0
8;15;JAMBI;1501;150116;11/06/2024;RUMAH RUSAK RINGAN;UNIT;0
9;15;JAMBI;1501;150116;11/06/2024;RUMAH TERENDAM;UNIT;0
10;15;JAMBI;1501;150116;11/06/2024;SARANA PENDIDIKAN;UNIT;0
11;15;JAMBI;1501;150116;11/06/2024;SARANA IBADAH;UNIT;0
12;15;JAMBI;1501;150116;11/06/2024;SARANA KESEHATAN;UNIT;0
13;15;JAMBI;1501;150116;11/06/2024;PERKANTORAN;UNIT;0
14;15;JAMBI;1501;150116;11/06/2024;BANGUNAN LAIN;UNIT;0
15;15;JAMBI;1501;150116;11/06/2024;JEMBATAN;UNIT;0
16;15;JAMBI;1501;150116;11/06/2024;JALAN;KM;100
17;15;JAMBI;1501;150116;11/06/2024;SAWAH;HA;0
18;15;JAMBI;1501;150116;11/06/2024;KEBUN/HUTAN;HA;0
19;15;JAMBI;1501;150116;11/06/2024;KOLAM;HA;0
20;15;JAMBI;1501;150116;11/06/2024;IRIGASI;HA;0
21;15;JAMBI;1501;150106;11/06/2024;MENINGGAL DUNIA;JIWA;0
22;15;JAMBI;1501;150106;11/06/2024;HILANG;JIWA;0
23;15;JAMBI;1501;150106;11/06/2024;LUKA;JIWA;0
24;15;JAMBI;1501;150106;11/06/2024;MENDERITA;JIWA;0
25;15;JAMBI;1501;150106;11/06/2024;MENGUNGSI;JIWA;0
26;15;JAMBI;1501;150106;11/06/2024;RUMAH RUSAK BERAT;UNIT;0
27;15;JAMBI;1501;150106;11/06/2024;RUMAH RUSAK SEDANG;UNIT;0
28;15;JAMBI;1501;150106;11/06/2024;RUMAH RUSAK RINGAN;UNIT;0
29;15;JAMBI;1501;150106;11/06/2024;RUMAH TERENDAM;UNIT;0
30;15;JAMBI;1501;150106;11/06/2024;SARANA PENDIDIKAN;UNIT;0
31;15;JAMBI;1501;150106;11/06/2024;SARANA IBADAH;UNIT;0
32;15;JAMBI;1501;150106;11/06/2024;SARANA KESEHATAN;UNIT;0
33;15;JAMBI;1501;150106;11/06/2024;PERKANTORAN;UNIT;0
34;15;JAMBI;1501;150106;11/06/2024;BANGUNAN LAIN;UNIT;0
35;15;JAMBI;1501;150106;11/06/2024;JEMBATAN;UNIT;0
36;15;JAMBI;1501;150106;11/06/2024;JALAN;KM;50
37;15;JAMBI;1501;150106;11/06/2024;SAWAH;HA;0
38;15;JAMBI;1501;150106;11/06/2024;KEBUN/HUTAN;HA;0
39;15;JAMBI;1501;150106;11/06/2024;KOLAM;HA;0
40;15;JAMBI;1501;150106;11/06/2024;IRIGASI;HA;0
41;15;JAMBI;1572;157208;10/06/2024;MENINGGAL DUNIA;JIWA;0
42;15;JAMBI;1572;157208;10/06/2024;HILANG;JIWA;0
43;15;JAMBI;1572;157208;10/06/2024;LUKA;JIWA;0
44;15;JAMBI;1572;157208;10/06/2024;MENDERITA;JIWA;13
45;15;JAMBI;1572;157208;10/06/2024;MENGUNGSI;JIWA;0
46;15;JAMBI;1572;157208;10/06/2024;RUMAH RUSAK BERAT;UNIT;1
47;15;JAMBI;1572;157208;10/06/2024;RUMAH RUSAK SEDANG;UNIT;2
48;15;JAMBI;1572;157208;10/06/2024;RUMAH RUSAK RINGAN;UNIT;10
49;15;JAMBI;1572;157208;10/06/2024;RUMAH TERENDAM;UNIT;0
50;15;JAMBI;1572;157208;10/06/2024;SARANA PENDIDIKAN;UNIT;0
51;15;JAMBI;1572;157208;10/06/2024;SARANA IBADAH;UNIT;0
52;15;JAMBI;1572;157208;10/06/2024;SARANA KESEHATAN;UNIT;0
53;15;JAMBI;1572;157208;10/06/2024;PERKANTORAN;UNIT;0
54;15;JAMBI;1572;157208;10/06/2024;BANGUNAN LAIN;UNIT;0
55;15;JAMBI;1572;157208;10/06/2024;JEMBATAN;UNIT;0
56;15;JAMBI;1572;157208;10/06/2024;JALAN;KM;0
57;15;JAMBI;1572;157208;10/06/2024;SAWAH;HA;0
58;15;JAMBI;1572;157208;10/06/2024;KEBUN/HUTAN;HA;0
59;15;JAMBI;1572;157208;10/06/2024;KOLAM;HA;0
60;15;JAMBI;1572;157208;10/06/2024;IRIGASI;HA;0
61;15;JAMBI;1507;150703;09/06/2024;MENINGGAL DUNIA;JIWA;0
62;15;JAMBI;1507;150703;09/06/2024;HILANG;JIWA;0
63;15;JAMBI;1507;150703;09/06/2024;LUKA;JIWA;0
64;15;JAMBI;1507;150703;09/06/2024;MENDERITA;JIWA;1
65;15;JAMBI;1507;150703;09/06/2024;MENGUNGSI;JIWA;0
66;15;JAMBI;1507;150703;09/06/2024;RUMAH RUSAK BERAT;UNIT;0
67;15;JAMBI;1507;150703;09/06/2024;RUMAH RUSAK SEDANG;UNIT;0
68;15;JAMBI;1507;150703;09/06/2024;RUMAH RUSAK RINGAN;UNIT;0
69;15;JAMBI;1507;150703;09/06/2024;RUMAH TERENDAM;UNIT;0
70;15;JAMBI;1507;150703;09/06/2024;SARANA PENDIDIKAN;UNIT;0
71;15;JAMBI;1507;150703;09/06/2024;SARANA IBADAH;UNIT;0
72;15;JAMBI;1507;150703;09/06/2024;SARANA KESEHATAN;UNIT;0
73;15;JAMBI;1507;150703;09/06/2024;PERKANTORAN;UNIT;0
74;15;JAMBI;1507;150703;09/06/2024;BANGUNAN LAIN;UNIT;0
75;15;JAMBI;1507;150703;09/06/2024;JEMBATAN;UNIT;0
76;15;JAMBI;1507;150703;09/06/2024;JALAN;KM;0
77;15;JAMBI;1507;150703;09/06/2024;SAWAH;HA;0
78;15;JAMBI;1507;150703;09/06/2024;KEBUN/HUTAN;HA;0
79;15;JAMBI;1507;150703;09/06/2024;KOLAM;HA;0
80;15;JAMBI;1507;150703;09/06/2024;IRIGASI;HA;0
81;15;JAMBI;1501;150120;31/05/2024;MENINGGAL DUNIA;JIWA;0
82;15;JAMBI;1501;150120;31/05/2024;HILANG;JIWA;0
83;15;JAMBI;1501;150120;31/05/2024;LUKA;JIWA;0
84;15;JAMBI;1501;150120;31/05/2024;MENDERITA;JIWA;3
85;15;JAMBI;1501;150120;31/05/2024;MENGUNGSI;JIWA;0
86;15;JAMBI;1501;150120;31/05/2024;RUMAH RUSAK BERAT;UNIT;0
87;15;JAMBI;1501;150120;31/05/2024;RUMAH RUSAK SEDANG;UNIT;0
88;15;JAMBI;1501;150120;31/05/2024;RUMAH RUSAK RINGAN;UNIT;0
89;15;JAMBI;1501;150120;31/05/2024;RUMAH TERENDAM;UNIT;0
90;15;JAMBI;1501;150120;31/05/2024;SARANA PENDIDIKAN;UNIT;0
91;15;JAMBI;1501;150120;31/05/2024;SARANA IBADAH;UNIT;0
92;15;JAMBI;1501;150120;31/05/2024;SARANA KESEHATAN;UNIT;0
93;15;JAMBI;1501;150120;31/05/2024;PERKANTORAN;UNIT;0
94;15;JAMBI;1501;150120;31/05/2024;BANGUNAN LAIN;UNIT;0
95;15;JAMBI;1501;150120;31/05/2024;JEMBATAN;UNIT;0
96;15;JAMBI;1501;150120;31/05/2024;JALAN;KM;0
97;15;JAMBI;1501;150120;31/05/2024;SAWAH;HA;0
98;15;JAMBI;1501;150120;31/05/2024;KEBUN/HUTAN;HA;0
99;15;JAMBI;1501;150120;31/05/2024;KOLAM;HA;0
100;15;JAMBI;1501;150120;31/05/2024;IRIGASI;HA;0
101;15;JAMBI;1502;150204;16/05/2024;MENINGGAL DUNIA;JIWA;0
102;15;JAMBI;1502;150204;16/05/2024;HILANG;JIWA;0
103;15;JAMBI;1502;150204;16/05/2024;LUKA;JIWA;0
104;15;JAMBI;1502;150204;16/05/2024;MENDERITA;JIWA;0
105;15;JAMBI;1502;150204;16/05/2024;MENGUNGSI;JIWA;0
106;15;JAMBI;1502;150204;16/05/2024;RUMAH RUSAK BERAT;UNIT;0
107;15;JAMBI;1502;150204;16/05/2024;RUMAH RUSAK SEDANG;UNIT;0
108;15;JAMBI;1502;150204;16/05/2024;RUMAH RUSAK RINGAN;UNIT;0
109;15;JAMBI;1502;150204;16/05/2024;RUMAH TERENDAM;UNIT;0
110;15;JAMBI;1502;150204;16/05/2024;SARANA PENDIDIKAN;UNIT;0
111;15;JAMBI;1502;150204;16/05/2024;SARANA IBADAH;UNIT;0
112;15;JAMBI;1502;150204;16/05/2024;SARANA KESEHATAN;UNIT;0
113;15;JAMBI;1502;150204;16/05/2024;PERKANTORAN;UNIT;0
114;15;JAMBI;1502;150204;16/05/2024;BANGUNAN LAIN;UNIT;0
115;15;JAMBI;1502;150204;16/05/2024;JEMBATAN;UNIT;0
116;15;JAMBI;1502;150204;16/05/2024;JALAN;KM;3
117;15;JAMBI;1502;150204;16/05/2024;SAWAH;HA;0
118;15;JAMBI;1502;150204;16/05/2024;KEBUN/HUTAN;HA;0
119;15;JAMBI;1502;150204;16/05/2024;KOLAM;HA;0
120;15;JAMBI;1502;150204;16/05/2024;IRIGASI;HA;0
121;15;JAMBI;1502;150217;12/05/2024;MENINGGAL DUNIA;JIWA;0
122;15;JAMBI;1502;150217;12/05/2024;HILANG;JIWA;0
123;15;JAMBI;1502;150217;12/05/2024;LUKA;JIWA;0
124;15;JAMBI;1502;150217;12/05/2024;MENDERITA;JIWA;0
125;15;JAMBI;1502;150217;12/05/2024;MENGUNGSI;JIWA;0
126;15;JAMBI;1502;150217;12/05/2024;RUMAH RUSAK BERAT;UNIT;0
127;15;JAMBI;1502;150217;12/05/2024;RUMAH RUSAK SEDANG;UNIT;0
128;15;JAMBI;1502;150217;12/05/2024;RUMAH RUSAK RINGAN;UNIT;0
129;15;JAMBI;1502;150217;12/05/2024;RUMAH TERENDAM;UNIT;0
130;15;JAMBI;1502;150217;12/05/2024;SARANA PENDIDIKAN;UNIT;0
131;15;JAMBI;1502;150217;12/05/2024;SARANA IBADAH;UNIT;0
132;15;JAMBI;1502;150217;12/05/2024;SARANA KESEHATAN;UNIT;0
133;15;JAMBI;1502;150217;12/05/2024;PERKANTORAN;UNIT;0
134;15;JAMBI;1502;150217;12/05/2024;BANGUNAN LAIN;UNIT;0
135;15;JAMBI;1502;150217;12/05/2024;JEMBATAN;UNIT;0
136;15;JAMBI;1502;150217;12/05/2024;JALAN;KM;1
137;15;JAMBI;1502;150217;12/05/2024;SAWAH;HA;0
138;15;JAMBI;1502;150217;12/05/2024;KEBUN/HUTAN;HA;0
139;15;JAMBI;1502;150217;12/05/2024;KOLAM;HA;0
140;15;JAMBI;1502;150217;12/05/2024;IRIGASI;HA;0
141;15;JAMBI;1504;150403;09/05/2024;MENINGGAL DUNIA;JIWA;0
142;15;JAMBI;1504;150403;09/05/2024;HILANG;JIWA;0
143;15;JAMBI;1504;150403;09/05/2024;LUKA;JIWA;0
144;15;JAMBI;1504;150403;09/05/2024;MENDERITA;JIWA;0
145;15;JAMBI;1504;150403;09/05/2024;MENGUNGSI;JIWA;0
146;15;JAMBI;1504;150403;09/05/2024;RUMAH RUSAK BERAT;UNIT;0
147;15;JAMBI;1504;150403;09/05/2024;RUMAH RUSAK SEDANG;UNIT;0
148;15;JAMBI;1504;150403;09/05/2024;RUMAH RUSAK RINGAN;UNIT;0
149;15;JAMBI;1504;150403;09/05/2024;RUMAH TERENDAM;UNIT;0
150;15;JAMBI;1504;150403;09/05/2024;SARANA PENDIDIKAN;UNIT;0
151;15;JAMBI;1504;150403;09/05/2024;SARANA IBADAH;UNIT;0
152;15;JAMBI;1504;150403;09/05/2024;SARANA KESEHATAN;UNIT;0
153;15;JAMBI;1504;150403;09/05/2024;PERKANTORAN;UNIT;0
154;15;JAMBI;1504;150403;09/05/2024;BANGUNAN LAIN;UNIT;0
155;15;JAMBI;1504;150403;09/05/2024;JEMBATAN;UNIT;0
156;15;JAMBI;1504;150403;09/05/2024;JALAN;KM;0
157;15;JAMBI;1504;150403;09/05/2024;SAWAH;HA;0
158;15;JAMBI;1504;150403;09/05/2024;KEBUN/HUTAN;HA;0
159;15;JAMBI;1504;150403;09/05/2024;KOLAM;HA;0
160;15;JAMBI;1504;150403;09/05/2024;IRIGASI;HA;0
161;15;JAMBI;1572;157206;26/04/2024;MENINGGAL DUNIA;JIWA;0
162;15;JAMBI;1572;157206;26/04/2024;HILANG;JIWA;0
163;15;JAMBI;1572;157206;26/04/2024;LUKA;JIWA;0
164;15;JAMBI;1572;157206;26/04/2024;MENDERITA;JIWA;6
165;15;JAMBI;1572;157206;26/04/2024;MENGUNGSI;JIWA;0
166;15;JAMBI;1572;157206;26/04/2024;RUMAH RUSAK BERAT;UNIT;0
167;15;JAMBI;1572;157206;26/04/2024;RUMAH RUSAK SEDANG;UNIT;1
168;15;JAMBI;1572;157206;26/04/2024;RUMAH RUSAK RINGAN;UNIT;0
169;15;JAMBI;1572;157206;26/04/2024;RUMAH TERENDAM;UNIT;0
170;15;JAMBI;1572;157206;26/04/2024;SARANA PENDIDIKAN;UNIT;0
171;15;JAMBI;1572;157206;26/04/2024;SARANA IBADAH;UNIT;0
172;15;JAMBI;1572;157206;26/04/2024;SARANA KESEHATAN;UNIT;0
173;15;JAMBI;1572;157206;26/04/2024;PERKANTORAN;UNIT;0
174;15;JAMBI;1572;157206;26/04/2024;BANGUNAN LAIN;UNIT;0
175;15;JAMBI;1572;157206;26/04/2024;JEMBATAN;UNIT;0
176;15;JAMBI;1572;157206;26/04/2024;JALAN;KM;0
177;15;JAMBI;1572;157206;26/04/2024;SAWAH;HA;0
178;15;JAMBI;1572;157206;26/04/2024;KEBUN/HUTAN;HA;0
179;15;JAMBI;1572;157206;26/04/2024;KOLAM;HA;0
180;15;JAMBI;1572;157206;26/04/2024;IRIGASI;HA;0
181;15;JAMBI;1572;157208;26/04/2024;MENINGGAL DUNIA;JIWA;0
182;15;JAMBI;1572;157208;26/04/2024;HILANG;JIWA;0
183;15;JAMBI;1572;157208;26/04/2024;LUKA;JIWA;0
184;15;JAMBI;1572;157208;26/04/2024;MENDERITA;JIWA;7
185;15;JAMBI;1572;157208;26/04/2024;MENGUNGSI;JIWA;0
186;15;JAMBI;1572;157208;26/04/2024;RUMAH RUSAK BERAT;UNIT;0
187;15;JAMBI;1572;157208;26/04/2024;RUMAH RUSAK SEDANG;UNIT;2
188;15;JAMBI;1572;157208;26/04/2024;RUMAH RUSAK RINGAN;UNIT;0
189;15;JAMBI;1572;157208;26/04/2024;RUMAH TERENDAM;UNIT;0
190;15;JAMBI;1572;157208;26/04/2024;SARANA PENDIDIKAN;UNIT;0
191;15;JAMBI;1572;157208;26/04/2024;SARANA IBADAH;UNIT;0
192;15;JAMBI;1572;157208;26/04/2024;SARANA KESEHATAN;UNIT;0
193;15;JAMBI;1572;157208;26/04/2024;PERKANTORAN;UNIT;0
194;15;JAMBI;1572;157208;26/04/2024;BANGUNAN LAIN;UNIT;0
195;15;JAMBI;1572;157208;26/04/2024;JEMBATAN;UNIT;0
196;15;JAMBI;1572;157208;26/04/2024;JALAN;KM;0
197;15;JAMBI;1572;157208;26/04/2024;SAWAH;HA;0
198;15;JAMBI;1572;157208;26/04/2024;KEBUN/HUTAN;HA;0
199;15;JAMBI;1572;157208;26/04/2024;KOLAM;HA;0
200;15;JAMBI;1572;157208;26/04/2024;IRIGASI;HA;0
201;15;JAMBI;1501;150108;20/04/2024;MENINGGAL DUNIA;JIWA;0
202;15;JAMBI;1501;150108;20/04/2024;HILANG;JIWA;0
203;15;JAMBI;1501;150108;20/04/2024;LUKA;JIWA;0
204;15;JAMBI;1501;150108;20/04/2024;MENDERITA;JIWA;0
205;15;JAMBI;1501;150108;20/04/2024;MENGUNGSI;JIWA;0
206;15;JAMBI;1501;150108;20/04/2024;RUMAH RUSAK BERAT;UNIT;0
207;15;JAMBI;1501;150108;20/04/2024;RUMAH RUSAK SEDANG;UNIT;0
208;15;JAMBI;1501;150108;20/04/2024;RUMAH RUSAK RINGAN;UNIT;0
209;15;JAMBI;1501;150108;20/04/2024;RUMAH TERENDAM;UNIT;0
210;15;JAMBI;1501;150108;20/04/2024;SARANA PENDIDIKAN;UNIT;0
211;15;JAMBI;1501;150108;20/04/2024;SARANA IBADAH;UNIT;0
212;15;JAMBI;1501;150108;20/04/2024;SARANA KESEHATAN;UNIT;0
213;15;JAMBI;1501;150108;20/04/2024;PERKANTORAN;UNIT;0
214;15;JAMBI;1501;150108;20/04/2024;BANGUNAN LAIN;UNIT;0
215;15;JAMBI;1501;150108;20/04/2024;JEMBATAN;UNIT;20
216;15;JAMBI;1501;150108;20/04/2024;JALAN;KM;0
217;15;JAMBI;1501;150108;20/04/2024;SAWAH;HA;0
218;15;JAMBI;1501;150108;20/04/2024;KEBUN/HUTAN;HA;0
219;15;JAMBI;1501;150108;20/04/2024;KOLAM;HA;0
220;15;JAMBI;1501;150108;20/04/2024;IRIGASI;HA;0
221;15;JAMBI;1501;150119;10/04/2024;MENINGGAL DUNIA;JIWA;0
222;15;JAMBI;1501;150119;10/04/2024;HILANG;JIWA;0
223;15;JAMBI;1501;150119;10/04/2024;LUKA;JIWA;0
224;15;JAMBI;1501;150119;10/04/2024;MENDERITA;JIWA;0
225;15;JAMBI;1501;150119;10/04/2024;MENGUNGSI;JIWA;0
226;15;JAMBI;1501;150119;10/04/2024;RUMAH RUSAK BERAT;UNIT;0
227;15;JAMBI;1501;150119;10/04/2024;RUMAH RUSAK SEDANG;UNIT;0
228;15;JAMBI;1501;150119;10/04/2024;RUMAH RUSAK RINGAN;UNIT;0
229;15;JAMBI;1501;150119;10/04/2024;RUMAH TERENDAM;UNIT;0
230;15;JAMBI;1501;150119;10/04/2024;SARANA PENDIDIKAN;UNIT;0
231;15;JAMBI;1501;150119;10/04/2024;SARANA IBADAH;UNIT;0
232;15;JAMBI;1501;150119;10/04/2024;SARANA KESEHATAN;UNIT;0
233;15;JAMBI;1501;150119;10/04/2024;PERKANTORAN;UNIT;0
234;15;JAMBI;1501;150119;10/04/2024;BANGUNAN LAIN;UNIT;0
235;15;JAMBI;1501;150119;10/04/2024;JEMBATAN;UNIT;28
236;15;JAMBI;1501;150119;10/04/2024;JALAN;KM;0
237;15;JAMBI;1501;150119;10/04/2024;SAWAH;HA;0
238;15;JAMBI;1501;150119;10/04/2024;KEBUN/HUTAN;HA;0
239;15;JAMBI;1501;150119;10/04/2024;KOLAM;HA;0
240;15;JAMBI;1501;150119;10/04/2024;IRIGASI;HA;0
241;15;JAMBI;1502;150212;05/04/2024;MENINGGAL DUNIA;JIWA;0
242;15;JAMBI;1502;150212;05/04/2024;HILANG;JIWA;0
243;15;JAMBI;1502;150212;05/04/2024;LUKA;JIWA;0
244;15;JAMBI;1502;150212;05/04/2024;MENDERITA;JIWA;0
245;15;JAMBI;1502;150212;05/04/2024;MENGUNGSI;JIWA;0
246;15;JAMBI;1502;150212;05/04/2024;RUMAH RUSAK BERAT;UNIT;0
247;15;JAMBI;1502;150212;05/04/2024;RUMAH RUSAK SEDANG;UNIT;0
248;15;JAMBI;1502;150212;05/04/2024;RUMAH RUSAK RINGAN;UNIT;0
249;15;JAMBI;1502;150212;05/04/2024;RUMAH TERENDAM;UNIT;0
250;15;JAMBI;1502;150212;05/04/2024;SARANA PENDIDIKAN;UNIT;0
251;15;JAMBI;1502;150212;05/04/2024;SARANA IBADAH;UNIT;0
252;15;JAMBI;1502;150212;05/04/2024;SARANA KESEHATAN;UNIT;0
253;15;JAMBI;1502;150212;05/04/2024;PERKANTORAN;UNIT;0
254;15;JAMBI;1502;150212;05/04/2024;BANGUNAN LAIN;UNIT;0
255;15;JAMBI;1502;150212;05/04/2024;JEMBATAN;UNIT;0
256;15;JAMBI;1502;150212;05/04/2024;JALAN;KM;11
257;15;JAMBI;1502;150212;05/04/2024;SAWAH;HA;0
258;15;JAMBI;1502;150212;05/04/2024;KEBUN/HUTAN;HA;0
259;15;JAMBI;1502;150212;05/04/2024;KOLAM;HA;0
260;15;JAMBI;1502;150212;05/04/2024;IRIGASI;HA;0
261;15;JAMBI;1502;150212;02/04/2024;MENINGGAL DUNIA;JIWA;0
262;15;JAMBI;1502;150212;02/04/2024;HILANG;JIWA;0
263;15;JAMBI;1502;150212;02/04/2024;LUKA;JIWA;0
264;15;JAMBI;1502;150212;02/04/2024;MENDERITA;JIWA;0
265;15;JAMBI;1502;150212;02/04/2024;MENGUNGSI;JIWA;0
266;15;JAMBI;1502;150212;02/04/2024;RUMAH RUSAK BERAT;UNIT;0
267;15;JAMBI;1502;150212;02/04/2024;RUMAH RUSAK SEDANG;UNIT;0
268;15;JAMBI;1502;150212;02/04/2024;RUMAH RUSAK RINGAN;UNIT;0
269;15;JAMBI;1502;150212;02/04/2024;RUMAH TERENDAM;UNIT;0
270;15;JAMBI;1502;150212;02/04/2024;SARANA PENDIDIKAN;UNIT;0
271;15;JAMBI;1502;150212;02/04/2024;SARANA IBADAH;UNIT;0
272;15;JAMBI;1502;150212;02/04/2024;SARANA KESEHATAN;UNIT;0
273;15;JAMBI;1502;150212;02/04/2024;PERKANTORAN;UNIT;0
274;15;JAMBI;1502;150212;02/04/2024;BANGUNAN LAIN;UNIT;0
275;15;JAMBI;1502;150212;02/04/2024;JEMBATAN;UNIT;0
276;15;JAMBI;1502;150212;02/04/2024;JALAN;KM;3
277;15;JAMBI;1502;150212;02/04/2024;SAWAH;HA;0
278;15;JAMBI;1502;150212;02/04/2024;KEBUN/HUTAN;HA;0
279;15;JAMBI;1502;150212;02/04/2024;KOLAM;HA;0
280;15;JAMBI;1502;150212;02/04/2024;IRIGASI;HA;0
281;15;JAMBI;1501;150107;14/03/2024;MENINGGAL DUNIA;JIWA;0
282;15;JAMBI;1501;150107;14/03/2024;HILANG;JIWA;0
283;15;JAMBI;1501;150107;14/03/2024;LUKA;JIWA;0
284;15;JAMBI;1501;150107;14/03/2024;MENDERITA;JIWA;0
285;15;JAMBI;1501;150107;14/03/2024;MENGUNGSI;JIWA;0
286;15;JAMBI;1501;150107;14/03/2024;RUMAH RUSAK BERAT;UNIT;0
287;15;JAMBI;1501;150107;14/03/2024;RUMAH RUSAK SEDANG;UNIT;0
288;15;JAMBI;1501;150107;14/03/2024;RUMAH RUSAK RINGAN;UNIT;0
289;15;JAMBI;1501;150107;14/03/2024;RUMAH TERENDAM;UNIT;0
290;15;JAMBI;1501;150107;14/03/2024;SARANA PENDIDIKAN;UNIT;0
291;15;JAMBI;1501;150107;14/03/2024;SARANA IBADAH;UNIT;0
292;15;JAMBI;1501;150107;14/03/2024;SARANA KESEHATAN;UNIT;0
293;15;JAMBI;1501;150107;14/03/2024;PERKANTORAN;UNIT;0
294;15;JAMBI;1501;150107;14/03/2024;BANGUNAN LAIN;UNIT;0
295;15;JAMBI;1501;150107;14/03/2024;JEMBATAN;UNIT;0
296;15;JAMBI;1501;150107;14/03/2024;JALAN;KM;0
297;15;JAMBI;1501;150107;14/03/2024;SAWAH;HA;0
298;15;JAMBI;1501;150107;14/03/2024;KEBUN/HUTAN;HA;0
299;15;JAMBI;1501;150107;14/03/2024;KOLAM;HA;0
300;15;JAMBI;1501;150107;14/03/2024;IRIGASI;HA;0
301;15;JAMBI;1501;150120;13/03/2024;MENINGGAL DUNIA;JIWA;0
302;15;JAMBI;1501;150120;13/03/2024;HILANG;JIWA;0
303;15;JAMBI;1501;150120;13/03/2024;LUKA;JIWA;0
304;15;JAMBI;1501;150120;13/03/2024;MENDERITA;JIWA;0
305;15;JAMBI;1501;150120;13/03/2024;MENGUNGSI;JIWA;0
306;15;JAMBI;1501;150120;13/03/2024;RUMAH RUSAK BERAT;UNIT;0
307;15;JAMBI;1501;150120;13/03/2024;RUMAH RUSAK SEDANG;UNIT;0
308;15;JAMBI;1501;150120;13/03/2024;RUMAH RUSAK RINGAN;UNIT;0
309;15;JAMBI;1501;150120;13/03/2024;RUMAH TERENDAM;UNIT;0
310;15;JAMBI;1501;150120;13/03/2024;SARANA PENDIDIKAN;UNIT;0
311;15;JAMBI;1501;150120;13/03/2024;SARANA IBADAH;UNIT;0
312;15;JAMBI;1501;150120;13/03/2024;SARANA KESEHATAN;UNIT;0
313;15;JAMBI;1501;150120;13/03/2024;PERKANTORAN;UNIT;0
314;15;JAMBI;1501;150120;13/03/2024;BANGUNAN LAIN;UNIT;0
315;15;JAMBI;1501;150120;13/03/2024;JEMBATAN;UNIT;0
316;15;JAMBI;1501;150120;13/03/2024;JALAN;KM;0
317;15;JAMBI;1501;150120;13/03/2024;SAWAH;HA;0
318;15;JAMBI;1501;150120;13/03/2024;KEBUN/HUTAN;HA;0
319;15;JAMBI;1501;150120;13/03/2024;KOLAM;HA;0
320;15;JAMBI;1501;150120;13/03/2024;IRIGASI;HA;0
321;15;JAMBI;1501;150116;12/03/2024;MENINGGAL DUNIA;JIWA;0
322;15;JAMBI;1501;150116;12/03/2024;HILANG;JIWA;0
323;15;JAMBI;1501;150116;12/03/2024;LUKA;JIWA;0
324;15;JAMBI;1501;150116;12/03/2024;MENDERITA;JIWA;0
325;15;JAMBI;1501;150116;12/03/2024;MENGUNGSI;JIWA;0
326;15;JAMBI;1501;150116;12/03/2024;RUMAH RUSAK BERAT;UNIT;0
327;15;JAMBI;1501;150116;12/03/2024;RUMAH RUSAK SEDANG;UNIT;0
328;15;JAMBI;1501;150116;12/03/2024;RUMAH RUSAK RINGAN;UNIT;0
329;15;JAMBI;1501;150116;12/03/2024;RUMAH TERENDAM;UNIT;0
330;15;JAMBI;1501;150116;12/03/2024;SARANA PENDIDIKAN;UNIT;0
331;15;JAMBI;1501;150116;12/03/2024;SARANA IBADAH;UNIT;0
332;15;JAMBI;1501;150116;12/03/2024;SARANA KESEHATAN;UNIT;0
333;15;JAMBI;1501;150116;12/03/2024;PERKANTORAN;UNIT;0
334;15;JAMBI;1501;150116;12/03/2024;BANGUNAN LAIN;UNIT;0
335;15;JAMBI;1501;150116;12/03/2024;JEMBATAN;UNIT;0
336;15;JAMBI;1501;150116;12/03/2024;JALAN;KM;0
337;15;JAMBI;1501;150116;12/03/2024;SAWAH;HA;0
338;15;JAMBI;1501;150116;12/03/2024;KEBUN/HUTAN;HA;0
339;15;JAMBI;1501;150116;12/03/2024;KOLAM;HA;0
340;15;JAMBI;1501;150116;12/03/2024;IRIGASI;HA;0
341;15;JAMBI;1502;150218;07/03/2024;MENINGGAL DUNIA;JIWA;0
342;15;JAMBI;1502;150218;07/03/2024;HILANG;JIWA;0
343;15;JAMBI;1502;150218;07/03/2024;LUKA;JIWA;0
344;15;JAMBI;1502;150218;07/03/2024;MENDERITA;JIWA;0
345;15;JAMBI;1502;150218;07/03/2024;MENGUNGSI;JIWA;0
346;15;JAMBI;1502;150218;07/03/2024;RUMAH RUSAK BERAT;UNIT;0
347;15;JAMBI;1502;150218;07/03/2024;RUMAH RUSAK SEDANG;UNIT;0
348;15;JAMBI;1502;150218;07/03/2024;RUMAH RUSAK RINGAN;UNIT;0
349;15;JAMBI;1502;150218;07/03/2024;RUMAH TERENDAM;UNIT;0
350;15;JAMBI;1502;150218;07/03/2024;SARANA PENDIDIKAN;UNIT;0
351;15;JAMBI;1502;150218;07/03/2024;SARANA IBADAH;UNIT;0
352;15;JAMBI;1502;150218;07/03/2024;SARANA KESEHATAN;UNIT;0
353;15;JAMBI;1502;150218;07/03/2024;PERKANTORAN;UNIT;0
354;15;JAMBI;1502;150218;07/03/2024;BANGUNAN LAIN;UNIT;0
355;15;JAMBI;1502;150218;07/03/2024;JEMBATAN;UNIT;0
356;15;JAMBI;1502;150218;07/03/2024;JALAN;KM;1
357;15;JAMBI;1502;150218;07/03/2024;SAWAH;HA;0
358;15;JAMBI;1502;150218;07/03/2024;KEBUN/HUTAN;HA;0
359;15;JAMBI;1502;150218;07/03/2024;KOLAM;HA;0
360;15;JAMBI;1502;150218;07/03/2024;IRIGASI;HA;0
361;15;JAMBI;1501;150107;04/03/2024;MENINGGAL DUNIA;JIWA;0
362;15;JAMBI;1501;150107;04/03/2024;HILANG;JIWA;0
363;15;JAMBI;1501;150107;04/03/2024;LUKA;JIWA;0
364;15;JAMBI;1501;150107;04/03/2024;MENDERITA;JIWA;0
365;15;JAMBI;1501;150107;04/03/2024;MENGUNGSI;JIWA;0
366;15;JAMBI;1501;150107;04/03/2024;RUMAH RUSAK BERAT;UNIT;0
367;15;JAMBI;1501;150107;04/03/2024;RUMAH RUSAK SEDANG;UNIT;0
368;15;JAMBI;1501;150107;04/03/2024;RUMAH RUSAK RINGAN;UNIT;0
369;15;JAMBI;1501;150107;04/03/2024;RUMAH TERENDAM;UNIT;0
370;15;JAMBI;1501;150107;04/03/2024;SARANA PENDIDIKAN;UNIT;0
371;15;JAMBI;1501;150107;04/03/2024;SARANA IBADAH;UNIT;0
372;15;JAMBI;1501;150107;04/03/2024;SARANA KESEHATAN;UNIT;0
373;15;JAMBI;1501;150107;04/03/2024;PERKANTORAN;UNIT;0
374;15;JAMBI;1501;150107;04/03/2024;BANGUNAN LAIN;UNIT;0
375;15;JAMBI;1501;150107;04/03/2024;JEMBATAN;UNIT;0
376;15;JAMBI;1501;150107;04/03/2024;JALAN;KM;0
377;15;JAMBI;1501;150107;04/03/2024;SAWAH;HA;0
378;15;JAMBI;1501;150107;04/03/2024;KEBUN/HUTAN;HA;0
379;15;JAMBI;1501;150107;04/03/2024;KOLAM;HA;0
380;15;JAMBI;1501;150107;04/03/2024;IRIGASI;HA;0
381;15;JAMBI;1502;150224;04/03/2024;MENINGGAL DUNIA;JIWA;0
382;15;JAMBI;1502;150224;04/03/2024;HILANG;JIWA;0
383;15;JAMBI;1502;150224;04/03/2024;LUKA;JIWA;0
384;15;JAMBI;1502;150224;04/03/2024;MENDERITA;JIWA;0
385;15;JAMBI;1502;150224;04/03/2024;MENGUNGSI;JIWA;0
386;15;JAMBI;1502;150224;04/03/2024;RUMAH RUSAK BERAT;UNIT;0
387;15;JAMBI;1502;150224;04/03/2024;RUMAH RUSAK SEDANG;UNIT;0
388;15;JAMBI;1502;150224;04/03/2024;RUMAH RUSAK RINGAN;UNIT;0
389;15;JAMBI;1502;150224;04/03/2024;RUMAH TERENDAM;UNIT;0
390;15;JAMBI;1502;150224;04/03/2024;SARANA PENDIDIKAN;UNIT;0
391;15;JAMBI;1502;150224;04/03/2024;SARANA IBADAH;UNIT;0
392;15;JAMBI;1502;150224;04/03/2024;SARANA KESEHATAN;UNIT;0
393;15;JAMBI;1502;150224;04/03/2024;PERKANTORAN;UNIT;0
394;15;JAMBI;1502;150224;04/03/2024;BANGUNAN LAIN;UNIT;0
395;15;JAMBI;1502;150224;04/03/2024;JEMBATAN;UNIT;0
396;15;JAMBI;1502;150224;04/03/2024;JALAN;KM;1
397;15;JAMBI;1502;150224;04/03/2024;SAWAH;HA;0
398;15;JAMBI;1502;150224;04/03/2024;KEBUN/HUTAN;HA;0
399;15;JAMBI;1502;150224;04/03/2024;KOLAM;HA;0
400;15;JAMBI;1502;150224;04/03/2024;IRIGASI;HA;0
401;15;JAMBI;1502;150216;02/03/2024;MENINGGAL DUNIA;JIWA;0
402;15;JAMBI;1502;150216;02/03/2024;HILANG;JIWA;0
403;15;JAMBI;1502;150216;02/03/2024;LUKA;JIWA;0
404;15;JAMBI;1502;150216;02/03/2024;MENDERITA;JIWA;0
405;15;JAMBI;1502;150216;02/03/2024;MENGUNGSI;JIWA;0
406;15;JAMBI;1502;150216;02/03/2024;RUMAH RUSAK BERAT;UNIT;0
407;15;JAMBI;1502;150216;02/03/2024;RUMAH RUSAK SEDANG;UNIT;0
408;15;JAMBI;1502;150216;02/03/2024;RUMAH RUSAK RINGAN;UNIT;0
409;15;JAMBI;1502;150216;02/03/2024;RUMAH TERENDAM;UNIT;0
410;15;JAMBI;1502;150216;02/03/2024;SARANA PENDIDIKAN;UNIT;0
411;15;JAMBI;1502;150216;02/03/2024;SARANA IBADAH;UNIT;0
412;15;JAMBI;1502;150216;02/03/2024;SARANA KESEHATAN;UNIT;0
413;15;JAMBI;1502;150216;02/03/2024;PERKANTORAN;UNIT;0
414;15;JAMBI;1502;150216;02/03/2024;BANGUNAN LAIN;UNIT;0
415;15;JAMBI;1502;150216;02/03/2024;JEMBATAN;UNIT;0
416;15;JAMBI;1502;150216;02/03/2024;JALAN;KM;1
417;15;JAMBI;1502;150216;02/03/2024;SAWAH;HA;0
418;15;JAMBI;1502;150216;02/03/2024;KEBUN/HUTAN;HA;0
419;15;JAMBI;1502;150216;02/03/2024;KOLAM;HA;0
420;15;JAMBI;1502;150216;02/03/2024;IRIGASI;HA;0
421;15;JAMBI;1508;150804;27/02/2024;MENINGGAL DUNIA;JIWA;0
422;15;JAMBI;1508;150804;27/02/2024;HILANG;JIWA;0
423;15;JAMBI;1508;150804;27/02/2024;LUKA;JIWA;0
424;15;JAMBI;1508;150804;27/02/2024;MENDERITA;JIWA;0
425;15;JAMBI;1508;150804;27/02/2024;MENGUNGSI;JIWA;0
426;15;JAMBI;1508;150804;27/02/2024;RUMAH TERENDAM;UNIT;0
427;15;JAMBI;1508;150804;27/02/2024;RUMAH TERENDAM;UNIT;0
428;15;JAMBI;1508;150804;27/02/2024;RUMAH TERENDAM;UNIT;0
429;15;JAMBI;1508;150804;27/02/2024;RUMAH TERENDAM;UNIT;0
430;15;JAMBI;1508;150804;27/02/2024;SARANA PENDIDIKAN;UNIT;0
431;15;JAMBI;1508;150804;27/02/2024;SARANA PENDIDIKAN;UNIT;0
432;15;JAMBI;1508;150804;27/02/2024;SARANA PENDIDIKAN;UNIT;0
433;15;JAMBI;1508;150804;27/02/2024;PERKANTORAN;UNIT;0
434;15;JAMBI;1508;150804;27/02/2024;BANGUNAN LAIN;UNIT;0
435;15;JAMBI;1508;150804;27/02/2024;JEMBATAN;UNIT;0
436;15;JAMBI;1508;150804;27/02/2024;JALAN;KM;30
437;15;JAMBI;1508;150804;27/02/2024;SAWAH;HA;0
438;15;JAMBI;1508;150804;27/02/2024;KEBUN;HEKTAR;0
439;15;JAMBI;1508;150804;27/02/2024;KOLAM;HA;0
440;15;JAMBI;1508;150804;27/02/2024;IRIGASI;HA;0
441;15;JAMBI;1508;150802;27/02/2024;MENINGGAL DUNIA;JIWA;0
442;15;JAMBI;1508;150802;27/02/2024;HILANG;JIWA;0
443;15;JAMBI;1508;150802;27/02/2024;LUKA;JIWA;0
444;15;JAMBI;1508;150802;27/02/2024;MENDERITA;JIWA;0
445;15;JAMBI;1508;150802;27/02/2024;MENGUNGSI;JIWA;0
446;15;JAMBI;1508;150802;27/02/2024;RUMAH TERENDAM;UNIT;0
447;15;JAMBI;1508;150802;27/02/2024;RUMAH TERENDAM;UNIT;0
448;15;JAMBI;1508;150802;27/02/2024;RUMAH TERENDAM;UNIT;0
449;15;JAMBI;1508;150802;27/02/2024;RUMAH TERENDAM;UNIT;0
450;15;JAMBI;1508;150802;27/02/2024;SARANA PENDIDIKAN;UNIT;0
451;15;JAMBI;1508;150802;27/02/2024;SARANA PENDIDIKAN;UNIT;0
452;15;JAMBI;1508;150802;27/02/2024;SARANA PENDIDIKAN;UNIT;0
453;15;JAMBI;1508;150802;27/02/2024;PERKANTORAN;UNIT;0
454;15;JAMBI;1508;150802;27/02/2024;BANGUNAN LAIN;UNIT;0
455;15;JAMBI;1508;150802;27/02/2024;JEMBATAN;UNIT;0
456;15;JAMBI;1508;150802;27/02/2024;JALAN;KM;40
457;15;JAMBI;1508;150802;27/02/2024;SAWAH;HA;0
458;15;JAMBI;1508;150802;27/02/2024;KEBUN;HEKTAR;0
459;15;JAMBI;1508;150802;27/02/2024;KOLAM;HA;0
460;15;JAMBI;1508;150802;27/02/2024;IRIGASI;HA;0
461;15;JAMBI;1502;150202;20/02/2024;MENINGGAL DUNIA;JIWA;0
462;15;JAMBI;1502;150202;20/02/2024;HILANG;JIWA;0
463;15;JAMBI;1502;150202;20/02/2024;LUKA;JIWA;0
464;15;JAMBI;1502;150202;20/02/2024;MENDERITA;JIWA;0
465;15;JAMBI;1502;150202;20/02/2024;MENGUNGSI;JIWA;0
466;15;JAMBI;1502;150202;20/02/2024;RUMAH TERENDAM;UNIT;13
467;15;JAMBI;1502;150202;20/02/2024;RUMAH TERENDAM;UNIT;0
468;15;JAMBI;1502;150202;20/02/2024;RUMAH TERENDAM;UNIT;0
469;15;JAMBI;1502;150202;20/02/2024;RUMAH TERENDAM;UNIT;0
470;15;JAMBI;1502;150202;20/02/2024;SARANA PENDIDIKAN;UNIT;0
471;15;JAMBI;1502;150202;20/02/2024;SARANA PENDIDIKAN;UNIT;0
472;15;JAMBI;1502;150202;20/02/2024;SARANA PENDIDIKAN;UNIT;0
473;15;JAMBI;1502;150202;20/02/2024;PERKANTORAN;UNIT;0
474;15;JAMBI;1502;150202;20/02/2024;BANGUNAN LAIN;UNIT;0
475;15;JAMBI;1502;150202;20/02/2024;JEMBATAN;UNIT;0
476;15;JAMBI;1502;150202;20/02/2024;JALAN;KM;0
477;15;JAMBI;1502;150202;20/02/2024;SAWAH;HA;0
478;15;JAMBI;1502;150202;20/02/2024;KEBUN;HEKTAR;0
479;15;JAMBI;1502;150202;20/02/2024;KOLAM;HA;0
480;15;JAMBI;1502;150202;20/02/2024;IRIGASI;HA;0
481;15;JAMBI;1503;150303;31/01/2024;MENINGGAL DUNIA;JIWA;0
482;15;JAMBI;1503;150303;31/01/2024;HILANG;JIWA;0
483;15;JAMBI;1503;150303;31/01/2024;LUKA;JIWA;0
484;15;JAMBI;1503;150303;31/01/2024;MENDERITA;JIWA;0
485;15;JAMBI;1503;150303;31/01/2024;MENGUNGSI;JIWA;0
486;15;JAMBI;1503;150303;31/01/2024;RUMAH TERENDAM;UNIT;0
487;15;JAMBI;1503;150303;31/01/2024;RUMAH TERENDAM;UNIT;0
488;15;JAMBI;1503;150303;31/01/2024;RUMAH TERENDAM;UNIT;0
489;15;JAMBI;1503;150303;31/01/2024;RUMAH TERENDAM;UNIT;0
490;15;JAMBI;1503;150303;31/01/2024;SARANA PENDIDIKAN;UNIT;0
491;15;JAMBI;1503;150303;31/01/2024;SARANA PENDIDIKAN;UNIT;0
492;15;JAMBI;1503;150303;31/01/2024;SARANA PENDIDIKAN;UNIT;0
493;15;JAMBI;1503;150303;31/01/2024;PERKANTORAN;UNIT;0
494;15;JAMBI;1503;150303;31/01/2024;BANGUNAN LAIN;UNIT;0
495;15;JAMBI;1503;150303;31/01/2024;JEMBATAN;UNIT;1
496;15;JAMBI;1503;150303;31/01/2024;JALAN;KM;0
497;15;JAMBI;1503;150303;31/01/2024;SAWAH;HA;0
498;15;JAMBI;1503;150303;31/01/2024;KEBUN;HEKTAR;0
499;15;JAMBI;1503;150303;31/01/2024;KOLAM;HA;0
500;15;JAMBI;1503;150303;31/01/2024;IRIGASI;HA;0
501;15;JAMBI;1503;150305;30/01/2024;MENINGGAL DUNIA;JIWA;0
502;15;JAMBI;1503;150305;30/01/2024;HILANG;JIWA;0
503;15;JAMBI;1503;150305;30/01/2024;LUKA;JIWA;0
504;15;JAMBI;1503;150305;30/01/2024;MENDERITA;JIWA;0
505;15;JAMBI;1503;150305;30/01/2024;MENGUNGSI;JIWA;0
506;15;JAMBI;1503;150305;30/01/2024;RUMAH TERENDAM;UNIT;0
507;15;JAMBI;1503;150305;30/01/2024;RUMAH TERENDAM;UNIT;0
508;15;JAMBI;1503;150305;30/01/2024;RUMAH TERENDAM;UNIT;0
509;15;JAMBI;1503;150305;30/01/2024;RUMAH TERENDAM;UNIT;0
510;15;JAMBI;1503;150305;30/01/2024;SARANA PENDIDIKAN;UNIT;0
511;15;JAMBI;1503;150305;30/01/2024;SARANA PENDIDIKAN;UNIT;0
512;15;JAMBI;1503;150305;30/01/2024;SARANA PENDIDIKAN;UNIT;0
513;15;JAMBI;1503;150305;30/01/2024;PERKANTORAN;UNIT;0
514;15;JAMBI;1503;150305;30/01/2024;BANGUNAN LAIN;UNIT;0
515;15;JAMBI;1503;150305;30/01/2024;JEMBATAN;UNIT;0
516;15;JAMBI;1503;150305;30/01/2024;JALAN;KM;1
517;15;JAMBI;1503;150305;30/01/2024;SAWAH;HA;0
518;15;JAMBI;1503;150305;30/01/2024;KEBUN;HEKTAR;0
519;15;JAMBI;1503;150305;30/01/2024;KOLAM;HA;0
520;15;JAMBI;1503;150305;30/01/2024;IRIGASI;HA;0
521;15;JAMBI;1572;157208;23/01/2024;MENINGGAL DUNIA;JIWA;0
522;15;JAMBI;1572;157208;23/01/2024;HILANG;JIWA;0
523;15;JAMBI;1572;157208;23/01/2024;LUKA;JIWA;0
524;15;JAMBI;1572;157208;23/01/2024;MENDERITA;JIWA;0
525;15;JAMBI;1572;157208;23/01/2024;MENGUNGSI;JIWA;0
526;15;JAMBI;1572;157208;23/01/2024;RUMAH TERENDAM;UNIT;0
527;15;JAMBI;1572;157208;23/01/2024;RUMAH TERENDAM;UNIT;0
528;15;JAMBI;1572;157208;23/01/2024;RUMAH TERENDAM;UNIT;0
529;15;JAMBI;1572;157208;23/01/2024;RUMAH TERENDAM;UNIT;0
530;15;JAMBI;1572;157208;23/01/2024;SARANA PENDIDIKAN;UNIT;0
531;15;JAMBI;1572;157208;23/01/2024;SARANA PENDIDIKAN;UNIT;0
532;15;JAMBI;1572;157208;23/01/2024;SARANA PENDIDIKAN;UNIT;0
533;15;JAMBI;1572;157208;23/01/2024;PERKANTORAN;UNIT;0
534;15;JAMBI;1572;157208;23/01/2024;BANGUNAN LAIN;UNIT;0
535;15;JAMBI;1572;157208;23/01/2024;JEMBATAN;UNIT;0
536;15;JAMBI;1572;157208;23/01/2024;JALAN;KM;500
537;15;JAMBI;1572;157208;23/01/2024;SAWAH;HA;0
538;15;JAMBI;1572;157208;23/01/2024;KEBUN;HEKTAR;0
539;15;JAMBI;1572;157208;23/01/2024;KOLAM;HA;0
540;15;JAMBI;1572;157208;23/01/2024;IRIGASI;HA;0
541;15;JAMBI;1572;157208;10/01/2024;MENINGGAL DUNIA;JIWA;0
542;15;JAMBI;1572;157208;10/01/2024;HILANG;JIWA;0
543;15;JAMBI;1572;157208;10/01/2024;LUKA;JIWA;0
544;15;JAMBI;1572;157208;10/01/2024;MENDERITA;JIWA;0
545;15;JAMBI;1572;157208;10/01/2024;MENGUNGSI;JIWA;0
546;15;JAMBI;1572;157208;10/01/2024;RUMAH TERENDAM;UNIT;0
547;15;JAMBI;1572;157208;10/01/2024;RUMAH TERENDAM;UNIT;0
548;15;JAMBI;1572;157208;10/01/2024;RUMAH TERENDAM;UNIT;0
549;15;JAMBI;1572;157208;10/01/2024;RUMAH TERENDAM;UNIT;0
550;15;JAMBI;1572;157208;10/01/2024;SARANA PENDIDIKAN;UNIT;0
551;15;JAMBI;1572;157208;10/01/2024;SARANA PENDIDIKAN;UNIT;0
552;15;JAMBI;1572;157208;10/01/2024;SARANA PENDIDIKAN;UNIT;0
553;15;JAMBI;1572;157208;10/01/2024;PERKANTORAN;UNIT;0
554;15;JAMBI;1572;157208;10/01/2024;BANGUNAN LAIN;UNIT;0
555;15;JAMBI;1572;157208;10/01/2024;JEMBATAN;UNIT;0
556;15;JAMBI;1572;157208;10/01/2024;JALAN;KM;0
557;15;JAMBI;1572;157208;10/01/2024;SAWAH;HA;0
558;15;JAMBI;1572;157208;10/01/2024;KEBUN;HEKTAR;0
559;15;JAMBI;1572;157208;10/01/2024;KOLAM;HA;0
560;15;JAMBI;1572;157208;10/01/2024;IRIGASI;HA;0
561;15;JAMBI;1572;157208;10/01/2024;MENINGGAL DUNIA;JIWA;0
562;15;JAMBI;1572;157208;10/01/2024;HILANG;JIWA;0
563;15;JAMBI;1572;157208;10/01/2024;LUKA;JIWA;0
564;15;JAMBI;1572;157208;10/01/2024;MENDERITA;JIWA;0
565;15;JAMBI;1572;157208;10/01/2024;MENGUNGSI;JIWA;0
566;15;JAMBI;1572;157208;10/01/2024;RUMAH TERENDAM;UNIT;0
567;15;JAMBI;1572;157208;10/01/2024;RUMAH TERENDAM;UNIT;0
568;15;JAMBI;1572;157208;10/01/2024;RUMAH TERENDAM;UNIT;0
569;15;JAMBI;1572;157208;10/01/2024;RUMAH TERENDAM;UNIT;0
570;15;JAMBI;1572;157208;10/01/2024;SARANA PENDIDIKAN;UNIT;0
571;15;JAMBI;1572;157208;10/01/2024;SARANA PENDIDIKAN;UNIT;0
572;15;JAMBI;1572;157208;10/01/2024;SARANA PENDIDIKAN;UNIT;0
573;15;JAMBI;1572;157208;10/01/2024;PERKANTORAN;UNIT;0
574;15;JAMBI;1572;157208;10/01/2024;BANGUNAN LAIN;UNIT;0
575;15;JAMBI;1572;157208;10/01/2024;JEMBATAN;UNIT;0
576;15;JAMBI;1572;157208;10/01/2024;JALAN;KM;0
577;15;JAMBI;1572;157208;10/01/2024;SAWAH;HA;0
578;15;JAMBI;1572;157208;10/01/2024;KEBUN;HEKTAR;0
579;15;JAMBI;1572;157208;10/01/2024;KOLAM;HA;0
580;15;JAMBI;1572;157208;10/01/2024;IRIGASI;HA;0
581;15;JAMBI;1502;150216;05/01/2024;MENINGGAL DUNIA;JIWA;0
582;15;JAMBI;1502;150216;05/01/2024;HILANG;JIWA;0
583;15;JAMBI;1502;150216;05/01/2024;LUKA;JIWA;0
584;15;JAMBI;1502;150216;05/01/2024;MENDERITA;JIWA;18
585;15;JAMBI;1502;150216;05/01/2024;MENGUNGSI;JIWA;0
586;15;JAMBI;1502;150216;05/01/2024;RUMAH TERENDAM;UNIT;0
587;15;JAMBI;1502;150216;05/01/2024;RUMAH TERENDAM;UNIT;0
588;15;JAMBI;1502;150216;05/01/2024;RUMAH TERENDAM;UNIT;0
589;15;JAMBI;1502;150216;05/01/2024;RUMAH TERENDAM;UNIT;0
590;15;JAMBI;1502;150216;05/01/2024;SARANA PENDIDIKAN;UNIT;0
591;15;JAMBI;1502;150216;05/01/2024;SARANA PENDIDIKAN;UNIT;0
592;15;JAMBI;1502;150216;05/01/2024;SARANA PENDIDIKAN;UNIT;0
593;15;JAMBI;1502;150216;05/01/2024;PERKANTORAN;UNIT;0
594;15;JAMBI;1502;150216;05/01/2024;BANGUNAN LAIN;UNIT;0
595;15;JAMBI;1502;150216;05/01/2024;JEMBATAN;UNIT;0
596;15;JAMBI;1502;150216;05/01/2024;JALAN;KM;18
597;15;JAMBI;1502;150216;05/01/2024;SAWAH;HA;0
598;15;JAMBI;1502;150216;05/01/2024;KEBUN;HEKTAR;0
599;15;JAMBI;1502;150216;05/01/2024;KOLAM;HA;0
600;15;JAMBI;1502;150216;05/01/2024;IRIGASI;HA;0
601;15;JAMBI;1502;150216;05/01/2024;MENINGGAL DUNIA;JIWA;0
602;15;JAMBI;1502;150216;05/01/2024;HILANG;JIWA;0
603;15;JAMBI;1502;150216;05/01/2024;LUKA;JIWA;0
604;15;JAMBI;1502;150216;05/01/2024;MENDERITA;JIWA;0
605;15;JAMBI;1502;150216;05/01/2024;MENGUNGSI;JIWA;0
606;15;JAMBI;1502;150216;05/01/2024;RUMAH TERENDAM;UNIT;0
607;15;JAMBI;1502;150216;05/01/2024;RUMAH TERENDAM;UNIT;0
608;15;JAMBI;1502;150216;05/01/2024;RUMAH TERENDAM;UNIT;0
609;15;JAMBI;1502;150216;05/01/2024;RUMAH TERENDAM;UNIT;0
610;15;JAMBI;1502;150216;05/01/2024;SARANA PENDIDIKAN;UNIT;0
611;15;JAMBI;1502;150216;05/01/2024;SARANA PENDIDIKAN;UNIT;0
612;15;JAMBI;1502;150216;05/01/2024;SARANA PENDIDIKAN;UNIT;0
613;15;JAMBI;1502;150216;05/01/2024;PERKANTORAN;UNIT;0
614;15;JAMBI;1502;150216;05/01/2024;BANGUNAN LAIN;UNIT;0
615;15;JAMBI;1502;150216;05/01/2024;JEMBATAN;UNIT;0
616;15;JAMBI;1502;150216;05/01/2024;JALAN;KM;18
617;15;JAMBI;1502;150216;05/01/2024;SAWAH;HA;0
618;15;JAMBI;1502;150216;05/01/2024;KEBUN;HEKTAR;0
619;15;JAMBI;1502;150216;05/01/2024;KOLAM;HA;0
620;15;JAMBI;1502;150216;05/01/2024;IRIGASI;HA;0
621;15;JAMBI;1501;150107;31/12/2023;MENINGGAL DUNIA;JIWA;0
622;15;JAMBI;1501;150107;31/12/2023;HILANG;JIWA;0
623;15;JAMBI;1501;150107;31/12/2023;LUKA;JIWA;0
624;15;JAMBI;1501;150107;31/12/2023;MENDERITA;JIWA;0
625;15;JAMBI;1501;150107;31/12/2023;MENGUNGSI;JIWA;0
626;15;JAMBI;1501;150107;31/12/2023;RUMAH RUSAK BERAT;UNIT;0
627;15;JAMBI;1501;150107;31/12/2023;RUMAH RUSAK SEDANG;UNIT;0
628;15;JAMBI;1501;150107;31/12/2023;RUMAH RUSAK RINGAN;UNIT;0
629;15;JAMBI;1501;150107;31/12/2023;RUMAH TERENDAM;UNIT;0
630;15;JAMBI;1501;150107;31/12/2023;SARANA PENDIDIKAN;UNIT;0
631;15;JAMBI;1501;150107;31/12/2023;SARANA IBADAH;UNIT;0
632;15;JAMBI;1501;150107;31/12/2023;SARANA KESEHATAN;UNIT;0
633;15;JAMBI;1501;150107;31/12/2023;PERKANTORAN;UNIT;0
634;15;JAMBI;1501;150107;31/12/2023;BANGUNAN LAIN;UNIT;0
635;15;JAMBI;1501;150107;31/12/2023;JEMBATAN;UNIT;0
636;15;JAMBI;1501;150107;31/12/2023;JALAN;KM;0
637;15;JAMBI;1501;150107;31/12/2023;SAWAH;HA;0
638;15;JAMBI;1501;150107;31/12/2023;KEBUN/HUTAN;HA;0
639;15;JAMBI;1501;150107;31/12/2023;KOLAM;HA;0
640;15;JAMBI;1501;150107;31/12/2023;IRIGASI;HA;0
641;15;JAMBI;1501;150107;31/12/2023;MENINGGAL DUNIA;JIWA;0
642;15;JAMBI;1501;150107;31/12/2023;HILANG;JIWA;0
643;15;JAMBI;1501;150107;31/12/2023;LUKA;JIWA;0
644;15;JAMBI;1501;150107;31/12/2023;MENDERITA;JIWA;0
645;15;JAMBI;1501;150107;31/12/2023;MENGUNGSI;JIWA;0
646;15;JAMBI;1501;150107;31/12/2023;RUMAH RUSAK BERAT;UNIT;0
647;15;JAMBI;1501;150107;31/12/2023;RUMAH RUSAK SEDANG;UNIT;0
648;15;JAMBI;1501;150107;31/12/2023;RUMAH RUSAK RINGAN;UNIT;0
649;15;JAMBI;1501;150107;31/12/2023;RUMAH TERENDAM;UNIT;0
650;15;JAMBI;1501;150107;31/12/2023;SARANA PENDIDIKAN;UNIT;0
651;15;JAMBI;1501;150107;31/12/2023;SARANA IBADAH;UNIT;0
652;15;JAMBI;1501;150107;31/12/2023;SARANA KESEHATAN;UNIT;0
653;15;JAMBI;1501;150107;31/12/2023;PERKANTORAN;UNIT;0
654;15;JAMBI;1501;150107;31/12/2023;BANGUNAN LAIN;UNIT;0
655;15;JAMBI;1501;150107;31/12/2023;JEMBATAN;UNIT;0
656;15;JAMBI;1501;150107;31/12/2023;JALAN;KM;0
657;15;JAMBI;1501;150107;31/12/2023;SAWAH;HA;0
658;15;JAMBI;1501;150107;31/12/2023;KEBUN/HUTAN;HA;0
659;15;JAMBI;1501;150107;31/12/2023;KOLAM;HA;0
660;15;JAMBI;1501;150107;31/12/2023;IRIGASI;HA;0
661;15;JAMBI;1501;150116;30/12/2023;MENINGGAL DUNIA;JIWA;0
662;15;JAMBI;1501;150116;30/12/2023;HILANG;JIWA;0
663;15;JAMBI;1501;150116;30/12/2023;LUKA;JIWA;0
664;15;JAMBI;1501;150116;30/12/2023;MENDERITA;JIWA;0
665;15;JAMBI;1501;150116;30/12/2023;MENGUNGSI;JIWA;0
666;15;JAMBI;1501;150116;30/12/2023;RUMAH RUSAK BERAT;UNIT;0
667;15;JAMBI;1501;150116;30/12/2023;RUMAH RUSAK SEDANG;UNIT;0
668;15;JAMBI;1501;150116;30/12/2023;RUMAH RUSAK RINGAN;UNIT;0
669;15;JAMBI;1501;150116;30/12/2023;RUMAH TERENDAM;UNIT;0
670;15;JAMBI;1501;150116;30/12/2023;SARANA PENDIDIKAN;UNIT;0
671;15;JAMBI;1501;150116;30/12/2023;SARANA IBADAH;UNIT;0
672;15;JAMBI;1501;150116;30/12/2023;SARANA KESEHATAN;UNIT;0
673;15;JAMBI;1501;150116;30/12/2023;PERKANTORAN;UNIT;0
674;15;JAMBI;1501;150116;30/12/2023;BANGUNAN LAIN;UNIT;0
675;15;JAMBI;1501;150116;30/12/2023;JEMBATAN;UNIT;0
676;15;JAMBI;1501;150116;30/12/2023;JALAN;KM;0
677;15;JAMBI;1501;150116;30/12/2023;SAWAH;HA;0
678;15;JAMBI;1501;150116;30/12/2023;KEBUN/HUTAN;HA;0
679;15;JAMBI;1501;150116;30/12/2023;KOLAM;HA;0
680;15;JAMBI;1501;150116;30/12/2023;IRIGASI;HA;0
681;15;JAMBI;1502;150205;29/12/2023;MENINGGAL DUNIA;JIWA;0
682;15;JAMBI;1502;150205;29/12/2023;HILANG;JIWA;0
683;15;JAMBI;1502;150205;29/12/2023;LUKA;JIWA;0
684;15;JAMBI;1502;150205;29/12/2023;MENDERITA;JIWA;0
685;15;JAMBI;1502;150205;29/12/2023;MENGUNGSI;JIWA;0
686;15;JAMBI;1502;150205;29/12/2023;RUMAH RUSAK BERAT;UNIT;0
687;15;JAMBI;1502;150205;29/12/2023;RUMAH RUSAK SEDANG;UNIT;0
688;15;JAMBI;1502;150205;29/12/2023;RUMAH RUSAK RINGAN;UNIT;0
689;15;JAMBI;1502;150205;29/12/2023;RUMAH TERENDAM;UNIT;0
690;15;JAMBI;1502;150205;29/12/2023;SARANA PENDIDIKAN;UNIT;0
691;15;JAMBI;1502;150205;29/12/2023;SARANA IBADAH;UNIT;0
692;15;JAMBI;1502;150205;29/12/2023;SARANA KESEHATAN;UNIT;0
693;15;JAMBI;1502;150205;29/12/2023;PERKANTORAN;UNIT;0
694;15;JAMBI;1502;150205;29/12/2023;BANGUNAN LAIN;UNIT;1
695;15;JAMBI;1502;150205;29/12/2023;JEMBATAN;UNIT;0
696;15;JAMBI;1502;150205;29/12/2023;JALAN;KM;0
697;15;JAMBI;1502;150205;29/12/2023;SAWAH;HA;0
698;15;JAMBI;1502;150205;29/12/2023;KEBUN/HUTAN;HA;0
699;15;JAMBI;1502;150205;29/12/2023;KOLAM;HA;0
700;15;JAMBI;1502;150205;29/12/2023;IRIGASI;HA;0
701;15;JAMBI;1502;150203;29/12/2023;MENINGGAL DUNIA;JIWA;0
702;15;JAMBI;1502;150203;29/12/2023;HILANG;JIWA;0
703;15;JAMBI;1502;150203;29/12/2023;LUKA;JIWA;0
704;15;JAMBI;1502;150203;29/12/2023;MENDERITA;JIWA;0
705;15;JAMBI;1502;150203;29/12/2023;MENGUNGSI;JIWA;0
706;15;JAMBI;1502;150203;29/12/2023;RUMAH RUSAK BERAT;UNIT;0
707;15;JAMBI;1502;150203;29/12/2023;RUMAH RUSAK SEDANG;UNIT;0
708;15;JAMBI;1502;150203;29/12/2023;RUMAH RUSAK RINGAN;UNIT;0
709;15;JAMBI;1502;150203;29/12/2023;RUMAH TERENDAM;UNIT;0
710;15;JAMBI;1502;150203;29/12/2023;SARANA PENDIDIKAN;UNIT;0
711;15;JAMBI;1502;150203;29/12/2023;SARANA IBADAH;UNIT;0
712;15;JAMBI;1502;150203;29/12/2023;SARANA KESEHATAN;UNIT;0
713;15;JAMBI;1502;150203;29/12/2023;PERKANTORAN;UNIT;0
714;15;JAMBI;1502;150203;29/12/2023;BANGUNAN LAIN;UNIT;1
715;15;JAMBI;1502;150203;29/12/2023;JEMBATAN;UNIT;0
716;15;JAMBI;1502;150203;29/12/2023;JALAN;KM;3
717;15;JAMBI;1502;150203;29/12/2023;SAWAH;HA;1
718;15;JAMBI;1502;150203;29/12/2023;KEBUN/HUTAN;HA;0
719;15;JAMBI;1502;150203;29/12/2023;KOLAM;HA;0
720;15;JAMBI;1502;150203;29/12/2023;IRIGASI;HA;0
721;15;JAMBI;1502;150203;25/12/2023;MENINGGAL DUNIA;JIWA;0
722;15;JAMBI;1502;150203;25/12/2023;HILANG;JIWA;0
723;15;JAMBI;1502;150203;25/12/2023;LUKA;JIWA;0
724;15;JAMBI;1502;150203;25/12/2023;MENDERITA;JIWA;0
725;15;JAMBI;1502;150203;25/12/2023;MENGUNGSI;JIWA;0
726;15;JAMBI;1502;150203;25/12/2023;RUMAH RUSAK BERAT;UNIT;0
727;15;JAMBI;1502;150203;25/12/2023;RUMAH RUSAK SEDANG;UNIT;0
728;15;JAMBI;1502;150203;25/12/2023;RUMAH RUSAK RINGAN;UNIT;0
729;15;JAMBI;1502;150203;25/12/2023;RUMAH TERENDAM;UNIT;0
730;15;JAMBI;1502;150203;25/12/2023;SARANA PENDIDIKAN;UNIT;0
731;15;JAMBI;1502;150203;25/12/2023;SARANA IBADAH;UNIT;0
732;15;JAMBI;1502;150203;25/12/2023;SARANA KESEHATAN;UNIT;0
733;15;JAMBI;1502;150203;25/12/2023;PERKANTORAN;UNIT;0
734;15;JAMBI;1502;150203;25/12/2023;BANGUNAN LAIN;UNIT;0
735;15;JAMBI;1502;150203;25/12/2023;JEMBATAN;UNIT;0
736;15;JAMBI;1502;150203;25/12/2023;JALAN;KM;0
737;15;JAMBI;1502;150203;25/12/2023;SAWAH;HA;1
738;15;JAMBI;1502;150203;25/12/2023;KEBUN/HUTAN;HA;0
739;15;JAMBI;1502;150203;25/12/2023;KOLAM;HA;0
740;15;JAMBI;1502;150203;25/12/2023;IRIGASI;HA;0
741;15;JAMBI;1503;150301;23/12/2023;MENINGGAL DUNIA;JIWA;0
742;15;JAMBI;1503;150301;23/12/2023;HILANG;JIWA;0
743;15;JAMBI;1503;150301;23/12/2023;LUKA;JIWA;0
744;15;JAMBI;1503;150301;23/12/2023;MENDERITA;JIWA;0
745;15;JAMBI;1503;150301;23/12/2023;MENGUNGSI;JIWA;0
746;15;JAMBI;1503;150301;23/12/2023;RUMAH RUSAK BERAT;UNIT;0
747;15;JAMBI;1503;150301;23/12/2023;RUMAH RUSAK SEDANG;UNIT;0
748;15;JAMBI;1503;150301;23/12/2023;RUMAH RUSAK RINGAN;UNIT;0
749;15;JAMBI;1503;150301;23/12/2023;RUMAH TERENDAM;UNIT;0
750;15;JAMBI;1503;150301;23/12/2023;SARANA PENDIDIKAN;UNIT;0
751;15;JAMBI;1503;150301;23/12/2023;SARANA IBADAH;UNIT;0
752;15;JAMBI;1503;150301;23/12/2023;SARANA KESEHATAN;UNIT;0
753;15;JAMBI;1503;150301;23/12/2023;PERKANTORAN;UNIT;0
754;15;JAMBI;1503;150301;23/12/2023;BANGUNAN LAIN;UNIT;0
755;15;JAMBI;1503;150301;23/12/2023;JEMBATAN;UNIT;0
756;15;JAMBI;1503;150301;23/12/2023;JALAN;KM;0
757;15;JAMBI;1503;150301;23/12/2023;SAWAH;HA;0
758;15;JAMBI;1503;150301;23/12/2023;KEBUN/HUTAN;HA;0
759;15;JAMBI;1503;150301;23/12/2023;KOLAM;HA;0
760;15;JAMBI;1503;150301;23/12/2023;IRIGASI;HA;0
761;15;JAMBI;1502;150221;22/12/2023;MENINGGAL DUNIA;JIWA;0
762;15;JAMBI;1502;150221;22/12/2023;HILANG;JIWA;0
763;15;JAMBI;1502;150221;22/12/2023;LUKA;JIWA;0
764;15;JAMBI;1502;150221;22/12/2023;MENDERITA;JIWA;0
765;15;JAMBI;1502;150221;22/12/2023;MENGUNGSI;JIWA;0
766;15;JAMBI;1502;150221;22/12/2023;RUMAH RUSAK BERAT;UNIT;0
767;15;JAMBI;1502;150221;22/12/2023;RUMAH RUSAK SEDANG;UNIT;0
768;15;JAMBI;1502;150221;22/12/2023;RUMAH RUSAK RINGAN;UNIT;0
769;15;JAMBI;1502;150221;22/12/2023;RUMAH TERENDAM;UNIT;0
770;15;JAMBI;1502;150221;22/12/2023;SARANA PENDIDIKAN;UNIT;0
771;15;JAMBI;1502;150221;22/12/2023;SARANA IBADAH;UNIT;0
772;15;JAMBI;1502;150221;22/12/2023;SARANA KESEHATAN;UNIT;0
773;15;JAMBI;1502;150221;22/12/2023;PERKANTORAN;UNIT;0
774;15;JAMBI;1502;150221;22/12/2023;BANGUNAN LAIN;UNIT;0
775;15;JAMBI;1502;150221;22/12/2023;JEMBATAN;UNIT;0
776;15;JAMBI;1502;150221;22/12/2023;JALAN;KM;0
777;15;JAMBI;1502;150221;22/12/2023;SAWAH;HA;1
778;15;JAMBI;1502;150221;22/12/2023;KEBUN/HUTAN;HA;0
779;15;JAMBI;1502;150221;22/12/2023;KOLAM;HA;0
780;15;JAMBI;1502;150221;22/12/2023;IRIGASI;HA;0
781;15;JAMBI;1502;150223;22/12/2023;MENINGGAL DUNIA;JIWA;0
782;15;JAMBI;1502;150223;22/12/2023;HILANG;JIWA;0
783;15;JAMBI;1502;150223;22/12/2023;LUKA;JIWA;0
784;15;JAMBI;1502;150223;22/12/2023;MENDERITA;JIWA;0
785;15;JAMBI;1502;150223;22/12/2023;MENGUNGSI;JIWA;0
786;15;JAMBI;1502;150223;22/12/2023;RUMAH RUSAK BERAT;UNIT;0
787;15;JAMBI;1502;150223;22/12/2023;RUMAH RUSAK SEDANG;UNIT;0
788;15;JAMBI;1502;150223;22/12/2023;RUMAH RUSAK RINGAN;UNIT;0
789;15;JAMBI;1502;150223;22/12/2023;RUMAH TERENDAM;UNIT;0
790;15;JAMBI;1502;150223;22/12/2023;SARANA PENDIDIKAN;UNIT;0
791;15;JAMBI;1502;150223;22/12/2023;SARANA IBADAH;UNIT;0
792;15;JAMBI;1502;150223;22/12/2023;SARANA KESEHATAN;UNIT;0
793;15;JAMBI;1502;150223;22/12/2023;PERKANTORAN;UNIT;0
794;15;JAMBI;1502;150223;22/12/2023;BANGUNAN LAIN;UNIT;0
795;15;JAMBI;1502;150223;22/12/2023;JEMBATAN;UNIT;0
796;15;JAMBI;1502;150223;22/12/2023;JALAN;KM;0
797;15;JAMBI;1502;150223;22/12/2023;SAWAH;HA;1
798;15;JAMBI;1502;150223;22/12/2023;KEBUN/HUTAN;HA;0
799;15;JAMBI;1502;150223;22/12/2023;KOLAM;HA;0
800;15;JAMBI;1502;150223;22/12/2023;IRIGASI;HA;0
801;15;JAMBI;1502;150203;22/12/2023;MENINGGAL DUNIA;JIWA;0
802;15;JAMBI;1502;150203;22/12/2023;HILANG;JIWA;0
803;15;JAMBI;1502;150203;22/12/2023;LUKA;JIWA;0
804;15;JAMBI;1502;150203;22/12/2023;MENDERITA;JIWA;0
805;15;JAMBI;1502;150203;22/12/2023;MENGUNGSI;JIWA;0
806;15;JAMBI;1502;150203;22/12/2023;RUMAH RUSAK BERAT;UNIT;0
807;15;JAMBI;1502;150203;22/12/2023;RUMAH RUSAK SEDANG;UNIT;0
808;15;JAMBI;1502;150203;22/12/2023;RUMAH RUSAK RINGAN;UNIT;0
809;15;JAMBI;1502;150203;22/12/2023;RUMAH TERENDAM;UNIT;0
810;15;JAMBI;1502;150203;22/12/2023;SARANA PENDIDIKAN;UNIT;0
811;15;JAMBI;1502;150203;22/12/2023;SARANA IBADAH;UNIT;0
812;15;JAMBI;1502;150203;22/12/2023;SARANA KESEHATAN;UNIT;0
813;15;JAMBI;1502;150203;22/12/2023;PERKANTORAN;UNIT;0
814;15;JAMBI;1502;150203;22/12/2023;BANGUNAN LAIN;UNIT;0
815;15;JAMBI;1502;150203;22/12/2023;JEMBATAN;UNIT;0
816;15;JAMBI;1502;150203;22/12/2023;JALAN;KM;0
817;15;JAMBI;1502;150203;22/12/2023;SAWAH;HA;1
818;15;JAMBI;1502;150203;22/12/2023;KEBUN/HUTAN;HA;0
819;15;JAMBI;1502;150203;22/12/2023;KOLAM;HA;0
820;15;JAMBI;1502;150203;22/12/2023;IRIGASI;HA;0
821;15;JAMBI;1502;150224;21/12/2023;MENINGGAL DUNIA;JIWA;0
822;15;JAMBI;1502;150224;21/12/2023;HILANG;JIWA;0
823;15;JAMBI;1502;150224;21/12/2023;LUKA;JIWA;0
824;15;JAMBI;1502;150224;21/12/2023;MENDERITA;JIWA;0
825;15;JAMBI;1502;150224;21/12/2023;MENGUNGSI;JIWA;0
826;15;JAMBI;1502;150224;21/12/2023;RUMAH RUSAK BERAT;UNIT;0
827;15;JAMBI;1502;150224;21/12/2023;RUMAH RUSAK SEDANG;UNIT;0
828;15;JAMBI;1502;150224;21/12/2023;RUMAH RUSAK RINGAN;UNIT;0
829;15;JAMBI;1502;150224;21/12/2023;RUMAH TERENDAM;UNIT;0
830;15;JAMBI;1502;150224;21/12/2023;SARANA PENDIDIKAN;UNIT;0
831;15;JAMBI;1502;150224;21/12/2023;SARANA IBADAH;UNIT;0
832;15;JAMBI;1502;150224;21/12/2023;SARANA KESEHATAN;UNIT;0
833;15;JAMBI;1502;150224;21/12/2023;PERKANTORAN;UNIT;0
834;15;JAMBI;1502;150224;21/12/2023;BANGUNAN LAIN;UNIT;0
835;15;JAMBI;1502;150224;21/12/2023;JEMBATAN;UNIT;0
836;15;JAMBI;1502;150224;21/12/2023;JALAN;KM;0
837;15;JAMBI;1502;150224;21/12/2023;SAWAH;HA;0
838;15;JAMBI;1502;150224;21/12/2023;KEBUN/HUTAN;HA;0
839;15;JAMBI;1502;150224;21/12/2023;KOLAM;HA;0
840;15;JAMBI;1502;150224;21/12/2023;IRIGASI;HA;0
841;15;JAMBI;1502;150203;21/12/2023;MENINGGAL DUNIA;JIWA;0
842;15;JAMBI;1502;150203;21/12/2023;HILANG;JIWA;0
843;15;JAMBI;1502;150203;21/12/2023;LUKA;JIWA;0
844;15;JAMBI;1502;150203;21/12/2023;MENDERITA;JIWA;0
845;15;JAMBI;1502;150203;21/12/2023;MENGUNGSI;JIWA;0
846;15;JAMBI;1502;150203;21/12/2023;RUMAH RUSAK BERAT;UNIT;0
847;15;JAMBI;1502;150203;21/12/2023;RUMAH RUSAK SEDANG;UNIT;0
848;15;JAMBI;1502;150203;21/12/2023;RUMAH RUSAK RINGAN;UNIT;0
849;15;JAMBI;1502;150203;21/12/2023;RUMAH TERENDAM;UNIT;0
850;15;JAMBI;1502;150203;21/12/2023;SARANA PENDIDIKAN;UNIT;0
851;15;JAMBI;1502;150203;21/12/2023;SARANA IBADAH;UNIT;0
852;15;JAMBI;1502;150203;21/12/2023;SARANA KESEHATAN;UNIT;0
853;15;JAMBI;1502;150203;21/12/2023;PERKANTORAN;UNIT;0
854;15;JAMBI;1502;150203;21/12/2023;BANGUNAN LAIN;UNIT;0
855;15;JAMBI;1502;150203;21/12/2023;JEMBATAN;UNIT;0
856;15;JAMBI;1502;150203;21/12/2023;JALAN;KM;0
857;15;JAMBI;1502;150203;21/12/2023;SAWAH;HA;0
858;15;JAMBI;1502;150203;21/12/2023;KEBUN/HUTAN;HA;0
859;15;JAMBI;1502;150203;21/12/2023;KOLAM;HA;0
860;15;JAMBI;1502;150203;21/12/2023;IRIGASI;HA;0
861;15;JAMBI;1502;150206;21/12/2023;MENINGGAL DUNIA;JIWA;0
862;15;JAMBI;1502;150206;21/12/2023;HILANG;JIWA;0
863;15;JAMBI;1502;150206;21/12/2023;LUKA;JIWA;0
864;15;JAMBI;1502;150206;21/12/2023;MENDERITA;JIWA;0
865;15;JAMBI;1502;150206;21/12/2023;MENGUNGSI;JIWA;0
866;15;JAMBI;1502;150206;21/12/2023;RUMAH RUSAK BERAT;UNIT;0
867;15;JAMBI;1502;150206;21/12/2023;RUMAH RUSAK SEDANG;UNIT;0
868;15;JAMBI;1502;150206;21/12/2023;RUMAH RUSAK RINGAN;UNIT;0
869;15;JAMBI;1502;150206;21/12/2023;RUMAH TERENDAM;UNIT;0
870;15;JAMBI;1502;150206;21/12/2023;SARANA PENDIDIKAN;UNIT;0
871;15;JAMBI;1502;150206;21/12/2023;SARANA IBADAH;UNIT;0
872;15;JAMBI;1502;150206;21/12/2023;SARANA KESEHATAN;UNIT;0
873;15;JAMBI;1502;150206;21/12/2023;PERKANTORAN;UNIT;0
874;15;JAMBI;1502;150206;21/12/2023;BANGUNAN LAIN;UNIT;0
875;15;JAMBI;1502;150206;21/12/2023;JEMBATAN;UNIT;0
876;15;JAMBI;1502;150206;21/12/2023;JALAN;KM;0
877;15;JAMBI;1502;150206;21/12/2023;SAWAH;HA;0
878;15;JAMBI;1502;150206;21/12/2023;KEBUN/HUTAN;HA;0
879;15;JAMBI;1502;150206;21/12/2023;KOLAM;HA;0
880;15;JAMBI;1502;150206;21/12/2023;IRIGASI;HA;0
881;15;JAMBI;1502;150213;21/12/2023;MENINGGAL DUNIA;JIWA;0
882;15;JAMBI;1502;150213;21/12/2023;HILANG;JIWA;0
883;15;JAMBI;1502;150213;21/12/2023;LUKA;JIWA;0
884;15;JAMBI;1502;150213;21/12/2023;MENDERITA;JIWA;0
885;15;JAMBI;1502;150213;21/12/2023;MENGUNGSI;JIWA;0
886;15;JAMBI;1502;150213;21/12/2023;RUMAH RUSAK BERAT;UNIT;0
887;15;JAMBI;1502;150213;21/12/2023;RUMAH RUSAK SEDANG;UNIT;0
888;15;JAMBI;1502;150213;21/12/2023;RUMAH RUSAK RINGAN;UNIT;0
889;15;JAMBI;1502;150213;21/12/2023;RUMAH TERENDAM;UNIT;0
890;15;JAMBI;1502;150213;21/12/2023;SARANA PENDIDIKAN;UNIT;0
891;15;JAMBI;1502;150213;21/12/2023;SARANA IBADAH;UNIT;0
892;15;JAMBI;1502;150213;21/12/2023;SARANA KESEHATAN;UNIT;0
893;15;JAMBI;1502;150213;21/12/2023;PERKANTORAN;UNIT;0
894;15;JAMBI;1502;150213;21/12/2023;BANGUNAN LAIN;UNIT;0
895;15;JAMBI;1502;150213;21/12/2023;JEMBATAN;UNIT;0
896;15;JAMBI;1502;150213;21/12/2023;JALAN;KM;0
897;15;JAMBI;1502;150213;21/12/2023;SAWAH;HA;0
898;15;JAMBI;1502;150213;21/12/2023;KEBUN/HUTAN;HA;0
899;15;JAMBI;1502;150213;21/12/2023;KOLAM;HA;0
900;15;JAMBI;1502;150213;21/12/2023;IRIGASI;HA;0
901;15;JAMBI;1504;150403;17/12/2023;MENINGGAL DUNIA;JIWA;0
902;15;JAMBI;1504;150403;17/12/2023;HILANG;JIWA;0
903;15;JAMBI;1504;150403;17/12/2023;LUKA;JIWA;0
904;15;JAMBI;1504;150403;17/12/2023;MENDERITA;JIWA;0
905;15;JAMBI;1504;150403;17/12/2023;MENGUNGSI;JIWA;0
906;15;JAMBI;1504;150403;17/12/2023;RUMAH RUSAK BERAT;UNIT;0
907;15;JAMBI;1504;150403;17/12/2023;RUMAH RUSAK SEDANG;UNIT;0
908;15;JAMBI;1504;150403;17/12/2023;RUMAH RUSAK RINGAN;UNIT;0
909;15;JAMBI;1504;150403;17/12/2023;RUMAH TERENDAM;UNIT;0
910;15;JAMBI;1504;150403;17/12/2023;SARANA PENDIDIKAN;UNIT;0
911;15;JAMBI;1504;150403;17/12/2023;SARANA IBADAH;UNIT;0
912;15;JAMBI;1504;150403;17/12/2023;SARANA KESEHATAN;UNIT;0
913;15;JAMBI;1504;150403;17/12/2023;PERKANTORAN;UNIT;0
914;15;JAMBI;1504;150403;17/12/2023;BANGUNAN LAIN;UNIT;0
915;15;JAMBI;1504;150403;17/12/2023;JEMBATAN;UNIT;0
916;15;JAMBI;1504;150403;17/12/2023;JALAN;KM;0
917;15;JAMBI;1504;150403;17/12/2023;SAWAH;HA;0
918;15;JAMBI;1504;150403;17/12/2023;KEBUN/HUTAN;HA;0
919;15;JAMBI;1504;150403;17/12/2023;KOLAM;HA;0
920;15;JAMBI;1504;150403;17/12/2023;IRIGASI;HA;0
921;15;JAMBI;1502;150210;06/11/2023;MENINGGAL DUNIA;JIWA;0
922;15;JAMBI;1502;150210;06/11/2023;HILANG;JIWA;0
923;15;JAMBI;1502;150210;06/11/2023;LUKA;JIWA;0
924;15;JAMBI;1502;150210;06/11/2023;MENDERITA;JIWA;0
925;15;JAMBI;1502;150210;06/11/2023;MENGUNGSI;JIWA;0
926;15;JAMBI;1502;150210;06/11/2023;RUMAH RUSAK BERAT;UNIT;0
927;15;JAMBI;1502;150210;06/11/2023;RUMAH RUSAK SEDANG;UNIT;0
928;15;JAMBI;1502;150210;06/11/2023;RUMAH RUSAK RINGAN;UNIT;0
929;15;JAMBI;1502;150210;06/11/2023;RUMAH TERENDAM;UNIT;0
930;15;JAMBI;1502;150210;06/11/2023;SARANA PENDIDIKAN;UNIT;0
931;15;JAMBI;1502;150210;06/11/2023;SARANA IBADAH;UNIT;0
932;15;JAMBI;1502;150210;06/11/2023;SARANA KESEHATAN;UNIT;0
933;15;JAMBI;1502;150210;06/11/2023;PERKANTORAN;UNIT;0
934;15;JAMBI;1502;150210;06/11/2023;BANGUNAN LAIN;UNIT;0
935;15;JAMBI;1502;150210;06/11/2023;JEMBATAN;UNIT;0
936;15;JAMBI;1502;150210;06/11/2023;JALAN;KM;0
937;15;JAMBI;1502;150210;06/11/2023;SAWAH;HA;0
938;15;JAMBI;1502;150210;06/11/2023;KEBUN/HUTAN;HA;0,25
939;15;JAMBI;1502;150210;06/11/2023;KOLAM;HA;0
940;15;JAMBI;1502;150210;06/11/2023;IRIGASI;HA;0
941;15;JAMBI;1506;150613;24/07/2023;MENINGGAL DUNIA;JIWA;0
942;15;JAMBI;1506;150613;24/07/2023;HILANG;JIWA;0
943;15;JAMBI;1506;150613;24/07/2023;LUKA;JIWA;0
944;15;JAMBI;1506;150613;24/07/2023;MENDERITA;JIWA;0
945;15;JAMBI;1506;150613;24/07/2023;MENGUNGSI;JIWA;0
946;15;JAMBI;1506;150613;24/07/2023;RUMAH RUSAK BERAT;UNIT;1
947;15;JAMBI;1506;150613;24/07/2023;RUMAH RUSAK SEDANG;UNIT;0
948;15;JAMBI;1506;150613;24/07/2023;RUMAH RUSAK RINGAN;UNIT;0
949;15;JAMBI;1506;150613;24/07/2023;RUMAH TERENDAM;UNIT;0
950;15;JAMBI;1506;150613;24/07/2023;SARANA PENDIDIKAN;UNIT;0
951;15;JAMBI;1506;150613;24/07/2023;SARANA IBADAH;UNIT;0
952;15;JAMBI;1506;150613;24/07/2023;SARANA KESEHATAN;UNIT;0
953;15;JAMBI;1506;150613;24/07/2023;PERKANTORAN;UNIT;0
954;15;JAMBI;1506;150613;24/07/2023;BANGUNAN LAIN;UNIT;0
955;15;JAMBI;1506;150613;24/07/2023;JEMBATAN;UNIT;0
956;15;JAMBI;1506;150613;24/07/2023;JALAN;KM;0
957;15;JAMBI;1506;150613;24/07/2023;SAWAH;HA;0
958;15;JAMBI;1506;150613;24/07/2023;KEBUN/HUTAN;HA;0
959;15;JAMBI;1506;150613;24/07/2023;KOLAM;HA;0
960;15;JAMBI;1506;150613;24/07/2023;IRIGASI;HA;0
961;15;JAMBI;1501;150104;07/07/2023;MENINGGAL DUNIA;JIWA;0
962;15;JAMBI;1501;150104;07/07/2023;HILANG;JIWA;0
963;15;JAMBI;1501;150104;07/07/2023;LUKA;JIWA;0
964;15;JAMBI;1501;150104;07/07/2023;MENDERITA;JIWA;0
965;15;JAMBI;1501;150104;07/07/2023;MENGUNGSI;JIWA;0
966;15;JAMBI;1501;150104;07/07/2023;RUMAH RUSAK BERAT;UNIT;0
967;15;JAMBI;1501;150104;07/07/2023;RUMAH RUSAK SEDANG;UNIT;0
968;15;JAMBI;1501;150104;07/07/2023;RUMAH RUSAK RINGAN;UNIT;1
969;15;JAMBI;1501;150104;07/07/2023;RUMAH TERENDAM;UNIT;0
970;15;JAMBI;1501;150104;07/07/2023;SARANA PENDIDIKAN;UNIT;0
971;15;JAMBI;1501;150104;07/07/2023;SARANA IBADAH;UNIT;0
972;15;JAMBI;1501;150104;07/07/2023;SARANA KESEHATAN;UNIT;0
973;15;JAMBI;1501;150104;07/07/2023;PERKANTORAN;UNIT;0
974;15;JAMBI;1501;150104;07/07/2023;BANGUNAN LAIN;UNIT;0
975;15;JAMBI;1501;150104;07/07/2023;JEMBATAN;UNIT;0
976;15;JAMBI;1501;150104;07/07/2023;JALAN;KM;0
977;15;JAMBI;1501;150104;07/07/2023;SAWAH;HA;0
978;15;JAMBI;1501;150104;07/07/2023;KEBUN/HUTAN;HA;0
979;15;JAMBI;1501;150104;07/07/2023;KOLAM;HA;0
980;15;JAMBI;1501;150104;07/07/2023;IRIGASI;HA;0
981;15;JAMBI;1505;150508;29/05/2023;MENINGGAL DUNIA;JIWA;0
982;15;JAMBI;1505;150508;29/05/2023;LUKA BERAT;JIWA;0
983;15;JAMBI;1505;150508;29/05/2023;LUKA RINGAN;JIWA;0
984;15;JAMBI;1505;150508;29/05/2023;RUSAK TOTAL;UNIT;0
985;15;JAMBI;1505;150508;29/05/2023;RUMAH RUSAK BERAT;UNIT;0
986;15;JAMBI;1505;150508;29/05/2023;RUMAH RUSAK RINGAN;UNIT;0
987;15;JAMBI;1505;150508;29/05/2023;TERGENANG;UNIT;0
988;15;JAMBI;1505;150508;29/05/2023;TERENDAM;UNIT;0
989;15;JAMBI;1505;150508;29/05/2023;KIOS;UNIT;0
990;15;JAMBI;1505;150508;29/05/2023;BANGUNAN LAIN;UNIT;0
991;15;JAMBI;1505;150508;29/05/2023;KEPALA KELUARGA;JIWA;0
992;15;JAMBI;1505;150508;29/05/2023;JIWA;JIWA;0
993;15;JAMBI;1505;150508;29/05/2023;SEKOLAH;UNIT;0
994;15;JAMBI;1505;150508;29/05/2023;KANTOR;UNIT;0
995;15;JAMBI;1505;150508;29/05/2023;TEMPAT IBADAH;JIWA;0
996;15;JAMBI;1505;150508;29/05/2023;SARANA KESEHATAN;UNIT;0
997;15;JAMBI;1505;150508;29/05/2023;PASAR;UNIT;0
998;15;JAMBI;1505;150508;29/05/2023;JEMBATAN;UNIT;0
999;15;JAMBI;1505;150508;29/05/2023;JALAN;TITIK;0
1000;15;JAMBI;1505;150508;29/05/2023;JALAN;KM;0
1001;15;JAMBI;1505;150508;29/05/2023;IRIGASI;HA;0
1002;15;JAMBI;1505;150508;29/05/2023;KEBUN;HEKTAR;0
1003;15;JAMBI;1505;150508;29/05/2023;KOLAM;HA;0
1004;15;JAMBI;1505;150508;29/05/2023;SAWAH;HA;0
1005;15;JAMBI;1505;150508;29/05/2023;LAHAN TIDUR;HEKTAR;0
1006;15;JAMBI;1506;150602;25/05/2023;MENINGGAL DUNIA;JIWA;0
1007;15;JAMBI;1506;150602;25/05/2023;LUKA BERAT;JIWA;0
1008;15;JAMBI;1506;150602;25/05/2023;LUKA RINGAN;JIWA;0
1009;15;JAMBI;1506;150602;25/05/2023;RUSAK TOTAL;UNIT;0
1010;15;JAMBI;1506;150602;25/05/2023;RUMAH RUSAK BERAT;UNIT;3
1011;15;JAMBI;1506;150602;25/05/2023;RUMAH RUSAK RINGAN;UNIT;0
1012;15;JAMBI;1506;150602;25/05/2023;TERGENANG;UNIT;0
1013;15;JAMBI;1506;150602;25/05/2023;TERENDAM;UNIT;0
1014;15;JAMBI;1506;150602;25/05/2023;KIOS;UNIT;0
1015;15;JAMBI;1506;150602;25/05/2023;BANGUNAN LAIN;UNIT;0
1016;15;JAMBI;1506;150602;25/05/2023;KEPALA KELUARGA;JIWA;7
1017;15;JAMBI;1506;150602;25/05/2023;JIWA;JIWA;27
1018;15;JAMBI;1506;150602;25/05/2023;SEKOLAH;UNIT;0
1019;15;JAMBI;1506;150602;25/05/2023;KANTOR;UNIT;0
1020;15;JAMBI;1506;150602;25/05/2023;TEMPAT IBADAH;JIWA;0
1021;15;JAMBI;1506;150602;25/05/2023;SARANA KESEHATAN;UNIT;0
1022;15;JAMBI;1506;150602;25/05/2023;PASAR;UNIT;0
1023;15;JAMBI;1506;150602;25/05/2023;JEMBATAN;UNIT;0
1024;15;JAMBI;1506;150602;25/05/2023;JALAN;TITIK;0
1025;15;JAMBI;1506;150602;25/05/2023;JALAN;KM;0
1026;15;JAMBI;1506;150602;25/05/2023;IRIGASI;HA;0
1027;15;JAMBI;1506;150602;25/05/2023;KEBUN;HEKTAR;0
1028;15;JAMBI;1506;150602;25/05/2023;KOLAM;HA;0
1029;15;JAMBI;1506;150602;25/05/2023;SAWAH;HA;0
1030;15;JAMBI;1506;150602;25/05/2023;LAHAN TIDUR;HEKTAR;0
1031;15;JAMBI;1508;150802;23/04/2023;MENINGGAL DUNIA;JIWA;0
1032;15;JAMBI;1508;150802;23/04/2023;LUKA BERAT;JIWA;0
1033;15;JAMBI;1508;150802;23/04/2023;LUKA RINGAN;JIWA;0
1034;15;JAMBI;1508;150802;23/04/2023;RUSAK TOTAL;UNIT;0
1035;15;JAMBI;1508;150802;23/04/2023;RUMAH RUSAK BERAT;UNIT;0
1036;15;JAMBI;1508;150802;23/04/2023;RUMAH RUSAK RINGAN;UNIT;0
1037;15;JAMBI;1508;150802;23/04/2023;TERGENANG;UNIT;0
1038;15;JAMBI;1508;150802;23/04/2023;TERENDAM;UNIT;0
1039;15;JAMBI;1508;150802;23/04/2023;KIOS;UNIT;0
1040;15;JAMBI;1508;150802;23/04/2023;BANGUNAN LAIN;UNIT;0
1041;15;JAMBI;1508;150802;23/04/2023;KEPALA KELUARGA;JIWA;0
1042;15;JAMBI;1508;150802;23/04/2023;JIWA;JIWA;0
1043;15;JAMBI;1508;150802;23/04/2023;SEKOLAH;UNIT;0
1044;15;JAMBI;1508;150802;23/04/2023;KANTOR;UNIT;0
1045;15;JAMBI;1508;150802;23/04/2023;TEMPAT IBADAH;JIWA;0
1046;15;JAMBI;1508;150802;23/04/2023;SARANA KESEHATAN;UNIT;0
1047;15;JAMBI;1508;150802;23/04/2023;PASAR;UNIT;0
1048;15;JAMBI;1508;150802;23/04/2023;JEMBATAN;UNIT;0
1049;15;JAMBI;1508;150802;23/04/2023;JALAN;TITIK;1
1050;15;JAMBI;1508;150802;23/04/2023;JALAN;KM;0
1051;15;JAMBI;1508;150802;23/04/2023;IRIGASI;HA;0
1052;15;JAMBI;1508;150802;23/04/2023;KEBUN;HEKTAR;0
1053;15;JAMBI;1508;150802;23/04/2023;KOLAM;HA;0
1054;15;JAMBI;1508;150802;23/04/2023;SAWAH;HA;0
1055;15;JAMBI;1508;150802;23/04/2023;LAHAN TIDUR;HEKTAR;0
1056;15;JAMBI;1572;157205;23/03/2023;MENINGGAL DUNIA;JIWA;0
1057;15;JAMBI;1572;157205;23/03/2023;LUKA BERAT;JIWA;0
1058;15;JAMBI;1572;157205;23/03/2023;LUKA RINGAN;JIWA;0
1059;15;JAMBI;1572;157205;23/03/2023;RUSAK TOTAL;UNIT;0
1060;15;JAMBI;1572;157205;23/03/2023;RUMAH RUSAK BERAT;UNIT;0
1061;15;JAMBI;1572;157205;23/03/2023;RUMAH RUSAK RINGAN;UNIT;0
1062;15;JAMBI;1572;157205;23/03/2023;TERGENANG;UNIT;0
1063;15;JAMBI;1572;157205;23/03/2023;TERENDAM;UNIT;45
1064;15;JAMBI;1572;157205;23/03/2023;KIOS;UNIT;0
1065;15;JAMBI;1572;157205;23/03/2023;BANGUNAN LAIN;UNIT;0
1066;15;JAMBI;1572;157205;23/03/2023;KEPALA KELUARGA;JIWA;0
1067;15;JAMBI;1572;157205;23/03/2023;JIWA;JIWA;0
1068;15;JAMBI;1572;157205;23/03/2023;SEKOLAH;UNIT;0
1069;15;JAMBI;1572;157205;23/03/2023;KANTOR;UNIT;0
1070;15;JAMBI;1572;157205;23/03/2023;TEMPAT IBADAH;JIWA;0
1071;15;JAMBI;1572;157205;23/03/2023;SARANA KESEHATAN;UNIT;0
1072;15;JAMBI;1572;157205;23/03/2023;PASAR;UNIT;0
1073;15;JAMBI;1572;157205;23/03/2023;JEMBATAN;UNIT;0
1074;15;JAMBI;1572;157205;23/03/2023;JALAN;TITIK;0
1075;15;JAMBI;1572;157205;23/03/2023;JALAN;KM;0
1076;15;JAMBI;1572;157205;23/03/2023;IRIGASI;HA;0
1077;15;JAMBI;1572;157205;23/03/2023;KEBUN;HEKTAR;0
1078;15;JAMBI;1572;157205;23/03/2023;KOLAM;HA;0
1079;15;JAMBI;1572;157205;23/03/2023;SAWAH;HA;0
1080;15;JAMBI;1572;157205;23/03/2023;LAHAN TIDUR;HEKTAR;0
1081;15;JAMBI;1502;150214;13/03/2023;MENINGGAL DUNIA;JIWA;0
1082;15;JAMBI;1502;150214;13/03/2023;LUKA BERAT;JIWA;0
1083;15;JAMBI;1502;150214;13/03/2023;LUKA RINGAN;JIWA;0
1084;15;JAMBI;1502;150214;13/03/2023;RUSAK TOTAL;UNIT;0
1085;15;JAMBI;1502;150214;13/03/2023;RUMAH RUSAK BERAT;UNIT;0
1086;15;JAMBI;1502;150214;13/03/2023;RUMAH RUSAK RINGAN;UNIT;1
1087;15;JAMBI;1502;150214;13/03/2023;TERGENANG;UNIT;0
1088;15;JAMBI;1502;150214;13/03/2023;TERENDAM;UNIT;0
1089;15;JAMBI;1502;150214;13/03/2023;KIOS;UNIT;0
1090;15;JAMBI;1502;150214;13/03/2023;BANGUNAN LAIN;UNIT;0
1091;15;JAMBI;1502;150214;13/03/2023;KEPALA KELUARGA;JIWA;4
1092;15;JAMBI;1502;150214;13/03/2023;JIWA;JIWA;8
1093;15;JAMBI;1502;150214;13/03/2023;SEKOLAH;UNIT;0
1094;15;JAMBI;1502;150214;13/03/2023;KANTOR;UNIT;0
1095;15;JAMBI;1502;150214;13/03/2023;TEMPAT IBADAH;JIWA;0
1096;15;JAMBI;1502;150214;13/03/2023;SARANA KESEHATAN;UNIT;0
1097;15;JAMBI;1502;150214;13/03/2023;PASAR;UNIT;0
1098;15;JAMBI;1502;150214;13/03/2023;JEMBATAN;UNIT;0
1099;15;JAMBI;1502;150214;13/03/2023;JALAN;TITIK;0
1100;15;JAMBI;1502;150214;13/03/2023;JALAN;KM;0
1101;15;JAMBI;1502;150214;13/03/2023;IRIGASI;HA;0
1102;15;JAMBI;1502;150214;13/03/2023;KEBUN;HEKTAR;0
1103;15;JAMBI;1502;150214;13/03/2023;KOLAM;HA;0
1104;15;JAMBI;1502;150214;13/03/2023;SAWAH;HA;0
1105;15;JAMBI;1502;150214;13/03/2023;LAHAN TIDUR;HEKTAR;0
1106;15;JAMBI;1503;150310;13/03/2023;MENINGGAL DUNIA;JIWA;0
1107;15;JAMBI;1503;150310;13/03/2023;LUKA BERAT;JIWA;0
1108;15;JAMBI;1503;150310;13/03/2023;LUKA RINGAN;JIWA;0
1109;15;JAMBI;1503;150310;13/03/2023;RUSAK TOTAL;UNIT;0
1110;15;JAMBI;1503;150310;13/03/2023;RUMAH RUSAK BERAT;UNIT;0
1111;15;JAMBI;1503;150310;13/03/2023;RUMAH RUSAK RINGAN;UNIT;0
1112;15;JAMBI;1503;150310;13/03/2023;TERGENANG;UNIT;0
1113;15;JAMBI;1503;150310;13/03/2023;TERENDAM;UNIT;0
1114;15;JAMBI;1503;150310;13/03/2023;KIOS;UNIT;0
1115;15;JAMBI;1503;150310;13/03/2023;BANGUNAN LAIN;UNIT;0
1116;15;JAMBI;1503;150310;13/03/2023;KEPALA KELUARGA;JIWA;120
1117;15;JAMBI;1503;150310;13/03/2023;JIWA;JIWA;0
1118;15;JAMBI;1503;150310;13/03/2023;SEKOLAH;UNIT;0
1119;15;JAMBI;1503;150310;13/03/2023;KANTOR;UNIT;0
1120;15;JAMBI;1503;150310;13/03/2023;TEMPAT IBADAH;JIWA;0
1121;15;JAMBI;1503;150310;13/03/2023;SARANA KESEHATAN;UNIT;0
1122;15;JAMBI;1503;150310;13/03/2023;PASAR;UNIT;0
1123;15;JAMBI;1503;150310;13/03/2023;JEMBATAN;UNIT;0
1124;15;JAMBI;1503;150310;13/03/2023;JALAN;TITIK;0
1125;15;JAMBI;1503;150310;13/03/2023;JALAN;KM;0
1126;15;JAMBI;1503;150310;13/03/2023;IRIGASI;HA;0
1127;15;JAMBI;1503;150310;13/03/2023;KEBUN;HEKTAR;0
1128;15;JAMBI;1503;150310;13/03/2023;KOLAM;HA;0
1129;15;JAMBI;1503;150310;13/03/2023;SAWAH;HA;0
1130;15;JAMBI;1503;150310;13/03/2023;LAHAN TIDUR;HEKTAR;0
1131;15;JAMBI;1503;150306;12/03/2023;MENINGGAL DUNIA;JIWA;0
1132;15;JAMBI;1503;150306;12/03/2023;LUKA BERAT;JIWA;0
1133;15;JAMBI;1503;150306;12/03/2023;LUKA RINGAN;JIWA;0
1134;15;JAMBI;1503;150306;12/03/2023;RUSAK TOTAL;UNIT;0
1135;15;JAMBI;1503;150306;12/03/2023;RUMAH RUSAK BERAT;UNIT;0
1136;15;JAMBI;1503;150306;12/03/2023;RUMAH RUSAK RINGAN;UNIT;1
1137;15;JAMBI;1503;150306;12/03/2023;TERGENANG;UNIT;0
1138;15;JAMBI;1503;150306;12/03/2023;TERENDAM;UNIT;0
1139;15;JAMBI;1503;150306;12/03/2023;KIOS;UNIT;0
1140;15;JAMBI;1503;150306;12/03/2023;BANGUNAN LAIN;UNIT;0
1141;15;JAMBI;1503;150306;12/03/2023;KEPALA KELUARGA;JIWA;1
1142;15;JAMBI;1503;150306;12/03/2023;JIWA;JIWA;0
1143;15;JAMBI;1503;150306;12/03/2023;SEKOLAH;UNIT;0
1144;15;JAMBI;1503;150306;12/03/2023;KANTOR;UNIT;0
1145;15;JAMBI;1503;150306;12/03/2023;TEMPAT IBADAH;JIWA;0
1146;15;JAMBI;1503;150306;12/03/2023;SARANA KESEHATAN;UNIT;0
1147;15;JAMBI;1503;150306;12/03/2023;PASAR;UNIT;0
1148;15;JAMBI;1503;150306;12/03/2023;JEMBATAN;UNIT;0
1149;15;JAMBI;1503;150306;12/03/2023;JALAN;TITIK;0
1150;15;JAMBI;1503;150306;12/03/2023;JALAN;KM;0
1151;15;JAMBI;1503;150306;12/03/2023;IRIGASI;HA;0
1152;15;JAMBI;1503;150306;12/03/2023;KEBUN;HEKTAR;0
1153;15;JAMBI;1503;150306;12/03/2023;KOLAM;HA;0
1154;15;JAMBI;1503;150306;12/03/2023;SAWAH;HA;0
1155;15;JAMBI;1503;150306;12/03/2023;LAHAN TIDUR;HEKTAR;0
1156;15;JAMBI;1503;150301;11/03/2023;MENINGGAL DUNIA;JIWA;0
1157;15;JAMBI;1503;150301;11/03/2023;LUKA BERAT;JIWA;0
1158;15;JAMBI;1503;150301;11/03/2023;LUKA RINGAN;JIWA;0
1159;15;JAMBI;1503;150301;11/03/2023;RUSAK TOTAL;UNIT;0
1160;15;JAMBI;1503;150301;11/03/2023;RUMAH RUSAK BERAT;UNIT;0
1161;15;JAMBI;1503;150301;11/03/2023;RUMAH RUSAK RINGAN;UNIT;0
1162;15;JAMBI;1503;150301;11/03/2023;TERGENANG;UNIT;0
1163;15;JAMBI;1503;150301;11/03/2023;TERENDAM;UNIT;0
1164;15;JAMBI;1503;150301;11/03/2023;KIOS;UNIT;0
1165;15;JAMBI;1503;150301;11/03/2023;BANGUNAN LAIN;UNIT;0
1166;15;JAMBI;1503;150301;11/03/2023;KEPALA KELUARGA;JIWA;0
1167;15;JAMBI;1503;150301;11/03/2023;JIWA;JIWA;0
1168;15;JAMBI;1503;150301;11/03/2023;SEKOLAH;UNIT;0
1169;15;JAMBI;1503;150301;11/03/2023;KANTOR;UNIT;0
1170;15;JAMBI;1503;150301;11/03/2023;TEMPAT IBADAH;JIWA;8
1171;15;JAMBI;1503;150301;11/03/2023;SARANA KESEHATAN;UNIT;0
1172;15;JAMBI;1503;150301;11/03/2023;PASAR;UNIT;0
1173;15;JAMBI;1503;150301;11/03/2023;JEMBATAN;UNIT;0
1174;15;JAMBI;1503;150301;11/03/2023;JALAN;TITIK;0
1175;15;JAMBI;1503;150301;11/03/2023;JALAN;KM;0
1176;15;JAMBI;1503;150301;11/03/2023;IRIGASI;HA;0
1177;15;JAMBI;1503;150301;11/03/2023;KEBUN;HEKTAR;0
1178;15;JAMBI;1503;150301;11/03/2023;KOLAM;HA;0
1179;15;JAMBI;1503;150301;11/03/2023;SAWAH;HA;0
1180;15;JAMBI;1503;150301;11/03/2023;LAHAN TIDUR;HEKTAR;0
1181;15;JAMBI;1503;150301;11/03/2023;MENINGGAL DUNIA;JIWA;0
1182;15;JAMBI;1503;150301;11/03/2023;LUKA BERAT;JIWA;0
1183;15;JAMBI;1503;150301;11/03/2023;LUKA RINGAN;JIWA;0
1184;15;JAMBI;1503;150301;11/03/2023;RUSAK TOTAL;UNIT;0
1185;15;JAMBI;1503;150301;11/03/2023;RUMAH RUSAK BERAT;UNIT;0
1186;15;JAMBI;1503;150301;11/03/2023;RUMAH RUSAK RINGAN;UNIT;0
1187;15;JAMBI;1503;150301;11/03/2023;TERGENANG;UNIT;0
1188;15;JAMBI;1503;150301;11/03/2023;TERENDAM;UNIT;0
1189;15;JAMBI;1503;150301;11/03/2023;KIOS;UNIT;0
1190;15;JAMBI;1503;150301;11/03/2023;BANGUNAN LAIN;UNIT;0
1191;15;JAMBI;1503;150301;11/03/2023;KEPALA KELUARGA;JIWA;0
1192;15;JAMBI;1503;150301;11/03/2023;JIWA;JIWA;0
1193;15;JAMBI;1503;150301;11/03/2023;SEKOLAH;UNIT;0
1194;15;JAMBI;1503;150301;11/03/2023;KANTOR;UNIT;0
1195;15;JAMBI;1503;150301;11/03/2023;TEMPAT IBADAH;JIWA;0
1196;15;JAMBI;1503;150301;11/03/2023;SARANA KESEHATAN;UNIT;0
1197;15;JAMBI;1503;150301;11/03/2023;PASAR;UNIT;0
1198;15;JAMBI;1503;150301;11/03/2023;JEMBATAN;UNIT;0
1199;15;JAMBI;1503;150301;11/03/2023;JALAN;TITIK;0
1200;15;JAMBI;1503;150301;11/03/2023;JALAN;KM;0
1201;15;JAMBI;1503;150301;11/03/2023;IRIGASI;HA;0
1202;15;JAMBI;1503;150301;11/03/2023;KEBUN;HEKTAR;0
1203;15;JAMBI;1503;150301;11/03/2023;KOLAM;HA;0
1204;15;JAMBI;1503;150301;11/03/2023;SAWAH;HA;0
1205;15;JAMBI;1503;150301;11/03/2023;LAHAN TIDUR;HEKTAR;0
1206;15;JAMBI;1503;150306;08/03/2023;MENINGGAL DUNIA;JIWA;0
1207;15;JAMBI;1503;150306;08/03/2023;LUKA BERAT;JIWA;0
1208;15;JAMBI;1503;150306;08/03/2023;LUKA RINGAN;JIWA;0
1209;15;JAMBI;1503;150306;08/03/2023;RUSAK TOTAL;UNIT;0
1210;15;JAMBI;1503;150306;08/03/2023;RUMAH RUSAK BERAT;UNIT;0
1211;15;JAMBI;1503;150306;08/03/2023;RUMAH RUSAK RINGAN;UNIT;1
1212;15;JAMBI;1503;150306;08/03/2023;TERGENANG;UNIT;0
1213;15;JAMBI;1503;150306;08/03/2023;TERENDAM;UNIT;0
1214;15;JAMBI;1503;150306;08/03/2023;KIOS;UNIT;0
1215;15;JAMBI;1503;150306;08/03/2023;BANGUNAN LAIN;UNIT;0
1216;15;JAMBI;1503;150306;08/03/2023;KEPALA KELUARGA;JIWA;19
1217;15;JAMBI;1503;150306;08/03/2023;JIWA;JIWA;0
1218;15;JAMBI;1503;150306;08/03/2023;SEKOLAH;UNIT;0
1219;15;JAMBI;1503;150306;08/03/2023;KANTOR;UNIT;0
1220;15;JAMBI;1503;150306;08/03/2023;TEMPAT IBADAH;JIWA;4
1221;15;JAMBI;1503;150306;08/03/2023;SARANA KESEHATAN;UNIT;0
1222;15;JAMBI;1503;150306;08/03/2023;PASAR;UNIT;0
1223;15;JAMBI;1503;150306;08/03/2023;JEMBATAN;UNIT;0
1224;15;JAMBI;1503;150306;08/03/2023;JALAN;TITIK;0
1225;15;JAMBI;1503;150306;08/03/2023;JALAN;KM;0
1226;15;JAMBI;1503;150306;08/03/2023;IRIGASI;HA;0
1227;15;JAMBI;1503;150306;08/03/2023;KEBUN;HEKTAR;0
1228;15;JAMBI;1503;150306;08/03/2023;KOLAM;HA;0
1229;15;JAMBI;1503;150306;08/03/2023;SAWAH;HA;0
1230;15;JAMBI;1503;150306;08/03/2023;LAHAN TIDUR;HEKTAR;0
1231;15;JAMBI;1504;150403;21/02/2023;MENINGGAL DUNIA;JIWA;0
1232;15;JAMBI;1504;150403;21/02/2023;LUKA BERAT;JIWA;0
1233;15;JAMBI;1504;150403;21/02/2023;LUKA RINGAN;JIWA;0
1234;15;JAMBI;1504;150403;21/02/2023;RUSAK TOTAL;UNIT;0
1235;15;JAMBI;1504;150403;21/02/2023;RUMAH RUSAK BERAT;UNIT;0
1236;15;JAMBI;1504;150403;21/02/2023;RUMAH RUSAK RINGAN;UNIT;0
1237;15;JAMBI;1504;150403;21/02/2023;TERGENANG;UNIT;0
1238;15;JAMBI;1504;150403;21/02/2023;TERENDAM;UNIT;0
1239;15;JAMBI;1504;150403;21/02/2023;KIOS;UNIT;0
1240;15;JAMBI;1504;150403;21/02/2023;BANGUNAN LAIN;UNIT;0
1241;15;JAMBI;1504;150403;21/02/2023;KEPALA KELUARGA;JIWA;1
1242;15;JAMBI;1504;150403;21/02/2023;JIWA;JIWA;5
1243;15;JAMBI;1504;150403;21/02/2023;SEKOLAH;UNIT;0
1244;15;JAMBI;1504;150403;21/02/2023;KANTOR;UNIT;0
1245;15;JAMBI;1504;150403;21/02/2023;TEMPAT IBADAH;JIWA;0
1246;15;JAMBI;1504;150403;21/02/2023;SARANA KESEHATAN;UNIT;0
1247;15;JAMBI;1504;150403;21/02/2023;PASAR;UNIT;0
1248;15;JAMBI;1504;150403;21/02/2023;JEMBATAN;UNIT;0
1249;15;JAMBI;1504;150403;21/02/2023;JALAN;TITIK;0
1250;15;JAMBI;1504;150403;21/02/2023;JALAN;KM;0
1251;15;JAMBI;1504;150403;21/02/2023;IRIGASI;HA;0
1252;15;JAMBI;1504;150403;21/02/2023;KEBUN;HEKTAR;0
1253;15;JAMBI;1504;150403;21/02/2023;KOLAM;HA;0
1254;15;JAMBI;1504;150403;21/02/2023;SAWAH;HA;0
1255;15;JAMBI;1504;150403;21/02/2023;LAHAN TIDUR;HEKTAR;0
1256;15;JAMBI;1504;150403;05/01/2023;MENINGGAL DUNIA;JIWA;0
1257;15;JAMBI;1504;150403;05/01/2023;LUKA BERAT;JIWA;0
1258;15;JAMBI;1504;150403;05/01/2023;LUKA RINGAN;JIWA;0
1259;15;JAMBI;1504;150403;05/01/2023;RUSAK TOTAL;UNIT;0
1260;15;JAMBI;1504;150403;05/01/2023;RUMAH RUSAK BERAT;UNIT;0
1261;15;JAMBI;1504;150403;05/01/2023;RUMAH RUSAK RINGAN;UNIT;0
1262;15;JAMBI;1504;150403;05/01/2023;TERGENANG;UNIT;0
1263;15;JAMBI;1504;150403;05/01/2023;TERENDAM;UNIT;0
1264;15;JAMBI;1504;150403;05/01/2023;KIOS;UNIT;0
1265;15;JAMBI;1504;150403;05/01/2023;BANGUNAN LAIN;UNIT;0
1266;15;JAMBI;1504;150403;05/01/2023;KEPALA KELUARGA;JIWA;2
1267;15;JAMBI;1504;150403;05/01/2023;JIWA;JIWA;4
1268;15;JAMBI;1504;150403;05/01/2023;SEKOLAH;UNIT;0
1269;15;JAMBI;1504;150403;05/01/2023;KANTOR;UNIT;0
1270;15;JAMBI;1504;150403;05/01/2023;TEMPAT IBADAH;JIWA;0
1271;15;JAMBI;1504;150403;05/01/2023;SARANA KESEHATAN;UNIT;0
1272;15;JAMBI;1504;150403;05/01/2023;PASAR;UNIT;0
1273;15;JAMBI;1504;150403;05/01/2023;JEMBATAN;UNIT;0
1274;15;JAMBI;1504;150403;05/01/2023;JALAN;TITIK;0
1275;15;JAMBI;1504;150403;05/01/2023;JALAN;KM;0
1276;15;JAMBI;1504;150403;05/01/2023;IRIGASI;HA;0
1277;15;JAMBI;1504;150403;05/01/2023;KEBUN;HEKTAR;0
1278;15;JAMBI;1504;150403;05/01/2023;KOLAM;HA;0
1279;15;JAMBI;1504;150403;05/01/2023;SAWAH;HA;0
1280;15;JAMBI;1504;150403;05/01/2023;LAHAN TIDUR;HEKTAR;0
1281;15;JAMBI;1501;150106;17/11/2022;MENINGGAL DUNIA;JIWA;0
1282;15;JAMBI;1501;150106;17/11/2022;LUKA BERAT;JIWA;0
1283;15;JAMBI;1501;150106;17/11/2022;LUKA RINGAN;JIWA;0
1284;15;JAMBI;1501;150106;17/11/2022;RUSAK TOTAL;UNIT;0
1285;15;JAMBI;1501;150106;17/11/2022;RUMAH RUSAK BERAT;UNIT;0
1286;15;JAMBI;1501;150106;17/11/2022;RUMAH RUSAK RINGAN;UNIT;1
1287;15;JAMBI;1501;150106;17/11/2022;TERGENANG;UNIT;0
1288;15;JAMBI;1501;150106;17/11/2022;TERENDAM;UNIT;0
1289;15;JAMBI;1501;150106;17/11/2022;KIOS;UNIT;0
1290;15;JAMBI;1501;150106;17/11/2022;BANGUNAN LAIN;UNIT;0
1291;15;JAMBI;1501;150106;17/11/2022;KEPALA KELUARGA;JIWA;0
1292;15;JAMBI;1501;150106;17/11/2022;JIWA;JIWA;0
1293;15;JAMBI;1501;150106;17/11/2022;SEKOLAH;UNIT;0
1294;15;JAMBI;1501;150106;17/11/2022;KANTOR;UNIT;0
1295;15;JAMBI;1501;150106;17/11/2022;TEMPAT IBADAH;JIWA;0
1296;15;JAMBI;1501;150106;17/11/2022;SARANA KESEHATAN;UNIT;0
1297;15;JAMBI;1501;150106;17/11/2022;PASAR;UNIT;0
1298;15;JAMBI;1501;150106;17/11/2022;JEMBATAN;UNIT;0
1299;15;JAMBI;1501;150106;17/11/2022;JALAN;TITIK;0
1300;15;JAMBI;1501;150106;17/11/2022;JALAN;KM;0
1301;15;JAMBI;1501;150106;17/11/2022;IRIGASI;HA;0
1302;15;JAMBI;1501;150106;17/11/2022;KEBUN;HEKTAR;0
1303;15;JAMBI;1501;150106;17/11/2022;KOLAM;HA;0
1304;15;JAMBI;1501;150106;17/11/2022;SAWAH;HA;0
1305;15;JAMBI;1501;150106;17/11/2022;LAHAN TIDUR;HEKTAR;0
1306;15;JAMBI;1502;150212;08/11/2022;MENINGGAL DUNIA;JIWA;0
1307;15;JAMBI;1502;150212;08/11/2022;LUKA BERAT;JIWA;0
1308;15;JAMBI;1502;150212;08/11/2022;LUKA RINGAN;JIWA;0
1309;15;JAMBI;1502;150212;08/11/2022;RUSAK TOTAL;UNIT;0
1310;15;JAMBI;1502;150212;08/11/2022;RUMAH RUSAK BERAT;UNIT;0
1311;15;JAMBI;1502;150212;08/11/2022;RUMAH RUSAK RINGAN;UNIT;0
1312;15;JAMBI;1502;150212;08/11/2022;TERGENANG;UNIT;0
1313;15;JAMBI;1502;150212;08/11/2022;TERENDAM;UNIT;0
1314;15;JAMBI;1502;150212;08/11/2022;KIOS;UNIT;0
1315;15;JAMBI;1502;150212;08/11/2022;BANGUNAN LAIN;UNIT;0
1316;15;JAMBI;1502;150212;08/11/2022;KEPALA KELUARGA;JIWA;0
1317;15;JAMBI;1502;150212;08/11/2022;JIWA;JIWA;0
1318;15;JAMBI;1502;150212;08/11/2022;SEKOLAH;UNIT;0
1319;15;JAMBI;1502;150212;08/11/2022;KANTOR;UNIT;0
1320;15;JAMBI;1502;150212;08/11/2022;TEMPAT IBADAH;JIWA;0
1321;15;JAMBI;1502;150212;08/11/2022;SARANA KESEHATAN;UNIT;0
1322;15;JAMBI;1502;150212;08/11/2022;PASAR;UNIT;0
1323;15;JAMBI;1502;150212;08/11/2022;JEMBATAN;UNIT;0
1324;15;JAMBI;1502;150212;08/11/2022;JALAN;TITIK;1
1325;15;JAMBI;1502;150212;08/11/2022;JALAN;KM;80
1326;15;JAMBI;1502;150212;08/11/2022;IRIGASI;HA;0
1327;15;JAMBI;1502;150212;08/11/2022;KEBUN;HEKTAR;0
1328;15;JAMBI;1502;150212;08/11/2022;KOLAM;HA;0
1329;15;JAMBI;1502;150212;08/11/2022;SAWAH;HA;0
1330;15;JAMBI;1502;150212;08/11/2022;LAHAN TIDUR;HEKTAR;0
1331;15;JAMBI;1505;150507;05/11/2022;MENINGGAL DUNIA;JIWA;0
1332;15;JAMBI;1505;150507;05/11/2022;LUKA BERAT;JIWA;0
1333;15;JAMBI;1505;150507;05/11/2022;LUKA RINGAN;JIWA;0
1334;15;JAMBI;1505;150507;05/11/2022;RUSAK TOTAL;UNIT;0
1335;15;JAMBI;1505;150507;05/11/2022;RUMAH RUSAK BERAT;UNIT;0
1336;15;JAMBI;1505;150507;05/11/2022;RUMAH RUSAK RINGAN;UNIT;0
1337;15;JAMBI;1505;150507;05/11/2022;TERGENANG;UNIT;0
1338;15;JAMBI;1505;150507;05/11/2022;TERENDAM;UNIT;0
1339;15;JAMBI;1505;150507;05/11/2022;KIOS;UNIT;0
1340;15;JAMBI;1505;150507;05/11/2022;BANGUNAN LAIN;UNIT;0
1341;15;JAMBI;1505;150507;05/11/2022;KEPALA KELUARGA;JIWA;0
1342;15;JAMBI;1505;150507;05/11/2022;JIWA;JIWA;0
1343;15;JAMBI;1505;150507;05/11/2022;SEKOLAH;UNIT;0
1344;15;JAMBI;1505;150507;05/11/2022;KANTOR;UNIT;0
1345;15;JAMBI;1505;150507;05/11/2022;TEMPAT IBADAH;JIWA;0
1346;15;JAMBI;1505;150507;05/11/2022;SARANA KESEHATAN;UNIT;0
1347;15;JAMBI;1505;150507;05/11/2022;PASAR;UNIT;0
1348;15;JAMBI;1505;150507;05/11/2022;JEMBATAN;UNIT;0
1349;15;JAMBI;1505;150507;05/11/2022;JALAN;TITIK;1
1350;15;JAMBI;1505;150507;05/11/2022;JALAN;KM;0
1351;15;JAMBI;1505;150507;05/11/2022;IRIGASI;HA;0
1352;15;JAMBI;1505;150507;05/11/2022;KEBUN;HEKTAR;0
1353;15;JAMBI;1505;150507;05/11/2022;KOLAM;HA;0
1354;15;JAMBI;1505;150507;05/11/2022;SAWAH;HA;0
1355;15;JAMBI;1505;150507;05/11/2022;LAHAN TIDUR;HEKTAR;0
1356;15;JAMBI;1502;150211;26/10/2022;MENINGGAL DUNIA;JIWA;0
1357;15;JAMBI;1502;150211;26/10/2022;LUKA BERAT;JIWA;0
1358;15;JAMBI;1502;150211;26/10/2022;LUKA RINGAN;JIWA;0
1359;15;JAMBI;1502;150211;26/10/2022;RUSAK TOTAL;UNIT;0
1360;15;JAMBI;1502;150211;26/10/2022;RUMAH RUSAK BERAT;UNIT;0
1361;15;JAMBI;1502;150211;26/10/2022;RUMAH RUSAK RINGAN;UNIT;0
1362;15;JAMBI;1502;150211;26/10/2022;TERGENANG;UNIT;0
1363;15;JAMBI;1502;150211;26/10/2022;TERENDAM;UNIT;0
1364;15;JAMBI;1502;150211;26/10/2022;KIOS;UNIT;0
1365;15;JAMBI;1502;150211;26/10/2022;BANGUNAN LAIN;UNIT;0
1366;15;JAMBI;1502;150211;26/10/2022;KEPALA KELUARGA;JIWA;0
1367;15;JAMBI;1502;150211;26/10/2022;JIWA;JIWA;0
1368;15;JAMBI;1502;150211;26/10/2022;SEKOLAH;UNIT;0
1369;15;JAMBI;1502;150211;26/10/2022;KANTOR;UNIT;0
1370;15;JAMBI;1502;150211;26/10/2022;TEMPAT IBADAH;JIWA;0
1371;15;JAMBI;1502;150211;26/10/2022;SARANA KESEHATAN;UNIT;0
1372;15;JAMBI;1502;150211;26/10/2022;PASAR;UNIT;0
1373;15;JAMBI;1502;150211;26/10/2022;JEMBATAN;UNIT;0
1374;15;JAMBI;1502;150211;26/10/2022;JALAN;TITIK;5
1375;15;JAMBI;1502;150211;26/10/2022;JALAN;KM;50
1376;15;JAMBI;1502;150211;26/10/2022;IRIGASI;HA;0
1377;15;JAMBI;1502;150211;26/10/2022;KEBUN;HEKTAR;0
1378;15;JAMBI;1502;150211;26/10/2022;KOLAM;HA;0
1379;15;JAMBI;1502;150211;26/10/2022;SAWAH;HA;0
1380;15;JAMBI;1502;150211;26/10/2022;LAHAN TIDUR;HEKTAR;0
1381;15;JAMBI;1502;150202;24/10/2022;MENINGGAL DUNIA;JIWA;0
1382;15;JAMBI;1502;150202;24/10/2022;LUKA BERAT;JIWA;0
1383;15;JAMBI;1502;150202;24/10/2022;LUKA RINGAN;JIWA;0
1384;15;JAMBI;1502;150202;24/10/2022;RUSAK TOTAL;UNIT;0
1385;15;JAMBI;1502;150202;24/10/2022;RUMAH RUSAK BERAT;UNIT;0
1386;15;JAMBI;1502;150202;24/10/2022;RUMAH RUSAK RINGAN;UNIT;1
1387;15;JAMBI;1502;150202;24/10/2022;TERGENANG;UNIT;0
1388;15;JAMBI;1502;150202;24/10/2022;TERENDAM;UNIT;0
1389;15;JAMBI;1502;150202;24/10/2022;KIOS;UNIT;0
1390;15;JAMBI;1502;150202;24/10/2022;BANGUNAN LAIN;UNIT;0
1391;15;JAMBI;1502;150202;24/10/2022;KEPALA KELUARGA;JIWA;0
1392;15;JAMBI;1502;150202;24/10/2022;JIWA;JIWA;0
1393;15;JAMBI;1502;150202;24/10/2022;SEKOLAH;UNIT;0
1394;15;JAMBI;1502;150202;24/10/2022;KANTOR;UNIT;0
1395;15;JAMBI;1502;150202;24/10/2022;TEMPAT IBADAH;JIWA;0
1396;15;JAMBI;1502;150202;24/10/2022;SARANA KESEHATAN;UNIT;0
1397;15;JAMBI;1502;150202;24/10/2022;PASAR;UNIT;0
1398;15;JAMBI;1502;150202;24/10/2022;JEMBATAN;UNIT;0
1399;15;JAMBI;1502;150202;24/10/2022;JALAN;TITIK;0
1400;15;JAMBI;1502;150202;24/10/2022;JALAN;KM;0
1401;15;JAMBI;1502;150202;24/10/2022;IRIGASI;HA;0
1402;15;JAMBI;1502;150202;24/10/2022;KEBUN;HEKTAR;0
1403;15;JAMBI;1502;150202;24/10/2022;KOLAM;HA;0
1404;15;JAMBI;1502;150202;24/10/2022;SAWAH;HA;0
1405;15;JAMBI;1502;150202;24/10/2022;LAHAN TIDUR;HEKTAR;0
1406;15;JAMBI;1502;150202;24/10/2022;MENINGGAL DUNIA;JIWA;0
1407;15;JAMBI;1502;150202;24/10/2022;LUKA BERAT;JIWA;0
1408;15;JAMBI;1502;150202;24/10/2022;LUKA RINGAN;JIWA;0
1409;15;JAMBI;1502;150202;24/10/2022;RUSAK TOTAL;UNIT;0
1410;15;JAMBI;1502;150202;24/10/2022;RUMAH RUSAK BERAT;UNIT;0
1411;15;JAMBI;1502;150202;24/10/2022;RUMAH RUSAK RINGAN;UNIT;0
1412;15;JAMBI;1502;150202;24/10/2022;TERGENANG;UNIT;0
1413;15;JAMBI;1502;150202;24/10/2022;TERENDAM;UNIT;0
1414;15;JAMBI;1502;150202;24/10/2022;KIOS;UNIT;0
1415;15;JAMBI;1502;150202;24/10/2022;BANGUNAN LAIN;UNIT;0
1416;15;JAMBI;1502;150202;24/10/2022;KEPALA KELUARGA;JIWA;0
1417;15;JAMBI;1502;150202;24/10/2022;JIWA;JIWA;0
1418;15;JAMBI;1502;150202;24/10/2022;SEKOLAH;UNIT;0
1419;15;JAMBI;1502;150202;24/10/2022;KANTOR;UNIT;0
1420;15;JAMBI;1502;150202;24/10/2022;TEMPAT IBADAH;JIWA;0
1421;15;JAMBI;1502;150202;24/10/2022;SARANA KESEHATAN;UNIT;0
1422;15;JAMBI;1502;150202;24/10/2022;PASAR;UNIT;0
1423;15;JAMBI;1502;150202;24/10/2022;JEMBATAN;UNIT;0
1424;15;JAMBI;1502;150202;24/10/2022;JALAN;TITIK;1
1425;15;JAMBI;1502;150202;24/10/2022;JALAN;KM;10
1426;15;JAMBI;1502;150202;24/10/2022;IRIGASI;HA;0
1427;15;JAMBI;1502;150202;24/10/2022;KEBUN;HEKTAR;0
1428;15;JAMBI;1502;150202;24/10/2022;KOLAM;HA;0
1429;15;JAMBI;1502;150202;24/10/2022;SAWAH;HA;0
1430;15;JAMBI;1502;150202;24/10/2022;LAHAN TIDUR;HEKTAR;0
1431;15;JAMBI;1502;150212;24/10/2022;MENINGGAL DUNIA;JIWA;0
1432;15;JAMBI;1502;150212;24/10/2022;LUKA BERAT;JIWA;0
1433;15;JAMBI;1502;150212;24/10/2022;LUKA RINGAN;JIWA;0
1434;15;JAMBI;1502;150212;24/10/2022;RUSAK TOTAL;UNIT;0
1435;15;JAMBI;1502;150212;24/10/2022;RUMAH RUSAK BERAT;UNIT;1
1436;15;JAMBI;1502;150212;24/10/2022;RUMAH RUSAK RINGAN;UNIT;0
1437;15;JAMBI;1502;150212;24/10/2022;TERGENANG;UNIT;0
1438;15;JAMBI;1502;150212;24/10/2022;TERENDAM;UNIT;0
1439;15;JAMBI;1502;150212;24/10/2022;KIOS;UNIT;0
1440;15;JAMBI;1502;150212;24/10/2022;BANGUNAN LAIN;UNIT;0
1441;15;JAMBI;1502;150212;24/10/2022;KEPALA KELUARGA;JIWA;0
1442;15;JAMBI;1502;150212;24/10/2022;JIWA;JIWA;0
1443;15;JAMBI;1502;150212;24/10/2022;SEKOLAH;UNIT;0
1444;15;JAMBI;1502;150212;24/10/2022;KANTOR;UNIT;0
1445;15;JAMBI;1502;150212;24/10/2022;TEMPAT IBADAH;JIWA;0
1446;15;JAMBI;1502;150212;24/10/2022;SARANA KESEHATAN;UNIT;0
1447;15;JAMBI;1502;150212;24/10/2022;PASAR;UNIT;0
1448;15;JAMBI;1502;150212;24/10/2022;JEMBATAN;UNIT;0
1449;15;JAMBI;1502;150212;24/10/2022;JALAN;TITIK;0
1450;15;JAMBI;1502;150212;24/10/2022;JALAN;KM;0
1451;15;JAMBI;1502;150212;24/10/2022;IRIGASI;HA;0
1452;15;JAMBI;1502;150212;24/10/2022;KEBUN;HEKTAR;0
1453;15;JAMBI;1502;150212;24/10/2022;KOLAM;HA;0
1454;15;JAMBI;1502;150212;24/10/2022;SAWAH;HA;0
1455;15;JAMBI;1502;150212;24/10/2022;LAHAN TIDUR;HEKTAR;0
1456;15;JAMBI;1502;150202;24/10/2022;MENINGGAL DUNIA;JIWA;0
1457;15;JAMBI;1502;150202;24/10/2022;LUKA BERAT;JIWA;0
1458;15;JAMBI;1502;150202;24/10/2022;LUKA RINGAN;JIWA;0
1459;15;JAMBI;1502;150202;24/10/2022;RUSAK TOTAL;UNIT;0
1460;15;JAMBI;1502;150202;24/10/2022;RUMAH RUSAK BERAT;UNIT;0
1461;15;JAMBI;1502;150202;24/10/2022;RUMAH RUSAK RINGAN;UNIT;0
1462;15;JAMBI;1502;150202;24/10/2022;TERGENANG;UNIT;0
1463;15;JAMBI;1502;150202;24/10/2022;TERENDAM;UNIT;0
1464;15;JAMBI;1502;150202;24/10/2022;KIOS;UNIT;0
1465;15;JAMBI;1502;150202;24/10/2022;BANGUNAN LAIN;UNIT;0
1466;15;JAMBI;1502;150202;24/10/2022;KEPALA KELUARGA;JIWA;0
1467;15;JAMBI;1502;150202;24/10/2022;JIWA;JIWA;0
1468;15;JAMBI;1502;150202;24/10/2022;SEKOLAH;UNIT;0
1469;15;JAMBI;1502;150202;24/10/2022;KANTOR;UNIT;0
1470;15;JAMBI;1502;150202;24/10/2022;TEMPAT IBADAH;JIWA;0
1471;15;JAMBI;1502;150202;24/10/2022;SARANA KESEHATAN;UNIT;0
1472;15;JAMBI;1502;150202;24/10/2022;PASAR;UNIT;0
1473;15;JAMBI;1502;150202;24/10/2022;JEMBATAN;UNIT;1
1474;15;JAMBI;1502;150202;24/10/2022;JALAN;TITIK;0
1475;15;JAMBI;1502;150202;24/10/2022;JALAN;KM;0
1476;15;JAMBI;1502;150202;24/10/2022;IRIGASI;HA;0
1477;15;JAMBI;1502;150202;24/10/2022;KEBUN;HEKTAR;0
1478;15;JAMBI;1502;150202;24/10/2022;KOLAM;HA;0
1479;15;JAMBI;1502;150202;24/10/2022;SAWAH;HA;0
1480;15;JAMBI;1502;150202;24/10/2022;LAHAN TIDUR;HEKTAR;0
1481;15;JAMBI;1502;150202;23/10/2022;MENINGGAL DUNIA;JIWA;0
1482;15;JAMBI;1502;150202;23/10/2022;LUKA BERAT;JIWA;0
1483;15;JAMBI;1502;150202;23/10/2022;LUKA RINGAN;JIWA;0
1484;15;JAMBI;1502;150202;23/10/2022;RUSAK TOTAL;UNIT;0
1485;15;JAMBI;1502;150202;23/10/2022;RUMAH RUSAK BERAT;UNIT;0
1486;15;JAMBI;1502;150202;23/10/2022;RUMAH RUSAK RINGAN;UNIT;0
1487;15;JAMBI;1502;150202;23/10/2022;TERGENANG;UNIT;0
1488;15;JAMBI;1502;150202;23/10/2022;TERENDAM;UNIT;0
1489;15;JAMBI;1502;150202;23/10/2022;KIOS;UNIT;0
1490;15;JAMBI;1502;150202;23/10/2022;BANGUNAN LAIN;UNIT;0
1491;15;JAMBI;1502;150202;23/10/2022;KEPALA KELUARGA;JIWA;46
1492;15;JAMBI;1502;150202;23/10/2022;JIWA;JIWA;116
1493;15;JAMBI;1502;150202;23/10/2022;SEKOLAH;UNIT;0
1494;15;JAMBI;1502;150202;23/10/2022;KANTOR;UNIT;0
1495;15;JAMBI;1502;150202;23/10/2022;TEMPAT IBADAH;JIWA;0
1496;15;JAMBI;1502;150202;23/10/2022;SARANA KESEHATAN;UNIT;0
1497;15;JAMBI;1502;150202;23/10/2022;PASAR;UNIT;0
1498;15;JAMBI;1502;150202;23/10/2022;JEMBATAN;UNIT;1
1499;15;JAMBI;1502;150202;23/10/2022;JALAN;TITIK;0
1500;15;JAMBI;1502;150202;23/10/2022;JALAN;KM;0
1501;15;JAMBI;1502;150202;23/10/2022;IRIGASI;HA;0
1502;15;JAMBI;1502;150202;23/10/2022;KEBUN;HEKTAR;0
1503;15;JAMBI;1502;150202;23/10/2022;KOLAM;HA;0
1504;15;JAMBI;1502;150202;23/10/2022;SAWAH;HA;0
1505;15;JAMBI;1502;150202;23/10/2022;LAHAN TIDUR;HEKTAR;0
1506;15;JAMBI;1503;150308;23/10/2022;MENINGGAL DUNIA;JIWA;0
1507;15;JAMBI;1503;150308;23/10/2022;LUKA BERAT;JIWA;0
1508;15;JAMBI;1503;150308;23/10/2022;LUKA RINGAN;JIWA;0
1509;15;JAMBI;1503;150308;23/10/2022;RUSAK TOTAL;UNIT;0
1510;15;JAMBI;1503;150308;23/10/2022;RUMAH RUSAK BERAT;UNIT;0
1511;15;JAMBI;1503;150308;23/10/2022;RUMAH RUSAK RINGAN;UNIT;0
1512;15;JAMBI;1503;150308;23/10/2022;TERGENANG;UNIT;0
1513;15;JAMBI;1503;150308;23/10/2022;TERENDAM;UNIT;0
1514;15;JAMBI;1503;150308;23/10/2022;KIOS;UNIT;0
1515;15;JAMBI;1503;150308;23/10/2022;BANGUNAN LAIN;UNIT;0
1516;15;JAMBI;1503;150308;23/10/2022;KEPALA KELUARGA;JIWA;0
1517;15;JAMBI;1503;150308;23/10/2022;JIWA;JIWA;0
1518;15;JAMBI;1503;150308;23/10/2022;SEKOLAH;UNIT;0
1519;15;JAMBI;1503;150308;23/10/2022;KANTOR;UNIT;0
1520;15;JAMBI;1503;150308;23/10/2022;TEMPAT IBADAH;JIWA;0
1521;15;JAMBI;1503;150308;23/10/2022;SARANA KESEHATAN;UNIT;0
1522;15;JAMBI;1503;150308;23/10/2022;PASAR;UNIT;0
1523;15;JAMBI;1503;150308;23/10/2022;JEMBATAN;UNIT;0
1524;15;JAMBI;1503;150308;23/10/2022;JALAN;TITIK;1
1525;15;JAMBI;1503;150308;23/10/2022;JALAN;KM;10
1526;15;JAMBI;1503;150308;23/10/2022;IRIGASI;HA;0
1527;15;JAMBI;1503;150308;23/10/2022;KEBUN;HEKTAR;0
1528;15;JAMBI;1503;150308;23/10/2022;KOLAM;HA;0
1529;15;JAMBI;1503;150308;23/10/2022;SAWAH;HA;0
1530;15;JAMBI;1503;150308;23/10/2022;LAHAN TIDUR;HEKTAR;0
1531;15;JAMBI;1502;150202;22/10/2022;MENINGGAL DUNIA;JIWA;0
1532;15;JAMBI;1502;150202;22/10/2022;LUKA BERAT;JIWA;0
1533;15;JAMBI;1502;150202;22/10/2022;LUKA RINGAN;JIWA;0
1534;15;JAMBI;1502;150202;22/10/2022;RUSAK TOTAL;UNIT;0
1535;15;JAMBI;1502;150202;22/10/2022;RUMAH RUSAK BERAT;UNIT;0
1536;15;JAMBI;1502;150202;22/10/2022;RUMAH RUSAK RINGAN;UNIT;0
1537;15;JAMBI;1502;150202;22/10/2022;TERGENANG;UNIT;0
1538;15;JAMBI;1502;150202;22/10/2022;TERENDAM;UNIT;0
1539;15;JAMBI;1502;150202;22/10/2022;KIOS;UNIT;0
1540;15;JAMBI;1502;150202;22/10/2022;BANGUNAN LAIN;UNIT;0
1541;15;JAMBI;1502;150202;22/10/2022;KEPALA KELUARGA;JIWA;40
1542;15;JAMBI;1502;150202;22/10/2022;JIWA;JIWA;102
1543;15;JAMBI;1502;150202;22/10/2022;SEKOLAH;UNIT;0
1544;15;JAMBI;1502;150202;22/10/2022;KANTOR;UNIT;0
1545;15;JAMBI;1502;150202;22/10/2022;TEMPAT IBADAH;JIWA;0
1546;15;JAMBI;1502;150202;22/10/2022;SARANA KESEHATAN;UNIT;0
1547;15;JAMBI;1502;150202;22/10/2022;PASAR;UNIT;0
1548;15;JAMBI;1502;150202;22/10/2022;JEMBATAN;UNIT;1
1549;15;JAMBI;1502;150202;22/10/2022;JALAN;TITIK;0
1550;15;JAMBI;1502;150202;22/10/2022;JALAN;KM;0
1551;15;JAMBI;1502;150202;22/10/2022;IRIGASI;HA;0
1552;15;JAMBI;1502;150202;22/10/2022;KEBUN;HEKTAR;0
1553;15;JAMBI;1502;150202;22/10/2022;KOLAM;HA;0
1554;15;JAMBI;1502;150202;22/10/2022;SAWAH;HA;0
1555;15;JAMBI;1502;150202;22/10/2022;LAHAN TIDUR;HEKTAR;0
1556;15;JAMBI;1502;150203;22/10/2022;MENINGGAL DUNIA;JIWA;0
1557;15;JAMBI;1502;150203;22/10/2022;LUKA BERAT;JIWA;0
1558;15;JAMBI;1502;150203;22/10/2022;LUKA RINGAN;JIWA;0
1559;15;JAMBI;1502;150203;22/10/2022;RUSAK TOTAL;UNIT;0
1560;15;JAMBI;1502;150203;22/10/2022;RUMAH RUSAK BERAT;UNIT;0
1561;15;JAMBI;1502;150203;22/10/2022;RUMAH RUSAK RINGAN;UNIT;0
1562;15;JAMBI;1502;150203;22/10/2022;TERGENANG;UNIT;0
1563;15;JAMBI;1502;150203;22/10/2022;TERENDAM;UNIT;0
1564;15;JAMBI;1502;150203;22/10/2022;KIOS;UNIT;0
1565;15;JAMBI;1502;150203;22/10/2022;BANGUNAN LAIN;UNIT;0
1566;15;JAMBI;1502;150203;22/10/2022;KEPALA KELUARGA;JIWA;0
1567;15;JAMBI;1502;150203;22/10/2022;JIWA;JIWA;0
1568;15;JAMBI;1502;150203;22/10/2022;SEKOLAH;UNIT;0
1569;15;JAMBI;1502;150203;22/10/2022;KANTOR;UNIT;0
1570;15;JAMBI;1502;150203;22/10/2022;TEMPAT IBADAH;JIWA;0
1571;15;JAMBI;1502;150203;22/10/2022;SARANA KESEHATAN;UNIT;0
1572;15;JAMBI;1502;150203;22/10/2022;PASAR;UNIT;0
1573;15;JAMBI;1502;150203;22/10/2022;JEMBATAN;UNIT;0
1574;15;JAMBI;1502;150203;22/10/2022;JALAN;TITIK;1
1575;15;JAMBI;1502;150203;22/10/2022;JALAN;KM;0
1576;15;JAMBI;1502;150203;22/10/2022;IRIGASI;HA;0
1577;15;JAMBI;1502;150203;22/10/2022;KEBUN;HEKTAR;0
1578;15;JAMBI;1502;150203;22/10/2022;KOLAM;HA;0
1579;15;JAMBI;1502;150203;22/10/2022;SAWAH;HA;0
1580;15;JAMBI;1502;150203;22/10/2022;LAHAN TIDUR;HEKTAR;0
1581;15;JAMBI;1508;150805;04/10/2022;MENINGGAL DUNIA;JIWA;0
1582;15;JAMBI;1508;150805;04/10/2022;LUKA BERAT;JIWA;0
1583;15;JAMBI;1508;150805;04/10/2022;LUKA RINGAN;JIWA;0
1584;15;JAMBI;1508;150805;04/10/2022;RUSAK TOTAL;UNIT;0
1585;15;JAMBI;1508;150805;04/10/2022;RUMAH RUSAK BERAT;UNIT;3
1586;15;JAMBI;1508;150805;04/10/2022;RUMAH RUSAK RINGAN;UNIT;0
1587;15;JAMBI;1508;150805;04/10/2022;TERGENANG;UNIT;0
1588;15;JAMBI;1508;150805;04/10/2022;TERENDAM;UNIT;0
1589;15;JAMBI;1508;150805;04/10/2022;KIOS;UNIT;0
1590;15;JAMBI;1508;150805;04/10/2022;BANGUNAN LAIN;UNIT;0
1591;15;JAMBI;1508;150805;04/10/2022;KEPALA KELUARGA;JIWA;3
1592;15;JAMBI;1508;150805;04/10/2022;JIWA;JIWA;12
1593;15;JAMBI;1508;150805;04/10/2022;SEKOLAH;UNIT;0
1594;15;JAMBI;1508;150805;04/10/2022;KANTOR;UNIT;0
1595;15;JAMBI;1508;150805;04/10/2022;TEMPAT IBADAH;JIWA;0
1596;15;JAMBI;1508;150805;04/10/2022;SARANA KESEHATAN;UNIT;0
1597;15;JAMBI;1508;150805;04/10/2022;PASAR;UNIT;0
1598;15;JAMBI;1508;150805;04/10/2022;JEMBATAN;UNIT;0
1599;15;JAMBI;1508;150805;04/10/2022;JALAN;TITIK;1
1600;15;JAMBI;1508;150805;04/10/2022;JALAN;KM;0
1601;15;JAMBI;1508;150805;04/10/2022;IRIGASI;HA;0
1602;15;JAMBI;1508;150805;04/10/2022;KEBUN;HEKTAR;0
1603;15;JAMBI;1508;150805;04/10/2022;KOLAM;HA;0
1604;15;JAMBI;1508;150805;04/10/2022;SAWAH;HA;0
1605;15;JAMBI;1508;150805;04/10/2022;LAHAN TIDUR;HEKTAR;0
1606;15;JAMBI;1505;150511;16/06/2022;MENINGGAL DUNIA;JIWA;0
1607;15;JAMBI;1505;150511;16/06/2022;LUKA BERAT;JIWA;0
1608;15;JAMBI;1505;150511;16/06/2022;LUKA RINGAN;JIWA;0
1609;15;JAMBI;1505;150511;16/06/2022;RUSAK TOTAL;UNIT;0
1610;15;JAMBI;1505;150511;16/06/2022;RUMAH RUSAK BERAT;UNIT;0
1611;15;JAMBI;1505;150511;16/06/2022;RUMAH RUSAK RINGAN;UNIT;0
1612;15;JAMBI;1505;150511;16/06/2022;TERGENANG;UNIT;0
1613;15;JAMBI;1505;150511;16/06/2022;TERENDAM;UNIT;0
1614;15;JAMBI;1505;150511;16/06/2022;KIOS;UNIT;0
1615;15;JAMBI;1505;150511;16/06/2022;BANGUNAN LAIN;UNIT;0
1616;15;JAMBI;1505;150511;16/06/2022;KEPALA KELUARGA;JIWA;0
1617;15;JAMBI;1505;150511;16/06/2022;JIWA;JIWA;0
1618;15;JAMBI;1505;150511;16/06/2022;SEKOLAH;UNIT;0
1619;15;JAMBI;1505;150511;16/06/2022;KANTOR;UNIT;0
1620;15;JAMBI;1505;150511;16/06/2022;TEMPAT IBADAH;JIWA;0
1621;15;JAMBI;1505;150511;16/06/2022;SARANA KESEHATAN;UNIT;0
1622;15;JAMBI;1505;150511;16/06/2022;PASAR;UNIT;0
1623;15;JAMBI;1505;150511;16/06/2022;JEMBATAN;UNIT;0
1624;15;JAMBI;1505;150511;16/06/2022;JALAN;TITIK;1
1625;15;JAMBI;1505;150511;16/06/2022;JALAN;KM;0
1626;15;JAMBI;1505;150511;16/06/2022;IRIGASI;HA;0
1627;15;JAMBI;1505;150511;16/06/2022;KEBUN;HEKTAR;0
1628;15;JAMBI;1505;150511;16/06/2022;KOLAM;HA;0
1629;15;JAMBI;1505;150511;16/06/2022;SAWAH;HA;0
1630;15;JAMBI;1505;150511;16/06/2022;LAHAN TIDUR;HEKTAR;0
1631;15;JAMBI;1501;150107;09/06/2022;MENINGGAL DUNIA;JIWA;0
1632;15;JAMBI;1501;150107;09/06/2022;LUKA BERAT;JIWA;0
1633;15;JAMBI;1501;150107;09/06/2022;LUKA RINGAN;JIWA;0
1634;15;JAMBI;1501;150107;09/06/2022;RUSAK TOTAL;UNIT;0
1635;15;JAMBI;1501;150107;09/06/2022;RUMAH RUSAK BERAT;UNIT;0
1636;15;JAMBI;1501;150107;09/06/2022;RUMAH RUSAK RINGAN;UNIT;0
1637;15;JAMBI;1501;150107;09/06/2022;TERGENANG;UNIT;0
1638;15;JAMBI;1501;150107;09/06/2022;TERENDAM;UNIT;0
1639;15;JAMBI;1501;150107;09/06/2022;KIOS;UNIT;0
1640;15;JAMBI;1501;150107;09/06/2022;BANGUNAN LAIN;UNIT;0
1641;15;JAMBI;1501;150107;09/06/2022;KEPALA KELUARGA;JIWA;0
1642;15;JAMBI;1501;150107;09/06/2022;JIWA;JIWA;0
1643;15;JAMBI;1501;150107;09/06/2022;SEKOLAH;UNIT;0
1644;15;JAMBI;1501;150107;09/06/2022;KANTOR;UNIT;0
1645;15;JAMBI;1501;150107;09/06/2022;TEMPAT IBADAH;JIWA;0
1646;15;JAMBI;1501;150107;09/06/2022;SARANA KESEHATAN;UNIT;0
1647;15;JAMBI;1501;150107;09/06/2022;PASAR;UNIT;0
1648;15;JAMBI;1501;150107;09/06/2022;JEMBATAN;UNIT;0
1649;15;JAMBI;1501;150107;09/06/2022;JALAN;TITIK;1
1650;15;JAMBI;1501;150107;09/06/2022;JALAN;KM;0
1651;15;JAMBI;1501;150107;09/06/2022;IRIGASI;HA;0
1652;15;JAMBI;1501;150107;09/06/2022;KEBUN;HEKTAR;0
1653;15;JAMBI;1501;150107;09/06/2022;KOLAM;HA;0
1654;15;JAMBI;1501;150107;09/06/2022;SAWAH;HA;0
1655;15;JAMBI;1501;150107;09/06/2022;LAHAN TIDUR;HEKTAR;0
1656;15;JAMBI;1504;150403;31/03/2022;MENINGGAL DUNIA;JIWA;0
1657;15;JAMBI;1504;150403;31/03/2022;LUKA BERAT;JIWA;0
1658;15;JAMBI;1504;150403;31/03/2022;LUKA RINGAN;JIWA;0
1659;15;JAMBI;1504;150403;31/03/2022;RUSAK TOTAL;UNIT;0
1660;15;JAMBI;1504;150403;31/03/2022;RUMAH RUSAK BERAT;UNIT;0
1661;15;JAMBI;1504;150403;31/03/2022;RUMAH RUSAK RINGAN;UNIT;1
1662;15;JAMBI;1504;150403;31/03/2022;TERGENANG;UNIT;0
1663;15;JAMBI;1504;150403;31/03/2022;TERENDAM;UNIT;0
1664;15;JAMBI;1504;150403;31/03/2022;KIOS;UNIT;0
1665;15;JAMBI;1504;150403;31/03/2022;BANGUNAN LAIN;UNIT;0
1666;15;JAMBI;1504;150403;31/03/2022;KEPALA KELUARGA;JIWA;3
1667;15;JAMBI;1504;150403;31/03/2022;JIWA;JIWA;12
1668;15;JAMBI;1504;150403;31/03/2022;SEKOLAH;UNIT;0
1669;15;JAMBI;1504;150403;31/03/2022;KANTOR;UNIT;0
1670;15;JAMBI;1504;150403;31/03/2022;TEMPAT IBADAH;JIWA;0
1671;15;JAMBI;1504;150403;31/03/2022;SARANA KESEHATAN;UNIT;0
1672;15;JAMBI;1504;150403;31/03/2022;PASAR;UNIT;0
1673;15;JAMBI;1504;150403;31/03/2022;JEMBATAN;UNIT;0
1674;15;JAMBI;1504;150403;31/03/2022;JALAN;TITIK;0
1675;15;JAMBI;1504;150403;31/03/2022;JALAN;KM;0
1676;15;JAMBI;1504;150403;31/03/2022;IRIGASI;HA;0
1677;15;JAMBI;1504;150403;31/03/2022;KEBUN;HEKTAR;0
1678;15;JAMBI;1504;150403;31/03/2022;KOLAM;HA;0
1679;15;JAMBI;1504;150403;31/03/2022;SAWAH;HA;0
1680;15;JAMBI;1504;150403;31/03/2022;LAHAN TIDUR;HEKTAR;0
1681;15;JAMBI;1504;150814;16/03/2022;MENINGGAL DUNIA;JIWA;0
1682;15;JAMBI;1504;150814;16/03/2022;LUKA BERAT;JIWA;0
1683;15;JAMBI;1504;150814;16/03/2022;LUKA RINGAN;JIWA;0
1684;15;JAMBI;1504;150814;16/03/2022;RUSAK TOTAL;UNIT;0
1685;15;JAMBI;1504;150814;16/03/2022;RUMAH RUSAK BERAT;UNIT;0
1686;15;JAMBI;1504;150814;16/03/2022;RUMAH RUSAK RINGAN;UNIT;0
1687;15;JAMBI;1504;150814;16/03/2022;TERGENANG;UNIT;0
1688;15;JAMBI;1504;150814;16/03/2022;TERENDAM;UNIT;0
1689;15;JAMBI;1504;150814;16/03/2022;KIOS;UNIT;0
1690;15;JAMBI;1504;150814;16/03/2022;BANGUNAN LAIN;UNIT;0
1691;15;JAMBI;1504;150814;16/03/2022;KEPALA KELUARGA;JIWA;0
1692;15;JAMBI;1504;150814;16/03/2022;JIWA;JIWA;0
1693;15;JAMBI;1504;150814;16/03/2022;SEKOLAH;UNIT;0
1694;15;JAMBI;1504;150814;16/03/2022;KANTOR;UNIT;0
1695;15;JAMBI;1504;150814;16/03/2022;TEMPAT IBADAH;JIWA;0
1696;15;JAMBI;1504;150814;16/03/2022;SARANA KESEHATAN;UNIT;0
1697;15;JAMBI;1504;150814;16/03/2022;PASAR;UNIT;0
1698;15;JAMBI;1504;150814;16/03/2022;JEMBATAN;UNIT;0
1699;15;JAMBI;1504;150814;16/03/2022;JALAN;TITIK;2
1700;15;JAMBI;1504;150814;16/03/2022;JALAN;KM;2
1701;15;JAMBI;1504;150814;16/03/2022;IRIGASI;HA;0
1702;15;JAMBI;1504;150814;16/03/2022;KEBUN;HEKTAR;0
1703;15;JAMBI;1504;150814;16/03/2022;KOLAM;HA;0
1704;15;JAMBI;1504;150814;16/03/2022;SAWAH;HA;0
1705;15;JAMBI;1504;150814;16/03/2022;LAHAN TIDUR;HEKTAR;0
1706;15;JAMBI;1502;150202;08/03/2022;MENINGGAL DUNIA;JIWA;0
1707;15;JAMBI;1502;150202;08/03/2022;LUKA BERAT;JIWA;0
1708;15;JAMBI;1502;150202;08/03/2022;LUKA RINGAN;JIWA;0
1709;15;JAMBI;1502;150202;08/03/2022;RUSAK TOTAL;UNIT;0
1710;15;JAMBI;1502;150202;08/03/2022;RUMAH RUSAK BERAT;UNIT;0
1711;15;JAMBI;1502;150202;08/03/2022;RUMAH RUSAK RINGAN;UNIT;0
1712;15;JAMBI;1502;150202;08/03/2022;TERGENANG;UNIT;0
1713;15;JAMBI;1502;150202;08/03/2022;TERENDAM;UNIT;0
1714;15;JAMBI;1502;150202;08/03/2022;KIOS;UNIT;0
1715;15;JAMBI;1502;150202;08/03/2022;BANGUNAN LAIN;UNIT;0
1716;15;JAMBI;1502;150202;08/03/2022;KEPALA KELUARGA;JIWA;0
1717;15;JAMBI;1502;150202;08/03/2022;JIWA;JIWA;0
1718;15;JAMBI;1502;150202;08/03/2022;SEKOLAH;UNIT;0
1719;15;JAMBI;1502;150202;08/03/2022;KANTOR;UNIT;0
1720;15;JAMBI;1502;150202;08/03/2022;TEMPAT IBADAH;JIWA;0
1721;15;JAMBI;1502;150202;08/03/2022;SARANA KESEHATAN;UNIT;0
1722;15;JAMBI;1502;150202;08/03/2022;PASAR;UNIT;0
1723;15;JAMBI;1502;150202;08/03/2022;JEMBATAN;UNIT;0
1724;15;JAMBI;1502;150202;08/03/2022;JALAN;TITIK;1
1725;15;JAMBI;1502;150202;08/03/2022;JALAN;KM;40
1726;15;JAMBI;1502;150202;08/03/2022;IRIGASI;HA;0
1727;15;JAMBI;1502;150202;08/03/2022;KEBUN;HEKTAR;0
1728;15;JAMBI;1502;150202;08/03/2022;KOLAM;HA;0
1729;15;JAMBI;1502;150202;08/03/2022;SAWAH;HA;0
1730;15;JAMBI;1502;150202;08/03/2022;LAHAN TIDUR;HEKTAR;0
1731;15;JAMBI;1502;150202;22/01/2022;MENINGGAL DUNIA;JIWA;0
1732;15;JAMBI;1502;150202;22/01/2022;LUKA BERAT;JIWA;0
1733;15;JAMBI;1502;150202;22/01/2022;LUKA RINGAN;JIWA;0
1734;15;JAMBI;1502;150202;22/01/2022;RUSAK TOTAL;UNIT;0
1735;15;JAMBI;1502;150202;22/01/2022;RUMAH RUSAK BERAT;UNIT;0
1736;15;JAMBI;1502;150202;22/01/2022;RUMAH RUSAK RINGAN;UNIT;0
1737;15;JAMBI;1502;150202;22/01/2022;TERGENANG;UNIT;0
1738;15;JAMBI;1502;150202;22/01/2022;TERENDAM;UNIT;0
1739;15;JAMBI;1502;150202;22/01/2022;KIOS;UNIT;0
1740;15;JAMBI;1502;150202;22/01/2022;BANGUNAN LAIN;UNIT;0
1741;15;JAMBI;1502;150202;22/01/2022;KEPALA KELUARGA;JIWA;0
1742;15;JAMBI;1502;150202;22/01/2022;JIWA;JIWA;0
1743;15;JAMBI;1502;150202;22/01/2022;SEKOLAH;UNIT;0
1744;15;JAMBI;1502;150202;22/01/2022;KANTOR;UNIT;0
1745;15;JAMBI;1502;150202;22/01/2022;TEMPAT IBADAH;JIWA;0
1746;15;JAMBI;1502;150202;22/01/2022;SARANA KESEHATAN;UNIT;0
1747;15;JAMBI;1502;150202;22/01/2022;PASAR;UNIT;0
1748;15;JAMBI;1502;150202;22/01/2022;JEMBATAN;UNIT;0
1749;15;JAMBI;1502;150202;22/01/2022;JALAN;TITIK;1
1750;15;JAMBI;1502;150202;22/01/2022;JALAN;KM;10
1751;15;JAMBI;1502;150202;22/01/2022;IRIGASI;HA;0
1752;15;JAMBI;1502;150202;22/01/2022;KEBUN;HEKTAR;0
1753;15;JAMBI;1502;150202;22/01/2022;KOLAM;HA;0
1754;15;JAMBI;1502;150202;22/01/2022;SAWAH;HA;0
1755;15;JAMBI;1502;150202;22/01/2022;LAHAN TIDUR;HEKTAR;0
1756;15;JAMBI;1508;150814;05/01/2022;MENINGGAL DUNIA;JIWA;0
1757;15;JAMBI;1508;150814;05/01/2022;LUKA BERAT;JIWA;0
1758;15;JAMBI;1508;150814;05/01/2022;LUKA RINGAN;JIWA;0
1759;15;JAMBI;1508;150814;05/01/2022;RUSAK TOTAL;UNIT;0
1760;15;JAMBI;1508;150814;05/01/2022;RUMAH RUSAK BERAT;UNIT;0
1761;15;JAMBI;1508;150814;05/01/2022;RUMAH RUSAK RINGAN;UNIT;0
1762;15;JAMBI;1508;150814;05/01/2022;TERGENANG;UNIT;0
1763;15;JAMBI;1508;150814;05/01/2022;TERENDAM;UNIT;0
1764;15;JAMBI;1508;150814;05/01/2022;KIOS;UNIT;0
1765;15;JAMBI;1508;150814;05/01/2022;BANGUNAN LAIN;UNIT;0
1766;15;JAMBI;1508;150814;05/01/2022;KEPALA KELUARGA;JIWA;0
1767;15;JAMBI;1508;150814;05/01/2022;JIWA;JIWA;0
1768;15;JAMBI;1508;150814;05/01/2022;SEKOLAH;UNIT;0
1769;15;JAMBI;1508;150814;05/01/2022;KANTOR;UNIT;0
1770;15;JAMBI;1508;150814;05/01/2022;TEMPAT IBADAH;JIWA;0
1771;15;JAMBI;1508;150814;05/01/2022;SARANA KESEHATAN;UNIT;0
1772;15;JAMBI;1508;150814;05/01/2022;PASAR;UNIT;0
1773;15;JAMBI;1508;150814;05/01/2022;JEMBATAN;UNIT;0
1774;15;JAMBI;1508;150814;05/01/2022;JALAN;TITIK;1
1775;15;JAMBI;1508;150814;05/01/2022;JALAN;KM;1,5
1776;15;JAMBI;1508;150814;05/01/2022;IRIGASI;HA;0
1777;15;JAMBI;1508;150814;05/01/2022;KEBUN;HEKTAR;0
1778;15;JAMBI;1508;150814;05/01/2022;KOLAM;HA;0
1779;15;JAMBI;1508;150814;05/01/2022;SAWAH;HA;0
1780;15;JAMBI;1508;150814;05/01/2022;LAHAN TIDUR;HEKTAR;0
1781;15;JAMBI;1508;150814;05/01/2022;MENINGGAL DUNIA;JIWA;0
1782;15;JAMBI;1508;150814;05/01/2022;LUKA BERAT;JIWA;0
1783;15;JAMBI;1508;150814;05/01/2022;LUKA RINGAN;JIWA;0
1784;15;JAMBI;1508;150814;05/01/2022;RUSAK TOTAL;UNIT;0
1785;15;JAMBI;1508;150814;05/01/2022;RUMAH RUSAK BERAT;UNIT;0
1786;15;JAMBI;1508;150814;05/01/2022;RUMAH RUSAK RINGAN;UNIT;0
1787;15;JAMBI;1508;150814;05/01/2022;TERGENANG;UNIT;0
1788;15;JAMBI;1508;150814;05/01/2022;TERENDAM;UNIT;0
1789;15;JAMBI;1508;150814;05/01/2022;KIOS;UNIT;0
1790;15;JAMBI;1508;150814;05/01/2022;BANGUNAN LAIN;UNIT;0
1791;15;JAMBI;1508;150814;05/01/2022;KEPALA KELUARGA;JIWA;0
1792;15;JAMBI;1508;150814;05/01/2022;JIWA;JIWA;0
1793;15;JAMBI;1508;150814;05/01/2022;SEKOLAH;UNIT;0
1794;15;JAMBI;1508;150814;05/01/2022;KANTOR;UNIT;0
1795;15;JAMBI;1508;150814;05/01/2022;TEMPAT IBADAH;JIWA;0
1796;15;JAMBI;1508;150814;05/01/2022;SARANA KESEHATAN;UNIT;0
1797;15;JAMBI;1508;150814;05/01/2022;PASAR;UNIT;0
1798;15;JAMBI;1508;150814;05/01/2022;JEMBATAN;UNIT;0
1799;15;JAMBI;1508;150814;05/01/2022;JALAN;TITIK;0
1800;15;JAMBI;1508;150814;05/01/2022;JALAN;KM;0
1801;15;JAMBI;1508;150814;05/01/2022;IRIGASI;HA;0
1802;15;JAMBI;1508;150814;05/01/2022;KEBUN;HEKTAR;0
1803;15;JAMBI;1508;150814;05/01/2022;KOLAM;HA;0
1804;15;JAMBI;1508;150814;05/01/2022;SAWAH;HA;0
1805;15;JAMBI;1508;150814;05/01/2022;LAHAN TIDUR;HEKTAR;0
1806;15;JAMBI;1508;150814;02/01/2022;MENINGGAL DUNIA;JIWA;0
1807;15;JAMBI;1508;150814;02/01/2022;LUKA BERAT;JIWA;0
1808;15;JAMBI;1508;150814;02/01/2022;LUKA RINGAN;JIWA;0
1809;15;JAMBI;1508;150814;02/01/2022;RUSAK TOTAL;UNIT;0
1810;15;JAMBI;1508;150814;02/01/2022;RUMAH RUSAK BERAT;UNIT;0
1811;15;JAMBI;1508;150814;02/01/2022;RUMAH RUSAK RINGAN;UNIT;0
1812;15;JAMBI;1508;150814;02/01/2022;TERGENANG;UNIT;0
1813;15;JAMBI;1508;150814;02/01/2022;TERENDAM;UNIT;0
1814;15;JAMBI;1508;150814;02/01/2022;KIOS;UNIT;0
1815;15;JAMBI;1508;150814;02/01/2022;BANGUNAN LAIN;UNIT;0
1816;15;JAMBI;1508;150814;02/01/2022;KEPALA KELUARGA;JIWA;0
1817;15;JAMBI;1508;150814;02/01/2022;JIWA;JIWA;0
1818;15;JAMBI;1508;150814;02/01/2022;SEKOLAH;UNIT;0
1819;15;JAMBI;1508;150814;02/01/2022;KANTOR;UNIT;0
1820;15;JAMBI;1508;150814;02/01/2022;TEMPAT IBADAH;JIWA;0
1821;15;JAMBI;1508;150814;02/01/2022;SARANA KESEHATAN;UNIT;0
1822;15;JAMBI;1508;150814;02/01/2022;PASAR;UNIT;0
1823;15;JAMBI;1508;150814;02/01/2022;JEMBATAN;UNIT;0
1824;15;JAMBI;1508;150814;02/01/2022;JALAN;TITIK;8
1825;15;JAMBI;1508;150814;02/01/2022;JALAN;KM;0
1826;15;JAMBI;1508;150814;02/01/2022;IRIGASI;HA;0
1827;15;JAMBI;1508;150814;02/01/2022;KEBUN;HEKTAR;0
1828;15;JAMBI;1508;150814;02/01/2022;KOLAM;HA;0
1829;15;JAMBI;1508;150814;02/01/2022;SAWAH;HA;0
1830;15;JAMBI;1508;150814;02/01/2022;LAHAN TIDUR;HEKTAR;0
1831;15;JAMBI;1508;150814;02/01/2022;MENINGGAL DUNIA;JIWA;0
1832;15;JAMBI;1508;150814;02/01/2022;LUKA BERAT;JIWA;0
1833;15;JAMBI;1508;150814;02/01/2022;LUKA RINGAN;JIWA;0
1834;15;JAMBI;1508;150814;02/01/2022;RUSAK TOTAL;UNIT;0
1835;15;JAMBI;1508;150814;02/01/2022;RUMAH RUSAK BERAT;UNIT;0
1836;15;JAMBI;1508;150814;02/01/2022;RUMAH RUSAK RINGAN;UNIT;0
1837;15;JAMBI;1508;150814;02/01/2022;TERGENANG;UNIT;0
1838;15;JAMBI;1508;150814;02/01/2022;TERENDAM;UNIT;0
1839;15;JAMBI;1508;150814;02/01/2022;KIOS;UNIT;0
1840;15;JAMBI;1508;150814;02/01/2022;BANGUNAN LAIN;UNIT;0
1841;15;JAMBI;1508;150814;02/01/2022;KEPALA KELUARGA;JIWA;0
1842;15;JAMBI;1508;150814;02/01/2022;JIWA;JIWA;0
1843;15;JAMBI;1508;150814;02/01/2022;SEKOLAH;UNIT;0
1844;15;JAMBI;1508;150814;02/01/2022;KANTOR;UNIT;0
1845;15;JAMBI;1508;150814;02/01/2022;TEMPAT IBADAH;JIWA;0
1846;15;JAMBI;1508;150814;02/01/2022;SARANA KESEHATAN;UNIT;0
1847;15;JAMBI;1508;150814;02/01/2022;PASAR;UNIT;0
1848;15;JAMBI;1508;150814;02/01/2022;JEMBATAN;UNIT;0
1849;15;JAMBI;1508;150814;02/01/2022;JALAN;TITIK;8
1850;15;JAMBI;1508;150814;02/01/2022;JALAN;KM;0
1851;15;JAMBI;1508;150814;02/01/2022;IRIGASI;HA;0
1852;15;JAMBI;1508;150814;02/01/2022;KEBUN;HEKTAR;0
1853;15;JAMBI;1508;150814;02/01/2022;KOLAM;HA;0
1854;15;JAMBI;1508;150814;02/01/2022;SAWAH;HA;0
1855;15;JAMBI;1508;150814;02/01/2022;LAHAN TIDUR;HEKTAR;0
1856;15;JAMBI;1508;150807;01/01/2022;MENINGGAL DUNIA;JIWA;0
1857;15;JAMBI;1508;150807;01/01/2022;LUKA BERAT;JIWA;0
1858;15;JAMBI;1508;150807;01/01/2022;LUKA RINGAN;JIWA;0
1859;15;JAMBI;1508;150807;01/01/2022;RUSAK TOTAL;UNIT;0
1860;15;JAMBI;1508;150807;01/01/2022;RUMAH RUSAK BERAT;UNIT;0
1861;15;JAMBI;1508;150807;01/01/2022;RUMAH RUSAK RINGAN;UNIT;0
1862;15;JAMBI;1508;150807;01/01/2022;TERGENANG;UNIT;0
1863;15;JAMBI;1508;150807;01/01/2022;TERENDAM;UNIT;0
1864;15;JAMBI;1508;150807;01/01/2022;KIOS;UNIT;0
1865;15;JAMBI;1508;150807;01/01/2022;BANGUNAN LAIN;UNIT;0
1866;15;JAMBI;1508;150807;01/01/2022;KEPALA KELUARGA;JIWA;0
1867;15;JAMBI;1508;150807;01/01/2022;JIWA;JIWA;0
1868;15;JAMBI;1508;150807;01/01/2022;SEKOLAH;UNIT;0
1869;15;JAMBI;1508;150807;01/01/2022;KANTOR;UNIT;0
1870;15;JAMBI;1508;150807;01/01/2022;TEMPAT IBADAH;JIWA;0
1871;15;JAMBI;1508;150807;01/01/2022;SARANA KESEHATAN;UNIT;0
1872;15;JAMBI;1508;150807;01/01/2022;PASAR;UNIT;0
1873;15;JAMBI;1508;150807;01/01/2022;JEMBATAN;UNIT;0
1874;15;JAMBI;1508;150807;01/01/2022;JALAN;TITIK;4
1875;15;JAMBI;1508;150807;01/01/2022;JALAN;KM;0
1876;15;JAMBI;1508;150807;01/01/2022;IRIGASI;HA;0
1877;15;JAMBI;1508;150807;01/01/2022;KEBUN;HEKTAR;0
1878;15;JAMBI;1508;150807;01/01/2022;KOLAM;HA;0
1879;15;JAMBI;1508;150807;01/01/2022;SAWAH;HA;0
1880;15;JAMBI;1508;150807;01/01/2022;LAHAN TIDUR;HEKTAR;0
1881;15;JAMBI;1508;150813;01/01/2022;MENINGGAL DUNIA;JIWA;0
1882;15;JAMBI;1508;150813;01/01/2022;LUKA BERAT;JIWA;0
1883;15;JAMBI;1508;150813;01/01/2022;LUKA RINGAN;JIWA;0
1884;15;JAMBI;1508;150813;01/01/2022;RUSAK TOTAL;UNIT;0
1885;15;JAMBI;1508;150813;01/01/2022;RUMAH RUSAK BERAT;UNIT;0
1886;15;JAMBI;1508;150813;01/01/2022;RUMAH RUSAK RINGAN;UNIT;0
1887;15;JAMBI;1508;150813;01/01/2022;TERGENANG;UNIT;0
1888;15;JAMBI;1508;150813;01/01/2022;TERENDAM;UNIT;0
1889;15;JAMBI;1508;150813;01/01/2022;KIOS;UNIT;0
1890;15;JAMBI;1508;150813;01/01/2022;BANGUNAN LAIN;UNIT;0
1891;15;JAMBI;1508;150813;01/01/2022;KEPALA KELUARGA;JIWA;0
1892;15;JAMBI;1508;150813;01/01/2022;JIWA;JIWA;0
1893;15;JAMBI;1508;150813;01/01/2022;SEKOLAH;UNIT;0
1894;15;JAMBI;1508;150813;01/01/2022;KANTOR;UNIT;0
1895;15;JAMBI;1508;150813;01/01/2022;TEMPAT IBADAH;JIWA;0
1896;15;JAMBI;1508;150813;01/01/2022;SARANA KESEHATAN;UNIT;0
1897;15;JAMBI;1508;150813;01/01/2022;PASAR;UNIT;0
1898;15;JAMBI;1508;150813;01/01/2022;JEMBATAN;UNIT;0
1899;15;JAMBI;1508;150813;01/01/2022;JALAN;TITIK;4
1900;15;JAMBI;1508;150813;01/01/2022;JALAN;KM;0
1901;15;JAMBI;1508;150813;01/01/2022;IRIGASI;HA;0
1902;15;JAMBI;1508;150813;01/01/2022;KEBUN;HEKTAR;0
1903;15;JAMBI;1508;150813;01/01/2022;KOLAM;HA;0
1904;15;JAMBI;1508;150813;01/01/2022;SAWAH;HA;0
1905;15;JAMBI;1508;150813;01/01/2022;LAHAN TIDUR;HEKTAR;0
