id;kode_provinsi;nama_provinsi;kode_kabupaten_kota;kode_kecamatan;data_pokok;satuan;tahun_ajaran;status;bidang_pendidikan;jumlah
1;15;JAMBI;1504;150407;DATA SEKOLAH;UNIT;2023/2024 GENAP;NEGERI;TK;1
2;15;JAMBI;1504;150407;DATA SEKOLAH;UNIT;2023/2024 GENAP;NEGERI;KB;0
3;15;JAMBI;1504;150407;DATA SEKOLAH;UNIT;2023/2024 GENAP;NEGERI;TPA;0
4;15;JAMBI;1504;150407;DATA SEKOLAH;UNIT;2023/2024 GENAP;NEGERI;SPS;0
5;15;JAMBI;1504;150407;DATA SEKOLAH;UNIT;2023/2024 GENAP;NEGERI;PKBM;0
6;15;JAMBI;1504;150407;DATA SEKOLAH;UNIT;2023/2024 GENAP;NEGERI;SKB;0
7;15;JAMBI;1504;150407;DATA SEKOLAH;UNIT;2023/2024 GENAP;NEGERI;SD;28
8;15;JAMBI;1504;150407;DATA SEKOLAH;UNIT;2023/2024 GENAP;NEGERI;SMP;7
9;15;JAMBI;1504;150407;DATA SEKOLAH;UNIT;2023/2024 GENAP;NEGERI;SMA;1
10;15;JAMBI;1504;150407;DATA SEKOLAH;UNIT;2023/2024 GENAP;NEGERI;SMK;1
11;15;JAMBI;1504;150407;DATA SEKOLAH;UNIT;2023/2024 GENAP;NEGERI;SLB;0
12;15;JAMBI;1504;150404;DATA SEKOLAH;UNIT;2023/2024 GENAP;NEGERI;TK;4
13;15;JAMBI;1504;150404;DATA SEKOLAH;UNIT;2023/2024 GENAP;NEGERI;KB;0
14;15;JAMBI;1504;150404;DATA SEKOLAH;UNIT;2023/2024 GENAP;NEGERI;TPA;0
15;15;JAMBI;1504;150404;DATA SEKOLAH;UNIT;2023/2024 GENAP;NEGERI;SPS;0
16;15;JAMBI;1504;150404;DATA SEKOLAH;UNIT;2023/2024 GENAP;NEGERI;PKBM;0
17;15;JAMBI;1504;150404;DATA SEKOLAH;UNIT;2023/2024 GENAP;NEGERI;SKB;0
18;15;JAMBI;1504;150404;DATA SEKOLAH;UNIT;2023/2024 GENAP;NEGERI;SD;31
19;15;JAMBI;1504;150404;DATA SEKOLAH;UNIT;2023/2024 GENAP;NEGERI;SMP;8
20;15;JAMBI;1504;150404;DATA SEKOLAH;UNIT;2023/2024 GENAP;NEGERI;SMA;2
21;15;JAMBI;1504;150404;DATA SEKOLAH;UNIT;2023/2024 GENAP;NEGERI;SMK;1
22;15;JAMBI;1504;150404;DATA SEKOLAH;UNIT;2023/2024 GENAP;NEGERI;SLB;0
23;15;JAMBI;1504;150408;DATA SEKOLAH;UNIT;2023/2024 GENAP;NEGERI;TK;1
24;15;JAMBI;1504;150408;DATA SEKOLAH;UNIT;2023/2024 GENAP;NEGERI;KB;0
25;15;JAMBI;1504;150408;DATA SEKOLAH;UNIT;2023/2024 GENAP;NEGERI;TPA;0
26;15;JAMBI;1504;150408;DATA SEKOLAH;UNIT;2023/2024 GENAP;NEGERI;SPS;0
27;15;JAMBI;1504;150408;DATA SEKOLAH;UNIT;2023/2024 GENAP;NEGERI;PKBM;0
28;15;JAMBI;1504;150408;DATA SEKOLAH;UNIT;2023/2024 GENAP;NEGERI;SKB;0
29;15;JAMBI;1504;150408;DATA SEKOLAH;UNIT;2023/2024 GENAP;NEGERI;SD;10
30;15;JAMBI;1504;150408;DATA SEKOLAH;UNIT;2023/2024 GENAP;NEGERI;SMP;5
31;15;JAMBI;1504;150408;DATA SEKOLAH;UNIT;2023/2024 GENAP;NEGERI;SMA;1
32;15;JAMBI;1504;150408;DATA SEKOLAH;UNIT;2023/2024 GENAP;NEGERI;SMK;1
33;15;JAMBI;1504;150408;DATA SEKOLAH;UNIT;2023/2024 GENAP;NEGERI;SLB;0
34;15;JAMBI;1504;150406;DATA SEKOLAH;UNIT;2023/2024 GENAP;NEGERI;TK;1
35;15;JAMBI;1504;150406;DATA SEKOLAH;UNIT;2023/2024 GENAP;NEGERI;KB;0
36;15;JAMBI;1504;150406;DATA SEKOLAH;UNIT;2023/2024 GENAP;NEGERI;TPA;0
37;15;JAMBI;1504;150406;DATA SEKOLAH;UNIT;2023/2024 GENAP;NEGERI;SPS;0
38;15;JAMBI;1504;150406;DATA SEKOLAH;UNIT;2023/2024 GENAP;NEGERI;PKBM;0
39;15;JAMBI;1504;150406;DATA SEKOLAH;UNIT;2023/2024 GENAP;NEGERI;SKB;0
40;15;JAMBI;1504;150406;DATA SEKOLAH;UNIT;2023/2024 GENAP;NEGERI;SD;24
41;15;JAMBI;1504;150406;DATA SEKOLAH;UNIT;2023/2024 GENAP;NEGERI;SMP;6
42;15;JAMBI;1504;150406;DATA SEKOLAH;UNIT;2023/2024 GENAP;NEGERI;SMA;1
43;15;JAMBI;1504;150406;DATA SEKOLAH;UNIT;2023/2024 GENAP;NEGERI;SMK;1
44;15;JAMBI;1504;150406;DATA SEKOLAH;UNIT;2023/2024 GENAP;NEGERI;SLB;0
45;15;JAMBI;1504;150401;DATA SEKOLAH;UNIT;2023/2024 GENAP;NEGERI;TK;1
46;15;JAMBI;1504;150401;DATA SEKOLAH;UNIT;2023/2024 GENAP;NEGERI;KB;0
47;15;JAMBI;1504;150401;DATA SEKOLAH;UNIT;2023/2024 GENAP;NEGERI;TPA;0
48;15;JAMBI;1504;150401;DATA SEKOLAH;UNIT;2023/2024 GENAP;NEGERI;SPS;0
49;15;JAMBI;1504;150401;DATA SEKOLAH;UNIT;2023/2024 GENAP;NEGERI;PKBM;0
50;15;JAMBI;1504;150401;DATA SEKOLAH;UNIT;2023/2024 GENAP;NEGERI;SKB;0
51;15;JAMBI;1504;150401;DATA SEKOLAH;UNIT;2023/2024 GENAP;NEGERI;SD;23
52;15;JAMBI;1504;150401;DATA SEKOLAH;UNIT;2023/2024 GENAP;NEGERI;SMP;3
53;15;JAMBI;1504;150401;DATA SEKOLAH;UNIT;2023/2024 GENAP;NEGERI;SMA;1
54;15;JAMBI;1504;150401;DATA SEKOLAH;UNIT;2023/2024 GENAP;NEGERI;SMK;1
55;15;JAMBI;1504;150401;DATA SEKOLAH;UNIT;2023/2024 GENAP;NEGERI;SLB;0
56;15;JAMBI;1504;150403;DATA SEKOLAH;UNIT;2023/2024 GENAP;NEGERI;TK;3
57;15;JAMBI;1504;150403;DATA SEKOLAH;UNIT;2023/2024 GENAP;NEGERI;KB;0
58;15;JAMBI;1504;150403;DATA SEKOLAH;UNIT;2023/2024 GENAP;NEGERI;TPA;0
59;15;JAMBI;1504;150403;DATA SEKOLAH;UNIT;2023/2024 GENAP;NEGERI;SPS;0
60;15;JAMBI;1504;150403;DATA SEKOLAH;UNIT;2023/2024 GENAP;NEGERI;PKBM;0
61;15;JAMBI;1504;150403;DATA SEKOLAH;UNIT;2023/2024 GENAP;NEGERI;SKB;1
62;15;JAMBI;1504;150403;DATA SEKOLAH;UNIT;2023/2024 GENAP;NEGERI;SD;36
63;15;JAMBI;1504;150403;DATA SEKOLAH;UNIT;2023/2024 GENAP;NEGERI;SMP;7
64;15;JAMBI;1504;150403;DATA SEKOLAH;UNIT;2023/2024 GENAP;NEGERI;SMA;3
65;15;JAMBI;1504;150403;DATA SEKOLAH;UNIT;2023/2024 GENAP;NEGERI;SMK;3
66;15;JAMBI;1504;150403;DATA SEKOLAH;UNIT;2023/2024 GENAP;NEGERI;SLB;1
67;15;JAMBI;1504;150402;DATA SEKOLAH;UNIT;2023/2024 GENAP;NEGERI;TK;3
68;15;JAMBI;1504;150402;DATA SEKOLAH;UNIT;2023/2024 GENAP;NEGERI;KB;0
69;15;JAMBI;1504;150402;DATA SEKOLAH;UNIT;2023/2024 GENAP;NEGERI;TPA;0
70;15;JAMBI;1504;150402;DATA SEKOLAH;UNIT;2023/2024 GENAP;NEGERI;SPS;0
71;15;JAMBI;1504;150402;DATA SEKOLAH;UNIT;2023/2024 GENAP;NEGERI;PKBM;0
72;15;JAMBI;1504;150402;DATA SEKOLAH;UNIT;2023/2024 GENAP;NEGERI;SKB;0
73;15;JAMBI;1504;150402;DATA SEKOLAH;UNIT;2023/2024 GENAP;NEGERI;SD;25
74;15;JAMBI;1504;150402;DATA SEKOLAH;UNIT;2023/2024 GENAP;NEGERI;SMP;4
75;15;JAMBI;1504;150402;DATA SEKOLAH;UNIT;2023/2024 GENAP;NEGERI;SMA;1
76;15;JAMBI;1504;150402;DATA SEKOLAH;UNIT;2023/2024 GENAP;NEGERI;SMK;1
77;15;JAMBI;1504;150402;DATA SEKOLAH;UNIT;2023/2024 GENAP;NEGERI;SLB;0
78;15;JAMBI;1504;150405;DATA SEKOLAH;UNIT;2023/2024 GENAP;NEGERI;TK;1
79;15;JAMBI;1504;150405;DATA SEKOLAH;UNIT;2023/2024 GENAP;NEGERI;KB;0
80;15;JAMBI;1504;150405;DATA SEKOLAH;UNIT;2023/2024 GENAP;NEGERI;TPA;0
81;15;JAMBI;1504;150405;DATA SEKOLAH;UNIT;2023/2024 GENAP;NEGERI;SPS;0
82;15;JAMBI;1504;150405;DATA SEKOLAH;UNIT;2023/2024 GENAP;NEGERI;PKBM;0
83;15;JAMBI;1504;150405;DATA SEKOLAH;UNIT;2023/2024 GENAP;NEGERI;SKB;0
84;15;JAMBI;1504;150405;DATA SEKOLAH;UNIT;2023/2024 GENAP;NEGERI;SD;27
85;15;JAMBI;1504;150405;DATA SEKOLAH;UNIT;2023/2024 GENAP;NEGERI;SMP;6
86;15;JAMBI;1504;150405;DATA SEKOLAH;UNIT;2023/2024 GENAP;NEGERI;SMA;1
87;15;JAMBI;1504;150405;DATA SEKOLAH;UNIT;2023/2024 GENAP;NEGERI;SMK;1
88;15;JAMBI;1504;150405;DATA SEKOLAH;UNIT;2023/2024 GENAP;NEGERI;SLB;0
89;15;JAMBI;1504;150407;DATA SEKOLAH;UNIT;2023/2024 GENAP;SWASTA;TK;17
90;15;JAMBI;1504;150407;DATA SEKOLAH;UNIT;2023/2024 GENAP;SWASTA;KB;28
91;15;JAMBI;1504;150407;DATA SEKOLAH;UNIT;2023/2024 GENAP;SWASTA;TPA;0
92;15;JAMBI;1504;150407;DATA SEKOLAH;UNIT;2023/2024 GENAP;SWASTA;SPS;1
93;15;JAMBI;1504;150407;DATA SEKOLAH;UNIT;2023/2024 GENAP;SWASTA;PKBM;1
94;15;JAMBI;1504;150407;DATA SEKOLAH;UNIT;2023/2024 GENAP;SWASTA;SKB;0
95;15;JAMBI;1504;150407;DATA SEKOLAH;UNIT;2023/2024 GENAP;SWASTA;SD;3
96;15;JAMBI;1504;150407;DATA SEKOLAH;UNIT;2023/2024 GENAP;SWASTA;SMP;1
97;15;JAMBI;1504;150407;DATA SEKOLAH;UNIT;2023/2024 GENAP;SWASTA;SMA;0
98;15;JAMBI;1504;150407;DATA SEKOLAH;UNIT;2023/2024 GENAP;SWASTA;SMK;0
99;15;JAMBI;1504;150407;DATA SEKOLAH;UNIT;2023/2024 GENAP;SWASTA;SLB;0
100;15;JAMBI;1504;150404;DATA SEKOLAH;UNIT;2023/2024 GENAP;SWASTA;TK;13
101;15;JAMBI;1504;150404;DATA SEKOLAH;UNIT;2023/2024 GENAP;SWASTA;KB;21
102;15;JAMBI;1504;150404;DATA SEKOLAH;UNIT;2023/2024 GENAP;SWASTA;TPA;0
103;15;JAMBI;1504;150404;DATA SEKOLAH;UNIT;2023/2024 GENAP;SWASTA;SPS;0
104;15;JAMBI;1504;150404;DATA SEKOLAH;UNIT;2023/2024 GENAP;SWASTA;PKBM;2
105;15;JAMBI;1504;150404;DATA SEKOLAH;UNIT;2023/2024 GENAP;SWASTA;SKB;0
106;15;JAMBI;1504;150404;DATA SEKOLAH;UNIT;2023/2024 GENAP;SWASTA;SD;0
107;15;JAMBI;1504;150404;DATA SEKOLAH;UNIT;2023/2024 GENAP;SWASTA;SMP;0
108;15;JAMBI;1504;150404;DATA SEKOLAH;UNIT;2023/2024 GENAP;SWASTA;SMA;0
109;15;JAMBI;1504;150404;DATA SEKOLAH;UNIT;2023/2024 GENAP;SWASTA;SMK;0
110;15;JAMBI;1504;150404;DATA SEKOLAH;UNIT;2023/2024 GENAP;SWASTA;SLB;0
111;15;JAMBI;1504;150408;DATA SEKOLAH;UNIT;2023/2024 GENAP;SWASTA;TK;9
112;15;JAMBI;1504;150408;DATA SEKOLAH;UNIT;2023/2024 GENAP;SWASTA;KB;10
113;15;JAMBI;1504;150408;DATA SEKOLAH;UNIT;2023/2024 GENAP;SWASTA;TPA;1
114;15;JAMBI;1504;150408;DATA SEKOLAH;UNIT;2023/2024 GENAP;SWASTA;SPS;0
115;15;JAMBI;1504;150408;DATA SEKOLAH;UNIT;2023/2024 GENAP;SWASTA;PKBM;0
116;15;JAMBI;1504;150408;DATA SEKOLAH;UNIT;2023/2024 GENAP;SWASTA;SKB;0
117;15;JAMBI;1504;150408;DATA SEKOLAH;UNIT;2023/2024 GENAP;SWASTA;SD;1
118;15;JAMBI;1504;150408;DATA SEKOLAH;UNIT;2023/2024 GENAP;SWASTA;SMP;0
119;15;JAMBI;1504;150408;DATA SEKOLAH;UNIT;2023/2024 GENAP;SWASTA;SMA;0
120;15;JAMBI;1504;150408;DATA SEKOLAH;UNIT;2023/2024 GENAP;SWASTA;SMK;0
121;15;JAMBI;1504;150408;DATA SEKOLAH;UNIT;2023/2024 GENAP;SWASTA;SLB;0
122;15;JAMBI;1504;150406;DATA SEKOLAH;UNIT;2023/2024 GENAP;SWASTA;TK;22
123;15;JAMBI;1504;150406;DATA SEKOLAH;UNIT;2023/2024 GENAP;SWASTA;KB;21
124;15;JAMBI;1504;150406;DATA SEKOLAH;UNIT;2023/2024 GENAP;SWASTA;TPA;0
125;15;JAMBI;1504;150406;DATA SEKOLAH;UNIT;2023/2024 GENAP;SWASTA;SPS;1
126;15;JAMBI;1504;150406;DATA SEKOLAH;UNIT;2023/2024 GENAP;SWASTA;PKBM;2
127;15;JAMBI;1504;150406;DATA SEKOLAH;UNIT;2023/2024 GENAP;SWASTA;SKB;0
128;15;JAMBI;1504;150406;DATA SEKOLAH;UNIT;2023/2024 GENAP;SWASTA;SD;1
129;15;JAMBI;1504;150406;DATA SEKOLAH;UNIT;2023/2024 GENAP;SWASTA;SMP;0
130;15;JAMBI;1504;150406;DATA SEKOLAH;UNIT;2023/2024 GENAP;SWASTA;SMA;0
131;15;JAMBI;1504;150406;DATA SEKOLAH;UNIT;2023/2024 GENAP;SWASTA;SMK;0
132;15;JAMBI;1504;150406;DATA SEKOLAH;UNIT;2023/2024 GENAP;SWASTA;SLB;0
133;15;JAMBI;1504;150401;DATA SEKOLAH;UNIT;2023/2024 GENAP;SWASTA;TK;17
134;15;JAMBI;1504;150401;DATA SEKOLAH;UNIT;2023/2024 GENAP;SWASTA;KB;24
135;15;JAMBI;1504;150401;DATA SEKOLAH;UNIT;2023/2024 GENAP;SWASTA;TPA;0
136;15;JAMBI;1504;150401;DATA SEKOLAH;UNIT;2023/2024 GENAP;SWASTA;SPS;0
137;15;JAMBI;1504;150401;DATA SEKOLAH;UNIT;2023/2024 GENAP;SWASTA;PKBM;2
138;15;JAMBI;1504;150401;DATA SEKOLAH;UNIT;2023/2024 GENAP;SWASTA;SKB;0
139;15;JAMBI;1504;150401;DATA SEKOLAH;UNIT;2023/2024 GENAP;SWASTA;SD;0
140;15;JAMBI;1504;150401;DATA SEKOLAH;UNIT;2023/2024 GENAP;SWASTA;SMP;3
141;15;JAMBI;1504;150401;DATA SEKOLAH;UNIT;2023/2024 GENAP;SWASTA;SMA;0
142;15;JAMBI;1504;150401;DATA SEKOLAH;UNIT;2023/2024 GENAP;SWASTA;SMK;0
143;15;JAMBI;1504;150401;DATA SEKOLAH;UNIT;2023/2024 GENAP;SWASTA;SLB;0
144;15;JAMBI;1504;150403;DATA SEKOLAH;UNIT;2023/2024 GENAP;SWASTA;TK;33
145;15;JAMBI;1504;150403;DATA SEKOLAH;UNIT;2023/2024 GENAP;SWASTA;KB;34
146;15;JAMBI;1504;150403;DATA SEKOLAH;UNIT;2023/2024 GENAP;SWASTA;TPA;1
147;15;JAMBI;1504;150403;DATA SEKOLAH;UNIT;2023/2024 GENAP;SWASTA;SPS;4
148;15;JAMBI;1504;150403;DATA SEKOLAH;UNIT;2023/2024 GENAP;SWASTA;PKBM;9
149;15;JAMBI;1504;150403;DATA SEKOLAH;UNIT;2023/2024 GENAP;SWASTA;SKB;0
150;15;JAMBI;1504;150403;DATA SEKOLAH;UNIT;2023/2024 GENAP;SWASTA;SD;4
151;15;JAMBI;1504;150403;DATA SEKOLAH;UNIT;2023/2024 GENAP;SWASTA;SMP;7
152;15;JAMBI;1504;150403;DATA SEKOLAH;UNIT;2023/2024 GENAP;SWASTA;SMA;5
153;15;JAMBI;1504;150403;DATA SEKOLAH;UNIT;2023/2024 GENAP;SWASTA;SMK;2
154;15;JAMBI;1504;150403;DATA SEKOLAH;UNIT;2023/2024 GENAP;SWASTA;SLB;0
155;15;JAMBI;1504;150402;DATA SEKOLAH;UNIT;2023/2024 GENAP;SWASTA;TK;17
156;15;JAMBI;1504;150402;DATA SEKOLAH;UNIT;2023/2024 GENAP;SWASTA;KB;25
157;15;JAMBI;1504;150402;DATA SEKOLAH;UNIT;2023/2024 GENAP;SWASTA;TPA;1
158;15;JAMBI;1504;150402;DATA SEKOLAH;UNIT;2023/2024 GENAP;SWASTA;SPS;5
159;15;JAMBI;1504;150402;DATA SEKOLAH;UNIT;2023/2024 GENAP;SWASTA;PKBM;3
160;15;JAMBI;1504;150402;DATA SEKOLAH;UNIT;2023/2024 GENAP;SWASTA;SKB;0
161;15;JAMBI;1504;150402;DATA SEKOLAH;UNIT;2023/2024 GENAP;SWASTA;SD;2
162;15;JAMBI;1504;150402;DATA SEKOLAH;UNIT;2023/2024 GENAP;SWASTA;SMP;2
163;15;JAMBI;1504;150402;DATA SEKOLAH;UNIT;2023/2024 GENAP;SWASTA;SMA;1
164;15;JAMBI;1504;150402;DATA SEKOLAH;UNIT;2023/2024 GENAP;SWASTA;SMK;0
165;15;JAMBI;1504;150402;DATA SEKOLAH;UNIT;2023/2024 GENAP;SWASTA;SLB;0
166;15;JAMBI;1504;150405;DATA SEKOLAH;UNIT;2023/2024 GENAP;SWASTA;TK;24
167;15;JAMBI;1504;150405;DATA SEKOLAH;UNIT;2023/2024 GENAP;SWASTA;KB;21
168;15;JAMBI;1504;150405;DATA SEKOLAH;UNIT;2023/2024 GENAP;SWASTA;TPA;0
169;15;JAMBI;1504;150405;DATA SEKOLAH;UNIT;2023/2024 GENAP;SWASTA;SPS;0
170;15;JAMBI;1504;150405;DATA SEKOLAH;UNIT;2023/2024 GENAP;SWASTA;PKBM;3
171;15;JAMBI;1504;150405;DATA SEKOLAH;UNIT;2023/2024 GENAP;SWASTA;SKB;0
172;15;JAMBI;1504;150405;DATA SEKOLAH;UNIT;2023/2024 GENAP;SWASTA;SD;1
173;15;JAMBI;1504;150405;DATA SEKOLAH;UNIT;2023/2024 GENAP;SWASTA;SMP;3
174;15;JAMBI;1504;150405;DATA SEKOLAH;UNIT;2023/2024 GENAP;SWASTA;SMA;2
175;15;JAMBI;1504;150405;DATA SEKOLAH;UNIT;2023/2024 GENAP;SWASTA;SMK;0
176;15;JAMBI;1504;150405;DATA SEKOLAH;UNIT;2023/2024 GENAP;SWASTA;SLB;0
177;15;JAMBI;1508;150815;DATA SEKOLAH;UNIT;2023/2024 GENAP;NEGERI;TK;0
178;15;JAMBI;1508;150815;DATA SEKOLAH;UNIT;2023/2024 GENAP;NEGERI;KB;0
179;15;JAMBI;1508;150815;DATA SEKOLAH;UNIT;2023/2024 GENAP;NEGERI;TPA;0
180;15;JAMBI;1508;150815;DATA SEKOLAH;UNIT;2023/2024 GENAP;NEGERI;SPS;0
181;15;JAMBI;1508;150815;DATA SEKOLAH;UNIT;2023/2024 GENAP;NEGERI;PKBM;0
182;15;JAMBI;1508;150815;DATA SEKOLAH;UNIT;2023/2024 GENAP;NEGERI;SKB;0
183;15;JAMBI;1508;150815;DATA SEKOLAH;UNIT;2023/2024 GENAP;NEGERI;SD;8
184;15;JAMBI;1508;150815;DATA SEKOLAH;UNIT;2023/2024 GENAP;NEGERI;SMP;2
185;15;JAMBI;1508;150815;DATA SEKOLAH;UNIT;2023/2024 GENAP;NEGERI;SMA;1
186;15;JAMBI;1508;150815;DATA SEKOLAH;UNIT;2023/2024 GENAP;NEGERI;SMK;0
187;15;JAMBI;1508;150815;DATA SEKOLAH;UNIT;2023/2024 GENAP;NEGERI;SLB;0
188;15;JAMBI;1508;150811;DATA SEKOLAH;UNIT;2023/2024 GENAP;NEGERI;TK;0
189;15;JAMBI;1508;150811;DATA SEKOLAH;UNIT;2023/2024 GENAP;NEGERI;KB;0
190;15;JAMBI;1508;150811;DATA SEKOLAH;UNIT;2023/2024 GENAP;NEGERI;TPA;0
191;15;JAMBI;1508;150811;DATA SEKOLAH;UNIT;2023/2024 GENAP;NEGERI;SPS;0
192;15;JAMBI;1508;150811;DATA SEKOLAH;UNIT;2023/2024 GENAP;NEGERI;PKBM;0
193;15;JAMBI;1508;150811;DATA SEKOLAH;UNIT;2023/2024 GENAP;NEGERI;SKB;1
194;15;JAMBI;1508;150811;DATA SEKOLAH;UNIT;2023/2024 GENAP;NEGERI;SD;9
195;15;JAMBI;1508;150811;DATA SEKOLAH;UNIT;2023/2024 GENAP;NEGERI;SMP;2
196;15;JAMBI;1508;150811;DATA SEKOLAH;UNIT;2023/2024 GENAP;NEGERI;SMA;1
197;15;JAMBI;1508;150811;DATA SEKOLAH;UNIT;2023/2024 GENAP;NEGERI;SMK;1
198;15;JAMBI;1508;150811;DATA SEKOLAH;UNIT;2023/2024 GENAP;NEGERI;SLB;0
199;15;JAMBI;1508;150814;DATA SEKOLAH;UNIT;2023/2024 GENAP;NEGERI;TK;0
200;15;JAMBI;1508;150814;DATA SEKOLAH;UNIT;2023/2024 GENAP;NEGERI;KB;0
201;15;JAMBI;1508;150814;DATA SEKOLAH;UNIT;2023/2024 GENAP;NEGERI;TPA;0
202;15;JAMBI;1508;150814;DATA SEKOLAH;UNIT;2023/2024 GENAP;NEGERI;SPS;0
203;15;JAMBI;1508;150814;DATA SEKOLAH;UNIT;2023/2024 GENAP;NEGERI;PKBM;0
204;15;JAMBI;1508;150814;DATA SEKOLAH;UNIT;2023/2024 GENAP;NEGERI;SKB;0
205;15;JAMBI;1508;150814;DATA SEKOLAH;UNIT;2023/2024 GENAP;NEGERI;SD;17
206;15;JAMBI;1508;150814;DATA SEKOLAH;UNIT;2023/2024 GENAP;NEGERI;SMP;2
207;15;JAMBI;1508;150814;DATA SEKOLAH;UNIT;2023/2024 GENAP;NEGERI;SMA;0
208;15;JAMBI;1508;150814;DATA SEKOLAH;UNIT;2023/2024 GENAP;NEGERI;SMK;1
209;15;JAMBI;1508;150814;DATA SEKOLAH;UNIT;2023/2024 GENAP;NEGERI;SLB;0
210;15;JAMBI;1508;150810;DATA SEKOLAH;UNIT;2023/2024 GENAP;NEGERI;TK;0
211;15;JAMBI;1508;150810;DATA SEKOLAH;UNIT;2023/2024 GENAP;NEGERI;KB;0
212;15;JAMBI;1508;150810;DATA SEKOLAH;UNIT;2023/2024 GENAP;NEGERI;TPA;0
213;15;JAMBI;1508;150810;DATA SEKOLAH;UNIT;2023/2024 GENAP;NEGERI;SPS;0
214;15;JAMBI;1508;150810;DATA SEKOLAH;UNIT;2023/2024 GENAP;NEGERI;PKBM;0
215;15;JAMBI;1508;150810;DATA SEKOLAH;UNIT;2023/2024 GENAP;NEGERI;SKB;0
216;15;JAMBI;1508;150810;DATA SEKOLAH;UNIT;2023/2024 GENAP;NEGERI;SD;7
217;15;JAMBI;1508;150810;DATA SEKOLAH;UNIT;2023/2024 GENAP;NEGERI;SMP;2
218;15;JAMBI;1508;150810;DATA SEKOLAH;UNIT;2023/2024 GENAP;NEGERI;SMA;0
219;15;JAMBI;1508;150810;DATA SEKOLAH;UNIT;2023/2024 GENAP;NEGERI;SMK;1
220;15;JAMBI;1508;150810;DATA SEKOLAH;UNIT;2023/2024 GENAP;NEGERI;SLB;0
221;15;JAMBI;1508;150812;DATA SEKOLAH;UNIT;2023/2024 GENAP;NEGERI;TK;1
222;15;JAMBI;1508;150812;DATA SEKOLAH;UNIT;2023/2024 GENAP;NEGERI;KB;0
223;15;JAMBI;1508;150812;DATA SEKOLAH;UNIT;2023/2024 GENAP;NEGERI;TPA;0
224;15;JAMBI;1508;150812;DATA SEKOLAH;UNIT;2023/2024 GENAP;NEGERI;SPS;0
225;15;JAMBI;1508;150812;DATA SEKOLAH;UNIT;2023/2024 GENAP;NEGERI;PKBM;0
226;15;JAMBI;1508;150812;DATA SEKOLAH;UNIT;2023/2024 GENAP;NEGERI;SKB;0
227;15;JAMBI;1508;150812;DATA SEKOLAH;UNIT;2023/2024 GENAP;NEGERI;SD;11
228;15;JAMBI;1508;150812;DATA SEKOLAH;UNIT;2023/2024 GENAP;NEGERI;SMP;2
229;15;JAMBI;1508;150812;DATA SEKOLAH;UNIT;2023/2024 GENAP;NEGERI;SMA;0
230;15;JAMBI;1508;150812;DATA SEKOLAH;UNIT;2023/2024 GENAP;NEGERI;SMK;1
231;15;JAMBI;1508;150812;DATA SEKOLAH;UNIT;2023/2024 GENAP;NEGERI;SLB;0
232;15;JAMBI;1508;150804;DATA SEKOLAH;UNIT;2023/2024 GENAP;NEGERI;TK;0
233;15;JAMBI;1508;150804;DATA SEKOLAH;UNIT;2023/2024 GENAP;NEGERI;KB;0
234;15;JAMBI;1508;150804;DATA SEKOLAH;UNIT;2023/2024 GENAP;NEGERI;TPA;0
235;15;JAMBI;1508;150804;DATA SEKOLAH;UNIT;2023/2024 GENAP;NEGERI;SPS;0
236;15;JAMBI;1508;150804;DATA SEKOLAH;UNIT;2023/2024 GENAP;NEGERI;PKBM;0
237;15;JAMBI;1508;150804;DATA SEKOLAH;UNIT;2023/2024 GENAP;NEGERI;SKB;0
238;15;JAMBI;1508;150804;DATA SEKOLAH;UNIT;2023/2024 GENAP;NEGERI;SD;15
239;15;JAMBI;1508;150804;DATA SEKOLAH;UNIT;2023/2024 GENAP;NEGERI;SMP;3
240;15;JAMBI;1508;150804;DATA SEKOLAH;UNIT;2023/2024 GENAP;NEGERI;SMA;1
241;15;JAMBI;1508;150804;DATA SEKOLAH;UNIT;2023/2024 GENAP;NEGERI;SMK;1
242;15;JAMBI;1508;150804;DATA SEKOLAH;UNIT;2023/2024 GENAP;NEGERI;SLB;0
243;15;JAMBI;1508;150816;DATA SEKOLAH;UNIT;2023/2024 GENAP;NEGERI;TK;0
244;15;JAMBI;1508;150816;DATA SEKOLAH;UNIT;2023/2024 GENAP;NEGERI;KB;0
245;15;JAMBI;1508;150816;DATA SEKOLAH;UNIT;2023/2024 GENAP;NEGERI;TPA;0
246;15;JAMBI;1508;150816;DATA SEKOLAH;UNIT;2023/2024 GENAP;NEGERI;SPS;0
247;15;JAMBI;1508;150816;DATA SEKOLAH;UNIT;2023/2024 GENAP;NEGERI;PKBM;0
248;15;JAMBI;1508;150816;DATA SEKOLAH;UNIT;2023/2024 GENAP;NEGERI;SKB;0
249;15;JAMBI;1508;150816;DATA SEKOLAH;UNIT;2023/2024 GENAP;NEGERI;SD;9
250;15;JAMBI;1508;150816;DATA SEKOLAH;UNIT;2023/2024 GENAP;NEGERI;SMP;2
251;15;JAMBI;1508;150816;DATA SEKOLAH;UNIT;2023/2024 GENAP;NEGERI;SMA;1
252;15;JAMBI;1508;150816;DATA SEKOLAH;UNIT;2023/2024 GENAP;NEGERI;SMK;0
253;15;JAMBI;1508;150816;DATA SEKOLAH;UNIT;2023/2024 GENAP;NEGERI;SLB;0
254;15;JAMBI;1508;150807;DATA SEKOLAH;UNIT;2023/2024 GENAP;NEGERI;TK;0
255;15;JAMBI;1508;150807;DATA SEKOLAH;UNIT;2023/2024 GENAP;NEGERI;KB;0
256;15;JAMBI;1508;150807;DATA SEKOLAH;UNIT;2023/2024 GENAP;NEGERI;TPA;0
257;15;JAMBI;1508;150807;DATA SEKOLAH;UNIT;2023/2024 GENAP;NEGERI;SPS;0
258;15;JAMBI;1508;150807;DATA SEKOLAH;UNIT;2023/2024 GENAP;NEGERI;PKBM;0
259;15;JAMBI;1508;150807;DATA SEKOLAH;UNIT;2023/2024 GENAP;NEGERI;SKB;0
260;15;JAMBI;1508;150807;DATA SEKOLAH;UNIT;2023/2024 GENAP;NEGERI;SD;14
261;15;JAMBI;1508;150807;DATA SEKOLAH;UNIT;2023/2024 GENAP;NEGERI;SMP;6
262;15;JAMBI;1508;150807;DATA SEKOLAH;UNIT;2023/2024 GENAP;NEGERI;SMA;2
263;15;JAMBI;1508;150807;DATA SEKOLAH;UNIT;2023/2024 GENAP;NEGERI;SMK;1
264;15;JAMBI;1508;150807;DATA SEKOLAH;UNIT;2023/2024 GENAP;NEGERI;SLB;0
265;15;JAMBI;1508;150808;DATA SEKOLAH;UNIT;2023/2024 GENAP;NEGERI;TK;0
266;15;JAMBI;1508;150808;DATA SEKOLAH;UNIT;2023/2024 GENAP;NEGERI;KB;0
267;15;JAMBI;1508;150808;DATA SEKOLAH;UNIT;2023/2024 GENAP;NEGERI;TPA;0
268;15;JAMBI;1508;150808;DATA SEKOLAH;UNIT;2023/2024 GENAP;NEGERI;SPS;0
269;15;JAMBI;1508;150808;DATA SEKOLAH;UNIT;2023/2024 GENAP;NEGERI;PKBM;0
270;15;JAMBI;1508;150808;DATA SEKOLAH;UNIT;2023/2024 GENAP;NEGERI;SKB;0
271;15;JAMBI;1508;150808;DATA SEKOLAH;UNIT;2023/2024 GENAP;NEGERI;SD;14
272;15;JAMBI;1508;150808;DATA SEKOLAH;UNIT;2023/2024 GENAP;NEGERI;SMP;3
273;15;JAMBI;1508;150808;DATA SEKOLAH;UNIT;2023/2024 GENAP;NEGERI;SMA;1
274;15;JAMBI;1508;150808;DATA SEKOLAH;UNIT;2023/2024 GENAP;NEGERI;SMK;1
275;15;JAMBI;1508;150808;DATA SEKOLAH;UNIT;2023/2024 GENAP;NEGERI;SLB;0
276;15;JAMBI;1508;150803;DATA SEKOLAH;UNIT;2023/2024 GENAP;NEGERI;TK;0
277;15;JAMBI;1508;150803;DATA SEKOLAH;UNIT;2023/2024 GENAP;NEGERI;KB;0
278;15;JAMBI;1508;150803;DATA SEKOLAH;UNIT;2023/2024 GENAP;NEGERI;TPA;0
279;15;JAMBI;1508;150803;DATA SEKOLAH;UNIT;2023/2024 GENAP;NEGERI;SPS;0
280;15;JAMBI;1508;150803;DATA SEKOLAH;UNIT;2023/2024 GENAP;NEGERI;PKBM;0
281;15;JAMBI;1508;150803;DATA SEKOLAH;UNIT;2023/2024 GENAP;NEGERI;SKB;0
282;15;JAMBI;1508;150803;DATA SEKOLAH;UNIT;2023/2024 GENAP;NEGERI;SD;7
283;15;JAMBI;1508;150803;DATA SEKOLAH;UNIT;2023/2024 GENAP;NEGERI;SMP;3
284;15;JAMBI;1508;150803;DATA SEKOLAH;UNIT;2023/2024 GENAP;NEGERI;SMA;0
285;15;JAMBI;1508;150803;DATA SEKOLAH;UNIT;2023/2024 GENAP;NEGERI;SMK;0
286;15;JAMBI;1508;150803;DATA SEKOLAH;UNIT;2023/2024 GENAP;NEGERI;SLB;0
287;15;JAMBI;1508;150806;DATA SEKOLAH;UNIT;2023/2024 GENAP;NEGERI;TK;0
288;15;JAMBI;1508;150806;DATA SEKOLAH;UNIT;2023/2024 GENAP;NEGERI;KB;0
289;15;JAMBI;1508;150806;DATA SEKOLAH;UNIT;2023/2024 GENAP;NEGERI;TPA;0
290;15;JAMBI;1508;150806;DATA SEKOLAH;UNIT;2023/2024 GENAP;NEGERI;SPS;0
291;15;JAMBI;1508;150806;DATA SEKOLAH;UNIT;2023/2024 GENAP;NEGERI;PKBM;0
292;15;JAMBI;1508;150806;DATA SEKOLAH;UNIT;2023/2024 GENAP;NEGERI;SKB;0
293;15;JAMBI;1508;150806;DATA SEKOLAH;UNIT;2023/2024 GENAP;NEGERI;SD;26
294;15;JAMBI;1508;150806;DATA SEKOLAH;UNIT;2023/2024 GENAP;NEGERI;SMP;6
295;15;JAMBI;1508;150806;DATA SEKOLAH;UNIT;2023/2024 GENAP;NEGERI;SMA;1
296;15;JAMBI;1508;150806;DATA SEKOLAH;UNIT;2023/2024 GENAP;NEGERI;SMK;3
297;15;JAMBI;1508;150806;DATA SEKOLAH;UNIT;2023/2024 GENAP;NEGERI;SLB;0
298;15;JAMBI;1508;150809;DATA SEKOLAH;UNIT;2023/2024 GENAP;NEGERI;TK;0
299;15;JAMBI;1508;150809;DATA SEKOLAH;UNIT;2023/2024 GENAP;NEGERI;KB;0
300;15;JAMBI;1508;150809;DATA SEKOLAH;UNIT;2023/2024 GENAP;NEGERI;TPA;0
301;15;JAMBI;1508;150809;DATA SEKOLAH;UNIT;2023/2024 GENAP;NEGERI;SPS;0
302;15;JAMBI;1508;150809;DATA SEKOLAH;UNIT;2023/2024 GENAP;NEGERI;PKBM;0
303;15;JAMBI;1508;150809;DATA SEKOLAH;UNIT;2023/2024 GENAP;NEGERI;SKB;0
304;15;JAMBI;1508;150809;DATA SEKOLAH;UNIT;2023/2024 GENAP;NEGERI;SD;25
305;15;JAMBI;1508;150809;DATA SEKOLAH;UNIT;2023/2024 GENAP;NEGERI;SMP;6
306;15;JAMBI;1508;150809;DATA SEKOLAH;UNIT;2023/2024 GENAP;NEGERI;SMA;2
307;15;JAMBI;1508;150809;DATA SEKOLAH;UNIT;2023/2024 GENAP;NEGERI;SMK;2
308;15;JAMBI;1508;150809;DATA SEKOLAH;UNIT;2023/2024 GENAP;NEGERI;SLB;0
309;15;JAMBI;1508;150802;DATA SEKOLAH;UNIT;2023/2024 GENAP;NEGERI;TK;1
310;15;JAMBI;1508;150802;DATA SEKOLAH;UNIT;2023/2024 GENAP;NEGERI;KB;0
311;15;JAMBI;1508;150802;DATA SEKOLAH;UNIT;2023/2024 GENAP;NEGERI;TPA;0
312;15;JAMBI;1508;150802;DATA SEKOLAH;UNIT;2023/2024 GENAP;NEGERI;SPS;0
313;15;JAMBI;1508;150802;DATA SEKOLAH;UNIT;2023/2024 GENAP;NEGERI;PKBM;0
314;15;JAMBI;1508;150802;DATA SEKOLAH;UNIT;2023/2024 GENAP;NEGERI;SKB;0
315;15;JAMBI;1508;150802;DATA SEKOLAH;UNIT;2023/2024 GENAP;NEGERI;SD;10
316;15;JAMBI;1508;150802;DATA SEKOLAH;UNIT;2023/2024 GENAP;NEGERI;SMP;3
317;15;JAMBI;1508;150802;DATA SEKOLAH;UNIT;2023/2024 GENAP;NEGERI;SMA;1
318;15;JAMBI;1508;150802;DATA SEKOLAH;UNIT;2023/2024 GENAP;NEGERI;SMK;0
319;15;JAMBI;1508;150802;DATA SEKOLAH;UNIT;2023/2024 GENAP;NEGERI;SLB;0
320;15;JAMBI;1508;150813;DATA SEKOLAH;UNIT;2023/2024 GENAP;NEGERI;TK;0
321;15;JAMBI;1508;150813;DATA SEKOLAH;UNIT;2023/2024 GENAP;NEGERI;KB;0
322;15;JAMBI;1508;150813;DATA SEKOLAH;UNIT;2023/2024 GENAP;NEGERI;TPA;0
323;15;JAMBI;1508;150813;DATA SEKOLAH;UNIT;2023/2024 GENAP;NEGERI;SPS;0
324;15;JAMBI;1508;150813;DATA SEKOLAH;UNIT;2023/2024 GENAP;NEGERI;PKBM;0
325;15;JAMBI;1508;150813;DATA SEKOLAH;UNIT;2023/2024 GENAP;NEGERI;SKB;0
326;15;JAMBI;1508;150813;DATA SEKOLAH;UNIT;2023/2024 GENAP;NEGERI;SD;12
327;15;JAMBI;1508;150813;DATA SEKOLAH;UNIT;2023/2024 GENAP;NEGERI;SMP;3
328;15;JAMBI;1508;150813;DATA SEKOLAH;UNIT;2023/2024 GENAP;NEGERI;SMA;3
329;15;JAMBI;1508;150813;DATA SEKOLAH;UNIT;2023/2024 GENAP;NEGERI;SMK;0
330;15;JAMBI;1508;150813;DATA SEKOLAH;UNIT;2023/2024 GENAP;NEGERI;SLB;1
331;15;JAMBI;1508;150805;DATA SEKOLAH;UNIT;2023/2024 GENAP;NEGERI;TK;1
332;15;JAMBI;1508;150805;DATA SEKOLAH;UNIT;2023/2024 GENAP;NEGERI;KB;0
333;15;JAMBI;1508;150805;DATA SEKOLAH;UNIT;2023/2024 GENAP;NEGERI;TPA;0
334;15;JAMBI;1508;150805;DATA SEKOLAH;UNIT;2023/2024 GENAP;NEGERI;SPS;0
335;15;JAMBI;1508;150805;DATA SEKOLAH;UNIT;2023/2024 GENAP;NEGERI;PKBM;0
336;15;JAMBI;1508;150805;DATA SEKOLAH;UNIT;2023/2024 GENAP;NEGERI;SKB;0
337;15;JAMBI;1508;150805;DATA SEKOLAH;UNIT;2023/2024 GENAP;NEGERI;SD;16
338;15;JAMBI;1508;150805;DATA SEKOLAH;UNIT;2023/2024 GENAP;NEGERI;SMP;4
339;15;JAMBI;1508;150805;DATA SEKOLAH;UNIT;2023/2024 GENAP;NEGERI;SMA;1
340;15;JAMBI;1508;150805;DATA SEKOLAH;UNIT;2023/2024 GENAP;NEGERI;SMK;1
341;15;JAMBI;1508;150805;DATA SEKOLAH;UNIT;2023/2024 GENAP;NEGERI;SLB;0
342;15;JAMBI;1508;150817;DATA SEKOLAH;UNIT;2023/2024 GENAP;NEGERI;TK;0
343;15;JAMBI;1508;150817;DATA SEKOLAH;UNIT;2023/2024 GENAP;NEGERI;KB;0
344;15;JAMBI;1508;150817;DATA SEKOLAH;UNIT;2023/2024 GENAP;NEGERI;TPA;0
345;15;JAMBI;1508;150817;DATA SEKOLAH;UNIT;2023/2024 GENAP;NEGERI;SPS;0
346;15;JAMBI;1508;150817;DATA SEKOLAH;UNIT;2023/2024 GENAP;NEGERI;PKBM;0
347;15;JAMBI;1508;150817;DATA SEKOLAH;UNIT;2023/2024 GENAP;NEGERI;SKB;0
348;15;JAMBI;1508;150817;DATA SEKOLAH;UNIT;2023/2024 GENAP;NEGERI;SD;14
349;15;JAMBI;1508;150817;DATA SEKOLAH;UNIT;2023/2024 GENAP;NEGERI;SMP;4
350;15;JAMBI;1508;150817;DATA SEKOLAH;UNIT;2023/2024 GENAP;NEGERI;SMA;2
351;15;JAMBI;1508;150817;DATA SEKOLAH;UNIT;2023/2024 GENAP;NEGERI;SMK;0
352;15;JAMBI;1508;150817;DATA SEKOLAH;UNIT;2023/2024 GENAP;NEGERI;SLB;0
353;15;JAMBI;1508;150801;DATA SEKOLAH;UNIT;2023/2024 GENAP;NEGERI;TK;0
354;15;JAMBI;1508;150801;DATA SEKOLAH;UNIT;2023/2024 GENAP;NEGERI;KB;0
355;15;JAMBI;1508;150801;DATA SEKOLAH;UNIT;2023/2024 GENAP;NEGERI;TPA;0
356;15;JAMBI;1508;150801;DATA SEKOLAH;UNIT;2023/2024 GENAP;NEGERI;SPS;0
357;15;JAMBI;1508;150801;DATA SEKOLAH;UNIT;2023/2024 GENAP;NEGERI;PKBM;0
358;15;JAMBI;1508;150801;DATA SEKOLAH;UNIT;2023/2024 GENAP;NEGERI;SKB;0
359;15;JAMBI;1508;150801;DATA SEKOLAH;UNIT;2023/2024 GENAP;NEGERI;SD;13
360;15;JAMBI;1508;150801;DATA SEKOLAH;UNIT;2023/2024 GENAP;NEGERI;SMP;2
361;15;JAMBI;1508;150801;DATA SEKOLAH;UNIT;2023/2024 GENAP;NEGERI;SMA;2
362;15;JAMBI;1508;150801;DATA SEKOLAH;UNIT;2023/2024 GENAP;NEGERI;SMK;0
363;15;JAMBI;1508;150801;DATA SEKOLAH;UNIT;2023/2024 GENAP;NEGERI;SLB;0
364;15;JAMBI;1508;150815;DATA SEKOLAH;UNIT;2023/2024 GENAP;SWASTA;TK;5
365;15;JAMBI;1508;150815;DATA SEKOLAH;UNIT;2023/2024 GENAP;SWASTA;KB;6
366;15;JAMBI;1508;150815;DATA SEKOLAH;UNIT;2023/2024 GENAP;SWASTA;TPA;0
367;15;JAMBI;1508;150815;DATA SEKOLAH;UNIT;2023/2024 GENAP;SWASTA;SPS;0
368;15;JAMBI;1508;150815;DATA SEKOLAH;UNIT;2023/2024 GENAP;SWASTA;PKBM;0
369;15;JAMBI;1508;150815;DATA SEKOLAH;UNIT;2023/2024 GENAP;SWASTA;SKB;0
370;15;JAMBI;1508;150815;DATA SEKOLAH;UNIT;2023/2024 GENAP;SWASTA;SD;1
371;15;JAMBI;1508;150815;DATA SEKOLAH;UNIT;2023/2024 GENAP;SWASTA;SMP;0
372;15;JAMBI;1508;150815;DATA SEKOLAH;UNIT;2023/2024 GENAP;SWASTA;SMA;0
373;15;JAMBI;1508;150815;DATA SEKOLAH;UNIT;2023/2024 GENAP;SWASTA;SMK;0
374;15;JAMBI;1508;150815;DATA SEKOLAH;UNIT;2023/2024 GENAP;SWASTA;SLB;0
375;15;JAMBI;1508;150811;DATA SEKOLAH;UNIT;2023/2024 GENAP;SWASTA;TK;5
376;15;JAMBI;1508;150811;DATA SEKOLAH;UNIT;2023/2024 GENAP;SWASTA;KB;9
377;15;JAMBI;1508;150811;DATA SEKOLAH;UNIT;2023/2024 GENAP;SWASTA;TPA;1
378;15;JAMBI;1508;150811;DATA SEKOLAH;UNIT;2023/2024 GENAP;SWASTA;SPS;1
379;15;JAMBI;1508;150811;DATA SEKOLAH;UNIT;2023/2024 GENAP;SWASTA;PKBM;2
380;15;JAMBI;1508;150811;DATA SEKOLAH;UNIT;2023/2024 GENAP;SWASTA;SKB;0
381;15;JAMBI;1508;150811;DATA SEKOLAH;UNIT;2023/2024 GENAP;SWASTA;SD;1
382;15;JAMBI;1508;150811;DATA SEKOLAH;UNIT;2023/2024 GENAP;SWASTA;SMP;0
383;15;JAMBI;1508;150811;DATA SEKOLAH;UNIT;2023/2024 GENAP;SWASTA;SMA;0
384;15;JAMBI;1508;150811;DATA SEKOLAH;UNIT;2023/2024 GENAP;SWASTA;SMK;0
385;15;JAMBI;1508;150811;DATA SEKOLAH;UNIT;2023/2024 GENAP;SWASTA;SLB;0
386;15;JAMBI;1508;150814;DATA SEKOLAH;UNIT;2023/2024 GENAP;SWASTA;TK;4
387;15;JAMBI;1508;150814;DATA SEKOLAH;UNIT;2023/2024 GENAP;SWASTA;KB;13
388;15;JAMBI;1508;150814;DATA SEKOLAH;UNIT;2023/2024 GENAP;SWASTA;TPA;0
389;15;JAMBI;1508;150814;DATA SEKOLAH;UNIT;2023/2024 GENAP;SWASTA;SPS;1
390;15;JAMBI;1508;150814;DATA SEKOLAH;UNIT;2023/2024 GENAP;SWASTA;PKBM;1
391;15;JAMBI;1508;150814;DATA SEKOLAH;UNIT;2023/2024 GENAP;SWASTA;SKB;0
392;15;JAMBI;1508;150814;DATA SEKOLAH;UNIT;2023/2024 GENAP;SWASTA;SD;1
393;15;JAMBI;1508;150814;DATA SEKOLAH;UNIT;2023/2024 GENAP;SWASTA;SMP;0
394;15;JAMBI;1508;150814;DATA SEKOLAH;UNIT;2023/2024 GENAP;SWASTA;SMA;0
395;15;JAMBI;1508;150814;DATA SEKOLAH;UNIT;2023/2024 GENAP;SWASTA;SMK;0
396;15;JAMBI;1508;150814;DATA SEKOLAH;UNIT;2023/2024 GENAP;SWASTA;SLB;0
397;15;JAMBI;1508;150810;DATA SEKOLAH;UNIT;2023/2024 GENAP;SWASTA;TK;3
398;15;JAMBI;1508;150810;DATA SEKOLAH;UNIT;2023/2024 GENAP;SWASTA;KB;9
399;15;JAMBI;1508;150810;DATA SEKOLAH;UNIT;2023/2024 GENAP;SWASTA;TPA;0
400;15;JAMBI;1508;150810;DATA SEKOLAH;UNIT;2023/2024 GENAP;SWASTA;SPS;0
401;15;JAMBI;1508;150810;DATA SEKOLAH;UNIT;2023/2024 GENAP;SWASTA;PKBM;1
402;15;JAMBI;1508;150810;DATA SEKOLAH;UNIT;2023/2024 GENAP;SWASTA;SKB;0
403;15;JAMBI;1508;150810;DATA SEKOLAH;UNIT;2023/2024 GENAP;SWASTA;SD;0
404;15;JAMBI;1508;150810;DATA SEKOLAH;UNIT;2023/2024 GENAP;SWASTA;SMP;1
405;15;JAMBI;1508;150810;DATA SEKOLAH;UNIT;2023/2024 GENAP;SWASTA;SMA;1
406;15;JAMBI;1508;150810;DATA SEKOLAH;UNIT;2023/2024 GENAP;SWASTA;SMK;0
407;15;JAMBI;1508;150810;DATA SEKOLAH;UNIT;2023/2024 GENAP;SWASTA;SLB;0
408;15;JAMBI;1508;150812;DATA SEKOLAH;UNIT;2023/2024 GENAP;SWASTA;TK;6
409;15;JAMBI;1508;150812;DATA SEKOLAH;UNIT;2023/2024 GENAP;SWASTA;KB;13
410;15;JAMBI;1508;150812;DATA SEKOLAH;UNIT;2023/2024 GENAP;SWASTA;TPA;0
411;15;JAMBI;1508;150812;DATA SEKOLAH;UNIT;2023/2024 GENAP;SWASTA;SPS;3
412;15;JAMBI;1508;150812;DATA SEKOLAH;UNIT;2023/2024 GENAP;SWASTA;PKBM;5
413;15;JAMBI;1508;150812;DATA SEKOLAH;UNIT;2023/2024 GENAP;SWASTA;SKB;0
414;15;JAMBI;1508;150812;DATA SEKOLAH;UNIT;2023/2024 GENAP;SWASTA;SD;0
415;15;JAMBI;1508;150812;DATA SEKOLAH;UNIT;2023/2024 GENAP;SWASTA;SMP;0
416;15;JAMBI;1508;150812;DATA SEKOLAH;UNIT;2023/2024 GENAP;SWASTA;SMA;0
417;15;JAMBI;1508;150812;DATA SEKOLAH;UNIT;2023/2024 GENAP;SWASTA;SMK;0
418;15;JAMBI;1508;150812;DATA SEKOLAH;UNIT;2023/2024 GENAP;SWASTA;SLB;0
419;15;JAMBI;1508;150804;DATA SEKOLAH;UNIT;2023/2024 GENAP;SWASTA;TK;4
420;15;JAMBI;1508;150804;DATA SEKOLAH;UNIT;2023/2024 GENAP;SWASTA;KB;11
421;15;JAMBI;1508;150804;DATA SEKOLAH;UNIT;2023/2024 GENAP;SWASTA;TPA;0
422;15;JAMBI;1508;150804;DATA SEKOLAH;UNIT;2023/2024 GENAP;SWASTA;SPS;0
423;15;JAMBI;1508;150804;DATA SEKOLAH;UNIT;2023/2024 GENAP;SWASTA;PKBM;0
424;15;JAMBI;1508;150804;DATA SEKOLAH;UNIT;2023/2024 GENAP;SWASTA;SKB;0
425;15;JAMBI;1508;150804;DATA SEKOLAH;UNIT;2023/2024 GENAP;SWASTA;SD;0
426;15;JAMBI;1508;150804;DATA SEKOLAH;UNIT;2023/2024 GENAP;SWASTA;SMP;0
427;15;JAMBI;1508;150804;DATA SEKOLAH;UNIT;2023/2024 GENAP;SWASTA;SMA;0
428;15;JAMBI;1508;150804;DATA SEKOLAH;UNIT;2023/2024 GENAP;SWASTA;SMK;1
429;15;JAMBI;1508;150804;DATA SEKOLAH;UNIT;2023/2024 GENAP;SWASTA;SLB;0
430;15;JAMBI;1508;150816;DATA SEKOLAH;UNIT;2023/2024 GENAP;SWASTA;TK;2
431;15;JAMBI;1508;150816;DATA SEKOLAH;UNIT;2023/2024 GENAP;SWASTA;KB;6
432;15;JAMBI;1508;150816;DATA SEKOLAH;UNIT;2023/2024 GENAP;SWASTA;TPA;0
433;15;JAMBI;1508;150816;DATA SEKOLAH;UNIT;2023/2024 GENAP;SWASTA;SPS;1
434;15;JAMBI;1508;150816;DATA SEKOLAH;UNIT;2023/2024 GENAP;SWASTA;PKBM;1
435;15;JAMBI;1508;150816;DATA SEKOLAH;UNIT;2023/2024 GENAP;SWASTA;SKB;0
436;15;JAMBI;1508;150816;DATA SEKOLAH;UNIT;2023/2024 GENAP;SWASTA;SD;0
437;15;JAMBI;1508;150816;DATA SEKOLAH;UNIT;2023/2024 GENAP;SWASTA;SMP;0
438;15;JAMBI;1508;150816;DATA SEKOLAH;UNIT;2023/2024 GENAP;SWASTA;SMA;0
439;15;JAMBI;1508;150816;DATA SEKOLAH;UNIT;2023/2024 GENAP;SWASTA;SMK;0
440;15;JAMBI;1508;150816;DATA SEKOLAH;UNIT;2023/2024 GENAP;SWASTA;SLB;0
441;15;JAMBI;1508;150807;DATA SEKOLAH;UNIT;2023/2024 GENAP;SWASTA;TK;6
442;15;JAMBI;1508;150807;DATA SEKOLAH;UNIT;2023/2024 GENAP;SWASTA;KB;15
443;15;JAMBI;1508;150807;DATA SEKOLAH;UNIT;2023/2024 GENAP;SWASTA;TPA;0
444;15;JAMBI;1508;150807;DATA SEKOLAH;UNIT;2023/2024 GENAP;SWASTA;SPS;0
445;15;JAMBI;1508;150807;DATA SEKOLAH;UNIT;2023/2024 GENAP;SWASTA;PKBM;0
446;15;JAMBI;1508;150807;DATA SEKOLAH;UNIT;2023/2024 GENAP;SWASTA;SKB;0
447;15;JAMBI;1508;150807;DATA SEKOLAH;UNIT;2023/2024 GENAP;SWASTA;SD;1
448;15;JAMBI;1508;150807;DATA SEKOLAH;UNIT;2023/2024 GENAP;SWASTA;SMP;0
449;15;JAMBI;1508;150807;DATA SEKOLAH;UNIT;2023/2024 GENAP;SWASTA;SMA;0
450;15;JAMBI;1508;150807;DATA SEKOLAH;UNIT;2023/2024 GENAP;SWASTA;SMK;0
451;15;JAMBI;1508;150807;DATA SEKOLAH;UNIT;2023/2024 GENAP;SWASTA;SLB;0
452;15;JAMBI;1508;150808;DATA SEKOLAH;UNIT;2023/2024 GENAP;SWASTA;TK;7
453;15;JAMBI;1508;150808;DATA SEKOLAH;UNIT;2023/2024 GENAP;SWASTA;KB;12
454;15;JAMBI;1508;150808;DATA SEKOLAH;UNIT;2023/2024 GENAP;SWASTA;TPA;0
455;15;JAMBI;1508;150808;DATA SEKOLAH;UNIT;2023/2024 GENAP;SWASTA;SPS;1
456;15;JAMBI;1508;150808;DATA SEKOLAH;UNIT;2023/2024 GENAP;SWASTA;PKBM;4
457;15;JAMBI;1508;150808;DATA SEKOLAH;UNIT;2023/2024 GENAP;SWASTA;SKB;0
458;15;JAMBI;1508;150808;DATA SEKOLAH;UNIT;2023/2024 GENAP;SWASTA;SD;0
459;15;JAMBI;1508;150808;DATA SEKOLAH;UNIT;2023/2024 GENAP;SWASTA;SMP;0
460;15;JAMBI;1508;150808;DATA SEKOLAH;UNIT;2023/2024 GENAP;SWASTA;SMA;0
461;15;JAMBI;1508;150808;DATA SEKOLAH;UNIT;2023/2024 GENAP;SWASTA;SMK;0
462;15;JAMBI;1508;150808;DATA SEKOLAH;UNIT;2023/2024 GENAP;SWASTA;SLB;0
463;15;JAMBI;1508;150803;DATA SEKOLAH;UNIT;2023/2024 GENAP;SWASTA;TK;5
464;15;JAMBI;1508;150803;DATA SEKOLAH;UNIT;2023/2024 GENAP;SWASTA;KB;5
465;15;JAMBI;1508;150803;DATA SEKOLAH;UNIT;2023/2024 GENAP;SWASTA;TPA;0
466;15;JAMBI;1508;150803;DATA SEKOLAH;UNIT;2023/2024 GENAP;SWASTA;SPS;0
467;15;JAMBI;1508;150803;DATA SEKOLAH;UNIT;2023/2024 GENAP;SWASTA;PKBM;0
468;15;JAMBI;1508;150803;DATA SEKOLAH;UNIT;2023/2024 GENAP;SWASTA;SKB;0
469;15;JAMBI;1508;150803;DATA SEKOLAH;UNIT;2023/2024 GENAP;SWASTA;SD;0
470;15;JAMBI;1508;150803;DATA SEKOLAH;UNIT;2023/2024 GENAP;SWASTA;SMP;0
471;15;JAMBI;1508;150803;DATA SEKOLAH;UNIT;2023/2024 GENAP;SWASTA;SMA;0
472;15;JAMBI;1508;150803;DATA SEKOLAH;UNIT;2023/2024 GENAP;SWASTA;SMK;0
473;15;JAMBI;1508;150803;DATA SEKOLAH;UNIT;2023/2024 GENAP;SWASTA;SLB;0
474;15;JAMBI;1508;150806;DATA SEKOLAH;UNIT;2023/2024 GENAP;SWASTA;TK;12
475;15;JAMBI;1508;150806;DATA SEKOLAH;UNIT;2023/2024 GENAP;SWASTA;KB;17
476;15;JAMBI;1508;150806;DATA SEKOLAH;UNIT;2023/2024 GENAP;SWASTA;TPA;0
477;15;JAMBI;1508;150806;DATA SEKOLAH;UNIT;2023/2024 GENAP;SWASTA;SPS;1
478;15;JAMBI;1508;150806;DATA SEKOLAH;UNIT;2023/2024 GENAP;SWASTA;PKBM;1
479;15;JAMBI;1508;150806;DATA SEKOLAH;UNIT;2023/2024 GENAP;SWASTA;SKB;0
480;15;JAMBI;1508;150806;DATA SEKOLAH;UNIT;2023/2024 GENAP;SWASTA;SD;2
481;15;JAMBI;1508;150806;DATA SEKOLAH;UNIT;2023/2024 GENAP;SWASTA;SMP;1
482;15;JAMBI;1508;150806;DATA SEKOLAH;UNIT;2023/2024 GENAP;SWASTA;SMA;0
483;15;JAMBI;1508;150806;DATA SEKOLAH;UNIT;2023/2024 GENAP;SWASTA;SMK;0
484;15;JAMBI;1508;150806;DATA SEKOLAH;UNIT;2023/2024 GENAP;SWASTA;SLB;0
485;15;JAMBI;1508;150809;DATA SEKOLAH;UNIT;2023/2024 GENAP;SWASTA;TK;20
486;15;JAMBI;1508;150809;DATA SEKOLAH;UNIT;2023/2024 GENAP;SWASTA;KB;23
487;15;JAMBI;1508;150809;DATA SEKOLAH;UNIT;2023/2024 GENAP;SWASTA;TPA;2
488;15;JAMBI;1508;150809;DATA SEKOLAH;UNIT;2023/2024 GENAP;SWASTA;SPS;1
489;15;JAMBI;1508;150809;DATA SEKOLAH;UNIT;2023/2024 GENAP;SWASTA;PKBM;3
490;15;JAMBI;1508;150809;DATA SEKOLAH;UNIT;2023/2024 GENAP;SWASTA;SKB;0
491;15;JAMBI;1508;150809;DATA SEKOLAH;UNIT;2023/2024 GENAP;SWASTA;SD;3
492;15;JAMBI;1508;150809;DATA SEKOLAH;UNIT;2023/2024 GENAP;SWASTA;SMP;2
493;15;JAMBI;1508;150809;DATA SEKOLAH;UNIT;2023/2024 GENAP;SWASTA;SMA;0
494;15;JAMBI;1508;150809;DATA SEKOLAH;UNIT;2023/2024 GENAP;SWASTA;SMK;1
495;15;JAMBI;1508;150809;DATA SEKOLAH;UNIT;2023/2024 GENAP;SWASTA;SLB;0
496;15;JAMBI;1508;150802;DATA SEKOLAH;UNIT;2023/2024 GENAP;SWASTA;TK;0
497;15;JAMBI;1508;150802;DATA SEKOLAH;UNIT;2023/2024 GENAP;SWASTA;KB;8
498;15;JAMBI;1508;150802;DATA SEKOLAH;UNIT;2023/2024 GENAP;SWASTA;TPA;0
499;15;JAMBI;1508;150802;DATA SEKOLAH;UNIT;2023/2024 GENAP;SWASTA;SPS;0
500;15;JAMBI;1508;150802;DATA SEKOLAH;UNIT;2023/2024 GENAP;SWASTA;PKBM;3
501;15;JAMBI;1508;150802;DATA SEKOLAH;UNIT;2023/2024 GENAP;SWASTA;SKB;0
502;15;JAMBI;1508;150802;DATA SEKOLAH;UNIT;2023/2024 GENAP;SWASTA;SD;0
503;15;JAMBI;1508;150802;DATA SEKOLAH;UNIT;2023/2024 GENAP;SWASTA;SMP;0
504;15;JAMBI;1508;150802;DATA SEKOLAH;UNIT;2023/2024 GENAP;SWASTA;SMA;0
505;15;JAMBI;1508;150802;DATA SEKOLAH;UNIT;2023/2024 GENAP;SWASTA;SMK;0
506;15;JAMBI;1508;150802;DATA SEKOLAH;UNIT;2023/2024 GENAP;SWASTA;SLB;0
507;15;JAMBI;1508;150813;DATA SEKOLAH;UNIT;2023/2024 GENAP;SWASTA;TK;6
508;15;JAMBI;1508;150813;DATA SEKOLAH;UNIT;2023/2024 GENAP;SWASTA;KB;16
509;15;JAMBI;1508;150813;DATA SEKOLAH;UNIT;2023/2024 GENAP;SWASTA;TPA;1
510;15;JAMBI;1508;150813;DATA SEKOLAH;UNIT;2023/2024 GENAP;SWASTA;SPS;0
511;15;JAMBI;1508;150813;DATA SEKOLAH;UNIT;2023/2024 GENAP;SWASTA;PKBM;1
512;15;JAMBI;1508;150813;DATA SEKOLAH;UNIT;2023/2024 GENAP;SWASTA;SKB;0
513;15;JAMBI;1508;150813;DATA SEKOLAH;UNIT;2023/2024 GENAP;SWASTA;SD;5
514;15;JAMBI;1508;150813;DATA SEKOLAH;UNIT;2023/2024 GENAP;SWASTA;SMP;3
515;15;JAMBI;1508;150813;DATA SEKOLAH;UNIT;2023/2024 GENAP;SWASTA;SMA;1
516;15;JAMBI;1508;150813;DATA SEKOLAH;UNIT;2023/2024 GENAP;SWASTA;SMK;3
517;15;JAMBI;1508;150813;DATA SEKOLAH;UNIT;2023/2024 GENAP;SWASTA;SLB;0
518;15;JAMBI;1508;150805;DATA SEKOLAH;UNIT;2023/2024 GENAP;SWASTA;TK;4
519;15;JAMBI;1508;150805;DATA SEKOLAH;UNIT;2023/2024 GENAP;SWASTA;KB;10
520;15;JAMBI;1508;150805;DATA SEKOLAH;UNIT;2023/2024 GENAP;SWASTA;TPA;0
521;15;JAMBI;1508;150805;DATA SEKOLAH;UNIT;2023/2024 GENAP;SWASTA;SPS;0
522;15;JAMBI;1508;150805;DATA SEKOLAH;UNIT;2023/2024 GENAP;SWASTA;PKBM;1
523;15;JAMBI;1508;150805;DATA SEKOLAH;UNIT;2023/2024 GENAP;SWASTA;SKB;0
524;15;JAMBI;1508;150805;DATA SEKOLAH;UNIT;2023/2024 GENAP;SWASTA;SD;0
525;15;JAMBI;1508;150805;DATA SEKOLAH;UNIT;2023/2024 GENAP;SWASTA;SMP;0
526;15;JAMBI;1508;150805;DATA SEKOLAH;UNIT;2023/2024 GENAP;SWASTA;SMA;0
527;15;JAMBI;1508;150805;DATA SEKOLAH;UNIT;2023/2024 GENAP;SWASTA;SMK;0
528;15;JAMBI;1508;150805;DATA SEKOLAH;UNIT;2023/2024 GENAP;SWASTA;SLB;0
529;15;JAMBI;1508;150817;DATA SEKOLAH;UNIT;2023/2024 GENAP;SWASTA;TK;2
530;15;JAMBI;1508;150817;DATA SEKOLAH;UNIT;2023/2024 GENAP;SWASTA;KB;16
531;15;JAMBI;1508;150817;DATA SEKOLAH;UNIT;2023/2024 GENAP;SWASTA;TPA;0
532;15;JAMBI;1508;150817;DATA SEKOLAH;UNIT;2023/2024 GENAP;SWASTA;SPS;1
533;15;JAMBI;1508;150817;DATA SEKOLAH;UNIT;2023/2024 GENAP;SWASTA;PKBM;3
534;15;JAMBI;1508;150817;DATA SEKOLAH;UNIT;2023/2024 GENAP;SWASTA;SKB;0
535;15;JAMBI;1508;150817;DATA SEKOLAH;UNIT;2023/2024 GENAP;SWASTA;SD;0
536;15;JAMBI;1508;150817;DATA SEKOLAH;UNIT;2023/2024 GENAP;SWASTA;SMP;0
537;15;JAMBI;1508;150817;DATA SEKOLAH;UNIT;2023/2024 GENAP;SWASTA;SMA;0
538;15;JAMBI;1508;150817;DATA SEKOLAH;UNIT;2023/2024 GENAP;SWASTA;SMK;1
539;15;JAMBI;1508;150817;DATA SEKOLAH;UNIT;2023/2024 GENAP;SWASTA;SLB;0
540;15;JAMBI;1508;150801;DATA SEKOLAH;UNIT;2023/2024 GENAP;SWASTA;TK;3
541;15;JAMBI;1508;150801;DATA SEKOLAH;UNIT;2023/2024 GENAP;SWASTA;KB;13
542;15;JAMBI;1508;150801;DATA SEKOLAH;UNIT;2023/2024 GENAP;SWASTA;TPA;0
543;15;JAMBI;1508;150801;DATA SEKOLAH;UNIT;2023/2024 GENAP;SWASTA;SPS;0
544;15;JAMBI;1508;150801;DATA SEKOLAH;UNIT;2023/2024 GENAP;SWASTA;PKBM;1
545;15;JAMBI;1508;150801;DATA SEKOLAH;UNIT;2023/2024 GENAP;SWASTA;SKB;0
546;15;JAMBI;1508;150801;DATA SEKOLAH;UNIT;2023/2024 GENAP;SWASTA;SD;0
547;15;JAMBI;1508;150801;DATA SEKOLAH;UNIT;2023/2024 GENAP;SWASTA;SMP;0
548;15;JAMBI;1508;150801;DATA SEKOLAH;UNIT;2023/2024 GENAP;SWASTA;SMA;0
549;15;JAMBI;1508;150801;DATA SEKOLAH;UNIT;2023/2024 GENAP;SWASTA;SMK;0
550;15;JAMBI;1508;150801;DATA SEKOLAH;UNIT;2023/2024 GENAP;SWASTA;SLB;0
551;15;JAMBI;1501;150105;DATA SEKOLAH;UNIT;2023/2024 GENAP;NEGERI;TK;2
552;15;JAMBI;1501;150105;DATA SEKOLAH;UNIT;2023/2024 GENAP;NEGERI;KB;0
553;15;JAMBI;1501;150105;DATA SEKOLAH;UNIT;2023/2024 GENAP;NEGERI;TPA;0
554;15;JAMBI;1501;150105;DATA SEKOLAH;UNIT;2023/2024 GENAP;NEGERI;SPS;0
555;15;JAMBI;1501;150105;DATA SEKOLAH;UNIT;2023/2024 GENAP;NEGERI;PKBM;0
556;15;JAMBI;1501;150105;DATA SEKOLAH;UNIT;2023/2024 GENAP;NEGERI;SKB;1
557;15;JAMBI;1501;150105;DATA SEKOLAH;UNIT;2023/2024 GENAP;NEGERI;SD;10
558;15;JAMBI;1501;150105;DATA SEKOLAH;UNIT;2023/2024 GENAP;NEGERI;SMP;1
559;15;JAMBI;1501;150105;DATA SEKOLAH;UNIT;2023/2024 GENAP;NEGERI;SMA;0
560;15;JAMBI;1501;150105;DATA SEKOLAH;UNIT;2023/2024 GENAP;NEGERI;SMK;0
561;15;JAMBI;1501;150105;DATA SEKOLAH;UNIT;2023/2024 GENAP;NEGERI;SLB;0
562;15;JAMBI;1501;150121;DATA SEKOLAH;UNIT;2023/2024 GENAP;NEGERI;TK;1
563;15;JAMBI;1501;150121;DATA SEKOLAH;UNIT;2023/2024 GENAP;NEGERI;KB;0
564;15;JAMBI;1501;150121;DATA SEKOLAH;UNIT;2023/2024 GENAP;NEGERI;TPA;0
565;15;JAMBI;1501;150121;DATA SEKOLAH;UNIT;2023/2024 GENAP;NEGERI;SPS;0
566;15;JAMBI;1501;150121;DATA SEKOLAH;UNIT;2023/2024 GENAP;NEGERI;PKBM;0
567;15;JAMBI;1501;150121;DATA SEKOLAH;UNIT;2023/2024 GENAP;NEGERI;SKB;0
568;15;JAMBI;1501;150121;DATA SEKOLAH;UNIT;2023/2024 GENAP;NEGERI;SD;9
569;15;JAMBI;1501;150121;DATA SEKOLAH;UNIT;2023/2024 GENAP;NEGERI;SMP;1
570;15;JAMBI;1501;150121;DATA SEKOLAH;UNIT;2023/2024 GENAP;NEGERI;SMA;1
571;15;JAMBI;1501;150121;DATA SEKOLAH;UNIT;2023/2024 GENAP;NEGERI;SMK;0
572;15;JAMBI;1501;150121;DATA SEKOLAH;UNIT;2023/2024 GENAP;NEGERI;SLB;0
573;15;JAMBI;1501;150111;DATA SEKOLAH;UNIT;2023/2024 GENAP;NEGERI;TK;2
574;15;JAMBI;1501;150111;DATA SEKOLAH;UNIT;2023/2024 GENAP;NEGERI;KB;0
575;15;JAMBI;1501;150111;DATA SEKOLAH;UNIT;2023/2024 GENAP;NEGERI;TPA;0
576;15;JAMBI;1501;150111;DATA SEKOLAH;UNIT;2023/2024 GENAP;NEGERI;SPS;0
577;15;JAMBI;1501;150111;DATA SEKOLAH;UNIT;2023/2024 GENAP;NEGERI;PKBM;0
578;15;JAMBI;1501;150111;DATA SEKOLAH;UNIT;2023/2024 GENAP;NEGERI;SKB;0
579;15;JAMBI;1501;150111;DATA SEKOLAH;UNIT;2023/2024 GENAP;NEGERI;SD;16
580;15;JAMBI;1501;150111;DATA SEKOLAH;UNIT;2023/2024 GENAP;NEGERI;SMP;4
581;15;JAMBI;1501;150111;DATA SEKOLAH;UNIT;2023/2024 GENAP;NEGERI;SMA;1
582;15;JAMBI;1501;150111;DATA SEKOLAH;UNIT;2023/2024 GENAP;NEGERI;SMK;0
583;15;JAMBI;1501;150111;DATA SEKOLAH;UNIT;2023/2024 GENAP;NEGERI;SLB;0
584;15;JAMBI;1501;150107;DATA SEKOLAH;UNIT;2023/2024 GENAP;NEGERI;TK;2
585;15;JAMBI;1501;150107;DATA SEKOLAH;UNIT;2023/2024 GENAP;NEGERI;KB;1
586;15;JAMBI;1501;150107;DATA SEKOLAH;UNIT;2023/2024 GENAP;NEGERI;TPA;0
587;15;JAMBI;1501;150107;DATA SEKOLAH;UNIT;2023/2024 GENAP;NEGERI;SPS;0
588;15;JAMBI;1501;150107;DATA SEKOLAH;UNIT;2023/2024 GENAP;NEGERI;PKBM;0
589;15;JAMBI;1501;150107;DATA SEKOLAH;UNIT;2023/2024 GENAP;NEGERI;SKB;0
590;15;JAMBI;1501;150107;DATA SEKOLAH;UNIT;2023/2024 GENAP;NEGERI;SD;13
591;15;JAMBI;1501;150107;DATA SEKOLAH;UNIT;2023/2024 GENAP;NEGERI;SMP;5
592;15;JAMBI;1501;150107;DATA SEKOLAH;UNIT;2023/2024 GENAP;NEGERI;SMA;2
593;15;JAMBI;1501;150107;DATA SEKOLAH;UNIT;2023/2024 GENAP;NEGERI;SMK;0
594;15;JAMBI;1501;150107;DATA SEKOLAH;UNIT;2023/2024 GENAP;NEGERI;SLB;0
595;15;JAMBI;1501;150120;DATA SEKOLAH;UNIT;2023/2024 GENAP;NEGERI;TK;2
596;15;JAMBI;1501;150120;DATA SEKOLAH;UNIT;2023/2024 GENAP;NEGERI;KB;1
597;15;JAMBI;1501;150120;DATA SEKOLAH;UNIT;2023/2024 GENAP;NEGERI;TPA;0
598;15;JAMBI;1501;150120;DATA SEKOLAH;UNIT;2023/2024 GENAP;NEGERI;SPS;0
599;15;JAMBI;1501;150120;DATA SEKOLAH;UNIT;2023/2024 GENAP;NEGERI;PKBM;0
600;15;JAMBI;1501;150120;DATA SEKOLAH;UNIT;2023/2024 GENAP;NEGERI;SKB;0
601;15;JAMBI;1501;150120;DATA SEKOLAH;UNIT;2023/2024 GENAP;NEGERI;SD;13
602;15;JAMBI;1501;150120;DATA SEKOLAH;UNIT;2023/2024 GENAP;NEGERI;SMP;3
603;15;JAMBI;1501;150120;DATA SEKOLAH;UNIT;2023/2024 GENAP;NEGERI;SMA;1
604;15;JAMBI;1501;150120;DATA SEKOLAH;UNIT;2023/2024 GENAP;NEGERI;SMK;0
605;15;JAMBI;1501;150120;DATA SEKOLAH;UNIT;2023/2024 GENAP;NEGERI;SLB;0
606;15;JAMBI;1501;150102;DATA SEKOLAH;UNIT;2023/2024 GENAP;NEGERI;TK;1
607;15;JAMBI;1501;150102;DATA SEKOLAH;UNIT;2023/2024 GENAP;NEGERI;KB;0
608;15;JAMBI;1501;150102;DATA SEKOLAH;UNIT;2023/2024 GENAP;NEGERI;TPA;0
609;15;JAMBI;1501;150102;DATA SEKOLAH;UNIT;2023/2024 GENAP;NEGERI;SPS;0
610;15;JAMBI;1501;150102;DATA SEKOLAH;UNIT;2023/2024 GENAP;NEGERI;PKBM;0
611;15;JAMBI;1501;150102;DATA SEKOLAH;UNIT;2023/2024 GENAP;NEGERI;SKB;0
612;15;JAMBI;1501;150102;DATA SEKOLAH;UNIT;2023/2024 GENAP;NEGERI;SD;17
613;15;JAMBI;1501;150102;DATA SEKOLAH;UNIT;2023/2024 GENAP;NEGERI;SMP;5
614;15;JAMBI;1501;150102;DATA SEKOLAH;UNIT;2023/2024 GENAP;NEGERI;SMA;2
615;15;JAMBI;1501;150102;DATA SEKOLAH;UNIT;2023/2024 GENAP;NEGERI;SMK;1
616;15;JAMBI;1501;150102;DATA SEKOLAH;UNIT;2023/2024 GENAP;NEGERI;SLB;0
617;15;JAMBI;1501;150117;DATA SEKOLAH;UNIT;2023/2024 GENAP;NEGERI;TK;1
618;15;JAMBI;1501;150117;DATA SEKOLAH;UNIT;2023/2024 GENAP;NEGERI;KB;0
619;15;JAMBI;1501;150117;DATA SEKOLAH;UNIT;2023/2024 GENAP;NEGERI;TPA;0
620;15;JAMBI;1501;150117;DATA SEKOLAH;UNIT;2023/2024 GENAP;NEGERI;SPS;0
621;15;JAMBI;1501;150117;DATA SEKOLAH;UNIT;2023/2024 GENAP;NEGERI;PKBM;0
622;15;JAMBI;1501;150117;DATA SEKOLAH;UNIT;2023/2024 GENAP;NEGERI;SKB;0
623;15;JAMBI;1501;150117;DATA SEKOLAH;UNIT;2023/2024 GENAP;NEGERI;SD;15
624;15;JAMBI;1501;150117;DATA SEKOLAH;UNIT;2023/2024 GENAP;NEGERI;SMP;3
625;15;JAMBI;1501;150117;DATA SEKOLAH;UNIT;2023/2024 GENAP;NEGERI;SMA;0
626;15;JAMBI;1501;150117;DATA SEKOLAH;UNIT;2023/2024 GENAP;NEGERI;SMK;1
627;15;JAMBI;1501;150117;DATA SEKOLAH;UNIT;2023/2024 GENAP;NEGERI;SLB;0
628;15;JAMBI;1501;150106;DATA SEKOLAH;UNIT;2023/2024 GENAP;NEGERI;TK;2
629;15;JAMBI;1501;150106;DATA SEKOLAH;UNIT;2023/2024 GENAP;NEGERI;KB;0
630;15;JAMBI;1501;150106;DATA SEKOLAH;UNIT;2023/2024 GENAP;NEGERI;TPA;0
631;15;JAMBI;1501;150106;DATA SEKOLAH;UNIT;2023/2024 GENAP;NEGERI;SPS;0
632;15;JAMBI;1501;150106;DATA SEKOLAH;UNIT;2023/2024 GENAP;NEGERI;PKBM;0
633;15;JAMBI;1501;150106;DATA SEKOLAH;UNIT;2023/2024 GENAP;NEGERI;SKB;0
634;15;JAMBI;1501;150106;DATA SEKOLAH;UNIT;2023/2024 GENAP;NEGERI;SD;12
635;15;JAMBI;1501;150106;DATA SEKOLAH;UNIT;2023/2024 GENAP;NEGERI;SMP;3
636;15;JAMBI;1501;150106;DATA SEKOLAH;UNIT;2023/2024 GENAP;NEGERI;SMA;1
637;15;JAMBI;1501;150106;DATA SEKOLAH;UNIT;2023/2024 GENAP;NEGERI;SMK;0
638;15;JAMBI;1501;150106;DATA SEKOLAH;UNIT;2023/2024 GENAP;NEGERI;SLB;1
639;15;JAMBI;1501;150101;DATA SEKOLAH;UNIT;2023/2024 GENAP;NEGERI;TK;1
640;15;JAMBI;1501;150101;DATA SEKOLAH;UNIT;2023/2024 GENAP;NEGERI;KB;0
641;15;JAMBI;1501;150101;DATA SEKOLAH;UNIT;2023/2024 GENAP;NEGERI;TPA;0
642;15;JAMBI;1501;150101;DATA SEKOLAH;UNIT;2023/2024 GENAP;NEGERI;SPS;0
643;15;JAMBI;1501;150101;DATA SEKOLAH;UNIT;2023/2024 GENAP;NEGERI;PKBM;0
644;15;JAMBI;1501;150101;DATA SEKOLAH;UNIT;2023/2024 GENAP;NEGERI;SKB;0
645;15;JAMBI;1501;150101;DATA SEKOLAH;UNIT;2023/2024 GENAP;NEGERI;SD;12
646;15;JAMBI;1501;150101;DATA SEKOLAH;UNIT;2023/2024 GENAP;NEGERI;SMP;3
647;15;JAMBI;1501;150101;DATA SEKOLAH;UNIT;2023/2024 GENAP;NEGERI;SMA;1
648;15;JAMBI;1501;150101;DATA SEKOLAH;UNIT;2023/2024 GENAP;NEGERI;SMK;0
649;15;JAMBI;1501;150101;DATA SEKOLAH;UNIT;2023/2024 GENAP;NEGERI;SLB;0
650;15;JAMBI;1501;150115;DATA SEKOLAH;UNIT;2023/2024 GENAP;NEGERI;TK;1
651;15;JAMBI;1501;150115;DATA SEKOLAH;UNIT;2023/2024 GENAP;NEGERI;KB;1
652;15;JAMBI;1501;150115;DATA SEKOLAH;UNIT;2023/2024 GENAP;NEGERI;TPA;0
653;15;JAMBI;1501;150115;DATA SEKOLAH;UNIT;2023/2024 GENAP;NEGERI;SPS;0
654;15;JAMBI;1501;150115;DATA SEKOLAH;UNIT;2023/2024 GENAP;NEGERI;PKBM;0
655;15;JAMBI;1501;150115;DATA SEKOLAH;UNIT;2023/2024 GENAP;NEGERI;SKB;0
656;15;JAMBI;1501;150115;DATA SEKOLAH;UNIT;2023/2024 GENAP;NEGERI;SD;11
657;15;JAMBI;1501;150115;DATA SEKOLAH;UNIT;2023/2024 GENAP;NEGERI;SMP;3
658;15;JAMBI;1501;150115;DATA SEKOLAH;UNIT;2023/2024 GENAP;NEGERI;SMA;0
659;15;JAMBI;1501;150115;DATA SEKOLAH;UNIT;2023/2024 GENAP;NEGERI;SMK;1
660;15;JAMBI;1501;150115;DATA SEKOLAH;UNIT;2023/2024 GENAP;NEGERI;SLB;0
661;15;JAMBI;1501;150109;DATA SEKOLAH;UNIT;2023/2024 GENAP;NEGERI;TK;1
662;15;JAMBI;1501;150109;DATA SEKOLAH;UNIT;2023/2024 GENAP;NEGERI;KB;0
663;15;JAMBI;1501;150109;DATA SEKOLAH;UNIT;2023/2024 GENAP;NEGERI;TPA;0
664;15;JAMBI;1501;150109;DATA SEKOLAH;UNIT;2023/2024 GENAP;NEGERI;SPS;0
665;15;JAMBI;1501;150109;DATA SEKOLAH;UNIT;2023/2024 GENAP;NEGERI;PKBM;0
666;15;JAMBI;1501;150109;DATA SEKOLAH;UNIT;2023/2024 GENAP;NEGERI;SKB;0
667;15;JAMBI;1501;150109;DATA SEKOLAH;UNIT;2023/2024 GENAP;NEGERI;SD;15
668;15;JAMBI;1501;150109;DATA SEKOLAH;UNIT;2023/2024 GENAP;NEGERI;SMP;4
669;15;JAMBI;1501;150109;DATA SEKOLAH;UNIT;2023/2024 GENAP;NEGERI;SMA;1
670;15;JAMBI;1501;150109;DATA SEKOLAH;UNIT;2023/2024 GENAP;NEGERI;SMK;1
671;15;JAMBI;1501;150109;DATA SEKOLAH;UNIT;2023/2024 GENAP;NEGERI;SLB;0
672;15;JAMBI;1501;150119;DATA SEKOLAH;UNIT;2023/2024 GENAP;NEGERI;TK;1
673;15;JAMBI;1501;150119;DATA SEKOLAH;UNIT;2023/2024 GENAP;NEGERI;KB;0
674;15;JAMBI;1501;150119;DATA SEKOLAH;UNIT;2023/2024 GENAP;NEGERI;TPA;0
675;15;JAMBI;1501;150119;DATA SEKOLAH;UNIT;2023/2024 GENAP;NEGERI;SPS;0
676;15;JAMBI;1501;150119;DATA SEKOLAH;UNIT;2023/2024 GENAP;NEGERI;PKBM;0
677;15;JAMBI;1501;150119;DATA SEKOLAH;UNIT;2023/2024 GENAP;NEGERI;SKB;0
678;15;JAMBI;1501;150119;DATA SEKOLAH;UNIT;2023/2024 GENAP;NEGERI;SD;17
679;15;JAMBI;1501;150119;DATA SEKOLAH;UNIT;2023/2024 GENAP;NEGERI;SMP;5
680;15;JAMBI;1501;150119;DATA SEKOLAH;UNIT;2023/2024 GENAP;NEGERI;SMA;0
681;15;JAMBI;1501;150119;DATA SEKOLAH;UNIT;2023/2024 GENAP;NEGERI;SMK;1
682;15;JAMBI;1501;150119;DATA SEKOLAH;UNIT;2023/2024 GENAP;NEGERI;SLB;0
683;15;JAMBI;1501;150108;DATA SEKOLAH;UNIT;2023/2024 GENAP;NEGERI;TK;1
684;15;JAMBI;1501;150108;DATA SEKOLAH;UNIT;2023/2024 GENAP;NEGERI;KB;0
685;15;JAMBI;1501;150108;DATA SEKOLAH;UNIT;2023/2024 GENAP;NEGERI;TPA;0
686;15;JAMBI;1501;150108;DATA SEKOLAH;UNIT;2023/2024 GENAP;NEGERI;SPS;0
687;15;JAMBI;1501;150108;DATA SEKOLAH;UNIT;2023/2024 GENAP;NEGERI;PKBM;0
688;15;JAMBI;1501;150108;DATA SEKOLAH;UNIT;2023/2024 GENAP;NEGERI;SKB;0
689;15;JAMBI;1501;150108;DATA SEKOLAH;UNIT;2023/2024 GENAP;NEGERI;SD;26
690;15;JAMBI;1501;150108;DATA SEKOLAH;UNIT;2023/2024 GENAP;NEGERI;SMP;5
691;15;JAMBI;1501;150108;DATA SEKOLAH;UNIT;2023/2024 GENAP;NEGERI;SMA;1
692;15;JAMBI;1501;150108;DATA SEKOLAH;UNIT;2023/2024 GENAP;NEGERI;SMK;1
693;15;JAMBI;1501;150108;DATA SEKOLAH;UNIT;2023/2024 GENAP;NEGERI;SLB;0
694;15;JAMBI;1501;150104;DATA SEKOLAH;UNIT;2023/2024 GENAP;NEGERI;TK;2
695;15;JAMBI;1501;150104;DATA SEKOLAH;UNIT;2023/2024 GENAP;NEGERI;KB;0
696;15;JAMBI;1501;150104;DATA SEKOLAH;UNIT;2023/2024 GENAP;NEGERI;TPA;0
697;15;JAMBI;1501;150104;DATA SEKOLAH;UNIT;2023/2024 GENAP;NEGERI;SPS;0
698;15;JAMBI;1501;150104;DATA SEKOLAH;UNIT;2023/2024 GENAP;NEGERI;PKBM;0
699;15;JAMBI;1501;150104;DATA SEKOLAH;UNIT;2023/2024 GENAP;NEGERI;SKB;0
700;15;JAMBI;1501;150104;DATA SEKOLAH;UNIT;2023/2024 GENAP;NEGERI;SD;16
701;15;JAMBI;1501;150104;DATA SEKOLAH;UNIT;2023/2024 GENAP;NEGERI;SMP;1
702;15;JAMBI;1501;150104;DATA SEKOLAH;UNIT;2023/2024 GENAP;NEGERI;SMA;1
703;15;JAMBI;1501;150104;DATA SEKOLAH;UNIT;2023/2024 GENAP;NEGERI;SMK;0
704;15;JAMBI;1501;150104;DATA SEKOLAH;UNIT;2023/2024 GENAP;NEGERI;SLB;0
705;15;JAMBI;1501;150116;DATA SEKOLAH;UNIT;2023/2024 GENAP;NEGERI;TK;2
706;15;JAMBI;1501;150116;DATA SEKOLAH;UNIT;2023/2024 GENAP;NEGERI;KB;0
707;15;JAMBI;1501;150116;DATA SEKOLAH;UNIT;2023/2024 GENAP;NEGERI;TPA;0
708;15;JAMBI;1501;150116;DATA SEKOLAH;UNIT;2023/2024 GENAP;NEGERI;SPS;0
709;15;JAMBI;1501;150116;DATA SEKOLAH;UNIT;2023/2024 GENAP;NEGERI;PKBM;0
710;15;JAMBI;1501;150116;DATA SEKOLAH;UNIT;2023/2024 GENAP;NEGERI;SKB;0
711;15;JAMBI;1501;150116;DATA SEKOLAH;UNIT;2023/2024 GENAP;NEGERI;SD;16
712;15;JAMBI;1501;150116;DATA SEKOLAH;UNIT;2023/2024 GENAP;NEGERI;SMP;3
713;15;JAMBI;1501;150116;DATA SEKOLAH;UNIT;2023/2024 GENAP;NEGERI;SMA;1
714;15;JAMBI;1501;150116;DATA SEKOLAH;UNIT;2023/2024 GENAP;NEGERI;SMK;0
715;15;JAMBI;1501;150116;DATA SEKOLAH;UNIT;2023/2024 GENAP;NEGERI;SLB;0
716;15;JAMBI;1501;150118;DATA SEKOLAH;UNIT;2023/2024 GENAP;NEGERI;TK;1
717;15;JAMBI;1501;150118;DATA SEKOLAH;UNIT;2023/2024 GENAP;NEGERI;KB;1
718;15;JAMBI;1501;150118;DATA SEKOLAH;UNIT;2023/2024 GENAP;NEGERI;TPA;0
719;15;JAMBI;1501;150118;DATA SEKOLAH;UNIT;2023/2024 GENAP;NEGERI;SPS;0
720;15;JAMBI;1501;150118;DATA SEKOLAH;UNIT;2023/2024 GENAP;NEGERI;PKBM;0
721;15;JAMBI;1501;150118;DATA SEKOLAH;UNIT;2023/2024 GENAP;NEGERI;SKB;0
722;15;JAMBI;1501;150118;DATA SEKOLAH;UNIT;2023/2024 GENAP;NEGERI;SD;9
723;15;JAMBI;1501;150118;DATA SEKOLAH;UNIT;2023/2024 GENAP;NEGERI;SMP;3
724;15;JAMBI;1501;150118;DATA SEKOLAH;UNIT;2023/2024 GENAP;NEGERI;SMA;1
725;15;JAMBI;1501;150118;DATA SEKOLAH;UNIT;2023/2024 GENAP;NEGERI;SMK;1
726;15;JAMBI;1501;150118;DATA SEKOLAH;UNIT;2023/2024 GENAP;NEGERI;SLB;0
727;15;JAMBI;1501;150122;DATA SEKOLAH;UNIT;2023/2024 GENAP;NEGERI;TK;0
728;15;JAMBI;1501;150122;DATA SEKOLAH;UNIT;2023/2024 GENAP;NEGERI;KB;0
729;15;JAMBI;1501;150122;DATA SEKOLAH;UNIT;2023/2024 GENAP;NEGERI;TPA;0
730;15;JAMBI;1501;150122;DATA SEKOLAH;UNIT;2023/2024 GENAP;NEGERI;SPS;0
731;15;JAMBI;1501;150122;DATA SEKOLAH;UNIT;2023/2024 GENAP;NEGERI;PKBM;0
732;15;JAMBI;1501;150122;DATA SEKOLAH;UNIT;2023/2024 GENAP;NEGERI;SKB;0
733;15;JAMBI;1501;150122;DATA SEKOLAH;UNIT;2023/2024 GENAP;NEGERI;SD;0
734;15;JAMBI;1501;150122;DATA SEKOLAH;UNIT;2023/2024 GENAP;NEGERI;SMP;0
735;15;JAMBI;1501;150122;DATA SEKOLAH;UNIT;2023/2024 GENAP;NEGERI;SMA;0
736;15;JAMBI;1501;150122;DATA SEKOLAH;UNIT;2023/2024 GENAP;NEGERI;SMK;0
737;15;JAMBI;1501;150122;DATA SEKOLAH;UNIT;2023/2024 GENAP;NEGERI;SLB;0
738;15;JAMBI;1501;150105;DATA SEKOLAH;UNIT;2023/2024 GENAP;SWASTA;TK;7
739;15;JAMBI;1501;150105;DATA SEKOLAH;UNIT;2023/2024 GENAP;SWASTA;KB;10
740;15;JAMBI;1501;150105;DATA SEKOLAH;UNIT;2023/2024 GENAP;SWASTA;TPA;0
741;15;JAMBI;1501;150105;DATA SEKOLAH;UNIT;2023/2024 GENAP;SWASTA;SPS;2
742;15;JAMBI;1501;150105;DATA SEKOLAH;UNIT;2023/2024 GENAP;SWASTA;PKBM;3
743;15;JAMBI;1501;150105;DATA SEKOLAH;UNIT;2023/2024 GENAP;SWASTA;SKB;0
744;15;JAMBI;1501;150105;DATA SEKOLAH;UNIT;2023/2024 GENAP;SWASTA;SD;0
745;15;JAMBI;1501;150105;DATA SEKOLAH;UNIT;2023/2024 GENAP;SWASTA;SMP;0
746;15;JAMBI;1501;150105;DATA SEKOLAH;UNIT;2023/2024 GENAP;SWASTA;SMA;0
747;15;JAMBI;1501;150105;DATA SEKOLAH;UNIT;2023/2024 GENAP;SWASTA;SMK;0
748;15;JAMBI;1501;150105;DATA SEKOLAH;UNIT;2023/2024 GENAP;SWASTA;SLB;0
749;15;JAMBI;1501;150121;DATA SEKOLAH;UNIT;2023/2024 GENAP;SWASTA;TK;3
750;15;JAMBI;1501;150121;DATA SEKOLAH;UNIT;2023/2024 GENAP;SWASTA;KB;11
751;15;JAMBI;1501;150121;DATA SEKOLAH;UNIT;2023/2024 GENAP;SWASTA;TPA;0
752;15;JAMBI;1501;150121;DATA SEKOLAH;UNIT;2023/2024 GENAP;SWASTA;SPS;2
753;15;JAMBI;1501;150121;DATA SEKOLAH;UNIT;2023/2024 GENAP;SWASTA;PKBM;0
754;15;JAMBI;1501;150121;DATA SEKOLAH;UNIT;2023/2024 GENAP;SWASTA;SKB;0
755;15;JAMBI;1501;150121;DATA SEKOLAH;UNIT;2023/2024 GENAP;SWASTA;SD;1
756;15;JAMBI;1501;150121;DATA SEKOLAH;UNIT;2023/2024 GENAP;SWASTA;SMP;1
757;15;JAMBI;1501;150121;DATA SEKOLAH;UNIT;2023/2024 GENAP;SWASTA;SMA;0
758;15;JAMBI;1501;150121;DATA SEKOLAH;UNIT;2023/2024 GENAP;SWASTA;SMK;1
759;15;JAMBI;1501;150121;DATA SEKOLAH;UNIT;2023/2024 GENAP;SWASTA;SLB;0
760;15;JAMBI;1501;150111;DATA SEKOLAH;UNIT;2023/2024 GENAP;SWASTA;TK;6
761;15;JAMBI;1501;150111;DATA SEKOLAH;UNIT;2023/2024 GENAP;SWASTA;KB;12
762;15;JAMBI;1501;150111;DATA SEKOLAH;UNIT;2023/2024 GENAP;SWASTA;TPA;0
763;15;JAMBI;1501;150111;DATA SEKOLAH;UNIT;2023/2024 GENAP;SWASTA;SPS;6
764;15;JAMBI;1501;150111;DATA SEKOLAH;UNIT;2023/2024 GENAP;SWASTA;PKBM;1
765;15;JAMBI;1501;150111;DATA SEKOLAH;UNIT;2023/2024 GENAP;SWASTA;SKB;0
766;15;JAMBI;1501;150111;DATA SEKOLAH;UNIT;2023/2024 GENAP;SWASTA;SD;0
767;15;JAMBI;1501;150111;DATA SEKOLAH;UNIT;2023/2024 GENAP;SWASTA;SMP;0
768;15;JAMBI;1501;150111;DATA SEKOLAH;UNIT;2023/2024 GENAP;SWASTA;SMA;0
769;15;JAMBI;1501;150111;DATA SEKOLAH;UNIT;2023/2024 GENAP;SWASTA;SMK;0
770;15;JAMBI;1501;150111;DATA SEKOLAH;UNIT;2023/2024 GENAP;SWASTA;SLB;1
771;15;JAMBI;1501;150107;DATA SEKOLAH;UNIT;2023/2024 GENAP;SWASTA;TK;1
772;15;JAMBI;1501;150107;DATA SEKOLAH;UNIT;2023/2024 GENAP;SWASTA;KB;10
773;15;JAMBI;1501;150107;DATA SEKOLAH;UNIT;2023/2024 GENAP;SWASTA;TPA;0
774;15;JAMBI;1501;150107;DATA SEKOLAH;UNIT;2023/2024 GENAP;SWASTA;SPS;0
775;15;JAMBI;1501;150107;DATA SEKOLAH;UNIT;2023/2024 GENAP;SWASTA;PKBM;0
776;15;JAMBI;1501;150107;DATA SEKOLAH;UNIT;2023/2024 GENAP;SWASTA;SKB;0
777;15;JAMBI;1501;150107;DATA SEKOLAH;UNIT;2023/2024 GENAP;SWASTA;SD;0
778;15;JAMBI;1501;150107;DATA SEKOLAH;UNIT;2023/2024 GENAP;SWASTA;SMP;0
779;15;JAMBI;1501;150107;DATA SEKOLAH;UNIT;2023/2024 GENAP;SWASTA;SMA;0
780;15;JAMBI;1501;150107;DATA SEKOLAH;UNIT;2023/2024 GENAP;SWASTA;SMK;0
781;15;JAMBI;1501;150107;DATA SEKOLAH;UNIT;2023/2024 GENAP;SWASTA;SLB;0
782;15;JAMBI;1501;150120;DATA SEKOLAH;UNIT;2023/2024 GENAP;SWASTA;TK;3
783;15;JAMBI;1501;150120;DATA SEKOLAH;UNIT;2023/2024 GENAP;SWASTA;KB;14
784;15;JAMBI;1501;150120;DATA SEKOLAH;UNIT;2023/2024 GENAP;SWASTA;TPA;0
785;15;JAMBI;1501;150120;DATA SEKOLAH;UNIT;2023/2024 GENAP;SWASTA;SPS;0
786;15;JAMBI;1501;150120;DATA SEKOLAH;UNIT;2023/2024 GENAP;SWASTA;PKBM;0
787;15;JAMBI;1501;150120;DATA SEKOLAH;UNIT;2023/2024 GENAP;SWASTA;SKB;0
788;15;JAMBI;1501;150120;DATA SEKOLAH;UNIT;2023/2024 GENAP;SWASTA;SD;0
789;15;JAMBI;1501;150120;DATA SEKOLAH;UNIT;2023/2024 GENAP;SWASTA;SMP;0
790;15;JAMBI;1501;150120;DATA SEKOLAH;UNIT;2023/2024 GENAP;SWASTA;SMA;0
791;15;JAMBI;1501;150120;DATA SEKOLAH;UNIT;2023/2024 GENAP;SWASTA;SMK;0
792;15;JAMBI;1501;150120;DATA SEKOLAH;UNIT;2023/2024 GENAP;SWASTA;SLB;0
793;15;JAMBI;1501;150102;DATA SEKOLAH;UNIT;2023/2024 GENAP;SWASTA;TK;6
794;15;JAMBI;1501;150102;DATA SEKOLAH;UNIT;2023/2024 GENAP;SWASTA;KB;7
795;15;JAMBI;1501;150102;DATA SEKOLAH;UNIT;2023/2024 GENAP;SWASTA;TPA;0
796;15;JAMBI;1501;150102;DATA SEKOLAH;UNIT;2023/2024 GENAP;SWASTA;SPS;0
797;15;JAMBI;1501;150102;DATA SEKOLAH;UNIT;2023/2024 GENAP;SWASTA;PKBM;1
798;15;JAMBI;1501;150102;DATA SEKOLAH;UNIT;2023/2024 GENAP;SWASTA;SKB;0
799;15;JAMBI;1501;150102;DATA SEKOLAH;UNIT;2023/2024 GENAP;SWASTA;SD;0
800;15;JAMBI;1501;150102;DATA SEKOLAH;UNIT;2023/2024 GENAP;SWASTA;SMP;0
801;15;JAMBI;1501;150102;DATA SEKOLAH;UNIT;2023/2024 GENAP;SWASTA;SMA;0
802;15;JAMBI;1501;150102;DATA SEKOLAH;UNIT;2023/2024 GENAP;SWASTA;SMK;0
803;15;JAMBI;1501;150102;DATA SEKOLAH;UNIT;2023/2024 GENAP;SWASTA;SLB;0
804;15;JAMBI;1501;150117;DATA SEKOLAH;UNIT;2023/2024 GENAP;SWASTA;TK;6
805;15;JAMBI;1501;150117;DATA SEKOLAH;UNIT;2023/2024 GENAP;SWASTA;KB;16
806;15;JAMBI;1501;150117;DATA SEKOLAH;UNIT;2023/2024 GENAP;SWASTA;TPA;0
807;15;JAMBI;1501;150117;DATA SEKOLAH;UNIT;2023/2024 GENAP;SWASTA;SPS;4
808;15;JAMBI;1501;150117;DATA SEKOLAH;UNIT;2023/2024 GENAP;SWASTA;PKBM;1
809;15;JAMBI;1501;150117;DATA SEKOLAH;UNIT;2023/2024 GENAP;SWASTA;SKB;0
810;15;JAMBI;1501;150117;DATA SEKOLAH;UNIT;2023/2024 GENAP;SWASTA;SD;0
811;15;JAMBI;1501;150117;DATA SEKOLAH;UNIT;2023/2024 GENAP;SWASTA;SMP;0
812;15;JAMBI;1501;150117;DATA SEKOLAH;UNIT;2023/2024 GENAP;SWASTA;SMA;0
813;15;JAMBI;1501;150117;DATA SEKOLAH;UNIT;2023/2024 GENAP;SWASTA;SMK;0
814;15;JAMBI;1501;150117;DATA SEKOLAH;UNIT;2023/2024 GENAP;SWASTA;SLB;0
815;15;JAMBI;1501;150106;DATA SEKOLAH;UNIT;2023/2024 GENAP;SWASTA;TK;0
816;15;JAMBI;1501;150106;DATA SEKOLAH;UNIT;2023/2024 GENAP;SWASTA;KB;19
817;15;JAMBI;1501;150106;DATA SEKOLAH;UNIT;2023/2024 GENAP;SWASTA;TPA;0
818;15;JAMBI;1501;150106;DATA SEKOLAH;UNIT;2023/2024 GENAP;SWASTA;SPS;0
819;15;JAMBI;1501;150106;DATA SEKOLAH;UNIT;2023/2024 GENAP;SWASTA;PKBM;6
820;15;JAMBI;1501;150106;DATA SEKOLAH;UNIT;2023/2024 GENAP;SWASTA;SKB;0
821;15;JAMBI;1501;150106;DATA SEKOLAH;UNIT;2023/2024 GENAP;SWASTA;SD;0
822;15;JAMBI;1501;150106;DATA SEKOLAH;UNIT;2023/2024 GENAP;SWASTA;SMP;0
823;15;JAMBI;1501;150106;DATA SEKOLAH;UNIT;2023/2024 GENAP;SWASTA;SMA;0
824;15;JAMBI;1501;150106;DATA SEKOLAH;UNIT;2023/2024 GENAP;SWASTA;SMK;0
825;15;JAMBI;1501;150106;DATA SEKOLAH;UNIT;2023/2024 GENAP;SWASTA;SLB;0
826;15;JAMBI;1501;150101;DATA SEKOLAH;UNIT;2023/2024 GENAP;SWASTA;TK;1
827;15;JAMBI;1501;150101;DATA SEKOLAH;UNIT;2023/2024 GENAP;SWASTA;KB;8
828;15;JAMBI;1501;150101;DATA SEKOLAH;UNIT;2023/2024 GENAP;SWASTA;TPA;0
829;15;JAMBI;1501;150101;DATA SEKOLAH;UNIT;2023/2024 GENAP;SWASTA;SPS;1
830;15;JAMBI;1501;150101;DATA SEKOLAH;UNIT;2023/2024 GENAP;SWASTA;PKBM;0
831;15;JAMBI;1501;150101;DATA SEKOLAH;UNIT;2023/2024 GENAP;SWASTA;SKB;0
832;15;JAMBI;1501;150101;DATA SEKOLAH;UNIT;2023/2024 GENAP;SWASTA;SD;0
833;15;JAMBI;1501;150101;DATA SEKOLAH;UNIT;2023/2024 GENAP;SWASTA;SMP;0
834;15;JAMBI;1501;150101;DATA SEKOLAH;UNIT;2023/2024 GENAP;SWASTA;SMA;0
835;15;JAMBI;1501;150101;DATA SEKOLAH;UNIT;2023/2024 GENAP;SWASTA;SMK;0
836;15;JAMBI;1501;150101;DATA SEKOLAH;UNIT;2023/2024 GENAP;SWASTA;SLB;0
837;15;JAMBI;1501;150115;DATA SEKOLAH;UNIT;2023/2024 GENAP;SWASTA;TK;1
838;15;JAMBI;1501;150115;DATA SEKOLAH;UNIT;2023/2024 GENAP;SWASTA;KB;14
839;15;JAMBI;1501;150115;DATA SEKOLAH;UNIT;2023/2024 GENAP;SWASTA;TPA;0
840;15;JAMBI;1501;150115;DATA SEKOLAH;UNIT;2023/2024 GENAP;SWASTA;SPS;0
841;15;JAMBI;1501;150115;DATA SEKOLAH;UNIT;2023/2024 GENAP;SWASTA;PKBM;2
842;15;JAMBI;1501;150115;DATA SEKOLAH;UNIT;2023/2024 GENAP;SWASTA;SKB;0
843;15;JAMBI;1501;150115;DATA SEKOLAH;UNIT;2023/2024 GENAP;SWASTA;SD;1
844;15;JAMBI;1501;150115;DATA SEKOLAH;UNIT;2023/2024 GENAP;SWASTA;SMP;0
845;15;JAMBI;1501;150115;DATA SEKOLAH;UNIT;2023/2024 GENAP;SWASTA;SMA;0
846;15;JAMBI;1501;150115;DATA SEKOLAH;UNIT;2023/2024 GENAP;SWASTA;SMK;0
847;15;JAMBI;1501;150115;DATA SEKOLAH;UNIT;2023/2024 GENAP;SWASTA;SLB;0
848;15;JAMBI;1501;150109;DATA SEKOLAH;UNIT;2023/2024 GENAP;SWASTA;TK;9
849;15;JAMBI;1501;150109;DATA SEKOLAH;UNIT;2023/2024 GENAP;SWASTA;KB;18
850;15;JAMBI;1501;150109;DATA SEKOLAH;UNIT;2023/2024 GENAP;SWASTA;TPA;0
851;15;JAMBI;1501;150109;DATA SEKOLAH;UNIT;2023/2024 GENAP;SWASTA;SPS;1
852;15;JAMBI;1501;150109;DATA SEKOLAH;UNIT;2023/2024 GENAP;SWASTA;PKBM;2
853;15;JAMBI;1501;150109;DATA SEKOLAH;UNIT;2023/2024 GENAP;SWASTA;SKB;0
854;15;JAMBI;1501;150109;DATA SEKOLAH;UNIT;2023/2024 GENAP;SWASTA;SD;0
855;15;JAMBI;1501;150109;DATA SEKOLAH;UNIT;2023/2024 GENAP;SWASTA;SMP;0
856;15;JAMBI;1501;150109;DATA SEKOLAH;UNIT;2023/2024 GENAP;SWASTA;SMA;0
857;15;JAMBI;1501;150109;DATA SEKOLAH;UNIT;2023/2024 GENAP;SWASTA;SMK;0
858;15;JAMBI;1501;150109;DATA SEKOLAH;UNIT;2023/2024 GENAP;SWASTA;SLB;0
859;15;JAMBI;1501;150119;DATA SEKOLAH;UNIT;2023/2024 GENAP;SWASTA;TK;1
860;15;JAMBI;1501;150119;DATA SEKOLAH;UNIT;2023/2024 GENAP;SWASTA;KB;10
861;15;JAMBI;1501;150119;DATA SEKOLAH;UNIT;2023/2024 GENAP;SWASTA;TPA;0
862;15;JAMBI;1501;150119;DATA SEKOLAH;UNIT;2023/2024 GENAP;SWASTA;SPS;0
863;15;JAMBI;1501;150119;DATA SEKOLAH;UNIT;2023/2024 GENAP;SWASTA;PKBM;0
864;15;JAMBI;1501;150119;DATA SEKOLAH;UNIT;2023/2024 GENAP;SWASTA;SKB;0
865;15;JAMBI;1501;150119;DATA SEKOLAH;UNIT;2023/2024 GENAP;SWASTA;SD;0
866;15;JAMBI;1501;150119;DATA SEKOLAH;UNIT;2023/2024 GENAP;SWASTA;SMP;0
867;15;JAMBI;1501;150119;DATA SEKOLAH;UNIT;2023/2024 GENAP;SWASTA;SMA;0
868;15;JAMBI;1501;150119;DATA SEKOLAH;UNIT;2023/2024 GENAP;SWASTA;SMK;0
869;15;JAMBI;1501;150119;DATA SEKOLAH;UNIT;2023/2024 GENAP;SWASTA;SLB;0
870;15;JAMBI;1501;150108;DATA SEKOLAH;UNIT;2023/2024 GENAP;SWASTA;TK;7
871;15;JAMBI;1501;150108;DATA SEKOLAH;UNIT;2023/2024 GENAP;SWASTA;KB;19
872;15;JAMBI;1501;150108;DATA SEKOLAH;UNIT;2023/2024 GENAP;SWASTA;TPA;0
873;15;JAMBI;1501;150108;DATA SEKOLAH;UNIT;2023/2024 GENAP;SWASTA;SPS;2
874;15;JAMBI;1501;150108;DATA SEKOLAH;UNIT;2023/2024 GENAP;SWASTA;PKBM;2
875;15;JAMBI;1501;150108;DATA SEKOLAH;UNIT;2023/2024 GENAP;SWASTA;SKB;0
876;15;JAMBI;1501;150108;DATA SEKOLAH;UNIT;2023/2024 GENAP;SWASTA;SD;0
877;15;JAMBI;1501;150108;DATA SEKOLAH;UNIT;2023/2024 GENAP;SWASTA;SMP;0
878;15;JAMBI;1501;150108;DATA SEKOLAH;UNIT;2023/2024 GENAP;SWASTA;SMA;0
879;15;JAMBI;1501;150108;DATA SEKOLAH;UNIT;2023/2024 GENAP;SWASTA;SMK;0
880;15;JAMBI;1501;150108;DATA SEKOLAH;UNIT;2023/2024 GENAP;SWASTA;SLB;0
881;15;JAMBI;1501;150104;DATA SEKOLAH;UNIT;2023/2024 GENAP;SWASTA;TK;1
882;15;JAMBI;1501;150104;DATA SEKOLAH;UNIT;2023/2024 GENAP;SWASTA;KB;11
883;15;JAMBI;1501;150104;DATA SEKOLAH;UNIT;2023/2024 GENAP;SWASTA;TPA;0
884;15;JAMBI;1501;150104;DATA SEKOLAH;UNIT;2023/2024 GENAP;SWASTA;SPS;1
885;15;JAMBI;1501;150104;DATA SEKOLAH;UNIT;2023/2024 GENAP;SWASTA;PKBM;1
886;15;JAMBI;1501;150104;DATA SEKOLAH;UNIT;2023/2024 GENAP;SWASTA;SKB;0
887;15;JAMBI;1501;150104;DATA SEKOLAH;UNIT;2023/2024 GENAP;SWASTA;SD;0
888;15;JAMBI;1501;150104;DATA SEKOLAH;UNIT;2023/2024 GENAP;SWASTA;SMP;1
889;15;JAMBI;1501;150104;DATA SEKOLAH;UNIT;2023/2024 GENAP;SWASTA;SMA;0
890;15;JAMBI;1501;150104;DATA SEKOLAH;UNIT;2023/2024 GENAP;SWASTA;SMK;0
891;15;JAMBI;1501;150104;DATA SEKOLAH;UNIT;2023/2024 GENAP;SWASTA;SLB;0
892;15;JAMBI;1501;150116;DATA SEKOLAH;UNIT;2023/2024 GENAP;SWASTA;TK;7
893;15;JAMBI;1501;150116;DATA SEKOLAH;UNIT;2023/2024 GENAP;SWASTA;KB;25
894;15;JAMBI;1501;150116;DATA SEKOLAH;UNIT;2023/2024 GENAP;SWASTA;TPA;0
895;15;JAMBI;1501;150116;DATA SEKOLAH;UNIT;2023/2024 GENAP;SWASTA;SPS;5
896;15;JAMBI;1501;150116;DATA SEKOLAH;UNIT;2023/2024 GENAP;SWASTA;PKBM;6
897;15;JAMBI;1501;150116;DATA SEKOLAH;UNIT;2023/2024 GENAP;SWASTA;SKB;0
898;15;JAMBI;1501;150116;DATA SEKOLAH;UNIT;2023/2024 GENAP;SWASTA;SD;1
899;15;JAMBI;1501;150116;DATA SEKOLAH;UNIT;2023/2024 GENAP;SWASTA;SMP;0
900;15;JAMBI;1501;150116;DATA SEKOLAH;UNIT;2023/2024 GENAP;SWASTA;SMA;0
901;15;JAMBI;1501;150116;DATA SEKOLAH;UNIT;2023/2024 GENAP;SWASTA;SMK;0
902;15;JAMBI;1501;150116;DATA SEKOLAH;UNIT;2023/2024 GENAP;SWASTA;SLB;0
903;15;JAMBI;1501;150118;DATA SEKOLAH;UNIT;2023/2024 GENAP;SWASTA;TK;6
904;15;JAMBI;1501;150118;DATA SEKOLAH;UNIT;2023/2024 GENAP;SWASTA;KB;14
905;15;JAMBI;1501;150118;DATA SEKOLAH;UNIT;2023/2024 GENAP;SWASTA;TPA;1
906;15;JAMBI;1501;150118;DATA SEKOLAH;UNIT;2023/2024 GENAP;SWASTA;SPS;0
907;15;JAMBI;1501;150118;DATA SEKOLAH;UNIT;2023/2024 GENAP;SWASTA;PKBM;5
908;15;JAMBI;1501;150118;DATA SEKOLAH;UNIT;2023/2024 GENAP;SWASTA;SKB;0
909;15;JAMBI;1501;150118;DATA SEKOLAH;UNIT;2023/2024 GENAP;SWASTA;SD;0
910;15;JAMBI;1501;150118;DATA SEKOLAH;UNIT;2023/2024 GENAP;SWASTA;SMP;0
911;15;JAMBI;1501;150118;DATA SEKOLAH;UNIT;2023/2024 GENAP;SWASTA;SMA;0
912;15;JAMBI;1501;150118;DATA SEKOLAH;UNIT;2023/2024 GENAP;SWASTA;SMK;0
913;15;JAMBI;1501;150118;DATA SEKOLAH;UNIT;2023/2024 GENAP;SWASTA;SLB;0
914;15;JAMBI;1501;150122;DATA SEKOLAH;UNIT;2023/2024 GENAP;SWASTA;TK;0
915;15;JAMBI;1501;150122;DATA SEKOLAH;UNIT;2023/2024 GENAP;SWASTA;KB;10
916;15;JAMBI;1501;150122;DATA SEKOLAH;UNIT;2023/2024 GENAP;SWASTA;TPA;0
917;15;JAMBI;1501;150122;DATA SEKOLAH;UNIT;2023/2024 GENAP;SWASTA;SPS;0
918;15;JAMBI;1501;150122;DATA SEKOLAH;UNIT;2023/2024 GENAP;SWASTA;PKBM;0
919;15;JAMBI;1501;150122;DATA SEKOLAH;UNIT;2023/2024 GENAP;SWASTA;SKB;0
920;15;JAMBI;1501;150122;DATA SEKOLAH;UNIT;2023/2024 GENAP;SWASTA;SD;0
921;15;JAMBI;1501;150122;DATA SEKOLAH;UNIT;2023/2024 GENAP;SWASTA;SMP;0
922;15;JAMBI;1501;150122;DATA SEKOLAH;UNIT;2023/2024 GENAP;SWASTA;SMA;0
923;15;JAMBI;1501;150122;DATA SEKOLAH;UNIT;2023/2024 GENAP;SWASTA;SMK;0
924;15;JAMBI;1501;150122;DATA SEKOLAH;UNIT;2023/2024 GENAP;SWASTA;SLB;0
925;15;JAMBI;1571;157109;DATA SEKOLAH;UNIT;2023/2024 GENAP;NEGERI;TK;0
926;15;JAMBI;1571;157109;DATA SEKOLAH;UNIT;2023/2024 GENAP;NEGERI;KB;0
927;15;JAMBI;1571;157109;DATA SEKOLAH;UNIT;2023/2024 GENAP;NEGERI;TPA;0
928;15;JAMBI;1571;157109;DATA SEKOLAH;UNIT;2023/2024 GENAP;NEGERI;SPS;0
929;15;JAMBI;1571;157109;DATA SEKOLAH;UNIT;2023/2024 GENAP;NEGERI;PKBM;0
930;15;JAMBI;1571;157109;DATA SEKOLAH;UNIT;2023/2024 GENAP;NEGERI;SKB;0
931;15;JAMBI;1571;157109;DATA SEKOLAH;UNIT;2023/2024 GENAP;NEGERI;SD;16
932;15;JAMBI;1571;157109;DATA SEKOLAH;UNIT;2023/2024 GENAP;NEGERI;SMP;2
933;15;JAMBI;1571;157109;DATA SEKOLAH;UNIT;2023/2024 GENAP;NEGERI;SMA;3
934;15;JAMBI;1571;157109;DATA SEKOLAH;UNIT;2023/2024 GENAP;NEGERI;SMK;1
935;15;JAMBI;1571;157109;DATA SEKOLAH;UNIT;2023/2024 GENAP;NEGERI;SLB;0
936;15;JAMBI;1571;157110;DATA SEKOLAH;UNIT;2023/2024 GENAP;NEGERI;TK;1
937;15;JAMBI;1571;157110;DATA SEKOLAH;UNIT;2023/2024 GENAP;NEGERI;KB;0
938;15;JAMBI;1571;157110;DATA SEKOLAH;UNIT;2023/2024 GENAP;NEGERI;TPA;0
939;15;JAMBI;1571;157110;DATA SEKOLAH;UNIT;2023/2024 GENAP;NEGERI;SPS;0
940;15;JAMBI;1571;157110;DATA SEKOLAH;UNIT;2023/2024 GENAP;NEGERI;PKBM;0
941;15;JAMBI;1571;157110;DATA SEKOLAH;UNIT;2023/2024 GENAP;NEGERI;SKB;0
942;15;JAMBI;1571;157110;DATA SEKOLAH;UNIT;2023/2024 GENAP;NEGERI;SD;9
943;15;JAMBI;1571;157110;DATA SEKOLAH;UNIT;2023/2024 GENAP;NEGERI;SMP;1
944;15;JAMBI;1571;157110;DATA SEKOLAH;UNIT;2023/2024 GENAP;NEGERI;SMA;1
945;15;JAMBI;1571;157110;DATA SEKOLAH;UNIT;2023/2024 GENAP;NEGERI;SMK;1
946;15;JAMBI;1571;157110;DATA SEKOLAH;UNIT;2023/2024 GENAP;NEGERI;SLB;1
947;15;JAMBI;1571;157106;DATA SEKOLAH;UNIT;2023/2024 GENAP;NEGERI;TK;0
948;15;JAMBI;1571;157106;DATA SEKOLAH;UNIT;2023/2024 GENAP;NEGERI;KB;0
949;15;JAMBI;1571;157106;DATA SEKOLAH;UNIT;2023/2024 GENAP;NEGERI;TPA;0
950;15;JAMBI;1571;157106;DATA SEKOLAH;UNIT;2023/2024 GENAP;NEGERI;SPS;0
951;15;JAMBI;1571;157106;DATA SEKOLAH;UNIT;2023/2024 GENAP;NEGERI;PKBM;0
952;15;JAMBI;1571;157106;DATA SEKOLAH;UNIT;2023/2024 GENAP;NEGERI;SKB;0
953;15;JAMBI;1571;157106;DATA SEKOLAH;UNIT;2023/2024 GENAP;NEGERI;SD;5
954;15;JAMBI;1571;157106;DATA SEKOLAH;UNIT;2023/2024 GENAP;NEGERI;SMP;1
955;15;JAMBI;1571;157106;DATA SEKOLAH;UNIT;2023/2024 GENAP;NEGERI;SMA;1
956;15;JAMBI;1571;157106;DATA SEKOLAH;UNIT;2023/2024 GENAP;NEGERI;SMK;1
957;15;JAMBI;1571;157106;DATA SEKOLAH;UNIT;2023/2024 GENAP;NEGERI;SLB;0
958;15;JAMBI;1571;157102;DATA SEKOLAH;UNIT;2023/2024 GENAP;NEGERI;TK;0
959;15;JAMBI;1571;157102;DATA SEKOLAH;UNIT;2023/2024 GENAP;NEGERI;KB;0
960;15;JAMBI;1571;157102;DATA SEKOLAH;UNIT;2023/2024 GENAP;NEGERI;TPA;0
961;15;JAMBI;1571;157102;DATA SEKOLAH;UNIT;2023/2024 GENAP;NEGERI;SPS;0
962;15;JAMBI;1571;157102;DATA SEKOLAH;UNIT;2023/2024 GENAP;NEGERI;PKBM;0
963;15;JAMBI;1571;157102;DATA SEKOLAH;UNIT;2023/2024 GENAP;NEGERI;SKB;1
964;15;JAMBI;1571;157102;DATA SEKOLAH;UNIT;2023/2024 GENAP;NEGERI;SD;20
965;15;JAMBI;1571;157102;DATA SEKOLAH;UNIT;2023/2024 GENAP;NEGERI;SMP;1
966;15;JAMBI;1571;157102;DATA SEKOLAH;UNIT;2023/2024 GENAP;NEGERI;SMA;0
967;15;JAMBI;1571;157102;DATA SEKOLAH;UNIT;2023/2024 GENAP;NEGERI;SMK;1
968;15;JAMBI;1571;157102;DATA SEKOLAH;UNIT;2023/2024 GENAP;NEGERI;SLB;1
969;15;JAMBI;1571;157103;DATA SEKOLAH;UNIT;2023/2024 GENAP;NEGERI;TK;0
970;15;JAMBI;1571;157103;DATA SEKOLAH;UNIT;2023/2024 GENAP;NEGERI;KB;0
971;15;JAMBI;1571;157103;DATA SEKOLAH;UNIT;2023/2024 GENAP;NEGERI;TPA;0
972;15;JAMBI;1571;157103;DATA SEKOLAH;UNIT;2023/2024 GENAP;NEGERI;SPS;0
973;15;JAMBI;1571;157103;DATA SEKOLAH;UNIT;2023/2024 GENAP;NEGERI;PKBM;0
974;15;JAMBI;1571;157103;DATA SEKOLAH;UNIT;2023/2024 GENAP;NEGERI;SKB;0
975;15;JAMBI;1571;157103;DATA SEKOLAH;UNIT;2023/2024 GENAP;NEGERI;SD;25
976;15;JAMBI;1571;157103;DATA SEKOLAH;UNIT;2023/2024 GENAP;NEGERI;SMP;4
977;15;JAMBI;1571;157103;DATA SEKOLAH;UNIT;2023/2024 GENAP;NEGERI;SMA;1
978;15;JAMBI;1571;157103;DATA SEKOLAH;UNIT;2023/2024 GENAP;NEGERI;SMK;0
979;15;JAMBI;1571;157103;DATA SEKOLAH;UNIT;2023/2024 GENAP;NEGERI;SLB;0
980;15;JAMBI;1571;157108;DATA SEKOLAH;UNIT;2023/2024 GENAP;NEGERI;TK;0
981;15;JAMBI;1571;157108;DATA SEKOLAH;UNIT;2023/2024 GENAP;NEGERI;KB;0
982;15;JAMBI;1571;157108;DATA SEKOLAH;UNIT;2023/2024 GENAP;NEGERI;TPA;0
983;15;JAMBI;1571;157108;DATA SEKOLAH;UNIT;2023/2024 GENAP;NEGERI;SPS;0
984;15;JAMBI;1571;157108;DATA SEKOLAH;UNIT;2023/2024 GENAP;NEGERI;PKBM;0
985;15;JAMBI;1571;157108;DATA SEKOLAH;UNIT;2023/2024 GENAP;NEGERI;SKB;0
986;15;JAMBI;1571;157108;DATA SEKOLAH;UNIT;2023/2024 GENAP;NEGERI;SD;18
987;15;JAMBI;1571;157108;DATA SEKOLAH;UNIT;2023/2024 GENAP;NEGERI;SMP;1
988;15;JAMBI;1571;157108;DATA SEKOLAH;UNIT;2023/2024 GENAP;NEGERI;SMA;1
989;15;JAMBI;1571;157108;DATA SEKOLAH;UNIT;2023/2024 GENAP;NEGERI;SMK;0
990;15;JAMBI;1571;157108;DATA SEKOLAH;UNIT;2023/2024 GENAP;NEGERI;SLB;0
991;15;JAMBI;1571;157107;DATA SEKOLAH;UNIT;2023/2024 GENAP;NEGERI;TK;1
992;15;JAMBI;1571;157107;DATA SEKOLAH;UNIT;2023/2024 GENAP;NEGERI;KB;0
993;15;JAMBI;1571;157107;DATA SEKOLAH;UNIT;2023/2024 GENAP;NEGERI;TPA;0
994;15;JAMBI;1571;157107;DATA SEKOLAH;UNIT;2023/2024 GENAP;NEGERI;SPS;0
995;15;JAMBI;1571;157107;DATA SEKOLAH;UNIT;2023/2024 GENAP;NEGERI;PKBM;0
996;15;JAMBI;1571;157107;DATA SEKOLAH;UNIT;2023/2024 GENAP;NEGERI;SKB;0
997;15;JAMBI;1571;157107;DATA SEKOLAH;UNIT;2023/2024 GENAP;NEGERI;SD;25
998;15;JAMBI;1571;157107;DATA SEKOLAH;UNIT;2023/2024 GENAP;NEGERI;SMP;6
999;15;JAMBI;1571;157107;DATA SEKOLAH;UNIT;2023/2024 GENAP;NEGERI;SMA;3
1000;15;JAMBI;1571;157107;DATA SEKOLAH;UNIT;2023/2024 GENAP;NEGERI;SMK;0
1001;15;JAMBI;1571;157107;DATA SEKOLAH;UNIT;2023/2024 GENAP;NEGERI;SLB;0
1002;15;JAMBI;1571;157111;DATA SEKOLAH;UNIT;2023/2024 GENAP;NEGERI;TK;0
1003;15;JAMBI;1571;157111;DATA SEKOLAH;UNIT;2023/2024 GENAP;NEGERI;KB;0
1004;15;JAMBI;1571;157111;DATA SEKOLAH;UNIT;2023/2024 GENAP;NEGERI;TPA;0
1005;15;JAMBI;1571;157111;DATA SEKOLAH;UNIT;2023/2024 GENAP;NEGERI;SPS;0
1006;15;JAMBI;1571;157111;DATA SEKOLAH;UNIT;2023/2024 GENAP;NEGERI;PKBM;0
1007;15;JAMBI;1571;157111;DATA SEKOLAH;UNIT;2023/2024 GENAP;NEGERI;SKB;0
1008;15;JAMBI;1571;157111;DATA SEKOLAH;UNIT;2023/2024 GENAP;NEGERI;SD;17
1009;15;JAMBI;1571;157111;DATA SEKOLAH;UNIT;2023/2024 GENAP;NEGERI;SMP;4
1010;15;JAMBI;1571;157111;DATA SEKOLAH;UNIT;2023/2024 GENAP;NEGERI;SMA;2
1011;15;JAMBI;1571;157111;DATA SEKOLAH;UNIT;2023/2024 GENAP;NEGERI;SMK;1
1012;15;JAMBI;1571;157111;DATA SEKOLAH;UNIT;2023/2024 GENAP;NEGERI;SLB;0
1013;15;JAMBI;1571;157104;DATA SEKOLAH;UNIT;2023/2024 GENAP;NEGERI;TK;0
1014;15;JAMBI;1571;157104;DATA SEKOLAH;UNIT;2023/2024 GENAP;NEGERI;KB;0
1015;15;JAMBI;1571;157104;DATA SEKOLAH;UNIT;2023/2024 GENAP;NEGERI;TPA;0
1016;15;JAMBI;1571;157104;DATA SEKOLAH;UNIT;2023/2024 GENAP;NEGERI;SPS;0
1017;15;JAMBI;1571;157104;DATA SEKOLAH;UNIT;2023/2024 GENAP;NEGERI;PKBM;0
1018;15;JAMBI;1571;157104;DATA SEKOLAH;UNIT;2023/2024 GENAP;NEGERI;SKB;0
1019;15;JAMBI;1571;157104;DATA SEKOLAH;UNIT;2023/2024 GENAP;NEGERI;SD;4
1020;15;JAMBI;1571;157104;DATA SEKOLAH;UNIT;2023/2024 GENAP;NEGERI;SMP;2
1021;15;JAMBI;1571;157104;DATA SEKOLAH;UNIT;2023/2024 GENAP;NEGERI;SMA;0
1022;15;JAMBI;1571;157104;DATA SEKOLAH;UNIT;2023/2024 GENAP;NEGERI;SMK;0
1023;15;JAMBI;1571;157104;DATA SEKOLAH;UNIT;2023/2024 GENAP;NEGERI;SLB;0
1024;15;JAMBI;1571;157105;DATA SEKOLAH;UNIT;2023/2024 GENAP;NEGERI;TK;0
1025;15;JAMBI;1571;157105;DATA SEKOLAH;UNIT;2023/2024 GENAP;NEGERI;KB;0
1026;15;JAMBI;1571;157105;DATA SEKOLAH;UNIT;2023/2024 GENAP;NEGERI;TPA;0
1027;15;JAMBI;1571;157105;DATA SEKOLAH;UNIT;2023/2024 GENAP;NEGERI;SPS;0
1028;15;JAMBI;1571;157105;DATA SEKOLAH;UNIT;2023/2024 GENAP;NEGERI;PKBM;0
1029;15;JAMBI;1571;157105;DATA SEKOLAH;UNIT;2023/2024 GENAP;NEGERI;SKB;0
1030;15;JAMBI;1571;157105;DATA SEKOLAH;UNIT;2023/2024 GENAP;NEGERI;SD;4
1031;15;JAMBI;1571;157105;DATA SEKOLAH;UNIT;2023/2024 GENAP;NEGERI;SMP;0
1032;15;JAMBI;1571;157105;DATA SEKOLAH;UNIT;2023/2024 GENAP;NEGERI;SMA;0
1033;15;JAMBI;1571;157105;DATA SEKOLAH;UNIT;2023/2024 GENAP;NEGERI;SMK;0
1034;15;JAMBI;1571;157105;DATA SEKOLAH;UNIT;2023/2024 GENAP;NEGERI;SLB;0
1035;15;JAMBI;1571;157101;DATA SEKOLAH;UNIT;2023/2024 GENAP;NEGERI;TK;0
1036;15;JAMBI;1571;157101;DATA SEKOLAH;UNIT;2023/2024 GENAP;NEGERI;KB;0
1037;15;JAMBI;1571;157101;DATA SEKOLAH;UNIT;2023/2024 GENAP;NEGERI;TPA;0
1038;15;JAMBI;1571;157101;DATA SEKOLAH;UNIT;2023/2024 GENAP;NEGERI;SPS;0
1039;15;JAMBI;1571;157101;DATA SEKOLAH;UNIT;2023/2024 GENAP;NEGERI;PKBM;0
1040;15;JAMBI;1571;157101;DATA SEKOLAH;UNIT;2023/2024 GENAP;NEGERI;SKB;0
1041;15;JAMBI;1571;157101;DATA SEKOLAH;UNIT;2023/2024 GENAP;NEGERI;SD;19
1042;15;JAMBI;1571;157101;DATA SEKOLAH;UNIT;2023/2024 GENAP;NEGERI;SMP;3
1043;15;JAMBI;1571;157101;DATA SEKOLAH;UNIT;2023/2024 GENAP;NEGERI;SMA;2
1044;15;JAMBI;1571;157101;DATA SEKOLAH;UNIT;2023/2024 GENAP;NEGERI;SMK;1
1045;15;JAMBI;1571;157101;DATA SEKOLAH;UNIT;2023/2024 GENAP;NEGERI;SLB;1
1046;15;JAMBI;1571;157109;DATA SEKOLAH;UNIT;2023/2024 GENAP;SWASTA;TK;39
1047;15;JAMBI;1571;157109;DATA SEKOLAH;UNIT;2023/2024 GENAP;SWASTA;KB;18
1048;15;JAMBI;1571;157109;DATA SEKOLAH;UNIT;2023/2024 GENAP;SWASTA;TPA;7
1049;15;JAMBI;1571;157109;DATA SEKOLAH;UNIT;2023/2024 GENAP;SWASTA;SPS;5
1050;15;JAMBI;1571;157109;DATA SEKOLAH;UNIT;2023/2024 GENAP;SWASTA;PKBM;0
1051;15;JAMBI;1571;157109;DATA SEKOLAH;UNIT;2023/2024 GENAP;SWASTA;SKB;0
1052;15;JAMBI;1571;157109;DATA SEKOLAH;UNIT;2023/2024 GENAP;SWASTA;SD;5
1053;15;JAMBI;1571;157109;DATA SEKOLAH;UNIT;2023/2024 GENAP;SWASTA;SMP;4
1054;15;JAMBI;1571;157109;DATA SEKOLAH;UNIT;2023/2024 GENAP;SWASTA;SMA;2
1055;15;JAMBI;1571;157109;DATA SEKOLAH;UNIT;2023/2024 GENAP;SWASTA;SMK;1
1056;15;JAMBI;1571;157109;DATA SEKOLAH;UNIT;2023/2024 GENAP;SWASTA;SLB;1
1057;15;JAMBI;1571;157110;DATA SEKOLAH;UNIT;2023/2024 GENAP;SWASTA;TK;14
1058;15;JAMBI;1571;157110;DATA SEKOLAH;UNIT;2023/2024 GENAP;SWASTA;KB;7
1059;15;JAMBI;1571;157110;DATA SEKOLAH;UNIT;2023/2024 GENAP;SWASTA;TPA;2
1060;15;JAMBI;1571;157110;DATA SEKOLAH;UNIT;2023/2024 GENAP;SWASTA;SPS;2
1061;15;JAMBI;1571;157110;DATA SEKOLAH;UNIT;2023/2024 GENAP;SWASTA;PKBM;0
1062;15;JAMBI;1571;157110;DATA SEKOLAH;UNIT;2023/2024 GENAP;SWASTA;SKB;0
1063;15;JAMBI;1571;157110;DATA SEKOLAH;UNIT;2023/2024 GENAP;SWASTA;SD;5
1064;15;JAMBI;1571;157110;DATA SEKOLAH;UNIT;2023/2024 GENAP;SWASTA;SMP;5
1065;15;JAMBI;1571;157110;DATA SEKOLAH;UNIT;2023/2024 GENAP;SWASTA;SMA;6
1066;15;JAMBI;1571;157110;DATA SEKOLAH;UNIT;2023/2024 GENAP;SWASTA;SMK;5
1067;15;JAMBI;1571;157110;DATA SEKOLAH;UNIT;2023/2024 GENAP;SWASTA;SLB;0
1068;15;JAMBI;1571;157106;DATA SEKOLAH;UNIT;2023/2024 GENAP;SWASTA;TK;3
1069;15;JAMBI;1571;157106;DATA SEKOLAH;UNIT;2023/2024 GENAP;SWASTA;KB;6
1070;15;JAMBI;1571;157106;DATA SEKOLAH;UNIT;2023/2024 GENAP;SWASTA;TPA;0
1071;15;JAMBI;1571;157106;DATA SEKOLAH;UNIT;2023/2024 GENAP;SWASTA;SPS;0
1072;15;JAMBI;1571;157106;DATA SEKOLAH;UNIT;2023/2024 GENAP;SWASTA;PKBM;0
1073;15;JAMBI;1571;157106;DATA SEKOLAH;UNIT;2023/2024 GENAP;SWASTA;SKB;0
1074;15;JAMBI;1571;157106;DATA SEKOLAH;UNIT;2023/2024 GENAP;SWASTA;SD;1
1075;15;JAMBI;1571;157106;DATA SEKOLAH;UNIT;2023/2024 GENAP;SWASTA;SMP;0
1076;15;JAMBI;1571;157106;DATA SEKOLAH;UNIT;2023/2024 GENAP;SWASTA;SMA;0
1077;15;JAMBI;1571;157106;DATA SEKOLAH;UNIT;2023/2024 GENAP;SWASTA;SMK;0
1078;15;JAMBI;1571;157106;DATA SEKOLAH;UNIT;2023/2024 GENAP;SWASTA;SLB;0
1079;15;JAMBI;1571;157102;DATA SEKOLAH;UNIT;2023/2024 GENAP;SWASTA;TK;18
1080;15;JAMBI;1571;157102;DATA SEKOLAH;UNIT;2023/2024 GENAP;SWASTA;KB;8
1081;15;JAMBI;1571;157102;DATA SEKOLAH;UNIT;2023/2024 GENAP;SWASTA;TPA;0
1082;15;JAMBI;1571;157102;DATA SEKOLAH;UNIT;2023/2024 GENAP;SWASTA;SPS;1
1083;15;JAMBI;1571;157102;DATA SEKOLAH;UNIT;2023/2024 GENAP;SWASTA;PKBM;1
1084;15;JAMBI;1571;157102;DATA SEKOLAH;UNIT;2023/2024 GENAP;SWASTA;SKB;0
1085;15;JAMBI;1571;157102;DATA SEKOLAH;UNIT;2023/2024 GENAP;SWASTA;SD;7
1086;15;JAMBI;1571;157102;DATA SEKOLAH;UNIT;2023/2024 GENAP;SWASTA;SMP;8
1087;15;JAMBI;1571;157102;DATA SEKOLAH;UNIT;2023/2024 GENAP;SWASTA;SMA;6
1088;15;JAMBI;1571;157102;DATA SEKOLAH;UNIT;2023/2024 GENAP;SWASTA;SMK;3
1089;15;JAMBI;1571;157102;DATA SEKOLAH;UNIT;2023/2024 GENAP;SWASTA;SLB;1
1090;15;JAMBI;1571;157103;DATA SEKOLAH;UNIT;2023/2024 GENAP;SWASTA;TK;16
1091;15;JAMBI;1571;157103;DATA SEKOLAH;UNIT;2023/2024 GENAP;SWASTA;KB;9
1092;15;JAMBI;1571;157103;DATA SEKOLAH;UNIT;2023/2024 GENAP;SWASTA;TPA;0
1093;15;JAMBI;1571;157103;DATA SEKOLAH;UNIT;2023/2024 GENAP;SWASTA;SPS;0
1094;15;JAMBI;1571;157103;DATA SEKOLAH;UNIT;2023/2024 GENAP;SWASTA;PKBM;2
1095;15;JAMBI;1571;157103;DATA SEKOLAH;UNIT;2023/2024 GENAP;SWASTA;SKB;0
1096;15;JAMBI;1571;157103;DATA SEKOLAH;UNIT;2023/2024 GENAP;SWASTA;SD;7
1097;15;JAMBI;1571;157103;DATA SEKOLAH;UNIT;2023/2024 GENAP;SWASTA;SMP;7
1098;15;JAMBI;1571;157103;DATA SEKOLAH;UNIT;2023/2024 GENAP;SWASTA;SMA;4
1099;15;JAMBI;1571;157103;DATA SEKOLAH;UNIT;2023/2024 GENAP;SWASTA;SMK;4
1100;15;JAMBI;1571;157103;DATA SEKOLAH;UNIT;2023/2024 GENAP;SWASTA;SLB;2
1101;15;JAMBI;1571;157108;DATA SEKOLAH;UNIT;2023/2024 GENAP;SWASTA;TK;15
1102;15;JAMBI;1571;157108;DATA SEKOLAH;UNIT;2023/2024 GENAP;SWASTA;KB;10
1103;15;JAMBI;1571;157108;DATA SEKOLAH;UNIT;2023/2024 GENAP;SWASTA;TPA;1
1104;15;JAMBI;1571;157108;DATA SEKOLAH;UNIT;2023/2024 GENAP;SWASTA;SPS;1
1105;15;JAMBI;1571;157108;DATA SEKOLAH;UNIT;2023/2024 GENAP;SWASTA;PKBM;2
1106;15;JAMBI;1571;157108;DATA SEKOLAH;UNIT;2023/2024 GENAP;SWASTA;SKB;0
1107;15;JAMBI;1571;157108;DATA SEKOLAH;UNIT;2023/2024 GENAP;SWASTA;SD;7
1108;15;JAMBI;1571;157108;DATA SEKOLAH;UNIT;2023/2024 GENAP;SWASTA;SMP;6
1109;15;JAMBI;1571;157108;DATA SEKOLAH;UNIT;2023/2024 GENAP;SWASTA;SMA;5
1110;15;JAMBI;1571;157108;DATA SEKOLAH;UNIT;2023/2024 GENAP;SWASTA;SMK;2
1111;15;JAMBI;1571;157108;DATA SEKOLAH;UNIT;2023/2024 GENAP;SWASTA;SLB;0
1112;15;JAMBI;1571;157107;DATA SEKOLAH;UNIT;2023/2024 GENAP;SWASTA;TK;24
1113;15;JAMBI;1571;157107;DATA SEKOLAH;UNIT;2023/2024 GENAP;SWASTA;KB;8
1114;15;JAMBI;1571;157107;DATA SEKOLAH;UNIT;2023/2024 GENAP;SWASTA;TPA;5
1115;15;JAMBI;1571;157107;DATA SEKOLAH;UNIT;2023/2024 GENAP;SWASTA;SPS;3
1116;15;JAMBI;1571;157107;DATA SEKOLAH;UNIT;2023/2024 GENAP;SWASTA;PKBM;1
1117;15;JAMBI;1571;157107;DATA SEKOLAH;UNIT;2023/2024 GENAP;SWASTA;SKB;0
1118;15;JAMBI;1571;157107;DATA SEKOLAH;UNIT;2023/2024 GENAP;SWASTA;SD;3
1119;15;JAMBI;1571;157107;DATA SEKOLAH;UNIT;2023/2024 GENAP;SWASTA;SMP;4
1120;15;JAMBI;1571;157107;DATA SEKOLAH;UNIT;2023/2024 GENAP;SWASTA;SMA;1
1121;15;JAMBI;1571;157107;DATA SEKOLAH;UNIT;2023/2024 GENAP;SWASTA;SMK;6
1122;15;JAMBI;1571;157107;DATA SEKOLAH;UNIT;2023/2024 GENAP;SWASTA;SLB;0
1123;15;JAMBI;1571;157111;DATA SEKOLAH;UNIT;2023/2024 GENAP;SWASTA;TK;31
1124;15;JAMBI;1571;157111;DATA SEKOLAH;UNIT;2023/2024 GENAP;SWASTA;KB;13
1125;15;JAMBI;1571;157111;DATA SEKOLAH;UNIT;2023/2024 GENAP;SWASTA;TPA;0
1126;15;JAMBI;1571;157111;DATA SEKOLAH;UNIT;2023/2024 GENAP;SWASTA;SPS;2
1127;15;JAMBI;1571;157111;DATA SEKOLAH;UNIT;2023/2024 GENAP;SWASTA;PKBM;5
1128;15;JAMBI;1571;157111;DATA SEKOLAH;UNIT;2023/2024 GENAP;SWASTA;SKB;0
1129;15;JAMBI;1571;157111;DATA SEKOLAH;UNIT;2023/2024 GENAP;SWASTA;SD;3
1130;15;JAMBI;1571;157111;DATA SEKOLAH;UNIT;2023/2024 GENAP;SWASTA;SMP;4
1131;15;JAMBI;1571;157111;DATA SEKOLAH;UNIT;2023/2024 GENAP;SWASTA;SMA;4
1132;15;JAMBI;1571;157111;DATA SEKOLAH;UNIT;2023/2024 GENAP;SWASTA;SMK;6
1133;15;JAMBI;1571;157111;DATA SEKOLAH;UNIT;2023/2024 GENAP;SWASTA;SLB;0
1134;15;JAMBI;1571;157104;DATA SEKOLAH;UNIT;2023/2024 GENAP;SWASTA;TK;6
1135;15;JAMBI;1571;157104;DATA SEKOLAH;UNIT;2023/2024 GENAP;SWASTA;KB;3
1136;15;JAMBI;1571;157104;DATA SEKOLAH;UNIT;2023/2024 GENAP;SWASTA;TPA;0
1137;15;JAMBI;1571;157104;DATA SEKOLAH;UNIT;2023/2024 GENAP;SWASTA;SPS;1
1138;15;JAMBI;1571;157104;DATA SEKOLAH;UNIT;2023/2024 GENAP;SWASTA;PKBM;0
1139;15;JAMBI;1571;157104;DATA SEKOLAH;UNIT;2023/2024 GENAP;SWASTA;SKB;0
1140;15;JAMBI;1571;157104;DATA SEKOLAH;UNIT;2023/2024 GENAP;SWASTA;SD;3
1141;15;JAMBI;1571;157104;DATA SEKOLAH;UNIT;2023/2024 GENAP;SWASTA;SMP;1
1142;15;JAMBI;1571;157104;DATA SEKOLAH;UNIT;2023/2024 GENAP;SWASTA;SMA;0
1143;15;JAMBI;1571;157104;DATA SEKOLAH;UNIT;2023/2024 GENAP;SWASTA;SMK;1
1144;15;JAMBI;1571;157104;DATA SEKOLAH;UNIT;2023/2024 GENAP;SWASTA;SLB;0
1145;15;JAMBI;1571;157105;DATA SEKOLAH;UNIT;2023/2024 GENAP;SWASTA;TK;3
1146;15;JAMBI;1571;157105;DATA SEKOLAH;UNIT;2023/2024 GENAP;SWASTA;KB;8
1147;15;JAMBI;1571;157105;DATA SEKOLAH;UNIT;2023/2024 GENAP;SWASTA;TPA;0
1148;15;JAMBI;1571;157105;DATA SEKOLAH;UNIT;2023/2024 GENAP;SWASTA;SPS;1
1149;15;JAMBI;1571;157105;DATA SEKOLAH;UNIT;2023/2024 GENAP;SWASTA;PKBM;0
1150;15;JAMBI;1571;157105;DATA SEKOLAH;UNIT;2023/2024 GENAP;SWASTA;SKB;0
1151;15;JAMBI;1571;157105;DATA SEKOLAH;UNIT;2023/2024 GENAP;SWASTA;SD;0
1152;15;JAMBI;1571;157105;DATA SEKOLAH;UNIT;2023/2024 GENAP;SWASTA;SMP;0
1153;15;JAMBI;1571;157105;DATA SEKOLAH;UNIT;2023/2024 GENAP;SWASTA;SMA;0
1154;15;JAMBI;1571;157105;DATA SEKOLAH;UNIT;2023/2024 GENAP;SWASTA;SMK;0
1155;15;JAMBI;1571;157105;DATA SEKOLAH;UNIT;2023/2024 GENAP;SWASTA;SLB;0
1156;15;JAMBI;1571;157101;DATA SEKOLAH;UNIT;2023/2024 GENAP;SWASTA;TK;20
1157;15;JAMBI;1571;157101;DATA SEKOLAH;UNIT;2023/2024 GENAP;SWASTA;KB;8
1158;15;JAMBI;1571;157101;DATA SEKOLAH;UNIT;2023/2024 GENAP;SWASTA;TPA;7
1159;15;JAMBI;1571;157101;DATA SEKOLAH;UNIT;2023/2024 GENAP;SWASTA;SPS;1
1160;15;JAMBI;1571;157101;DATA SEKOLAH;UNIT;2023/2024 GENAP;SWASTA;PKBM;3
1161;15;JAMBI;1571;157101;DATA SEKOLAH;UNIT;2023/2024 GENAP;SWASTA;SKB;0
1162;15;JAMBI;1571;157101;DATA SEKOLAH;UNIT;2023/2024 GENAP;SWASTA;SD;5
1163;15;JAMBI;1571;157101;DATA SEKOLAH;UNIT;2023/2024 GENAP;SWASTA;SMP;9
1164;15;JAMBI;1571;157101;DATA SEKOLAH;UNIT;2023/2024 GENAP;SWASTA;SMA;5
1165;15;JAMBI;1571;157101;DATA SEKOLAH;UNIT;2023/2024 GENAP;SWASTA;SMK;0
1166;15;JAMBI;1571;157101;DATA SEKOLAH;UNIT;2023/2024 GENAP;SWASTA;SLB;1
1167;15;JAMBI;1572;157203;DATA SEKOLAH;UNIT;2023/2024 GENAP;NEGERI;TK;1
1168;15;JAMBI;1572;157203;DATA SEKOLAH;UNIT;2023/2024 GENAP;NEGERI;KB;0
1169;15;JAMBI;1572;157203;DATA SEKOLAH;UNIT;2023/2024 GENAP;NEGERI;TPA;0
1170;15;JAMBI;1572;157203;DATA SEKOLAH;UNIT;2023/2024 GENAP;NEGERI;SPS;0
1171;15;JAMBI;1572;157203;DATA SEKOLAH;UNIT;2023/2024 GENAP;NEGERI;PKBM;0
1172;15;JAMBI;1572;157203;DATA SEKOLAH;UNIT;2023/2024 GENAP;NEGERI;SKB;0
1173;15;JAMBI;1572;157203;DATA SEKOLAH;UNIT;2023/2024 GENAP;NEGERI;SD;11
1174;15;JAMBI;1572;157203;DATA SEKOLAH;UNIT;2023/2024 GENAP;NEGERI;SMP;1
1175;15;JAMBI;1572;157203;DATA SEKOLAH;UNIT;2023/2024 GENAP;NEGERI;SMA;1
1176;15;JAMBI;1572;157203;DATA SEKOLAH;UNIT;2023/2024 GENAP;NEGERI;SMK;0
1177;15;JAMBI;1572;157203;DATA SEKOLAH;UNIT;2023/2024 GENAP;NEGERI;SLB;0
1178;15;JAMBI;1572;157207;DATA SEKOLAH;UNIT;2023/2024 GENAP;NEGERI;TK;1
1179;15;JAMBI;1572;157207;DATA SEKOLAH;UNIT;2023/2024 GENAP;NEGERI;KB;0
1180;15;JAMBI;1572;157207;DATA SEKOLAH;UNIT;2023/2024 GENAP;NEGERI;TPA;0
1181;15;JAMBI;1572;157207;DATA SEKOLAH;UNIT;2023/2024 GENAP;NEGERI;SPS;0
1182;15;JAMBI;1572;157207;DATA SEKOLAH;UNIT;2023/2024 GENAP;NEGERI;PKBM;0
1183;15;JAMBI;1572;157207;DATA SEKOLAH;UNIT;2023/2024 GENAP;NEGERI;SKB;0
1184;15;JAMBI;1572;157207;DATA SEKOLAH;UNIT;2023/2024 GENAP;NEGERI;SD;4
1185;15;JAMBI;1572;157207;DATA SEKOLAH;UNIT;2023/2024 GENAP;NEGERI;SMP;1
1186;15;JAMBI;1572;157207;DATA SEKOLAH;UNIT;2023/2024 GENAP;NEGERI;SMA;1
1187;15;JAMBI;1572;157207;DATA SEKOLAH;UNIT;2023/2024 GENAP;NEGERI;SMK;0
1188;15;JAMBI;1572;157207;DATA SEKOLAH;UNIT;2023/2024 GENAP;NEGERI;SLB;0
1189;15;JAMBI;1572;157205;DATA SEKOLAH;UNIT;2023/2024 GENAP;NEGERI;TK;1
1190;15;JAMBI;1572;157205;DATA SEKOLAH;UNIT;2023/2024 GENAP;NEGERI;KB;0
1191;15;JAMBI;1572;157205;DATA SEKOLAH;UNIT;2023/2024 GENAP;NEGERI;TPA;0
1192;15;JAMBI;1572;157205;DATA SEKOLAH;UNIT;2023/2024 GENAP;NEGERI;SPS;0
1193;15;JAMBI;1572;157205;DATA SEKOLAH;UNIT;2023/2024 GENAP;NEGERI;PKBM;0
1194;15;JAMBI;1572;157205;DATA SEKOLAH;UNIT;2023/2024 GENAP;NEGERI;SKB;0
1195;15;JAMBI;1572;157205;DATA SEKOLAH;UNIT;2023/2024 GENAP;NEGERI;SD;10
1196;15;JAMBI;1572;157205;DATA SEKOLAH;UNIT;2023/2024 GENAP;NEGERI;SMP;1
1197;15;JAMBI;1572;157205;DATA SEKOLAH;UNIT;2023/2024 GENAP;NEGERI;SMA;0
1198;15;JAMBI;1572;157205;DATA SEKOLAH;UNIT;2023/2024 GENAP;NEGERI;SMK;2
1199;15;JAMBI;1572;157205;DATA SEKOLAH;UNIT;2023/2024 GENAP;NEGERI;SLB;1
1200;15;JAMBI;1572;157202;DATA SEKOLAH;UNIT;2023/2024 GENAP;NEGERI;TK;1
1201;15;JAMBI;1572;157202;DATA SEKOLAH;UNIT;2023/2024 GENAP;NEGERI;KB;0
1202;15;JAMBI;1572;157202;DATA SEKOLAH;UNIT;2023/2024 GENAP;NEGERI;TPA;0
1203;15;JAMBI;1572;157202;DATA SEKOLAH;UNIT;2023/2024 GENAP;NEGERI;SPS;0
1204;15;JAMBI;1572;157202;DATA SEKOLAH;UNIT;2023/2024 GENAP;NEGERI;PKBM;0
1205;15;JAMBI;1572;157202;DATA SEKOLAH;UNIT;2023/2024 GENAP;NEGERI;SKB;0
1206;15;JAMBI;1572;157202;DATA SEKOLAH;UNIT;2023/2024 GENAP;NEGERI;SD;8
1207;15;JAMBI;1572;157202;DATA SEKOLAH;UNIT;2023/2024 GENAP;NEGERI;SMP;2
1208;15;JAMBI;1572;157202;DATA SEKOLAH;UNIT;2023/2024 GENAP;NEGERI;SMA;0
1209;15;JAMBI;1572;157202;DATA SEKOLAH;UNIT;2023/2024 GENAP;NEGERI;SMK;2
1210;15;JAMBI;1572;157202;DATA SEKOLAH;UNIT;2023/2024 GENAP;NEGERI;SLB;0
1211;15;JAMBI;1572;157206;DATA SEKOLAH;UNIT;2023/2024 GENAP;NEGERI;TK;1
1212;15;JAMBI;1572;157206;DATA SEKOLAH;UNIT;2023/2024 GENAP;NEGERI;KB;0
1213;15;JAMBI;1572;157206;DATA SEKOLAH;UNIT;2023/2024 GENAP;NEGERI;TPA;0
1214;15;JAMBI;1572;157206;DATA SEKOLAH;UNIT;2023/2024 GENAP;NEGERI;SPS;0
1215;15;JAMBI;1572;157206;DATA SEKOLAH;UNIT;2023/2024 GENAP;NEGERI;PKBM;0
1216;15;JAMBI;1572;157206;DATA SEKOLAH;UNIT;2023/2024 GENAP;NEGERI;SKB;0
1217;15;JAMBI;1572;157206;DATA SEKOLAH;UNIT;2023/2024 GENAP;NEGERI;SD;10
1218;15;JAMBI;1572;157206;DATA SEKOLAH;UNIT;2023/2024 GENAP;NEGERI;SMP;1
1219;15;JAMBI;1572;157206;DATA SEKOLAH;UNIT;2023/2024 GENAP;NEGERI;SMA;1
1220;15;JAMBI;1572;157206;DATA SEKOLAH;UNIT;2023/2024 GENAP;NEGERI;SMK;0
1221;15;JAMBI;1572;157206;DATA SEKOLAH;UNIT;2023/2024 GENAP;NEGERI;SLB;0
1222;15;JAMBI;1572;157208;DATA SEKOLAH;UNIT;2023/2024 GENAP;NEGERI;TK;1
1223;15;JAMBI;1572;157208;DATA SEKOLAH;UNIT;2023/2024 GENAP;NEGERI;KB;0
1224;15;JAMBI;1572;157208;DATA SEKOLAH;UNIT;2023/2024 GENAP;NEGERI;TPA;0
1225;15;JAMBI;1572;157208;DATA SEKOLAH;UNIT;2023/2024 GENAP;NEGERI;SPS;0
1226;15;JAMBI;1572;157208;DATA SEKOLAH;UNIT;2023/2024 GENAP;NEGERI;PKBM;0
1227;15;JAMBI;1572;157208;DATA SEKOLAH;UNIT;2023/2024 GENAP;NEGERI;SKB;0
1228;15;JAMBI;1572;157208;DATA SEKOLAH;UNIT;2023/2024 GENAP;NEGERI;SD;9
1229;15;JAMBI;1572;157208;DATA SEKOLAH;UNIT;2023/2024 GENAP;NEGERI;SMP;1
1230;15;JAMBI;1572;157208;DATA SEKOLAH;UNIT;2023/2024 GENAP;NEGERI;SMA;0
1231;15;JAMBI;1572;157208;DATA SEKOLAH;UNIT;2023/2024 GENAP;NEGERI;SMK;0
1232;15;JAMBI;1572;157208;DATA SEKOLAH;UNIT;2023/2024 GENAP;NEGERI;SLB;0
1233;15;JAMBI;1572;157201;DATA SEKOLAH;UNIT;2023/2024 GENAP;NEGERI;TK;1
1234;15;JAMBI;1572;157201;DATA SEKOLAH;UNIT;2023/2024 GENAP;NEGERI;KB;0
1235;15;JAMBI;1572;157201;DATA SEKOLAH;UNIT;2023/2024 GENAP;NEGERI;TPA;0
1236;15;JAMBI;1572;157201;DATA SEKOLAH;UNIT;2023/2024 GENAP;NEGERI;SPS;0
1237;15;JAMBI;1572;157201;DATA SEKOLAH;UNIT;2023/2024 GENAP;NEGERI;PKBM;0
1238;15;JAMBI;1572;157201;DATA SEKOLAH;UNIT;2023/2024 GENAP;NEGERI;SKB;0
1239;15;JAMBI;1572;157201;DATA SEKOLAH;UNIT;2023/2024 GENAP;NEGERI;SD;7
1240;15;JAMBI;1572;157201;DATA SEKOLAH;UNIT;2023/2024 GENAP;NEGERI;SMP;4
1241;15;JAMBI;1572;157201;DATA SEKOLAH;UNIT;2023/2024 GENAP;NEGERI;SMA;2
1242;15;JAMBI;1572;157201;DATA SEKOLAH;UNIT;2023/2024 GENAP;NEGERI;SMK;0
1243;15;JAMBI;1572;157201;DATA SEKOLAH;UNIT;2023/2024 GENAP;NEGERI;SLB;0
1244;15;JAMBI;1572;157204;DATA SEKOLAH;UNIT;2023/2024 GENAP;NEGERI;TK;1
1245;15;JAMBI;1572;157204;DATA SEKOLAH;UNIT;2023/2024 GENAP;NEGERI;KB;0
1246;15;JAMBI;1572;157204;DATA SEKOLAH;UNIT;2023/2024 GENAP;NEGERI;TPA;0
1247;15;JAMBI;1572;157204;DATA SEKOLAH;UNIT;2023/2024 GENAP;NEGERI;SPS;0
1248;15;JAMBI;1572;157204;DATA SEKOLAH;UNIT;2023/2024 GENAP;NEGERI;PKBM;0
1249;15;JAMBI;1572;157204;DATA SEKOLAH;UNIT;2023/2024 GENAP;NEGERI;SKB;0
1250;15;JAMBI;1572;157204;DATA SEKOLAH;UNIT;2023/2024 GENAP;NEGERI;SD;10
1251;15;JAMBI;1572;157204;DATA SEKOLAH;UNIT;2023/2024 GENAP;NEGERI;SMP;2
1252;15;JAMBI;1572;157204;DATA SEKOLAH;UNIT;2023/2024 GENAP;NEGERI;SMA;0
1253;15;JAMBI;1572;157204;DATA SEKOLAH;UNIT;2023/2024 GENAP;NEGERI;SMK;1
1254;15;JAMBI;1572;157204;DATA SEKOLAH;UNIT;2023/2024 GENAP;NEGERI;SLB;0
1255;15;JAMBI;1572;157203;DATA SEKOLAH;UNIT;2023/2024 GENAP;SWASTA;TK;6
1256;15;JAMBI;1572;157203;DATA SEKOLAH;UNIT;2023/2024 GENAP;SWASTA;KB;13
1257;15;JAMBI;1572;157203;DATA SEKOLAH;UNIT;2023/2024 GENAP;SWASTA;TPA;0
1258;15;JAMBI;1572;157203;DATA SEKOLAH;UNIT;2023/2024 GENAP;SWASTA;SPS;7
1259;15;JAMBI;1572;157203;DATA SEKOLAH;UNIT;2023/2024 GENAP;SWASTA;PKBM;2
1260;15;JAMBI;1572;157203;DATA SEKOLAH;UNIT;2023/2024 GENAP;SWASTA;SKB;0
1261;15;JAMBI;1572;157203;DATA SEKOLAH;UNIT;2023/2024 GENAP;SWASTA;SD;0
1262;15;JAMBI;1572;157203;DATA SEKOLAH;UNIT;2023/2024 GENAP;SWASTA;SMP;0
1263;15;JAMBI;1572;157203;DATA SEKOLAH;UNIT;2023/2024 GENAP;SWASTA;SMA;0
1264;15;JAMBI;1572;157203;DATA SEKOLAH;UNIT;2023/2024 GENAP;SWASTA;SMK;0
1265;15;JAMBI;1572;157203;DATA SEKOLAH;UNIT;2023/2024 GENAP;SWASTA;SLB;0
1266;15;JAMBI;1572;157207;DATA SEKOLAH;UNIT;2023/2024 GENAP;SWASTA;TK;6
1267;15;JAMBI;1572;157207;DATA SEKOLAH;UNIT;2023/2024 GENAP;SWASTA;KB;9
1268;15;JAMBI;1572;157207;DATA SEKOLAH;UNIT;2023/2024 GENAP;SWASTA;TPA;0
1269;15;JAMBI;1572;157207;DATA SEKOLAH;UNIT;2023/2024 GENAP;SWASTA;SPS;1
1270;15;JAMBI;1572;157207;DATA SEKOLAH;UNIT;2023/2024 GENAP;SWASTA;PKBM;1
1271;15;JAMBI;1572;157207;DATA SEKOLAH;UNIT;2023/2024 GENAP;SWASTA;SKB;0
1272;15;JAMBI;1572;157207;DATA SEKOLAH;UNIT;2023/2024 GENAP;SWASTA;SD;0
1273;15;JAMBI;1572;157207;DATA SEKOLAH;UNIT;2023/2024 GENAP;SWASTA;SMP;0
1274;15;JAMBI;1572;157207;DATA SEKOLAH;UNIT;2023/2024 GENAP;SWASTA;SMA;0
1275;15;JAMBI;1572;157207;DATA SEKOLAH;UNIT;2023/2024 GENAP;SWASTA;SMK;0
1276;15;JAMBI;1572;157207;DATA SEKOLAH;UNIT;2023/2024 GENAP;SWASTA;SLB;0
1277;15;JAMBI;1572;157205;DATA SEKOLAH;UNIT;2023/2024 GENAP;SWASTA;TK;2
1278;15;JAMBI;1572;157205;DATA SEKOLAH;UNIT;2023/2024 GENAP;SWASTA;KB;6
1279;15;JAMBI;1572;157205;DATA SEKOLAH;UNIT;2023/2024 GENAP;SWASTA;TPA;0
1280;15;JAMBI;1572;157205;DATA SEKOLAH;UNIT;2023/2024 GENAP;SWASTA;SPS;5
1281;15;JAMBI;1572;157205;DATA SEKOLAH;UNIT;2023/2024 GENAP;SWASTA;PKBM;1
1282;15;JAMBI;1572;157205;DATA SEKOLAH;UNIT;2023/2024 GENAP;SWASTA;SKB;0
1283;15;JAMBI;1572;157205;DATA SEKOLAH;UNIT;2023/2024 GENAP;SWASTA;SD;0
1284;15;JAMBI;1572;157205;DATA SEKOLAH;UNIT;2023/2024 GENAP;SWASTA;SMP;0
1285;15;JAMBI;1572;157205;DATA SEKOLAH;UNIT;2023/2024 GENAP;SWASTA;SMA;0
1286;15;JAMBI;1572;157205;DATA SEKOLAH;UNIT;2023/2024 GENAP;SWASTA;SMK;0
1287;15;JAMBI;1572;157205;DATA SEKOLAH;UNIT;2023/2024 GENAP;SWASTA;SLB;0
1288;15;JAMBI;1572;157202;DATA SEKOLAH;UNIT;2023/2024 GENAP;SWASTA;TK;2
1289;15;JAMBI;1572;157202;DATA SEKOLAH;UNIT;2023/2024 GENAP;SWASTA;KB;6
1290;15;JAMBI;1572;157202;DATA SEKOLAH;UNIT;2023/2024 GENAP;SWASTA;TPA;1
1291;15;JAMBI;1572;157202;DATA SEKOLAH;UNIT;2023/2024 GENAP;SWASTA;SPS;7
1292;15;JAMBI;1572;157202;DATA SEKOLAH;UNIT;2023/2024 GENAP;SWASTA;PKBM;1
1293;15;JAMBI;1572;157202;DATA SEKOLAH;UNIT;2023/2024 GENAP;SWASTA;SKB;0
1294;15;JAMBI;1572;157202;DATA SEKOLAH;UNIT;2023/2024 GENAP;SWASTA;SD;0
1295;15;JAMBI;1572;157202;DATA SEKOLAH;UNIT;2023/2024 GENAP;SWASTA;SMP;0
1296;15;JAMBI;1572;157202;DATA SEKOLAH;UNIT;2023/2024 GENAP;SWASTA;SMA;0
1297;15;JAMBI;1572;157202;DATA SEKOLAH;UNIT;2023/2024 GENAP;SWASTA;SMK;0
1298;15;JAMBI;1572;157202;DATA SEKOLAH;UNIT;2023/2024 GENAP;SWASTA;SLB;0
1299;15;JAMBI;1572;157206;DATA SEKOLAH;UNIT;2023/2024 GENAP;SWASTA;TK;8
1300;15;JAMBI;1572;157206;DATA SEKOLAH;UNIT;2023/2024 GENAP;SWASTA;KB;8
1301;15;JAMBI;1572;157206;DATA SEKOLAH;UNIT;2023/2024 GENAP;SWASTA;TPA;1
1302;15;JAMBI;1572;157206;DATA SEKOLAH;UNIT;2023/2024 GENAP;SWASTA;SPS;1
1303;15;JAMBI;1572;157206;DATA SEKOLAH;UNIT;2023/2024 GENAP;SWASTA;PKBM;2
1304;15;JAMBI;1572;157206;DATA SEKOLAH;UNIT;2023/2024 GENAP;SWASTA;SKB;0
1305;15;JAMBI;1572;157206;DATA SEKOLAH;UNIT;2023/2024 GENAP;SWASTA;SD;0
1306;15;JAMBI;1572;157206;DATA SEKOLAH;UNIT;2023/2024 GENAP;SWASTA;SMP;0
1307;15;JAMBI;1572;157206;DATA SEKOLAH;UNIT;2023/2024 GENAP;SWASTA;SMA;0
1308;15;JAMBI;1572;157206;DATA SEKOLAH;UNIT;2023/2024 GENAP;SWASTA;SMK;0
1309;15;JAMBI;1572;157206;DATA SEKOLAH;UNIT;2023/2024 GENAP;SWASTA;SLB;0
1310;15;JAMBI;1572;157208;DATA SEKOLAH;UNIT;2023/2024 GENAP;SWASTA;TK;5
1311;15;JAMBI;1572;157208;DATA SEKOLAH;UNIT;2023/2024 GENAP;SWASTA;KB;4
1312;15;JAMBI;1572;157208;DATA SEKOLAH;UNIT;2023/2024 GENAP;SWASTA;TPA;2
1313;15;JAMBI;1572;157208;DATA SEKOLAH;UNIT;2023/2024 GENAP;SWASTA;SPS;3
1314;15;JAMBI;1572;157208;DATA SEKOLAH;UNIT;2023/2024 GENAP;SWASTA;PKBM;1
1315;15;JAMBI;1572;157208;DATA SEKOLAH;UNIT;2023/2024 GENAP;SWASTA;SKB;0
1316;15;JAMBI;1572;157208;DATA SEKOLAH;UNIT;2023/2024 GENAP;SWASTA;SD;2
1317;15;JAMBI;1572;157208;DATA SEKOLAH;UNIT;2023/2024 GENAP;SWASTA;SMP;1
1318;15;JAMBI;1572;157208;DATA SEKOLAH;UNIT;2023/2024 GENAP;SWASTA;SMA;0
1319;15;JAMBI;1572;157208;DATA SEKOLAH;UNIT;2023/2024 GENAP;SWASTA;SMK;0
1320;15;JAMBI;1572;157208;DATA SEKOLAH;UNIT;2023/2024 GENAP;SWASTA;SLB;0
1321;15;JAMBI;1572;157201;DATA SEKOLAH;UNIT;2023/2024 GENAP;SWASTA;TK;5
1322;15;JAMBI;1572;157201;DATA SEKOLAH;UNIT;2023/2024 GENAP;SWASTA;KB;2
1323;15;JAMBI;1572;157201;DATA SEKOLAH;UNIT;2023/2024 GENAP;SWASTA;TPA;0
1324;15;JAMBI;1572;157201;DATA SEKOLAH;UNIT;2023/2024 GENAP;SWASTA;SPS;0
1325;15;JAMBI;1572;157201;DATA SEKOLAH;UNIT;2023/2024 GENAP;SWASTA;PKBM;0
1326;15;JAMBI;1572;157201;DATA SEKOLAH;UNIT;2023/2024 GENAP;SWASTA;SKB;0
1327;15;JAMBI;1572;157201;DATA SEKOLAH;UNIT;2023/2024 GENAP;SWASTA;SD;3
1328;15;JAMBI;1572;157201;DATA SEKOLAH;UNIT;2023/2024 GENAP;SWASTA;SMP;1
1329;15;JAMBI;1572;157201;DATA SEKOLAH;UNIT;2023/2024 GENAP;SWASTA;SMA;0
1330;15;JAMBI;1572;157201;DATA SEKOLAH;UNIT;2023/2024 GENAP;SWASTA;SMK;0
1331;15;JAMBI;1572;157201;DATA SEKOLAH;UNIT;2023/2024 GENAP;SWASTA;SLB;0
1332;15;JAMBI;1572;157204;DATA SEKOLAH;UNIT;2023/2024 GENAP;SWASTA;TK;1
1333;15;JAMBI;1572;157204;DATA SEKOLAH;UNIT;2023/2024 GENAP;SWASTA;KB;13
1334;15;JAMBI;1572;157204;DATA SEKOLAH;UNIT;2023/2024 GENAP;SWASTA;TPA;0
1335;15;JAMBI;1572;157204;DATA SEKOLAH;UNIT;2023/2024 GENAP;SWASTA;SPS;0
1336;15;JAMBI;1572;157204;DATA SEKOLAH;UNIT;2023/2024 GENAP;SWASTA;PKBM;1
1337;15;JAMBI;1572;157204;DATA SEKOLAH;UNIT;2023/2024 GENAP;SWASTA;SKB;0
1338;15;JAMBI;1572;157204;DATA SEKOLAH;UNIT;2023/2024 GENAP;SWASTA;SD;0
1339;15;JAMBI;1572;157204;DATA SEKOLAH;UNIT;2023/2024 GENAP;SWASTA;SMP;0
1340;15;JAMBI;1572;157204;DATA SEKOLAH;UNIT;2023/2024 GENAP;SWASTA;SMA;0
1341;15;JAMBI;1572;157204;DATA SEKOLAH;UNIT;2023/2024 GENAP;SWASTA;SMK;0
1342;15;JAMBI;1572;157204;DATA SEKOLAH;UNIT;2023/2024 GENAP;SWASTA;SLB;0
1343;15;JAMBI;1502;150202;DATA SEKOLAH;UNIT;2023/2024 GENAP;NEGERI;TK;3
1344;15;JAMBI;1502;150202;DATA SEKOLAH;UNIT;2023/2024 GENAP;NEGERI;KB;0
1345;15;JAMBI;1502;150202;DATA SEKOLAH;UNIT;2023/2024 GENAP;NEGERI;TPA;0
1346;15;JAMBI;1502;150202;DATA SEKOLAH;UNIT;2023/2024 GENAP;NEGERI;SPS;0
1347;15;JAMBI;1502;150202;DATA SEKOLAH;UNIT;2023/2024 GENAP;NEGERI;PKBM;0
1348;15;JAMBI;1502;150202;DATA SEKOLAH;UNIT;2023/2024 GENAP;NEGERI;SKB;0
1349;15;JAMBI;1502;150202;DATA SEKOLAH;UNIT;2023/2024 GENAP;NEGERI;SD;23
1350;15;JAMBI;1502;150202;DATA SEKOLAH;UNIT;2023/2024 GENAP;NEGERI;SMP;5
1351;15;JAMBI;1502;150202;DATA SEKOLAH;UNIT;2023/2024 GENAP;NEGERI;SMA;3
1352;15;JAMBI;1502;150202;DATA SEKOLAH;UNIT;2023/2024 GENAP;NEGERI;SMK;1
1353;15;JAMBI;1502;150202;DATA SEKOLAH;UNIT;2023/2024 GENAP;NEGERI;SLB;1
1354;15;JAMBI;1502;150210;DATA SEKOLAH;UNIT;2023/2024 GENAP;NEGERI;TK;0
1355;15;JAMBI;1502;150210;DATA SEKOLAH;UNIT;2023/2024 GENAP;NEGERI;KB;0
1356;15;JAMBI;1502;150210;DATA SEKOLAH;UNIT;2023/2024 GENAP;NEGERI;TPA;0
1357;15;JAMBI;1502;150210;DATA SEKOLAH;UNIT;2023/2024 GENAP;NEGERI;SPS;0
1358;15;JAMBI;1502;150210;DATA SEKOLAH;UNIT;2023/2024 GENAP;NEGERI;PKBM;0
1359;15;JAMBI;1502;150210;DATA SEKOLAH;UNIT;2023/2024 GENAP;NEGERI;SKB;0
1360;15;JAMBI;1502;150210;DATA SEKOLAH;UNIT;2023/2024 GENAP;NEGERI;SD;11
1361;15;JAMBI;1502;150210;DATA SEKOLAH;UNIT;2023/2024 GENAP;NEGERI;SMP;2
1362;15;JAMBI;1502;150210;DATA SEKOLAH;UNIT;2023/2024 GENAP;NEGERI;SMA;0
1363;15;JAMBI;1502;150210;DATA SEKOLAH;UNIT;2023/2024 GENAP;NEGERI;SMK;0
1364;15;JAMBI;1502;150210;DATA SEKOLAH;UNIT;2023/2024 GENAP;NEGERI;SLB;0
1365;15;JAMBI;1502;150212;DATA SEKOLAH;UNIT;2023/2024 GENAP;NEGERI;TK;0
1366;15;JAMBI;1502;150212;DATA SEKOLAH;UNIT;2023/2024 GENAP;NEGERI;KB;0
1367;15;JAMBI;1502;150212;DATA SEKOLAH;UNIT;2023/2024 GENAP;NEGERI;TPA;0
1368;15;JAMBI;1502;150212;DATA SEKOLAH;UNIT;2023/2024 GENAP;NEGERI;SPS;0
1369;15;JAMBI;1502;150212;DATA SEKOLAH;UNIT;2023/2024 GENAP;NEGERI;PKBM;0
1370;15;JAMBI;1502;150212;DATA SEKOLAH;UNIT;2023/2024 GENAP;NEGERI;SKB;0
1371;15;JAMBI;1502;150212;DATA SEKOLAH;UNIT;2023/2024 GENAP;NEGERI;SD;13
1372;15;JAMBI;1502;150212;DATA SEKOLAH;UNIT;2023/2024 GENAP;NEGERI;SMP;2
1373;15;JAMBI;1502;150212;DATA SEKOLAH;UNIT;2023/2024 GENAP;NEGERI;SMA;1
1374;15;JAMBI;1502;150212;DATA SEKOLAH;UNIT;2023/2024 GENAP;NEGERI;SMK;1
1375;15;JAMBI;1502;150212;DATA SEKOLAH;UNIT;2023/2024 GENAP;NEGERI;SLB;0
1376;15;JAMBI;1502;150201;DATA SEKOLAH;UNIT;2023/2024 GENAP;NEGERI;TK;2
1377;15;JAMBI;1502;150201;DATA SEKOLAH;UNIT;2023/2024 GENAP;NEGERI;KB;0
1378;15;JAMBI;1502;150201;DATA SEKOLAH;UNIT;2023/2024 GENAP;NEGERI;TPA;0
1379;15;JAMBI;1502;150201;DATA SEKOLAH;UNIT;2023/2024 GENAP;NEGERI;SPS;0
1380;15;JAMBI;1502;150201;DATA SEKOLAH;UNIT;2023/2024 GENAP;NEGERI;PKBM;0
1381;15;JAMBI;1502;150201;DATA SEKOLAH;UNIT;2023/2024 GENAP;NEGERI;SKB;0
1382;15;JAMBI;1502;150201;DATA SEKOLAH;UNIT;2023/2024 GENAP;NEGERI;SD;15
1383;15;JAMBI;1502;150201;DATA SEKOLAH;UNIT;2023/2024 GENAP;NEGERI;SMP;6
1384;15;JAMBI;1502;150201;DATA SEKOLAH;UNIT;2023/2024 GENAP;NEGERI;SMA;1
1385;15;JAMBI;1502;150201;DATA SEKOLAH;UNIT;2023/2024 GENAP;NEGERI;SMK;1
1386;15;JAMBI;1502;150201;DATA SEKOLAH;UNIT;2023/2024 GENAP;NEGERI;SLB;0
1387;15;JAMBI;1502;150218;DATA SEKOLAH;UNIT;2023/2024 GENAP;NEGERI;TK;1
1388;15;JAMBI;1502;150218;DATA SEKOLAH;UNIT;2023/2024 GENAP;NEGERI;KB;0
1389;15;JAMBI;1502;150218;DATA SEKOLAH;UNIT;2023/2024 GENAP;NEGERI;TPA;0
1390;15;JAMBI;1502;150218;DATA SEKOLAH;UNIT;2023/2024 GENAP;NEGERI;SPS;0
1391;15;JAMBI;1502;150218;DATA SEKOLAH;UNIT;2023/2024 GENAP;NEGERI;PKBM;0
1392;15;JAMBI;1502;150218;DATA SEKOLAH;UNIT;2023/2024 GENAP;NEGERI;SKB;0
1393;15;JAMBI;1502;150218;DATA SEKOLAH;UNIT;2023/2024 GENAP;NEGERI;SD;16
1394;15;JAMBI;1502;150218;DATA SEKOLAH;UNIT;2023/2024 GENAP;NEGERI;SMP;7
1395;15;JAMBI;1502;150218;DATA SEKOLAH;UNIT;2023/2024 GENAP;NEGERI;SMA;1
1396;15;JAMBI;1502;150218;DATA SEKOLAH;UNIT;2023/2024 GENAP;NEGERI;SMK;0
1397;15;JAMBI;1502;150218;DATA SEKOLAH;UNIT;2023/2024 GENAP;NEGERI;SLB;0
1398;15;JAMBI;1502;150209;DATA SEKOLAH;UNIT;2023/2024 GENAP;NEGERI;TK;1
1399;15;JAMBI;1502;150209;DATA SEKOLAH;UNIT;2023/2024 GENAP;NEGERI;KB;0
1400;15;JAMBI;1502;150209;DATA SEKOLAH;UNIT;2023/2024 GENAP;NEGERI;TPA;0
1401;15;JAMBI;1502;150209;DATA SEKOLAH;UNIT;2023/2024 GENAP;NEGERI;SPS;0
1402;15;JAMBI;1502;150209;DATA SEKOLAH;UNIT;2023/2024 GENAP;NEGERI;PKBM;0
1403;15;JAMBI;1502;150209;DATA SEKOLAH;UNIT;2023/2024 GENAP;NEGERI;SKB;0
1404;15;JAMBI;1502;150209;DATA SEKOLAH;UNIT;2023/2024 GENAP;NEGERI;SD;18
1405;15;JAMBI;1502;150209;DATA SEKOLAH;UNIT;2023/2024 GENAP;NEGERI;SMP;5
1406;15;JAMBI;1502;150209;DATA SEKOLAH;UNIT;2023/2024 GENAP;NEGERI;SMA;1
1407;15;JAMBI;1502;150209;DATA SEKOLAH;UNIT;2023/2024 GENAP;NEGERI;SMK;1
1408;15;JAMBI;1502;150209;DATA SEKOLAH;UNIT;2023/2024 GENAP;NEGERI;SLB;0
1409;15;JAMBI;1502;150221;DATA SEKOLAH;UNIT;2023/2024 GENAP;NEGERI;TK;0
1410;15;JAMBI;1502;150221;DATA SEKOLAH;UNIT;2023/2024 GENAP;NEGERI;KB;0
1411;15;JAMBI;1502;150221;DATA SEKOLAH;UNIT;2023/2024 GENAP;NEGERI;TPA;0
1412;15;JAMBI;1502;150221;DATA SEKOLAH;UNIT;2023/2024 GENAP;NEGERI;SPS;0
1413;15;JAMBI;1502;150221;DATA SEKOLAH;UNIT;2023/2024 GENAP;NEGERI;PKBM;0
1414;15;JAMBI;1502;150221;DATA SEKOLAH;UNIT;2023/2024 GENAP;NEGERI;SKB;0
1415;15;JAMBI;1502;150221;DATA SEKOLAH;UNIT;2023/2024 GENAP;NEGERI;SD;7
1416;15;JAMBI;1502;150221;DATA SEKOLAH;UNIT;2023/2024 GENAP;NEGERI;SMP;1
1417;15;JAMBI;1502;150221;DATA SEKOLAH;UNIT;2023/2024 GENAP;NEGERI;SMA;1
1418;15;JAMBI;1502;150221;DATA SEKOLAH;UNIT;2023/2024 GENAP;NEGERI;SMK;0
1419;15;JAMBI;1502;150221;DATA SEKOLAH;UNIT;2023/2024 GENAP;NEGERI;SLB;0
1420;15;JAMBI;1502;150203;DATA SEKOLAH;UNIT;2023/2024 GENAP;NEGERI;TK;0
1421;15;JAMBI;1502;150203;DATA SEKOLAH;UNIT;2023/2024 GENAP;NEGERI;KB;0
1422;15;JAMBI;1502;150203;DATA SEKOLAH;UNIT;2023/2024 GENAP;NEGERI;TPA;0
1423;15;JAMBI;1502;150203;DATA SEKOLAH;UNIT;2023/2024 GENAP;NEGERI;SPS;0
1424;15;JAMBI;1502;150203;DATA SEKOLAH;UNIT;2023/2024 GENAP;NEGERI;PKBM;0
1425;15;JAMBI;1502;150203;DATA SEKOLAH;UNIT;2023/2024 GENAP;NEGERI;SKB;0
1426;15;JAMBI;1502;150203;DATA SEKOLAH;UNIT;2023/2024 GENAP;NEGERI;SD;17
1427;15;JAMBI;1502;150203;DATA SEKOLAH;UNIT;2023/2024 GENAP;NEGERI;SMP;3
1428;15;JAMBI;1502;150203;DATA SEKOLAH;UNIT;2023/2024 GENAP;NEGERI;SMA;1
1429;15;JAMBI;1502;150203;DATA SEKOLAH;UNIT;2023/2024 GENAP;NEGERI;SMK;0
1430;15;JAMBI;1502;150203;DATA SEKOLAH;UNIT;2023/2024 GENAP;NEGERI;SLB;0
1431;15;JAMBI;1502;150211;DATA SEKOLAH;UNIT;2023/2024 GENAP;NEGERI;TK;1
1432;15;JAMBI;1502;150211;DATA SEKOLAH;UNIT;2023/2024 GENAP;NEGERI;KB;0
1433;15;JAMBI;1502;150211;DATA SEKOLAH;UNIT;2023/2024 GENAP;NEGERI;TPA;0
1434;15;JAMBI;1502;150211;DATA SEKOLAH;UNIT;2023/2024 GENAP;NEGERI;SPS;0
1435;15;JAMBI;1502;150211;DATA SEKOLAH;UNIT;2023/2024 GENAP;NEGERI;PKBM;0
1436;15;JAMBI;1502;150211;DATA SEKOLAH;UNIT;2023/2024 GENAP;NEGERI;SKB;0
1437;15;JAMBI;1502;150211;DATA SEKOLAH;UNIT;2023/2024 GENAP;NEGERI;SD;11
1438;15;JAMBI;1502;150211;DATA SEKOLAH;UNIT;2023/2024 GENAP;NEGERI;SMP;3
1439;15;JAMBI;1502;150211;DATA SEKOLAH;UNIT;2023/2024 GENAP;NEGERI;SMA;1
1440;15;JAMBI;1502;150211;DATA SEKOLAH;UNIT;2023/2024 GENAP;NEGERI;SMK;1
1441;15;JAMBI;1502;150211;DATA SEKOLAH;UNIT;2023/2024 GENAP;NEGERI;SLB;0
1442;15;JAMBI;1502;150206;DATA SEKOLAH;UNIT;2023/2024 GENAP;NEGERI;TK;1
1443;15;JAMBI;1502;150206;DATA SEKOLAH;UNIT;2023/2024 GENAP;NEGERI;KB;0
1444;15;JAMBI;1502;150206;DATA SEKOLAH;UNIT;2023/2024 GENAP;NEGERI;TPA;0
1445;15;JAMBI;1502;150206;DATA SEKOLAH;UNIT;2023/2024 GENAP;NEGERI;SPS;0
1446;15;JAMBI;1502;150206;DATA SEKOLAH;UNIT;2023/2024 GENAP;NEGERI;PKBM;0
1447;15;JAMBI;1502;150206;DATA SEKOLAH;UNIT;2023/2024 GENAP;NEGERI;SKB;0
1448;15;JAMBI;1502;150206;DATA SEKOLAH;UNIT;2023/2024 GENAP;NEGERI;SD;22
1449;15;JAMBI;1502;150206;DATA SEKOLAH;UNIT;2023/2024 GENAP;NEGERI;SMP;5
1450;15;JAMBI;1502;150206;DATA SEKOLAH;UNIT;2023/2024 GENAP;NEGERI;SMA;1
1451;15;JAMBI;1502;150206;DATA SEKOLAH;UNIT;2023/2024 GENAP;NEGERI;SMK;1
1452;15;JAMBI;1502;150206;DATA SEKOLAH;UNIT;2023/2024 GENAP;NEGERI;SLB;0
1453;15;JAMBI;1502;150213;DATA SEKOLAH;UNIT;2023/2024 GENAP;NEGERI;TK;1
1454;15;JAMBI;1502;150213;DATA SEKOLAH;UNIT;2023/2024 GENAP;NEGERI;KB;0
1455;15;JAMBI;1502;150213;DATA SEKOLAH;UNIT;2023/2024 GENAP;NEGERI;TPA;0
1456;15;JAMBI;1502;150213;DATA SEKOLAH;UNIT;2023/2024 GENAP;NEGERI;SPS;0
1457;15;JAMBI;1502;150213;DATA SEKOLAH;UNIT;2023/2024 GENAP;NEGERI;PKBM;0
1458;15;JAMBI;1502;150213;DATA SEKOLAH;UNIT;2023/2024 GENAP;NEGERI;SKB;0
1459;15;JAMBI;1502;150213;DATA SEKOLAH;UNIT;2023/2024 GENAP;NEGERI;SD;12
1460;15;JAMBI;1502;150213;DATA SEKOLAH;UNIT;2023/2024 GENAP;NEGERI;SMP;3
1461;15;JAMBI;1502;150213;DATA SEKOLAH;UNIT;2023/2024 GENAP;NEGERI;SMA;1
1462;15;JAMBI;1502;150213;DATA SEKOLAH;UNIT;2023/2024 GENAP;NEGERI;SMK;1
1463;15;JAMBI;1502;150213;DATA SEKOLAH;UNIT;2023/2024 GENAP;NEGERI;SLB;1
1464;15;JAMBI;1502;150220;DATA SEKOLAH;UNIT;2023/2024 GENAP;NEGERI;TK;1
1465;15;JAMBI;1502;150220;DATA SEKOLAH;UNIT;2023/2024 GENAP;NEGERI;KB;0
1466;15;JAMBI;1502;150220;DATA SEKOLAH;UNIT;2023/2024 GENAP;NEGERI;TPA;0
1467;15;JAMBI;1502;150220;DATA SEKOLAH;UNIT;2023/2024 GENAP;NEGERI;SPS;0
1468;15;JAMBI;1502;150220;DATA SEKOLAH;UNIT;2023/2024 GENAP;NEGERI;PKBM;0
1469;15;JAMBI;1502;150220;DATA SEKOLAH;UNIT;2023/2024 GENAP;NEGERI;SKB;0
1470;15;JAMBI;1502;150220;DATA SEKOLAH;UNIT;2023/2024 GENAP;NEGERI;SD;7
1471;15;JAMBI;1502;150220;DATA SEKOLAH;UNIT;2023/2024 GENAP;NEGERI;SMP;4
1472;15;JAMBI;1502;150220;DATA SEKOLAH;UNIT;2023/2024 GENAP;NEGERI;SMA;0
1473;15;JAMBI;1502;150220;DATA SEKOLAH;UNIT;2023/2024 GENAP;NEGERI;SMK;1
1474;15;JAMBI;1502;150220;DATA SEKOLAH;UNIT;2023/2024 GENAP;NEGERI;SLB;0
1475;15;JAMBI;1502;150217;DATA SEKOLAH;UNIT;2023/2024 GENAP;NEGERI;TK;0
1476;15;JAMBI;1502;150217;DATA SEKOLAH;UNIT;2023/2024 GENAP;NEGERI;KB;0
1477;15;JAMBI;1502;150217;DATA SEKOLAH;UNIT;2023/2024 GENAP;NEGERI;TPA;0
1478;15;JAMBI;1502;150217;DATA SEKOLAH;UNIT;2023/2024 GENAP;NEGERI;SPS;0
1479;15;JAMBI;1502;150217;DATA SEKOLAH;UNIT;2023/2024 GENAP;NEGERI;PKBM;0
1480;15;JAMBI;1502;150217;DATA SEKOLAH;UNIT;2023/2024 GENAP;NEGERI;SKB;0
1481;15;JAMBI;1502;150217;DATA SEKOLAH;UNIT;2023/2024 GENAP;NEGERI;SD;8
1482;15;JAMBI;1502;150217;DATA SEKOLAH;UNIT;2023/2024 GENAP;NEGERI;SMP;1
1483;15;JAMBI;1502;150217;DATA SEKOLAH;UNIT;2023/2024 GENAP;NEGERI;SMA;0
1484;15;JAMBI;1502;150217;DATA SEKOLAH;UNIT;2023/2024 GENAP;NEGERI;SMK;1
1485;15;JAMBI;1502;150217;DATA SEKOLAH;UNIT;2023/2024 GENAP;NEGERI;SLB;0
1486;15;JAMBI;1502;150219;DATA SEKOLAH;UNIT;2023/2024 GENAP;NEGERI;TK;2
1487;15;JAMBI;1502;150219;DATA SEKOLAH;UNIT;2023/2024 GENAP;NEGERI;KB;0
1488;15;JAMBI;1502;150219;DATA SEKOLAH;UNIT;2023/2024 GENAP;NEGERI;TPA;0
1489;15;JAMBI;1502;150219;DATA SEKOLAH;UNIT;2023/2024 GENAP;NEGERI;SPS;0
1490;15;JAMBI;1502;150219;DATA SEKOLAH;UNIT;2023/2024 GENAP;NEGERI;PKBM;0
1491;15;JAMBI;1502;150219;DATA SEKOLAH;UNIT;2023/2024 GENAP;NEGERI;SKB;0
1492;15;JAMBI;1502;150219;DATA SEKOLAH;UNIT;2023/2024 GENAP;NEGERI;SD;8
1493;15;JAMBI;1502;150219;DATA SEKOLAH;UNIT;2023/2024 GENAP;NEGERI;SMP;3
1494;15;JAMBI;1502;150219;DATA SEKOLAH;UNIT;2023/2024 GENAP;NEGERI;SMA;1
1495;15;JAMBI;1502;150219;DATA SEKOLAH;UNIT;2023/2024 GENAP;NEGERI;SMK;1
1496;15;JAMBI;1502;150219;DATA SEKOLAH;UNIT;2023/2024 GENAP;NEGERI;SLB;0
1497;15;JAMBI;1502;150216;DATA SEKOLAH;UNIT;2023/2024 GENAP;NEGERI;TK;1
1498;15;JAMBI;1502;150216;DATA SEKOLAH;UNIT;2023/2024 GENAP;NEGERI;KB;0
1499;15;JAMBI;1502;150216;DATA SEKOLAH;UNIT;2023/2024 GENAP;NEGERI;TPA;0
1500;15;JAMBI;1502;150216;DATA SEKOLAH;UNIT;2023/2024 GENAP;NEGERI;SPS;0
1501;15;JAMBI;1502;150216;DATA SEKOLAH;UNIT;2023/2024 GENAP;NEGERI;PKBM;0
1502;15;JAMBI;1502;150216;DATA SEKOLAH;UNIT;2023/2024 GENAP;NEGERI;SKB;0
1503;15;JAMBI;1502;150216;DATA SEKOLAH;UNIT;2023/2024 GENAP;NEGERI;SD;16
1504;15;JAMBI;1502;150216;DATA SEKOLAH;UNIT;2023/2024 GENAP;NEGERI;SMP;4
1505;15;JAMBI;1502;150216;DATA SEKOLAH;UNIT;2023/2024 GENAP;NEGERI;SMA;1
1506;15;JAMBI;1502;150216;DATA SEKOLAH;UNIT;2023/2024 GENAP;NEGERI;SMK;0
1507;15;JAMBI;1502;150216;DATA SEKOLAH;UNIT;2023/2024 GENAP;NEGERI;SLB;0
1508;15;JAMBI;1502;150204;DATA SEKOLAH;UNIT;2023/2024 GENAP;NEGERI;TK;1
1509;15;JAMBI;1502;150204;DATA SEKOLAH;UNIT;2023/2024 GENAP;NEGERI;KB;0
1510;15;JAMBI;1502;150204;DATA SEKOLAH;UNIT;2023/2024 GENAP;NEGERI;TPA;0
1511;15;JAMBI;1502;150204;DATA SEKOLAH;UNIT;2023/2024 GENAP;NEGERI;SPS;0
1512;15;JAMBI;1502;150204;DATA SEKOLAH;UNIT;2023/2024 GENAP;NEGERI;PKBM;0
1513;15;JAMBI;1502;150204;DATA SEKOLAH;UNIT;2023/2024 GENAP;NEGERI;SKB;0
1514;15;JAMBI;1502;150204;DATA SEKOLAH;UNIT;2023/2024 GENAP;NEGERI;SD;12
1515;15;JAMBI;1502;150204;DATA SEKOLAH;UNIT;2023/2024 GENAP;NEGERI;SMP;2
1516;15;JAMBI;1502;150204;DATA SEKOLAH;UNIT;2023/2024 GENAP;NEGERI;SMA;1
1517;15;JAMBI;1502;150204;DATA SEKOLAH;UNIT;2023/2024 GENAP;NEGERI;SMK;0
1518;15;JAMBI;1502;150204;DATA SEKOLAH;UNIT;2023/2024 GENAP;NEGERI;SLB;0
1519;15;JAMBI;1502;150205;DATA SEKOLAH;UNIT;2023/2024 GENAP;NEGERI;TK;1
1520;15;JAMBI;1502;150205;DATA SEKOLAH;UNIT;2023/2024 GENAP;NEGERI;KB;0
1521;15;JAMBI;1502;150205;DATA SEKOLAH;UNIT;2023/2024 GENAP;NEGERI;TPA;0
1522;15;JAMBI;1502;150205;DATA SEKOLAH;UNIT;2023/2024 GENAP;NEGERI;SPS;0
1523;15;JAMBI;1502;150205;DATA SEKOLAH;UNIT;2023/2024 GENAP;NEGERI;PKBM;0
1524;15;JAMBI;1502;150205;DATA SEKOLAH;UNIT;2023/2024 GENAP;NEGERI;SKB;1
1525;15;JAMBI;1502;150205;DATA SEKOLAH;UNIT;2023/2024 GENAP;NEGERI;SD;22
1526;15;JAMBI;1502;150205;DATA SEKOLAH;UNIT;2023/2024 GENAP;NEGERI;SMP;4
1527;15;JAMBI;1502;150205;DATA SEKOLAH;UNIT;2023/2024 GENAP;NEGERI;SMA;1
1528;15;JAMBI;1502;150205;DATA SEKOLAH;UNIT;2023/2024 GENAP;NEGERI;SMK;0
1529;15;JAMBI;1502;150205;DATA SEKOLAH;UNIT;2023/2024 GENAP;NEGERI;SLB;0
1530;15;JAMBI;1502;150223;DATA SEKOLAH;UNIT;2023/2024 GENAP;NEGERI;TK;1
1531;15;JAMBI;1502;150223;DATA SEKOLAH;UNIT;2023/2024 GENAP;NEGERI;KB;0
1532;15;JAMBI;1502;150223;DATA SEKOLAH;UNIT;2023/2024 GENAP;NEGERI;TPA;0
1533;15;JAMBI;1502;150223;DATA SEKOLAH;UNIT;2023/2024 GENAP;NEGERI;SPS;0
1534;15;JAMBI;1502;150223;DATA SEKOLAH;UNIT;2023/2024 GENAP;NEGERI;PKBM;0
1535;15;JAMBI;1502;150223;DATA SEKOLAH;UNIT;2023/2024 GENAP;NEGERI;SKB;0
1536;15;JAMBI;1502;150223;DATA SEKOLAH;UNIT;2023/2024 GENAP;NEGERI;SD;19
1537;15;JAMBI;1502;150223;DATA SEKOLAH;UNIT;2023/2024 GENAP;NEGERI;SMP;5
1538;15;JAMBI;1502;150223;DATA SEKOLAH;UNIT;2023/2024 GENAP;NEGERI;SMA;0
1539;15;JAMBI;1502;150223;DATA SEKOLAH;UNIT;2023/2024 GENAP;NEGERI;SMK;1
1540;15;JAMBI;1502;150223;DATA SEKOLAH;UNIT;2023/2024 GENAP;NEGERI;SLB;0
1541;15;JAMBI;1502;150214;DATA SEKOLAH;UNIT;2023/2024 GENAP;NEGERI;TK;1
1542;15;JAMBI;1502;150214;DATA SEKOLAH;UNIT;2023/2024 GENAP;NEGERI;KB;0
1543;15;JAMBI;1502;150214;DATA SEKOLAH;UNIT;2023/2024 GENAP;NEGERI;TPA;0
1544;15;JAMBI;1502;150214;DATA SEKOLAH;UNIT;2023/2024 GENAP;NEGERI;SPS;0
1545;15;JAMBI;1502;150214;DATA SEKOLAH;UNIT;2023/2024 GENAP;NEGERI;PKBM;0
1546;15;JAMBI;1502;150214;DATA SEKOLAH;UNIT;2023/2024 GENAP;NEGERI;SKB;0
1547;15;JAMBI;1502;150214;DATA SEKOLAH;UNIT;2023/2024 GENAP;NEGERI;SD;10
1548;15;JAMBI;1502;150214;DATA SEKOLAH;UNIT;2023/2024 GENAP;NEGERI;SMP;2
1549;15;JAMBI;1502;150214;DATA SEKOLAH;UNIT;2023/2024 GENAP;NEGERI;SMA;0
1550;15;JAMBI;1502;150214;DATA SEKOLAH;UNIT;2023/2024 GENAP;NEGERI;SMK;1
1551;15;JAMBI;1502;150214;DATA SEKOLAH;UNIT;2023/2024 GENAP;NEGERI;SLB;0
1552;15;JAMBI;1502;150222;DATA SEKOLAH;UNIT;2023/2024 GENAP;NEGERI;TK;1
1553;15;JAMBI;1502;150222;DATA SEKOLAH;UNIT;2023/2024 GENAP;NEGERI;KB;0
1554;15;JAMBI;1502;150222;DATA SEKOLAH;UNIT;2023/2024 GENAP;NEGERI;TPA;0
1555;15;JAMBI;1502;150222;DATA SEKOLAH;UNIT;2023/2024 GENAP;NEGERI;SPS;0
1556;15;JAMBI;1502;150222;DATA SEKOLAH;UNIT;2023/2024 GENAP;NEGERI;PKBM;0
1557;15;JAMBI;1502;150222;DATA SEKOLAH;UNIT;2023/2024 GENAP;NEGERI;SKB;0
1558;15;JAMBI;1502;150222;DATA SEKOLAH;UNIT;2023/2024 GENAP;NEGERI;SD;7
1559;15;JAMBI;1502;150222;DATA SEKOLAH;UNIT;2023/2024 GENAP;NEGERI;SMP;1
1560;15;JAMBI;1502;150222;DATA SEKOLAH;UNIT;2023/2024 GENAP;NEGERI;SMA;0
1561;15;JAMBI;1502;150222;DATA SEKOLAH;UNIT;2023/2024 GENAP;NEGERI;SMK;1
1562;15;JAMBI;1502;150222;DATA SEKOLAH;UNIT;2023/2024 GENAP;NEGERI;SLB;0
1563;15;JAMBI;1502;150208;DATA SEKOLAH;UNIT;2023/2024 GENAP;NEGERI;TK;1
1564;15;JAMBI;1502;150208;DATA SEKOLAH;UNIT;2023/2024 GENAP;NEGERI;KB;0
1565;15;JAMBI;1502;150208;DATA SEKOLAH;UNIT;2023/2024 GENAP;NEGERI;TPA;0
1566;15;JAMBI;1502;150208;DATA SEKOLAH;UNIT;2023/2024 GENAP;NEGERI;SPS;0
1567;15;JAMBI;1502;150208;DATA SEKOLAH;UNIT;2023/2024 GENAP;NEGERI;PKBM;0
1568;15;JAMBI;1502;150208;DATA SEKOLAH;UNIT;2023/2024 GENAP;NEGERI;SKB;0
1569;15;JAMBI;1502;150208;DATA SEKOLAH;UNIT;2023/2024 GENAP;NEGERI;SD;15
1570;15;JAMBI;1502;150208;DATA SEKOLAH;UNIT;2023/2024 GENAP;NEGERI;SMP;5
1571;15;JAMBI;1502;150208;DATA SEKOLAH;UNIT;2023/2024 GENAP;NEGERI;SMA;2
1572;15;JAMBI;1502;150208;DATA SEKOLAH;UNIT;2023/2024 GENAP;NEGERI;SMK;2
1573;15;JAMBI;1502;150208;DATA SEKOLAH;UNIT;2023/2024 GENAP;NEGERI;SLB;0
1574;15;JAMBI;1502;150215;DATA SEKOLAH;UNIT;2023/2024 GENAP;NEGERI;TK;0
1575;15;JAMBI;1502;150215;DATA SEKOLAH;UNIT;2023/2024 GENAP;NEGERI;KB;0
1576;15;JAMBI;1502;150215;DATA SEKOLAH;UNIT;2023/2024 GENAP;NEGERI;TPA;0
1577;15;JAMBI;1502;150215;DATA SEKOLAH;UNIT;2023/2024 GENAP;NEGERI;SPS;0
1578;15;JAMBI;1502;150215;DATA SEKOLAH;UNIT;2023/2024 GENAP;NEGERI;PKBM;0
1579;15;JAMBI;1502;150215;DATA SEKOLAH;UNIT;2023/2024 GENAP;NEGERI;SKB;0
1580;15;JAMBI;1502;150215;DATA SEKOLAH;UNIT;2023/2024 GENAP;NEGERI;SD;7
1581;15;JAMBI;1502;150215;DATA SEKOLAH;UNIT;2023/2024 GENAP;NEGERI;SMP;2
1582;15;JAMBI;1502;150215;DATA SEKOLAH;UNIT;2023/2024 GENAP;NEGERI;SMA;0
1583;15;JAMBI;1502;150215;DATA SEKOLAH;UNIT;2023/2024 GENAP;NEGERI;SMK;1
1584;15;JAMBI;1502;150215;DATA SEKOLAH;UNIT;2023/2024 GENAP;NEGERI;SLB;0
1585;15;JAMBI;1502;150207;DATA SEKOLAH;UNIT;2023/2024 GENAP;NEGERI;TK;0
1586;15;JAMBI;1502;150207;DATA SEKOLAH;UNIT;2023/2024 GENAP;NEGERI;KB;0
1587;15;JAMBI;1502;150207;DATA SEKOLAH;UNIT;2023/2024 GENAP;NEGERI;TPA;0
1588;15;JAMBI;1502;150207;DATA SEKOLAH;UNIT;2023/2024 GENAP;NEGERI;SPS;0
1589;15;JAMBI;1502;150207;DATA SEKOLAH;UNIT;2023/2024 GENAP;NEGERI;PKBM;0
1590;15;JAMBI;1502;150207;DATA SEKOLAH;UNIT;2023/2024 GENAP;NEGERI;SKB;0
1591;15;JAMBI;1502;150207;DATA SEKOLAH;UNIT;2023/2024 GENAP;NEGERI;SD;10
1592;15;JAMBI;1502;150207;DATA SEKOLAH;UNIT;2023/2024 GENAP;NEGERI;SMP;2
1593;15;JAMBI;1502;150207;DATA SEKOLAH;UNIT;2023/2024 GENAP;NEGERI;SMA;1
1594;15;JAMBI;1502;150207;DATA SEKOLAH;UNIT;2023/2024 GENAP;NEGERI;SMK;0
1595;15;JAMBI;1502;150207;DATA SEKOLAH;UNIT;2023/2024 GENAP;NEGERI;SLB;0
1596;15;JAMBI;1502;150224;DATA SEKOLAH;UNIT;2023/2024 GENAP;NEGERI;TK;0
1597;15;JAMBI;1502;150224;DATA SEKOLAH;UNIT;2023/2024 GENAP;NEGERI;KB;0
1598;15;JAMBI;1502;150224;DATA SEKOLAH;UNIT;2023/2024 GENAP;NEGERI;TPA;0
1599;15;JAMBI;1502;150224;DATA SEKOLAH;UNIT;2023/2024 GENAP;NEGERI;SPS;0
1600;15;JAMBI;1502;150224;DATA SEKOLAH;UNIT;2023/2024 GENAP;NEGERI;PKBM;0
1601;15;JAMBI;1502;150224;DATA SEKOLAH;UNIT;2023/2024 GENAP;NEGERI;SKB;0
1602;15;JAMBI;1502;150224;DATA SEKOLAH;UNIT;2023/2024 GENAP;NEGERI;SD;7
1603;15;JAMBI;1502;150224;DATA SEKOLAH;UNIT;2023/2024 GENAP;NEGERI;SMP;3
1604;15;JAMBI;1502;150224;DATA SEKOLAH;UNIT;2023/2024 GENAP;NEGERI;SMA;1
1605;15;JAMBI;1502;150224;DATA SEKOLAH;UNIT;2023/2024 GENAP;NEGERI;SMK;0
1606;15;JAMBI;1502;150224;DATA SEKOLAH;UNIT;2023/2024 GENAP;NEGERI;SLB;0
1607;15;JAMBI;1502;150202;DATA SEKOLAH;UNIT;2023/2024 GENAP;SWASTA;TK;18
1608;15;JAMBI;1502;150202;DATA SEKOLAH;UNIT;2023/2024 GENAP;SWASTA;KB;14
1609;15;JAMBI;1502;150202;DATA SEKOLAH;UNIT;2023/2024 GENAP;SWASTA;TPA;1
1610;15;JAMBI;1502;150202;DATA SEKOLAH;UNIT;2023/2024 GENAP;SWASTA;SPS;1
1611;15;JAMBI;1502;150202;DATA SEKOLAH;UNIT;2023/2024 GENAP;SWASTA;PKBM;3
1612;15;JAMBI;1502;150202;DATA SEKOLAH;UNIT;2023/2024 GENAP;SWASTA;SKB;0
1613;15;JAMBI;1502;150202;DATA SEKOLAH;UNIT;2023/2024 GENAP;SWASTA;SD;2
1614;15;JAMBI;1502;150202;DATA SEKOLAH;UNIT;2023/2024 GENAP;SWASTA;SMP;5
1615;15;JAMBI;1502;150202;DATA SEKOLAH;UNIT;2023/2024 GENAP;SWASTA;SMA;1
1616;15;JAMBI;1502;150202;DATA SEKOLAH;UNIT;2023/2024 GENAP;SWASTA;SMK;0
1617;15;JAMBI;1502;150202;DATA SEKOLAH;UNIT;2023/2024 GENAP;SWASTA;SLB;0
1618;15;JAMBI;1502;150210;DATA SEKOLAH;UNIT;2023/2024 GENAP;SWASTA;TK;5
1619;15;JAMBI;1502;150210;DATA SEKOLAH;UNIT;2023/2024 GENAP;SWASTA;KB;7
1620;15;JAMBI;1502;150210;DATA SEKOLAH;UNIT;2023/2024 GENAP;SWASTA;TPA;0
1621;15;JAMBI;1502;150210;DATA SEKOLAH;UNIT;2023/2024 GENAP;SWASTA;SPS;0
1622;15;JAMBI;1502;150210;DATA SEKOLAH;UNIT;2023/2024 GENAP;SWASTA;PKBM;1
1623;15;JAMBI;1502;150210;DATA SEKOLAH;UNIT;2023/2024 GENAP;SWASTA;SKB;0
1624;15;JAMBI;1502;150210;DATA SEKOLAH;UNIT;2023/2024 GENAP;SWASTA;SD;0
1625;15;JAMBI;1502;150210;DATA SEKOLAH;UNIT;2023/2024 GENAP;SWASTA;SMP;0
1626;15;JAMBI;1502;150210;DATA SEKOLAH;UNIT;2023/2024 GENAP;SWASTA;SMA;0
1627;15;JAMBI;1502;150210;DATA SEKOLAH;UNIT;2023/2024 GENAP;SWASTA;SMK;0
1628;15;JAMBI;1502;150210;DATA SEKOLAH;UNIT;2023/2024 GENAP;SWASTA;SLB;0
1629;15;JAMBI;1502;150212;DATA SEKOLAH;UNIT;2023/2024 GENAP;SWASTA;TK;5
1630;15;JAMBI;1502;150212;DATA SEKOLAH;UNIT;2023/2024 GENAP;SWASTA;KB;7
1631;15;JAMBI;1502;150212;DATA SEKOLAH;UNIT;2023/2024 GENAP;SWASTA;TPA;1
1632;15;JAMBI;1502;150212;DATA SEKOLAH;UNIT;2023/2024 GENAP;SWASTA;SPS;0
1633;15;JAMBI;1502;150212;DATA SEKOLAH;UNIT;2023/2024 GENAP;SWASTA;PKBM;1
1634;15;JAMBI;1502;150212;DATA SEKOLAH;UNIT;2023/2024 GENAP;SWASTA;SKB;0
1635;15;JAMBI;1502;150212;DATA SEKOLAH;UNIT;2023/2024 GENAP;SWASTA;SD;1
1636;15;JAMBI;1502;150212;DATA SEKOLAH;UNIT;2023/2024 GENAP;SWASTA;SMP;1
1637;15;JAMBI;1502;150212;DATA SEKOLAH;UNIT;2023/2024 GENAP;SWASTA;SMA;1
1638;15;JAMBI;1502;150212;DATA SEKOLAH;UNIT;2023/2024 GENAP;SWASTA;SMK;0
1639;15;JAMBI;1502;150212;DATA SEKOLAH;UNIT;2023/2024 GENAP;SWASTA;SLB;0
1640;15;JAMBI;1502;150201;DATA SEKOLAH;UNIT;2023/2024 GENAP;SWASTA;TK;6
1641;15;JAMBI;1502;150201;DATA SEKOLAH;UNIT;2023/2024 GENAP;SWASTA;KB;1
1642;15;JAMBI;1502;150201;DATA SEKOLAH;UNIT;2023/2024 GENAP;SWASTA;TPA;0
1643;15;JAMBI;1502;150201;DATA SEKOLAH;UNIT;2023/2024 GENAP;SWASTA;SPS;0
1644;15;JAMBI;1502;150201;DATA SEKOLAH;UNIT;2023/2024 GENAP;SWASTA;PKBM;1
1645;15;JAMBI;1502;150201;DATA SEKOLAH;UNIT;2023/2024 GENAP;SWASTA;SKB;0
1646;15;JAMBI;1502;150201;DATA SEKOLAH;UNIT;2023/2024 GENAP;SWASTA;SD;0
1647;15;JAMBI;1502;150201;DATA SEKOLAH;UNIT;2023/2024 GENAP;SWASTA;SMP;0
1648;15;JAMBI;1502;150201;DATA SEKOLAH;UNIT;2023/2024 GENAP;SWASTA;SMA;0
1649;15;JAMBI;1502;150201;DATA SEKOLAH;UNIT;2023/2024 GENAP;SWASTA;SMK;0
1650;15;JAMBI;1502;150201;DATA SEKOLAH;UNIT;2023/2024 GENAP;SWASTA;SLB;0
1651;15;JAMBI;1502;150218;DATA SEKOLAH;UNIT;2023/2024 GENAP;SWASTA;TK;9
1652;15;JAMBI;1502;150218;DATA SEKOLAH;UNIT;2023/2024 GENAP;SWASTA;KB;3
1653;15;JAMBI;1502;150218;DATA SEKOLAH;UNIT;2023/2024 GENAP;SWASTA;TPA;0
1654;15;JAMBI;1502;150218;DATA SEKOLAH;UNIT;2023/2024 GENAP;SWASTA;SPS;0
1655;15;JAMBI;1502;150218;DATA SEKOLAH;UNIT;2023/2024 GENAP;SWASTA;PKBM;0
1656;15;JAMBI;1502;150218;DATA SEKOLAH;UNIT;2023/2024 GENAP;SWASTA;SKB;0
1657;15;JAMBI;1502;150218;DATA SEKOLAH;UNIT;2023/2024 GENAP;SWASTA;SD;0
1658;15;JAMBI;1502;150218;DATA SEKOLAH;UNIT;2023/2024 GENAP;SWASTA;SMP;0
1659;15;JAMBI;1502;150218;DATA SEKOLAH;UNIT;2023/2024 GENAP;SWASTA;SMA;0
1660;15;JAMBI;1502;150218;DATA SEKOLAH;UNIT;2023/2024 GENAP;SWASTA;SMK;0
1661;15;JAMBI;1502;150218;DATA SEKOLAH;UNIT;2023/2024 GENAP;SWASTA;SLB;0
1662;15;JAMBI;1502;150209;DATA SEKOLAH;UNIT;2023/2024 GENAP;SWASTA;TK;16
1663;15;JAMBI;1502;150209;DATA SEKOLAH;UNIT;2023/2024 GENAP;SWASTA;KB;2
1664;15;JAMBI;1502;150209;DATA SEKOLAH;UNIT;2023/2024 GENAP;SWASTA;TPA;0
1665;15;JAMBI;1502;150209;DATA SEKOLAH;UNIT;2023/2024 GENAP;SWASTA;SPS;4
1666;15;JAMBI;1502;150209;DATA SEKOLAH;UNIT;2023/2024 GENAP;SWASTA;PKBM;2
1667;15;JAMBI;1502;150209;DATA SEKOLAH;UNIT;2023/2024 GENAP;SWASTA;SKB;0
1668;15;JAMBI;1502;150209;DATA SEKOLAH;UNIT;2023/2024 GENAP;SWASTA;SD;0
1669;15;JAMBI;1502;150209;DATA SEKOLAH;UNIT;2023/2024 GENAP;SWASTA;SMP;0
1670;15;JAMBI;1502;150209;DATA SEKOLAH;UNIT;2023/2024 GENAP;SWASTA;SMA;0
1671;15;JAMBI;1502;150209;DATA SEKOLAH;UNIT;2023/2024 GENAP;SWASTA;SMK;0
1672;15;JAMBI;1502;150209;DATA SEKOLAH;UNIT;2023/2024 GENAP;SWASTA;SLB;0
1673;15;JAMBI;1502;150221;DATA SEKOLAH;UNIT;2023/2024 GENAP;SWASTA;TK;7
1674;15;JAMBI;1502;150221;DATA SEKOLAH;UNIT;2023/2024 GENAP;SWASTA;KB;2
1675;15;JAMBI;1502;150221;DATA SEKOLAH;UNIT;2023/2024 GENAP;SWASTA;TPA;0
1676;15;JAMBI;1502;150221;DATA SEKOLAH;UNIT;2023/2024 GENAP;SWASTA;SPS;0
1677;15;JAMBI;1502;150221;DATA SEKOLAH;UNIT;2023/2024 GENAP;SWASTA;PKBM;0
1678;15;JAMBI;1502;150221;DATA SEKOLAH;UNIT;2023/2024 GENAP;SWASTA;SKB;0
1679;15;JAMBI;1502;150221;DATA SEKOLAH;UNIT;2023/2024 GENAP;SWASTA;SD;2
1680;15;JAMBI;1502;150221;DATA SEKOLAH;UNIT;2023/2024 GENAP;SWASTA;SMP;1
1681;15;JAMBI;1502;150221;DATA SEKOLAH;UNIT;2023/2024 GENAP;SWASTA;SMA;0
1682;15;JAMBI;1502;150221;DATA SEKOLAH;UNIT;2023/2024 GENAP;SWASTA;SMK;1
1683;15;JAMBI;1502;150221;DATA SEKOLAH;UNIT;2023/2024 GENAP;SWASTA;SLB;0
1684;15;JAMBI;1502;150203;DATA SEKOLAH;UNIT;2023/2024 GENAP;SWASTA;TK;8
1685;15;JAMBI;1502;150203;DATA SEKOLAH;UNIT;2023/2024 GENAP;SWASTA;KB;12
1686;15;JAMBI;1502;150203;DATA SEKOLAH;UNIT;2023/2024 GENAP;SWASTA;TPA;0
1687;15;JAMBI;1502;150203;DATA SEKOLAH;UNIT;2023/2024 GENAP;SWASTA;SPS;0
1688;15;JAMBI;1502;150203;DATA SEKOLAH;UNIT;2023/2024 GENAP;SWASTA;PKBM;1
1689;15;JAMBI;1502;150203;DATA SEKOLAH;UNIT;2023/2024 GENAP;SWASTA;SKB;0
1690;15;JAMBI;1502;150203;DATA SEKOLAH;UNIT;2023/2024 GENAP;SWASTA;SD;0
1691;15;JAMBI;1502;150203;DATA SEKOLAH;UNIT;2023/2024 GENAP;SWASTA;SMP;1
1692;15;JAMBI;1502;150203;DATA SEKOLAH;UNIT;2023/2024 GENAP;SWASTA;SMA;1
1693;15;JAMBI;1502;150203;DATA SEKOLAH;UNIT;2023/2024 GENAP;SWASTA;SMK;0
1694;15;JAMBI;1502;150203;DATA SEKOLAH;UNIT;2023/2024 GENAP;SWASTA;SLB;0
1695;15;JAMBI;1502;150211;DATA SEKOLAH;UNIT;2023/2024 GENAP;SWASTA;TK;7
1696;15;JAMBI;1502;150211;DATA SEKOLAH;UNIT;2023/2024 GENAP;SWASTA;KB;4
1697;15;JAMBI;1502;150211;DATA SEKOLAH;UNIT;2023/2024 GENAP;SWASTA;TPA;0
1698;15;JAMBI;1502;150211;DATA SEKOLAH;UNIT;2023/2024 GENAP;SWASTA;SPS;2
1699;15;JAMBI;1502;150211;DATA SEKOLAH;UNIT;2023/2024 GENAP;SWASTA;PKBM;3
1700;15;JAMBI;1502;150211;DATA SEKOLAH;UNIT;2023/2024 GENAP;SWASTA;SKB;0
1701;15;JAMBI;1502;150211;DATA SEKOLAH;UNIT;2023/2024 GENAP;SWASTA;SD;2
1702;15;JAMBI;1502;150211;DATA SEKOLAH;UNIT;2023/2024 GENAP;SWASTA;SMP;0
1703;15;JAMBI;1502;150211;DATA SEKOLAH;UNIT;2023/2024 GENAP;SWASTA;SMA;0
1704;15;JAMBI;1502;150211;DATA SEKOLAH;UNIT;2023/2024 GENAP;SWASTA;SMK;0
1705;15;JAMBI;1502;150211;DATA SEKOLAH;UNIT;2023/2024 GENAP;SWASTA;SLB;0
1706;15;JAMBI;1502;150206;DATA SEKOLAH;UNIT;2023/2024 GENAP;SWASTA;TK;16
1707;15;JAMBI;1502;150206;DATA SEKOLAH;UNIT;2023/2024 GENAP;SWASTA;KB;15
1708;15;JAMBI;1502;150206;DATA SEKOLAH;UNIT;2023/2024 GENAP;SWASTA;TPA;0
1709;15;JAMBI;1502;150206;DATA SEKOLAH;UNIT;2023/2024 GENAP;SWASTA;SPS;1
1710;15;JAMBI;1502;150206;DATA SEKOLAH;UNIT;2023/2024 GENAP;SWASTA;PKBM;3
1711;15;JAMBI;1502;150206;DATA SEKOLAH;UNIT;2023/2024 GENAP;SWASTA;SKB;0
1712;15;JAMBI;1502;150206;DATA SEKOLAH;UNIT;2023/2024 GENAP;SWASTA;SD;0
1713;15;JAMBI;1502;150206;DATA SEKOLAH;UNIT;2023/2024 GENAP;SWASTA;SMP;1
1714;15;JAMBI;1502;150206;DATA SEKOLAH;UNIT;2023/2024 GENAP;SWASTA;SMA;0
1715;15;JAMBI;1502;150206;DATA SEKOLAH;UNIT;2023/2024 GENAP;SWASTA;SMK;1
1716;15;JAMBI;1502;150206;DATA SEKOLAH;UNIT;2023/2024 GENAP;SWASTA;SLB;0
1717;15;JAMBI;1502;150213;DATA SEKOLAH;UNIT;2023/2024 GENAP;SWASTA;TK;6
1718;15;JAMBI;1502;150213;DATA SEKOLAH;UNIT;2023/2024 GENAP;SWASTA;KB;5
1719;15;JAMBI;1502;150213;DATA SEKOLAH;UNIT;2023/2024 GENAP;SWASTA;TPA;0
1720;15;JAMBI;1502;150213;DATA SEKOLAH;UNIT;2023/2024 GENAP;SWASTA;SPS;1
1721;15;JAMBI;1502;150213;DATA SEKOLAH;UNIT;2023/2024 GENAP;SWASTA;PKBM;1
1722;15;JAMBI;1502;150213;DATA SEKOLAH;UNIT;2023/2024 GENAP;SWASTA;SKB;0
1723;15;JAMBI;1502;150213;DATA SEKOLAH;UNIT;2023/2024 GENAP;SWASTA;SD;2
1724;15;JAMBI;1502;150213;DATA SEKOLAH;UNIT;2023/2024 GENAP;SWASTA;SMP;1
1725;15;JAMBI;1502;150213;DATA SEKOLAH;UNIT;2023/2024 GENAP;SWASTA;SMA;0
1726;15;JAMBI;1502;150213;DATA SEKOLAH;UNIT;2023/2024 GENAP;SWASTA;SMK;0
1727;15;JAMBI;1502;150213;DATA SEKOLAH;UNIT;2023/2024 GENAP;SWASTA;SLB;0
1728;15;JAMBI;1502;150220;DATA SEKOLAH;UNIT;2023/2024 GENAP;SWASTA;TK;5
1729;15;JAMBI;1502;150220;DATA SEKOLAH;UNIT;2023/2024 GENAP;SWASTA;KB;5
1730;15;JAMBI;1502;150220;DATA SEKOLAH;UNIT;2023/2024 GENAP;SWASTA;TPA;0
1731;15;JAMBI;1502;150220;DATA SEKOLAH;UNIT;2023/2024 GENAP;SWASTA;SPS;0
1732;15;JAMBI;1502;150220;DATA SEKOLAH;UNIT;2023/2024 GENAP;SWASTA;PKBM;0
1733;15;JAMBI;1502;150220;DATA SEKOLAH;UNIT;2023/2024 GENAP;SWASTA;SKB;0
1734;15;JAMBI;1502;150220;DATA SEKOLAH;UNIT;2023/2024 GENAP;SWASTA;SD;1
1735;15;JAMBI;1502;150220;DATA SEKOLAH;UNIT;2023/2024 GENAP;SWASTA;SMP;1
1736;15;JAMBI;1502;150220;DATA SEKOLAH;UNIT;2023/2024 GENAP;SWASTA;SMA;1
1737;15;JAMBI;1502;150220;DATA SEKOLAH;UNIT;2023/2024 GENAP;SWASTA;SMK;1
1738;15;JAMBI;1502;150220;DATA SEKOLAH;UNIT;2023/2024 GENAP;SWASTA;SLB;0
1739;15;JAMBI;1502;150217;DATA SEKOLAH;UNIT;2023/2024 GENAP;SWASTA;TK;8
1740;15;JAMBI;1502;150217;DATA SEKOLAH;UNIT;2023/2024 GENAP;SWASTA;KB;9
1741;15;JAMBI;1502;150217;DATA SEKOLAH;UNIT;2023/2024 GENAP;SWASTA;TPA;0
1742;15;JAMBI;1502;150217;DATA SEKOLAH;UNIT;2023/2024 GENAP;SWASTA;SPS;5
1743;15;JAMBI;1502;150217;DATA SEKOLAH;UNIT;2023/2024 GENAP;SWASTA;PKBM;1
1744;15;JAMBI;1502;150217;DATA SEKOLAH;UNIT;2023/2024 GENAP;SWASTA;SKB;0
1745;15;JAMBI;1502;150217;DATA SEKOLAH;UNIT;2023/2024 GENAP;SWASTA;SD;0
1746;15;JAMBI;1502;150217;DATA SEKOLAH;UNIT;2023/2024 GENAP;SWASTA;SMP;0
1747;15;JAMBI;1502;150217;DATA SEKOLAH;UNIT;2023/2024 GENAP;SWASTA;SMA;0
1748;15;JAMBI;1502;150217;DATA SEKOLAH;UNIT;2023/2024 GENAP;SWASTA;SMK;0
1749;15;JAMBI;1502;150217;DATA SEKOLAH;UNIT;2023/2024 GENAP;SWASTA;SLB;0
1750;15;JAMBI;1502;150219;DATA SEKOLAH;UNIT;2023/2024 GENAP;SWASTA;TK;5
1751;15;JAMBI;1502;150219;DATA SEKOLAH;UNIT;2023/2024 GENAP;SWASTA;KB;6
1752;15;JAMBI;1502;150219;DATA SEKOLAH;UNIT;2023/2024 GENAP;SWASTA;TPA;0
1753;15;JAMBI;1502;150219;DATA SEKOLAH;UNIT;2023/2024 GENAP;SWASTA;SPS;0
1754;15;JAMBI;1502;150219;DATA SEKOLAH;UNIT;2023/2024 GENAP;SWASTA;PKBM;0
1755;15;JAMBI;1502;150219;DATA SEKOLAH;UNIT;2023/2024 GENAP;SWASTA;SKB;0
1756;15;JAMBI;1502;150219;DATA SEKOLAH;UNIT;2023/2024 GENAP;SWASTA;SD;0
1757;15;JAMBI;1502;150219;DATA SEKOLAH;UNIT;2023/2024 GENAP;SWASTA;SMP;0
1758;15;JAMBI;1502;150219;DATA SEKOLAH;UNIT;2023/2024 GENAP;SWASTA;SMA;0
1759;15;JAMBI;1502;150219;DATA SEKOLAH;UNIT;2023/2024 GENAP;SWASTA;SMK;0
1760;15;JAMBI;1502;150219;DATA SEKOLAH;UNIT;2023/2024 GENAP;SWASTA;SLB;0
1761;15;JAMBI;1502;150216;DATA SEKOLAH;UNIT;2023/2024 GENAP;SWASTA;TK;7
1762;15;JAMBI;1502;150216;DATA SEKOLAH;UNIT;2023/2024 GENAP;SWASTA;KB;11
1763;15;JAMBI;1502;150216;DATA SEKOLAH;UNIT;2023/2024 GENAP;SWASTA;TPA;1
1764;15;JAMBI;1502;150216;DATA SEKOLAH;UNIT;2023/2024 GENAP;SWASTA;SPS;2
1765;15;JAMBI;1502;150216;DATA SEKOLAH;UNIT;2023/2024 GENAP;SWASTA;PKBM;0
1766;15;JAMBI;1502;150216;DATA SEKOLAH;UNIT;2023/2024 GENAP;SWASTA;SKB;0
1767;15;JAMBI;1502;150216;DATA SEKOLAH;UNIT;2023/2024 GENAP;SWASTA;SD;0
1768;15;JAMBI;1502;150216;DATA SEKOLAH;UNIT;2023/2024 GENAP;SWASTA;SMP;0
1769;15;JAMBI;1502;150216;DATA SEKOLAH;UNIT;2023/2024 GENAP;SWASTA;SMA;0
1770;15;JAMBI;1502;150216;DATA SEKOLAH;UNIT;2023/2024 GENAP;SWASTA;SMK;0
1771;15;JAMBI;1502;150216;DATA SEKOLAH;UNIT;2023/2024 GENAP;SWASTA;SLB;0
1772;15;JAMBI;1502;150204;DATA SEKOLAH;UNIT;2023/2024 GENAP;SWASTA;TK;8
1773;15;JAMBI;1502;150204;DATA SEKOLAH;UNIT;2023/2024 GENAP;SWASTA;KB;16
1774;15;JAMBI;1502;150204;DATA SEKOLAH;UNIT;2023/2024 GENAP;SWASTA;TPA;0
1775;15;JAMBI;1502;150204;DATA SEKOLAH;UNIT;2023/2024 GENAP;SWASTA;SPS;9
1776;15;JAMBI;1502;150204;DATA SEKOLAH;UNIT;2023/2024 GENAP;SWASTA;PKBM;2
1777;15;JAMBI;1502;150204;DATA SEKOLAH;UNIT;2023/2024 GENAP;SWASTA;SKB;0
1778;15;JAMBI;1502;150204;DATA SEKOLAH;UNIT;2023/2024 GENAP;SWASTA;SD;0
1779;15;JAMBI;1502;150204;DATA SEKOLAH;UNIT;2023/2024 GENAP;SWASTA;SMP;0
1780;15;JAMBI;1502;150204;DATA SEKOLAH;UNIT;2023/2024 GENAP;SWASTA;SMA;0
1781;15;JAMBI;1502;150204;DATA SEKOLAH;UNIT;2023/2024 GENAP;SWASTA;SMK;0
1782;15;JAMBI;1502;150204;DATA SEKOLAH;UNIT;2023/2024 GENAP;SWASTA;SLB;0
1783;15;JAMBI;1502;150205;DATA SEKOLAH;UNIT;2023/2024 GENAP;SWASTA;TK;8
1784;15;JAMBI;1502;150205;DATA SEKOLAH;UNIT;2023/2024 GENAP;SWASTA;KB;2
1785;15;JAMBI;1502;150205;DATA SEKOLAH;UNIT;2023/2024 GENAP;SWASTA;TPA;0
1786;15;JAMBI;1502;150205;DATA SEKOLAH;UNIT;2023/2024 GENAP;SWASTA;SPS;0
1787;15;JAMBI;1502;150205;DATA SEKOLAH;UNIT;2023/2024 GENAP;SWASTA;PKBM;0
1788;15;JAMBI;1502;150205;DATA SEKOLAH;UNIT;2023/2024 GENAP;SWASTA;SKB;0
1789;15;JAMBI;1502;150205;DATA SEKOLAH;UNIT;2023/2024 GENAP;SWASTA;SD;1
1790;15;JAMBI;1502;150205;DATA SEKOLAH;UNIT;2023/2024 GENAP;SWASTA;SMP;0
1791;15;JAMBI;1502;150205;DATA SEKOLAH;UNIT;2023/2024 GENAP;SWASTA;SMA;0
1792;15;JAMBI;1502;150205;DATA SEKOLAH;UNIT;2023/2024 GENAP;SWASTA;SMK;0
1793;15;JAMBI;1502;150205;DATA SEKOLAH;UNIT;2023/2024 GENAP;SWASTA;SLB;0
1794;15;JAMBI;1502;150223;DATA SEKOLAH;UNIT;2023/2024 GENAP;SWASTA;TK;10
1795;15;JAMBI;1502;150223;DATA SEKOLAH;UNIT;2023/2024 GENAP;SWASTA;KB;4
1796;15;JAMBI;1502;150223;DATA SEKOLAH;UNIT;2023/2024 GENAP;SWASTA;TPA;0
1797;15;JAMBI;1502;150223;DATA SEKOLAH;UNIT;2023/2024 GENAP;SWASTA;SPS;0
1798;15;JAMBI;1502;150223;DATA SEKOLAH;UNIT;2023/2024 GENAP;SWASTA;PKBM;2
1799;15;JAMBI;1502;150223;DATA SEKOLAH;UNIT;2023/2024 GENAP;SWASTA;SKB;0
1800;15;JAMBI;1502;150223;DATA SEKOLAH;UNIT;2023/2024 GENAP;SWASTA;SD;0
1801;15;JAMBI;1502;150223;DATA SEKOLAH;UNIT;2023/2024 GENAP;SWASTA;SMP;0
1802;15;JAMBI;1502;150223;DATA SEKOLAH;UNIT;2023/2024 GENAP;SWASTA;SMA;1
1803;15;JAMBI;1502;150223;DATA SEKOLAH;UNIT;2023/2024 GENAP;SWASTA;SMK;0
1804;15;JAMBI;1502;150223;DATA SEKOLAH;UNIT;2023/2024 GENAP;SWASTA;SLB;0
1805;15;JAMBI;1502;150214;DATA SEKOLAH;UNIT;2023/2024 GENAP;SWASTA;TK;4
1806;15;JAMBI;1502;150214;DATA SEKOLAH;UNIT;2023/2024 GENAP;SWASTA;KB;8
1807;15;JAMBI;1502;150214;DATA SEKOLAH;UNIT;2023/2024 GENAP;SWASTA;TPA;0
1808;15;JAMBI;1502;150214;DATA SEKOLAH;UNIT;2023/2024 GENAP;SWASTA;SPS;4
1809;15;JAMBI;1502;150214;DATA SEKOLAH;UNIT;2023/2024 GENAP;SWASTA;PKBM;2
1810;15;JAMBI;1502;150214;DATA SEKOLAH;UNIT;2023/2024 GENAP;SWASTA;SKB;0
1811;15;JAMBI;1502;150214;DATA SEKOLAH;UNIT;2023/2024 GENAP;SWASTA;SD;0
1812;15;JAMBI;1502;150214;DATA SEKOLAH;UNIT;2023/2024 GENAP;SWASTA;SMP;0
1813;15;JAMBI;1502;150214;DATA SEKOLAH;UNIT;2023/2024 GENAP;SWASTA;SMA;0
1814;15;JAMBI;1502;150214;DATA SEKOLAH;UNIT;2023/2024 GENAP;SWASTA;SMK;0
1815;15;JAMBI;1502;150214;DATA SEKOLAH;UNIT;2023/2024 GENAP;SWASTA;SLB;0
1816;15;JAMBI;1502;150222;DATA SEKOLAH;UNIT;2023/2024 GENAP;SWASTA;TK;5
1817;15;JAMBI;1502;150222;DATA SEKOLAH;UNIT;2023/2024 GENAP;SWASTA;KB;1
1818;15;JAMBI;1502;150222;DATA SEKOLAH;UNIT;2023/2024 GENAP;SWASTA;TPA;0
1819;15;JAMBI;1502;150222;DATA SEKOLAH;UNIT;2023/2024 GENAP;SWASTA;SPS;0
1820;15;JAMBI;1502;150222;DATA SEKOLAH;UNIT;2023/2024 GENAP;SWASTA;PKBM;0
1821;15;JAMBI;1502;150222;DATA SEKOLAH;UNIT;2023/2024 GENAP;SWASTA;SKB;0
1822;15;JAMBI;1502;150222;DATA SEKOLAH;UNIT;2023/2024 GENAP;SWASTA;SD;1
1823;15;JAMBI;1502;150222;DATA SEKOLAH;UNIT;2023/2024 GENAP;SWASTA;SMP;1
1824;15;JAMBI;1502;150222;DATA SEKOLAH;UNIT;2023/2024 GENAP;SWASTA;SMA;1
1825;15;JAMBI;1502;150222;DATA SEKOLAH;UNIT;2023/2024 GENAP;SWASTA;SMK;0
1826;15;JAMBI;1502;150222;DATA SEKOLAH;UNIT;2023/2024 GENAP;SWASTA;SLB;0
1827;15;JAMBI;1502;150208;DATA SEKOLAH;UNIT;2023/2024 GENAP;SWASTA;TK;20
1828;15;JAMBI;1502;150208;DATA SEKOLAH;UNIT;2023/2024 GENAP;SWASTA;KB;7
1829;15;JAMBI;1502;150208;DATA SEKOLAH;UNIT;2023/2024 GENAP;SWASTA;TPA;0
1830;15;JAMBI;1502;150208;DATA SEKOLAH;UNIT;2023/2024 GENAP;SWASTA;SPS;1
1831;15;JAMBI;1502;150208;DATA SEKOLAH;UNIT;2023/2024 GENAP;SWASTA;PKBM;1
1832;15;JAMBI;1502;150208;DATA SEKOLAH;UNIT;2023/2024 GENAP;SWASTA;SKB;0
1833;15;JAMBI;1502;150208;DATA SEKOLAH;UNIT;2023/2024 GENAP;SWASTA;SD;2
1834;15;JAMBI;1502;150208;DATA SEKOLAH;UNIT;2023/2024 GENAP;SWASTA;SMP;0
1835;15;JAMBI;1502;150208;DATA SEKOLAH;UNIT;2023/2024 GENAP;SWASTA;SMA;0
1836;15;JAMBI;1502;150208;DATA SEKOLAH;UNIT;2023/2024 GENAP;SWASTA;SMK;0
1837;15;JAMBI;1502;150208;DATA SEKOLAH;UNIT;2023/2024 GENAP;SWASTA;SLB;0
1838;15;JAMBI;1502;150215;DATA SEKOLAH;UNIT;2023/2024 GENAP;SWASTA;TK;2
1839;15;JAMBI;1502;150215;DATA SEKOLAH;UNIT;2023/2024 GENAP;SWASTA;KB;5
1840;15;JAMBI;1502;150215;DATA SEKOLAH;UNIT;2023/2024 GENAP;SWASTA;TPA;0
1841;15;JAMBI;1502;150215;DATA SEKOLAH;UNIT;2023/2024 GENAP;SWASTA;SPS;0
1842;15;JAMBI;1502;150215;DATA SEKOLAH;UNIT;2023/2024 GENAP;SWASTA;PKBM;0
1843;15;JAMBI;1502;150215;DATA SEKOLAH;UNIT;2023/2024 GENAP;SWASTA;SKB;0
1844;15;JAMBI;1502;150215;DATA SEKOLAH;UNIT;2023/2024 GENAP;SWASTA;SD;0
1845;15;JAMBI;1502;150215;DATA SEKOLAH;UNIT;2023/2024 GENAP;SWASTA;SMP;0
1846;15;JAMBI;1502;150215;DATA SEKOLAH;UNIT;2023/2024 GENAP;SWASTA;SMA;0
1847;15;JAMBI;1502;150215;DATA SEKOLAH;UNIT;2023/2024 GENAP;SWASTA;SMK;0
1848;15;JAMBI;1502;150215;DATA SEKOLAH;UNIT;2023/2024 GENAP;SWASTA;SLB;0
1849;15;JAMBI;1502;150207;DATA SEKOLAH;UNIT;2023/2024 GENAP;SWASTA;TK;4
1850;15;JAMBI;1502;150207;DATA SEKOLAH;UNIT;2023/2024 GENAP;SWASTA;KB;2
1851;15;JAMBI;1502;150207;DATA SEKOLAH;UNIT;2023/2024 GENAP;SWASTA;TPA;0
1852;15;JAMBI;1502;150207;DATA SEKOLAH;UNIT;2023/2024 GENAP;SWASTA;SPS;0
1853;15;JAMBI;1502;150207;DATA SEKOLAH;UNIT;2023/2024 GENAP;SWASTA;PKBM;0
1854;15;JAMBI;1502;150207;DATA SEKOLAH;UNIT;2023/2024 GENAP;SWASTA;SKB;0
1855;15;JAMBI;1502;150207;DATA SEKOLAH;UNIT;2023/2024 GENAP;SWASTA;SD;0
1856;15;JAMBI;1502;150207;DATA SEKOLAH;UNIT;2023/2024 GENAP;SWASTA;SMP;0
1857;15;JAMBI;1502;150207;DATA SEKOLAH;UNIT;2023/2024 GENAP;SWASTA;SMA;0
1858;15;JAMBI;1502;150207;DATA SEKOLAH;UNIT;2023/2024 GENAP;SWASTA;SMK;0
1859;15;JAMBI;1502;150207;DATA SEKOLAH;UNIT;2023/2024 GENAP;SWASTA;SLB;0
1860;15;JAMBI;1502;150224;DATA SEKOLAH;UNIT;2023/2024 GENAP;SWASTA;TK;0
1861;15;JAMBI;1502;150224;DATA SEKOLAH;UNIT;2023/2024 GENAP;SWASTA;KB;6
1862;15;JAMBI;1502;150224;DATA SEKOLAH;UNIT;2023/2024 GENAP;SWASTA;TPA;0
1863;15;JAMBI;1502;150224;DATA SEKOLAH;UNIT;2023/2024 GENAP;SWASTA;SPS;0
1864;15;JAMBI;1502;150224;DATA SEKOLAH;UNIT;2023/2024 GENAP;SWASTA;PKBM;0
1865;15;JAMBI;1502;150224;DATA SEKOLAH;UNIT;2023/2024 GENAP;SWASTA;SKB;0
1866;15;JAMBI;1502;150224;DATA SEKOLAH;UNIT;2023/2024 GENAP;SWASTA;SD;0
1867;15;JAMBI;1502;150224;DATA SEKOLAH;UNIT;2023/2024 GENAP;SWASTA;SMP;0
1868;15;JAMBI;1502;150224;DATA SEKOLAH;UNIT;2023/2024 GENAP;SWASTA;SMA;0
1869;15;JAMBI;1502;150224;DATA SEKOLAH;UNIT;2023/2024 GENAP;SWASTA;SMK;0
1870;15;JAMBI;1502;150224;DATA SEKOLAH;UNIT;2023/2024 GENAP;SWASTA;SLB;0
1871;15;JAMBI;1505;150510;DATA SEKOLAH;UNIT;2023/2024 GENAP;NEGERI;TK;3
1872;15;JAMBI;1505;150510;DATA SEKOLAH;UNIT;2023/2024 GENAP;NEGERI;KB;0
1873;15;JAMBI;1505;150510;DATA SEKOLAH;UNIT;2023/2024 GENAP;NEGERI;TPA;0
1874;15;JAMBI;1505;150510;DATA SEKOLAH;UNIT;2023/2024 GENAP;NEGERI;SPS;0
1875;15;JAMBI;1505;150510;DATA SEKOLAH;UNIT;2023/2024 GENAP;NEGERI;PKBM;0
1876;15;JAMBI;1505;150510;DATA SEKOLAH;UNIT;2023/2024 GENAP;NEGERI;SKB;0
1877;15;JAMBI;1505;150510;DATA SEKOLAH;UNIT;2023/2024 GENAP;NEGERI;SD;15
1878;15;JAMBI;1505;150510;DATA SEKOLAH;UNIT;2023/2024 GENAP;NEGERI;SMP;5
1879;15;JAMBI;1505;150510;DATA SEKOLAH;UNIT;2023/2024 GENAP;NEGERI;SMA;1
1880;15;JAMBI;1505;150510;DATA SEKOLAH;UNIT;2023/2024 GENAP;NEGERI;SMK;0
1881;15;JAMBI;1505;150510;DATA SEKOLAH;UNIT;2023/2024 GENAP;NEGERI;SLB;0
1882;15;JAMBI;1505;150509;DATA SEKOLAH;UNIT;2023/2024 GENAP;NEGERI;TK;1
1883;15;JAMBI;1505;150509;DATA SEKOLAH;UNIT;2023/2024 GENAP;NEGERI;KB;0
1884;15;JAMBI;1505;150509;DATA SEKOLAH;UNIT;2023/2024 GENAP;NEGERI;TPA;0
1885;15;JAMBI;1505;150509;DATA SEKOLAH;UNIT;2023/2024 GENAP;NEGERI;SPS;0
1886;15;JAMBI;1505;150509;DATA SEKOLAH;UNIT;2023/2024 GENAP;NEGERI;PKBM;0
1887;15;JAMBI;1505;150509;DATA SEKOLAH;UNIT;2023/2024 GENAP;NEGERI;SKB;0
1888;15;JAMBI;1505;150509;DATA SEKOLAH;UNIT;2023/2024 GENAP;NEGERI;SD;11
1889;15;JAMBI;1505;150509;DATA SEKOLAH;UNIT;2023/2024 GENAP;NEGERI;SMP;4
1890;15;JAMBI;1505;150509;DATA SEKOLAH;UNIT;2023/2024 GENAP;NEGERI;SMA;1
1891;15;JAMBI;1505;150509;DATA SEKOLAH;UNIT;2023/2024 GENAP;NEGERI;SMK;1
1892;15;JAMBI;1505;150509;DATA SEKOLAH;UNIT;2023/2024 GENAP;NEGERI;SLB;0
1893;15;JAMBI;1505;150501;DATA SEKOLAH;UNIT;2023/2024 GENAP;NEGERI;TK;4
1894;15;JAMBI;1505;150501;DATA SEKOLAH;UNIT;2023/2024 GENAP;NEGERI;KB;0
1895;15;JAMBI;1505;150501;DATA SEKOLAH;UNIT;2023/2024 GENAP;NEGERI;TPA;0
1896;15;JAMBI;1505;150501;DATA SEKOLAH;UNIT;2023/2024 GENAP;NEGERI;SPS;0
1897;15;JAMBI;1505;150501;DATA SEKOLAH;UNIT;2023/2024 GENAP;NEGERI;PKBM;0
1898;15;JAMBI;1505;150501;DATA SEKOLAH;UNIT;2023/2024 GENAP;NEGERI;SKB;0
1899;15;JAMBI;1505;150501;DATA SEKOLAH;UNIT;2023/2024 GENAP;NEGERI;SD;34
1900;15;JAMBI;1505;150501;DATA SEKOLAH;UNIT;2023/2024 GENAP;NEGERI;SMP;8
1901;15;JAMBI;1505;150501;DATA SEKOLAH;UNIT;2023/2024 GENAP;NEGERI;SMA;4
1902;15;JAMBI;1505;150501;DATA SEKOLAH;UNIT;2023/2024 GENAP;NEGERI;SMK;2
1903;15;JAMBI;1505;150501;DATA SEKOLAH;UNIT;2023/2024 GENAP;NEGERI;SLB;0
1904;15;JAMBI;1505;150503;DATA SEKOLAH;UNIT;2023/2024 GENAP;NEGERI;TK;4
1905;15;JAMBI;1505;150503;DATA SEKOLAH;UNIT;2023/2024 GENAP;NEGERI;KB;0
1906;15;JAMBI;1505;150503;DATA SEKOLAH;UNIT;2023/2024 GENAP;NEGERI;TPA;0
1907;15;JAMBI;1505;150503;DATA SEKOLAH;UNIT;2023/2024 GENAP;NEGERI;SPS;0
1908;15;JAMBI;1505;150503;DATA SEKOLAH;UNIT;2023/2024 GENAP;NEGERI;PKBM;0
1909;15;JAMBI;1505;150503;DATA SEKOLAH;UNIT;2023/2024 GENAP;NEGERI;SKB;0
1910;15;JAMBI;1505;150503;DATA SEKOLAH;UNIT;2023/2024 GENAP;NEGERI;SD;23
1911;15;JAMBI;1505;150503;DATA SEKOLAH;UNIT;2023/2024 GENAP;NEGERI;SMP;5
1912;15;JAMBI;1505;150503;DATA SEKOLAH;UNIT;2023/2024 GENAP;NEGERI;SMA;1
1913;15;JAMBI;1505;150503;DATA SEKOLAH;UNIT;2023/2024 GENAP;NEGERI;SMK;1
1914;15;JAMBI;1505;150503;DATA SEKOLAH;UNIT;2023/2024 GENAP;NEGERI;SLB;0
1915;15;JAMBI;1505;150506;DATA SEKOLAH;UNIT;2023/2024 GENAP;NEGERI;TK;3
1916;15;JAMBI;1505;150506;DATA SEKOLAH;UNIT;2023/2024 GENAP;NEGERI;KB;0
1917;15;JAMBI;1505;150506;DATA SEKOLAH;UNIT;2023/2024 GENAP;NEGERI;TPA;0
1918;15;JAMBI;1505;150506;DATA SEKOLAH;UNIT;2023/2024 GENAP;NEGERI;SPS;0
1919;15;JAMBI;1505;150506;DATA SEKOLAH;UNIT;2023/2024 GENAP;NEGERI;PKBM;0
1920;15;JAMBI;1505;150506;DATA SEKOLAH;UNIT;2023/2024 GENAP;NEGERI;SKB;0
1921;15;JAMBI;1505;150506;DATA SEKOLAH;UNIT;2023/2024 GENAP;NEGERI;SD;22
1922;15;JAMBI;1505;150506;DATA SEKOLAH;UNIT;2023/2024 GENAP;NEGERI;SMP;5
1923;15;JAMBI;1505;150506;DATA SEKOLAH;UNIT;2023/2024 GENAP;NEGERI;SMA;2
1924;15;JAMBI;1505;150506;DATA SEKOLAH;UNIT;2023/2024 GENAP;NEGERI;SMK;0
1925;15;JAMBI;1505;150506;DATA SEKOLAH;UNIT;2023/2024 GENAP;NEGERI;SLB;0
1926;15;JAMBI;1505;150504;DATA SEKOLAH;UNIT;2023/2024 GENAP;NEGERI;TK;2
1927;15;JAMBI;1505;150504;DATA SEKOLAH;UNIT;2023/2024 GENAP;NEGERI;KB;0
1928;15;JAMBI;1505;150504;DATA SEKOLAH;UNIT;2023/2024 GENAP;NEGERI;TPA;0
1929;15;JAMBI;1505;150504;DATA SEKOLAH;UNIT;2023/2024 GENAP;NEGERI;SPS;0
1930;15;JAMBI;1505;150504;DATA SEKOLAH;UNIT;2023/2024 GENAP;NEGERI;PKBM;0
1931;15;JAMBI;1505;150504;DATA SEKOLAH;UNIT;2023/2024 GENAP;NEGERI;SKB;0
1932;15;JAMBI;1505;150504;DATA SEKOLAH;UNIT;2023/2024 GENAP;NEGERI;SD;17
1933;15;JAMBI;1505;150504;DATA SEKOLAH;UNIT;2023/2024 GENAP;NEGERI;SMP;5
1934;15;JAMBI;1505;150504;DATA SEKOLAH;UNIT;2023/2024 GENAP;NEGERI;SMA;1
1935;15;JAMBI;1505;150504;DATA SEKOLAH;UNIT;2023/2024 GENAP;NEGERI;SMK;1
1936;15;JAMBI;1505;150504;DATA SEKOLAH;UNIT;2023/2024 GENAP;NEGERI;SLB;0
1937;15;JAMBI;1505;150505;DATA SEKOLAH;UNIT;2023/2024 GENAP;NEGERI;TK;5
1938;15;JAMBI;1505;150505;DATA SEKOLAH;UNIT;2023/2024 GENAP;NEGERI;KB;0
1939;15;JAMBI;1505;150505;DATA SEKOLAH;UNIT;2023/2024 GENAP;NEGERI;TPA;0
1940;15;JAMBI;1505;150505;DATA SEKOLAH;UNIT;2023/2024 GENAP;NEGERI;SPS;0
1941;15;JAMBI;1505;150505;DATA SEKOLAH;UNIT;2023/2024 GENAP;NEGERI;PKBM;0
1942;15;JAMBI;1505;150505;DATA SEKOLAH;UNIT;2023/2024 GENAP;NEGERI;SKB;0
1943;15;JAMBI;1505;150505;DATA SEKOLAH;UNIT;2023/2024 GENAP;NEGERI;SD;32
1944;15;JAMBI;1505;150505;DATA SEKOLAH;UNIT;2023/2024 GENAP;NEGERI;SMP;9
1945;15;JAMBI;1505;150505;DATA SEKOLAH;UNIT;2023/2024 GENAP;NEGERI;SMA;3
1946;15;JAMBI;1505;150505;DATA SEKOLAH;UNIT;2023/2024 GENAP;NEGERI;SMK;1
1947;15;JAMBI;1505;150505;DATA SEKOLAH;UNIT;2023/2024 GENAP;NEGERI;SLB;0
1948;15;JAMBI;1505;150502;DATA SEKOLAH;UNIT;2023/2024 GENAP;NEGERI;TK;2
1949;15;JAMBI;1505;150502;DATA SEKOLAH;UNIT;2023/2024 GENAP;NEGERI;KB;0
1950;15;JAMBI;1505;150502;DATA SEKOLAH;UNIT;2023/2024 GENAP;NEGERI;TPA;0
1951;15;JAMBI;1505;150502;DATA SEKOLAH;UNIT;2023/2024 GENAP;NEGERI;SPS;0
1952;15;JAMBI;1505;150502;DATA SEKOLAH;UNIT;2023/2024 GENAP;NEGERI;PKBM;0
1953;15;JAMBI;1505;150502;DATA SEKOLAH;UNIT;2023/2024 GENAP;NEGERI;SKB;1
1954;15;JAMBI;1505;150502;DATA SEKOLAH;UNIT;2023/2024 GENAP;NEGERI;SD;31
1955;15;JAMBI;1505;150502;DATA SEKOLAH;UNIT;2023/2024 GENAP;NEGERI;SMP;7
1956;15;JAMBI;1505;150502;DATA SEKOLAH;UNIT;2023/2024 GENAP;NEGERI;SMA;2
1957;15;JAMBI;1505;150502;DATA SEKOLAH;UNIT;2023/2024 GENAP;NEGERI;SMK;1
1958;15;JAMBI;1505;150502;DATA SEKOLAH;UNIT;2023/2024 GENAP;NEGERI;SLB;1
1959;15;JAMBI;1505;150507;DATA SEKOLAH;UNIT;2023/2024 GENAP;NEGERI;TK;3
1960;15;JAMBI;1505;150507;DATA SEKOLAH;UNIT;2023/2024 GENAP;NEGERI;KB;0
1961;15;JAMBI;1505;150507;DATA SEKOLAH;UNIT;2023/2024 GENAP;NEGERI;TPA;0
1962;15;JAMBI;1505;150507;DATA SEKOLAH;UNIT;2023/2024 GENAP;NEGERI;SPS;0
1963;15;JAMBI;1505;150507;DATA SEKOLAH;UNIT;2023/2024 GENAP;NEGERI;PKBM;0
1964;15;JAMBI;1505;150507;DATA SEKOLAH;UNIT;2023/2024 GENAP;NEGERI;SKB;0
1965;15;JAMBI;1505;150507;DATA SEKOLAH;UNIT;2023/2024 GENAP;NEGERI;SD;19
1966;15;JAMBI;1505;150507;DATA SEKOLAH;UNIT;2023/2024 GENAP;NEGERI;SMP;6
1967;15;JAMBI;1505;150507;DATA SEKOLAH;UNIT;2023/2024 GENAP;NEGERI;SMA;1
1968;15;JAMBI;1505;150507;DATA SEKOLAH;UNIT;2023/2024 GENAP;NEGERI;SMK;2
1969;15;JAMBI;1505;150507;DATA SEKOLAH;UNIT;2023/2024 GENAP;NEGERI;SLB;1
1970;15;JAMBI;1505;150508;DATA SEKOLAH;UNIT;2023/2024 GENAP;NEGERI;TK;1
1971;15;JAMBI;1505;150508;DATA SEKOLAH;UNIT;2023/2024 GENAP;NEGERI;KB;0
1972;15;JAMBI;1505;150508;DATA SEKOLAH;UNIT;2023/2024 GENAP;NEGERI;TPA;0
1973;15;JAMBI;1505;150508;DATA SEKOLAH;UNIT;2023/2024 GENAP;NEGERI;SPS;0
1974;15;JAMBI;1505;150508;DATA SEKOLAH;UNIT;2023/2024 GENAP;NEGERI;PKBM;0
1975;15;JAMBI;1505;150508;DATA SEKOLAH;UNIT;2023/2024 GENAP;NEGERI;SKB;0
1976;15;JAMBI;1505;150508;DATA SEKOLAH;UNIT;2023/2024 GENAP;NEGERI;SD;28
1977;15;JAMBI;1505;150508;DATA SEKOLAH;UNIT;2023/2024 GENAP;NEGERI;SMP;11
1978;15;JAMBI;1505;150508;DATA SEKOLAH;UNIT;2023/2024 GENAP;NEGERI;SMA;2
1979;15;JAMBI;1505;150508;DATA SEKOLAH;UNIT;2023/2024 GENAP;NEGERI;SMK;1
1980;15;JAMBI;1505;150508;DATA SEKOLAH;UNIT;2023/2024 GENAP;NEGERI;SLB;0
1981;15;JAMBI;1505;150511;DATA SEKOLAH;UNIT;2023/2024 GENAP;NEGERI;TK;2
1982;15;JAMBI;1505;150511;DATA SEKOLAH;UNIT;2023/2024 GENAP;NEGERI;KB;0
1983;15;JAMBI;1505;150511;DATA SEKOLAH;UNIT;2023/2024 GENAP;NEGERI;TPA;0
1984;15;JAMBI;1505;150511;DATA SEKOLAH;UNIT;2023/2024 GENAP;NEGERI;SPS;0
1985;15;JAMBI;1505;150511;DATA SEKOLAH;UNIT;2023/2024 GENAP;NEGERI;PKBM;0
1986;15;JAMBI;1505;150511;DATA SEKOLAH;UNIT;2023/2024 GENAP;NEGERI;SKB;0
1987;15;JAMBI;1505;150511;DATA SEKOLAH;UNIT;2023/2024 GENAP;NEGERI;SD;12
1988;15;JAMBI;1505;150511;DATA SEKOLAH;UNIT;2023/2024 GENAP;NEGERI;SMP;3
1989;15;JAMBI;1505;150511;DATA SEKOLAH;UNIT;2023/2024 GENAP;NEGERI;SMA;0
1990;15;JAMBI;1505;150511;DATA SEKOLAH;UNIT;2023/2024 GENAP;NEGERI;SMK;1
1991;15;JAMBI;1505;150511;DATA SEKOLAH;UNIT;2023/2024 GENAP;NEGERI;SLB;0
1992;15;JAMBI;1505;150510;DATA SEKOLAH;UNIT;2023/2024 GENAP;SWASTA;TK;9
1993;15;JAMBI;1505;150510;DATA SEKOLAH;UNIT;2023/2024 GENAP;SWASTA;KB;6
1994;15;JAMBI;1505;150510;DATA SEKOLAH;UNIT;2023/2024 GENAP;SWASTA;TPA;0
1995;15;JAMBI;1505;150510;DATA SEKOLAH;UNIT;2023/2024 GENAP;SWASTA;SPS;2
1996;15;JAMBI;1505;150510;DATA SEKOLAH;UNIT;2023/2024 GENAP;SWASTA;PKBM;0
1997;15;JAMBI;1505;150510;DATA SEKOLAH;UNIT;2023/2024 GENAP;SWASTA;SKB;0
1998;15;JAMBI;1505;150510;DATA SEKOLAH;UNIT;2023/2024 GENAP;SWASTA;SD;1
1999;15;JAMBI;1505;150510;DATA SEKOLAH;UNIT;2023/2024 GENAP;SWASTA;SMP;0
2000;15;JAMBI;1505;150510;DATA SEKOLAH;UNIT;2023/2024 GENAP;SWASTA;SMA;0
2001;15;JAMBI;1505;150510;DATA SEKOLAH;UNIT;2023/2024 GENAP;SWASTA;SMK;0
2002;15;JAMBI;1505;150510;DATA SEKOLAH;UNIT;2023/2024 GENAP;SWASTA;SLB;0
2003;15;JAMBI;1505;150509;DATA SEKOLAH;UNIT;2023/2024 GENAP;SWASTA;TK;9
2004;15;JAMBI;1505;150509;DATA SEKOLAH;UNIT;2023/2024 GENAP;SWASTA;KB;5
2005;15;JAMBI;1505;150509;DATA SEKOLAH;UNIT;2023/2024 GENAP;SWASTA;TPA;0
2006;15;JAMBI;1505;150509;DATA SEKOLAH;UNIT;2023/2024 GENAP;SWASTA;SPS;0
2007;15;JAMBI;1505;150509;DATA SEKOLAH;UNIT;2023/2024 GENAP;SWASTA;PKBM;0
2008;15;JAMBI;1505;150509;DATA SEKOLAH;UNIT;2023/2024 GENAP;SWASTA;SKB;0
2009;15;JAMBI;1505;150509;DATA SEKOLAH;UNIT;2023/2024 GENAP;SWASTA;SD;0
2010;15;JAMBI;1505;150509;DATA SEKOLAH;UNIT;2023/2024 GENAP;SWASTA;SMP;1
2011;15;JAMBI;1505;150509;DATA SEKOLAH;UNIT;2023/2024 GENAP;SWASTA;SMA;0
2012;15;JAMBI;1505;150509;DATA SEKOLAH;UNIT;2023/2024 GENAP;SWASTA;SMK;0
2013;15;JAMBI;1505;150509;DATA SEKOLAH;UNIT;2023/2024 GENAP;SWASTA;SLB;0
2014;15;JAMBI;1505;150501;DATA SEKOLAH;UNIT;2023/2024 GENAP;SWASTA;TK;35
2015;15;JAMBI;1505;150501;DATA SEKOLAH;UNIT;2023/2024 GENAP;SWASTA;KB;13
2016;15;JAMBI;1505;150501;DATA SEKOLAH;UNIT;2023/2024 GENAP;SWASTA;TPA;2
2017;15;JAMBI;1505;150501;DATA SEKOLAH;UNIT;2023/2024 GENAP;SWASTA;SPS;2
2018;15;JAMBI;1505;150501;DATA SEKOLAH;UNIT;2023/2024 GENAP;SWASTA;PKBM;1
2019;15;JAMBI;1505;150501;DATA SEKOLAH;UNIT;2023/2024 GENAP;SWASTA;SKB;0
2020;15;JAMBI;1505;150501;DATA SEKOLAH;UNIT;2023/2024 GENAP;SWASTA;SD;4
2021;15;JAMBI;1505;150501;DATA SEKOLAH;UNIT;2023/2024 GENAP;SWASTA;SMP;1
2022;15;JAMBI;1505;150501;DATA SEKOLAH;UNIT;2023/2024 GENAP;SWASTA;SMA;0
2023;15;JAMBI;1505;150501;DATA SEKOLAH;UNIT;2023/2024 GENAP;SWASTA;SMK;0
2024;15;JAMBI;1505;150501;DATA SEKOLAH;UNIT;2023/2024 GENAP;SWASTA;SLB;1
2025;15;JAMBI;1505;150503;DATA SEKOLAH;UNIT;2023/2024 GENAP;SWASTA;TK;4
2026;15;JAMBI;1505;150503;DATA SEKOLAH;UNIT;2023/2024 GENAP;SWASTA;KB;9
2027;15;JAMBI;1505;150503;DATA SEKOLAH;UNIT;2023/2024 GENAP;SWASTA;TPA;0
2028;15;JAMBI;1505;150503;DATA SEKOLAH;UNIT;2023/2024 GENAP;SWASTA;SPS;1
2029;15;JAMBI;1505;150503;DATA SEKOLAH;UNIT;2023/2024 GENAP;SWASTA;PKBM;0
2030;15;JAMBI;1505;150503;DATA SEKOLAH;UNIT;2023/2024 GENAP;SWASTA;SKB;0
2031;15;JAMBI;1505;150503;DATA SEKOLAH;UNIT;2023/2024 GENAP;SWASTA;SD;0
2032;15;JAMBI;1505;150503;DATA SEKOLAH;UNIT;2023/2024 GENAP;SWASTA;SMP;0
2033;15;JAMBI;1505;150503;DATA SEKOLAH;UNIT;2023/2024 GENAP;SWASTA;SMA;0
2034;15;JAMBI;1505;150503;DATA SEKOLAH;UNIT;2023/2024 GENAP;SWASTA;SMK;0
2035;15;JAMBI;1505;150503;DATA SEKOLAH;UNIT;2023/2024 GENAP;SWASTA;SLB;0
2036;15;JAMBI;1505;150506;DATA SEKOLAH;UNIT;2023/2024 GENAP;SWASTA;TK;6
2037;15;JAMBI;1505;150506;DATA SEKOLAH;UNIT;2023/2024 GENAP;SWASTA;KB;23
2038;15;JAMBI;1505;150506;DATA SEKOLAH;UNIT;2023/2024 GENAP;SWASTA;TPA;0
2039;15;JAMBI;1505;150506;DATA SEKOLAH;UNIT;2023/2024 GENAP;SWASTA;SPS;1
2040;15;JAMBI;1505;150506;DATA SEKOLAH;UNIT;2023/2024 GENAP;SWASTA;PKBM;0
2041;15;JAMBI;1505;150506;DATA SEKOLAH;UNIT;2023/2024 GENAP;SWASTA;SKB;0
2042;15;JAMBI;1505;150506;DATA SEKOLAH;UNIT;2023/2024 GENAP;SWASTA;SD;2
2043;15;JAMBI;1505;150506;DATA SEKOLAH;UNIT;2023/2024 GENAP;SWASTA;SMP;2
2044;15;JAMBI;1505;150506;DATA SEKOLAH;UNIT;2023/2024 GENAP;SWASTA;SMA;2
2045;15;JAMBI;1505;150506;DATA SEKOLAH;UNIT;2023/2024 GENAP;SWASTA;SMK;2
2046;15;JAMBI;1505;150506;DATA SEKOLAH;UNIT;2023/2024 GENAP;SWASTA;SLB;0
2047;15;JAMBI;1505;150504;DATA SEKOLAH;UNIT;2023/2024 GENAP;SWASTA;TK;5
2048;15;JAMBI;1505;150504;DATA SEKOLAH;UNIT;2023/2024 GENAP;SWASTA;KB;5
2049;15;JAMBI;1505;150504;DATA SEKOLAH;UNIT;2023/2024 GENAP;SWASTA;TPA;0
2050;15;JAMBI;1505;150504;DATA SEKOLAH;UNIT;2023/2024 GENAP;SWASTA;SPS;0
2051;15;JAMBI;1505;150504;DATA SEKOLAH;UNIT;2023/2024 GENAP;SWASTA;PKBM;2
2052;15;JAMBI;1505;150504;DATA SEKOLAH;UNIT;2023/2024 GENAP;SWASTA;SKB;0
2053;15;JAMBI;1505;150504;DATA SEKOLAH;UNIT;2023/2024 GENAP;SWASTA;SD;0
2054;15;JAMBI;1505;150504;DATA SEKOLAH;UNIT;2023/2024 GENAP;SWASTA;SMP;0
2055;15;JAMBI;1505;150504;DATA SEKOLAH;UNIT;2023/2024 GENAP;SWASTA;SMA;0
2056;15;JAMBI;1505;150504;DATA SEKOLAH;UNIT;2023/2024 GENAP;SWASTA;SMK;0
2057;15;JAMBI;1505;150504;DATA SEKOLAH;UNIT;2023/2024 GENAP;SWASTA;SLB;0
2058;15;JAMBI;1505;150505;DATA SEKOLAH;UNIT;2023/2024 GENAP;SWASTA;TK;14
2059;15;JAMBI;1505;150505;DATA SEKOLAH;UNIT;2023/2024 GENAP;SWASTA;KB;12
2060;15;JAMBI;1505;150505;DATA SEKOLAH;UNIT;2023/2024 GENAP;SWASTA;TPA;0
2061;15;JAMBI;1505;150505;DATA SEKOLAH;UNIT;2023/2024 GENAP;SWASTA;SPS;0
2062;15;JAMBI;1505;150505;DATA SEKOLAH;UNIT;2023/2024 GENAP;SWASTA;PKBM;0
2063;15;JAMBI;1505;150505;DATA SEKOLAH;UNIT;2023/2024 GENAP;SWASTA;SKB;0
2064;15;JAMBI;1505;150505;DATA SEKOLAH;UNIT;2023/2024 GENAP;SWASTA;SD;1
2065;15;JAMBI;1505;150505;DATA SEKOLAH;UNIT;2023/2024 GENAP;SWASTA;SMP;5
2066;15;JAMBI;1505;150505;DATA SEKOLAH;UNIT;2023/2024 GENAP;SWASTA;SMA;3
2067;15;JAMBI;1505;150505;DATA SEKOLAH;UNIT;2023/2024 GENAP;SWASTA;SMK;3
2068;15;JAMBI;1505;150505;DATA SEKOLAH;UNIT;2023/2024 GENAP;SWASTA;SLB;0
2069;15;JAMBI;1505;150502;DATA SEKOLAH;UNIT;2023/2024 GENAP;SWASTA;TK;22
2070;15;JAMBI;1505;150502;DATA SEKOLAH;UNIT;2023/2024 GENAP;SWASTA;KB;4
2071;15;JAMBI;1505;150502;DATA SEKOLAH;UNIT;2023/2024 GENAP;SWASTA;TPA;0
2072;15;JAMBI;1505;150502;DATA SEKOLAH;UNIT;2023/2024 GENAP;SWASTA;SPS;0
2073;15;JAMBI;1505;150502;DATA SEKOLAH;UNIT;2023/2024 GENAP;SWASTA;PKBM;3
2074;15;JAMBI;1505;150502;DATA SEKOLAH;UNIT;2023/2024 GENAP;SWASTA;SKB;0
2075;15;JAMBI;1505;150502;DATA SEKOLAH;UNIT;2023/2024 GENAP;SWASTA;SD;2
2076;15;JAMBI;1505;150502;DATA SEKOLAH;UNIT;2023/2024 GENAP;SWASTA;SMP;3
2077;15;JAMBI;1505;150502;DATA SEKOLAH;UNIT;2023/2024 GENAP;SWASTA;SMA;1
2078;15;JAMBI;1505;150502;DATA SEKOLAH;UNIT;2023/2024 GENAP;SWASTA;SMK;1
2079;15;JAMBI;1505;150502;DATA SEKOLAH;UNIT;2023/2024 GENAP;SWASTA;SLB;0
2080;15;JAMBI;1505;150507;DATA SEKOLAH;UNIT;2023/2024 GENAP;SWASTA;TK;14
2081;15;JAMBI;1505;150507;DATA SEKOLAH;UNIT;2023/2024 GENAP;SWASTA;KB;7
2082;15;JAMBI;1505;150507;DATA SEKOLAH;UNIT;2023/2024 GENAP;SWASTA;TPA;0
2083;15;JAMBI;1505;150507;DATA SEKOLAH;UNIT;2023/2024 GENAP;SWASTA;SPS;0
2084;15;JAMBI;1505;150507;DATA SEKOLAH;UNIT;2023/2024 GENAP;SWASTA;PKBM;0
2085;15;JAMBI;1505;150507;DATA SEKOLAH;UNIT;2023/2024 GENAP;SWASTA;SKB;0
2086;15;JAMBI;1505;150507;DATA SEKOLAH;UNIT;2023/2024 GENAP;SWASTA;SD;2
2087;15;JAMBI;1505;150507;DATA SEKOLAH;UNIT;2023/2024 GENAP;SWASTA;SMP;3
2088;15;JAMBI;1505;150507;DATA SEKOLAH;UNIT;2023/2024 GENAP;SWASTA;SMA;1
2089;15;JAMBI;1505;150507;DATA SEKOLAH;UNIT;2023/2024 GENAP;SWASTA;SMK;2
2090;15;JAMBI;1505;150507;DATA SEKOLAH;UNIT;2023/2024 GENAP;SWASTA;SLB;0
2091;15;JAMBI;1505;150508;DATA SEKOLAH;UNIT;2023/2024 GENAP;SWASTA;TK;32
2092;15;JAMBI;1505;150508;DATA SEKOLAH;UNIT;2023/2024 GENAP;SWASTA;KB;5
2093;15;JAMBI;1505;150508;DATA SEKOLAH;UNIT;2023/2024 GENAP;SWASTA;TPA;0
2094;15;JAMBI;1505;150508;DATA SEKOLAH;UNIT;2023/2024 GENAP;SWASTA;SPS;0
2095;15;JAMBI;1505;150508;DATA SEKOLAH;UNIT;2023/2024 GENAP;SWASTA;PKBM;1
2096;15;JAMBI;1505;150508;DATA SEKOLAH;UNIT;2023/2024 GENAP;SWASTA;SKB;0
2097;15;JAMBI;1505;150508;DATA SEKOLAH;UNIT;2023/2024 GENAP;SWASTA;SD;3
2098;15;JAMBI;1505;150508;DATA SEKOLAH;UNIT;2023/2024 GENAP;SWASTA;SMP;3
2099;15;JAMBI;1505;150508;DATA SEKOLAH;UNIT;2023/2024 GENAP;SWASTA;SMA;3
2100;15;JAMBI;1505;150508;DATA SEKOLAH;UNIT;2023/2024 GENAP;SWASTA;SMK;1
2101;15;JAMBI;1505;150508;DATA SEKOLAH;UNIT;2023/2024 GENAP;SWASTA;SLB;0
2102;15;JAMBI;1505;150511;DATA SEKOLAH;UNIT;2023/2024 GENAP;SWASTA;TK;4
2103;15;JAMBI;1505;150511;DATA SEKOLAH;UNIT;2023/2024 GENAP;SWASTA;KB;6
2104;15;JAMBI;1505;150511;DATA SEKOLAH;UNIT;2023/2024 GENAP;SWASTA;TPA;0
2105;15;JAMBI;1505;150511;DATA SEKOLAH;UNIT;2023/2024 GENAP;SWASTA;SPS;0
2106;15;JAMBI;1505;150511;DATA SEKOLAH;UNIT;2023/2024 GENAP;SWASTA;PKBM;0
2107;15;JAMBI;1505;150511;DATA SEKOLAH;UNIT;2023/2024 GENAP;SWASTA;SKB;0
2108;15;JAMBI;1505;150511;DATA SEKOLAH;UNIT;2023/2024 GENAP;SWASTA;SD;0
2109;15;JAMBI;1505;150511;DATA SEKOLAH;UNIT;2023/2024 GENAP;SWASTA;SMP;0
2110;15;JAMBI;1505;150511;DATA SEKOLAH;UNIT;2023/2024 GENAP;SWASTA;SMA;0
2111;15;JAMBI;1505;150511;DATA SEKOLAH;UNIT;2023/2024 GENAP;SWASTA;SMK;0
2112;15;JAMBI;1505;150511;DATA SEKOLAH;UNIT;2023/2024 GENAP;SWASTA;SLB;0
2113;15;JAMBI;1503;150307;DATA SEKOLAH;UNIT;2023/2024 GENAP;NEGERI;TK;0
2114;15;JAMBI;1503;150307;DATA SEKOLAH;UNIT;2023/2024 GENAP;NEGERI;KB;0
2115;15;JAMBI;1503;150307;DATA SEKOLAH;UNIT;2023/2024 GENAP;NEGERI;TPA;0
2116;15;JAMBI;1503;150307;DATA SEKOLAH;UNIT;2023/2024 GENAP;NEGERI;SPS;0
2117;15;JAMBI;1503;150307;DATA SEKOLAH;UNIT;2023/2024 GENAP;NEGERI;PKBM;0
2118;15;JAMBI;1503;150307;DATA SEKOLAH;UNIT;2023/2024 GENAP;NEGERI;SKB;0
2119;15;JAMBI;1503;150307;DATA SEKOLAH;UNIT;2023/2024 GENAP;NEGERI;SD;13
2120;15;JAMBI;1503;150307;DATA SEKOLAH;UNIT;2023/2024 GENAP;NEGERI;SMP;5
2121;15;JAMBI;1503;150307;DATA SEKOLAH;UNIT;2023/2024 GENAP;NEGERI;SMA;1
2122;15;JAMBI;1503;150307;DATA SEKOLAH;UNIT;2023/2024 GENAP;NEGERI;SMK;2
2123;15;JAMBI;1503;150307;DATA SEKOLAH;UNIT;2023/2024 GENAP;NEGERI;SLB;0
2124;15;JAMBI;1503;150301;DATA SEKOLAH;UNIT;2023/2024 GENAP;NEGERI;TK;0
2125;15;JAMBI;1503;150301;DATA SEKOLAH;UNIT;2023/2024 GENAP;NEGERI;KB;0
2126;15;JAMBI;1503;150301;DATA SEKOLAH;UNIT;2023/2024 GENAP;NEGERI;TPA;0
2127;15;JAMBI;1503;150301;DATA SEKOLAH;UNIT;2023/2024 GENAP;NEGERI;SPS;0
2128;15;JAMBI;1503;150301;DATA SEKOLAH;UNIT;2023/2024 GENAP;NEGERI;PKBM;0
2129;15;JAMBI;1503;150301;DATA SEKOLAH;UNIT;2023/2024 GENAP;NEGERI;SKB;0
2130;15;JAMBI;1503;150301;DATA SEKOLAH;UNIT;2023/2024 GENAP;NEGERI;SD;34
2131;15;JAMBI;1503;150301;DATA SEKOLAH;UNIT;2023/2024 GENAP;NEGERI;SMP;8
2132;15;JAMBI;1503;150301;DATA SEKOLAH;UNIT;2023/2024 GENAP;NEGERI;SMA;1
2133;15;JAMBI;1503;150301;DATA SEKOLAH;UNIT;2023/2024 GENAP;NEGERI;SMK;2
2134;15;JAMBI;1503;150301;DATA SEKOLAH;UNIT;2023/2024 GENAP;NEGERI;SLB;0
2135;15;JAMBI;1503;150308;DATA SEKOLAH;UNIT;2023/2024 GENAP;NEGERI;TK;1
2136;15;JAMBI;1503;150308;DATA SEKOLAH;UNIT;2023/2024 GENAP;NEGERI;KB;0
2137;15;JAMBI;1503;150308;DATA SEKOLAH;UNIT;2023/2024 GENAP;NEGERI;TPA;0
2138;15;JAMBI;1503;150308;DATA SEKOLAH;UNIT;2023/2024 GENAP;NEGERI;SPS;0
2139;15;JAMBI;1503;150308;DATA SEKOLAH;UNIT;2023/2024 GENAP;NEGERI;PKBM;0
2140;15;JAMBI;1503;150308;DATA SEKOLAH;UNIT;2023/2024 GENAP;NEGERI;SKB;0
2141;15;JAMBI;1503;150308;DATA SEKOLAH;UNIT;2023/2024 GENAP;NEGERI;SD;21
2142;15;JAMBI;1503;150308;DATA SEKOLAH;UNIT;2023/2024 GENAP;NEGERI;SMP;4
2143;15;JAMBI;1503;150308;DATA SEKOLAH;UNIT;2023/2024 GENAP;NEGERI;SMA;1
2144;15;JAMBI;1503;150308;DATA SEKOLAH;UNIT;2023/2024 GENAP;NEGERI;SMK;0
2145;15;JAMBI;1503;150308;DATA SEKOLAH;UNIT;2023/2024 GENAP;NEGERI;SLB;0
2146;15;JAMBI;1503;150310;DATA SEKOLAH;UNIT;2023/2024 GENAP;NEGERI;TK;0
2147;15;JAMBI;1503;150310;DATA SEKOLAH;UNIT;2023/2024 GENAP;NEGERI;KB;0
2148;15;JAMBI;1503;150310;DATA SEKOLAH;UNIT;2023/2024 GENAP;NEGERI;TPA;0
2149;15;JAMBI;1503;150310;DATA SEKOLAH;UNIT;2023/2024 GENAP;NEGERI;SPS;0
2150;15;JAMBI;1503;150310;DATA SEKOLAH;UNIT;2023/2024 GENAP;NEGERI;PKBM;0
2151;15;JAMBI;1503;150310;DATA SEKOLAH;UNIT;2023/2024 GENAP;NEGERI;SKB;0
2152;15;JAMBI;1503;150310;DATA SEKOLAH;UNIT;2023/2024 GENAP;NEGERI;SD;16
2153;15;JAMBI;1503;150310;DATA SEKOLAH;UNIT;2023/2024 GENAP;NEGERI;SMP;4
2154;15;JAMBI;1503;150310;DATA SEKOLAH;UNIT;2023/2024 GENAP;NEGERI;SMA;1
2155;15;JAMBI;1503;150310;DATA SEKOLAH;UNIT;2023/2024 GENAP;NEGERI;SMK;1
2156;15;JAMBI;1503;150310;DATA SEKOLAH;UNIT;2023/2024 GENAP;NEGERI;SLB;0
2157;15;JAMBI;1503;150302;DATA SEKOLAH;UNIT;2023/2024 GENAP;NEGERI;TK;0
2158;15;JAMBI;1503;150302;DATA SEKOLAH;UNIT;2023/2024 GENAP;NEGERI;KB;0
2159;15;JAMBI;1503;150302;DATA SEKOLAH;UNIT;2023/2024 GENAP;NEGERI;TPA;0
2160;15;JAMBI;1503;150302;DATA SEKOLAH;UNIT;2023/2024 GENAP;NEGERI;SPS;0
2161;15;JAMBI;1503;150302;DATA SEKOLAH;UNIT;2023/2024 GENAP;NEGERI;PKBM;0
2162;15;JAMBI;1503;150302;DATA SEKOLAH;UNIT;2023/2024 GENAP;NEGERI;SKB;0
2163;15;JAMBI;1503;150302;DATA SEKOLAH;UNIT;2023/2024 GENAP;NEGERI;SD;27
2164;15;JAMBI;1503;150302;DATA SEKOLAH;UNIT;2023/2024 GENAP;NEGERI;SMP;9
2165;15;JAMBI;1503;150302;DATA SEKOLAH;UNIT;2023/2024 GENAP;NEGERI;SMA;2
2166;15;JAMBI;1503;150302;DATA SEKOLAH;UNIT;2023/2024 GENAP;NEGERI;SMK;1
2167;15;JAMBI;1503;150302;DATA SEKOLAH;UNIT;2023/2024 GENAP;NEGERI;SLB;0
2168;15;JAMBI;1503;150306;DATA SEKOLAH;UNIT;2023/2024 GENAP;NEGERI;TK;0
2169;15;JAMBI;1503;150306;DATA SEKOLAH;UNIT;2023/2024 GENAP;NEGERI;KB;0
2170;15;JAMBI;1503;150306;DATA SEKOLAH;UNIT;2023/2024 GENAP;NEGERI;TPA;0
2171;15;JAMBI;1503;150306;DATA SEKOLAH;UNIT;2023/2024 GENAP;NEGERI;SPS;0
2172;15;JAMBI;1503;150306;DATA SEKOLAH;UNIT;2023/2024 GENAP;NEGERI;PKBM;0
2173;15;JAMBI;1503;150306;DATA SEKOLAH;UNIT;2023/2024 GENAP;NEGERI;SKB;0
2174;15;JAMBI;1503;150306;DATA SEKOLAH;UNIT;2023/2024 GENAP;NEGERI;SD;23
2175;15;JAMBI;1503;150306;DATA SEKOLAH;UNIT;2023/2024 GENAP;NEGERI;SMP;4
2176;15;JAMBI;1503;150306;DATA SEKOLAH;UNIT;2023/2024 GENAP;NEGERI;SMA;2
2177;15;JAMBI;1503;150306;DATA SEKOLAH;UNIT;2023/2024 GENAP;NEGERI;SMK;2
2178;15;JAMBI;1503;150306;DATA SEKOLAH;UNIT;2023/2024 GENAP;NEGERI;SLB;0
2179;15;JAMBI;1503;150311;DATA SEKOLAH;UNIT;2023/2024 GENAP;NEGERI;TK;0
2180;15;JAMBI;1503;150311;DATA SEKOLAH;UNIT;2023/2024 GENAP;NEGERI;KB;0
2181;15;JAMBI;1503;150311;DATA SEKOLAH;UNIT;2023/2024 GENAP;NEGERI;TPA;0
2182;15;JAMBI;1503;150311;DATA SEKOLAH;UNIT;2023/2024 GENAP;NEGERI;SPS;0
2183;15;JAMBI;1503;150311;DATA SEKOLAH;UNIT;2023/2024 GENAP;NEGERI;PKBM;0
2184;15;JAMBI;1503;150311;DATA SEKOLAH;UNIT;2023/2024 GENAP;NEGERI;SKB;0
2185;15;JAMBI;1503;150311;DATA SEKOLAH;UNIT;2023/2024 GENAP;NEGERI;SD;14
2186;15;JAMBI;1503;150311;DATA SEKOLAH;UNIT;2023/2024 GENAP;NEGERI;SMP;6
2187;15;JAMBI;1503;150311;DATA SEKOLAH;UNIT;2023/2024 GENAP;NEGERI;SMA;0
2188;15;JAMBI;1503;150311;DATA SEKOLAH;UNIT;2023/2024 GENAP;NEGERI;SMK;0
2189;15;JAMBI;1503;150311;DATA SEKOLAH;UNIT;2023/2024 GENAP;NEGERI;SLB;0
2190;15;JAMBI;1503;150304;DATA SEKOLAH;UNIT;2023/2024 GENAP;NEGERI;TK;0
2191;15;JAMBI;1503;150304;DATA SEKOLAH;UNIT;2023/2024 GENAP;NEGERI;KB;0
2192;15;JAMBI;1503;150304;DATA SEKOLAH;UNIT;2023/2024 GENAP;NEGERI;TPA;0
2193;15;JAMBI;1503;150304;DATA SEKOLAH;UNIT;2023/2024 GENAP;NEGERI;SPS;0
2194;15;JAMBI;1503;150304;DATA SEKOLAH;UNIT;2023/2024 GENAP;NEGERI;PKBM;0
2195;15;JAMBI;1503;150304;DATA SEKOLAH;UNIT;2023/2024 GENAP;NEGERI;SKB;0
2196;15;JAMBI;1503;150304;DATA SEKOLAH;UNIT;2023/2024 GENAP;NEGERI;SD;16
2197;15;JAMBI;1503;150304;DATA SEKOLAH;UNIT;2023/2024 GENAP;NEGERI;SMP;5
2198;15;JAMBI;1503;150304;DATA SEKOLAH;UNIT;2023/2024 GENAP;NEGERI;SMA;1
2199;15;JAMBI;1503;150304;DATA SEKOLAH;UNIT;2023/2024 GENAP;NEGERI;SMK;1
2200;15;JAMBI;1503;150304;DATA SEKOLAH;UNIT;2023/2024 GENAP;NEGERI;SLB;0
2201;15;JAMBI;1503;150305;DATA SEKOLAH;UNIT;2023/2024 GENAP;NEGERI;TK;0
2202;15;JAMBI;1503;150305;DATA SEKOLAH;UNIT;2023/2024 GENAP;NEGERI;KB;0
2203;15;JAMBI;1503;150305;DATA SEKOLAH;UNIT;2023/2024 GENAP;NEGERI;TPA;0
2204;15;JAMBI;1503;150305;DATA SEKOLAH;UNIT;2023/2024 GENAP;NEGERI;SPS;0
2205;15;JAMBI;1503;150305;DATA SEKOLAH;UNIT;2023/2024 GENAP;NEGERI;PKBM;0
2206;15;JAMBI;1503;150305;DATA SEKOLAH;UNIT;2023/2024 GENAP;NEGERI;SKB;0
2207;15;JAMBI;1503;150305;DATA SEKOLAH;UNIT;2023/2024 GENAP;NEGERI;SD;23
2208;15;JAMBI;1503;150305;DATA SEKOLAH;UNIT;2023/2024 GENAP;NEGERI;SMP;3
2209;15;JAMBI;1503;150305;DATA SEKOLAH;UNIT;2023/2024 GENAP;NEGERI;SMA;2
2210;15;JAMBI;1503;150305;DATA SEKOLAH;UNIT;2023/2024 GENAP;NEGERI;SMK;1
2211;15;JAMBI;1503;150305;DATA SEKOLAH;UNIT;2023/2024 GENAP;NEGERI;SLB;0
2212;15;JAMBI;1503;150303;DATA SEKOLAH;UNIT;2023/2024 GENAP;NEGERI;TK;2
2213;15;JAMBI;1503;150303;DATA SEKOLAH;UNIT;2023/2024 GENAP;NEGERI;KB;0
2214;15;JAMBI;1503;150303;DATA SEKOLAH;UNIT;2023/2024 GENAP;NEGERI;TPA;0
2215;15;JAMBI;1503;150303;DATA SEKOLAH;UNIT;2023/2024 GENAP;NEGERI;SPS;0
2216;15;JAMBI;1503;150303;DATA SEKOLAH;UNIT;2023/2024 GENAP;NEGERI;PKBM;0
2217;15;JAMBI;1503;150303;DATA SEKOLAH;UNIT;2023/2024 GENAP;NEGERI;SKB;1
2218;15;JAMBI;1503;150303;DATA SEKOLAH;UNIT;2023/2024 GENAP;NEGERI;SD;24
2219;15;JAMBI;1503;150303;DATA SEKOLAH;UNIT;2023/2024 GENAP;NEGERI;SMP;5
2220;15;JAMBI;1503;150303;DATA SEKOLAH;UNIT;2023/2024 GENAP;NEGERI;SMA;2
2221;15;JAMBI;1503;150303;DATA SEKOLAH;UNIT;2023/2024 GENAP;NEGERI;SMK;3
2222;15;JAMBI;1503;150303;DATA SEKOLAH;UNIT;2023/2024 GENAP;NEGERI;SLB;1
2223;15;JAMBI;1503;150309;DATA SEKOLAH;UNIT;2023/2024 GENAP;NEGERI;TK;1
2224;15;JAMBI;1503;150309;DATA SEKOLAH;UNIT;2023/2024 GENAP;NEGERI;KB;0
2225;15;JAMBI;1503;150309;DATA SEKOLAH;UNIT;2023/2024 GENAP;NEGERI;TPA;0
2226;15;JAMBI;1503;150309;DATA SEKOLAH;UNIT;2023/2024 GENAP;NEGERI;SPS;0
2227;15;JAMBI;1503;150309;DATA SEKOLAH;UNIT;2023/2024 GENAP;NEGERI;PKBM;0
2228;15;JAMBI;1503;150309;DATA SEKOLAH;UNIT;2023/2024 GENAP;NEGERI;SKB;0
2229;15;JAMBI;1503;150309;DATA SEKOLAH;UNIT;2023/2024 GENAP;NEGERI;SD;17
2230;15;JAMBI;1503;150309;DATA SEKOLAH;UNIT;2023/2024 GENAP;NEGERI;SMP;3
2231;15;JAMBI;1503;150309;DATA SEKOLAH;UNIT;2023/2024 GENAP;NEGERI;SMA;1
2232;15;JAMBI;1503;150309;DATA SEKOLAH;UNIT;2023/2024 GENAP;NEGERI;SMK;1
2233;15;JAMBI;1503;150309;DATA SEKOLAH;UNIT;2023/2024 GENAP;NEGERI;SLB;0
2234;15;JAMBI;1503;150307;DATA SEKOLAH;UNIT;2023/2024 GENAP;SWASTA;TK;12
2235;15;JAMBI;1503;150307;DATA SEKOLAH;UNIT;2023/2024 GENAP;SWASTA;KB;22
2236;15;JAMBI;1503;150307;DATA SEKOLAH;UNIT;2023/2024 GENAP;SWASTA;TPA;0
2237;15;JAMBI;1503;150307;DATA SEKOLAH;UNIT;2023/2024 GENAP;SWASTA;SPS;0
2238;15;JAMBI;1503;150307;DATA SEKOLAH;UNIT;2023/2024 GENAP;SWASTA;PKBM;2
2239;15;JAMBI;1503;150307;DATA SEKOLAH;UNIT;2023/2024 GENAP;SWASTA;SKB;0
2240;15;JAMBI;1503;150307;DATA SEKOLAH;UNIT;2023/2024 GENAP;SWASTA;SD;3
2241;15;JAMBI;1503;150307;DATA SEKOLAH;UNIT;2023/2024 GENAP;SWASTA;SMP;0
2242;15;JAMBI;1503;150307;DATA SEKOLAH;UNIT;2023/2024 GENAP;SWASTA;SMA;1
2243;15;JAMBI;1503;150307;DATA SEKOLAH;UNIT;2023/2024 GENAP;SWASTA;SMK;0
2244;15;JAMBI;1503;150307;DATA SEKOLAH;UNIT;2023/2024 GENAP;SWASTA;SLB;0
2245;15;JAMBI;1503;150301;DATA SEKOLAH;UNIT;2023/2024 GENAP;SWASTA;TK;19
2246;15;JAMBI;1503;150301;DATA SEKOLAH;UNIT;2023/2024 GENAP;SWASTA;KB;32
2247;15;JAMBI;1503;150301;DATA SEKOLAH;UNIT;2023/2024 GENAP;SWASTA;TPA;1
2248;15;JAMBI;1503;150301;DATA SEKOLAH;UNIT;2023/2024 GENAP;SWASTA;SPS;1
2249;15;JAMBI;1503;150301;DATA SEKOLAH;UNIT;2023/2024 GENAP;SWASTA;PKBM;1
2250;15;JAMBI;1503;150301;DATA SEKOLAH;UNIT;2023/2024 GENAP;SWASTA;SKB;0
2251;15;JAMBI;1503;150301;DATA SEKOLAH;UNIT;2023/2024 GENAP;SWASTA;SD;1
2252;15;JAMBI;1503;150301;DATA SEKOLAH;UNIT;2023/2024 GENAP;SWASTA;SMP;2
2253;15;JAMBI;1503;150301;DATA SEKOLAH;UNIT;2023/2024 GENAP;SWASTA;SMA;0
2254;15;JAMBI;1503;150301;DATA SEKOLAH;UNIT;2023/2024 GENAP;SWASTA;SMK;0
2255;15;JAMBI;1503;150301;DATA SEKOLAH;UNIT;2023/2024 GENAP;SWASTA;SLB;0
2256;15;JAMBI;1503;150308;DATA SEKOLAH;UNIT;2023/2024 GENAP;SWASTA;TK;20
2257;15;JAMBI;1503;150308;DATA SEKOLAH;UNIT;2023/2024 GENAP;SWASTA;KB;20
2258;15;JAMBI;1503;150308;DATA SEKOLAH;UNIT;2023/2024 GENAP;SWASTA;TPA;0
2259;15;JAMBI;1503;150308;DATA SEKOLAH;UNIT;2023/2024 GENAP;SWASTA;SPS;3
2260;15;JAMBI;1503;150308;DATA SEKOLAH;UNIT;2023/2024 GENAP;SWASTA;PKBM;0
2261;15;JAMBI;1503;150308;DATA SEKOLAH;UNIT;2023/2024 GENAP;SWASTA;SKB;0
2262;15;JAMBI;1503;150308;DATA SEKOLAH;UNIT;2023/2024 GENAP;SWASTA;SD;2
2263;15;JAMBI;1503;150308;DATA SEKOLAH;UNIT;2023/2024 GENAP;SWASTA;SMP;2
2264;15;JAMBI;1503;150308;DATA SEKOLAH;UNIT;2023/2024 GENAP;SWASTA;SMA;3
2265;15;JAMBI;1503;150308;DATA SEKOLAH;UNIT;2023/2024 GENAP;SWASTA;SMK;1
2266;15;JAMBI;1503;150308;DATA SEKOLAH;UNIT;2023/2024 GENAP;SWASTA;SLB;0
2267;15;JAMBI;1503;150310;DATA SEKOLAH;UNIT;2023/2024 GENAP;SWASTA;TK;11
2268;15;JAMBI;1503;150310;DATA SEKOLAH;UNIT;2023/2024 GENAP;SWASTA;KB;18
2269;15;JAMBI;1503;150310;DATA SEKOLAH;UNIT;2023/2024 GENAP;SWASTA;TPA;0
2270;15;JAMBI;1503;150310;DATA SEKOLAH;UNIT;2023/2024 GENAP;SWASTA;SPS;0
2271;15;JAMBI;1503;150310;DATA SEKOLAH;UNIT;2023/2024 GENAP;SWASTA;PKBM;1
2272;15;JAMBI;1503;150310;DATA SEKOLAH;UNIT;2023/2024 GENAP;SWASTA;SKB;0
2273;15;JAMBI;1503;150310;DATA SEKOLAH;UNIT;2023/2024 GENAP;SWASTA;SD;0
2274;15;JAMBI;1503;150310;DATA SEKOLAH;UNIT;2023/2024 GENAP;SWASTA;SMP;2
2275;15;JAMBI;1503;150310;DATA SEKOLAH;UNIT;2023/2024 GENAP;SWASTA;SMA;0
2276;15;JAMBI;1503;150310;DATA SEKOLAH;UNIT;2023/2024 GENAP;SWASTA;SMK;0
2277;15;JAMBI;1503;150310;DATA SEKOLAH;UNIT;2023/2024 GENAP;SWASTA;SLB;0
2278;15;JAMBI;1503;150302;DATA SEKOLAH;UNIT;2023/2024 GENAP;SWASTA;TK;7
2279;15;JAMBI;1503;150302;DATA SEKOLAH;UNIT;2023/2024 GENAP;SWASTA;KB;28
2280;15;JAMBI;1503;150302;DATA SEKOLAH;UNIT;2023/2024 GENAP;SWASTA;TPA;0
2281;15;JAMBI;1503;150302;DATA SEKOLAH;UNIT;2023/2024 GENAP;SWASTA;SPS;0
2282;15;JAMBI;1503;150302;DATA SEKOLAH;UNIT;2023/2024 GENAP;SWASTA;PKBM;2
2283;15;JAMBI;1503;150302;DATA SEKOLAH;UNIT;2023/2024 GENAP;SWASTA;SKB;0
2284;15;JAMBI;1503;150302;DATA SEKOLAH;UNIT;2023/2024 GENAP;SWASTA;SD;0
2285;15;JAMBI;1503;150302;DATA SEKOLAH;UNIT;2023/2024 GENAP;SWASTA;SMP;0
2286;15;JAMBI;1503;150302;DATA SEKOLAH;UNIT;2023/2024 GENAP;SWASTA;SMA;0
2287;15;JAMBI;1503;150302;DATA SEKOLAH;UNIT;2023/2024 GENAP;SWASTA;SMK;0
2288;15;JAMBI;1503;150302;DATA SEKOLAH;UNIT;2023/2024 GENAP;SWASTA;SLB;0
2289;15;JAMBI;1503;150306;DATA SEKOLAH;UNIT;2023/2024 GENAP;SWASTA;TK;26
2290;15;JAMBI;1503;150306;DATA SEKOLAH;UNIT;2023/2024 GENAP;SWASTA;KB;24
2291;15;JAMBI;1503;150306;DATA SEKOLAH;UNIT;2023/2024 GENAP;SWASTA;TPA;0
2292;15;JAMBI;1503;150306;DATA SEKOLAH;UNIT;2023/2024 GENAP;SWASTA;SPS;4
2293;15;JAMBI;1503;150306;DATA SEKOLAH;UNIT;2023/2024 GENAP;SWASTA;PKBM;1
2294;15;JAMBI;1503;150306;DATA SEKOLAH;UNIT;2023/2024 GENAP;SWASTA;SKB;0
2295;15;JAMBI;1503;150306;DATA SEKOLAH;UNIT;2023/2024 GENAP;SWASTA;SD;1
2296;15;JAMBI;1503;150306;DATA SEKOLAH;UNIT;2023/2024 GENAP;SWASTA;SMP;2
2297;15;JAMBI;1503;150306;DATA SEKOLAH;UNIT;2023/2024 GENAP;SWASTA;SMA;0
2298;15;JAMBI;1503;150306;DATA SEKOLAH;UNIT;2023/2024 GENAP;SWASTA;SMK;3
2299;15;JAMBI;1503;150306;DATA SEKOLAH;UNIT;2023/2024 GENAP;SWASTA;SLB;0
2300;15;JAMBI;1503;150311;DATA SEKOLAH;UNIT;2023/2024 GENAP;SWASTA;TK;17
2301;15;JAMBI;1503;150311;DATA SEKOLAH;UNIT;2023/2024 GENAP;SWASTA;KB;18
2302;15;JAMBI;1503;150311;DATA SEKOLAH;UNIT;2023/2024 GENAP;SWASTA;TPA;0
2303;15;JAMBI;1503;150311;DATA SEKOLAH;UNIT;2023/2024 GENAP;SWASTA;SPS;1
2304;15;JAMBI;1503;150311;DATA SEKOLAH;UNIT;2023/2024 GENAP;SWASTA;PKBM;1
2305;15;JAMBI;1503;150311;DATA SEKOLAH;UNIT;2023/2024 GENAP;SWASTA;SKB;0
2306;15;JAMBI;1503;150311;DATA SEKOLAH;UNIT;2023/2024 GENAP;SWASTA;SD;0
2307;15;JAMBI;1503;150311;DATA SEKOLAH;UNIT;2023/2024 GENAP;SWASTA;SMP;0
2308;15;JAMBI;1503;150311;DATA SEKOLAH;UNIT;2023/2024 GENAP;SWASTA;SMA;0
2309;15;JAMBI;1503;150311;DATA SEKOLAH;UNIT;2023/2024 GENAP;SWASTA;SMK;0
2310;15;JAMBI;1503;150311;DATA SEKOLAH;UNIT;2023/2024 GENAP;SWASTA;SLB;0
2311;15;JAMBI;1503;150304;DATA SEKOLAH;UNIT;2023/2024 GENAP;SWASTA;TK;17
2312;15;JAMBI;1503;150304;DATA SEKOLAH;UNIT;2023/2024 GENAP;SWASTA;KB;28
2313;15;JAMBI;1503;150304;DATA SEKOLAH;UNIT;2023/2024 GENAP;SWASTA;TPA;0
2314;15;JAMBI;1503;150304;DATA SEKOLAH;UNIT;2023/2024 GENAP;SWASTA;SPS;1
2315;15;JAMBI;1503;150304;DATA SEKOLAH;UNIT;2023/2024 GENAP;SWASTA;PKBM;1
2316;15;JAMBI;1503;150304;DATA SEKOLAH;UNIT;2023/2024 GENAP;SWASTA;SKB;0
2317;15;JAMBI;1503;150304;DATA SEKOLAH;UNIT;2023/2024 GENAP;SWASTA;SD;3
2318;15;JAMBI;1503;150304;DATA SEKOLAH;UNIT;2023/2024 GENAP;SWASTA;SMP;3
2319;15;JAMBI;1503;150304;DATA SEKOLAH;UNIT;2023/2024 GENAP;SWASTA;SMA;1
2320;15;JAMBI;1503;150304;DATA SEKOLAH;UNIT;2023/2024 GENAP;SWASTA;SMK;2
2321;15;JAMBI;1503;150304;DATA SEKOLAH;UNIT;2023/2024 GENAP;SWASTA;SLB;0
2322;15;JAMBI;1503;150305;DATA SEKOLAH;UNIT;2023/2024 GENAP;SWASTA;TK;24
2323;15;JAMBI;1503;150305;DATA SEKOLAH;UNIT;2023/2024 GENAP;SWASTA;KB;19
2324;15;JAMBI;1503;150305;DATA SEKOLAH;UNIT;2023/2024 GENAP;SWASTA;TPA;0
2325;15;JAMBI;1503;150305;DATA SEKOLAH;UNIT;2023/2024 GENAP;SWASTA;SPS;0
2326;15;JAMBI;1503;150305;DATA SEKOLAH;UNIT;2023/2024 GENAP;SWASTA;PKBM;1
2327;15;JAMBI;1503;150305;DATA SEKOLAH;UNIT;2023/2024 GENAP;SWASTA;SKB;0
2328;15;JAMBI;1503;150305;DATA SEKOLAH;UNIT;2023/2024 GENAP;SWASTA;SD;2
2329;15;JAMBI;1503;150305;DATA SEKOLAH;UNIT;2023/2024 GENAP;SWASTA;SMP;3
2330;15;JAMBI;1503;150305;DATA SEKOLAH;UNIT;2023/2024 GENAP;SWASTA;SMA;1
2331;15;JAMBI;1503;150305;DATA SEKOLAH;UNIT;2023/2024 GENAP;SWASTA;SMK;1
2332;15;JAMBI;1503;150305;DATA SEKOLAH;UNIT;2023/2024 GENAP;SWASTA;SLB;0
2333;15;JAMBI;1503;150303;DATA SEKOLAH;UNIT;2023/2024 GENAP;SWASTA;TK;30
2334;15;JAMBI;1503;150303;DATA SEKOLAH;UNIT;2023/2024 GENAP;SWASTA;KB;34
2335;15;JAMBI;1503;150303;DATA SEKOLAH;UNIT;2023/2024 GENAP;SWASTA;TPA;3
2336;15;JAMBI;1503;150303;DATA SEKOLAH;UNIT;2023/2024 GENAP;SWASTA;SPS;3
2337;15;JAMBI;1503;150303;DATA SEKOLAH;UNIT;2023/2024 GENAP;SWASTA;PKBM;2
2338;15;JAMBI;1503;150303;DATA SEKOLAH;UNIT;2023/2024 GENAP;SWASTA;SKB;0
2339;15;JAMBI;1503;150303;DATA SEKOLAH;UNIT;2023/2024 GENAP;SWASTA;SD;6
2340;15;JAMBI;1503;150303;DATA SEKOLAH;UNIT;2023/2024 GENAP;SWASTA;SMP;6
2341;15;JAMBI;1503;150303;DATA SEKOLAH;UNIT;2023/2024 GENAP;SWASTA;SMA;1
2342;15;JAMBI;1503;150303;DATA SEKOLAH;UNIT;2023/2024 GENAP;SWASTA;SMK;0
2343;15;JAMBI;1503;150303;DATA SEKOLAH;UNIT;2023/2024 GENAP;SWASTA;SLB;0
2344;15;JAMBI;1503;150309;DATA SEKOLAH;UNIT;2023/2024 GENAP;SWASTA;TK;29
2345;15;JAMBI;1503;150309;DATA SEKOLAH;UNIT;2023/2024 GENAP;SWASTA;KB;30
2346;15;JAMBI;1503;150309;DATA SEKOLAH;UNIT;2023/2024 GENAP;SWASTA;TPA;1
2347;15;JAMBI;1503;150309;DATA SEKOLAH;UNIT;2023/2024 GENAP;SWASTA;SPS;2
2348;15;JAMBI;1503;150309;DATA SEKOLAH;UNIT;2023/2024 GENAP;SWASTA;PKBM;1
2349;15;JAMBI;1503;150309;DATA SEKOLAH;UNIT;2023/2024 GENAP;SWASTA;SKB;0
2350;15;JAMBI;1503;150309;DATA SEKOLAH;UNIT;2023/2024 GENAP;SWASTA;SD;3
2351;15;JAMBI;1503;150309;DATA SEKOLAH;UNIT;2023/2024 GENAP;SWASTA;SMP;8
2352;15;JAMBI;1503;150309;DATA SEKOLAH;UNIT;2023/2024 GENAP;SWASTA;SMA;4
2353;15;JAMBI;1503;150309;DATA SEKOLAH;UNIT;2023/2024 GENAP;SWASTA;SMK;3
2354;15;JAMBI;1503;150309;DATA SEKOLAH;UNIT;2023/2024 GENAP;SWASTA;SLB;0
2355;15;JAMBI;1506;150607;DATA SEKOLAH;UNIT;2023/2024 GENAP;NEGERI;TK;1
2356;15;JAMBI;1506;150607;DATA SEKOLAH;UNIT;2023/2024 GENAP;NEGERI;KB;0
2357;15;JAMBI;1506;150607;DATA SEKOLAH;UNIT;2023/2024 GENAP;NEGERI;TPA;0
2358;15;JAMBI;1506;150607;DATA SEKOLAH;UNIT;2023/2024 GENAP;NEGERI;SPS;0
2359;15;JAMBI;1506;150607;DATA SEKOLAH;UNIT;2023/2024 GENAP;NEGERI;PKBM;0
2360;15;JAMBI;1506;150607;DATA SEKOLAH;UNIT;2023/2024 GENAP;NEGERI;SKB;0
2361;15;JAMBI;1506;150607;DATA SEKOLAH;UNIT;2023/2024 GENAP;NEGERI;SD;13
2362;15;JAMBI;1506;150607;DATA SEKOLAH;UNIT;2023/2024 GENAP;NEGERI;SMP;6
2363;15;JAMBI;1506;150607;DATA SEKOLAH;UNIT;2023/2024 GENAP;NEGERI;SMA;1
2364;15;JAMBI;1506;150607;DATA SEKOLAH;UNIT;2023/2024 GENAP;NEGERI;SMK;1
2365;15;JAMBI;1506;150607;DATA SEKOLAH;UNIT;2023/2024 GENAP;NEGERI;SLB;0
2366;15;JAMBI;1506;150604;DATA SEKOLAH;UNIT;2023/2024 GENAP;NEGERI;TK;0
2367;15;JAMBI;1506;150604;DATA SEKOLAH;UNIT;2023/2024 GENAP;NEGERI;KB;0
2368;15;JAMBI;1506;150604;DATA SEKOLAH;UNIT;2023/2024 GENAP;NEGERI;TPA;0
2369;15;JAMBI;1506;150604;DATA SEKOLAH;UNIT;2023/2024 GENAP;NEGERI;SPS;0
2370;15;JAMBI;1506;150604;DATA SEKOLAH;UNIT;2023/2024 GENAP;NEGERI;PKBM;0
2371;15;JAMBI;1506;150604;DATA SEKOLAH;UNIT;2023/2024 GENAP;NEGERI;SKB;0
2372;15;JAMBI;1506;150604;DATA SEKOLAH;UNIT;2023/2024 GENAP;NEGERI;SD;20
2373;15;JAMBI;1506;150604;DATA SEKOLAH;UNIT;2023/2024 GENAP;NEGERI;SMP;5
2374;15;JAMBI;1506;150604;DATA SEKOLAH;UNIT;2023/2024 GENAP;NEGERI;SMA;1
2375;15;JAMBI;1506;150604;DATA SEKOLAH;UNIT;2023/2024 GENAP;NEGERI;SMK;1
2376;15;JAMBI;1506;150604;DATA SEKOLAH;UNIT;2023/2024 GENAP;NEGERI;SLB;0
2377;15;JAMBI;1506;150611;DATA SEKOLAH;UNIT;2023/2024 GENAP;NEGERI;TK;0
2378;15;JAMBI;1506;150611;DATA SEKOLAH;UNIT;2023/2024 GENAP;NEGERI;KB;0
2379;15;JAMBI;1506;150611;DATA SEKOLAH;UNIT;2023/2024 GENAP;NEGERI;TPA;0
2380;15;JAMBI;1506;150611;DATA SEKOLAH;UNIT;2023/2024 GENAP;NEGERI;SPS;0
2381;15;JAMBI;1506;150611;DATA SEKOLAH;UNIT;2023/2024 GENAP;NEGERI;PKBM;0
2382;15;JAMBI;1506;150611;DATA SEKOLAH;UNIT;2023/2024 GENAP;NEGERI;SKB;0
2383;15;JAMBI;1506;150611;DATA SEKOLAH;UNIT;2023/2024 GENAP;NEGERI;SD;12
2384;15;JAMBI;1506;150611;DATA SEKOLAH;UNIT;2023/2024 GENAP;NEGERI;SMP;2
2385;15;JAMBI;1506;150611;DATA SEKOLAH;UNIT;2023/2024 GENAP;NEGERI;SMA;0
2386;15;JAMBI;1506;150611;DATA SEKOLAH;UNIT;2023/2024 GENAP;NEGERI;SMK;0
2387;15;JAMBI;1506;150611;DATA SEKOLAH;UNIT;2023/2024 GENAP;NEGERI;SLB;0
2388;15;JAMBI;1506;150612;DATA SEKOLAH;UNIT;2023/2024 GENAP;NEGERI;TK;0
2389;15;JAMBI;1506;150612;DATA SEKOLAH;UNIT;2023/2024 GENAP;NEGERI;KB;0
2390;15;JAMBI;1506;150612;DATA SEKOLAH;UNIT;2023/2024 GENAP;NEGERI;TPA;0
2391;15;JAMBI;1506;150612;DATA SEKOLAH;UNIT;2023/2024 GENAP;NEGERI;SPS;0
2392;15;JAMBI;1506;150612;DATA SEKOLAH;UNIT;2023/2024 GENAP;NEGERI;PKBM;0
2393;15;JAMBI;1506;150612;DATA SEKOLAH;UNIT;2023/2024 GENAP;NEGERI;SKB;0
2394;15;JAMBI;1506;150612;DATA SEKOLAH;UNIT;2023/2024 GENAP;NEGERI;SD;17
2395;15;JAMBI;1506;150612;DATA SEKOLAH;UNIT;2023/2024 GENAP;NEGERI;SMP;4
2396;15;JAMBI;1506;150612;DATA SEKOLAH;UNIT;2023/2024 GENAP;NEGERI;SMA;1
2397;15;JAMBI;1506;150612;DATA SEKOLAH;UNIT;2023/2024 GENAP;NEGERI;SMK;0
2398;15;JAMBI;1506;150612;DATA SEKOLAH;UNIT;2023/2024 GENAP;NEGERI;SLB;0
2399;15;JAMBI;1506;150605;DATA SEKOLAH;UNIT;2023/2024 GENAP;NEGERI;TK;1
2400;15;JAMBI;1506;150605;DATA SEKOLAH;UNIT;2023/2024 GENAP;NEGERI;KB;0
2401;15;JAMBI;1506;150605;DATA SEKOLAH;UNIT;2023/2024 GENAP;NEGERI;TPA;0
2402;15;JAMBI;1506;150605;DATA SEKOLAH;UNIT;2023/2024 GENAP;NEGERI;SPS;0
2403;15;JAMBI;1506;150605;DATA SEKOLAH;UNIT;2023/2024 GENAP;NEGERI;PKBM;0
2404;15;JAMBI;1506;150605;DATA SEKOLAH;UNIT;2023/2024 GENAP;NEGERI;SKB;0
2405;15;JAMBI;1506;150605;DATA SEKOLAH;UNIT;2023/2024 GENAP;NEGERI;SD;10
2406;15;JAMBI;1506;150605;DATA SEKOLAH;UNIT;2023/2024 GENAP;NEGERI;SMP;4
2407;15;JAMBI;1506;150605;DATA SEKOLAH;UNIT;2023/2024 GENAP;NEGERI;SMA;2
2408;15;JAMBI;1506;150605;DATA SEKOLAH;UNIT;2023/2024 GENAP;NEGERI;SMK;1
2409;15;JAMBI;1506;150605;DATA SEKOLAH;UNIT;2023/2024 GENAP;NEGERI;SLB;1
2410;15;JAMBI;1506;150609;DATA SEKOLAH;UNIT;2023/2024 GENAP;NEGERI;TK;0
2411;15;JAMBI;1506;150609;DATA SEKOLAH;UNIT;2023/2024 GENAP;NEGERI;KB;0
2412;15;JAMBI;1506;150609;DATA SEKOLAH;UNIT;2023/2024 GENAP;NEGERI;TPA;0
2413;15;JAMBI;1506;150609;DATA SEKOLAH;UNIT;2023/2024 GENAP;NEGERI;SPS;0
2414;15;JAMBI;1506;150609;DATA SEKOLAH;UNIT;2023/2024 GENAP;NEGERI;PKBM;0
2415;15;JAMBI;1506;150609;DATA SEKOLAH;UNIT;2023/2024 GENAP;NEGERI;SKB;0
2416;15;JAMBI;1506;150609;DATA SEKOLAH;UNIT;2023/2024 GENAP;NEGERI;SD;11
2417;15;JAMBI;1506;150609;DATA SEKOLAH;UNIT;2023/2024 GENAP;NEGERI;SMP;3
2418;15;JAMBI;1506;150609;DATA SEKOLAH;UNIT;2023/2024 GENAP;NEGERI;SMA;1
2419;15;JAMBI;1506;150609;DATA SEKOLAH;UNIT;2023/2024 GENAP;NEGERI;SMK;0
2420;15;JAMBI;1506;150609;DATA SEKOLAH;UNIT;2023/2024 GENAP;NEGERI;SLB;0
2421;15;JAMBI;1506;150603;DATA SEKOLAH;UNIT;2023/2024 GENAP;NEGERI;TK;0
2422;15;JAMBI;1506;150603;DATA SEKOLAH;UNIT;2023/2024 GENAP;NEGERI;KB;0
2423;15;JAMBI;1506;150603;DATA SEKOLAH;UNIT;2023/2024 GENAP;NEGERI;TPA;0
2424;15;JAMBI;1506;150603;DATA SEKOLAH;UNIT;2023/2024 GENAP;NEGERI;SPS;0
2425;15;JAMBI;1506;150603;DATA SEKOLAH;UNIT;2023/2024 GENAP;NEGERI;PKBM;0
2426;15;JAMBI;1506;150603;DATA SEKOLAH;UNIT;2023/2024 GENAP;NEGERI;SKB;0
2427;15;JAMBI;1506;150603;DATA SEKOLAH;UNIT;2023/2024 GENAP;NEGERI;SD;25
2428;15;JAMBI;1506;150603;DATA SEKOLAH;UNIT;2023/2024 GENAP;NEGERI;SMP;5
2429;15;JAMBI;1506;150603;DATA SEKOLAH;UNIT;2023/2024 GENAP;NEGERI;SMA;2
2430;15;JAMBI;1506;150603;DATA SEKOLAH;UNIT;2023/2024 GENAP;NEGERI;SMK;1
2431;15;JAMBI;1506;150603;DATA SEKOLAH;UNIT;2023/2024 GENAP;NEGERI;SLB;0
2432;15;JAMBI;1506;150608;DATA SEKOLAH;UNIT;2023/2024 GENAP;NEGERI;TK;0
2433;15;JAMBI;1506;150608;DATA SEKOLAH;UNIT;2023/2024 GENAP;NEGERI;KB;0
2434;15;JAMBI;1506;150608;DATA SEKOLAH;UNIT;2023/2024 GENAP;NEGERI;TPA;0
2435;15;JAMBI;1506;150608;DATA SEKOLAH;UNIT;2023/2024 GENAP;NEGERI;SPS;0
2436;15;JAMBI;1506;150608;DATA SEKOLAH;UNIT;2023/2024 GENAP;NEGERI;PKBM;0
2437;15;JAMBI;1506;150608;DATA SEKOLAH;UNIT;2023/2024 GENAP;NEGERI;SKB;0
2438;15;JAMBI;1506;150608;DATA SEKOLAH;UNIT;2023/2024 GENAP;NEGERI;SD;11
2439;15;JAMBI;1506;150608;DATA SEKOLAH;UNIT;2023/2024 GENAP;NEGERI;SMP;4
2440;15;JAMBI;1506;150608;DATA SEKOLAH;UNIT;2023/2024 GENAP;NEGERI;SMA;2
2441;15;JAMBI;1506;150608;DATA SEKOLAH;UNIT;2023/2024 GENAP;NEGERI;SMK;1
2442;15;JAMBI;1506;150608;DATA SEKOLAH;UNIT;2023/2024 GENAP;NEGERI;SLB;0
2443;15;JAMBI;1506;150610;DATA SEKOLAH;UNIT;2023/2024 GENAP;NEGERI;TK;0
2444;15;JAMBI;1506;150610;DATA SEKOLAH;UNIT;2023/2024 GENAP;NEGERI;KB;0
2445;15;JAMBI;1506;150610;DATA SEKOLAH;UNIT;2023/2024 GENAP;NEGERI;TPA;0
2446;15;JAMBI;1506;150610;DATA SEKOLAH;UNIT;2023/2024 GENAP;NEGERI;SPS;0
2447;15;JAMBI;1506;150610;DATA SEKOLAH;UNIT;2023/2024 GENAP;NEGERI;PKBM;0
2448;15;JAMBI;1506;150610;DATA SEKOLAH;UNIT;2023/2024 GENAP;NEGERI;SKB;0
2449;15;JAMBI;1506;150610;DATA SEKOLAH;UNIT;2023/2024 GENAP;NEGERI;SD;10
2450;15;JAMBI;1506;150610;DATA SEKOLAH;UNIT;2023/2024 GENAP;NEGERI;SMP;3
2451;15;JAMBI;1506;150610;DATA SEKOLAH;UNIT;2023/2024 GENAP;NEGERI;SMA;0
2452;15;JAMBI;1506;150610;DATA SEKOLAH;UNIT;2023/2024 GENAP;NEGERI;SMK;1
2453;15;JAMBI;1506;150610;DATA SEKOLAH;UNIT;2023/2024 GENAP;NEGERI;SLB;0
2454;15;JAMBI;1506;150613;DATA SEKOLAH;UNIT;2023/2024 GENAP;NEGERI;TK;0
2455;15;JAMBI;1506;150613;DATA SEKOLAH;UNIT;2023/2024 GENAP;NEGERI;KB;0
2456;15;JAMBI;1506;150613;DATA SEKOLAH;UNIT;2023/2024 GENAP;NEGERI;TPA;0
2457;15;JAMBI;1506;150613;DATA SEKOLAH;UNIT;2023/2024 GENAP;NEGERI;SPS;0
2458;15;JAMBI;1506;150613;DATA SEKOLAH;UNIT;2023/2024 GENAP;NEGERI;PKBM;0
2459;15;JAMBI;1506;150613;DATA SEKOLAH;UNIT;2023/2024 GENAP;NEGERI;SKB;0
2460;15;JAMBI;1506;150613;DATA SEKOLAH;UNIT;2023/2024 GENAP;NEGERI;SD;23
2461;15;JAMBI;1506;150613;DATA SEKOLAH;UNIT;2023/2024 GENAP;NEGERI;SMP;7
2462;15;JAMBI;1506;150613;DATA SEKOLAH;UNIT;2023/2024 GENAP;NEGERI;SMA;2
2463;15;JAMBI;1506;150613;DATA SEKOLAH;UNIT;2023/2024 GENAP;NEGERI;SMK;0
2464;15;JAMBI;1506;150613;DATA SEKOLAH;UNIT;2023/2024 GENAP;NEGERI;SLB;0
2465;15;JAMBI;1506;150606;DATA SEKOLAH;UNIT;2023/2024 GENAP;NEGERI;TK;0
2466;15;JAMBI;1506;150606;DATA SEKOLAH;UNIT;2023/2024 GENAP;NEGERI;KB;0
2467;15;JAMBI;1506;150606;DATA SEKOLAH;UNIT;2023/2024 GENAP;NEGERI;TPA;0
2468;15;JAMBI;1506;150606;DATA SEKOLAH;UNIT;2023/2024 GENAP;NEGERI;SPS;0
2469;15;JAMBI;1506;150606;DATA SEKOLAH;UNIT;2023/2024 GENAP;NEGERI;PKBM;0
2470;15;JAMBI;1506;150606;DATA SEKOLAH;UNIT;2023/2024 GENAP;NEGERI;SKB;0
2471;15;JAMBI;1506;150606;DATA SEKOLAH;UNIT;2023/2024 GENAP;NEGERI;SD;15
2472;15;JAMBI;1506;150606;DATA SEKOLAH;UNIT;2023/2024 GENAP;NEGERI;SMP;7
2473;15;JAMBI;1506;150606;DATA SEKOLAH;UNIT;2023/2024 GENAP;NEGERI;SMA;2
2474;15;JAMBI;1506;150606;DATA SEKOLAH;UNIT;2023/2024 GENAP;NEGERI;SMK;1
2475;15;JAMBI;1506;150606;DATA SEKOLAH;UNIT;2023/2024 GENAP;NEGERI;SLB;0
2476;15;JAMBI;1506;150602;DATA SEKOLAH;UNIT;2023/2024 GENAP;NEGERI;TK;3
2477;15;JAMBI;1506;150602;DATA SEKOLAH;UNIT;2023/2024 GENAP;NEGERI;KB;0
2478;15;JAMBI;1506;150602;DATA SEKOLAH;UNIT;2023/2024 GENAP;NEGERI;TPA;0
2479;15;JAMBI;1506;150602;DATA SEKOLAH;UNIT;2023/2024 GENAP;NEGERI;SPS;0
2480;15;JAMBI;1506;150602;DATA SEKOLAH;UNIT;2023/2024 GENAP;NEGERI;PKBM;0
2481;15;JAMBI;1506;150602;DATA SEKOLAH;UNIT;2023/2024 GENAP;NEGERI;SKB;0
2482;15;JAMBI;1506;150602;DATA SEKOLAH;UNIT;2023/2024 GENAP;NEGERI;SD;24
2483;15;JAMBI;1506;150602;DATA SEKOLAH;UNIT;2023/2024 GENAP;NEGERI;SMP;4
2484;15;JAMBI;1506;150602;DATA SEKOLAH;UNIT;2023/2024 GENAP;NEGERI;SMA;3
2485;15;JAMBI;1506;150602;DATA SEKOLAH;UNIT;2023/2024 GENAP;NEGERI;SMK;2
2486;15;JAMBI;1506;150602;DATA SEKOLAH;UNIT;2023/2024 GENAP;NEGERI;SLB;1
2487;15;JAMBI;1506;150601;DATA SEKOLAH;UNIT;2023/2024 GENAP;NEGERI;TK;0
2488;15;JAMBI;1506;150601;DATA SEKOLAH;UNIT;2023/2024 GENAP;NEGERI;KB;0
2489;15;JAMBI;1506;150601;DATA SEKOLAH;UNIT;2023/2024 GENAP;NEGERI;TPA;0
2490;15;JAMBI;1506;150601;DATA SEKOLAH;UNIT;2023/2024 GENAP;NEGERI;SPS;0
2491;15;JAMBI;1506;150601;DATA SEKOLAH;UNIT;2023/2024 GENAP;NEGERI;PKBM;0
2492;15;JAMBI;1506;150601;DATA SEKOLAH;UNIT;2023/2024 GENAP;NEGERI;SKB;1
2493;15;JAMBI;1506;150601;DATA SEKOLAH;UNIT;2023/2024 GENAP;NEGERI;SD;10
2494;15;JAMBI;1506;150601;DATA SEKOLAH;UNIT;2023/2024 GENAP;NEGERI;SMP;4
2495;15;JAMBI;1506;150601;DATA SEKOLAH;UNIT;2023/2024 GENAP;NEGERI;SMA;1
2496;15;JAMBI;1506;150601;DATA SEKOLAH;UNIT;2023/2024 GENAP;NEGERI;SMK;1
2497;15;JAMBI;1506;150601;DATA SEKOLAH;UNIT;2023/2024 GENAP;NEGERI;SLB;0
2498;15;JAMBI;1506;150607;DATA SEKOLAH;UNIT;2023/2024 GENAP;SWASTA;TK;13
2499;15;JAMBI;1506;150607;DATA SEKOLAH;UNIT;2023/2024 GENAP;SWASTA;KB;9
2500;15;JAMBI;1506;150607;DATA SEKOLAH;UNIT;2023/2024 GENAP;SWASTA;TPA;1
2501;15;JAMBI;1506;150607;DATA SEKOLAH;UNIT;2023/2024 GENAP;SWASTA;SPS;0
2502;15;JAMBI;1506;150607;DATA SEKOLAH;UNIT;2023/2024 GENAP;SWASTA;PKBM;1
2503;15;JAMBI;1506;150607;DATA SEKOLAH;UNIT;2023/2024 GENAP;SWASTA;SKB;0
2504;15;JAMBI;1506;150607;DATA SEKOLAH;UNIT;2023/2024 GENAP;SWASTA;SD;2
2505;15;JAMBI;1506;150607;DATA SEKOLAH;UNIT;2023/2024 GENAP;SWASTA;SMP;2
2506;15;JAMBI;1506;150607;DATA SEKOLAH;UNIT;2023/2024 GENAP;SWASTA;SMA;2
2507;15;JAMBI;1506;150607;DATA SEKOLAH;UNIT;2023/2024 GENAP;SWASTA;SMK;0
2508;15;JAMBI;1506;150607;DATA SEKOLAH;UNIT;2023/2024 GENAP;SWASTA;SLB;0
2509;15;JAMBI;1506;150604;DATA SEKOLAH;UNIT;2023/2024 GENAP;SWASTA;TK;3
2510;15;JAMBI;1506;150604;DATA SEKOLAH;UNIT;2023/2024 GENAP;SWASTA;KB;15
2511;15;JAMBI;1506;150604;DATA SEKOLAH;UNIT;2023/2024 GENAP;SWASTA;TPA;0
2512;15;JAMBI;1506;150604;DATA SEKOLAH;UNIT;2023/2024 GENAP;SWASTA;SPS;5
2513;15;JAMBI;1506;150604;DATA SEKOLAH;UNIT;2023/2024 GENAP;SWASTA;PKBM;1
2514;15;JAMBI;1506;150604;DATA SEKOLAH;UNIT;2023/2024 GENAP;SWASTA;SKB;0
2515;15;JAMBI;1506;150604;DATA SEKOLAH;UNIT;2023/2024 GENAP;SWASTA;SD;0
2516;15;JAMBI;1506;150604;DATA SEKOLAH;UNIT;2023/2024 GENAP;SWASTA;SMP;2
2517;15;JAMBI;1506;150604;DATA SEKOLAH;UNIT;2023/2024 GENAP;SWASTA;SMA;3
2518;15;JAMBI;1506;150604;DATA SEKOLAH;UNIT;2023/2024 GENAP;SWASTA;SMK;1
2519;15;JAMBI;1506;150604;DATA SEKOLAH;UNIT;2023/2024 GENAP;SWASTA;SLB;0
2520;15;JAMBI;1506;150611;DATA SEKOLAH;UNIT;2023/2024 GENAP;SWASTA;TK;1
2521;15;JAMBI;1506;150611;DATA SEKOLAH;UNIT;2023/2024 GENAP;SWASTA;KB;12
2522;15;JAMBI;1506;150611;DATA SEKOLAH;UNIT;2023/2024 GENAP;SWASTA;TPA;0
2523;15;JAMBI;1506;150611;DATA SEKOLAH;UNIT;2023/2024 GENAP;SWASTA;SPS;3
2524;15;JAMBI;1506;150611;DATA SEKOLAH;UNIT;2023/2024 GENAP;SWASTA;PKBM;1
2525;15;JAMBI;1506;150611;DATA SEKOLAH;UNIT;2023/2024 GENAP;SWASTA;SKB;0
2526;15;JAMBI;1506;150611;DATA SEKOLAH;UNIT;2023/2024 GENAP;SWASTA;SD;0
2527;15;JAMBI;1506;150611;DATA SEKOLAH;UNIT;2023/2024 GENAP;SWASTA;SMP;0
2528;15;JAMBI;1506;150611;DATA SEKOLAH;UNIT;2023/2024 GENAP;SWASTA;SMA;1
2529;15;JAMBI;1506;150611;DATA SEKOLAH;UNIT;2023/2024 GENAP;SWASTA;SMK;0
2530;15;JAMBI;1506;150611;DATA SEKOLAH;UNIT;2023/2024 GENAP;SWASTA;SLB;0
2531;15;JAMBI;1506;150612;DATA SEKOLAH;UNIT;2023/2024 GENAP;SWASTA;TK;1
2532;15;JAMBI;1506;150612;DATA SEKOLAH;UNIT;2023/2024 GENAP;SWASTA;KB;14
2533;15;JAMBI;1506;150612;DATA SEKOLAH;UNIT;2023/2024 GENAP;SWASTA;TPA;0
2534;15;JAMBI;1506;150612;DATA SEKOLAH;UNIT;2023/2024 GENAP;SWASTA;SPS;7
2535;15;JAMBI;1506;150612;DATA SEKOLAH;UNIT;2023/2024 GENAP;SWASTA;PKBM;1
2536;15;JAMBI;1506;150612;DATA SEKOLAH;UNIT;2023/2024 GENAP;SWASTA;SKB;0
2537;15;JAMBI;1506;150612;DATA SEKOLAH;UNIT;2023/2024 GENAP;SWASTA;SD;0
2538;15;JAMBI;1506;150612;DATA SEKOLAH;UNIT;2023/2024 GENAP;SWASTA;SMP;0
2539;15;JAMBI;1506;150612;DATA SEKOLAH;UNIT;2023/2024 GENAP;SWASTA;SMA;0
2540;15;JAMBI;1506;150612;DATA SEKOLAH;UNIT;2023/2024 GENAP;SWASTA;SMK;0
2541;15;JAMBI;1506;150612;DATA SEKOLAH;UNIT;2023/2024 GENAP;SWASTA;SLB;0
2542;15;JAMBI;1506;150605;DATA SEKOLAH;UNIT;2023/2024 GENAP;SWASTA;TK;6
2543;15;JAMBI;1506;150605;DATA SEKOLAH;UNIT;2023/2024 GENAP;SWASTA;KB;6
2544;15;JAMBI;1506;150605;DATA SEKOLAH;UNIT;2023/2024 GENAP;SWASTA;TPA;1
2545;15;JAMBI;1506;150605;DATA SEKOLAH;UNIT;2023/2024 GENAP;SWASTA;SPS;4
2546;15;JAMBI;1506;150605;DATA SEKOLAH;UNIT;2023/2024 GENAP;SWASTA;PKBM;0
2547;15;JAMBI;1506;150605;DATA SEKOLAH;UNIT;2023/2024 GENAP;SWASTA;SKB;0
2548;15;JAMBI;1506;150605;DATA SEKOLAH;UNIT;2023/2024 GENAP;SWASTA;SD;1
2549;15;JAMBI;1506;150605;DATA SEKOLAH;UNIT;2023/2024 GENAP;SWASTA;SMP;0
2550;15;JAMBI;1506;150605;DATA SEKOLAH;UNIT;2023/2024 GENAP;SWASTA;SMA;0
2551;15;JAMBI;1506;150605;DATA SEKOLAH;UNIT;2023/2024 GENAP;SWASTA;SMK;0
2552;15;JAMBI;1506;150605;DATA SEKOLAH;UNIT;2023/2024 GENAP;SWASTA;SLB;0
2553;15;JAMBI;1506;150609;DATA SEKOLAH;UNIT;2023/2024 GENAP;SWASTA;TK;5
2554;15;JAMBI;1506;150609;DATA SEKOLAH;UNIT;2023/2024 GENAP;SWASTA;KB;8
2555;15;JAMBI;1506;150609;DATA SEKOLAH;UNIT;2023/2024 GENAP;SWASTA;TPA;0
2556;15;JAMBI;1506;150609;DATA SEKOLAH;UNIT;2023/2024 GENAP;SWASTA;SPS;0
2557;15;JAMBI;1506;150609;DATA SEKOLAH;UNIT;2023/2024 GENAP;SWASTA;PKBM;0
2558;15;JAMBI;1506;150609;DATA SEKOLAH;UNIT;2023/2024 GENAP;SWASTA;SKB;0
2559;15;JAMBI;1506;150609;DATA SEKOLAH;UNIT;2023/2024 GENAP;SWASTA;SD;0
2560;15;JAMBI;1506;150609;DATA SEKOLAH;UNIT;2023/2024 GENAP;SWASTA;SMP;0
2561;15;JAMBI;1506;150609;DATA SEKOLAH;UNIT;2023/2024 GENAP;SWASTA;SMA;0
2562;15;JAMBI;1506;150609;DATA SEKOLAH;UNIT;2023/2024 GENAP;SWASTA;SMK;0
2563;15;JAMBI;1506;150609;DATA SEKOLAH;UNIT;2023/2024 GENAP;SWASTA;SLB;0
2564;15;JAMBI;1506;150603;DATA SEKOLAH;UNIT;2023/2024 GENAP;SWASTA;TK;1
2565;15;JAMBI;1506;150603;DATA SEKOLAH;UNIT;2023/2024 GENAP;SWASTA;KB;20
2566;15;JAMBI;1506;150603;DATA SEKOLAH;UNIT;2023/2024 GENAP;SWASTA;TPA;0
2567;15;JAMBI;1506;150603;DATA SEKOLAH;UNIT;2023/2024 GENAP;SWASTA;SPS;4
2568;15;JAMBI;1506;150603;DATA SEKOLAH;UNIT;2023/2024 GENAP;SWASTA;PKBM;2
2569;15;JAMBI;1506;150603;DATA SEKOLAH;UNIT;2023/2024 GENAP;SWASTA;SKB;0
2570;15;JAMBI;1506;150603;DATA SEKOLAH;UNIT;2023/2024 GENAP;SWASTA;SD;0
2571;15;JAMBI;1506;150603;DATA SEKOLAH;UNIT;2023/2024 GENAP;SWASTA;SMP;0
2572;15;JAMBI;1506;150603;DATA SEKOLAH;UNIT;2023/2024 GENAP;SWASTA;SMA;1
2573;15;JAMBI;1506;150603;DATA SEKOLAH;UNIT;2023/2024 GENAP;SWASTA;SMK;0
2574;15;JAMBI;1506;150603;DATA SEKOLAH;UNIT;2023/2024 GENAP;SWASTA;SLB;0
2575;15;JAMBI;1506;150608;DATA SEKOLAH;UNIT;2023/2024 GENAP;SWASTA;TK;5
2576;15;JAMBI;1506;150608;DATA SEKOLAH;UNIT;2023/2024 GENAP;SWASTA;KB;7
2577;15;JAMBI;1506;150608;DATA SEKOLAH;UNIT;2023/2024 GENAP;SWASTA;TPA;0
2578;15;JAMBI;1506;150608;DATA SEKOLAH;UNIT;2023/2024 GENAP;SWASTA;SPS;0
2579;15;JAMBI;1506;150608;DATA SEKOLAH;UNIT;2023/2024 GENAP;SWASTA;PKBM;0
2580;15;JAMBI;1506;150608;DATA SEKOLAH;UNIT;2023/2024 GENAP;SWASTA;SKB;0
2581;15;JAMBI;1506;150608;DATA SEKOLAH;UNIT;2023/2024 GENAP;SWASTA;SD;0
2582;15;JAMBI;1506;150608;DATA SEKOLAH;UNIT;2023/2024 GENAP;SWASTA;SMP;0
2583;15;JAMBI;1506;150608;DATA SEKOLAH;UNIT;2023/2024 GENAP;SWASTA;SMA;1
2584;15;JAMBI;1506;150608;DATA SEKOLAH;UNIT;2023/2024 GENAP;SWASTA;SMK;0
2585;15;JAMBI;1506;150608;DATA SEKOLAH;UNIT;2023/2024 GENAP;SWASTA;SLB;0
2586;15;JAMBI;1506;150610;DATA SEKOLAH;UNIT;2023/2024 GENAP;SWASTA;TK;0
2587;15;JAMBI;1506;150610;DATA SEKOLAH;UNIT;2023/2024 GENAP;SWASTA;KB;11
2588;15;JAMBI;1506;150610;DATA SEKOLAH;UNIT;2023/2024 GENAP;SWASTA;TPA;0
2589;15;JAMBI;1506;150610;DATA SEKOLAH;UNIT;2023/2024 GENAP;SWASTA;SPS;1
2590;15;JAMBI;1506;150610;DATA SEKOLAH;UNIT;2023/2024 GENAP;SWASTA;PKBM;0
2591;15;JAMBI;1506;150610;DATA SEKOLAH;UNIT;2023/2024 GENAP;SWASTA;SKB;0
2592;15;JAMBI;1506;150610;DATA SEKOLAH;UNIT;2023/2024 GENAP;SWASTA;SD;0
2593;15;JAMBI;1506;150610;DATA SEKOLAH;UNIT;2023/2024 GENAP;SWASTA;SMP;0
2594;15;JAMBI;1506;150610;DATA SEKOLAH;UNIT;2023/2024 GENAP;SWASTA;SMA;0
2595;15;JAMBI;1506;150610;DATA SEKOLAH;UNIT;2023/2024 GENAP;SWASTA;SMK;0
2596;15;JAMBI;1506;150610;DATA SEKOLAH;UNIT;2023/2024 GENAP;SWASTA;SLB;0
2597;15;JAMBI;1506;150613;DATA SEKOLAH;UNIT;2023/2024 GENAP;SWASTA;TK;1
2598;15;JAMBI;1506;150613;DATA SEKOLAH;UNIT;2023/2024 GENAP;SWASTA;KB;24
2599;15;JAMBI;1506;150613;DATA SEKOLAH;UNIT;2023/2024 GENAP;SWASTA;TPA;0
2600;15;JAMBI;1506;150613;DATA SEKOLAH;UNIT;2023/2024 GENAP;SWASTA;SPS;0
2601;15;JAMBI;1506;150613;DATA SEKOLAH;UNIT;2023/2024 GENAP;SWASTA;PKBM;0
2602;15;JAMBI;1506;150613;DATA SEKOLAH;UNIT;2023/2024 GENAP;SWASTA;SKB;0
2603;15;JAMBI;1506;150613;DATA SEKOLAH;UNIT;2023/2024 GENAP;SWASTA;SD;0
2604;15;JAMBI;1506;150613;DATA SEKOLAH;UNIT;2023/2024 GENAP;SWASTA;SMP;0
2605;15;JAMBI;1506;150613;DATA SEKOLAH;UNIT;2023/2024 GENAP;SWASTA;SMA;2
2606;15;JAMBI;1506;150613;DATA SEKOLAH;UNIT;2023/2024 GENAP;SWASTA;SMK;0
2607;15;JAMBI;1506;150613;DATA SEKOLAH;UNIT;2023/2024 GENAP;SWASTA;SLB;0
2608;15;JAMBI;1506;150606;DATA SEKOLAH;UNIT;2023/2024 GENAP;SWASTA;TK;14
2609;15;JAMBI;1506;150606;DATA SEKOLAH;UNIT;2023/2024 GENAP;SWASTA;KB;9
2610;15;JAMBI;1506;150606;DATA SEKOLAH;UNIT;2023/2024 GENAP;SWASTA;TPA;1
2611;15;JAMBI;1506;150606;DATA SEKOLAH;UNIT;2023/2024 GENAP;SWASTA;SPS;0
2612;15;JAMBI;1506;150606;DATA SEKOLAH;UNIT;2023/2024 GENAP;SWASTA;PKBM;0
2613;15;JAMBI;1506;150606;DATA SEKOLAH;UNIT;2023/2024 GENAP;SWASTA;SKB;0
2614;15;JAMBI;1506;150606;DATA SEKOLAH;UNIT;2023/2024 GENAP;SWASTA;SD;5
2615;15;JAMBI;1506;150606;DATA SEKOLAH;UNIT;2023/2024 GENAP;SWASTA;SMP;2
2616;15;JAMBI;1506;150606;DATA SEKOLAH;UNIT;2023/2024 GENAP;SWASTA;SMA;1
2617;15;JAMBI;1506;150606;DATA SEKOLAH;UNIT;2023/2024 GENAP;SWASTA;SMK;0
2618;15;JAMBI;1506;150606;DATA SEKOLAH;UNIT;2023/2024 GENAP;SWASTA;SLB;0
2619;15;JAMBI;1506;150602;DATA SEKOLAH;UNIT;2023/2024 GENAP;SWASTA;TK;12
2620;15;JAMBI;1506;150602;DATA SEKOLAH;UNIT;2023/2024 GENAP;SWASTA;KB;24
2621;15;JAMBI;1506;150602;DATA SEKOLAH;UNIT;2023/2024 GENAP;SWASTA;TPA;4
2622;15;JAMBI;1506;150602;DATA SEKOLAH;UNIT;2023/2024 GENAP;SWASTA;SPS;9
2623;15;JAMBI;1506;150602;DATA SEKOLAH;UNIT;2023/2024 GENAP;SWASTA;PKBM;5
2624;15;JAMBI;1506;150602;DATA SEKOLAH;UNIT;2023/2024 GENAP;SWASTA;SKB;0
2625;15;JAMBI;1506;150602;DATA SEKOLAH;UNIT;2023/2024 GENAP;SWASTA;SD;6
2626;15;JAMBI;1506;150602;DATA SEKOLAH;UNIT;2023/2024 GENAP;SWASTA;SMP;2
2627;15;JAMBI;1506;150602;DATA SEKOLAH;UNIT;2023/2024 GENAP;SWASTA;SMA;1
2628;15;JAMBI;1506;150602;DATA SEKOLAH;UNIT;2023/2024 GENAP;SWASTA;SMK;1
2629;15;JAMBI;1506;150602;DATA SEKOLAH;UNIT;2023/2024 GENAP;SWASTA;SLB;0
2630;15;JAMBI;1506;150601;DATA SEKOLAH;UNIT;2023/2024 GENAP;SWASTA;TK;7
2631;15;JAMBI;1506;150601;DATA SEKOLAH;UNIT;2023/2024 GENAP;SWASTA;KB;11
2632;15;JAMBI;1506;150601;DATA SEKOLAH;UNIT;2023/2024 GENAP;SWASTA;TPA;0
2633;15;JAMBI;1506;150601;DATA SEKOLAH;UNIT;2023/2024 GENAP;SWASTA;SPS;0
2634;15;JAMBI;1506;150601;DATA SEKOLAH;UNIT;2023/2024 GENAP;SWASTA;PKBM;2
2635;15;JAMBI;1506;150601;DATA SEKOLAH;UNIT;2023/2024 GENAP;SWASTA;SKB;0
2636;15;JAMBI;1506;150601;DATA SEKOLAH;UNIT;2023/2024 GENAP;SWASTA;SD;1
2637;15;JAMBI;1506;150601;DATA SEKOLAH;UNIT;2023/2024 GENAP;SWASTA;SMP;0
2638;15;JAMBI;1506;150601;DATA SEKOLAH;UNIT;2023/2024 GENAP;SWASTA;SMA;0
2639;15;JAMBI;1506;150601;DATA SEKOLAH;UNIT;2023/2024 GENAP;SWASTA;SMK;0
2640;15;JAMBI;1506;150601;DATA SEKOLAH;UNIT;2023/2024 GENAP;SWASTA;SLB;0
2641;15;JAMBI;1507;150711;DATA SEKOLAH;UNIT;2023/2024 GENAP;NEGERI;TK;2
2642;15;JAMBI;1507;150711;DATA SEKOLAH;UNIT;2023/2024 GENAP;NEGERI;KB;0
2643;15;JAMBI;1507;150711;DATA SEKOLAH;UNIT;2023/2024 GENAP;NEGERI;TPA;0
2644;15;JAMBI;1507;150711;DATA SEKOLAH;UNIT;2023/2024 GENAP;NEGERI;SPS;0
2645;15;JAMBI;1507;150711;DATA SEKOLAH;UNIT;2023/2024 GENAP;NEGERI;PKBM;0
2646;15;JAMBI;1507;150711;DATA SEKOLAH;UNIT;2023/2024 GENAP;NEGERI;SKB;0
2647;15;JAMBI;1507;150711;DATA SEKOLAH;UNIT;2023/2024 GENAP;NEGERI;SD;11
2648;15;JAMBI;1507;150711;DATA SEKOLAH;UNIT;2023/2024 GENAP;NEGERI;SMP;4
2649;15;JAMBI;1507;150711;DATA SEKOLAH;UNIT;2023/2024 GENAP;NEGERI;SMA;0
2650;15;JAMBI;1507;150711;DATA SEKOLAH;UNIT;2023/2024 GENAP;NEGERI;SMK;1
2651;15;JAMBI;1507;150711;DATA SEKOLAH;UNIT;2023/2024 GENAP;NEGERI;SLB;0
2652;15;JAMBI;1507;150706;DATA SEKOLAH;UNIT;2023/2024 GENAP;NEGERI;TK;1
2653;15;JAMBI;1507;150706;DATA SEKOLAH;UNIT;2023/2024 GENAP;NEGERI;KB;0
2654;15;JAMBI;1507;150706;DATA SEKOLAH;UNIT;2023/2024 GENAP;NEGERI;TPA;0
2655;15;JAMBI;1507;150706;DATA SEKOLAH;UNIT;2023/2024 GENAP;NEGERI;SPS;0
2656;15;JAMBI;1507;150706;DATA SEKOLAH;UNIT;2023/2024 GENAP;NEGERI;PKBM;0
2657;15;JAMBI;1507;150706;DATA SEKOLAH;UNIT;2023/2024 GENAP;NEGERI;SKB;0
2658;15;JAMBI;1507;150706;DATA SEKOLAH;UNIT;2023/2024 GENAP;NEGERI;SD;18
2659;15;JAMBI;1507;150706;DATA SEKOLAH;UNIT;2023/2024 GENAP;NEGERI;SMP;4
2660;15;JAMBI;1507;150706;DATA SEKOLAH;UNIT;2023/2024 GENAP;NEGERI;SMA;1
2661;15;JAMBI;1507;150706;DATA SEKOLAH;UNIT;2023/2024 GENAP;NEGERI;SMK;1
2662;15;JAMBI;1507;150706;DATA SEKOLAH;UNIT;2023/2024 GENAP;NEGERI;SLB;0
2663;15;JAMBI;1507;150710;DATA SEKOLAH;UNIT;2023/2024 GENAP;NEGERI;TK;3
2664;15;JAMBI;1507;150710;DATA SEKOLAH;UNIT;2023/2024 GENAP;NEGERI;KB;0
2665;15;JAMBI;1507;150710;DATA SEKOLAH;UNIT;2023/2024 GENAP;NEGERI;TPA;0
2666;15;JAMBI;1507;150710;DATA SEKOLAH;UNIT;2023/2024 GENAP;NEGERI;SPS;0
2667;15;JAMBI;1507;150710;DATA SEKOLAH;UNIT;2023/2024 GENAP;NEGERI;PKBM;0
2668;15;JAMBI;1507;150710;DATA SEKOLAH;UNIT;2023/2024 GENAP;NEGERI;SKB;0
2669;15;JAMBI;1507;150710;DATA SEKOLAH;UNIT;2023/2024 GENAP;NEGERI;SD;21
2670;15;JAMBI;1507;150710;DATA SEKOLAH;UNIT;2023/2024 GENAP;NEGERI;SMP;4
2671;15;JAMBI;1507;150710;DATA SEKOLAH;UNIT;2023/2024 GENAP;NEGERI;SMA;2
2672;15;JAMBI;1507;150710;DATA SEKOLAH;UNIT;2023/2024 GENAP;NEGERI;SMK;0
2673;15;JAMBI;1507;150710;DATA SEKOLAH;UNIT;2023/2024 GENAP;NEGERI;SLB;0
2674;15;JAMBI;1507;150708;DATA SEKOLAH;UNIT;2023/2024 GENAP;NEGERI;TK;1
2675;15;JAMBI;1507;150708;DATA SEKOLAH;UNIT;2023/2024 GENAP;NEGERI;KB;0
2676;15;JAMBI;1507;150708;DATA SEKOLAH;UNIT;2023/2024 GENAP;NEGERI;TPA;0
2677;15;JAMBI;1507;150708;DATA SEKOLAH;UNIT;2023/2024 GENAP;NEGERI;SPS;0
2678;15;JAMBI;1507;150708;DATA SEKOLAH;UNIT;2023/2024 GENAP;NEGERI;PKBM;0
2679;15;JAMBI;1507;150708;DATA SEKOLAH;UNIT;2023/2024 GENAP;NEGERI;SKB;0
2680;15;JAMBI;1507;150708;DATA SEKOLAH;UNIT;2023/2024 GENAP;NEGERI;SD;11
2681;15;JAMBI;1507;150708;DATA SEKOLAH;UNIT;2023/2024 GENAP;NEGERI;SMP;2
2682;15;JAMBI;1507;150708;DATA SEKOLAH;UNIT;2023/2024 GENAP;NEGERI;SMA;1
2683;15;JAMBI;1507;150708;DATA SEKOLAH;UNIT;2023/2024 GENAP;NEGERI;SMK;0
2684;15;JAMBI;1507;150708;DATA SEKOLAH;UNIT;2023/2024 GENAP;NEGERI;SLB;0
2685;15;JAMBI;1507;150703;DATA SEKOLAH;UNIT;2023/2024 GENAP;NEGERI;TK;1
2686;15;JAMBI;1507;150703;DATA SEKOLAH;UNIT;2023/2024 GENAP;NEGERI;KB;0
2687;15;JAMBI;1507;150703;DATA SEKOLAH;UNIT;2023/2024 GENAP;NEGERI;TPA;0
2688;15;JAMBI;1507;150703;DATA SEKOLAH;UNIT;2023/2024 GENAP;NEGERI;SPS;0
2689;15;JAMBI;1507;150703;DATA SEKOLAH;UNIT;2023/2024 GENAP;NEGERI;PKBM;0
2690;15;JAMBI;1507;150703;DATA SEKOLAH;UNIT;2023/2024 GENAP;NEGERI;SKB;0
2691;15;JAMBI;1507;150703;DATA SEKOLAH;UNIT;2023/2024 GENAP;NEGERI;SD;16
2692;15;JAMBI;1507;150703;DATA SEKOLAH;UNIT;2023/2024 GENAP;NEGERI;SMP;4
2693;15;JAMBI;1507;150703;DATA SEKOLAH;UNIT;2023/2024 GENAP;NEGERI;SMA;1
2694;15;JAMBI;1507;150703;DATA SEKOLAH;UNIT;2023/2024 GENAP;NEGERI;SMK;0
2695;15;JAMBI;1507;150703;DATA SEKOLAH;UNIT;2023/2024 GENAP;NEGERI;SLB;0
2696;15;JAMBI;1507;150709;DATA SEKOLAH;UNIT;2023/2024 GENAP;NEGERI;TK;1
2697;15;JAMBI;1507;150709;DATA SEKOLAH;UNIT;2023/2024 GENAP;NEGERI;KB;0
2698;15;JAMBI;1507;150709;DATA SEKOLAH;UNIT;2023/2024 GENAP;NEGERI;TPA;0
2699;15;JAMBI;1507;150709;DATA SEKOLAH;UNIT;2023/2024 GENAP;NEGERI;SPS;0
2700;15;JAMBI;1507;150709;DATA SEKOLAH;UNIT;2023/2024 GENAP;NEGERI;PKBM;0
2701;15;JAMBI;1507;150709;DATA SEKOLAH;UNIT;2023/2024 GENAP;NEGERI;SKB;0
2702;15;JAMBI;1507;150709;DATA SEKOLAH;UNIT;2023/2024 GENAP;NEGERI;SD;8
2703;15;JAMBI;1507;150709;DATA SEKOLAH;UNIT;2023/2024 GENAP;NEGERI;SMP;5
2704;15;JAMBI;1507;150709;DATA SEKOLAH;UNIT;2023/2024 GENAP;NEGERI;SMA;0
2705;15;JAMBI;1507;150709;DATA SEKOLAH;UNIT;2023/2024 GENAP;NEGERI;SMK;1
2706;15;JAMBI;1507;150709;DATA SEKOLAH;UNIT;2023/2024 GENAP;NEGERI;SLB;0
2707;15;JAMBI;1507;150707;DATA SEKOLAH;UNIT;2023/2024 GENAP;NEGERI;TK;1
2708;15;JAMBI;1507;150707;DATA SEKOLAH;UNIT;2023/2024 GENAP;NEGERI;KB;0
2709;15;JAMBI;1507;150707;DATA SEKOLAH;UNIT;2023/2024 GENAP;NEGERI;TPA;0
2710;15;JAMBI;1507;150707;DATA SEKOLAH;UNIT;2023/2024 GENAP;NEGERI;SPS;0
2711;15;JAMBI;1507;150707;DATA SEKOLAH;UNIT;2023/2024 GENAP;NEGERI;PKBM;0
2712;15;JAMBI;1507;150707;DATA SEKOLAH;UNIT;2023/2024 GENAP;NEGERI;SKB;0
2713;15;JAMBI;1507;150707;DATA SEKOLAH;UNIT;2023/2024 GENAP;NEGERI;SD;13
2714;15;JAMBI;1507;150707;DATA SEKOLAH;UNIT;2023/2024 GENAP;NEGERI;SMP;2
2715;15;JAMBI;1507;150707;DATA SEKOLAH;UNIT;2023/2024 GENAP;NEGERI;SMA;1
2716;15;JAMBI;1507;150707;DATA SEKOLAH;UNIT;2023/2024 GENAP;NEGERI;SMK;1
2717;15;JAMBI;1507;150707;DATA SEKOLAH;UNIT;2023/2024 GENAP;NEGERI;SLB;1
2718;15;JAMBI;1507;150701;DATA SEKOLAH;UNIT;2023/2024 GENAP;NEGERI;TK;1
2719;15;JAMBI;1507;150701;DATA SEKOLAH;UNIT;2023/2024 GENAP;NEGERI;KB;0
2720;15;JAMBI;1507;150701;DATA SEKOLAH;UNIT;2023/2024 GENAP;NEGERI;TPA;0
2721;15;JAMBI;1507;150701;DATA SEKOLAH;UNIT;2023/2024 GENAP;NEGERI;SPS;0
2722;15;JAMBI;1507;150701;DATA SEKOLAH;UNIT;2023/2024 GENAP;NEGERI;PKBM;0
2723;15;JAMBI;1507;150701;DATA SEKOLAH;UNIT;2023/2024 GENAP;NEGERI;SKB;1
2724;15;JAMBI;1507;150701;DATA SEKOLAH;UNIT;2023/2024 GENAP;NEGERI;SD;23
2725;15;JAMBI;1507;150701;DATA SEKOLAH;UNIT;2023/2024 GENAP;NEGERI;SMP;6
2726;15;JAMBI;1507;150701;DATA SEKOLAH;UNIT;2023/2024 GENAP;NEGERI;SMA;1
2727;15;JAMBI;1507;150701;DATA SEKOLAH;UNIT;2023/2024 GENAP;NEGERI;SMK;1
2728;15;JAMBI;1507;150701;DATA SEKOLAH;UNIT;2023/2024 GENAP;NEGERI;SLB;0
2729;15;JAMBI;1507;150702;DATA SEKOLAH;UNIT;2023/2024 GENAP;NEGERI;TK;3
2730;15;JAMBI;1507;150702;DATA SEKOLAH;UNIT;2023/2024 GENAP;NEGERI;KB;0
2731;15;JAMBI;1507;150702;DATA SEKOLAH;UNIT;2023/2024 GENAP;NEGERI;TPA;0
2732;15;JAMBI;1507;150702;DATA SEKOLAH;UNIT;2023/2024 GENAP;NEGERI;SPS;0
2733;15;JAMBI;1507;150702;DATA SEKOLAH;UNIT;2023/2024 GENAP;NEGERI;PKBM;0
2734;15;JAMBI;1507;150702;DATA SEKOLAH;UNIT;2023/2024 GENAP;NEGERI;SKB;0
2735;15;JAMBI;1507;150702;DATA SEKOLAH;UNIT;2023/2024 GENAP;NEGERI;SD;26
2736;15;JAMBI;1507;150702;DATA SEKOLAH;UNIT;2023/2024 GENAP;NEGERI;SMP;7
2737;15;JAMBI;1507;150702;DATA SEKOLAH;UNIT;2023/2024 GENAP;NEGERI;SMA;1
2738;15;JAMBI;1507;150702;DATA SEKOLAH;UNIT;2023/2024 GENAP;NEGERI;SMK;1
2739;15;JAMBI;1507;150702;DATA SEKOLAH;UNIT;2023/2024 GENAP;NEGERI;SLB;0
2740;15;JAMBI;1507;150704;DATA SEKOLAH;UNIT;2023/2024 GENAP;NEGERI;TK;1
2741;15;JAMBI;1507;150704;DATA SEKOLAH;UNIT;2023/2024 GENAP;NEGERI;KB;0
2742;15;JAMBI;1507;150704;DATA SEKOLAH;UNIT;2023/2024 GENAP;NEGERI;TPA;0
2743;15;JAMBI;1507;150704;DATA SEKOLAH;UNIT;2023/2024 GENAP;NEGERI;SPS;0
2744;15;JAMBI;1507;150704;DATA SEKOLAH;UNIT;2023/2024 GENAP;NEGERI;PKBM;0
2745;15;JAMBI;1507;150704;DATA SEKOLAH;UNIT;2023/2024 GENAP;NEGERI;SKB;0
2746;15;JAMBI;1507;150704;DATA SEKOLAH;UNIT;2023/2024 GENAP;NEGERI;SD;29
2747;15;JAMBI;1507;150704;DATA SEKOLAH;UNIT;2023/2024 GENAP;NEGERI;SMP;3
2748;15;JAMBI;1507;150704;DATA SEKOLAH;UNIT;2023/2024 GENAP;NEGERI;SMA;1
2749;15;JAMBI;1507;150704;DATA SEKOLAH;UNIT;2023/2024 GENAP;NEGERI;SMK;0
2750;15;JAMBI;1507;150704;DATA SEKOLAH;UNIT;2023/2024 GENAP;NEGERI;SLB;0
2751;15;JAMBI;1507;150705;DATA SEKOLAH;UNIT;2023/2024 GENAP;NEGERI;TK;2
2752;15;JAMBI;1507;150705;DATA SEKOLAH;UNIT;2023/2024 GENAP;NEGERI;KB;0
2753;15;JAMBI;1507;150705;DATA SEKOLAH;UNIT;2023/2024 GENAP;NEGERI;TPA;0
2754;15;JAMBI;1507;150705;DATA SEKOLAH;UNIT;2023/2024 GENAP;NEGERI;SPS;0
2755;15;JAMBI;1507;150705;DATA SEKOLAH;UNIT;2023/2024 GENAP;NEGERI;PKBM;0
2756;15;JAMBI;1507;150705;DATA SEKOLAH;UNIT;2023/2024 GENAP;NEGERI;SKB;0
2757;15;JAMBI;1507;150705;DATA SEKOLAH;UNIT;2023/2024 GENAP;NEGERI;SD;18
2758;15;JAMBI;1507;150705;DATA SEKOLAH;UNIT;2023/2024 GENAP;NEGERI;SMP;4
2759;15;JAMBI;1507;150705;DATA SEKOLAH;UNIT;2023/2024 GENAP;NEGERI;SMA;1
2760;15;JAMBI;1507;150705;DATA SEKOLAH;UNIT;2023/2024 GENAP;NEGERI;SMK;0
2761;15;JAMBI;1507;150705;DATA SEKOLAH;UNIT;2023/2024 GENAP;NEGERI;SLB;0
2762;15;JAMBI;1507;150711;DATA SEKOLAH;UNIT;2023/2024 GENAP;SWASTA;TK;2
2763;15;JAMBI;1507;150711;DATA SEKOLAH;UNIT;2023/2024 GENAP;SWASTA;KB;17
2764;15;JAMBI;1507;150711;DATA SEKOLAH;UNIT;2023/2024 GENAP;SWASTA;TPA;0
2765;15;JAMBI;1507;150711;DATA SEKOLAH;UNIT;2023/2024 GENAP;SWASTA;SPS;0
2766;15;JAMBI;1507;150711;DATA SEKOLAH;UNIT;2023/2024 GENAP;SWASTA;PKBM;2
2767;15;JAMBI;1507;150711;DATA SEKOLAH;UNIT;2023/2024 GENAP;SWASTA;SKB;0
2768;15;JAMBI;1507;150711;DATA SEKOLAH;UNIT;2023/2024 GENAP;SWASTA;SD;0
2769;15;JAMBI;1507;150711;DATA SEKOLAH;UNIT;2023/2024 GENAP;SWASTA;SMP;0
2770;15;JAMBI;1507;150711;DATA SEKOLAH;UNIT;2023/2024 GENAP;SWASTA;SMA;1
2771;15;JAMBI;1507;150711;DATA SEKOLAH;UNIT;2023/2024 GENAP;SWASTA;SMK;0
2772;15;JAMBI;1507;150711;DATA SEKOLAH;UNIT;2023/2024 GENAP;SWASTA;SLB;0
2773;15;JAMBI;1507;150706;DATA SEKOLAH;UNIT;2023/2024 GENAP;SWASTA;TK;4
2774;15;JAMBI;1507;150706;DATA SEKOLAH;UNIT;2023/2024 GENAP;SWASTA;KB;21
2775;15;JAMBI;1507;150706;DATA SEKOLAH;UNIT;2023/2024 GENAP;SWASTA;TPA;0
2776;15;JAMBI;1507;150706;DATA SEKOLAH;UNIT;2023/2024 GENAP;SWASTA;SPS;0
2777;15;JAMBI;1507;150706;DATA SEKOLAH;UNIT;2023/2024 GENAP;SWASTA;PKBM;1
2778;15;JAMBI;1507;150706;DATA SEKOLAH;UNIT;2023/2024 GENAP;SWASTA;SKB;0
2779;15;JAMBI;1507;150706;DATA SEKOLAH;UNIT;2023/2024 GENAP;SWASTA;SD;1
2780;15;JAMBI;1507;150706;DATA SEKOLAH;UNIT;2023/2024 GENAP;SWASTA;SMP;0
2781;15;JAMBI;1507;150706;DATA SEKOLAH;UNIT;2023/2024 GENAP;SWASTA;SMA;0
2782;15;JAMBI;1507;150706;DATA SEKOLAH;UNIT;2023/2024 GENAP;SWASTA;SMK;0
2783;15;JAMBI;1507;150706;DATA SEKOLAH;UNIT;2023/2024 GENAP;SWASTA;SLB;0
2784;15;JAMBI;1507;150710;DATA SEKOLAH;UNIT;2023/2024 GENAP;SWASTA;TK;3
2785;15;JAMBI;1507;150710;DATA SEKOLAH;UNIT;2023/2024 GENAP;SWASTA;KB;20
2786;15;JAMBI;1507;150710;DATA SEKOLAH;UNIT;2023/2024 GENAP;SWASTA;TPA;0
2787;15;JAMBI;1507;150710;DATA SEKOLAH;UNIT;2023/2024 GENAP;SWASTA;SPS;0
2788;15;JAMBI;1507;150710;DATA SEKOLAH;UNIT;2023/2024 GENAP;SWASTA;PKBM;1
2789;15;JAMBI;1507;150710;DATA SEKOLAH;UNIT;2023/2024 GENAP;SWASTA;SKB;0
2790;15;JAMBI;1507;150710;DATA SEKOLAH;UNIT;2023/2024 GENAP;SWASTA;SD;0
2791;15;JAMBI;1507;150710;DATA SEKOLAH;UNIT;2023/2024 GENAP;SWASTA;SMP;0
2792;15;JAMBI;1507;150710;DATA SEKOLAH;UNIT;2023/2024 GENAP;SWASTA;SMA;0
2793;15;JAMBI;1507;150710;DATA SEKOLAH;UNIT;2023/2024 GENAP;SWASTA;SMK;0
2794;15;JAMBI;1507;150710;DATA SEKOLAH;UNIT;2023/2024 GENAP;SWASTA;SLB;0
2795;15;JAMBI;1507;150708;DATA SEKOLAH;UNIT;2023/2024 GENAP;SWASTA;TK;5
2796;15;JAMBI;1507;150708;DATA SEKOLAH;UNIT;2023/2024 GENAP;SWASTA;KB;7
2797;15;JAMBI;1507;150708;DATA SEKOLAH;UNIT;2023/2024 GENAP;SWASTA;TPA;0
2798;15;JAMBI;1507;150708;DATA SEKOLAH;UNIT;2023/2024 GENAP;SWASTA;SPS;0
2799;15;JAMBI;1507;150708;DATA SEKOLAH;UNIT;2023/2024 GENAP;SWASTA;PKBM;0
2800;15;JAMBI;1507;150708;DATA SEKOLAH;UNIT;2023/2024 GENAP;SWASTA;SKB;0
2801;15;JAMBI;1507;150708;DATA SEKOLAH;UNIT;2023/2024 GENAP;SWASTA;SD;1
2802;15;JAMBI;1507;150708;DATA SEKOLAH;UNIT;2023/2024 GENAP;SWASTA;SMP;0
2803;15;JAMBI;1507;150708;DATA SEKOLAH;UNIT;2023/2024 GENAP;SWASTA;SMA;0
2804;15;JAMBI;1507;150708;DATA SEKOLAH;UNIT;2023/2024 GENAP;SWASTA;SMK;0
2805;15;JAMBI;1507;150708;DATA SEKOLAH;UNIT;2023/2024 GENAP;SWASTA;SLB;0
2806;15;JAMBI;1507;150703;DATA SEKOLAH;UNIT;2023/2024 GENAP;SWASTA;TK;4
2807;15;JAMBI;1507;150703;DATA SEKOLAH;UNIT;2023/2024 GENAP;SWASTA;KB;24
2808;15;JAMBI;1507;150703;DATA SEKOLAH;UNIT;2023/2024 GENAP;SWASTA;TPA;0
2809;15;JAMBI;1507;150703;DATA SEKOLAH;UNIT;2023/2024 GENAP;SWASTA;SPS;0
2810;15;JAMBI;1507;150703;DATA SEKOLAH;UNIT;2023/2024 GENAP;SWASTA;PKBM;0
2811;15;JAMBI;1507;150703;DATA SEKOLAH;UNIT;2023/2024 GENAP;SWASTA;SKB;0
2812;15;JAMBI;1507;150703;DATA SEKOLAH;UNIT;2023/2024 GENAP;SWASTA;SD;0
2813;15;JAMBI;1507;150703;DATA SEKOLAH;UNIT;2023/2024 GENAP;SWASTA;SMP;0
2814;15;JAMBI;1507;150703;DATA SEKOLAH;UNIT;2023/2024 GENAP;SWASTA;SMA;0
2815;15;JAMBI;1507;150703;DATA SEKOLAH;UNIT;2023/2024 GENAP;SWASTA;SMK;0
2816;15;JAMBI;1507;150703;DATA SEKOLAH;UNIT;2023/2024 GENAP;SWASTA;SLB;0
2817;15;JAMBI;1507;150709;DATA SEKOLAH;UNIT;2023/2024 GENAP;SWASTA;TK;2
2818;15;JAMBI;1507;150709;DATA SEKOLAH;UNIT;2023/2024 GENAP;SWASTA;KB;15
2819;15;JAMBI;1507;150709;DATA SEKOLAH;UNIT;2023/2024 GENAP;SWASTA;TPA;1
2820;15;JAMBI;1507;150709;DATA SEKOLAH;UNIT;2023/2024 GENAP;SWASTA;SPS;0
2821;15;JAMBI;1507;150709;DATA SEKOLAH;UNIT;2023/2024 GENAP;SWASTA;PKBM;0
2822;15;JAMBI;1507;150709;DATA SEKOLAH;UNIT;2023/2024 GENAP;SWASTA;SKB;0
2823;15;JAMBI;1507;150709;DATA SEKOLAH;UNIT;2023/2024 GENAP;SWASTA;SD;0
2824;15;JAMBI;1507;150709;DATA SEKOLAH;UNIT;2023/2024 GENAP;SWASTA;SMP;0
2825;15;JAMBI;1507;150709;DATA SEKOLAH;UNIT;2023/2024 GENAP;SWASTA;SMA;0
2826;15;JAMBI;1507;150709;DATA SEKOLAH;UNIT;2023/2024 GENAP;SWASTA;SMK;0
2827;15;JAMBI;1507;150709;DATA SEKOLAH;UNIT;2023/2024 GENAP;SWASTA;SLB;0
2828;15;JAMBI;1507;150707;DATA SEKOLAH;UNIT;2023/2024 GENAP;SWASTA;TK;7
2829;15;JAMBI;1507;150707;DATA SEKOLAH;UNIT;2023/2024 GENAP;SWASTA;KB;20
2830;15;JAMBI;1507;150707;DATA SEKOLAH;UNIT;2023/2024 GENAP;SWASTA;TPA;1
2831;15;JAMBI;1507;150707;DATA SEKOLAH;UNIT;2023/2024 GENAP;SWASTA;SPS;0
2832;15;JAMBI;1507;150707;DATA SEKOLAH;UNIT;2023/2024 GENAP;SWASTA;PKBM;0
2833;15;JAMBI;1507;150707;DATA SEKOLAH;UNIT;2023/2024 GENAP;SWASTA;SKB;0
2834;15;JAMBI;1507;150707;DATA SEKOLAH;UNIT;2023/2024 GENAP;SWASTA;SD;4
2835;15;JAMBI;1507;150707;DATA SEKOLAH;UNIT;2023/2024 GENAP;SWASTA;SMP;4
2836;15;JAMBI;1507;150707;DATA SEKOLAH;UNIT;2023/2024 GENAP;SWASTA;SMA;1
2837;15;JAMBI;1507;150707;DATA SEKOLAH;UNIT;2023/2024 GENAP;SWASTA;SMK;0
2838;15;JAMBI;1507;150707;DATA SEKOLAH;UNIT;2023/2024 GENAP;SWASTA;SLB;0
2839;15;JAMBI;1507;150701;DATA SEKOLAH;UNIT;2023/2024 GENAP;SWASTA;TK;8
2840;15;JAMBI;1507;150701;DATA SEKOLAH;UNIT;2023/2024 GENAP;SWASTA;KB;28
2841;15;JAMBI;1507;150701;DATA SEKOLAH;UNIT;2023/2024 GENAP;SWASTA;TPA;1
2842;15;JAMBI;1507;150701;DATA SEKOLAH;UNIT;2023/2024 GENAP;SWASTA;SPS;3
2843;15;JAMBI;1507;150701;DATA SEKOLAH;UNIT;2023/2024 GENAP;SWASTA;PKBM;1
2844;15;JAMBI;1507;150701;DATA SEKOLAH;UNIT;2023/2024 GENAP;SWASTA;SKB;0
2845;15;JAMBI;1507;150701;DATA SEKOLAH;UNIT;2023/2024 GENAP;SWASTA;SD;0
2846;15;JAMBI;1507;150701;DATA SEKOLAH;UNIT;2023/2024 GENAP;SWASTA;SMP;0
2847;15;JAMBI;1507;150701;DATA SEKOLAH;UNIT;2023/2024 GENAP;SWASTA;SMA;1
2848;15;JAMBI;1507;150701;DATA SEKOLAH;UNIT;2023/2024 GENAP;SWASTA;SMK;0
2849;15;JAMBI;1507;150701;DATA SEKOLAH;UNIT;2023/2024 GENAP;SWASTA;SLB;0
2850;15;JAMBI;1507;150702;DATA SEKOLAH;UNIT;2023/2024 GENAP;SWASTA;TK;4
2851;15;JAMBI;1507;150702;DATA SEKOLAH;UNIT;2023/2024 GENAP;SWASTA;KB;25
2852;15;JAMBI;1507;150702;DATA SEKOLAH;UNIT;2023/2024 GENAP;SWASTA;TPA;0
2853;15;JAMBI;1507;150702;DATA SEKOLAH;UNIT;2023/2024 GENAP;SWASTA;SPS;1
2854;15;JAMBI;1507;150702;DATA SEKOLAH;UNIT;2023/2024 GENAP;SWASTA;PKBM;2
2855;15;JAMBI;1507;150702;DATA SEKOLAH;UNIT;2023/2024 GENAP;SWASTA;SKB;0
2856;15;JAMBI;1507;150702;DATA SEKOLAH;UNIT;2023/2024 GENAP;SWASTA;SD;1
2857;15;JAMBI;1507;150702;DATA SEKOLAH;UNIT;2023/2024 GENAP;SWASTA;SMP;0
2858;15;JAMBI;1507;150702;DATA SEKOLAH;UNIT;2023/2024 GENAP;SWASTA;SMA;0
2859;15;JAMBI;1507;150702;DATA SEKOLAH;UNIT;2023/2024 GENAP;SWASTA;SMK;0
2860;15;JAMBI;1507;150702;DATA SEKOLAH;UNIT;2023/2024 GENAP;SWASTA;SLB;0
2861;15;JAMBI;1507;150704;DATA SEKOLAH;UNIT;2023/2024 GENAP;SWASTA;TK;9
2862;15;JAMBI;1507;150704;DATA SEKOLAH;UNIT;2023/2024 GENAP;SWASTA;KB;33
2863;15;JAMBI;1507;150704;DATA SEKOLAH;UNIT;2023/2024 GENAP;SWASTA;TPA;0
2864;15;JAMBI;1507;150704;DATA SEKOLAH;UNIT;2023/2024 GENAP;SWASTA;SPS;0
2865;15;JAMBI;1507;150704;DATA SEKOLAH;UNIT;2023/2024 GENAP;SWASTA;PKBM;2
2866;15;JAMBI;1507;150704;DATA SEKOLAH;UNIT;2023/2024 GENAP;SWASTA;SKB;0
2867;15;JAMBI;1507;150704;DATA SEKOLAH;UNIT;2023/2024 GENAP;SWASTA;SD;0
2868;15;JAMBI;1507;150704;DATA SEKOLAH;UNIT;2023/2024 GENAP;SWASTA;SMP;1
2869;15;JAMBI;1507;150704;DATA SEKOLAH;UNIT;2023/2024 GENAP;SWASTA;SMA;1
2870;15;JAMBI;1507;150704;DATA SEKOLAH;UNIT;2023/2024 GENAP;SWASTA;SMK;1
2871;15;JAMBI;1507;150704;DATA SEKOLAH;UNIT;2023/2024 GENAP;SWASTA;SLB;0
2872;15;JAMBI;1507;150705;DATA SEKOLAH;UNIT;2023/2024 GENAP;SWASTA;TK;1
2873;15;JAMBI;1507;150705;DATA SEKOLAH;UNIT;2023/2024 GENAP;SWASTA;KB;17
2874;15;JAMBI;1507;150705;DATA SEKOLAH;UNIT;2023/2024 GENAP;SWASTA;TPA;0
2875;15;JAMBI;1507;150705;DATA SEKOLAH;UNIT;2023/2024 GENAP;SWASTA;SPS;0
2876;15;JAMBI;1507;150705;DATA SEKOLAH;UNIT;2023/2024 GENAP;SWASTA;PKBM;1
2877;15;JAMBI;1507;150705;DATA SEKOLAH;UNIT;2023/2024 GENAP;SWASTA;SKB;0
2878;15;JAMBI;1507;150705;DATA SEKOLAH;UNIT;2023/2024 GENAP;SWASTA;SD;0
2879;15;JAMBI;1507;150705;DATA SEKOLAH;UNIT;2023/2024 GENAP;SWASTA;SMP;0
2880;15;JAMBI;1507;150705;DATA SEKOLAH;UNIT;2023/2024 GENAP;SWASTA;SMA;0
2881;15;JAMBI;1507;150705;DATA SEKOLAH;UNIT;2023/2024 GENAP;SWASTA;SMK;0
2882;15;JAMBI;1507;150705;DATA SEKOLAH;UNIT;2023/2024 GENAP;SWASTA;SLB;0
2883;15;JAMBI;1509;150912;DATA SEKOLAH;UNIT;2023/2024 GENAP;NEGERI;TK;1
2884;15;JAMBI;1509;150912;DATA SEKOLAH;UNIT;2023/2024 GENAP;NEGERI;KB;0
2885;15;JAMBI;1509;150912;DATA SEKOLAH;UNIT;2023/2024 GENAP;NEGERI;TPA;0
2886;15;JAMBI;1509;150912;DATA SEKOLAH;UNIT;2023/2024 GENAP;NEGERI;SPS;0
2887;15;JAMBI;1509;150912;DATA SEKOLAH;UNIT;2023/2024 GENAP;NEGERI;PKBM;0
2888;15;JAMBI;1509;150912;DATA SEKOLAH;UNIT;2023/2024 GENAP;NEGERI;SKB;0
2889;15;JAMBI;1509;150912;DATA SEKOLAH;UNIT;2023/2024 GENAP;NEGERI;SD;11
2890;15;JAMBI;1509;150912;DATA SEKOLAH;UNIT;2023/2024 GENAP;NEGERI;SMP;3
2891;15;JAMBI;1509;150912;DATA SEKOLAH;UNIT;2023/2024 GENAP;NEGERI;SMA;1
2892;15;JAMBI;1509;150912;DATA SEKOLAH;UNIT;2023/2024 GENAP;NEGERI;SMK;0
2893;15;JAMBI;1509;150912;DATA SEKOLAH;UNIT;2023/2024 GENAP;NEGERI;SLB;0
2894;15;JAMBI;1509;150904;DATA SEKOLAH;UNIT;2023/2024 GENAP;NEGERI;TK;1
2895;15;JAMBI;1509;150904;DATA SEKOLAH;UNIT;2023/2024 GENAP;NEGERI;KB;0
2896;15;JAMBI;1509;150904;DATA SEKOLAH;UNIT;2023/2024 GENAP;NEGERI;TPA;0
2897;15;JAMBI;1509;150904;DATA SEKOLAH;UNIT;2023/2024 GENAP;NEGERI;SPS;0
2898;15;JAMBI;1509;150904;DATA SEKOLAH;UNIT;2023/2024 GENAP;NEGERI;PKBM;0
2899;15;JAMBI;1509;150904;DATA SEKOLAH;UNIT;2023/2024 GENAP;NEGERI;SKB;0
2900;15;JAMBI;1509;150904;DATA SEKOLAH;UNIT;2023/2024 GENAP;NEGERI;SD;35
2901;15;JAMBI;1509;150904;DATA SEKOLAH;UNIT;2023/2024 GENAP;NEGERI;SMP;8
2902;15;JAMBI;1509;150904;DATA SEKOLAH;UNIT;2023/2024 GENAP;NEGERI;SMA;3
2903;15;JAMBI;1509;150904;DATA SEKOLAH;UNIT;2023/2024 GENAP;NEGERI;SMK;2
2904;15;JAMBI;1509;150904;DATA SEKOLAH;UNIT;2023/2024 GENAP;NEGERI;SLB;1
2905;15;JAMBI;1509;150908;DATA SEKOLAH;UNIT;2023/2024 GENAP;NEGERI;TK;1
2906;15;JAMBI;1509;150908;DATA SEKOLAH;UNIT;2023/2024 GENAP;NEGERI;KB;0
2907;15;JAMBI;1509;150908;DATA SEKOLAH;UNIT;2023/2024 GENAP;NEGERI;TPA;0
2908;15;JAMBI;1509;150908;DATA SEKOLAH;UNIT;2023/2024 GENAP;NEGERI;SPS;0
2909;15;JAMBI;1509;150908;DATA SEKOLAH;UNIT;2023/2024 GENAP;NEGERI;PKBM;0
2910;15;JAMBI;1509;150908;DATA SEKOLAH;UNIT;2023/2024 GENAP;NEGERI;SKB;0
2911;15;JAMBI;1509;150908;DATA SEKOLAH;UNIT;2023/2024 GENAP;NEGERI;SD;14
2912;15;JAMBI;1509;150908;DATA SEKOLAH;UNIT;2023/2024 GENAP;NEGERI;SMP;4
2913;15;JAMBI;1509;150908;DATA SEKOLAH;UNIT;2023/2024 GENAP;NEGERI;SMA;2
2914;15;JAMBI;1509;150908;DATA SEKOLAH;UNIT;2023/2024 GENAP;NEGERI;SMK;1
2915;15;JAMBI;1509;150908;DATA SEKOLAH;UNIT;2023/2024 GENAP;NEGERI;SLB;0
2916;15;JAMBI;1509;150907;DATA SEKOLAH;UNIT;2023/2024 GENAP;NEGERI;TK;1
2917;15;JAMBI;1509;150907;DATA SEKOLAH;UNIT;2023/2024 GENAP;NEGERI;KB;0
2918;15;JAMBI;1509;150907;DATA SEKOLAH;UNIT;2023/2024 GENAP;NEGERI;TPA;0
2919;15;JAMBI;1509;150907;DATA SEKOLAH;UNIT;2023/2024 GENAP;NEGERI;SPS;0
2920;15;JAMBI;1509;150907;DATA SEKOLAH;UNIT;2023/2024 GENAP;NEGERI;PKBM;0
2921;15;JAMBI;1509;150907;DATA SEKOLAH;UNIT;2023/2024 GENAP;NEGERI;SKB;0
2922;15;JAMBI;1509;150907;DATA SEKOLAH;UNIT;2023/2024 GENAP;NEGERI;SD;23
2923;15;JAMBI;1509;150907;DATA SEKOLAH;UNIT;2023/2024 GENAP;NEGERI;SMP;5
2924;15;JAMBI;1509;150907;DATA SEKOLAH;UNIT;2023/2024 GENAP;NEGERI;SMA;4
2925;15;JAMBI;1509;150907;DATA SEKOLAH;UNIT;2023/2024 GENAP;NEGERI;SMK;1
2926;15;JAMBI;1509;150907;DATA SEKOLAH;UNIT;2023/2024 GENAP;NEGERI;SLB;0
2927;15;JAMBI;1509;150910;DATA SEKOLAH;UNIT;2023/2024 GENAP;NEGERI;TK;1
2928;15;JAMBI;1509;150910;DATA SEKOLAH;UNIT;2023/2024 GENAP;NEGERI;KB;0
2929;15;JAMBI;1509;150910;DATA SEKOLAH;UNIT;2023/2024 GENAP;NEGERI;TPA;0
2930;15;JAMBI;1509;150910;DATA SEKOLAH;UNIT;2023/2024 GENAP;NEGERI;SPS;0
2931;15;JAMBI;1509;150910;DATA SEKOLAH;UNIT;2023/2024 GENAP;NEGERI;PKBM;0
2932;15;JAMBI;1509;150910;DATA SEKOLAH;UNIT;2023/2024 GENAP;NEGERI;SKB;0
2933;15;JAMBI;1509;150910;DATA SEKOLAH;UNIT;2023/2024 GENAP;NEGERI;SD;9
2934;15;JAMBI;1509;150910;DATA SEKOLAH;UNIT;2023/2024 GENAP;NEGERI;SMP;2
2935;15;JAMBI;1509;150910;DATA SEKOLAH;UNIT;2023/2024 GENAP;NEGERI;SMA;1
2936;15;JAMBI;1509;150910;DATA SEKOLAH;UNIT;2023/2024 GENAP;NEGERI;SMK;0
2937;15;JAMBI;1509;150910;DATA SEKOLAH;UNIT;2023/2024 GENAP;NEGERI;SLB;0
2938;15;JAMBI;1509;150905;DATA SEKOLAH;UNIT;2023/2024 GENAP;NEGERI;TK;1
2939;15;JAMBI;1509;150905;DATA SEKOLAH;UNIT;2023/2024 GENAP;NEGERI;KB;0
2940;15;JAMBI;1509;150905;DATA SEKOLAH;UNIT;2023/2024 GENAP;NEGERI;TPA;0
2941;15;JAMBI;1509;150905;DATA SEKOLAH;UNIT;2023/2024 GENAP;NEGERI;SPS;0
2942;15;JAMBI;1509;150905;DATA SEKOLAH;UNIT;2023/2024 GENAP;NEGERI;PKBM;0
2943;15;JAMBI;1509;150905;DATA SEKOLAH;UNIT;2023/2024 GENAP;NEGERI;SKB;0
2944;15;JAMBI;1509;150905;DATA SEKOLAH;UNIT;2023/2024 GENAP;NEGERI;SD;20
2945;15;JAMBI;1509;150905;DATA SEKOLAH;UNIT;2023/2024 GENAP;NEGERI;SMP;6
2946;15;JAMBI;1509;150905;DATA SEKOLAH;UNIT;2023/2024 GENAP;NEGERI;SMA;1
2947;15;JAMBI;1509;150905;DATA SEKOLAH;UNIT;2023/2024 GENAP;NEGERI;SMK;1
2948;15;JAMBI;1509;150905;DATA SEKOLAH;UNIT;2023/2024 GENAP;NEGERI;SLB;0
2949;15;JAMBI;1509;150902;DATA SEKOLAH;UNIT;2023/2024 GENAP;NEGERI;TK;1
2950;15;JAMBI;1509;150902;DATA SEKOLAH;UNIT;2023/2024 GENAP;NEGERI;KB;0
2951;15;JAMBI;1509;150902;DATA SEKOLAH;UNIT;2023/2024 GENAP;NEGERI;TPA;0
2952;15;JAMBI;1509;150902;DATA SEKOLAH;UNIT;2023/2024 GENAP;NEGERI;SPS;0
2953;15;JAMBI;1509;150902;DATA SEKOLAH;UNIT;2023/2024 GENAP;NEGERI;PKBM;0
2954;15;JAMBI;1509;150902;DATA SEKOLAH;UNIT;2023/2024 GENAP;NEGERI;SKB;0
2955;15;JAMBI;1509;150902;DATA SEKOLAH;UNIT;2023/2024 GENAP;NEGERI;SD;23
2956;15;JAMBI;1509;150902;DATA SEKOLAH;UNIT;2023/2024 GENAP;NEGERI;SMP;7
2957;15;JAMBI;1509;150902;DATA SEKOLAH;UNIT;2023/2024 GENAP;NEGERI;SMA;1
2958;15;JAMBI;1509;150902;DATA SEKOLAH;UNIT;2023/2024 GENAP;NEGERI;SMK;1
2959;15;JAMBI;1509;150902;DATA SEKOLAH;UNIT;2023/2024 GENAP;NEGERI;SLB;0
2960;15;JAMBI;1509;150901;DATA SEKOLAH;UNIT;2023/2024 GENAP;NEGERI;TK;1
2961;15;JAMBI;1509;150901;DATA SEKOLAH;UNIT;2023/2024 GENAP;NEGERI;KB;0
2962;15;JAMBI;1509;150901;DATA SEKOLAH;UNIT;2023/2024 GENAP;NEGERI;TPA;0
2963;15;JAMBI;1509;150901;DATA SEKOLAH;UNIT;2023/2024 GENAP;NEGERI;SPS;0
2964;15;JAMBI;1509;150901;DATA SEKOLAH;UNIT;2023/2024 GENAP;NEGERI;PKBM;0
2965;15;JAMBI;1509;150901;DATA SEKOLAH;UNIT;2023/2024 GENAP;NEGERI;SKB;1
2966;15;JAMBI;1509;150901;DATA SEKOLAH;UNIT;2023/2024 GENAP;NEGERI;SD;26
2967;15;JAMBI;1509;150901;DATA SEKOLAH;UNIT;2023/2024 GENAP;NEGERI;SMP;7
2968;15;JAMBI;1509;150901;DATA SEKOLAH;UNIT;2023/2024 GENAP;NEGERI;SMA;2
2969;15;JAMBI;1509;150901;DATA SEKOLAH;UNIT;2023/2024 GENAP;NEGERI;SMK;1
2970;15;JAMBI;1509;150901;DATA SEKOLAH;UNIT;2023/2024 GENAP;NEGERI;SLB;0
2971;15;JAMBI;1509;150903;DATA SEKOLAH;UNIT;2023/2024 GENAP;NEGERI;TK;1
2972;15;JAMBI;1509;150903;DATA SEKOLAH;UNIT;2023/2024 GENAP;NEGERI;KB;0
2973;15;JAMBI;1509;150903;DATA SEKOLAH;UNIT;2023/2024 GENAP;NEGERI;TPA;0
2974;15;JAMBI;1509;150903;DATA SEKOLAH;UNIT;2023/2024 GENAP;NEGERI;SPS;0
2975;15;JAMBI;1509;150903;DATA SEKOLAH;UNIT;2023/2024 GENAP;NEGERI;PKBM;0
2976;15;JAMBI;1509;150903;DATA SEKOLAH;UNIT;2023/2024 GENAP;NEGERI;SKB;0
2977;15;JAMBI;1509;150903;DATA SEKOLAH;UNIT;2023/2024 GENAP;NEGERI;SD;28
2978;15;JAMBI;1509;150903;DATA SEKOLAH;UNIT;2023/2024 GENAP;NEGERI;SMP;7
2979;15;JAMBI;1509;150903;DATA SEKOLAH;UNIT;2023/2024 GENAP;NEGERI;SMA;3
2980;15;JAMBI;1509;150903;DATA SEKOLAH;UNIT;2023/2024 GENAP;NEGERI;SMK;1
2981;15;JAMBI;1509;150903;DATA SEKOLAH;UNIT;2023/2024 GENAP;NEGERI;SLB;0
2982;15;JAMBI;1509;150909;DATA SEKOLAH;UNIT;2023/2024 GENAP;NEGERI;TK;1
2983;15;JAMBI;1509;150909;DATA SEKOLAH;UNIT;2023/2024 GENAP;NEGERI;KB;0
2984;15;JAMBI;1509;150909;DATA SEKOLAH;UNIT;2023/2024 GENAP;NEGERI;TPA;0
2985;15;JAMBI;1509;150909;DATA SEKOLAH;UNIT;2023/2024 GENAP;NEGERI;SPS;0
2986;15;JAMBI;1509;150909;DATA SEKOLAH;UNIT;2023/2024 GENAP;NEGERI;PKBM;0
2987;15;JAMBI;1509;150909;DATA SEKOLAH;UNIT;2023/2024 GENAP;NEGERI;SKB;0
2988;15;JAMBI;1509;150909;DATA SEKOLAH;UNIT;2023/2024 GENAP;NEGERI;SD;19
2989;15;JAMBI;1509;150909;DATA SEKOLAH;UNIT;2023/2024 GENAP;NEGERI;SMP;4
2990;15;JAMBI;1509;150909;DATA SEKOLAH;UNIT;2023/2024 GENAP;NEGERI;SMA;1
2991;15;JAMBI;1509;150909;DATA SEKOLAH;UNIT;2023/2024 GENAP;NEGERI;SMK;1
2992;15;JAMBI;1509;150909;DATA SEKOLAH;UNIT;2023/2024 GENAP;NEGERI;SLB;0
2993;15;JAMBI;1509;150906;DATA SEKOLAH;UNIT;2023/2024 GENAP;NEGERI;TK;1
2994;15;JAMBI;1509;150906;DATA SEKOLAH;UNIT;2023/2024 GENAP;NEGERI;KB;0
2995;15;JAMBI;1509;150906;DATA SEKOLAH;UNIT;2023/2024 GENAP;NEGERI;TPA;0
2996;15;JAMBI;1509;150906;DATA SEKOLAH;UNIT;2023/2024 GENAP;NEGERI;SPS;0
2997;15;JAMBI;1509;150906;DATA SEKOLAH;UNIT;2023/2024 GENAP;NEGERI;PKBM;0
2998;15;JAMBI;1509;150906;DATA SEKOLAH;UNIT;2023/2024 GENAP;NEGERI;SKB;0
2999;15;JAMBI;1509;150906;DATA SEKOLAH;UNIT;2023/2024 GENAP;NEGERI;SD;16
3000;15;JAMBI;1509;150906;DATA SEKOLAH;UNIT;2023/2024 GENAP;NEGERI;SMP;3
3001;15;JAMBI;1509;150906;DATA SEKOLAH;UNIT;2023/2024 GENAP;NEGERI;SMA;1
3002;15;JAMBI;1509;150906;DATA SEKOLAH;UNIT;2023/2024 GENAP;NEGERI;SMK;0
3003;15;JAMBI;1509;150906;DATA SEKOLAH;UNIT;2023/2024 GENAP;NEGERI;SLB;0
3004;15;JAMBI;1509;150911;DATA SEKOLAH;UNIT;2023/2024 GENAP;NEGERI;TK;1
3005;15;JAMBI;1509;150911;DATA SEKOLAH;UNIT;2023/2024 GENAP;NEGERI;KB;0
3006;15;JAMBI;1509;150911;DATA SEKOLAH;UNIT;2023/2024 GENAP;NEGERI;TPA;0
3007;15;JAMBI;1509;150911;DATA SEKOLAH;UNIT;2023/2024 GENAP;NEGERI;SPS;0
3008;15;JAMBI;1509;150911;DATA SEKOLAH;UNIT;2023/2024 GENAP;NEGERI;PKBM;0
3009;15;JAMBI;1509;150911;DATA SEKOLAH;UNIT;2023/2024 GENAP;NEGERI;SKB;0
3010;15;JAMBI;1509;150911;DATA SEKOLAH;UNIT;2023/2024 GENAP;NEGERI;SD;13
3011;15;JAMBI;1509;150911;DATA SEKOLAH;UNIT;2023/2024 GENAP;NEGERI;SMP;6
3012;15;JAMBI;1509;150911;DATA SEKOLAH;UNIT;2023/2024 GENAP;NEGERI;SMA;0
3013;15;JAMBI;1509;150911;DATA SEKOLAH;UNIT;2023/2024 GENAP;NEGERI;SMK;1
3014;15;JAMBI;1509;150911;DATA SEKOLAH;UNIT;2023/2024 GENAP;NEGERI;SLB;0
3015;15;JAMBI;1509;150912;DATA SEKOLAH;UNIT;2023/2024 GENAP;SWASTA;TK;6
3016;15;JAMBI;1509;150912;DATA SEKOLAH;UNIT;2023/2024 GENAP;SWASTA;KB;9
3017;15;JAMBI;1509;150912;DATA SEKOLAH;UNIT;2023/2024 GENAP;SWASTA;TPA;0
3018;15;JAMBI;1509;150912;DATA SEKOLAH;UNIT;2023/2024 GENAP;SWASTA;SPS;0
3019;15;JAMBI;1509;150912;DATA SEKOLAH;UNIT;2023/2024 GENAP;SWASTA;PKBM;2
3020;15;JAMBI;1509;150912;DATA SEKOLAH;UNIT;2023/2024 GENAP;SWASTA;SKB;0
3021;15;JAMBI;1509;150912;DATA SEKOLAH;UNIT;2023/2024 GENAP;SWASTA;SD;0
3022;15;JAMBI;1509;150912;DATA SEKOLAH;UNIT;2023/2024 GENAP;SWASTA;SMP;0
3023;15;JAMBI;1509;150912;DATA SEKOLAH;UNIT;2023/2024 GENAP;SWASTA;SMA;0
3024;15;JAMBI;1509;150912;DATA SEKOLAH;UNIT;2023/2024 GENAP;SWASTA;SMK;1
3025;15;JAMBI;1509;150912;DATA SEKOLAH;UNIT;2023/2024 GENAP;SWASTA;SLB;0
3026;15;JAMBI;1509;150904;DATA SEKOLAH;UNIT;2023/2024 GENAP;SWASTA;TK;20
3027;15;JAMBI;1509;150904;DATA SEKOLAH;UNIT;2023/2024 GENAP;SWASTA;KB;18
3028;15;JAMBI;1509;150904;DATA SEKOLAH;UNIT;2023/2024 GENAP;SWASTA;TPA;1
3029;15;JAMBI;1509;150904;DATA SEKOLAH;UNIT;2023/2024 GENAP;SWASTA;SPS;7
3030;15;JAMBI;1509;150904;DATA SEKOLAH;UNIT;2023/2024 GENAP;SWASTA;PKBM;1
3031;15;JAMBI;1509;150904;DATA SEKOLAH;UNIT;2023/2024 GENAP;SWASTA;SKB;0
3032;15;JAMBI;1509;150904;DATA SEKOLAH;UNIT;2023/2024 GENAP;SWASTA;SD;5
3033;15;JAMBI;1509;150904;DATA SEKOLAH;UNIT;2023/2024 GENAP;SWASTA;SMP;7
3034;15;JAMBI;1509;150904;DATA SEKOLAH;UNIT;2023/2024 GENAP;SWASTA;SMA;4
3035;15;JAMBI;1509;150904;DATA SEKOLAH;UNIT;2023/2024 GENAP;SWASTA;SMK;6
3036;15;JAMBI;1509;150904;DATA SEKOLAH;UNIT;2023/2024 GENAP;SWASTA;SLB;1
3037;15;JAMBI;1509;150908;DATA SEKOLAH;UNIT;2023/2024 GENAP;SWASTA;TK;9
3038;15;JAMBI;1509;150908;DATA SEKOLAH;UNIT;2023/2024 GENAP;SWASTA;KB;6
3039;15;JAMBI;1509;150908;DATA SEKOLAH;UNIT;2023/2024 GENAP;SWASTA;TPA;0
3040;15;JAMBI;1509;150908;DATA SEKOLAH;UNIT;2023/2024 GENAP;SWASTA;SPS;0
3041;15;JAMBI;1509;150908;DATA SEKOLAH;UNIT;2023/2024 GENAP;SWASTA;PKBM;0
3042;15;JAMBI;1509;150908;DATA SEKOLAH;UNIT;2023/2024 GENAP;SWASTA;SKB;0
3043;15;JAMBI;1509;150908;DATA SEKOLAH;UNIT;2023/2024 GENAP;SWASTA;SD;0
3044;15;JAMBI;1509;150908;DATA SEKOLAH;UNIT;2023/2024 GENAP;SWASTA;SMP;1
3045;15;JAMBI;1509;150908;DATA SEKOLAH;UNIT;2023/2024 GENAP;SWASTA;SMA;0
3046;15;JAMBI;1509;150908;DATA SEKOLAH;UNIT;2023/2024 GENAP;SWASTA;SMK;1
3047;15;JAMBI;1509;150908;DATA SEKOLAH;UNIT;2023/2024 GENAP;SWASTA;SLB;0
3048;15;JAMBI;1509;150907;DATA SEKOLAH;UNIT;2023/2024 GENAP;SWASTA;TK;26
3049;15;JAMBI;1509;150907;DATA SEKOLAH;UNIT;2023/2024 GENAP;SWASTA;KB;1
3050;15;JAMBI;1509;150907;DATA SEKOLAH;UNIT;2023/2024 GENAP;SWASTA;TPA;1
3051;15;JAMBI;1509;150907;DATA SEKOLAH;UNIT;2023/2024 GENAP;SWASTA;SPS;0
3052;15;JAMBI;1509;150907;DATA SEKOLAH;UNIT;2023/2024 GENAP;SWASTA;PKBM;1
3053;15;JAMBI;1509;150907;DATA SEKOLAH;UNIT;2023/2024 GENAP;SWASTA;SKB;0
3054;15;JAMBI;1509;150907;DATA SEKOLAH;UNIT;2023/2024 GENAP;SWASTA;SD;3
3055;15;JAMBI;1509;150907;DATA SEKOLAH;UNIT;2023/2024 GENAP;SWASTA;SMP;2
3056;15;JAMBI;1509;150907;DATA SEKOLAH;UNIT;2023/2024 GENAP;SWASTA;SMA;0
3057;15;JAMBI;1509;150907;DATA SEKOLAH;UNIT;2023/2024 GENAP;SWASTA;SMK;1
3058;15;JAMBI;1509;150907;DATA SEKOLAH;UNIT;2023/2024 GENAP;SWASTA;SLB;0
3059;15;JAMBI;1509;150910;DATA SEKOLAH;UNIT;2023/2024 GENAP;SWASTA;TK;6
3060;15;JAMBI;1509;150910;DATA SEKOLAH;UNIT;2023/2024 GENAP;SWASTA;KB;8
3061;15;JAMBI;1509;150910;DATA SEKOLAH;UNIT;2023/2024 GENAP;SWASTA;TPA;0
3062;15;JAMBI;1509;150910;DATA SEKOLAH;UNIT;2023/2024 GENAP;SWASTA;SPS;0
3063;15;JAMBI;1509;150910;DATA SEKOLAH;UNIT;2023/2024 GENAP;SWASTA;PKBM;0
3064;15;JAMBI;1509;150910;DATA SEKOLAH;UNIT;2023/2024 GENAP;SWASTA;SKB;0
3065;15;JAMBI;1509;150910;DATA SEKOLAH;UNIT;2023/2024 GENAP;SWASTA;SD;0
3066;15;JAMBI;1509;150910;DATA SEKOLAH;UNIT;2023/2024 GENAP;SWASTA;SMP;0
3067;15;JAMBI;1509;150910;DATA SEKOLAH;UNIT;2023/2024 GENAP;SWASTA;SMA;0
3068;15;JAMBI;1509;150910;DATA SEKOLAH;UNIT;2023/2024 GENAP;SWASTA;SMK;0
3069;15;JAMBI;1509;150910;DATA SEKOLAH;UNIT;2023/2024 GENAP;SWASTA;SLB;0
3070;15;JAMBI;1509;150905;DATA SEKOLAH;UNIT;2023/2024 GENAP;SWASTA;TK;5
3071;15;JAMBI;1509;150905;DATA SEKOLAH;UNIT;2023/2024 GENAP;SWASTA;KB;13
3072;15;JAMBI;1509;150905;DATA SEKOLAH;UNIT;2023/2024 GENAP;SWASTA;TPA;1
3073;15;JAMBI;1509;150905;DATA SEKOLAH;UNIT;2023/2024 GENAP;SWASTA;SPS;1
3074;15;JAMBI;1509;150905;DATA SEKOLAH;UNIT;2023/2024 GENAP;SWASTA;PKBM;1
3075;15;JAMBI;1509;150905;DATA SEKOLAH;UNIT;2023/2024 GENAP;SWASTA;SKB;0
3076;15;JAMBI;1509;150905;DATA SEKOLAH;UNIT;2023/2024 GENAP;SWASTA;SD;0
3077;15;JAMBI;1509;150905;DATA SEKOLAH;UNIT;2023/2024 GENAP;SWASTA;SMP;0
3078;15;JAMBI;1509;150905;DATA SEKOLAH;UNIT;2023/2024 GENAP;SWASTA;SMA;0
3079;15;JAMBI;1509;150905;DATA SEKOLAH;UNIT;2023/2024 GENAP;SWASTA;SMK;0
3080;15;JAMBI;1509;150905;DATA SEKOLAH;UNIT;2023/2024 GENAP;SWASTA;SLB;0
3081;15;JAMBI;1509;150902;DATA SEKOLAH;UNIT;2023/2024 GENAP;SWASTA;TK;10
3082;15;JAMBI;1509;150902;DATA SEKOLAH;UNIT;2023/2024 GENAP;SWASTA;KB;8
3083;15;JAMBI;1509;150902;DATA SEKOLAH;UNIT;2023/2024 GENAP;SWASTA;TPA;0
3084;15;JAMBI;1509;150902;DATA SEKOLAH;UNIT;2023/2024 GENAP;SWASTA;SPS;2
3085;15;JAMBI;1509;150902;DATA SEKOLAH;UNIT;2023/2024 GENAP;SWASTA;PKBM;0
3086;15;JAMBI;1509;150902;DATA SEKOLAH;UNIT;2023/2024 GENAP;SWASTA;SKB;0
3087;15;JAMBI;1509;150902;DATA SEKOLAH;UNIT;2023/2024 GENAP;SWASTA;SD;0
3088;15;JAMBI;1509;150902;DATA SEKOLAH;UNIT;2023/2024 GENAP;SWASTA;SMP;0
3089;15;JAMBI;1509;150902;DATA SEKOLAH;UNIT;2023/2024 GENAP;SWASTA;SMA;0
3090;15;JAMBI;1509;150902;DATA SEKOLAH;UNIT;2023/2024 GENAP;SWASTA;SMK;2
3091;15;JAMBI;1509;150902;DATA SEKOLAH;UNIT;2023/2024 GENAP;SWASTA;SLB;0
3092;15;JAMBI;1509;150901;DATA SEKOLAH;UNIT;2023/2024 GENAP;SWASTA;TK;15
3093;15;JAMBI;1509;150901;DATA SEKOLAH;UNIT;2023/2024 GENAP;SWASTA;KB;15
3094;15;JAMBI;1509;150901;DATA SEKOLAH;UNIT;2023/2024 GENAP;SWASTA;TPA;4
3095;15;JAMBI;1509;150901;DATA SEKOLAH;UNIT;2023/2024 GENAP;SWASTA;SPS;0
3096;15;JAMBI;1509;150901;DATA SEKOLAH;UNIT;2023/2024 GENAP;SWASTA;PKBM;2
3097;15;JAMBI;1509;150901;DATA SEKOLAH;UNIT;2023/2024 GENAP;SWASTA;SKB;0
3098;15;JAMBI;1509;150901;DATA SEKOLAH;UNIT;2023/2024 GENAP;SWASTA;SD;3
3099;15;JAMBI;1509;150901;DATA SEKOLAH;UNIT;2023/2024 GENAP;SWASTA;SMP;2
3100;15;JAMBI;1509;150901;DATA SEKOLAH;UNIT;2023/2024 GENAP;SWASTA;SMA;0
3101;15;JAMBI;1509;150901;DATA SEKOLAH;UNIT;2023/2024 GENAP;SWASTA;SMK;2
3102;15;JAMBI;1509;150901;DATA SEKOLAH;UNIT;2023/2024 GENAP;SWASTA;SLB;0
3103;15;JAMBI;1509;150903;DATA SEKOLAH;UNIT;2023/2024 GENAP;SWASTA;TK;9
3104;15;JAMBI;1509;150903;DATA SEKOLAH;UNIT;2023/2024 GENAP;SWASTA;KB;14
3105;15;JAMBI;1509;150903;DATA SEKOLAH;UNIT;2023/2024 GENAP;SWASTA;TPA;0
3106;15;JAMBI;1509;150903;DATA SEKOLAH;UNIT;2023/2024 GENAP;SWASTA;SPS;0
3107;15;JAMBI;1509;150903;DATA SEKOLAH;UNIT;2023/2024 GENAP;SWASTA;PKBM;1
3108;15;JAMBI;1509;150903;DATA SEKOLAH;UNIT;2023/2024 GENAP;SWASTA;SKB;0
3109;15;JAMBI;1509;150903;DATA SEKOLAH;UNIT;2023/2024 GENAP;SWASTA;SD;0
3110;15;JAMBI;1509;150903;DATA SEKOLAH;UNIT;2023/2024 GENAP;SWASTA;SMP;0
3111;15;JAMBI;1509;150903;DATA SEKOLAH;UNIT;2023/2024 GENAP;SWASTA;SMA;0
3112;15;JAMBI;1509;150903;DATA SEKOLAH;UNIT;2023/2024 GENAP;SWASTA;SMK;0
3113;15;JAMBI;1509;150903;DATA SEKOLAH;UNIT;2023/2024 GENAP;SWASTA;SLB;0
3114;15;JAMBI;1509;150909;DATA SEKOLAH;UNIT;2023/2024 GENAP;SWASTA;TK;10
3115;15;JAMBI;1509;150909;DATA SEKOLAH;UNIT;2023/2024 GENAP;SWASTA;KB;14
3116;15;JAMBI;1509;150909;DATA SEKOLAH;UNIT;2023/2024 GENAP;SWASTA;TPA;0
3117;15;JAMBI;1509;150909;DATA SEKOLAH;UNIT;2023/2024 GENAP;SWASTA;SPS;1
3118;15;JAMBI;1509;150909;DATA SEKOLAH;UNIT;2023/2024 GENAP;SWASTA;PKBM;1
3119;15;JAMBI;1509;150909;DATA SEKOLAH;UNIT;2023/2024 GENAP;SWASTA;SKB;0
3120;15;JAMBI;1509;150909;DATA SEKOLAH;UNIT;2023/2024 GENAP;SWASTA;SD;1
3121;15;JAMBI;1509;150909;DATA SEKOLAH;UNIT;2023/2024 GENAP;SWASTA;SMP;0
3122;15;JAMBI;1509;150909;DATA SEKOLAH;UNIT;2023/2024 GENAP;SWASTA;SMA;0
3123;15;JAMBI;1509;150909;DATA SEKOLAH;UNIT;2023/2024 GENAP;SWASTA;SMK;0
3124;15;JAMBI;1509;150909;DATA SEKOLAH;UNIT;2023/2024 GENAP;SWASTA;SLB;0
3125;15;JAMBI;1509;150906;DATA SEKOLAH;UNIT;2023/2024 GENAP;SWASTA;TK;4
3126;15;JAMBI;1509;150906;DATA SEKOLAH;UNIT;2023/2024 GENAP;SWASTA;KB;10
3127;15;JAMBI;1509;150906;DATA SEKOLAH;UNIT;2023/2024 GENAP;SWASTA;TPA;0
3128;15;JAMBI;1509;150906;DATA SEKOLAH;UNIT;2023/2024 GENAP;SWASTA;SPS;0
3129;15;JAMBI;1509;150906;DATA SEKOLAH;UNIT;2023/2024 GENAP;SWASTA;PKBM;0
3130;15;JAMBI;1509;150906;DATA SEKOLAH;UNIT;2023/2024 GENAP;SWASTA;SKB;0
3131;15;JAMBI;1509;150906;DATA SEKOLAH;UNIT;2023/2024 GENAP;SWASTA;SD;1
3132;15;JAMBI;1509;150906;DATA SEKOLAH;UNIT;2023/2024 GENAP;SWASTA;SMP;0
3133;15;JAMBI;1509;150906;DATA SEKOLAH;UNIT;2023/2024 GENAP;SWASTA;SMA;0
3134;15;JAMBI;1509;150906;DATA SEKOLAH;UNIT;2023/2024 GENAP;SWASTA;SMK;0
3135;15;JAMBI;1509;150906;DATA SEKOLAH;UNIT;2023/2024 GENAP;SWASTA;SLB;0
3136;15;JAMBI;1509;150911;DATA SEKOLAH;UNIT;2023/2024 GENAP;SWASTA;TK;16
3137;15;JAMBI;1509;150911;DATA SEKOLAH;UNIT;2023/2024 GENAP;SWASTA;KB;6
3138;15;JAMBI;1509;150911;DATA SEKOLAH;UNIT;2023/2024 GENAP;SWASTA;TPA;0
3139;15;JAMBI;1509;150911;DATA SEKOLAH;UNIT;2023/2024 GENAP;SWASTA;SPS;0
3140;15;JAMBI;1509;150911;DATA SEKOLAH;UNIT;2023/2024 GENAP;SWASTA;PKBM;0
3141;15;JAMBI;1509;150911;DATA SEKOLAH;UNIT;2023/2024 GENAP;SWASTA;SKB;0
3142;15;JAMBI;1509;150911;DATA SEKOLAH;UNIT;2023/2024 GENAP;SWASTA;SD;1
3143;15;JAMBI;1509;150911;DATA SEKOLAH;UNIT;2023/2024 GENAP;SWASTA;SMP;0
3144;15;JAMBI;1509;150911;DATA SEKOLAH;UNIT;2023/2024 GENAP;SWASTA;SMA;0
3145;15;JAMBI;1509;150911;DATA SEKOLAH;UNIT;2023/2024 GENAP;SWASTA;SMK;1
3146;15;JAMBI;1509;150911;DATA SEKOLAH;UNIT;2023/2024 GENAP;SWASTA;SLB;0
3147;15;JAMBI;1501;150123;DATA SEKOLAH;UNIT;2023/2024 GENAP;NEGERI;TK;1
3148;15;JAMBI;1501;150123;DATA SEKOLAH;UNIT;2023/2024 GENAP;NEGERI;KB;0
3149;15;JAMBI;1501;150123;DATA SEKOLAH;UNIT;2023/2024 GENAP;NEGERI;TPA;0
3150;15;JAMBI;1501;150123;DATA SEKOLAH;UNIT;2023/2024 GENAP;NEGERI;SPS;0
3151;15;JAMBI;1501;150123;DATA SEKOLAH;UNIT;2023/2024 GENAP;NEGERI;PKBM;0
3152;15;JAMBI;1501;150123;DATA SEKOLAH;UNIT;2023/2024 GENAP;NEGERI;SKB;0
3153;15;JAMBI;1501;150123;DATA SEKOLAH;UNIT;2023/2024 GENAP;NEGERI;SD;0
3154;15;JAMBI;1501;150123;DATA SEKOLAH;UNIT;2023/2024 GENAP;NEGERI;SMP;0
3155;15;JAMBI;1501;150123;DATA SEKOLAH;UNIT;2023/2024 GENAP;NEGERI;SMA;0
3156;15;JAMBI;1501;150123;DATA SEKOLAH;UNIT;2023/2024 GENAP;NEGERI;SMK;0
3157;15;JAMBI;1501;150123;DATA SEKOLAH;UNIT;2023/2024 GENAP;NEGERI;SLB;0
3158;15;JAMBI;1501;150123;DATA SEKOLAH;UNIT;2023/2024 GENAP;SWASTA;TK;0
3159;15;JAMBI;1501;150123;DATA SEKOLAH;UNIT;2023/2024 GENAP;SWASTA;KB;0
3160;15;JAMBI;1501;150123;DATA SEKOLAH;UNIT;2023/2024 GENAP;SWASTA;TPA;0
3161;15;JAMBI;1501;150123;DATA SEKOLAH;UNIT;2023/2024 GENAP;SWASTA;SPS;0
3162;15;JAMBI;1501;150123;DATA SEKOLAH;UNIT;2023/2024 GENAP;SWASTA;PKBM;0
3163;15;JAMBI;1501;150123;DATA SEKOLAH;UNIT;2023/2024 GENAP;SWASTA;SKB;0
3164;15;JAMBI;1501;150123;DATA SEKOLAH;UNIT;2023/2024 GENAP;SWASTA;SD;0
3165;15;JAMBI;1501;150123;DATA SEKOLAH;UNIT;2023/2024 GENAP;SWASTA;SMP;0
3166;15;JAMBI;1501;150123;DATA SEKOLAH;UNIT;2023/2024 GENAP;SWASTA;SMA;0
3167;15;JAMBI;1501;150123;DATA SEKOLAH;UNIT;2023/2024 GENAP;SWASTA;SMK;0
3168;15;JAMBI;1501;150123;DATA SEKOLAH;UNIT;2023/2024 GENAP;SWASTA;SLB;0
3169;15;JAMBI;1504;150407;DATA SEKOLAH;UNIT;2023/2024 GANJIL;NEGERI;TK;1
3170;15;JAMBI;1504;150407;DATA SEKOLAH;UNIT;2023/2024 GANJIL;NEGERI;KB;0
3171;15;JAMBI;1504;150407;DATA SEKOLAH;UNIT;2023/2024 GANJIL;NEGERI;TPA;0
3172;15;JAMBI;1504;150407;DATA SEKOLAH;UNIT;2023/2024 GANJIL;NEGERI;SPS;0
3173;15;JAMBI;1504;150407;DATA SEKOLAH;UNIT;2023/2024 GANJIL;NEGERI;PKBM;0
3174;15;JAMBI;1504;150407;DATA SEKOLAH;UNIT;2023/2024 GANJIL;NEGERI;SKB;0
3175;15;JAMBI;1504;150407;DATA SEKOLAH;UNIT;2023/2024 GANJIL;NEGERI;SD;28
3176;15;JAMBI;1504;150407;DATA SEKOLAH;UNIT;2023/2024 GANJIL;NEGERI;SMP;7
3177;15;JAMBI;1504;150407;DATA SEKOLAH;UNIT;2023/2024 GANJIL;NEGERI;SMA;1
3178;15;JAMBI;1504;150407;DATA SEKOLAH;UNIT;2023/2024 GANJIL;NEGERI;SMK;1
3179;15;JAMBI;1504;150407;DATA SEKOLAH;UNIT;2023/2024 GANJIL;NEGERI;SLB;0
3180;15;JAMBI;1504;150404;DATA SEKOLAH;UNIT;2023/2024 GANJIL;NEGERI;TK;3
3181;15;JAMBI;1504;150404;DATA SEKOLAH;UNIT;2023/2024 GANJIL;NEGERI;KB;0
3182;15;JAMBI;1504;150404;DATA SEKOLAH;UNIT;2023/2024 GANJIL;NEGERI;TPA;0
3183;15;JAMBI;1504;150404;DATA SEKOLAH;UNIT;2023/2024 GANJIL;NEGERI;SPS;0
3184;15;JAMBI;1504;150404;DATA SEKOLAH;UNIT;2023/2024 GANJIL;NEGERI;PKBM;0
3185;15;JAMBI;1504;150404;DATA SEKOLAH;UNIT;2023/2024 GANJIL;NEGERI;SKB;0
3186;15;JAMBI;1504;150404;DATA SEKOLAH;UNIT;2023/2024 GANJIL;NEGERI;SD;31
3187;15;JAMBI;1504;150404;DATA SEKOLAH;UNIT;2023/2024 GANJIL;NEGERI;SMP;8
3188;15;JAMBI;1504;150404;DATA SEKOLAH;UNIT;2023/2024 GANJIL;NEGERI;SMA;2
3189;15;JAMBI;1504;150404;DATA SEKOLAH;UNIT;2023/2024 GANJIL;NEGERI;SMK;1
3190;15;JAMBI;1504;150404;DATA SEKOLAH;UNIT;2023/2024 GANJIL;NEGERI;SLB;0
3191;15;JAMBI;1504;150408;DATA SEKOLAH;UNIT;2023/2024 GANJIL;NEGERI;TK;1
3192;15;JAMBI;1504;150408;DATA SEKOLAH;UNIT;2023/2024 GANJIL;NEGERI;KB;0
3193;15;JAMBI;1504;150408;DATA SEKOLAH;UNIT;2023/2024 GANJIL;NEGERI;TPA;0
3194;15;JAMBI;1504;150408;DATA SEKOLAH;UNIT;2023/2024 GANJIL;NEGERI;SPS;0
3195;15;JAMBI;1504;150408;DATA SEKOLAH;UNIT;2023/2024 GANJIL;NEGERI;PKBM;0
3196;15;JAMBI;1504;150408;DATA SEKOLAH;UNIT;2023/2024 GANJIL;NEGERI;SKB;0
3197;15;JAMBI;1504;150408;DATA SEKOLAH;UNIT;2023/2024 GANJIL;NEGERI;SD;10
3198;15;JAMBI;1504;150408;DATA SEKOLAH;UNIT;2023/2024 GANJIL;NEGERI;SMP;5
3199;15;JAMBI;1504;150408;DATA SEKOLAH;UNIT;2023/2024 GANJIL;NEGERI;SMA;1
3200;15;JAMBI;1504;150408;DATA SEKOLAH;UNIT;2023/2024 GANJIL;NEGERI;SMK;1
3201;15;JAMBI;1504;150408;DATA SEKOLAH;UNIT;2023/2024 GANJIL;NEGERI;SLB;0
3202;15;JAMBI;1504;150406;DATA SEKOLAH;UNIT;2023/2024 GANJIL;NEGERI;TK;1
3203;15;JAMBI;1504;150406;DATA SEKOLAH;UNIT;2023/2024 GANJIL;NEGERI;KB;0
3204;15;JAMBI;1504;150406;DATA SEKOLAH;UNIT;2023/2024 GANJIL;NEGERI;TPA;0
3205;15;JAMBI;1504;150406;DATA SEKOLAH;UNIT;2023/2024 GANJIL;NEGERI;SPS;0
3206;15;JAMBI;1504;150406;DATA SEKOLAH;UNIT;2023/2024 GANJIL;NEGERI;PKBM;0
3207;15;JAMBI;1504;150406;DATA SEKOLAH;UNIT;2023/2024 GANJIL;NEGERI;SKB;0
3208;15;JAMBI;1504;150406;DATA SEKOLAH;UNIT;2023/2024 GANJIL;NEGERI;SD;24
3209;15;JAMBI;1504;150406;DATA SEKOLAH;UNIT;2023/2024 GANJIL;NEGERI;SMP;6
3210;15;JAMBI;1504;150406;DATA SEKOLAH;UNIT;2023/2024 GANJIL;NEGERI;SMA;1
3211;15;JAMBI;1504;150406;DATA SEKOLAH;UNIT;2023/2024 GANJIL;NEGERI;SMK;1
3212;15;JAMBI;1504;150406;DATA SEKOLAH;UNIT;2023/2024 GANJIL;NEGERI;SLB;0
3213;15;JAMBI;1504;150401;DATA SEKOLAH;UNIT;2023/2024 GANJIL;NEGERI;TK;1
3214;15;JAMBI;1504;150401;DATA SEKOLAH;UNIT;2023/2024 GANJIL;NEGERI;KB;0
3215;15;JAMBI;1504;150401;DATA SEKOLAH;UNIT;2023/2024 GANJIL;NEGERI;TPA;0
3216;15;JAMBI;1504;150401;DATA SEKOLAH;UNIT;2023/2024 GANJIL;NEGERI;SPS;0
3217;15;JAMBI;1504;150401;DATA SEKOLAH;UNIT;2023/2024 GANJIL;NEGERI;PKBM;0
3218;15;JAMBI;1504;150401;DATA SEKOLAH;UNIT;2023/2024 GANJIL;NEGERI;SKB;0
3219;15;JAMBI;1504;150401;DATA SEKOLAH;UNIT;2023/2024 GANJIL;NEGERI;SD;23
3220;15;JAMBI;1504;150401;DATA SEKOLAH;UNIT;2023/2024 GANJIL;NEGERI;SMP;3
3221;15;JAMBI;1504;150401;DATA SEKOLAH;UNIT;2023/2024 GANJIL;NEGERI;SMA;1
3222;15;JAMBI;1504;150401;DATA SEKOLAH;UNIT;2023/2024 GANJIL;NEGERI;SMK;1
3223;15;JAMBI;1504;150401;DATA SEKOLAH;UNIT;2023/2024 GANJIL;NEGERI;SLB;0
3224;15;JAMBI;1504;150403;DATA SEKOLAH;UNIT;2023/2024 GANJIL;NEGERI;TK;3
3225;15;JAMBI;1504;150403;DATA SEKOLAH;UNIT;2023/2024 GANJIL;NEGERI;KB;0
3226;15;JAMBI;1504;150403;DATA SEKOLAH;UNIT;2023/2024 GANJIL;NEGERI;TPA;0
3227;15;JAMBI;1504;150403;DATA SEKOLAH;UNIT;2023/2024 GANJIL;NEGERI;SPS;0
3228;15;JAMBI;1504;150403;DATA SEKOLAH;UNIT;2023/2024 GANJIL;NEGERI;PKBM;0
3229;15;JAMBI;1504;150403;DATA SEKOLAH;UNIT;2023/2024 GANJIL;NEGERI;SKB;1
3230;15;JAMBI;1504;150403;DATA SEKOLAH;UNIT;2023/2024 GANJIL;NEGERI;SD;36
3231;15;JAMBI;1504;150403;DATA SEKOLAH;UNIT;2023/2024 GANJIL;NEGERI;SMP;7
3232;15;JAMBI;1504;150403;DATA SEKOLAH;UNIT;2023/2024 GANJIL;NEGERI;SMA;3
3233;15;JAMBI;1504;150403;DATA SEKOLAH;UNIT;2023/2024 GANJIL;NEGERI;SMK;3
3234;15;JAMBI;1504;150403;DATA SEKOLAH;UNIT;2023/2024 GANJIL;NEGERI;SLB;1
3235;15;JAMBI;1504;150402;DATA SEKOLAH;UNIT;2023/2024 GANJIL;NEGERI;TK;3
3236;15;JAMBI;1504;150402;DATA SEKOLAH;UNIT;2023/2024 GANJIL;NEGERI;KB;0
3237;15;JAMBI;1504;150402;DATA SEKOLAH;UNIT;2023/2024 GANJIL;NEGERI;TPA;0
3238;15;JAMBI;1504;150402;DATA SEKOLAH;UNIT;2023/2024 GANJIL;NEGERI;SPS;0
3239;15;JAMBI;1504;150402;DATA SEKOLAH;UNIT;2023/2024 GANJIL;NEGERI;PKBM;0
3240;15;JAMBI;1504;150402;DATA SEKOLAH;UNIT;2023/2024 GANJIL;NEGERI;SKB;0
3241;15;JAMBI;1504;150402;DATA SEKOLAH;UNIT;2023/2024 GANJIL;NEGERI;SD;25
3242;15;JAMBI;1504;150402;DATA SEKOLAH;UNIT;2023/2024 GANJIL;NEGERI;SMP;4
3243;15;JAMBI;1504;150402;DATA SEKOLAH;UNIT;2023/2024 GANJIL;NEGERI;SMA;1
3244;15;JAMBI;1504;150402;DATA SEKOLAH;UNIT;2023/2024 GANJIL;NEGERI;SMK;0
3245;15;JAMBI;1504;150402;DATA SEKOLAH;UNIT;2023/2024 GANJIL;NEGERI;SLB;0
3246;15;JAMBI;1504;150405;DATA SEKOLAH;UNIT;2023/2024 GANJIL;NEGERI;TK;1
3247;15;JAMBI;1504;150405;DATA SEKOLAH;UNIT;2023/2024 GANJIL;NEGERI;KB;0
3248;15;JAMBI;1504;150405;DATA SEKOLAH;UNIT;2023/2024 GANJIL;NEGERI;TPA;0
3249;15;JAMBI;1504;150405;DATA SEKOLAH;UNIT;2023/2024 GANJIL;NEGERI;SPS;0
3250;15;JAMBI;1504;150405;DATA SEKOLAH;UNIT;2023/2024 GANJIL;NEGERI;PKBM;0
3251;15;JAMBI;1504;150405;DATA SEKOLAH;UNIT;2023/2024 GANJIL;NEGERI;SKB;0
3252;15;JAMBI;1504;150405;DATA SEKOLAH;UNIT;2023/2024 GANJIL;NEGERI;SD;27
3253;15;JAMBI;1504;150405;DATA SEKOLAH;UNIT;2023/2024 GANJIL;NEGERI;SMP;6
3254;15;JAMBI;1504;150405;DATA SEKOLAH;UNIT;2023/2024 GANJIL;NEGERI;SMA;1
3255;15;JAMBI;1504;150405;DATA SEKOLAH;UNIT;2023/2024 GANJIL;NEGERI;SMK;1
3256;15;JAMBI;1504;150405;DATA SEKOLAH;UNIT;2023/2024 GANJIL;NEGERI;SLB;0
3257;15;JAMBI;1504;150407;DATA SEKOLAH;UNIT;2023/2024 GANJIL;SWASTA;TK;17
3258;15;JAMBI;1504;150407;DATA SEKOLAH;UNIT;2023/2024 GANJIL;SWASTA;KB;28
3259;15;JAMBI;1504;150407;DATA SEKOLAH;UNIT;2023/2024 GANJIL;SWASTA;TPA;0
3260;15;JAMBI;1504;150407;DATA SEKOLAH;UNIT;2023/2024 GANJIL;SWASTA;SPS;1
3261;15;JAMBI;1504;150407;DATA SEKOLAH;UNIT;2023/2024 GANJIL;SWASTA;PKBM;1
3262;15;JAMBI;1504;150407;DATA SEKOLAH;UNIT;2023/2024 GANJIL;SWASTA;SKB;0
3263;15;JAMBI;1504;150407;DATA SEKOLAH;UNIT;2023/2024 GANJIL;SWASTA;SD;3
3264;15;JAMBI;1504;150407;DATA SEKOLAH;UNIT;2023/2024 GANJIL;SWASTA;SMP;1
3265;15;JAMBI;1504;150407;DATA SEKOLAH;UNIT;2023/2024 GANJIL;SWASTA;SMA;0
3266;15;JAMBI;1504;150407;DATA SEKOLAH;UNIT;2023/2024 GANJIL;SWASTA;SMK;0
3267;15;JAMBI;1504;150407;DATA SEKOLAH;UNIT;2023/2024 GANJIL;SWASTA;SLB;0
3268;15;JAMBI;1504;150404;DATA SEKOLAH;UNIT;2023/2024 GANJIL;SWASTA;TK;14
3269;15;JAMBI;1504;150404;DATA SEKOLAH;UNIT;2023/2024 GANJIL;SWASTA;KB;21
3270;15;JAMBI;1504;150404;DATA SEKOLAH;UNIT;2023/2024 GANJIL;SWASTA;TPA;0
3271;15;JAMBI;1504;150404;DATA SEKOLAH;UNIT;2023/2024 GANJIL;SWASTA;SPS;0
3272;15;JAMBI;1504;150404;DATA SEKOLAH;UNIT;2023/2024 GANJIL;SWASTA;PKBM;2
3273;15;JAMBI;1504;150404;DATA SEKOLAH;UNIT;2023/2024 GANJIL;SWASTA;SKB;0
3274;15;JAMBI;1504;150404;DATA SEKOLAH;UNIT;2023/2024 GANJIL;SWASTA;SD;0
3275;15;JAMBI;1504;150404;DATA SEKOLAH;UNIT;2023/2024 GANJIL;SWASTA;SMP;0
3276;15;JAMBI;1504;150404;DATA SEKOLAH;UNIT;2023/2024 GANJIL;SWASTA;SMA;0
3277;15;JAMBI;1504;150404;DATA SEKOLAH;UNIT;2023/2024 GANJIL;SWASTA;SMK;0
3278;15;JAMBI;1504;150404;DATA SEKOLAH;UNIT;2023/2024 GANJIL;SWASTA;SLB;0
3279;15;JAMBI;1504;150408;DATA SEKOLAH;UNIT;2023/2024 GANJIL;SWASTA;TK;9
3280;15;JAMBI;1504;150408;DATA SEKOLAH;UNIT;2023/2024 GANJIL;SWASTA;KB;9
3281;15;JAMBI;1504;150408;DATA SEKOLAH;UNIT;2023/2024 GANJIL;SWASTA;TPA;1
3282;15;JAMBI;1504;150408;DATA SEKOLAH;UNIT;2023/2024 GANJIL;SWASTA;SPS;0
3283;15;JAMBI;1504;150408;DATA SEKOLAH;UNIT;2023/2024 GANJIL;SWASTA;PKBM;0
3284;15;JAMBI;1504;150408;DATA SEKOLAH;UNIT;2023/2024 GANJIL;SWASTA;SKB;0
3285;15;JAMBI;1504;150408;DATA SEKOLAH;UNIT;2023/2024 GANJIL;SWASTA;SD;1
3286;15;JAMBI;1504;150408;DATA SEKOLAH;UNIT;2023/2024 GANJIL;SWASTA;SMP;0
3287;15;JAMBI;1504;150408;DATA SEKOLAH;UNIT;2023/2024 GANJIL;SWASTA;SMA;0
3288;15;JAMBI;1504;150408;DATA SEKOLAH;UNIT;2023/2024 GANJIL;SWASTA;SMK;0
3289;15;JAMBI;1504;150408;DATA SEKOLAH;UNIT;2023/2024 GANJIL;SWASTA;SLB;0
3290;15;JAMBI;1504;150406;DATA SEKOLAH;UNIT;2023/2024 GANJIL;SWASTA;TK;22
3291;15;JAMBI;1504;150406;DATA SEKOLAH;UNIT;2023/2024 GANJIL;SWASTA;KB;21
3292;15;JAMBI;1504;150406;DATA SEKOLAH;UNIT;2023/2024 GANJIL;SWASTA;TPA;0
3293;15;JAMBI;1504;150406;DATA SEKOLAH;UNIT;2023/2024 GANJIL;SWASTA;SPS;1
3294;15;JAMBI;1504;150406;DATA SEKOLAH;UNIT;2023/2024 GANJIL;SWASTA;PKBM;2
3295;15;JAMBI;1504;150406;DATA SEKOLAH;UNIT;2023/2024 GANJIL;SWASTA;SKB;0
3296;15;JAMBI;1504;150406;DATA SEKOLAH;UNIT;2023/2024 GANJIL;SWASTA;SD;1
3297;15;JAMBI;1504;150406;DATA SEKOLAH;UNIT;2023/2024 GANJIL;SWASTA;SMP;0
3298;15;JAMBI;1504;150406;DATA SEKOLAH;UNIT;2023/2024 GANJIL;SWASTA;SMA;0
3299;15;JAMBI;1504;150406;DATA SEKOLAH;UNIT;2023/2024 GANJIL;SWASTA;SMK;0
3300;15;JAMBI;1504;150406;DATA SEKOLAH;UNIT;2023/2024 GANJIL;SWASTA;SLB;0
3301;15;JAMBI;1504;150401;DATA SEKOLAH;UNIT;2023/2024 GANJIL;SWASTA;TK;17
3302;15;JAMBI;1504;150401;DATA SEKOLAH;UNIT;2023/2024 GANJIL;SWASTA;KB;24
3303;15;JAMBI;1504;150401;DATA SEKOLAH;UNIT;2023/2024 GANJIL;SWASTA;TPA;0
3304;15;JAMBI;1504;150401;DATA SEKOLAH;UNIT;2023/2024 GANJIL;SWASTA;SPS;0
3305;15;JAMBI;1504;150401;DATA SEKOLAH;UNIT;2023/2024 GANJIL;SWASTA;PKBM;2
3306;15;JAMBI;1504;150401;DATA SEKOLAH;UNIT;2023/2024 GANJIL;SWASTA;SKB;0
3307;15;JAMBI;1504;150401;DATA SEKOLAH;UNIT;2023/2024 GANJIL;SWASTA;SD;0
3308;15;JAMBI;1504;150401;DATA SEKOLAH;UNIT;2023/2024 GANJIL;SWASTA;SMP;3
3309;15;JAMBI;1504;150401;DATA SEKOLAH;UNIT;2023/2024 GANJIL;SWASTA;SMA;0
3310;15;JAMBI;1504;150401;DATA SEKOLAH;UNIT;2023/2024 GANJIL;SWASTA;SMK;0
3311;15;JAMBI;1504;150401;DATA SEKOLAH;UNIT;2023/2024 GANJIL;SWASTA;SLB;0
3312;15;JAMBI;1504;150403;DATA SEKOLAH;UNIT;2023/2024 GANJIL;SWASTA;TK;32
3313;15;JAMBI;1504;150403;DATA SEKOLAH;UNIT;2023/2024 GANJIL;SWASTA;KB;34
3314;15;JAMBI;1504;150403;DATA SEKOLAH;UNIT;2023/2024 GANJIL;SWASTA;TPA;1
3315;15;JAMBI;1504;150403;DATA SEKOLAH;UNIT;2023/2024 GANJIL;SWASTA;SPS;4
3316;15;JAMBI;1504;150403;DATA SEKOLAH;UNIT;2023/2024 GANJIL;SWASTA;PKBM;9
3317;15;JAMBI;1504;150403;DATA SEKOLAH;UNIT;2023/2024 GANJIL;SWASTA;SKB;0
3318;15;JAMBI;1504;150403;DATA SEKOLAH;UNIT;2023/2024 GANJIL;SWASTA;SD;4
3319;15;JAMBI;1504;150403;DATA SEKOLAH;UNIT;2023/2024 GANJIL;SWASTA;SMP;6
3320;15;JAMBI;1504;150403;DATA SEKOLAH;UNIT;2023/2024 GANJIL;SWASTA;SMA;5
3321;15;JAMBI;1504;150403;DATA SEKOLAH;UNIT;2023/2024 GANJIL;SWASTA;SMK;2
3322;15;JAMBI;1504;150403;DATA SEKOLAH;UNIT;2023/2024 GANJIL;SWASTA;SLB;0
3323;15;JAMBI;1504;150402;DATA SEKOLAH;UNIT;2023/2024 GANJIL;SWASTA;TK;17
3324;15;JAMBI;1504;150402;DATA SEKOLAH;UNIT;2023/2024 GANJIL;SWASTA;KB;25
3325;15;JAMBI;1504;150402;DATA SEKOLAH;UNIT;2023/2024 GANJIL;SWASTA;TPA;1
3326;15;JAMBI;1504;150402;DATA SEKOLAH;UNIT;2023/2024 GANJIL;SWASTA;SPS;5
3327;15;JAMBI;1504;150402;DATA SEKOLAH;UNIT;2023/2024 GANJIL;SWASTA;PKBM;3
3328;15;JAMBI;1504;150402;DATA SEKOLAH;UNIT;2023/2024 GANJIL;SWASTA;SKB;0
3329;15;JAMBI;1504;150402;DATA SEKOLAH;UNIT;2023/2024 GANJIL;SWASTA;SD;2
3330;15;JAMBI;1504;150402;DATA SEKOLAH;UNIT;2023/2024 GANJIL;SWASTA;SMP;2
3331;15;JAMBI;1504;150402;DATA SEKOLAH;UNIT;2023/2024 GANJIL;SWASTA;SMA;1
3332;15;JAMBI;1504;150402;DATA SEKOLAH;UNIT;2023/2024 GANJIL;SWASTA;SMK;0
3333;15;JAMBI;1504;150402;DATA SEKOLAH;UNIT;2023/2024 GANJIL;SWASTA;SLB;0
3334;15;JAMBI;1504;150405;DATA SEKOLAH;UNIT;2023/2024 GANJIL;SWASTA;TK;24
3335;15;JAMBI;1504;150405;DATA SEKOLAH;UNIT;2023/2024 GANJIL;SWASTA;KB;21
3336;15;JAMBI;1504;150405;DATA SEKOLAH;UNIT;2023/2024 GANJIL;SWASTA;TPA;0
3337;15;JAMBI;1504;150405;DATA SEKOLAH;UNIT;2023/2024 GANJIL;SWASTA;SPS;0
3338;15;JAMBI;1504;150405;DATA SEKOLAH;UNIT;2023/2024 GANJIL;SWASTA;PKBM;3
3339;15;JAMBI;1504;150405;DATA SEKOLAH;UNIT;2023/2024 GANJIL;SWASTA;SKB;0
3340;15;JAMBI;1504;150405;DATA SEKOLAH;UNIT;2023/2024 GANJIL;SWASTA;SD;1
3341;15;JAMBI;1504;150405;DATA SEKOLAH;UNIT;2023/2024 GANJIL;SWASTA;SMP;3
3342;15;JAMBI;1504;150405;DATA SEKOLAH;UNIT;2023/2024 GANJIL;SWASTA;SMA;1
3343;15;JAMBI;1504;150405;DATA SEKOLAH;UNIT;2023/2024 GANJIL;SWASTA;SMK;0
3344;15;JAMBI;1504;150405;DATA SEKOLAH;UNIT;2023/2024 GANJIL;SWASTA;SLB;0
3345;15;JAMBI;1508;150815;DATA SEKOLAH;UNIT;2023/2024 GANJIL;NEGERI;TK;0
3346;15;JAMBI;1508;150815;DATA SEKOLAH;UNIT;2023/2024 GANJIL;NEGERI;KB;0
3347;15;JAMBI;1508;150815;DATA SEKOLAH;UNIT;2023/2024 GANJIL;NEGERI;TPA;0
3348;15;JAMBI;1508;150815;DATA SEKOLAH;UNIT;2023/2024 GANJIL;NEGERI;SPS;0
3349;15;JAMBI;1508;150815;DATA SEKOLAH;UNIT;2023/2024 GANJIL;NEGERI;PKBM;0
3350;15;JAMBI;1508;150815;DATA SEKOLAH;UNIT;2023/2024 GANJIL;NEGERI;SKB;0
3351;15;JAMBI;1508;150815;DATA SEKOLAH;UNIT;2023/2024 GANJIL;NEGERI;SD;8
3352;15;JAMBI;1508;150815;DATA SEKOLAH;UNIT;2023/2024 GANJIL;NEGERI;SMP;2
3353;15;JAMBI;1508;150815;DATA SEKOLAH;UNIT;2023/2024 GANJIL;NEGERI;SMA;1
3354;15;JAMBI;1508;150815;DATA SEKOLAH;UNIT;2023/2024 GANJIL;NEGERI;SMK;0
3355;15;JAMBI;1508;150815;DATA SEKOLAH;UNIT;2023/2024 GANJIL;NEGERI;SLB;0
3356;15;JAMBI;1508;150811;DATA SEKOLAH;UNIT;2023/2024 GANJIL;NEGERI;TK;0
3357;15;JAMBI;1508;150811;DATA SEKOLAH;UNIT;2023/2024 GANJIL;NEGERI;KB;0
3358;15;JAMBI;1508;150811;DATA SEKOLAH;UNIT;2023/2024 GANJIL;NEGERI;TPA;0
3359;15;JAMBI;1508;150811;DATA SEKOLAH;UNIT;2023/2024 GANJIL;NEGERI;SPS;0
3360;15;JAMBI;1508;150811;DATA SEKOLAH;UNIT;2023/2024 GANJIL;NEGERI;PKBM;0
3361;15;JAMBI;1508;150811;DATA SEKOLAH;UNIT;2023/2024 GANJIL;NEGERI;SKB;1
3362;15;JAMBI;1508;150811;DATA SEKOLAH;UNIT;2023/2024 GANJIL;NEGERI;SD;9
3363;15;JAMBI;1508;150811;DATA SEKOLAH;UNIT;2023/2024 GANJIL;NEGERI;SMP;2
3364;15;JAMBI;1508;150811;DATA SEKOLAH;UNIT;2023/2024 GANJIL;NEGERI;SMA;1
3365;15;JAMBI;1508;150811;DATA SEKOLAH;UNIT;2023/2024 GANJIL;NEGERI;SMK;1
3366;15;JAMBI;1508;150811;DATA SEKOLAH;UNIT;2023/2024 GANJIL;NEGERI;SLB;0
3367;15;JAMBI;1508;150814;DATA SEKOLAH;UNIT;2023/2024 GANJIL;NEGERI;TK;0
3368;15;JAMBI;1508;150814;DATA SEKOLAH;UNIT;2023/2024 GANJIL;NEGERI;KB;0
3369;15;JAMBI;1508;150814;DATA SEKOLAH;UNIT;2023/2024 GANJIL;NEGERI;TPA;0
3370;15;JAMBI;1508;150814;DATA SEKOLAH;UNIT;2023/2024 GANJIL;NEGERI;SPS;0
3371;15;JAMBI;1508;150814;DATA SEKOLAH;UNIT;2023/2024 GANJIL;NEGERI;PKBM;0
3372;15;JAMBI;1508;150814;DATA SEKOLAH;UNIT;2023/2024 GANJIL;NEGERI;SKB;0
3373;15;JAMBI;1508;150814;DATA SEKOLAH;UNIT;2023/2024 GANJIL;NEGERI;SD;17
3374;15;JAMBI;1508;150814;DATA SEKOLAH;UNIT;2023/2024 GANJIL;NEGERI;SMP;2
3375;15;JAMBI;1508;150814;DATA SEKOLAH;UNIT;2023/2024 GANJIL;NEGERI;SMA;0
3376;15;JAMBI;1508;150814;DATA SEKOLAH;UNIT;2023/2024 GANJIL;NEGERI;SMK;1
3377;15;JAMBI;1508;150814;DATA SEKOLAH;UNIT;2023/2024 GANJIL;NEGERI;SLB;0
3378;15;JAMBI;1508;150810;DATA SEKOLAH;UNIT;2023/2024 GANJIL;NEGERI;TK;0
3379;15;JAMBI;1508;150810;DATA SEKOLAH;UNIT;2023/2024 GANJIL;NEGERI;KB;1
3380;15;JAMBI;1508;150810;DATA SEKOLAH;UNIT;2023/2024 GANJIL;NEGERI;TPA;0
3381;15;JAMBI;1508;150810;DATA SEKOLAH;UNIT;2023/2024 GANJIL;NEGERI;SPS;0
3382;15;JAMBI;1508;150810;DATA SEKOLAH;UNIT;2023/2024 GANJIL;NEGERI;PKBM;0
3383;15;JAMBI;1508;150810;DATA SEKOLAH;UNIT;2023/2024 GANJIL;NEGERI;SKB;0
3384;15;JAMBI;1508;150810;DATA SEKOLAH;UNIT;2023/2024 GANJIL;NEGERI;SD;7
3385;15;JAMBI;1508;150810;DATA SEKOLAH;UNIT;2023/2024 GANJIL;NEGERI;SMP;2
3386;15;JAMBI;1508;150810;DATA SEKOLAH;UNIT;2023/2024 GANJIL;NEGERI;SMA;0
3387;15;JAMBI;1508;150810;DATA SEKOLAH;UNIT;2023/2024 GANJIL;NEGERI;SMK;1
3388;15;JAMBI;1508;150810;DATA SEKOLAH;UNIT;2023/2024 GANJIL;NEGERI;SLB;0
3389;15;JAMBI;1508;150812;DATA SEKOLAH;UNIT;2023/2024 GANJIL;NEGERI;TK;1
3390;15;JAMBI;1508;150812;DATA SEKOLAH;UNIT;2023/2024 GANJIL;NEGERI;KB;0
3391;15;JAMBI;1508;150812;DATA SEKOLAH;UNIT;2023/2024 GANJIL;NEGERI;TPA;0
3392;15;JAMBI;1508;150812;DATA SEKOLAH;UNIT;2023/2024 GANJIL;NEGERI;SPS;0
3393;15;JAMBI;1508;150812;DATA SEKOLAH;UNIT;2023/2024 GANJIL;NEGERI;PKBM;0
3394;15;JAMBI;1508;150812;DATA SEKOLAH;UNIT;2023/2024 GANJIL;NEGERI;SKB;0
3395;15;JAMBI;1508;150812;DATA SEKOLAH;UNIT;2023/2024 GANJIL;NEGERI;SD;11
3396;15;JAMBI;1508;150812;DATA SEKOLAH;UNIT;2023/2024 GANJIL;NEGERI;SMP;2
3397;15;JAMBI;1508;150812;DATA SEKOLAH;UNIT;2023/2024 GANJIL;NEGERI;SMA;0
3398;15;JAMBI;1508;150812;DATA SEKOLAH;UNIT;2023/2024 GANJIL;NEGERI;SMK;1
3399;15;JAMBI;1508;150812;DATA SEKOLAH;UNIT;2023/2024 GANJIL;NEGERI;SLB;0
3400;15;JAMBI;1508;150804;DATA SEKOLAH;UNIT;2023/2024 GANJIL;NEGERI;TK;0
3401;15;JAMBI;1508;150804;DATA SEKOLAH;UNIT;2023/2024 GANJIL;NEGERI;KB;0
3402;15;JAMBI;1508;150804;DATA SEKOLAH;UNIT;2023/2024 GANJIL;NEGERI;TPA;0
3403;15;JAMBI;1508;150804;DATA SEKOLAH;UNIT;2023/2024 GANJIL;NEGERI;SPS;0
3404;15;JAMBI;1508;150804;DATA SEKOLAH;UNIT;2023/2024 GANJIL;NEGERI;PKBM;0
3405;15;JAMBI;1508;150804;DATA SEKOLAH;UNIT;2023/2024 GANJIL;NEGERI;SKB;0
3406;15;JAMBI;1508;150804;DATA SEKOLAH;UNIT;2023/2024 GANJIL;NEGERI;SD;15
3407;15;JAMBI;1508;150804;DATA SEKOLAH;UNIT;2023/2024 GANJIL;NEGERI;SMP;3
3408;15;JAMBI;1508;150804;DATA SEKOLAH;UNIT;2023/2024 GANJIL;NEGERI;SMA;1
3409;15;JAMBI;1508;150804;DATA SEKOLAH;UNIT;2023/2024 GANJIL;NEGERI;SMK;1
3410;15;JAMBI;1508;150804;DATA SEKOLAH;UNIT;2023/2024 GANJIL;NEGERI;SLB;0
3411;15;JAMBI;1508;150816;DATA SEKOLAH;UNIT;2023/2024 GANJIL;NEGERI;TK;0
3412;15;JAMBI;1508;150816;DATA SEKOLAH;UNIT;2023/2024 GANJIL;NEGERI;KB;0
3413;15;JAMBI;1508;150816;DATA SEKOLAH;UNIT;2023/2024 GANJIL;NEGERI;TPA;0
3414;15;JAMBI;1508;150816;DATA SEKOLAH;UNIT;2023/2024 GANJIL;NEGERI;SPS;0
3415;15;JAMBI;1508;150816;DATA SEKOLAH;UNIT;2023/2024 GANJIL;NEGERI;PKBM;0
3416;15;JAMBI;1508;150816;DATA SEKOLAH;UNIT;2023/2024 GANJIL;NEGERI;SKB;0
3417;15;JAMBI;1508;150816;DATA SEKOLAH;UNIT;2023/2024 GANJIL;NEGERI;SD;9
3418;15;JAMBI;1508;150816;DATA SEKOLAH;UNIT;2023/2024 GANJIL;NEGERI;SMP;2
3419;15;JAMBI;1508;150816;DATA SEKOLAH;UNIT;2023/2024 GANJIL;NEGERI;SMA;1
3420;15;JAMBI;1508;150816;DATA SEKOLAH;UNIT;2023/2024 GANJIL;NEGERI;SMK;0
3421;15;JAMBI;1508;150816;DATA SEKOLAH;UNIT;2023/2024 GANJIL;NEGERI;SLB;0
3422;15;JAMBI;1508;150807;DATA SEKOLAH;UNIT;2023/2024 GANJIL;NEGERI;TK;0
3423;15;JAMBI;1508;150807;DATA SEKOLAH;UNIT;2023/2024 GANJIL;NEGERI;KB;0
3424;15;JAMBI;1508;150807;DATA SEKOLAH;UNIT;2023/2024 GANJIL;NEGERI;TPA;0
3425;15;JAMBI;1508;150807;DATA SEKOLAH;UNIT;2023/2024 GANJIL;NEGERI;SPS;0
3426;15;JAMBI;1508;150807;DATA SEKOLAH;UNIT;2023/2024 GANJIL;NEGERI;PKBM;0
3427;15;JAMBI;1508;150807;DATA SEKOLAH;UNIT;2023/2024 GANJIL;NEGERI;SKB;0
3428;15;JAMBI;1508;150807;DATA SEKOLAH;UNIT;2023/2024 GANJIL;NEGERI;SD;14
3429;15;JAMBI;1508;150807;DATA SEKOLAH;UNIT;2023/2024 GANJIL;NEGERI;SMP;6
3430;15;JAMBI;1508;150807;DATA SEKOLAH;UNIT;2023/2024 GANJIL;NEGERI;SMA;2
3431;15;JAMBI;1508;150807;DATA SEKOLAH;UNIT;2023/2024 GANJIL;NEGERI;SMK;1
3432;15;JAMBI;1508;150807;DATA SEKOLAH;UNIT;2023/2024 GANJIL;NEGERI;SLB;0
3433;15;JAMBI;1508;150808;DATA SEKOLAH;UNIT;2023/2024 GANJIL;NEGERI;TK;0
3434;15;JAMBI;1508;150808;DATA SEKOLAH;UNIT;2023/2024 GANJIL;NEGERI;KB;0
3435;15;JAMBI;1508;150808;DATA SEKOLAH;UNIT;2023/2024 GANJIL;NEGERI;TPA;0
3436;15;JAMBI;1508;150808;DATA SEKOLAH;UNIT;2023/2024 GANJIL;NEGERI;SPS;0
3437;15;JAMBI;1508;150808;DATA SEKOLAH;UNIT;2023/2024 GANJIL;NEGERI;PKBM;0
3438;15;JAMBI;1508;150808;DATA SEKOLAH;UNIT;2023/2024 GANJIL;NEGERI;SKB;0
3439;15;JAMBI;1508;150808;DATA SEKOLAH;UNIT;2023/2024 GANJIL;NEGERI;SD;14
3440;15;JAMBI;1508;150808;DATA SEKOLAH;UNIT;2023/2024 GANJIL;NEGERI;SMP;3
3441;15;JAMBI;1508;150808;DATA SEKOLAH;UNIT;2023/2024 GANJIL;NEGERI;SMA;1
3442;15;JAMBI;1508;150808;DATA SEKOLAH;UNIT;2023/2024 GANJIL;NEGERI;SMK;1
3443;15;JAMBI;1508;150808;DATA SEKOLAH;UNIT;2023/2024 GANJIL;NEGERI;SLB;0
3444;15;JAMBI;1508;150803;DATA SEKOLAH;UNIT;2023/2024 GANJIL;NEGERI;TK;0
3445;15;JAMBI;1508;150803;DATA SEKOLAH;UNIT;2023/2024 GANJIL;NEGERI;KB;0
3446;15;JAMBI;1508;150803;DATA SEKOLAH;UNIT;2023/2024 GANJIL;NEGERI;TPA;0
3447;15;JAMBI;1508;150803;DATA SEKOLAH;UNIT;2023/2024 GANJIL;NEGERI;SPS;0
3448;15;JAMBI;1508;150803;DATA SEKOLAH;UNIT;2023/2024 GANJIL;NEGERI;PKBM;0
3449;15;JAMBI;1508;150803;DATA SEKOLAH;UNIT;2023/2024 GANJIL;NEGERI;SKB;0
3450;15;JAMBI;1508;150803;DATA SEKOLAH;UNIT;2023/2024 GANJIL;NEGERI;SD;7
3451;15;JAMBI;1508;150803;DATA SEKOLAH;UNIT;2023/2024 GANJIL;NEGERI;SMP;3
3452;15;JAMBI;1508;150803;DATA SEKOLAH;UNIT;2023/2024 GANJIL;NEGERI;SMA;0
3453;15;JAMBI;1508;150803;DATA SEKOLAH;UNIT;2023/2024 GANJIL;NEGERI;SMK;0
3454;15;JAMBI;1508;150803;DATA SEKOLAH;UNIT;2023/2024 GANJIL;NEGERI;SLB;0
3455;15;JAMBI;1508;150806;DATA SEKOLAH;UNIT;2023/2024 GANJIL;NEGERI;TK;0
3456;15;JAMBI;1508;150806;DATA SEKOLAH;UNIT;2023/2024 GANJIL;NEGERI;KB;0
3457;15;JAMBI;1508;150806;DATA SEKOLAH;UNIT;2023/2024 GANJIL;NEGERI;TPA;0
3458;15;JAMBI;1508;150806;DATA SEKOLAH;UNIT;2023/2024 GANJIL;NEGERI;SPS;0
3459;15;JAMBI;1508;150806;DATA SEKOLAH;UNIT;2023/2024 GANJIL;NEGERI;PKBM;0
3460;15;JAMBI;1508;150806;DATA SEKOLAH;UNIT;2023/2024 GANJIL;NEGERI;SKB;0
3461;15;JAMBI;1508;150806;DATA SEKOLAH;UNIT;2023/2024 GANJIL;NEGERI;SD;26
3462;15;JAMBI;1508;150806;DATA SEKOLAH;UNIT;2023/2024 GANJIL;NEGERI;SMP;6
3463;15;JAMBI;1508;150806;DATA SEKOLAH;UNIT;2023/2024 GANJIL;NEGERI;SMA;1
3464;15;JAMBI;1508;150806;DATA SEKOLAH;UNIT;2023/2024 GANJIL;NEGERI;SMK;3
3465;15;JAMBI;1508;150806;DATA SEKOLAH;UNIT;2023/2024 GANJIL;NEGERI;SLB;0
3466;15;JAMBI;1508;150809;DATA SEKOLAH;UNIT;2023/2024 GANJIL;NEGERI;TK;0
3467;15;JAMBI;1508;150809;DATA SEKOLAH;UNIT;2023/2024 GANJIL;NEGERI;KB;0
3468;15;JAMBI;1508;150809;DATA SEKOLAH;UNIT;2023/2024 GANJIL;NEGERI;TPA;0
3469;15;JAMBI;1508;150809;DATA SEKOLAH;UNIT;2023/2024 GANJIL;NEGERI;SPS;0
3470;15;JAMBI;1508;150809;DATA SEKOLAH;UNIT;2023/2024 GANJIL;NEGERI;PKBM;0
3471;15;JAMBI;1508;150809;DATA SEKOLAH;UNIT;2023/2024 GANJIL;NEGERI;SKB;0
3472;15;JAMBI;1508;150809;DATA SEKOLAH;UNIT;2023/2024 GANJIL;NEGERI;SD;25
3473;15;JAMBI;1508;150809;DATA SEKOLAH;UNIT;2023/2024 GANJIL;NEGERI;SMP;6
3474;15;JAMBI;1508;150809;DATA SEKOLAH;UNIT;2023/2024 GANJIL;NEGERI;SMA;2
3475;15;JAMBI;1508;150809;DATA SEKOLAH;UNIT;2023/2024 GANJIL;NEGERI;SMK;2
3476;15;JAMBI;1508;150809;DATA SEKOLAH;UNIT;2023/2024 GANJIL;NEGERI;SLB;0
3477;15;JAMBI;1508;150802;DATA SEKOLAH;UNIT;2023/2024 GANJIL;NEGERI;TK;1
3478;15;JAMBI;1508;150802;DATA SEKOLAH;UNIT;2023/2024 GANJIL;NEGERI;KB;0
3479;15;JAMBI;1508;150802;DATA SEKOLAH;UNIT;2023/2024 GANJIL;NEGERI;TPA;0
3480;15;JAMBI;1508;150802;DATA SEKOLAH;UNIT;2023/2024 GANJIL;NEGERI;SPS;0
3481;15;JAMBI;1508;150802;DATA SEKOLAH;UNIT;2023/2024 GANJIL;NEGERI;PKBM;0
3482;15;JAMBI;1508;150802;DATA SEKOLAH;UNIT;2023/2024 GANJIL;NEGERI;SKB;0
3483;15;JAMBI;1508;150802;DATA SEKOLAH;UNIT;2023/2024 GANJIL;NEGERI;SD;10
3484;15;JAMBI;1508;150802;DATA SEKOLAH;UNIT;2023/2024 GANJIL;NEGERI;SMP;3
3485;15;JAMBI;1508;150802;DATA SEKOLAH;UNIT;2023/2024 GANJIL;NEGERI;SMA;1
3486;15;JAMBI;1508;150802;DATA SEKOLAH;UNIT;2023/2024 GANJIL;NEGERI;SMK;0
3487;15;JAMBI;1508;150802;DATA SEKOLAH;UNIT;2023/2024 GANJIL;NEGERI;SLB;0
3488;15;JAMBI;1508;150813;DATA SEKOLAH;UNIT;2023/2024 GANJIL;NEGERI;TK;0
3489;15;JAMBI;1508;150813;DATA SEKOLAH;UNIT;2023/2024 GANJIL;NEGERI;KB;0
3490;15;JAMBI;1508;150813;DATA SEKOLAH;UNIT;2023/2024 GANJIL;NEGERI;TPA;0
3491;15;JAMBI;1508;150813;DATA SEKOLAH;UNIT;2023/2024 GANJIL;NEGERI;SPS;0
3492;15;JAMBI;1508;150813;DATA SEKOLAH;UNIT;2023/2024 GANJIL;NEGERI;PKBM;0
3493;15;JAMBI;1508;150813;DATA SEKOLAH;UNIT;2023/2024 GANJIL;NEGERI;SKB;0
3494;15;JAMBI;1508;150813;DATA SEKOLAH;UNIT;2023/2024 GANJIL;NEGERI;SD;12
3495;15;JAMBI;1508;150813;DATA SEKOLAH;UNIT;2023/2024 GANJIL;NEGERI;SMP;3
3496;15;JAMBI;1508;150813;DATA SEKOLAH;UNIT;2023/2024 GANJIL;NEGERI;SMA;3
3497;15;JAMBI;1508;150813;DATA SEKOLAH;UNIT;2023/2024 GANJIL;NEGERI;SMK;0
3498;15;JAMBI;1508;150813;DATA SEKOLAH;UNIT;2023/2024 GANJIL;NEGERI;SLB;1
3499;15;JAMBI;1508;150805;DATA SEKOLAH;UNIT;2023/2024 GANJIL;NEGERI;TK;1
3500;15;JAMBI;1508;150805;DATA SEKOLAH;UNIT;2023/2024 GANJIL;NEGERI;KB;0
3501;15;JAMBI;1508;150805;DATA SEKOLAH;UNIT;2023/2024 GANJIL;NEGERI;TPA;0
3502;15;JAMBI;1508;150805;DATA SEKOLAH;UNIT;2023/2024 GANJIL;NEGERI;SPS;0
3503;15;JAMBI;1508;150805;DATA SEKOLAH;UNIT;2023/2024 GANJIL;NEGERI;PKBM;0
3504;15;JAMBI;1508;150805;DATA SEKOLAH;UNIT;2023/2024 GANJIL;NEGERI;SKB;0
3505;15;JAMBI;1508;150805;DATA SEKOLAH;UNIT;2023/2024 GANJIL;NEGERI;SD;16
3506;15;JAMBI;1508;150805;DATA SEKOLAH;UNIT;2023/2024 GANJIL;NEGERI;SMP;4
3507;15;JAMBI;1508;150805;DATA SEKOLAH;UNIT;2023/2024 GANJIL;NEGERI;SMA;1
3508;15;JAMBI;1508;150805;DATA SEKOLAH;UNIT;2023/2024 GANJIL;NEGERI;SMK;1
3509;15;JAMBI;1508;150805;DATA SEKOLAH;UNIT;2023/2024 GANJIL;NEGERI;SLB;0
3510;15;JAMBI;1508;150817;DATA SEKOLAH;UNIT;2023/2024 GANJIL;NEGERI;TK;0
3511;15;JAMBI;1508;150817;DATA SEKOLAH;UNIT;2023/2024 GANJIL;NEGERI;KB;0
3512;15;JAMBI;1508;150817;DATA SEKOLAH;UNIT;2023/2024 GANJIL;NEGERI;TPA;0
3513;15;JAMBI;1508;150817;DATA SEKOLAH;UNIT;2023/2024 GANJIL;NEGERI;SPS;0
3514;15;JAMBI;1508;150817;DATA SEKOLAH;UNIT;2023/2024 GANJIL;NEGERI;PKBM;0
3515;15;JAMBI;1508;150817;DATA SEKOLAH;UNIT;2023/2024 GANJIL;NEGERI;SKB;0
3516;15;JAMBI;1508;150817;DATA SEKOLAH;UNIT;2023/2024 GANJIL;NEGERI;SD;14
3517;15;JAMBI;1508;150817;DATA SEKOLAH;UNIT;2023/2024 GANJIL;NEGERI;SMP;4
3518;15;JAMBI;1508;150817;DATA SEKOLAH;UNIT;2023/2024 GANJIL;NEGERI;SMA;2
3519;15;JAMBI;1508;150817;DATA SEKOLAH;UNIT;2023/2024 GANJIL;NEGERI;SMK;0
3520;15;JAMBI;1508;150817;DATA SEKOLAH;UNIT;2023/2024 GANJIL;NEGERI;SLB;0
3521;15;JAMBI;1508;150801;DATA SEKOLAH;UNIT;2023/2024 GANJIL;NEGERI;TK;0
3522;15;JAMBI;1508;150801;DATA SEKOLAH;UNIT;2023/2024 GANJIL;NEGERI;KB;0
3523;15;JAMBI;1508;150801;DATA SEKOLAH;UNIT;2023/2024 GANJIL;NEGERI;TPA;0
3524;15;JAMBI;1508;150801;DATA SEKOLAH;UNIT;2023/2024 GANJIL;NEGERI;SPS;0
3525;15;JAMBI;1508;150801;DATA SEKOLAH;UNIT;2023/2024 GANJIL;NEGERI;PKBM;0
3526;15;JAMBI;1508;150801;DATA SEKOLAH;UNIT;2023/2024 GANJIL;NEGERI;SKB;0
3527;15;JAMBI;1508;150801;DATA SEKOLAH;UNIT;2023/2024 GANJIL;NEGERI;SD;13
3528;15;JAMBI;1508;150801;DATA SEKOLAH;UNIT;2023/2024 GANJIL;NEGERI;SMP;2
3529;15;JAMBI;1508;150801;DATA SEKOLAH;UNIT;2023/2024 GANJIL;NEGERI;SMA;2
3530;15;JAMBI;1508;150801;DATA SEKOLAH;UNIT;2023/2024 GANJIL;NEGERI;SMK;0
3531;15;JAMBI;1508;150801;DATA SEKOLAH;UNIT;2023/2024 GANJIL;NEGERI;SLB;0
3532;15;JAMBI;1508;150815;DATA SEKOLAH;UNIT;2023/2024 GANJIL;SWASTA;TK;5
3533;15;JAMBI;1508;150815;DATA SEKOLAH;UNIT;2023/2024 GANJIL;SWASTA;KB;6
3534;15;JAMBI;1508;150815;DATA SEKOLAH;UNIT;2023/2024 GANJIL;SWASTA;TPA;0
3535;15;JAMBI;1508;150815;DATA SEKOLAH;UNIT;2023/2024 GANJIL;SWASTA;SPS;0
3536;15;JAMBI;1508;150815;DATA SEKOLAH;UNIT;2023/2024 GANJIL;SWASTA;PKBM;0
3537;15;JAMBI;1508;150815;DATA SEKOLAH;UNIT;2023/2024 GANJIL;SWASTA;SKB;0
3538;15;JAMBI;1508;150815;DATA SEKOLAH;UNIT;2023/2024 GANJIL;SWASTA;SD;1
3539;15;JAMBI;1508;150815;DATA SEKOLAH;UNIT;2023/2024 GANJIL;SWASTA;SMP;0
3540;15;JAMBI;1508;150815;DATA SEKOLAH;UNIT;2023/2024 GANJIL;SWASTA;SMA;0
3541;15;JAMBI;1508;150815;DATA SEKOLAH;UNIT;2023/2024 GANJIL;SWASTA;SMK;0
3542;15;JAMBI;1508;150815;DATA SEKOLAH;UNIT;2023/2024 GANJIL;SWASTA;SLB;0
3543;15;JAMBI;1508;150811;DATA SEKOLAH;UNIT;2023/2024 GANJIL;SWASTA;TK;5
3544;15;JAMBI;1508;150811;DATA SEKOLAH;UNIT;2023/2024 GANJIL;SWASTA;KB;9
3545;15;JAMBI;1508;150811;DATA SEKOLAH;UNIT;2023/2024 GANJIL;SWASTA;TPA;1
3546;15;JAMBI;1508;150811;DATA SEKOLAH;UNIT;2023/2024 GANJIL;SWASTA;SPS;1
3547;15;JAMBI;1508;150811;DATA SEKOLAH;UNIT;2023/2024 GANJIL;SWASTA;PKBM;2
3548;15;JAMBI;1508;150811;DATA SEKOLAH;UNIT;2023/2024 GANJIL;SWASTA;SKB;0
3549;15;JAMBI;1508;150811;DATA SEKOLAH;UNIT;2023/2024 GANJIL;SWASTA;SD;1
3550;15;JAMBI;1508;150811;DATA SEKOLAH;UNIT;2023/2024 GANJIL;SWASTA;SMP;0
3551;15;JAMBI;1508;150811;DATA SEKOLAH;UNIT;2023/2024 GANJIL;SWASTA;SMA;0
3552;15;JAMBI;1508;150811;DATA SEKOLAH;UNIT;2023/2024 GANJIL;SWASTA;SMK;0
3553;15;JAMBI;1508;150811;DATA SEKOLAH;UNIT;2023/2024 GANJIL;SWASTA;SLB;0
3554;15;JAMBI;1508;150814;DATA SEKOLAH;UNIT;2023/2024 GANJIL;SWASTA;TK;3
3555;15;JAMBI;1508;150814;DATA SEKOLAH;UNIT;2023/2024 GANJIL;SWASTA;KB;13
3556;15;JAMBI;1508;150814;DATA SEKOLAH;UNIT;2023/2024 GANJIL;SWASTA;TPA;0
3557;15;JAMBI;1508;150814;DATA SEKOLAH;UNIT;2023/2024 GANJIL;SWASTA;SPS;1
3558;15;JAMBI;1508;150814;DATA SEKOLAH;UNIT;2023/2024 GANJIL;SWASTA;PKBM;1
3559;15;JAMBI;1508;150814;DATA SEKOLAH;UNIT;2023/2024 GANJIL;SWASTA;SKB;0
3560;15;JAMBI;1508;150814;DATA SEKOLAH;UNIT;2023/2024 GANJIL;SWASTA;SD;1
3561;15;JAMBI;1508;150814;DATA SEKOLAH;UNIT;2023/2024 GANJIL;SWASTA;SMP;0
3562;15;JAMBI;1508;150814;DATA SEKOLAH;UNIT;2023/2024 GANJIL;SWASTA;SMA;0
3563;15;JAMBI;1508;150814;DATA SEKOLAH;UNIT;2023/2024 GANJIL;SWASTA;SMK;0
3564;15;JAMBI;1508;150814;DATA SEKOLAH;UNIT;2023/2024 GANJIL;SWASTA;SLB;0
3565;15;JAMBI;1508;150810;DATA SEKOLAH;UNIT;2023/2024 GANJIL;SWASTA;TK;3
3566;15;JAMBI;1508;150810;DATA SEKOLAH;UNIT;2023/2024 GANJIL;SWASTA;KB;8
3567;15;JAMBI;1508;150810;DATA SEKOLAH;UNIT;2023/2024 GANJIL;SWASTA;TPA;0
3568;15;JAMBI;1508;150810;DATA SEKOLAH;UNIT;2023/2024 GANJIL;SWASTA;SPS;0
3569;15;JAMBI;1508;150810;DATA SEKOLAH;UNIT;2023/2024 GANJIL;SWASTA;PKBM;1
3570;15;JAMBI;1508;150810;DATA SEKOLAH;UNIT;2023/2024 GANJIL;SWASTA;SKB;0
3571;15;JAMBI;1508;150810;DATA SEKOLAH;UNIT;2023/2024 GANJIL;SWASTA;SD;0
3572;15;JAMBI;1508;150810;DATA SEKOLAH;UNIT;2023/2024 GANJIL;SWASTA;SMP;1
3573;15;JAMBI;1508;150810;DATA SEKOLAH;UNIT;2023/2024 GANJIL;SWASTA;SMA;1
3574;15;JAMBI;1508;150810;DATA SEKOLAH;UNIT;2023/2024 GANJIL;SWASTA;SMK;0
3575;15;JAMBI;1508;150810;DATA SEKOLAH;UNIT;2023/2024 GANJIL;SWASTA;SLB;0
3576;15;JAMBI;1508;150812;DATA SEKOLAH;UNIT;2023/2024 GANJIL;SWASTA;TK;5
3577;15;JAMBI;1508;150812;DATA SEKOLAH;UNIT;2023/2024 GANJIL;SWASTA;KB;12
3578;15;JAMBI;1508;150812;DATA SEKOLAH;UNIT;2023/2024 GANJIL;SWASTA;TPA;0
3579;15;JAMBI;1508;150812;DATA SEKOLAH;UNIT;2023/2024 GANJIL;SWASTA;SPS;3
3580;15;JAMBI;1508;150812;DATA SEKOLAH;UNIT;2023/2024 GANJIL;SWASTA;PKBM;5
3581;15;JAMBI;1508;150812;DATA SEKOLAH;UNIT;2023/2024 GANJIL;SWASTA;SKB;0
3582;15;JAMBI;1508;150812;DATA SEKOLAH;UNIT;2023/2024 GANJIL;SWASTA;SD;0
3583;15;JAMBI;1508;150812;DATA SEKOLAH;UNIT;2023/2024 GANJIL;SWASTA;SMP;0
3584;15;JAMBI;1508;150812;DATA SEKOLAH;UNIT;2023/2024 GANJIL;SWASTA;SMA;0
3585;15;JAMBI;1508;150812;DATA SEKOLAH;UNIT;2023/2024 GANJIL;SWASTA;SMK;0
3586;15;JAMBI;1508;150812;DATA SEKOLAH;UNIT;2023/2024 GANJIL;SWASTA;SLB;0
3587;15;JAMBI;1508;150804;DATA SEKOLAH;UNIT;2023/2024 GANJIL;SWASTA;TK;4
3588;15;JAMBI;1508;150804;DATA SEKOLAH;UNIT;2023/2024 GANJIL;SWASTA;KB;11
3589;15;JAMBI;1508;150804;DATA SEKOLAH;UNIT;2023/2024 GANJIL;SWASTA;TPA;0
3590;15;JAMBI;1508;150804;DATA SEKOLAH;UNIT;2023/2024 GANJIL;SWASTA;SPS;0
3591;15;JAMBI;1508;150804;DATA SEKOLAH;UNIT;2023/2024 GANJIL;SWASTA;PKBM;0
3592;15;JAMBI;1508;150804;DATA SEKOLAH;UNIT;2023/2024 GANJIL;SWASTA;SKB;0
3593;15;JAMBI;1508;150804;DATA SEKOLAH;UNIT;2023/2024 GANJIL;SWASTA;SD;0
3594;15;JAMBI;1508;150804;DATA SEKOLAH;UNIT;2023/2024 GANJIL;SWASTA;SMP;0
3595;15;JAMBI;1508;150804;DATA SEKOLAH;UNIT;2023/2024 GANJIL;SWASTA;SMA;0
3596;15;JAMBI;1508;150804;DATA SEKOLAH;UNIT;2023/2024 GANJIL;SWASTA;SMK;1
3597;15;JAMBI;1508;150804;DATA SEKOLAH;UNIT;2023/2024 GANJIL;SWASTA;SLB;0
3598;15;JAMBI;1508;150816;DATA SEKOLAH;UNIT;2023/2024 GANJIL;SWASTA;TK;2
3599;15;JAMBI;1508;150816;DATA SEKOLAH;UNIT;2023/2024 GANJIL;SWASTA;KB;6
3600;15;JAMBI;1508;150816;DATA SEKOLAH;UNIT;2023/2024 GANJIL;SWASTA;TPA;0
3601;15;JAMBI;1508;150816;DATA SEKOLAH;UNIT;2023/2024 GANJIL;SWASTA;SPS;1
3602;15;JAMBI;1508;150816;DATA SEKOLAH;UNIT;2023/2024 GANJIL;SWASTA;PKBM;1
3603;15;JAMBI;1508;150816;DATA SEKOLAH;UNIT;2023/2024 GANJIL;SWASTA;SKB;0
3604;15;JAMBI;1508;150816;DATA SEKOLAH;UNIT;2023/2024 GANJIL;SWASTA;SD;0
3605;15;JAMBI;1508;150816;DATA SEKOLAH;UNIT;2023/2024 GANJIL;SWASTA;SMP;0
3606;15;JAMBI;1508;150816;DATA SEKOLAH;UNIT;2023/2024 GANJIL;SWASTA;SMA;0
3607;15;JAMBI;1508;150816;DATA SEKOLAH;UNIT;2023/2024 GANJIL;SWASTA;SMK;0
3608;15;JAMBI;1508;150816;DATA SEKOLAH;UNIT;2023/2024 GANJIL;SWASTA;SLB;0
3609;15;JAMBI;1508;150807;DATA SEKOLAH;UNIT;2023/2024 GANJIL;SWASTA;TK;6
3610;15;JAMBI;1508;150807;DATA SEKOLAH;UNIT;2023/2024 GANJIL;SWASTA;KB;15
3611;15;JAMBI;1508;150807;DATA SEKOLAH;UNIT;2023/2024 GANJIL;SWASTA;TPA;0
3612;15;JAMBI;1508;150807;DATA SEKOLAH;UNIT;2023/2024 GANJIL;SWASTA;SPS;0
3613;15;JAMBI;1508;150807;DATA SEKOLAH;UNIT;2023/2024 GANJIL;SWASTA;PKBM;0
3614;15;JAMBI;1508;150807;DATA SEKOLAH;UNIT;2023/2024 GANJIL;SWASTA;SKB;0
3615;15;JAMBI;1508;150807;DATA SEKOLAH;UNIT;2023/2024 GANJIL;SWASTA;SD;1
3616;15;JAMBI;1508;150807;DATA SEKOLAH;UNIT;2023/2024 GANJIL;SWASTA;SMP;0
3617;15;JAMBI;1508;150807;DATA SEKOLAH;UNIT;2023/2024 GANJIL;SWASTA;SMA;0
3618;15;JAMBI;1508;150807;DATA SEKOLAH;UNIT;2023/2024 GANJIL;SWASTA;SMK;0
3619;15;JAMBI;1508;150807;DATA SEKOLAH;UNIT;2023/2024 GANJIL;SWASTA;SLB;0
3620;15;JAMBI;1508;150808;DATA SEKOLAH;UNIT;2023/2024 GANJIL;SWASTA;TK;7
3621;15;JAMBI;1508;150808;DATA SEKOLAH;UNIT;2023/2024 GANJIL;SWASTA;KB;12
3622;15;JAMBI;1508;150808;DATA SEKOLAH;UNIT;2023/2024 GANJIL;SWASTA;TPA;0
3623;15;JAMBI;1508;150808;DATA SEKOLAH;UNIT;2023/2024 GANJIL;SWASTA;SPS;1
3624;15;JAMBI;1508;150808;DATA SEKOLAH;UNIT;2023/2024 GANJIL;SWASTA;PKBM;4
3625;15;JAMBI;1508;150808;DATA SEKOLAH;UNIT;2023/2024 GANJIL;SWASTA;SKB;0
3626;15;JAMBI;1508;150808;DATA SEKOLAH;UNIT;2023/2024 GANJIL;SWASTA;SD;0
3627;15;JAMBI;1508;150808;DATA SEKOLAH;UNIT;2023/2024 GANJIL;SWASTA;SMP;0
3628;15;JAMBI;1508;150808;DATA SEKOLAH;UNIT;2023/2024 GANJIL;SWASTA;SMA;0
3629;15;JAMBI;1508;150808;DATA SEKOLAH;UNIT;2023/2024 GANJIL;SWASTA;SMK;0
3630;15;JAMBI;1508;150808;DATA SEKOLAH;UNIT;2023/2024 GANJIL;SWASTA;SLB;0
3631;15;JAMBI;1508;150803;DATA SEKOLAH;UNIT;2023/2024 GANJIL;SWASTA;TK;4
3632;15;JAMBI;1508;150803;DATA SEKOLAH;UNIT;2023/2024 GANJIL;SWASTA;KB;5
3633;15;JAMBI;1508;150803;DATA SEKOLAH;UNIT;2023/2024 GANJIL;SWASTA;TPA;0
3634;15;JAMBI;1508;150803;DATA SEKOLAH;UNIT;2023/2024 GANJIL;SWASTA;SPS;0
3635;15;JAMBI;1508;150803;DATA SEKOLAH;UNIT;2023/2024 GANJIL;SWASTA;PKBM;0
3636;15;JAMBI;1508;150803;DATA SEKOLAH;UNIT;2023/2024 GANJIL;SWASTA;SKB;0
3637;15;JAMBI;1508;150803;DATA SEKOLAH;UNIT;2023/2024 GANJIL;SWASTA;SD;0
3638;15;JAMBI;1508;150803;DATA SEKOLAH;UNIT;2023/2024 GANJIL;SWASTA;SMP;0
3639;15;JAMBI;1508;150803;DATA SEKOLAH;UNIT;2023/2024 GANJIL;SWASTA;SMA;0
3640;15;JAMBI;1508;150803;DATA SEKOLAH;UNIT;2023/2024 GANJIL;SWASTA;SMK;0
3641;15;JAMBI;1508;150803;DATA SEKOLAH;UNIT;2023/2024 GANJIL;SWASTA;SLB;0
3642;15;JAMBI;1508;150806;DATA SEKOLAH;UNIT;2023/2024 GANJIL;SWASTA;TK;12
3643;15;JAMBI;1508;150806;DATA SEKOLAH;UNIT;2023/2024 GANJIL;SWASTA;KB;17
3644;15;JAMBI;1508;150806;DATA SEKOLAH;UNIT;2023/2024 GANJIL;SWASTA;TPA;0
3645;15;JAMBI;1508;150806;DATA SEKOLAH;UNIT;2023/2024 GANJIL;SWASTA;SPS;1
3646;15;JAMBI;1508;150806;DATA SEKOLAH;UNIT;2023/2024 GANJIL;SWASTA;PKBM;1
3647;15;JAMBI;1508;150806;DATA SEKOLAH;UNIT;2023/2024 GANJIL;SWASTA;SKB;0
3648;15;JAMBI;1508;150806;DATA SEKOLAH;UNIT;2023/2024 GANJIL;SWASTA;SD;2
3649;15;JAMBI;1508;150806;DATA SEKOLAH;UNIT;2023/2024 GANJIL;SWASTA;SMP;1
3650;15;JAMBI;1508;150806;DATA SEKOLAH;UNIT;2023/2024 GANJIL;SWASTA;SMA;0
3651;15;JAMBI;1508;150806;DATA SEKOLAH;UNIT;2023/2024 GANJIL;SWASTA;SMK;0
3652;15;JAMBI;1508;150806;DATA SEKOLAH;UNIT;2023/2024 GANJIL;SWASTA;SLB;0
3653;15;JAMBI;1508;150809;DATA SEKOLAH;UNIT;2023/2024 GANJIL;SWASTA;TK;20
3654;15;JAMBI;1508;150809;DATA SEKOLAH;UNIT;2023/2024 GANJIL;SWASTA;KB;23
3655;15;JAMBI;1508;150809;DATA SEKOLAH;UNIT;2023/2024 GANJIL;SWASTA;TPA;2
3656;15;JAMBI;1508;150809;DATA SEKOLAH;UNIT;2023/2024 GANJIL;SWASTA;SPS;1
3657;15;JAMBI;1508;150809;DATA SEKOLAH;UNIT;2023/2024 GANJIL;SWASTA;PKBM;3
3658;15;JAMBI;1508;150809;DATA SEKOLAH;UNIT;2023/2024 GANJIL;SWASTA;SKB;0
3659;15;JAMBI;1508;150809;DATA SEKOLAH;UNIT;2023/2024 GANJIL;SWASTA;SD;3
3660;15;JAMBI;1508;150809;DATA SEKOLAH;UNIT;2023/2024 GANJIL;SWASTA;SMP;2
3661;15;JAMBI;1508;150809;DATA SEKOLAH;UNIT;2023/2024 GANJIL;SWASTA;SMA;0
3662;15;JAMBI;1508;150809;DATA SEKOLAH;UNIT;2023/2024 GANJIL;SWASTA;SMK;1
3663;15;JAMBI;1508;150809;DATA SEKOLAH;UNIT;2023/2024 GANJIL;SWASTA;SLB;0
3664;15;JAMBI;1508;150802;DATA SEKOLAH;UNIT;2023/2024 GANJIL;SWASTA;TK;0
3665;15;JAMBI;1508;150802;DATA SEKOLAH;UNIT;2023/2024 GANJIL;SWASTA;KB;8
3666;15;JAMBI;1508;150802;DATA SEKOLAH;UNIT;2023/2024 GANJIL;SWASTA;TPA;0
3667;15;JAMBI;1508;150802;DATA SEKOLAH;UNIT;2023/2024 GANJIL;SWASTA;SPS;0
3668;15;JAMBI;1508;150802;DATA SEKOLAH;UNIT;2023/2024 GANJIL;SWASTA;PKBM;3
3669;15;JAMBI;1508;150802;DATA SEKOLAH;UNIT;2023/2024 GANJIL;SWASTA;SKB;0
3670;15;JAMBI;1508;150802;DATA SEKOLAH;UNIT;2023/2024 GANJIL;SWASTA;SD;0
3671;15;JAMBI;1508;150802;DATA SEKOLAH;UNIT;2023/2024 GANJIL;SWASTA;SMP;0
3672;15;JAMBI;1508;150802;DATA SEKOLAH;UNIT;2023/2024 GANJIL;SWASTA;SMA;0
3673;15;JAMBI;1508;150802;DATA SEKOLAH;UNIT;2023/2024 GANJIL;SWASTA;SMK;0
3674;15;JAMBI;1508;150802;DATA SEKOLAH;UNIT;2023/2024 GANJIL;SWASTA;SLB;0
3675;15;JAMBI;1508;150813;DATA SEKOLAH;UNIT;2023/2024 GANJIL;SWASTA;TK;6
3676;15;JAMBI;1508;150813;DATA SEKOLAH;UNIT;2023/2024 GANJIL;SWASTA;KB;16
3677;15;JAMBI;1508;150813;DATA SEKOLAH;UNIT;2023/2024 GANJIL;SWASTA;TPA;1
3678;15;JAMBI;1508;150813;DATA SEKOLAH;UNIT;2023/2024 GANJIL;SWASTA;SPS;0
3679;15;JAMBI;1508;150813;DATA SEKOLAH;UNIT;2023/2024 GANJIL;SWASTA;PKBM;1
3680;15;JAMBI;1508;150813;DATA SEKOLAH;UNIT;2023/2024 GANJIL;SWASTA;SKB;0
3681;15;JAMBI;1508;150813;DATA SEKOLAH;UNIT;2023/2024 GANJIL;SWASTA;SD;5
3682;15;JAMBI;1508;150813;DATA SEKOLAH;UNIT;2023/2024 GANJIL;SWASTA;SMP;3
3683;15;JAMBI;1508;150813;DATA SEKOLAH;UNIT;2023/2024 GANJIL;SWASTA;SMA;1
3684;15;JAMBI;1508;150813;DATA SEKOLAH;UNIT;2023/2024 GANJIL;SWASTA;SMK;3
3685;15;JAMBI;1508;150813;DATA SEKOLAH;UNIT;2023/2024 GANJIL;SWASTA;SLB;0
3686;15;JAMBI;1508;150805;DATA SEKOLAH;UNIT;2023/2024 GANJIL;SWASTA;TK;4
3687;15;JAMBI;1508;150805;DATA SEKOLAH;UNIT;2023/2024 GANJIL;SWASTA;KB;10
3688;15;JAMBI;1508;150805;DATA SEKOLAH;UNIT;2023/2024 GANJIL;SWASTA;TPA;0
3689;15;JAMBI;1508;150805;DATA SEKOLAH;UNIT;2023/2024 GANJIL;SWASTA;SPS;0
3690;15;JAMBI;1508;150805;DATA SEKOLAH;UNIT;2023/2024 GANJIL;SWASTA;PKBM;1
3691;15;JAMBI;1508;150805;DATA SEKOLAH;UNIT;2023/2024 GANJIL;SWASTA;SKB;0
3692;15;JAMBI;1508;150805;DATA SEKOLAH;UNIT;2023/2024 GANJIL;SWASTA;SD;0
3693;15;JAMBI;1508;150805;DATA SEKOLAH;UNIT;2023/2024 GANJIL;SWASTA;SMP;0
3694;15;JAMBI;1508;150805;DATA SEKOLAH;UNIT;2023/2024 GANJIL;SWASTA;SMA;0
3695;15;JAMBI;1508;150805;DATA SEKOLAH;UNIT;2023/2024 GANJIL;SWASTA;SMK;0
3696;15;JAMBI;1508;150805;DATA SEKOLAH;UNIT;2023/2024 GANJIL;SWASTA;SLB;0
3697;15;JAMBI;1508;150817;DATA SEKOLAH;UNIT;2023/2024 GANJIL;SWASTA;TK;2
3698;15;JAMBI;1508;150817;DATA SEKOLAH;UNIT;2023/2024 GANJIL;SWASTA;KB;16
3699;15;JAMBI;1508;150817;DATA SEKOLAH;UNIT;2023/2024 GANJIL;SWASTA;TPA;0
3700;15;JAMBI;1508;150817;DATA SEKOLAH;UNIT;2023/2024 GANJIL;SWASTA;SPS;1
3701;15;JAMBI;1508;150817;DATA SEKOLAH;UNIT;2023/2024 GANJIL;SWASTA;PKBM;3
3702;15;JAMBI;1508;150817;DATA SEKOLAH;UNIT;2023/2024 GANJIL;SWASTA;SKB;0
3703;15;JAMBI;1508;150817;DATA SEKOLAH;UNIT;2023/2024 GANJIL;SWASTA;SD;0
3704;15;JAMBI;1508;150817;DATA SEKOLAH;UNIT;2023/2024 GANJIL;SWASTA;SMP;0
3705;15;JAMBI;1508;150817;DATA SEKOLAH;UNIT;2023/2024 GANJIL;SWASTA;SMA;0
3706;15;JAMBI;1508;150817;DATA SEKOLAH;UNIT;2023/2024 GANJIL;SWASTA;SMK;1
3707;15;JAMBI;1508;150817;DATA SEKOLAH;UNIT;2023/2024 GANJIL;SWASTA;SLB;0
3708;15;JAMBI;1508;150801;DATA SEKOLAH;UNIT;2023/2024 GANJIL;SWASTA;TK;3
3709;15;JAMBI;1508;150801;DATA SEKOLAH;UNIT;2023/2024 GANJIL;SWASTA;KB;13
3710;15;JAMBI;1508;150801;DATA SEKOLAH;UNIT;2023/2024 GANJIL;SWASTA;TPA;0
3711;15;JAMBI;1508;150801;DATA SEKOLAH;UNIT;2023/2024 GANJIL;SWASTA;SPS;0
3712;15;JAMBI;1508;150801;DATA SEKOLAH;UNIT;2023/2024 GANJIL;SWASTA;PKBM;1
3713;15;JAMBI;1508;150801;DATA SEKOLAH;UNIT;2023/2024 GANJIL;SWASTA;SKB;0
3714;15;JAMBI;1508;150801;DATA SEKOLAH;UNIT;2023/2024 GANJIL;SWASTA;SD;0
3715;15;JAMBI;1508;150801;DATA SEKOLAH;UNIT;2023/2024 GANJIL;SWASTA;SMP;0
3716;15;JAMBI;1508;150801;DATA SEKOLAH;UNIT;2023/2024 GANJIL;SWASTA;SMA;0
3717;15;JAMBI;1508;150801;DATA SEKOLAH;UNIT;2023/2024 GANJIL;SWASTA;SMK;0
3718;15;JAMBI;1508;150801;DATA SEKOLAH;UNIT;2023/2024 GANJIL;SWASTA;SLB;0
3719;15;JAMBI;1501;150105;DATA SEKOLAH;UNIT;2023/2024 GANJIL;NEGERI;TK;2
3720;15;JAMBI;1501;150105;DATA SEKOLAH;UNIT;2023/2024 GANJIL;NEGERI;KB;0
3721;15;JAMBI;1501;150105;DATA SEKOLAH;UNIT;2023/2024 GANJIL;NEGERI;TPA;0
3722;15;JAMBI;1501;150105;DATA SEKOLAH;UNIT;2023/2024 GANJIL;NEGERI;SPS;0
3723;15;JAMBI;1501;150105;DATA SEKOLAH;UNIT;2023/2024 GANJIL;NEGERI;PKBM;0
3724;15;JAMBI;1501;150105;DATA SEKOLAH;UNIT;2023/2024 GANJIL;NEGERI;SKB;1
3725;15;JAMBI;1501;150105;DATA SEKOLAH;UNIT;2023/2024 GANJIL;NEGERI;SD;10
3726;15;JAMBI;1501;150105;DATA SEKOLAH;UNIT;2023/2024 GANJIL;NEGERI;SMP;1
3727;15;JAMBI;1501;150105;DATA SEKOLAH;UNIT;2023/2024 GANJIL;NEGERI;SMA;0
3728;15;JAMBI;1501;150105;DATA SEKOLAH;UNIT;2023/2024 GANJIL;NEGERI;SMK;0
3729;15;JAMBI;1501;150105;DATA SEKOLAH;UNIT;2023/2024 GANJIL;NEGERI;SLB;0
3730;15;JAMBI;1501;150121;DATA SEKOLAH;UNIT;2023/2024 GANJIL;NEGERI;TK;1
3731;15;JAMBI;1501;150121;DATA SEKOLAH;UNIT;2023/2024 GANJIL;NEGERI;KB;0
3732;15;JAMBI;1501;150121;DATA SEKOLAH;UNIT;2023/2024 GANJIL;NEGERI;TPA;0
3733;15;JAMBI;1501;150121;DATA SEKOLAH;UNIT;2023/2024 GANJIL;NEGERI;SPS;0
3734;15;JAMBI;1501;150121;DATA SEKOLAH;UNIT;2023/2024 GANJIL;NEGERI;PKBM;0
3735;15;JAMBI;1501;150121;DATA SEKOLAH;UNIT;2023/2024 GANJIL;NEGERI;SKB;0
3736;15;JAMBI;1501;150121;DATA SEKOLAH;UNIT;2023/2024 GANJIL;NEGERI;SD;9
3737;15;JAMBI;1501;150121;DATA SEKOLAH;UNIT;2023/2024 GANJIL;NEGERI;SMP;1
3738;15;JAMBI;1501;150121;DATA SEKOLAH;UNIT;2023/2024 GANJIL;NEGERI;SMA;1
3739;15;JAMBI;1501;150121;DATA SEKOLAH;UNIT;2023/2024 GANJIL;NEGERI;SMK;0
3740;15;JAMBI;1501;150121;DATA SEKOLAH;UNIT;2023/2024 GANJIL;NEGERI;SLB;0
3741;15;JAMBI;1501;150111;DATA SEKOLAH;UNIT;2023/2024 GANJIL;NEGERI;TK;1
3742;15;JAMBI;1501;150111;DATA SEKOLAH;UNIT;2023/2024 GANJIL;NEGERI;KB;0
3743;15;JAMBI;1501;150111;DATA SEKOLAH;UNIT;2023/2024 GANJIL;NEGERI;TPA;0
3744;15;JAMBI;1501;150111;DATA SEKOLAH;UNIT;2023/2024 GANJIL;NEGERI;SPS;0
3745;15;JAMBI;1501;150111;DATA SEKOLAH;UNIT;2023/2024 GANJIL;NEGERI;PKBM;0
3746;15;JAMBI;1501;150111;DATA SEKOLAH;UNIT;2023/2024 GANJIL;NEGERI;SKB;0
3747;15;JAMBI;1501;150111;DATA SEKOLAH;UNIT;2023/2024 GANJIL;NEGERI;SD;16
3748;15;JAMBI;1501;150111;DATA SEKOLAH;UNIT;2023/2024 GANJIL;NEGERI;SMP;4
3749;15;JAMBI;1501;150111;DATA SEKOLAH;UNIT;2023/2024 GANJIL;NEGERI;SMA;1
3750;15;JAMBI;1501;150111;DATA SEKOLAH;UNIT;2023/2024 GANJIL;NEGERI;SMK;0
3751;15;JAMBI;1501;150111;DATA SEKOLAH;UNIT;2023/2024 GANJIL;NEGERI;SLB;0
3752;15;JAMBI;1501;150107;DATA SEKOLAH;UNIT;2023/2024 GANJIL;NEGERI;TK;1
3753;15;JAMBI;1501;150107;DATA SEKOLAH;UNIT;2023/2024 GANJIL;NEGERI;KB;1
3754;15;JAMBI;1501;150107;DATA SEKOLAH;UNIT;2023/2024 GANJIL;NEGERI;TPA;0
3755;15;JAMBI;1501;150107;DATA SEKOLAH;UNIT;2023/2024 GANJIL;NEGERI;SPS;0
3756;15;JAMBI;1501;150107;DATA SEKOLAH;UNIT;2023/2024 GANJIL;NEGERI;PKBM;0
3757;15;JAMBI;1501;150107;DATA SEKOLAH;UNIT;2023/2024 GANJIL;NEGERI;SKB;0
3758;15;JAMBI;1501;150107;DATA SEKOLAH;UNIT;2023/2024 GANJIL;NEGERI;SD;13
3759;15;JAMBI;1501;150107;DATA SEKOLAH;UNIT;2023/2024 GANJIL;NEGERI;SMP;5
3760;15;JAMBI;1501;150107;DATA SEKOLAH;UNIT;2023/2024 GANJIL;NEGERI;SMA;2
3761;15;JAMBI;1501;150107;DATA SEKOLAH;UNIT;2023/2024 GANJIL;NEGERI;SMK;0
3762;15;JAMBI;1501;150107;DATA SEKOLAH;UNIT;2023/2024 GANJIL;NEGERI;SLB;0
3763;15;JAMBI;1501;150120;DATA SEKOLAH;UNIT;2023/2024 GANJIL;NEGERI;TK;1
3764;15;JAMBI;1501;150120;DATA SEKOLAH;UNIT;2023/2024 GANJIL;NEGERI;KB;1
3765;15;JAMBI;1501;150120;DATA SEKOLAH;UNIT;2023/2024 GANJIL;NEGERI;TPA;0
3766;15;JAMBI;1501;150120;DATA SEKOLAH;UNIT;2023/2024 GANJIL;NEGERI;SPS;0
3767;15;JAMBI;1501;150120;DATA SEKOLAH;UNIT;2023/2024 GANJIL;NEGERI;PKBM;0
3768;15;JAMBI;1501;150120;DATA SEKOLAH;UNIT;2023/2024 GANJIL;NEGERI;SKB;0
3769;15;JAMBI;1501;150120;DATA SEKOLAH;UNIT;2023/2024 GANJIL;NEGERI;SD;13
3770;15;JAMBI;1501;150120;DATA SEKOLAH;UNIT;2023/2024 GANJIL;NEGERI;SMP;3
3771;15;JAMBI;1501;150120;DATA SEKOLAH;UNIT;2023/2024 GANJIL;NEGERI;SMA;1
3772;15;JAMBI;1501;150120;DATA SEKOLAH;UNIT;2023/2024 GANJIL;NEGERI;SMK;0
3773;15;JAMBI;1501;150120;DATA SEKOLAH;UNIT;2023/2024 GANJIL;NEGERI;SLB;0
3774;15;JAMBI;1501;150102;DATA SEKOLAH;UNIT;2023/2024 GANJIL;NEGERI;TK;1
3775;15;JAMBI;1501;150102;DATA SEKOLAH;UNIT;2023/2024 GANJIL;NEGERI;KB;0
3776;15;JAMBI;1501;150102;DATA SEKOLAH;UNIT;2023/2024 GANJIL;NEGERI;TPA;0
3777;15;JAMBI;1501;150102;DATA SEKOLAH;UNIT;2023/2024 GANJIL;NEGERI;SPS;0
3778;15;JAMBI;1501;150102;DATA SEKOLAH;UNIT;2023/2024 GANJIL;NEGERI;PKBM;0
3779;15;JAMBI;1501;150102;DATA SEKOLAH;UNIT;2023/2024 GANJIL;NEGERI;SKB;0
3780;15;JAMBI;1501;150102;DATA SEKOLAH;UNIT;2023/2024 GANJIL;NEGERI;SD;17
3781;15;JAMBI;1501;150102;DATA SEKOLAH;UNIT;2023/2024 GANJIL;NEGERI;SMP;5
3782;15;JAMBI;1501;150102;DATA SEKOLAH;UNIT;2023/2024 GANJIL;NEGERI;SMA;2
3783;15;JAMBI;1501;150102;DATA SEKOLAH;UNIT;2023/2024 GANJIL;NEGERI;SMK;1
3784;15;JAMBI;1501;150102;DATA SEKOLAH;UNIT;2023/2024 GANJIL;NEGERI;SLB;0
3785;15;JAMBI;1501;150117;DATA SEKOLAH;UNIT;2023/2024 GANJIL;NEGERI;TK;1
3786;15;JAMBI;1501;150117;DATA SEKOLAH;UNIT;2023/2024 GANJIL;NEGERI;KB;0
3787;15;JAMBI;1501;150117;DATA SEKOLAH;UNIT;2023/2024 GANJIL;NEGERI;TPA;0
3788;15;JAMBI;1501;150117;DATA SEKOLAH;UNIT;2023/2024 GANJIL;NEGERI;SPS;0
3789;15;JAMBI;1501;150117;DATA SEKOLAH;UNIT;2023/2024 GANJIL;NEGERI;PKBM;0
3790;15;JAMBI;1501;150117;DATA SEKOLAH;UNIT;2023/2024 GANJIL;NEGERI;SKB;0
3791;15;JAMBI;1501;150117;DATA SEKOLAH;UNIT;2023/2024 GANJIL;NEGERI;SD;15
3792;15;JAMBI;1501;150117;DATA SEKOLAH;UNIT;2023/2024 GANJIL;NEGERI;SMP;3
3793;15;JAMBI;1501;150117;DATA SEKOLAH;UNIT;2023/2024 GANJIL;NEGERI;SMA;0
3794;15;JAMBI;1501;150117;DATA SEKOLAH;UNIT;2023/2024 GANJIL;NEGERI;SMK;1
3795;15;JAMBI;1501;150117;DATA SEKOLAH;UNIT;2023/2024 GANJIL;NEGERI;SLB;0
3796;15;JAMBI;1501;150106;DATA SEKOLAH;UNIT;2023/2024 GANJIL;NEGERI;TK;1
3797;15;JAMBI;1501;150106;DATA SEKOLAH;UNIT;2023/2024 GANJIL;NEGERI;KB;0
3798;15;JAMBI;1501;150106;DATA SEKOLAH;UNIT;2023/2024 GANJIL;NEGERI;TPA;0
3799;15;JAMBI;1501;150106;DATA SEKOLAH;UNIT;2023/2024 GANJIL;NEGERI;SPS;0
3800;15;JAMBI;1501;150106;DATA SEKOLAH;UNIT;2023/2024 GANJIL;NEGERI;PKBM;0
3801;15;JAMBI;1501;150106;DATA SEKOLAH;UNIT;2023/2024 GANJIL;NEGERI;SKB;0
3802;15;JAMBI;1501;150106;DATA SEKOLAH;UNIT;2023/2024 GANJIL;NEGERI;SD;12
3803;15;JAMBI;1501;150106;DATA SEKOLAH;UNIT;2023/2024 GANJIL;NEGERI;SMP;3
3804;15;JAMBI;1501;150106;DATA SEKOLAH;UNIT;2023/2024 GANJIL;NEGERI;SMA;1
3805;15;JAMBI;1501;150106;DATA SEKOLAH;UNIT;2023/2024 GANJIL;NEGERI;SMK;0
3806;15;JAMBI;1501;150106;DATA SEKOLAH;UNIT;2023/2024 GANJIL;NEGERI;SLB;1
3807;15;JAMBI;1501;150101;DATA SEKOLAH;UNIT;2023/2024 GANJIL;NEGERI;TK;1
3808;15;JAMBI;1501;150101;DATA SEKOLAH;UNIT;2023/2024 GANJIL;NEGERI;KB;0
3809;15;JAMBI;1501;150101;DATA SEKOLAH;UNIT;2023/2024 GANJIL;NEGERI;TPA;0
3810;15;JAMBI;1501;150101;DATA SEKOLAH;UNIT;2023/2024 GANJIL;NEGERI;SPS;0
3811;15;JAMBI;1501;150101;DATA SEKOLAH;UNIT;2023/2024 GANJIL;NEGERI;PKBM;0
3812;15;JAMBI;1501;150101;DATA SEKOLAH;UNIT;2023/2024 GANJIL;NEGERI;SKB;0
3813;15;JAMBI;1501;150101;DATA SEKOLAH;UNIT;2023/2024 GANJIL;NEGERI;SD;12
3814;15;JAMBI;1501;150101;DATA SEKOLAH;UNIT;2023/2024 GANJIL;NEGERI;SMP;3
3815;15;JAMBI;1501;150101;DATA SEKOLAH;UNIT;2023/2024 GANJIL;NEGERI;SMA;1
3816;15;JAMBI;1501;150101;DATA SEKOLAH;UNIT;2023/2024 GANJIL;NEGERI;SMK;0
3817;15;JAMBI;1501;150101;DATA SEKOLAH;UNIT;2023/2024 GANJIL;NEGERI;SLB;0
3818;15;JAMBI;1501;150115;DATA SEKOLAH;UNIT;2023/2024 GANJIL;NEGERI;TK;1
3819;15;JAMBI;1501;150115;DATA SEKOLAH;UNIT;2023/2024 GANJIL;NEGERI;KB;1
3820;15;JAMBI;1501;150115;DATA SEKOLAH;UNIT;2023/2024 GANJIL;NEGERI;TPA;0
3821;15;JAMBI;1501;150115;DATA SEKOLAH;UNIT;2023/2024 GANJIL;NEGERI;SPS;0
3822;15;JAMBI;1501;150115;DATA SEKOLAH;UNIT;2023/2024 GANJIL;NEGERI;PKBM;0
3823;15;JAMBI;1501;150115;DATA SEKOLAH;UNIT;2023/2024 GANJIL;NEGERI;SKB;0
3824;15;JAMBI;1501;150115;DATA SEKOLAH;UNIT;2023/2024 GANJIL;NEGERI;SD;11
3825;15;JAMBI;1501;150115;DATA SEKOLAH;UNIT;2023/2024 GANJIL;NEGERI;SMP;3
3826;15;JAMBI;1501;150115;DATA SEKOLAH;UNIT;2023/2024 GANJIL;NEGERI;SMA;0
3827;15;JAMBI;1501;150115;DATA SEKOLAH;UNIT;2023/2024 GANJIL;NEGERI;SMK;1
3828;15;JAMBI;1501;150115;DATA SEKOLAH;UNIT;2023/2024 GANJIL;NEGERI;SLB;0
3829;15;JAMBI;1501;150109;DATA SEKOLAH;UNIT;2023/2024 GANJIL;NEGERI;TK;0
3830;15;JAMBI;1501;150109;DATA SEKOLAH;UNIT;2023/2024 GANJIL;NEGERI;KB;0
3831;15;JAMBI;1501;150109;DATA SEKOLAH;UNIT;2023/2024 GANJIL;NEGERI;TPA;0
3832;15;JAMBI;1501;150109;DATA SEKOLAH;UNIT;2023/2024 GANJIL;NEGERI;SPS;0
3833;15;JAMBI;1501;150109;DATA SEKOLAH;UNIT;2023/2024 GANJIL;NEGERI;PKBM;0
3834;15;JAMBI;1501;150109;DATA SEKOLAH;UNIT;2023/2024 GANJIL;NEGERI;SKB;0
3835;15;JAMBI;1501;150109;DATA SEKOLAH;UNIT;2023/2024 GANJIL;NEGERI;SD;15
3836;15;JAMBI;1501;150109;DATA SEKOLAH;UNIT;2023/2024 GANJIL;NEGERI;SMP;4
3837;15;JAMBI;1501;150109;DATA SEKOLAH;UNIT;2023/2024 GANJIL;NEGERI;SMA;1
3838;15;JAMBI;1501;150109;DATA SEKOLAH;UNIT;2023/2024 GANJIL;NEGERI;SMK;1
3839;15;JAMBI;1501;150109;DATA SEKOLAH;UNIT;2023/2024 GANJIL;NEGERI;SLB;0
3840;15;JAMBI;1501;150119;DATA SEKOLAH;UNIT;2023/2024 GANJIL;NEGERI;TK;1
3841;15;JAMBI;1501;150119;DATA SEKOLAH;UNIT;2023/2024 GANJIL;NEGERI;KB;0
3842;15;JAMBI;1501;150119;DATA SEKOLAH;UNIT;2023/2024 GANJIL;NEGERI;TPA;0
3843;15;JAMBI;1501;150119;DATA SEKOLAH;UNIT;2023/2024 GANJIL;NEGERI;SPS;0
3844;15;JAMBI;1501;150119;DATA SEKOLAH;UNIT;2023/2024 GANJIL;NEGERI;PKBM;0
3845;15;JAMBI;1501;150119;DATA SEKOLAH;UNIT;2023/2024 GANJIL;NEGERI;SKB;0
3846;15;JAMBI;1501;150119;DATA SEKOLAH;UNIT;2023/2024 GANJIL;NEGERI;SD;17
3847;15;JAMBI;1501;150119;DATA SEKOLAH;UNIT;2023/2024 GANJIL;NEGERI;SMP;5
3848;15;JAMBI;1501;150119;DATA SEKOLAH;UNIT;2023/2024 GANJIL;NEGERI;SMA;0
3849;15;JAMBI;1501;150119;DATA SEKOLAH;UNIT;2023/2024 GANJIL;NEGERI;SMK;1
3850;15;JAMBI;1501;150119;DATA SEKOLAH;UNIT;2023/2024 GANJIL;NEGERI;SLB;0
3851;15;JAMBI;1501;150108;DATA SEKOLAH;UNIT;2023/2024 GANJIL;NEGERI;TK;1
3852;15;JAMBI;1501;150108;DATA SEKOLAH;UNIT;2023/2024 GANJIL;NEGERI;KB;0
3853;15;JAMBI;1501;150108;DATA SEKOLAH;UNIT;2023/2024 GANJIL;NEGERI;TPA;0
3854;15;JAMBI;1501;150108;DATA SEKOLAH;UNIT;2023/2024 GANJIL;NEGERI;SPS;0
3855;15;JAMBI;1501;150108;DATA SEKOLAH;UNIT;2023/2024 GANJIL;NEGERI;PKBM;0
3856;15;JAMBI;1501;150108;DATA SEKOLAH;UNIT;2023/2024 GANJIL;NEGERI;SKB;0
3857;15;JAMBI;1501;150108;DATA SEKOLAH;UNIT;2023/2024 GANJIL;NEGERI;SD;26
3858;15;JAMBI;1501;150108;DATA SEKOLAH;UNIT;2023/2024 GANJIL;NEGERI;SMP;5
3859;15;JAMBI;1501;150108;DATA SEKOLAH;UNIT;2023/2024 GANJIL;NEGERI;SMA;1
3860;15;JAMBI;1501;150108;DATA SEKOLAH;UNIT;2023/2024 GANJIL;NEGERI;SMK;1
3861;15;JAMBI;1501;150108;DATA SEKOLAH;UNIT;2023/2024 GANJIL;NEGERI;SLB;0
3862;15;JAMBI;1501;150104;DATA SEKOLAH;UNIT;2023/2024 GANJIL;NEGERI;TK;1
3863;15;JAMBI;1501;150104;DATA SEKOLAH;UNIT;2023/2024 GANJIL;NEGERI;KB;0
3864;15;JAMBI;1501;150104;DATA SEKOLAH;UNIT;2023/2024 GANJIL;NEGERI;TPA;0
3865;15;JAMBI;1501;150104;DATA SEKOLAH;UNIT;2023/2024 GANJIL;NEGERI;SPS;0
3866;15;JAMBI;1501;150104;DATA SEKOLAH;UNIT;2023/2024 GANJIL;NEGERI;PKBM;0
3867;15;JAMBI;1501;150104;DATA SEKOLAH;UNIT;2023/2024 GANJIL;NEGERI;SKB;0
3868;15;JAMBI;1501;150104;DATA SEKOLAH;UNIT;2023/2024 GANJIL;NEGERI;SD;16
3869;15;JAMBI;1501;150104;DATA SEKOLAH;UNIT;2023/2024 GANJIL;NEGERI;SMP;1
3870;15;JAMBI;1501;150104;DATA SEKOLAH;UNIT;2023/2024 GANJIL;NEGERI;SMA;1
3871;15;JAMBI;1501;150104;DATA SEKOLAH;UNIT;2023/2024 GANJIL;NEGERI;SMK;0
3872;15;JAMBI;1501;150104;DATA SEKOLAH;UNIT;2023/2024 GANJIL;NEGERI;SLB;0
3873;15;JAMBI;1501;150116;DATA SEKOLAH;UNIT;2023/2024 GANJIL;NEGERI;TK;2
3874;15;JAMBI;1501;150116;DATA SEKOLAH;UNIT;2023/2024 GANJIL;NEGERI;KB;0
3875;15;JAMBI;1501;150116;DATA SEKOLAH;UNIT;2023/2024 GANJIL;NEGERI;TPA;0
3876;15;JAMBI;1501;150116;DATA SEKOLAH;UNIT;2023/2024 GANJIL;NEGERI;SPS;0
3877;15;JAMBI;1501;150116;DATA SEKOLAH;UNIT;2023/2024 GANJIL;NEGERI;PKBM;0
3878;15;JAMBI;1501;150116;DATA SEKOLAH;UNIT;2023/2024 GANJIL;NEGERI;SKB;0
3879;15;JAMBI;1501;150116;DATA SEKOLAH;UNIT;2023/2024 GANJIL;NEGERI;SD;16
3880;15;JAMBI;1501;150116;DATA SEKOLAH;UNIT;2023/2024 GANJIL;NEGERI;SMP;3
3881;15;JAMBI;1501;150116;DATA SEKOLAH;UNIT;2023/2024 GANJIL;NEGERI;SMA;1
3882;15;JAMBI;1501;150116;DATA SEKOLAH;UNIT;2023/2024 GANJIL;NEGERI;SMK;0
3883;15;JAMBI;1501;150116;DATA SEKOLAH;UNIT;2023/2024 GANJIL;NEGERI;SLB;0
3884;15;JAMBI;1501;150118;DATA SEKOLAH;UNIT;2023/2024 GANJIL;NEGERI;TK;1
3885;15;JAMBI;1501;150118;DATA SEKOLAH;UNIT;2023/2024 GANJIL;NEGERI;KB;1
3886;15;JAMBI;1501;150118;DATA SEKOLAH;UNIT;2023/2024 GANJIL;NEGERI;TPA;0
3887;15;JAMBI;1501;150118;DATA SEKOLAH;UNIT;2023/2024 GANJIL;NEGERI;SPS;0
3888;15;JAMBI;1501;150118;DATA SEKOLAH;UNIT;2023/2024 GANJIL;NEGERI;PKBM;0
3889;15;JAMBI;1501;150118;DATA SEKOLAH;UNIT;2023/2024 GANJIL;NEGERI;SKB;0
3890;15;JAMBI;1501;150118;DATA SEKOLAH;UNIT;2023/2024 GANJIL;NEGERI;SD;9
3891;15;JAMBI;1501;150118;DATA SEKOLAH;UNIT;2023/2024 GANJIL;NEGERI;SMP;3
3892;15;JAMBI;1501;150118;DATA SEKOLAH;UNIT;2023/2024 GANJIL;NEGERI;SMA;1
3893;15;JAMBI;1501;150118;DATA SEKOLAH;UNIT;2023/2024 GANJIL;NEGERI;SMK;1
3894;15;JAMBI;1501;150118;DATA SEKOLAH;UNIT;2023/2024 GANJIL;NEGERI;SLB;0
3895;15;JAMBI;1501;150122;DATA SEKOLAH;UNIT;2023/2024 GANJIL;NEGERI;TK;0
3896;15;JAMBI;1501;150122;DATA SEKOLAH;UNIT;2023/2024 GANJIL;NEGERI;KB;0
3897;15;JAMBI;1501;150122;DATA SEKOLAH;UNIT;2023/2024 GANJIL;NEGERI;TPA;0
3898;15;JAMBI;1501;150122;DATA SEKOLAH;UNIT;2023/2024 GANJIL;NEGERI;SPS;0
3899;15;JAMBI;1501;150122;DATA SEKOLAH;UNIT;2023/2024 GANJIL;NEGERI;PKBM;0
3900;15;JAMBI;1501;150122;DATA SEKOLAH;UNIT;2023/2024 GANJIL;NEGERI;SKB;0
3901;15;JAMBI;1501;150122;DATA SEKOLAH;UNIT;2023/2024 GANJIL;NEGERI;SD;0
3902;15;JAMBI;1501;150122;DATA SEKOLAH;UNIT;2023/2024 GANJIL;NEGERI;SMP;0
3903;15;JAMBI;1501;150122;DATA SEKOLAH;UNIT;2023/2024 GANJIL;NEGERI;SMA;0
3904;15;JAMBI;1501;150122;DATA SEKOLAH;UNIT;2023/2024 GANJIL;NEGERI;SMK;0
3905;15;JAMBI;1501;150122;DATA SEKOLAH;UNIT;2023/2024 GANJIL;NEGERI;SLB;0
3906;15;JAMBI;1501;150105;DATA SEKOLAH;UNIT;2023/2024 GANJIL;SWASTA;TK;7
3907;15;JAMBI;1501;150105;DATA SEKOLAH;UNIT;2023/2024 GANJIL;SWASTA;KB;10
3908;15;JAMBI;1501;150105;DATA SEKOLAH;UNIT;2023/2024 GANJIL;SWASTA;TPA;0
3909;15;JAMBI;1501;150105;DATA SEKOLAH;UNIT;2023/2024 GANJIL;SWASTA;SPS;2
3910;15;JAMBI;1501;150105;DATA SEKOLAH;UNIT;2023/2024 GANJIL;SWASTA;PKBM;3
3911;15;JAMBI;1501;150105;DATA SEKOLAH;UNIT;2023/2024 GANJIL;SWASTA;SKB;0
3912;15;JAMBI;1501;150105;DATA SEKOLAH;UNIT;2023/2024 GANJIL;SWASTA;SD;0
3913;15;JAMBI;1501;150105;DATA SEKOLAH;UNIT;2023/2024 GANJIL;SWASTA;SMP;0
3914;15;JAMBI;1501;150105;DATA SEKOLAH;UNIT;2023/2024 GANJIL;SWASTA;SMA;0
3915;15;JAMBI;1501;150105;DATA SEKOLAH;UNIT;2023/2024 GANJIL;SWASTA;SMK;0
3916;15;JAMBI;1501;150105;DATA SEKOLAH;UNIT;2023/2024 GANJIL;SWASTA;SLB;0
3917;15;JAMBI;1501;150121;DATA SEKOLAH;UNIT;2023/2024 GANJIL;SWASTA;TK;3
3918;15;JAMBI;1501;150121;DATA SEKOLAH;UNIT;2023/2024 GANJIL;SWASTA;KB;11
3919;15;JAMBI;1501;150121;DATA SEKOLAH;UNIT;2023/2024 GANJIL;SWASTA;TPA;0
3920;15;JAMBI;1501;150121;DATA SEKOLAH;UNIT;2023/2024 GANJIL;SWASTA;SPS;2
3921;15;JAMBI;1501;150121;DATA SEKOLAH;UNIT;2023/2024 GANJIL;SWASTA;PKBM;0
3922;15;JAMBI;1501;150121;DATA SEKOLAH;UNIT;2023/2024 GANJIL;SWASTA;SKB;0
3923;15;JAMBI;1501;150121;DATA SEKOLAH;UNIT;2023/2024 GANJIL;SWASTA;SD;1
3924;15;JAMBI;1501;150121;DATA SEKOLAH;UNIT;2023/2024 GANJIL;SWASTA;SMP;1
3925;15;JAMBI;1501;150121;DATA SEKOLAH;UNIT;2023/2024 GANJIL;SWASTA;SMA;0
3926;15;JAMBI;1501;150121;DATA SEKOLAH;UNIT;2023/2024 GANJIL;SWASTA;SMK;1
3927;15;JAMBI;1501;150121;DATA SEKOLAH;UNIT;2023/2024 GANJIL;SWASTA;SLB;0
3928;15;JAMBI;1501;150111;DATA SEKOLAH;UNIT;2023/2024 GANJIL;SWASTA;TK;6
3929;15;JAMBI;1501;150111;DATA SEKOLAH;UNIT;2023/2024 GANJIL;SWASTA;KB;12
3930;15;JAMBI;1501;150111;DATA SEKOLAH;UNIT;2023/2024 GANJIL;SWASTA;TPA;0
3931;15;JAMBI;1501;150111;DATA SEKOLAH;UNIT;2023/2024 GANJIL;SWASTA;SPS;6
3932;15;JAMBI;1501;150111;DATA SEKOLAH;UNIT;2023/2024 GANJIL;SWASTA;PKBM;1
3933;15;JAMBI;1501;150111;DATA SEKOLAH;UNIT;2023/2024 GANJIL;SWASTA;SKB;0
3934;15;JAMBI;1501;150111;DATA SEKOLAH;UNIT;2023/2024 GANJIL;SWASTA;SD;0
3935;15;JAMBI;1501;150111;DATA SEKOLAH;UNIT;2023/2024 GANJIL;SWASTA;SMP;0
3936;15;JAMBI;1501;150111;DATA SEKOLAH;UNIT;2023/2024 GANJIL;SWASTA;SMA;0
3937;15;JAMBI;1501;150111;DATA SEKOLAH;UNIT;2023/2024 GANJIL;SWASTA;SMK;0
3938;15;JAMBI;1501;150111;DATA SEKOLAH;UNIT;2023/2024 GANJIL;SWASTA;SLB;1
3939;15;JAMBI;1501;150107;DATA SEKOLAH;UNIT;2023/2024 GANJIL;SWASTA;TK;2
3940;15;JAMBI;1501;150107;DATA SEKOLAH;UNIT;2023/2024 GANJIL;SWASTA;KB;10
3941;15;JAMBI;1501;150107;DATA SEKOLAH;UNIT;2023/2024 GANJIL;SWASTA;TPA;0
3942;15;JAMBI;1501;150107;DATA SEKOLAH;UNIT;2023/2024 GANJIL;SWASTA;SPS;0
3943;15;JAMBI;1501;150107;DATA SEKOLAH;UNIT;2023/2024 GANJIL;SWASTA;PKBM;0
3944;15;JAMBI;1501;150107;DATA SEKOLAH;UNIT;2023/2024 GANJIL;SWASTA;SKB;0
3945;15;JAMBI;1501;150107;DATA SEKOLAH;UNIT;2023/2024 GANJIL;SWASTA;SD;0
3946;15;JAMBI;1501;150107;DATA SEKOLAH;UNIT;2023/2024 GANJIL;SWASTA;SMP;0
3947;15;JAMBI;1501;150107;DATA SEKOLAH;UNIT;2023/2024 GANJIL;SWASTA;SMA;0
3948;15;JAMBI;1501;150107;DATA SEKOLAH;UNIT;2023/2024 GANJIL;SWASTA;SMK;0
3949;15;JAMBI;1501;150107;DATA SEKOLAH;UNIT;2023/2024 GANJIL;SWASTA;SLB;0
3950;15;JAMBI;1501;150120;DATA SEKOLAH;UNIT;2023/2024 GANJIL;SWASTA;TK;3
3951;15;JAMBI;1501;150120;DATA SEKOLAH;UNIT;2023/2024 GANJIL;SWASTA;KB;14
3952;15;JAMBI;1501;150120;DATA SEKOLAH;UNIT;2023/2024 GANJIL;SWASTA;TPA;0
3953;15;JAMBI;1501;150120;DATA SEKOLAH;UNIT;2023/2024 GANJIL;SWASTA;SPS;0
3954;15;JAMBI;1501;150120;DATA SEKOLAH;UNIT;2023/2024 GANJIL;SWASTA;PKBM;0
3955;15;JAMBI;1501;150120;DATA SEKOLAH;UNIT;2023/2024 GANJIL;SWASTA;SKB;0
3956;15;JAMBI;1501;150120;DATA SEKOLAH;UNIT;2023/2024 GANJIL;SWASTA;SD;0
3957;15;JAMBI;1501;150120;DATA SEKOLAH;UNIT;2023/2024 GANJIL;SWASTA;SMP;0
3958;15;JAMBI;1501;150120;DATA SEKOLAH;UNIT;2023/2024 GANJIL;SWASTA;SMA;0
3959;15;JAMBI;1501;150120;DATA SEKOLAH;UNIT;2023/2024 GANJIL;SWASTA;SMK;0
3960;15;JAMBI;1501;150120;DATA SEKOLAH;UNIT;2023/2024 GANJIL;SWASTA;SLB;0
3961;15;JAMBI;1501;150102;DATA SEKOLAH;UNIT;2023/2024 GANJIL;SWASTA;TK;6
3962;15;JAMBI;1501;150102;DATA SEKOLAH;UNIT;2023/2024 GANJIL;SWASTA;KB;7
3963;15;JAMBI;1501;150102;DATA SEKOLAH;UNIT;2023/2024 GANJIL;SWASTA;TPA;0
3964;15;JAMBI;1501;150102;DATA SEKOLAH;UNIT;2023/2024 GANJIL;SWASTA;SPS;0
3965;15;JAMBI;1501;150102;DATA SEKOLAH;UNIT;2023/2024 GANJIL;SWASTA;PKBM;1
3966;15;JAMBI;1501;150102;DATA SEKOLAH;UNIT;2023/2024 GANJIL;SWASTA;SKB;0
3967;15;JAMBI;1501;150102;DATA SEKOLAH;UNIT;2023/2024 GANJIL;SWASTA;SD;0
3968;15;JAMBI;1501;150102;DATA SEKOLAH;UNIT;2023/2024 GANJIL;SWASTA;SMP;0
3969;15;JAMBI;1501;150102;DATA SEKOLAH;UNIT;2023/2024 GANJIL;SWASTA;SMA;0
3970;15;JAMBI;1501;150102;DATA SEKOLAH;UNIT;2023/2024 GANJIL;SWASTA;SMK;0
3971;15;JAMBI;1501;150102;DATA SEKOLAH;UNIT;2023/2024 GANJIL;SWASTA;SLB;0
3972;15;JAMBI;1501;150117;DATA SEKOLAH;UNIT;2023/2024 GANJIL;SWASTA;TK;6
3973;15;JAMBI;1501;150117;DATA SEKOLAH;UNIT;2023/2024 GANJIL;SWASTA;KB;16
3974;15;JAMBI;1501;150117;DATA SEKOLAH;UNIT;2023/2024 GANJIL;SWASTA;TPA;0
3975;15;JAMBI;1501;150117;DATA SEKOLAH;UNIT;2023/2024 GANJIL;SWASTA;SPS;4
3976;15;JAMBI;1501;150117;DATA SEKOLAH;UNIT;2023/2024 GANJIL;SWASTA;PKBM;1
3977;15;JAMBI;1501;150117;DATA SEKOLAH;UNIT;2023/2024 GANJIL;SWASTA;SKB;0
3978;15;JAMBI;1501;150117;DATA SEKOLAH;UNIT;2023/2024 GANJIL;SWASTA;SD;0
3979;15;JAMBI;1501;150117;DATA SEKOLAH;UNIT;2023/2024 GANJIL;SWASTA;SMP;0
3980;15;JAMBI;1501;150117;DATA SEKOLAH;UNIT;2023/2024 GANJIL;SWASTA;SMA;0
3981;15;JAMBI;1501;150117;DATA SEKOLAH;UNIT;2023/2024 GANJIL;SWASTA;SMK;0
3982;15;JAMBI;1501;150117;DATA SEKOLAH;UNIT;2023/2024 GANJIL;SWASTA;SLB;0
3983;15;JAMBI;1501;150106;DATA SEKOLAH;UNIT;2023/2024 GANJIL;SWASTA;TK;0
3984;15;JAMBI;1501;150106;DATA SEKOLAH;UNIT;2023/2024 GANJIL;SWASTA;KB;19
3985;15;JAMBI;1501;150106;DATA SEKOLAH;UNIT;2023/2024 GANJIL;SWASTA;TPA;0
3986;15;JAMBI;1501;150106;DATA SEKOLAH;UNIT;2023/2024 GANJIL;SWASTA;SPS;0
3987;15;JAMBI;1501;150106;DATA SEKOLAH;UNIT;2023/2024 GANJIL;SWASTA;PKBM;6
3988;15;JAMBI;1501;150106;DATA SEKOLAH;UNIT;2023/2024 GANJIL;SWASTA;SKB;0
3989;15;JAMBI;1501;150106;DATA SEKOLAH;UNIT;2023/2024 GANJIL;SWASTA;SD;0
3990;15;JAMBI;1501;150106;DATA SEKOLAH;UNIT;2023/2024 GANJIL;SWASTA;SMP;0
3991;15;JAMBI;1501;150106;DATA SEKOLAH;UNIT;2023/2024 GANJIL;SWASTA;SMA;0
3992;15;JAMBI;1501;150106;DATA SEKOLAH;UNIT;2023/2024 GANJIL;SWASTA;SMK;0
3993;15;JAMBI;1501;150106;DATA SEKOLAH;UNIT;2023/2024 GANJIL;SWASTA;SLB;0
3994;15;JAMBI;1501;150101;DATA SEKOLAH;UNIT;2023/2024 GANJIL;SWASTA;TK;1
3995;15;JAMBI;1501;150101;DATA SEKOLAH;UNIT;2023/2024 GANJIL;SWASTA;KB;8
3996;15;JAMBI;1501;150101;DATA SEKOLAH;UNIT;2023/2024 GANJIL;SWASTA;TPA;0
3997;15;JAMBI;1501;150101;DATA SEKOLAH;UNIT;2023/2024 GANJIL;SWASTA;SPS;1
3998;15;JAMBI;1501;150101;DATA SEKOLAH;UNIT;2023/2024 GANJIL;SWASTA;PKBM;0
3999;15;JAMBI;1501;150101;DATA SEKOLAH;UNIT;2023/2024 GANJIL;SWASTA;SKB;0
4000;15;JAMBI;1501;150101;DATA SEKOLAH;UNIT;2023/2024 GANJIL;SWASTA;SD;0
4001;15;JAMBI;1501;150101;DATA SEKOLAH;UNIT;2023/2024 GANJIL;SWASTA;SMP;0
4002;15;JAMBI;1501;150101;DATA SEKOLAH;UNIT;2023/2024 GANJIL;SWASTA;SMA;0
4003;15;JAMBI;1501;150101;DATA SEKOLAH;UNIT;2023/2024 GANJIL;SWASTA;SMK;0
4004;15;JAMBI;1501;150101;DATA SEKOLAH;UNIT;2023/2024 GANJIL;SWASTA;SLB;0
4005;15;JAMBI;1501;150115;DATA SEKOLAH;UNIT;2023/2024 GANJIL;SWASTA;TK;1
4006;15;JAMBI;1501;150115;DATA SEKOLAH;UNIT;2023/2024 GANJIL;SWASTA;KB;14
4007;15;JAMBI;1501;150115;DATA SEKOLAH;UNIT;2023/2024 GANJIL;SWASTA;TPA;0
4008;15;JAMBI;1501;150115;DATA SEKOLAH;UNIT;2023/2024 GANJIL;SWASTA;SPS;0
4009;15;JAMBI;1501;150115;DATA SEKOLAH;UNIT;2023/2024 GANJIL;SWASTA;PKBM;2
4010;15;JAMBI;1501;150115;DATA SEKOLAH;UNIT;2023/2024 GANJIL;SWASTA;SKB;0
4011;15;JAMBI;1501;150115;DATA SEKOLAH;UNIT;2023/2024 GANJIL;SWASTA;SD;1
4012;15;JAMBI;1501;150115;DATA SEKOLAH;UNIT;2023/2024 GANJIL;SWASTA;SMP;0
4013;15;JAMBI;1501;150115;DATA SEKOLAH;UNIT;2023/2024 GANJIL;SWASTA;SMA;0
4014;15;JAMBI;1501;150115;DATA SEKOLAH;UNIT;2023/2024 GANJIL;SWASTA;SMK;0
4015;15;JAMBI;1501;150115;DATA SEKOLAH;UNIT;2023/2024 GANJIL;SWASTA;SLB;0
4016;15;JAMBI;1501;150109;DATA SEKOLAH;UNIT;2023/2024 GANJIL;SWASTA;TK;9
4017;15;JAMBI;1501;150109;DATA SEKOLAH;UNIT;2023/2024 GANJIL;SWASTA;KB;18
4018;15;JAMBI;1501;150109;DATA SEKOLAH;UNIT;2023/2024 GANJIL;SWASTA;TPA;0
4019;15;JAMBI;1501;150109;DATA SEKOLAH;UNIT;2023/2024 GANJIL;SWASTA;SPS;1
4020;15;JAMBI;1501;150109;DATA SEKOLAH;UNIT;2023/2024 GANJIL;SWASTA;PKBM;2
4021;15;JAMBI;1501;150109;DATA SEKOLAH;UNIT;2023/2024 GANJIL;SWASTA;SKB;0
4022;15;JAMBI;1501;150109;DATA SEKOLAH;UNIT;2023/2024 GANJIL;SWASTA;SD;0
4023;15;JAMBI;1501;150109;DATA SEKOLAH;UNIT;2023/2024 GANJIL;SWASTA;SMP;0
4024;15;JAMBI;1501;150109;DATA SEKOLAH;UNIT;2023/2024 GANJIL;SWASTA;SMA;0
4025;15;JAMBI;1501;150109;DATA SEKOLAH;UNIT;2023/2024 GANJIL;SWASTA;SMK;0
4026;15;JAMBI;1501;150109;DATA SEKOLAH;UNIT;2023/2024 GANJIL;SWASTA;SLB;0
4027;15;JAMBI;1501;150119;DATA SEKOLAH;UNIT;2023/2024 GANJIL;SWASTA;TK;1
4028;15;JAMBI;1501;150119;DATA SEKOLAH;UNIT;2023/2024 GANJIL;SWASTA;KB;10
4029;15;JAMBI;1501;150119;DATA SEKOLAH;UNIT;2023/2024 GANJIL;SWASTA;TPA;0
4030;15;JAMBI;1501;150119;DATA SEKOLAH;UNIT;2023/2024 GANJIL;SWASTA;SPS;0
4031;15;JAMBI;1501;150119;DATA SEKOLAH;UNIT;2023/2024 GANJIL;SWASTA;PKBM;0
4032;15;JAMBI;1501;150119;DATA SEKOLAH;UNIT;2023/2024 GANJIL;SWASTA;SKB;0
4033;15;JAMBI;1501;150119;DATA SEKOLAH;UNIT;2023/2024 GANJIL;SWASTA;SD;0
4034;15;JAMBI;1501;150119;DATA SEKOLAH;UNIT;2023/2024 GANJIL;SWASTA;SMP;0
4035;15;JAMBI;1501;150119;DATA SEKOLAH;UNIT;2023/2024 GANJIL;SWASTA;SMA;0
4036;15;JAMBI;1501;150119;DATA SEKOLAH;UNIT;2023/2024 GANJIL;SWASTA;SMK;0
4037;15;JAMBI;1501;150119;DATA SEKOLAH;UNIT;2023/2024 GANJIL;SWASTA;SLB;0
4038;15;JAMBI;1501;150108;DATA SEKOLAH;UNIT;2023/2024 GANJIL;SWASTA;TK;7
4039;15;JAMBI;1501;150108;DATA SEKOLAH;UNIT;2023/2024 GANJIL;SWASTA;KB;19
4040;15;JAMBI;1501;150108;DATA SEKOLAH;UNIT;2023/2024 GANJIL;SWASTA;TPA;0
4041;15;JAMBI;1501;150108;DATA SEKOLAH;UNIT;2023/2024 GANJIL;SWASTA;SPS;2
4042;15;JAMBI;1501;150108;DATA SEKOLAH;UNIT;2023/2024 GANJIL;SWASTA;PKBM;2
4043;15;JAMBI;1501;150108;DATA SEKOLAH;UNIT;2023/2024 GANJIL;SWASTA;SKB;0
4044;15;JAMBI;1501;150108;DATA SEKOLAH;UNIT;2023/2024 GANJIL;SWASTA;SD;0
4045;15;JAMBI;1501;150108;DATA SEKOLAH;UNIT;2023/2024 GANJIL;SWASTA;SMP;0
4046;15;JAMBI;1501;150108;DATA SEKOLAH;UNIT;2023/2024 GANJIL;SWASTA;SMA;0
4047;15;JAMBI;1501;150108;DATA SEKOLAH;UNIT;2023/2024 GANJIL;SWASTA;SMK;0
4048;15;JAMBI;1501;150108;DATA SEKOLAH;UNIT;2023/2024 GANJIL;SWASTA;SLB;0
4049;15;JAMBI;1501;150104;DATA SEKOLAH;UNIT;2023/2024 GANJIL;SWASTA;TK;1
4050;15;JAMBI;1501;150104;DATA SEKOLAH;UNIT;2023/2024 GANJIL;SWASTA;KB;11
4051;15;JAMBI;1501;150104;DATA SEKOLAH;UNIT;2023/2024 GANJIL;SWASTA;TPA;0
4052;15;JAMBI;1501;150104;DATA SEKOLAH;UNIT;2023/2024 GANJIL;SWASTA;SPS;1
4053;15;JAMBI;1501;150104;DATA SEKOLAH;UNIT;2023/2024 GANJIL;SWASTA;PKBM;1
4054;15;JAMBI;1501;150104;DATA SEKOLAH;UNIT;2023/2024 GANJIL;SWASTA;SKB;0
4055;15;JAMBI;1501;150104;DATA SEKOLAH;UNIT;2023/2024 GANJIL;SWASTA;SD;0
4056;15;JAMBI;1501;150104;DATA SEKOLAH;UNIT;2023/2024 GANJIL;SWASTA;SMP;1
4057;15;JAMBI;1501;150104;DATA SEKOLAH;UNIT;2023/2024 GANJIL;SWASTA;SMA;0
4058;15;JAMBI;1501;150104;DATA SEKOLAH;UNIT;2023/2024 GANJIL;SWASTA;SMK;0
4059;15;JAMBI;1501;150104;DATA SEKOLAH;UNIT;2023/2024 GANJIL;SWASTA;SLB;0
4060;15;JAMBI;1501;150116;DATA SEKOLAH;UNIT;2023/2024 GANJIL;SWASTA;TK;5
4061;15;JAMBI;1501;150116;DATA SEKOLAH;UNIT;2023/2024 GANJIL;SWASTA;KB;25
4062;15;JAMBI;1501;150116;DATA SEKOLAH;UNIT;2023/2024 GANJIL;SWASTA;TPA;0
4063;15;JAMBI;1501;150116;DATA SEKOLAH;UNIT;2023/2024 GANJIL;SWASTA;SPS;5
4064;15;JAMBI;1501;150116;DATA SEKOLAH;UNIT;2023/2024 GANJIL;SWASTA;PKBM;6
4065;15;JAMBI;1501;150116;DATA SEKOLAH;UNIT;2023/2024 GANJIL;SWASTA;SKB;0
4066;15;JAMBI;1501;150116;DATA SEKOLAH;UNIT;2023/2024 GANJIL;SWASTA;SD;1
4067;15;JAMBI;1501;150116;DATA SEKOLAH;UNIT;2023/2024 GANJIL;SWASTA;SMP;0
4068;15;JAMBI;1501;150116;DATA SEKOLAH;UNIT;2023/2024 GANJIL;SWASTA;SMA;0
4069;15;JAMBI;1501;150116;DATA SEKOLAH;UNIT;2023/2024 GANJIL;SWASTA;SMK;0
4070;15;JAMBI;1501;150116;DATA SEKOLAH;UNIT;2023/2024 GANJIL;SWASTA;SLB;0
4071;15;JAMBI;1501;150118;DATA SEKOLAH;UNIT;2023/2024 GANJIL;SWASTA;TK;6
4072;15;JAMBI;1501;150118;DATA SEKOLAH;UNIT;2023/2024 GANJIL;SWASTA;KB;14
4073;15;JAMBI;1501;150118;DATA SEKOLAH;UNIT;2023/2024 GANJIL;SWASTA;TPA;1
4074;15;JAMBI;1501;150118;DATA SEKOLAH;UNIT;2023/2024 GANJIL;SWASTA;SPS;0
4075;15;JAMBI;1501;150118;DATA SEKOLAH;UNIT;2023/2024 GANJIL;SWASTA;PKBM;5
4076;15;JAMBI;1501;150118;DATA SEKOLAH;UNIT;2023/2024 GANJIL;SWASTA;SKB;0
4077;15;JAMBI;1501;150118;DATA SEKOLAH;UNIT;2023/2024 GANJIL;SWASTA;SD;0
4078;15;JAMBI;1501;150118;DATA SEKOLAH;UNIT;2023/2024 GANJIL;SWASTA;SMP;0
4079;15;JAMBI;1501;150118;DATA SEKOLAH;UNIT;2023/2024 GANJIL;SWASTA;SMA;0
4080;15;JAMBI;1501;150118;DATA SEKOLAH;UNIT;2023/2024 GANJIL;SWASTA;SMK;0
4081;15;JAMBI;1501;150118;DATA SEKOLAH;UNIT;2023/2024 GANJIL;SWASTA;SLB;0
4082;15;JAMBI;1501;150122;DATA SEKOLAH;UNIT;2023/2024 GANJIL;SWASTA;TK;0
4083;15;JAMBI;1501;150122;DATA SEKOLAH;UNIT;2023/2024 GANJIL;SWASTA;KB;10
4084;15;JAMBI;1501;150122;DATA SEKOLAH;UNIT;2023/2024 GANJIL;SWASTA;TPA;0
4085;15;JAMBI;1501;150122;DATA SEKOLAH;UNIT;2023/2024 GANJIL;SWASTA;SPS;0
4086;15;JAMBI;1501;150122;DATA SEKOLAH;UNIT;2023/2024 GANJIL;SWASTA;PKBM;0
4087;15;JAMBI;1501;150122;DATA SEKOLAH;UNIT;2023/2024 GANJIL;SWASTA;SKB;0
4088;15;JAMBI;1501;150122;DATA SEKOLAH;UNIT;2023/2024 GANJIL;SWASTA;SD;0
4089;15;JAMBI;1501;150122;DATA SEKOLAH;UNIT;2023/2024 GANJIL;SWASTA;SMP;0
4090;15;JAMBI;1501;150122;DATA SEKOLAH;UNIT;2023/2024 GANJIL;SWASTA;SMA;0
4091;15;JAMBI;1501;150122;DATA SEKOLAH;UNIT;2023/2024 GANJIL;SWASTA;SMK;0
4092;15;JAMBI;1501;150122;DATA SEKOLAH;UNIT;2023/2024 GANJIL;SWASTA;SLB;0
4093;15;JAMBI;1571;157109;DATA SEKOLAH;UNIT;2023/2024 GANJIL;NEGERI;TK;0
4094;15;JAMBI;1571;157109;DATA SEKOLAH;UNIT;2023/2024 GANJIL;NEGERI;KB;0
4095;15;JAMBI;1571;157109;DATA SEKOLAH;UNIT;2023/2024 GANJIL;NEGERI;TPA;0
4096;15;JAMBI;1571;157109;DATA SEKOLAH;UNIT;2023/2024 GANJIL;NEGERI;SPS;0
4097;15;JAMBI;1571;157109;DATA SEKOLAH;UNIT;2023/2024 GANJIL;NEGERI;PKBM;0
4098;15;JAMBI;1571;157109;DATA SEKOLAH;UNIT;2023/2024 GANJIL;NEGERI;SKB;0
4099;15;JAMBI;1571;157109;DATA SEKOLAH;UNIT;2023/2024 GANJIL;NEGERI;SD;16
4100;15;JAMBI;1571;157109;DATA SEKOLAH;UNIT;2023/2024 GANJIL;NEGERI;SMP;2
4101;15;JAMBI;1571;157109;DATA SEKOLAH;UNIT;2023/2024 GANJIL;NEGERI;SMA;3
4102;15;JAMBI;1571;157109;DATA SEKOLAH;UNIT;2023/2024 GANJIL;NEGERI;SMK;1
4103;15;JAMBI;1571;157109;DATA SEKOLAH;UNIT;2023/2024 GANJIL;NEGERI;SLB;0
4104;15;JAMBI;1571;157110;DATA SEKOLAH;UNIT;2023/2024 GANJIL;NEGERI;TK;1
4105;15;JAMBI;1571;157110;DATA SEKOLAH;UNIT;2023/2024 GANJIL;NEGERI;KB;0
4106;15;JAMBI;1571;157110;DATA SEKOLAH;UNIT;2023/2024 GANJIL;NEGERI;TPA;0
4107;15;JAMBI;1571;157110;DATA SEKOLAH;UNIT;2023/2024 GANJIL;NEGERI;SPS;0
4108;15;JAMBI;1571;157110;DATA SEKOLAH;UNIT;2023/2024 GANJIL;NEGERI;PKBM;0
4109;15;JAMBI;1571;157110;DATA SEKOLAH;UNIT;2023/2024 GANJIL;NEGERI;SKB;0
4110;15;JAMBI;1571;157110;DATA SEKOLAH;UNIT;2023/2024 GANJIL;NEGERI;SD;9
4111;15;JAMBI;1571;157110;DATA SEKOLAH;UNIT;2023/2024 GANJIL;NEGERI;SMP;1
4112;15;JAMBI;1571;157110;DATA SEKOLAH;UNIT;2023/2024 GANJIL;NEGERI;SMA;1
4113;15;JAMBI;1571;157110;DATA SEKOLAH;UNIT;2023/2024 GANJIL;NEGERI;SMK;1
4114;15;JAMBI;1571;157110;DATA SEKOLAH;UNIT;2023/2024 GANJIL;NEGERI;SLB;1
4115;15;JAMBI;1571;157106;DATA SEKOLAH;UNIT;2023/2024 GANJIL;NEGERI;TK;0
4116;15;JAMBI;1571;157106;DATA SEKOLAH;UNIT;2023/2024 GANJIL;NEGERI;KB;0
4117;15;JAMBI;1571;157106;DATA SEKOLAH;UNIT;2023/2024 GANJIL;NEGERI;TPA;0
4118;15;JAMBI;1571;157106;DATA SEKOLAH;UNIT;2023/2024 GANJIL;NEGERI;SPS;0
4119;15;JAMBI;1571;157106;DATA SEKOLAH;UNIT;2023/2024 GANJIL;NEGERI;PKBM;0
4120;15;JAMBI;1571;157106;DATA SEKOLAH;UNIT;2023/2024 GANJIL;NEGERI;SKB;0
4121;15;JAMBI;1571;157106;DATA SEKOLAH;UNIT;2023/2024 GANJIL;NEGERI;SD;5
4122;15;JAMBI;1571;157106;DATA SEKOLAH;UNIT;2023/2024 GANJIL;NEGERI;SMP;1
4123;15;JAMBI;1571;157106;DATA SEKOLAH;UNIT;2023/2024 GANJIL;NEGERI;SMA;1
4124;15;JAMBI;1571;157106;DATA SEKOLAH;UNIT;2023/2024 GANJIL;NEGERI;SMK;1
4125;15;JAMBI;1571;157106;DATA SEKOLAH;UNIT;2023/2024 GANJIL;NEGERI;SLB;0
4126;15;JAMBI;1571;157102;DATA SEKOLAH;UNIT;2023/2024 GANJIL;NEGERI;TK;0
4127;15;JAMBI;1571;157102;DATA SEKOLAH;UNIT;2023/2024 GANJIL;NEGERI;KB;0
4128;15;JAMBI;1571;157102;DATA SEKOLAH;UNIT;2023/2024 GANJIL;NEGERI;TPA;0
4129;15;JAMBI;1571;157102;DATA SEKOLAH;UNIT;2023/2024 GANJIL;NEGERI;SPS;0
4130;15;JAMBI;1571;157102;DATA SEKOLAH;UNIT;2023/2024 GANJIL;NEGERI;PKBM;0
4131;15;JAMBI;1571;157102;DATA SEKOLAH;UNIT;2023/2024 GANJIL;NEGERI;SKB;1
4132;15;JAMBI;1571;157102;DATA SEKOLAH;UNIT;2023/2024 GANJIL;NEGERI;SD;20
4133;15;JAMBI;1571;157102;DATA SEKOLAH;UNIT;2023/2024 GANJIL;NEGERI;SMP;1
4134;15;JAMBI;1571;157102;DATA SEKOLAH;UNIT;2023/2024 GANJIL;NEGERI;SMA;0
4135;15;JAMBI;1571;157102;DATA SEKOLAH;UNIT;2023/2024 GANJIL;NEGERI;SMK;1
4136;15;JAMBI;1571;157102;DATA SEKOLAH;UNIT;2023/2024 GANJIL;NEGERI;SLB;1
4137;15;JAMBI;1571;157103;DATA SEKOLAH;UNIT;2023/2024 GANJIL;NEGERI;TK;0
4138;15;JAMBI;1571;157103;DATA SEKOLAH;UNIT;2023/2024 GANJIL;NEGERI;KB;0
4139;15;JAMBI;1571;157103;DATA SEKOLAH;UNIT;2023/2024 GANJIL;NEGERI;TPA;0
4140;15;JAMBI;1571;157103;DATA SEKOLAH;UNIT;2023/2024 GANJIL;NEGERI;SPS;0
4141;15;JAMBI;1571;157103;DATA SEKOLAH;UNIT;2023/2024 GANJIL;NEGERI;PKBM;0
4142;15;JAMBI;1571;157103;DATA SEKOLAH;UNIT;2023/2024 GANJIL;NEGERI;SKB;0
4143;15;JAMBI;1571;157103;DATA SEKOLAH;UNIT;2023/2024 GANJIL;NEGERI;SD;25
4144;15;JAMBI;1571;157103;DATA SEKOLAH;UNIT;2023/2024 GANJIL;NEGERI;SMP;4
4145;15;JAMBI;1571;157103;DATA SEKOLAH;UNIT;2023/2024 GANJIL;NEGERI;SMA;1
4146;15;JAMBI;1571;157103;DATA SEKOLAH;UNIT;2023/2024 GANJIL;NEGERI;SMK;0
4147;15;JAMBI;1571;157103;DATA SEKOLAH;UNIT;2023/2024 GANJIL;NEGERI;SLB;0
4148;15;JAMBI;1571;157108;DATA SEKOLAH;UNIT;2023/2024 GANJIL;NEGERI;TK;0
4149;15;JAMBI;1571;157108;DATA SEKOLAH;UNIT;2023/2024 GANJIL;NEGERI;KB;0
4150;15;JAMBI;1571;157108;DATA SEKOLAH;UNIT;2023/2024 GANJIL;NEGERI;TPA;0
4151;15;JAMBI;1571;157108;DATA SEKOLAH;UNIT;2023/2024 GANJIL;NEGERI;SPS;0
4152;15;JAMBI;1571;157108;DATA SEKOLAH;UNIT;2023/2024 GANJIL;NEGERI;PKBM;0
4153;15;JAMBI;1571;157108;DATA SEKOLAH;UNIT;2023/2024 GANJIL;NEGERI;SKB;0
4154;15;JAMBI;1571;157108;DATA SEKOLAH;UNIT;2023/2024 GANJIL;NEGERI;SD;18
4155;15;JAMBI;1571;157108;DATA SEKOLAH;UNIT;2023/2024 GANJIL;NEGERI;SMP;1
4156;15;JAMBI;1571;157108;DATA SEKOLAH;UNIT;2023/2024 GANJIL;NEGERI;SMA;1
4157;15;JAMBI;1571;157108;DATA SEKOLAH;UNIT;2023/2024 GANJIL;NEGERI;SMK;0
4158;15;JAMBI;1571;157108;DATA SEKOLAH;UNIT;2023/2024 GANJIL;NEGERI;SLB;0
4159;15;JAMBI;1571;157107;DATA SEKOLAH;UNIT;2023/2024 GANJIL;NEGERI;TK;1
4160;15;JAMBI;1571;157107;DATA SEKOLAH;UNIT;2023/2024 GANJIL;NEGERI;KB;0
4161;15;JAMBI;1571;157107;DATA SEKOLAH;UNIT;2023/2024 GANJIL;NEGERI;TPA;0
4162;15;JAMBI;1571;157107;DATA SEKOLAH;UNIT;2023/2024 GANJIL;NEGERI;SPS;0
4163;15;JAMBI;1571;157107;DATA SEKOLAH;UNIT;2023/2024 GANJIL;NEGERI;PKBM;0
4164;15;JAMBI;1571;157107;DATA SEKOLAH;UNIT;2023/2024 GANJIL;NEGERI;SKB;0
4165;15;JAMBI;1571;157107;DATA SEKOLAH;UNIT;2023/2024 GANJIL;NEGERI;SD;25
4166;15;JAMBI;1571;157107;DATA SEKOLAH;UNIT;2023/2024 GANJIL;NEGERI;SMP;6
4167;15;JAMBI;1571;157107;DATA SEKOLAH;UNIT;2023/2024 GANJIL;NEGERI;SMA;3
4168;15;JAMBI;1571;157107;DATA SEKOLAH;UNIT;2023/2024 GANJIL;NEGERI;SMK;0
4169;15;JAMBI;1571;157107;DATA SEKOLAH;UNIT;2023/2024 GANJIL;NEGERI;SLB;0
4170;15;JAMBI;1571;157111;DATA SEKOLAH;UNIT;2023/2024 GANJIL;NEGERI;TK;0
4171;15;JAMBI;1571;157111;DATA SEKOLAH;UNIT;2023/2024 GANJIL;NEGERI;KB;0
4172;15;JAMBI;1571;157111;DATA SEKOLAH;UNIT;2023/2024 GANJIL;NEGERI;TPA;0
4173;15;JAMBI;1571;157111;DATA SEKOLAH;UNIT;2023/2024 GANJIL;NEGERI;SPS;0
4174;15;JAMBI;1571;157111;DATA SEKOLAH;UNIT;2023/2024 GANJIL;NEGERI;PKBM;0
4175;15;JAMBI;1571;157111;DATA SEKOLAH;UNIT;2023/2024 GANJIL;NEGERI;SKB;0
4176;15;JAMBI;1571;157111;DATA SEKOLAH;UNIT;2023/2024 GANJIL;NEGERI;SD;17
4177;15;JAMBI;1571;157111;DATA SEKOLAH;UNIT;2023/2024 GANJIL;NEGERI;SMP;4
4178;15;JAMBI;1571;157111;DATA SEKOLAH;UNIT;2023/2024 GANJIL;NEGERI;SMA;2
4179;15;JAMBI;1571;157111;DATA SEKOLAH;UNIT;2023/2024 GANJIL;NEGERI;SMK;1
4180;15;JAMBI;1571;157111;DATA SEKOLAH;UNIT;2023/2024 GANJIL;NEGERI;SLB;0
4181;15;JAMBI;1571;157104;DATA SEKOLAH;UNIT;2023/2024 GANJIL;NEGERI;TK;0
4182;15;JAMBI;1571;157104;DATA SEKOLAH;UNIT;2023/2024 GANJIL;NEGERI;KB;0
4183;15;JAMBI;1571;157104;DATA SEKOLAH;UNIT;2023/2024 GANJIL;NEGERI;TPA;0
4184;15;JAMBI;1571;157104;DATA SEKOLAH;UNIT;2023/2024 GANJIL;NEGERI;SPS;0
4185;15;JAMBI;1571;157104;DATA SEKOLAH;UNIT;2023/2024 GANJIL;NEGERI;PKBM;0
4186;15;JAMBI;1571;157104;DATA SEKOLAH;UNIT;2023/2024 GANJIL;NEGERI;SKB;0
4187;15;JAMBI;1571;157104;DATA SEKOLAH;UNIT;2023/2024 GANJIL;NEGERI;SD;4
4188;15;JAMBI;1571;157104;DATA SEKOLAH;UNIT;2023/2024 GANJIL;NEGERI;SMP;2
4189;15;JAMBI;1571;157104;DATA SEKOLAH;UNIT;2023/2024 GANJIL;NEGERI;SMA;0
4190;15;JAMBI;1571;157104;DATA SEKOLAH;UNIT;2023/2024 GANJIL;NEGERI;SMK;0
4191;15;JAMBI;1571;157104;DATA SEKOLAH;UNIT;2023/2024 GANJIL;NEGERI;SLB;0
4192;15;JAMBI;1571;157105;DATA SEKOLAH;UNIT;2023/2024 GANJIL;NEGERI;TK;0
4193;15;JAMBI;1571;157105;DATA SEKOLAH;UNIT;2023/2024 GANJIL;NEGERI;KB;0
4194;15;JAMBI;1571;157105;DATA SEKOLAH;UNIT;2023/2024 GANJIL;NEGERI;TPA;0
4195;15;JAMBI;1571;157105;DATA SEKOLAH;UNIT;2023/2024 GANJIL;NEGERI;SPS;0
4196;15;JAMBI;1571;157105;DATA SEKOLAH;UNIT;2023/2024 GANJIL;NEGERI;PKBM;0
4197;15;JAMBI;1571;157105;DATA SEKOLAH;UNIT;2023/2024 GANJIL;NEGERI;SKB;0
4198;15;JAMBI;1571;157105;DATA SEKOLAH;UNIT;2023/2024 GANJIL;NEGERI;SD;4
4199;15;JAMBI;1571;157105;DATA SEKOLAH;UNIT;2023/2024 GANJIL;NEGERI;SMP;0
4200;15;JAMBI;1571;157105;DATA SEKOLAH;UNIT;2023/2024 GANJIL;NEGERI;SMA;0
4201;15;JAMBI;1571;157105;DATA SEKOLAH;UNIT;2023/2024 GANJIL;NEGERI;SMK;0
4202;15;JAMBI;1571;157105;DATA SEKOLAH;UNIT;2023/2024 GANJIL;NEGERI;SLB;0
4203;15;JAMBI;1571;157101;DATA SEKOLAH;UNIT;2023/2024 GANJIL;NEGERI;TK;0
4204;15;JAMBI;1571;157101;DATA SEKOLAH;UNIT;2023/2024 GANJIL;NEGERI;KB;0
4205;15;JAMBI;1571;157101;DATA SEKOLAH;UNIT;2023/2024 GANJIL;NEGERI;TPA;0
4206;15;JAMBI;1571;157101;DATA SEKOLAH;UNIT;2023/2024 GANJIL;NEGERI;SPS;0
4207;15;JAMBI;1571;157101;DATA SEKOLAH;UNIT;2023/2024 GANJIL;NEGERI;PKBM;0
4208;15;JAMBI;1571;157101;DATA SEKOLAH;UNIT;2023/2024 GANJIL;NEGERI;SKB;0
4209;15;JAMBI;1571;157101;DATA SEKOLAH;UNIT;2023/2024 GANJIL;NEGERI;SD;19
4210;15;JAMBI;1571;157101;DATA SEKOLAH;UNIT;2023/2024 GANJIL;NEGERI;SMP;3
4211;15;JAMBI;1571;157101;DATA SEKOLAH;UNIT;2023/2024 GANJIL;NEGERI;SMA;2
4212;15;JAMBI;1571;157101;DATA SEKOLAH;UNIT;2023/2024 GANJIL;NEGERI;SMK;1
4213;15;JAMBI;1571;157101;DATA SEKOLAH;UNIT;2023/2024 GANJIL;NEGERI;SLB;1
4214;15;JAMBI;1571;157109;DATA SEKOLAH;UNIT;2023/2024 GANJIL;SWASTA;TK;39
4215;15;JAMBI;1571;157109;DATA SEKOLAH;UNIT;2023/2024 GANJIL;SWASTA;KB;19
4216;15;JAMBI;1571;157109;DATA SEKOLAH;UNIT;2023/2024 GANJIL;SWASTA;TPA;7
4217;15;JAMBI;1571;157109;DATA SEKOLAH;UNIT;2023/2024 GANJIL;SWASTA;SPS;5
4218;15;JAMBI;1571;157109;DATA SEKOLAH;UNIT;2023/2024 GANJIL;SWASTA;PKBM;0
4219;15;JAMBI;1571;157109;DATA SEKOLAH;UNIT;2023/2024 GANJIL;SWASTA;SKB;0
4220;15;JAMBI;1571;157109;DATA SEKOLAH;UNIT;2023/2024 GANJIL;SWASTA;SD;5
4221;15;JAMBI;1571;157109;DATA SEKOLAH;UNIT;2023/2024 GANJIL;SWASTA;SMP;4
4222;15;JAMBI;1571;157109;DATA SEKOLAH;UNIT;2023/2024 GANJIL;SWASTA;SMA;2
4223;15;JAMBI;1571;157109;DATA SEKOLAH;UNIT;2023/2024 GANJIL;SWASTA;SMK;1
4224;15;JAMBI;1571;157109;DATA SEKOLAH;UNIT;2023/2024 GANJIL;SWASTA;SLB;1
4225;15;JAMBI;1571;157110;DATA SEKOLAH;UNIT;2023/2024 GANJIL;SWASTA;TK;14
4226;15;JAMBI;1571;157110;DATA SEKOLAH;UNIT;2023/2024 GANJIL;SWASTA;KB;7
4227;15;JAMBI;1571;157110;DATA SEKOLAH;UNIT;2023/2024 GANJIL;SWASTA;TPA;2
4228;15;JAMBI;1571;157110;DATA SEKOLAH;UNIT;2023/2024 GANJIL;SWASTA;SPS;2
4229;15;JAMBI;1571;157110;DATA SEKOLAH;UNIT;2023/2024 GANJIL;SWASTA;PKBM;0
4230;15;JAMBI;1571;157110;DATA SEKOLAH;UNIT;2023/2024 GANJIL;SWASTA;SKB;0
4231;15;JAMBI;1571;157110;DATA SEKOLAH;UNIT;2023/2024 GANJIL;SWASTA;SD;5
4232;15;JAMBI;1571;157110;DATA SEKOLAH;UNIT;2023/2024 GANJIL;SWASTA;SMP;5
4233;15;JAMBI;1571;157110;DATA SEKOLAH;UNIT;2023/2024 GANJIL;SWASTA;SMA;6
4234;15;JAMBI;1571;157110;DATA SEKOLAH;UNIT;2023/2024 GANJIL;SWASTA;SMK;5
4235;15;JAMBI;1571;157110;DATA SEKOLAH;UNIT;2023/2024 GANJIL;SWASTA;SLB;0
4236;15;JAMBI;1571;157106;DATA SEKOLAH;UNIT;2023/2024 GANJIL;SWASTA;TK;3
4237;15;JAMBI;1571;157106;DATA SEKOLAH;UNIT;2023/2024 GANJIL;SWASTA;KB;6
4238;15;JAMBI;1571;157106;DATA SEKOLAH;UNIT;2023/2024 GANJIL;SWASTA;TPA;0
4239;15;JAMBI;1571;157106;DATA SEKOLAH;UNIT;2023/2024 GANJIL;SWASTA;SPS;0
4240;15;JAMBI;1571;157106;DATA SEKOLAH;UNIT;2023/2024 GANJIL;SWASTA;PKBM;0
4241;15;JAMBI;1571;157106;DATA SEKOLAH;UNIT;2023/2024 GANJIL;SWASTA;SKB;0
4242;15;JAMBI;1571;157106;DATA SEKOLAH;UNIT;2023/2024 GANJIL;SWASTA;SD;1
4243;15;JAMBI;1571;157106;DATA SEKOLAH;UNIT;2023/2024 GANJIL;SWASTA;SMP;0
4244;15;JAMBI;1571;157106;DATA SEKOLAH;UNIT;2023/2024 GANJIL;SWASTA;SMA;0
4245;15;JAMBI;1571;157106;DATA SEKOLAH;UNIT;2023/2024 GANJIL;SWASTA;SMK;0
4246;15;JAMBI;1571;157106;DATA SEKOLAH;UNIT;2023/2024 GANJIL;SWASTA;SLB;0
4247;15;JAMBI;1571;157102;DATA SEKOLAH;UNIT;2023/2024 GANJIL;SWASTA;TK;19
4248;15;JAMBI;1571;157102;DATA SEKOLAH;UNIT;2023/2024 GANJIL;SWASTA;KB;8
4249;15;JAMBI;1571;157102;DATA SEKOLAH;UNIT;2023/2024 GANJIL;SWASTA;TPA;0
4250;15;JAMBI;1571;157102;DATA SEKOLAH;UNIT;2023/2024 GANJIL;SWASTA;SPS;1
4251;15;JAMBI;1571;157102;DATA SEKOLAH;UNIT;2023/2024 GANJIL;SWASTA;PKBM;1
4252;15;JAMBI;1571;157102;DATA SEKOLAH;UNIT;2023/2024 GANJIL;SWASTA;SKB;0
4253;15;JAMBI;1571;157102;DATA SEKOLAH;UNIT;2023/2024 GANJIL;SWASTA;SD;7
4254;15;JAMBI;1571;157102;DATA SEKOLAH;UNIT;2023/2024 GANJIL;SWASTA;SMP;8
4255;15;JAMBI;1571;157102;DATA SEKOLAH;UNIT;2023/2024 GANJIL;SWASTA;SMA;6
4256;15;JAMBI;1571;157102;DATA SEKOLAH;UNIT;2023/2024 GANJIL;SWASTA;SMK;3
4257;15;JAMBI;1571;157102;DATA SEKOLAH;UNIT;2023/2024 GANJIL;SWASTA;SLB;1
4258;15;JAMBI;1571;157103;DATA SEKOLAH;UNIT;2023/2024 GANJIL;SWASTA;TK;17
4259;15;JAMBI;1571;157103;DATA SEKOLAH;UNIT;2023/2024 GANJIL;SWASTA;KB;9
4260;15;JAMBI;1571;157103;DATA SEKOLAH;UNIT;2023/2024 GANJIL;SWASTA;TPA;0
4261;15;JAMBI;1571;157103;DATA SEKOLAH;UNIT;2023/2024 GANJIL;SWASTA;SPS;0
4262;15;JAMBI;1571;157103;DATA SEKOLAH;UNIT;2023/2024 GANJIL;SWASTA;PKBM;2
4263;15;JAMBI;1571;157103;DATA SEKOLAH;UNIT;2023/2024 GANJIL;SWASTA;SKB;0
4264;15;JAMBI;1571;157103;DATA SEKOLAH;UNIT;2023/2024 GANJIL;SWASTA;SD;7
4265;15;JAMBI;1571;157103;DATA SEKOLAH;UNIT;2023/2024 GANJIL;SWASTA;SMP;7
4266;15;JAMBI;1571;157103;DATA SEKOLAH;UNIT;2023/2024 GANJIL;SWASTA;SMA;4
4267;15;JAMBI;1571;157103;DATA SEKOLAH;UNIT;2023/2024 GANJIL;SWASTA;SMK;4
4268;15;JAMBI;1571;157103;DATA SEKOLAH;UNIT;2023/2024 GANJIL;SWASTA;SLB;2
4269;15;JAMBI;1571;157108;DATA SEKOLAH;UNIT;2023/2024 GANJIL;SWASTA;TK;15
4270;15;JAMBI;1571;157108;DATA SEKOLAH;UNIT;2023/2024 GANJIL;SWASTA;KB;9
4271;15;JAMBI;1571;157108;DATA SEKOLAH;UNIT;2023/2024 GANJIL;SWASTA;TPA;1
4272;15;JAMBI;1571;157108;DATA SEKOLAH;UNIT;2023/2024 GANJIL;SWASTA;SPS;1
4273;15;JAMBI;1571;157108;DATA SEKOLAH;UNIT;2023/2024 GANJIL;SWASTA;PKBM;2
4274;15;JAMBI;1571;157108;DATA SEKOLAH;UNIT;2023/2024 GANJIL;SWASTA;SKB;0
4275;15;JAMBI;1571;157108;DATA SEKOLAH;UNIT;2023/2024 GANJIL;SWASTA;SD;7
4276;15;JAMBI;1571;157108;DATA SEKOLAH;UNIT;2023/2024 GANJIL;SWASTA;SMP;6
4277;15;JAMBI;1571;157108;DATA SEKOLAH;UNIT;2023/2024 GANJIL;SWASTA;SMA;5
4278;15;JAMBI;1571;157108;DATA SEKOLAH;UNIT;2023/2024 GANJIL;SWASTA;SMK;2
4279;15;JAMBI;1571;157108;DATA SEKOLAH;UNIT;2023/2024 GANJIL;SWASTA;SLB;0
4280;15;JAMBI;1571;157107;DATA SEKOLAH;UNIT;2023/2024 GANJIL;SWASTA;TK;25
4281;15;JAMBI;1571;157107;DATA SEKOLAH;UNIT;2023/2024 GANJIL;SWASTA;KB;8
4282;15;JAMBI;1571;157107;DATA SEKOLAH;UNIT;2023/2024 GANJIL;SWASTA;TPA;5
4283;15;JAMBI;1571;157107;DATA SEKOLAH;UNIT;2023/2024 GANJIL;SWASTA;SPS;3
4284;15;JAMBI;1571;157107;DATA SEKOLAH;UNIT;2023/2024 GANJIL;SWASTA;PKBM;1
4285;15;JAMBI;1571;157107;DATA SEKOLAH;UNIT;2023/2024 GANJIL;SWASTA;SKB;0
4286;15;JAMBI;1571;157107;DATA SEKOLAH;UNIT;2023/2024 GANJIL;SWASTA;SD;3
4287;15;JAMBI;1571;157107;DATA SEKOLAH;UNIT;2023/2024 GANJIL;SWASTA;SMP;4
4288;15;JAMBI;1571;157107;DATA SEKOLAH;UNIT;2023/2024 GANJIL;SWASTA;SMA;1
4289;15;JAMBI;1571;157107;DATA SEKOLAH;UNIT;2023/2024 GANJIL;SWASTA;SMK;6
4290;15;JAMBI;1571;157107;DATA SEKOLAH;UNIT;2023/2024 GANJIL;SWASTA;SLB;0
4291;15;JAMBI;1571;157111;DATA SEKOLAH;UNIT;2023/2024 GANJIL;SWASTA;TK;31
4292;15;JAMBI;1571;157111;DATA SEKOLAH;UNIT;2023/2024 GANJIL;SWASTA;KB;13
4293;15;JAMBI;1571;157111;DATA SEKOLAH;UNIT;2023/2024 GANJIL;SWASTA;TPA;0
4294;15;JAMBI;1571;157111;DATA SEKOLAH;UNIT;2023/2024 GANJIL;SWASTA;SPS;2
4295;15;JAMBI;1571;157111;DATA SEKOLAH;UNIT;2023/2024 GANJIL;SWASTA;PKBM;5
4296;15;JAMBI;1571;157111;DATA SEKOLAH;UNIT;2023/2024 GANJIL;SWASTA;SKB;0
4297;15;JAMBI;1571;157111;DATA SEKOLAH;UNIT;2023/2024 GANJIL;SWASTA;SD;3
4298;15;JAMBI;1571;157111;DATA SEKOLAH;UNIT;2023/2024 GANJIL;SWASTA;SMP;4
4299;15;JAMBI;1571;157111;DATA SEKOLAH;UNIT;2023/2024 GANJIL;SWASTA;SMA;4
4300;15;JAMBI;1571;157111;DATA SEKOLAH;UNIT;2023/2024 GANJIL;SWASTA;SMK;6
4301;15;JAMBI;1571;157111;DATA SEKOLAH;UNIT;2023/2024 GANJIL;SWASTA;SLB;0
4302;15;JAMBI;1571;157104;DATA SEKOLAH;UNIT;2023/2024 GANJIL;SWASTA;TK;6
4303;15;JAMBI;1571;157104;DATA SEKOLAH;UNIT;2023/2024 GANJIL;SWASTA;KB;3
4304;15;JAMBI;1571;157104;DATA SEKOLAH;UNIT;2023/2024 GANJIL;SWASTA;TPA;0
4305;15;JAMBI;1571;157104;DATA SEKOLAH;UNIT;2023/2024 GANJIL;SWASTA;SPS;1
4306;15;JAMBI;1571;157104;DATA SEKOLAH;UNIT;2023/2024 GANJIL;SWASTA;PKBM;0
4307;15;JAMBI;1571;157104;DATA SEKOLAH;UNIT;2023/2024 GANJIL;SWASTA;SKB;0
4308;15;JAMBI;1571;157104;DATA SEKOLAH;UNIT;2023/2024 GANJIL;SWASTA;SD;3
4309;15;JAMBI;1571;157104;DATA SEKOLAH;UNIT;2023/2024 GANJIL;SWASTA;SMP;1
4310;15;JAMBI;1571;157104;DATA SEKOLAH;UNIT;2023/2024 GANJIL;SWASTA;SMA;0
4311;15;JAMBI;1571;157104;DATA SEKOLAH;UNIT;2023/2024 GANJIL;SWASTA;SMK;1
4312;15;JAMBI;1571;157104;DATA SEKOLAH;UNIT;2023/2024 GANJIL;SWASTA;SLB;0
4313;15;JAMBI;1571;157105;DATA SEKOLAH;UNIT;2023/2024 GANJIL;SWASTA;TK;3
4314;15;JAMBI;1571;157105;DATA SEKOLAH;UNIT;2023/2024 GANJIL;SWASTA;KB;8
4315;15;JAMBI;1571;157105;DATA SEKOLAH;UNIT;2023/2024 GANJIL;SWASTA;TPA;0
4316;15;JAMBI;1571;157105;DATA SEKOLAH;UNIT;2023/2024 GANJIL;SWASTA;SPS;1
4317;15;JAMBI;1571;157105;DATA SEKOLAH;UNIT;2023/2024 GANJIL;SWASTA;PKBM;0
4318;15;JAMBI;1571;157105;DATA SEKOLAH;UNIT;2023/2024 GANJIL;SWASTA;SKB;0
4319;15;JAMBI;1571;157105;DATA SEKOLAH;UNIT;2023/2024 GANJIL;SWASTA;SD;0
4320;15;JAMBI;1571;157105;DATA SEKOLAH;UNIT;2023/2024 GANJIL;SWASTA;SMP;0
4321;15;JAMBI;1571;157105;DATA SEKOLAH;UNIT;2023/2024 GANJIL;SWASTA;SMA;0
4322;15;JAMBI;1571;157105;DATA SEKOLAH;UNIT;2023/2024 GANJIL;SWASTA;SMK;0
4323;15;JAMBI;1571;157105;DATA SEKOLAH;UNIT;2023/2024 GANJIL;SWASTA;SLB;0
4324;15;JAMBI;1571;157101;DATA SEKOLAH;UNIT;2023/2024 GANJIL;SWASTA;TK;20
4325;15;JAMBI;1571;157101;DATA SEKOLAH;UNIT;2023/2024 GANJIL;SWASTA;KB;8
4326;15;JAMBI;1571;157101;DATA SEKOLAH;UNIT;2023/2024 GANJIL;SWASTA;TPA;8
4327;15;JAMBI;1571;157101;DATA SEKOLAH;UNIT;2023/2024 GANJIL;SWASTA;SPS;1
4328;15;JAMBI;1571;157101;DATA SEKOLAH;UNIT;2023/2024 GANJIL;SWASTA;PKBM;3
4329;15;JAMBI;1571;157101;DATA SEKOLAH;UNIT;2023/2024 GANJIL;SWASTA;SKB;0
4330;15;JAMBI;1571;157101;DATA SEKOLAH;UNIT;2023/2024 GANJIL;SWASTA;SD;5
4331;15;JAMBI;1571;157101;DATA SEKOLAH;UNIT;2023/2024 GANJIL;SWASTA;SMP;9
4332;15;JAMBI;1571;157101;DATA SEKOLAH;UNIT;2023/2024 GANJIL;SWASTA;SMA;5
4333;15;JAMBI;1571;157101;DATA SEKOLAH;UNIT;2023/2024 GANJIL;SWASTA;SMK;0
4334;15;JAMBI;1571;157101;DATA SEKOLAH;UNIT;2023/2024 GANJIL;SWASTA;SLB;1
4335;15;JAMBI;1572;157203;DATA SEKOLAH;UNIT;2023/2024 GANJIL;NEGERI;TK;1
4336;15;JAMBI;1572;157203;DATA SEKOLAH;UNIT;2023/2024 GANJIL;NEGERI;KB;0
4337;15;JAMBI;1572;157203;DATA SEKOLAH;UNIT;2023/2024 GANJIL;NEGERI;TPA;0
4338;15;JAMBI;1572;157203;DATA SEKOLAH;UNIT;2023/2024 GANJIL;NEGERI;SPS;0
4339;15;JAMBI;1572;157203;DATA SEKOLAH;UNIT;2023/2024 GANJIL;NEGERI;PKBM;0
4340;15;JAMBI;1572;157203;DATA SEKOLAH;UNIT;2023/2024 GANJIL;NEGERI;SKB;0
4341;15;JAMBI;1572;157203;DATA SEKOLAH;UNIT;2023/2024 GANJIL;NEGERI;SD;11
4342;15;JAMBI;1572;157203;DATA SEKOLAH;UNIT;2023/2024 GANJIL;NEGERI;SMP;1
4343;15;JAMBI;1572;157203;DATA SEKOLAH;UNIT;2023/2024 GANJIL;NEGERI;SMA;1
4344;15;JAMBI;1572;157203;DATA SEKOLAH;UNIT;2023/2024 GANJIL;NEGERI;SMK;0
4345;15;JAMBI;1572;157203;DATA SEKOLAH;UNIT;2023/2024 GANJIL;NEGERI;SLB;0
4346;15;JAMBI;1572;157207;DATA SEKOLAH;UNIT;2023/2024 GANJIL;NEGERI;TK;1
4347;15;JAMBI;1572;157207;DATA SEKOLAH;UNIT;2023/2024 GANJIL;NEGERI;KB;0
4348;15;JAMBI;1572;157207;DATA SEKOLAH;UNIT;2023/2024 GANJIL;NEGERI;TPA;0
4349;15;JAMBI;1572;157207;DATA SEKOLAH;UNIT;2023/2024 GANJIL;NEGERI;SPS;0
4350;15;JAMBI;1572;157207;DATA SEKOLAH;UNIT;2023/2024 GANJIL;NEGERI;PKBM;0
4351;15;JAMBI;1572;157207;DATA SEKOLAH;UNIT;2023/2024 GANJIL;NEGERI;SKB;0
4352;15;JAMBI;1572;157207;DATA SEKOLAH;UNIT;2023/2024 GANJIL;NEGERI;SD;4
4353;15;JAMBI;1572;157207;DATA SEKOLAH;UNIT;2023/2024 GANJIL;NEGERI;SMP;1
4354;15;JAMBI;1572;157207;DATA SEKOLAH;UNIT;2023/2024 GANJIL;NEGERI;SMA;1
4355;15;JAMBI;1572;157207;DATA SEKOLAH;UNIT;2023/2024 GANJIL;NEGERI;SMK;0
4356;15;JAMBI;1572;157207;DATA SEKOLAH;UNIT;2023/2024 GANJIL;NEGERI;SLB;0
4357;15;JAMBI;1572;157205;DATA SEKOLAH;UNIT;2023/2024 GANJIL;NEGERI;TK;1
4358;15;JAMBI;1572;157205;DATA SEKOLAH;UNIT;2023/2024 GANJIL;NEGERI;KB;0
4359;15;JAMBI;1572;157205;DATA SEKOLAH;UNIT;2023/2024 GANJIL;NEGERI;TPA;0
4360;15;JAMBI;1572;157205;DATA SEKOLAH;UNIT;2023/2024 GANJIL;NEGERI;SPS;0
4361;15;JAMBI;1572;157205;DATA SEKOLAH;UNIT;2023/2024 GANJIL;NEGERI;PKBM;0
4362;15;JAMBI;1572;157205;DATA SEKOLAH;UNIT;2023/2024 GANJIL;NEGERI;SKB;0
4363;15;JAMBI;1572;157205;DATA SEKOLAH;UNIT;2023/2024 GANJIL;NEGERI;SD;10
4364;15;JAMBI;1572;157205;DATA SEKOLAH;UNIT;2023/2024 GANJIL;NEGERI;SMP;1
4365;15;JAMBI;1572;157205;DATA SEKOLAH;UNIT;2023/2024 GANJIL;NEGERI;SMA;0
4366;15;JAMBI;1572;157205;DATA SEKOLAH;UNIT;2023/2024 GANJIL;NEGERI;SMK;2
4367;15;JAMBI;1572;157205;DATA SEKOLAH;UNIT;2023/2024 GANJIL;NEGERI;SLB;1
4368;15;JAMBI;1572;157202;DATA SEKOLAH;UNIT;2023/2024 GANJIL;NEGERI;TK;1
4369;15;JAMBI;1572;157202;DATA SEKOLAH;UNIT;2023/2024 GANJIL;NEGERI;KB;0
4370;15;JAMBI;1572;157202;DATA SEKOLAH;UNIT;2023/2024 GANJIL;NEGERI;TPA;0
4371;15;JAMBI;1572;157202;DATA SEKOLAH;UNIT;2023/2024 GANJIL;NEGERI;SPS;0
4372;15;JAMBI;1572;157202;DATA SEKOLAH;UNIT;2023/2024 GANJIL;NEGERI;PKBM;0
4373;15;JAMBI;1572;157202;DATA SEKOLAH;UNIT;2023/2024 GANJIL;NEGERI;SKB;0
4374;15;JAMBI;1572;157202;DATA SEKOLAH;UNIT;2023/2024 GANJIL;NEGERI;SD;8
4375;15;JAMBI;1572;157202;DATA SEKOLAH;UNIT;2023/2024 GANJIL;NEGERI;SMP;2
4376;15;JAMBI;1572;157202;DATA SEKOLAH;UNIT;2023/2024 GANJIL;NEGERI;SMA;0
4377;15;JAMBI;1572;157202;DATA SEKOLAH;UNIT;2023/2024 GANJIL;NEGERI;SMK;2
4378;15;JAMBI;1572;157202;DATA SEKOLAH;UNIT;2023/2024 GANJIL;NEGERI;SLB;0
4379;15;JAMBI;1572;157206;DATA SEKOLAH;UNIT;2023/2024 GANJIL;NEGERI;TK;1
4380;15;JAMBI;1572;157206;DATA SEKOLAH;UNIT;2023/2024 GANJIL;NEGERI;KB;0
4381;15;JAMBI;1572;157206;DATA SEKOLAH;UNIT;2023/2024 GANJIL;NEGERI;TPA;0
4382;15;JAMBI;1572;157206;DATA SEKOLAH;UNIT;2023/2024 GANJIL;NEGERI;SPS;0
4383;15;JAMBI;1572;157206;DATA SEKOLAH;UNIT;2023/2024 GANJIL;NEGERI;PKBM;0
4384;15;JAMBI;1572;157206;DATA SEKOLAH;UNIT;2023/2024 GANJIL;NEGERI;SKB;0
4385;15;JAMBI;1572;157206;DATA SEKOLAH;UNIT;2023/2024 GANJIL;NEGERI;SD;10
4386;15;JAMBI;1572;157206;DATA SEKOLAH;UNIT;2023/2024 GANJIL;NEGERI;SMP;1
4387;15;JAMBI;1572;157206;DATA SEKOLAH;UNIT;2023/2024 GANJIL;NEGERI;SMA;1
4388;15;JAMBI;1572;157206;DATA SEKOLAH;UNIT;2023/2024 GANJIL;NEGERI;SMK;0
4389;15;JAMBI;1572;157206;DATA SEKOLAH;UNIT;2023/2024 GANJIL;NEGERI;SLB;0
4390;15;JAMBI;1572;157208;DATA SEKOLAH;UNIT;2023/2024 GANJIL;NEGERI;TK;1
4391;15;JAMBI;1572;157208;DATA SEKOLAH;UNIT;2023/2024 GANJIL;NEGERI;KB;0
4392;15;JAMBI;1572;157208;DATA SEKOLAH;UNIT;2023/2024 GANJIL;NEGERI;TPA;0
4393;15;JAMBI;1572;157208;DATA SEKOLAH;UNIT;2023/2024 GANJIL;NEGERI;SPS;0
4394;15;JAMBI;1572;157208;DATA SEKOLAH;UNIT;2023/2024 GANJIL;NEGERI;PKBM;0
4395;15;JAMBI;1572;157208;DATA SEKOLAH;UNIT;2023/2024 GANJIL;NEGERI;SKB;0
4396;15;JAMBI;1572;157208;DATA SEKOLAH;UNIT;2023/2024 GANJIL;NEGERI;SD;9
4397;15;JAMBI;1572;157208;DATA SEKOLAH;UNIT;2023/2024 GANJIL;NEGERI;SMP;1
4398;15;JAMBI;1572;157208;DATA SEKOLAH;UNIT;2023/2024 GANJIL;NEGERI;SMA;0
4399;15;JAMBI;1572;157208;DATA SEKOLAH;UNIT;2023/2024 GANJIL;NEGERI;SMK;0
4400;15;JAMBI;1572;157208;DATA SEKOLAH;UNIT;2023/2024 GANJIL;NEGERI;SLB;0
4401;15;JAMBI;1572;157201;DATA SEKOLAH;UNIT;2023/2024 GANJIL;NEGERI;TK;1
4402;15;JAMBI;1572;157201;DATA SEKOLAH;UNIT;2023/2024 GANJIL;NEGERI;KB;0
4403;15;JAMBI;1572;157201;DATA SEKOLAH;UNIT;2023/2024 GANJIL;NEGERI;TPA;0
4404;15;JAMBI;1572;157201;DATA SEKOLAH;UNIT;2023/2024 GANJIL;NEGERI;SPS;0
4405;15;JAMBI;1572;157201;DATA SEKOLAH;UNIT;2023/2024 GANJIL;NEGERI;PKBM;0
4406;15;JAMBI;1572;157201;DATA SEKOLAH;UNIT;2023/2024 GANJIL;NEGERI;SKB;0
4407;15;JAMBI;1572;157201;DATA SEKOLAH;UNIT;2023/2024 GANJIL;NEGERI;SD;7
4408;15;JAMBI;1572;157201;DATA SEKOLAH;UNIT;2023/2024 GANJIL;NEGERI;SMP;4
4409;15;JAMBI;1572;157201;DATA SEKOLAH;UNIT;2023/2024 GANJIL;NEGERI;SMA;2
4410;15;JAMBI;1572;157201;DATA SEKOLAH;UNIT;2023/2024 GANJIL;NEGERI;SMK;0
4411;15;JAMBI;1572;157201;DATA SEKOLAH;UNIT;2023/2024 GANJIL;NEGERI;SLB;0
4412;15;JAMBI;1572;157204;DATA SEKOLAH;UNIT;2023/2024 GANJIL;NEGERI;TK;1
4413;15;JAMBI;1572;157204;DATA SEKOLAH;UNIT;2023/2024 GANJIL;NEGERI;KB;0
4414;15;JAMBI;1572;157204;DATA SEKOLAH;UNIT;2023/2024 GANJIL;NEGERI;TPA;0
4415;15;JAMBI;1572;157204;DATA SEKOLAH;UNIT;2023/2024 GANJIL;NEGERI;SPS;0
4416;15;JAMBI;1572;157204;DATA SEKOLAH;UNIT;2023/2024 GANJIL;NEGERI;PKBM;0
4417;15;JAMBI;1572;157204;DATA SEKOLAH;UNIT;2023/2024 GANJIL;NEGERI;SKB;0
4418;15;JAMBI;1572;157204;DATA SEKOLAH;UNIT;2023/2024 GANJIL;NEGERI;SD;10
4419;15;JAMBI;1572;157204;DATA SEKOLAH;UNIT;2023/2024 GANJIL;NEGERI;SMP;2
4420;15;JAMBI;1572;157204;DATA SEKOLAH;UNIT;2023/2024 GANJIL;NEGERI;SMA;0
4421;15;JAMBI;1572;157204;DATA SEKOLAH;UNIT;2023/2024 GANJIL;NEGERI;SMK;1
4422;15;JAMBI;1572;157204;DATA SEKOLAH;UNIT;2023/2024 GANJIL;NEGERI;SLB;0
4423;15;JAMBI;1572;157203;DATA SEKOLAH;UNIT;2023/2024 GANJIL;SWASTA;TK;6
4424;15;JAMBI;1572;157203;DATA SEKOLAH;UNIT;2023/2024 GANJIL;SWASTA;KB;13
4425;15;JAMBI;1572;157203;DATA SEKOLAH;UNIT;2023/2024 GANJIL;SWASTA;TPA;0
4426;15;JAMBI;1572;157203;DATA SEKOLAH;UNIT;2023/2024 GANJIL;SWASTA;SPS;7
4427;15;JAMBI;1572;157203;DATA SEKOLAH;UNIT;2023/2024 GANJIL;SWASTA;PKBM;2
4428;15;JAMBI;1572;157203;DATA SEKOLAH;UNIT;2023/2024 GANJIL;SWASTA;SKB;0
4429;15;JAMBI;1572;157203;DATA SEKOLAH;UNIT;2023/2024 GANJIL;SWASTA;SD;0
4430;15;JAMBI;1572;157203;DATA SEKOLAH;UNIT;2023/2024 GANJIL;SWASTA;SMP;0
4431;15;JAMBI;1572;157203;DATA SEKOLAH;UNIT;2023/2024 GANJIL;SWASTA;SMA;0
4432;15;JAMBI;1572;157203;DATA SEKOLAH;UNIT;2023/2024 GANJIL;SWASTA;SMK;0
4433;15;JAMBI;1572;157203;DATA SEKOLAH;UNIT;2023/2024 GANJIL;SWASTA;SLB;0
4434;15;JAMBI;1572;157207;DATA SEKOLAH;UNIT;2023/2024 GANJIL;SWASTA;TK;6
4435;15;JAMBI;1572;157207;DATA SEKOLAH;UNIT;2023/2024 GANJIL;SWASTA;KB;9
4436;15;JAMBI;1572;157207;DATA SEKOLAH;UNIT;2023/2024 GANJIL;SWASTA;TPA;0
4437;15;JAMBI;1572;157207;DATA SEKOLAH;UNIT;2023/2024 GANJIL;SWASTA;SPS;1
4438;15;JAMBI;1572;157207;DATA SEKOLAH;UNIT;2023/2024 GANJIL;SWASTA;PKBM;1
4439;15;JAMBI;1572;157207;DATA SEKOLAH;UNIT;2023/2024 GANJIL;SWASTA;SKB;0
4440;15;JAMBI;1572;157207;DATA SEKOLAH;UNIT;2023/2024 GANJIL;SWASTA;SD;0
4441;15;JAMBI;1572;157207;DATA SEKOLAH;UNIT;2023/2024 GANJIL;SWASTA;SMP;0
4442;15;JAMBI;1572;157207;DATA SEKOLAH;UNIT;2023/2024 GANJIL;SWASTA;SMA;0
4443;15;JAMBI;1572;157207;DATA SEKOLAH;UNIT;2023/2024 GANJIL;SWASTA;SMK;0
4444;15;JAMBI;1572;157207;DATA SEKOLAH;UNIT;2023/2024 GANJIL;SWASTA;SLB;0
4445;15;JAMBI;1572;157205;DATA SEKOLAH;UNIT;2023/2024 GANJIL;SWASTA;TK;2
4446;15;JAMBI;1572;157205;DATA SEKOLAH;UNIT;2023/2024 GANJIL;SWASTA;KB;6
4447;15;JAMBI;1572;157205;DATA SEKOLAH;UNIT;2023/2024 GANJIL;SWASTA;TPA;0
4448;15;JAMBI;1572;157205;DATA SEKOLAH;UNIT;2023/2024 GANJIL;SWASTA;SPS;5
4449;15;JAMBI;1572;157205;DATA SEKOLAH;UNIT;2023/2024 GANJIL;SWASTA;PKBM;1
4450;15;JAMBI;1572;157205;DATA SEKOLAH;UNIT;2023/2024 GANJIL;SWASTA;SKB;0
4451;15;JAMBI;1572;157205;DATA SEKOLAH;UNIT;2023/2024 GANJIL;SWASTA;SD;0
4452;15;JAMBI;1572;157205;DATA SEKOLAH;UNIT;2023/2024 GANJIL;SWASTA;SMP;0
4453;15;JAMBI;1572;157205;DATA SEKOLAH;UNIT;2023/2024 GANJIL;SWASTA;SMA;0
4454;15;JAMBI;1572;157205;DATA SEKOLAH;UNIT;2023/2024 GANJIL;SWASTA;SMK;0
4455;15;JAMBI;1572;157205;DATA SEKOLAH;UNIT;2023/2024 GANJIL;SWASTA;SLB;0
4456;15;JAMBI;1572;157202;DATA SEKOLAH;UNIT;2023/2024 GANJIL;SWASTA;TK;2
4457;15;JAMBI;1572;157202;DATA SEKOLAH;UNIT;2023/2024 GANJIL;SWASTA;KB;6
4458;15;JAMBI;1572;157202;DATA SEKOLAH;UNIT;2023/2024 GANJIL;SWASTA;TPA;1
4459;15;JAMBI;1572;157202;DATA SEKOLAH;UNIT;2023/2024 GANJIL;SWASTA;SPS;7
4460;15;JAMBI;1572;157202;DATA SEKOLAH;UNIT;2023/2024 GANJIL;SWASTA;PKBM;1
4461;15;JAMBI;1572;157202;DATA SEKOLAH;UNIT;2023/2024 GANJIL;SWASTA;SKB;0
4462;15;JAMBI;1572;157202;DATA SEKOLAH;UNIT;2023/2024 GANJIL;SWASTA;SD;0
4463;15;JAMBI;1572;157202;DATA SEKOLAH;UNIT;2023/2024 GANJIL;SWASTA;SMP;0
4464;15;JAMBI;1572;157202;DATA SEKOLAH;UNIT;2023/2024 GANJIL;SWASTA;SMA;0
4465;15;JAMBI;1572;157202;DATA SEKOLAH;UNIT;2023/2024 GANJIL;SWASTA;SMK;0
4466;15;JAMBI;1572;157202;DATA SEKOLAH;UNIT;2023/2024 GANJIL;SWASTA;SLB;0
4467;15;JAMBI;1572;157206;DATA SEKOLAH;UNIT;2023/2024 GANJIL;SWASTA;TK;8
4468;15;JAMBI;1572;157206;DATA SEKOLAH;UNIT;2023/2024 GANJIL;SWASTA;KB;8
4469;15;JAMBI;1572;157206;DATA SEKOLAH;UNIT;2023/2024 GANJIL;SWASTA;TPA;1
4470;15;JAMBI;1572;157206;DATA SEKOLAH;UNIT;2023/2024 GANJIL;SWASTA;SPS;1
4471;15;JAMBI;1572;157206;DATA SEKOLAH;UNIT;2023/2024 GANJIL;SWASTA;PKBM;2
4472;15;JAMBI;1572;157206;DATA SEKOLAH;UNIT;2023/2024 GANJIL;SWASTA;SKB;0
4473;15;JAMBI;1572;157206;DATA SEKOLAH;UNIT;2023/2024 GANJIL;SWASTA;SD;0
4474;15;JAMBI;1572;157206;DATA SEKOLAH;UNIT;2023/2024 GANJIL;SWASTA;SMP;0
4475;15;JAMBI;1572;157206;DATA SEKOLAH;UNIT;2023/2024 GANJIL;SWASTA;SMA;0
4476;15;JAMBI;1572;157206;DATA SEKOLAH;UNIT;2023/2024 GANJIL;SWASTA;SMK;0
4477;15;JAMBI;1572;157206;DATA SEKOLAH;UNIT;2023/2024 GANJIL;SWASTA;SLB;0
4478;15;JAMBI;1572;157208;DATA SEKOLAH;UNIT;2023/2024 GANJIL;SWASTA;TK;4
4479;15;JAMBI;1572;157208;DATA SEKOLAH;UNIT;2023/2024 GANJIL;SWASTA;KB;3
4480;15;JAMBI;1572;157208;DATA SEKOLAH;UNIT;2023/2024 GANJIL;SWASTA;TPA;1
4481;15;JAMBI;1572;157208;DATA SEKOLAH;UNIT;2023/2024 GANJIL;SWASTA;SPS;3
4482;15;JAMBI;1572;157208;DATA SEKOLAH;UNIT;2023/2024 GANJIL;SWASTA;PKBM;1
4483;15;JAMBI;1572;157208;DATA SEKOLAH;UNIT;2023/2024 GANJIL;SWASTA;SKB;0
4484;15;JAMBI;1572;157208;DATA SEKOLAH;UNIT;2023/2024 GANJIL;SWASTA;SD;2
4485;15;JAMBI;1572;157208;DATA SEKOLAH;UNIT;2023/2024 GANJIL;SWASTA;SMP;1
4486;15;JAMBI;1572;157208;DATA SEKOLAH;UNIT;2023/2024 GANJIL;SWASTA;SMA;0
4487;15;JAMBI;1572;157208;DATA SEKOLAH;UNIT;2023/2024 GANJIL;SWASTA;SMK;0
4488;15;JAMBI;1572;157208;DATA SEKOLAH;UNIT;2023/2024 GANJIL;SWASTA;SLB;0
4489;15;JAMBI;1572;157201;DATA SEKOLAH;UNIT;2023/2024 GANJIL;SWASTA;TK;5
4490;15;JAMBI;1572;157201;DATA SEKOLAH;UNIT;2023/2024 GANJIL;SWASTA;KB;2
4491;15;JAMBI;1572;157201;DATA SEKOLAH;UNIT;2023/2024 GANJIL;SWASTA;TPA;0
4492;15;JAMBI;1572;157201;DATA SEKOLAH;UNIT;2023/2024 GANJIL;SWASTA;SPS;0
4493;15;JAMBI;1572;157201;DATA SEKOLAH;UNIT;2023/2024 GANJIL;SWASTA;PKBM;0
4494;15;JAMBI;1572;157201;DATA SEKOLAH;UNIT;2023/2024 GANJIL;SWASTA;SKB;0
4495;15;JAMBI;1572;157201;DATA SEKOLAH;UNIT;2023/2024 GANJIL;SWASTA;SD;3
4496;15;JAMBI;1572;157201;DATA SEKOLAH;UNIT;2023/2024 GANJIL;SWASTA;SMP;1
4497;15;JAMBI;1572;157201;DATA SEKOLAH;UNIT;2023/2024 GANJIL;SWASTA;SMA;0
4498;15;JAMBI;1572;157201;DATA SEKOLAH;UNIT;2023/2024 GANJIL;SWASTA;SMK;0
4499;15;JAMBI;1572;157201;DATA SEKOLAH;UNIT;2023/2024 GANJIL;SWASTA;SLB;0
4500;15;JAMBI;1572;157204;DATA SEKOLAH;UNIT;2023/2024 GANJIL;SWASTA;TK;1
4501;15;JAMBI;1572;157204;DATA SEKOLAH;UNIT;2023/2024 GANJIL;SWASTA;KB;13
4502;15;JAMBI;1572;157204;DATA SEKOLAH;UNIT;2023/2024 GANJIL;SWASTA;TPA;0
4503;15;JAMBI;1572;157204;DATA SEKOLAH;UNIT;2023/2024 GANJIL;SWASTA;SPS;0
4504;15;JAMBI;1572;157204;DATA SEKOLAH;UNIT;2023/2024 GANJIL;SWASTA;PKBM;1
4505;15;JAMBI;1572;157204;DATA SEKOLAH;UNIT;2023/2024 GANJIL;SWASTA;SKB;0
4506;15;JAMBI;1572;157204;DATA SEKOLAH;UNIT;2023/2024 GANJIL;SWASTA;SD;0
4507;15;JAMBI;1572;157204;DATA SEKOLAH;UNIT;2023/2024 GANJIL;SWASTA;SMP;0
4508;15;JAMBI;1572;157204;DATA SEKOLAH;UNIT;2023/2024 GANJIL;SWASTA;SMA;0
4509;15;JAMBI;1572;157204;DATA SEKOLAH;UNIT;2023/2024 GANJIL;SWASTA;SMK;0
4510;15;JAMBI;1572;157204;DATA SEKOLAH;UNIT;2023/2024 GANJIL;SWASTA;SLB;0
4511;15;JAMBI;1502;150202;DATA SEKOLAH;UNIT;2023/2024 GANJIL;NEGERI;TK;3
4512;15;JAMBI;1502;150202;DATA SEKOLAH;UNIT;2023/2024 GANJIL;NEGERI;KB;0
4513;15;JAMBI;1502;150202;DATA SEKOLAH;UNIT;2023/2024 GANJIL;NEGERI;TPA;0
4514;15;JAMBI;1502;150202;DATA SEKOLAH;UNIT;2023/2024 GANJIL;NEGERI;SPS;0
4515;15;JAMBI;1502;150202;DATA SEKOLAH;UNIT;2023/2024 GANJIL;NEGERI;PKBM;0
4516;15;JAMBI;1502;150202;DATA SEKOLAH;UNIT;2023/2024 GANJIL;NEGERI;SKB;0
4517;15;JAMBI;1502;150202;DATA SEKOLAH;UNIT;2023/2024 GANJIL;NEGERI;SD;23
4518;15;JAMBI;1502;150202;DATA SEKOLAH;UNIT;2023/2024 GANJIL;NEGERI;SMP;5
4519;15;JAMBI;1502;150202;DATA SEKOLAH;UNIT;2023/2024 GANJIL;NEGERI;SMA;3
4520;15;JAMBI;1502;150202;DATA SEKOLAH;UNIT;2023/2024 GANJIL;NEGERI;SMK;1
4521;15;JAMBI;1502;150202;DATA SEKOLAH;UNIT;2023/2024 GANJIL;NEGERI;SLB;1
4522;15;JAMBI;1502;150210;DATA SEKOLAH;UNIT;2023/2024 GANJIL;NEGERI;TK;0
4523;15;JAMBI;1502;150210;DATA SEKOLAH;UNIT;2023/2024 GANJIL;NEGERI;KB;0
4524;15;JAMBI;1502;150210;DATA SEKOLAH;UNIT;2023/2024 GANJIL;NEGERI;TPA;0
4525;15;JAMBI;1502;150210;DATA SEKOLAH;UNIT;2023/2024 GANJIL;NEGERI;SPS;0
4526;15;JAMBI;1502;150210;DATA SEKOLAH;UNIT;2023/2024 GANJIL;NEGERI;PKBM;0
4527;15;JAMBI;1502;150210;DATA SEKOLAH;UNIT;2023/2024 GANJIL;NEGERI;SKB;0
4528;15;JAMBI;1502;150210;DATA SEKOLAH;UNIT;2023/2024 GANJIL;NEGERI;SD;11
4529;15;JAMBI;1502;150210;DATA SEKOLAH;UNIT;2023/2024 GANJIL;NEGERI;SMP;2
4530;15;JAMBI;1502;150210;DATA SEKOLAH;UNIT;2023/2024 GANJIL;NEGERI;SMA;0
4531;15;JAMBI;1502;150210;DATA SEKOLAH;UNIT;2023/2024 GANJIL;NEGERI;SMK;0
4532;15;JAMBI;1502;150210;DATA SEKOLAH;UNIT;2023/2024 GANJIL;NEGERI;SLB;0
4533;15;JAMBI;1502;150212;DATA SEKOLAH;UNIT;2023/2024 GANJIL;NEGERI;TK;0
4534;15;JAMBI;1502;150212;DATA SEKOLAH;UNIT;2023/2024 GANJIL;NEGERI;KB;0
4535;15;JAMBI;1502;150212;DATA SEKOLAH;UNIT;2023/2024 GANJIL;NEGERI;TPA;0
4536;15;JAMBI;1502;150212;DATA SEKOLAH;UNIT;2023/2024 GANJIL;NEGERI;SPS;0
4537;15;JAMBI;1502;150212;DATA SEKOLAH;UNIT;2023/2024 GANJIL;NEGERI;PKBM;0
4538;15;JAMBI;1502;150212;DATA SEKOLAH;UNIT;2023/2024 GANJIL;NEGERI;SKB;0
4539;15;JAMBI;1502;150212;DATA SEKOLAH;UNIT;2023/2024 GANJIL;NEGERI;SD;13
4540;15;JAMBI;1502;150212;DATA SEKOLAH;UNIT;2023/2024 GANJIL;NEGERI;SMP;2
4541;15;JAMBI;1502;150212;DATA SEKOLAH;UNIT;2023/2024 GANJIL;NEGERI;SMA;1
4542;15;JAMBI;1502;150212;DATA SEKOLAH;UNIT;2023/2024 GANJIL;NEGERI;SMK;1
4543;15;JAMBI;1502;150212;DATA SEKOLAH;UNIT;2023/2024 GANJIL;NEGERI;SLB;0
4544;15;JAMBI;1502;150201;DATA SEKOLAH;UNIT;2023/2024 GANJIL;NEGERI;TK;2
4545;15;JAMBI;1502;150201;DATA SEKOLAH;UNIT;2023/2024 GANJIL;NEGERI;KB;0
4546;15;JAMBI;1502;150201;DATA SEKOLAH;UNIT;2023/2024 GANJIL;NEGERI;TPA;0
4547;15;JAMBI;1502;150201;DATA SEKOLAH;UNIT;2023/2024 GANJIL;NEGERI;SPS;0
4548;15;JAMBI;1502;150201;DATA SEKOLAH;UNIT;2023/2024 GANJIL;NEGERI;PKBM;0
4549;15;JAMBI;1502;150201;DATA SEKOLAH;UNIT;2023/2024 GANJIL;NEGERI;SKB;0
4550;15;JAMBI;1502;150201;DATA SEKOLAH;UNIT;2023/2024 GANJIL;NEGERI;SD;15
4551;15;JAMBI;1502;150201;DATA SEKOLAH;UNIT;2023/2024 GANJIL;NEGERI;SMP;6
4552;15;JAMBI;1502;150201;DATA SEKOLAH;UNIT;2023/2024 GANJIL;NEGERI;SMA;1
4553;15;JAMBI;1502;150201;DATA SEKOLAH;UNIT;2023/2024 GANJIL;NEGERI;SMK;1
4554;15;JAMBI;1502;150201;DATA SEKOLAH;UNIT;2023/2024 GANJIL;NEGERI;SLB;0
4555;15;JAMBI;1502;150218;DATA SEKOLAH;UNIT;2023/2024 GANJIL;NEGERI;TK;1
4556;15;JAMBI;1502;150218;DATA SEKOLAH;UNIT;2023/2024 GANJIL;NEGERI;KB;0
4557;15;JAMBI;1502;150218;DATA SEKOLAH;UNIT;2023/2024 GANJIL;NEGERI;TPA;0
4558;15;JAMBI;1502;150218;DATA SEKOLAH;UNIT;2023/2024 GANJIL;NEGERI;SPS;0
4559;15;JAMBI;1502;150218;DATA SEKOLAH;UNIT;2023/2024 GANJIL;NEGERI;PKBM;0
4560;15;JAMBI;1502;150218;DATA SEKOLAH;UNIT;2023/2024 GANJIL;NEGERI;SKB;0
4561;15;JAMBI;1502;150218;DATA SEKOLAH;UNIT;2023/2024 GANJIL;NEGERI;SD;16
4562;15;JAMBI;1502;150218;DATA SEKOLAH;UNIT;2023/2024 GANJIL;NEGERI;SMP;7
4563;15;JAMBI;1502;150218;DATA SEKOLAH;UNIT;2023/2024 GANJIL;NEGERI;SMA;1
4564;15;JAMBI;1502;150218;DATA SEKOLAH;UNIT;2023/2024 GANJIL;NEGERI;SMK;0
4565;15;JAMBI;1502;150218;DATA SEKOLAH;UNIT;2023/2024 GANJIL;NEGERI;SLB;0
4566;15;JAMBI;1502;150209;DATA SEKOLAH;UNIT;2023/2024 GANJIL;NEGERI;TK;1
4567;15;JAMBI;1502;150209;DATA SEKOLAH;UNIT;2023/2024 GANJIL;NEGERI;KB;0
4568;15;JAMBI;1502;150209;DATA SEKOLAH;UNIT;2023/2024 GANJIL;NEGERI;TPA;0
4569;15;JAMBI;1502;150209;DATA SEKOLAH;UNIT;2023/2024 GANJIL;NEGERI;SPS;0
4570;15;JAMBI;1502;150209;DATA SEKOLAH;UNIT;2023/2024 GANJIL;NEGERI;PKBM;0
4571;15;JAMBI;1502;150209;DATA SEKOLAH;UNIT;2023/2024 GANJIL;NEGERI;SKB;0
4572;15;JAMBI;1502;150209;DATA SEKOLAH;UNIT;2023/2024 GANJIL;NEGERI;SD;18
4573;15;JAMBI;1502;150209;DATA SEKOLAH;UNIT;2023/2024 GANJIL;NEGERI;SMP;5
4574;15;JAMBI;1502;150209;DATA SEKOLAH;UNIT;2023/2024 GANJIL;NEGERI;SMA;1
4575;15;JAMBI;1502;150209;DATA SEKOLAH;UNIT;2023/2024 GANJIL;NEGERI;SMK;1
4576;15;JAMBI;1502;150209;DATA SEKOLAH;UNIT;2023/2024 GANJIL;NEGERI;SLB;0
4577;15;JAMBI;1502;150221;DATA SEKOLAH;UNIT;2023/2024 GANJIL;NEGERI;TK;0
4578;15;JAMBI;1502;150221;DATA SEKOLAH;UNIT;2023/2024 GANJIL;NEGERI;KB;0
4579;15;JAMBI;1502;150221;DATA SEKOLAH;UNIT;2023/2024 GANJIL;NEGERI;TPA;0
4580;15;JAMBI;1502;150221;DATA SEKOLAH;UNIT;2023/2024 GANJIL;NEGERI;SPS;0
4581;15;JAMBI;1502;150221;DATA SEKOLAH;UNIT;2023/2024 GANJIL;NEGERI;PKBM;0
4582;15;JAMBI;1502;150221;DATA SEKOLAH;UNIT;2023/2024 GANJIL;NEGERI;SKB;0
4583;15;JAMBI;1502;150221;DATA SEKOLAH;UNIT;2023/2024 GANJIL;NEGERI;SD;7
4584;15;JAMBI;1502;150221;DATA SEKOLAH;UNIT;2023/2024 GANJIL;NEGERI;SMP;1
4585;15;JAMBI;1502;150221;DATA SEKOLAH;UNIT;2023/2024 GANJIL;NEGERI;SMA;1
4586;15;JAMBI;1502;150221;DATA SEKOLAH;UNIT;2023/2024 GANJIL;NEGERI;SMK;0
4587;15;JAMBI;1502;150221;DATA SEKOLAH;UNIT;2023/2024 GANJIL;NEGERI;SLB;0
4588;15;JAMBI;1502;150203;DATA SEKOLAH;UNIT;2023/2024 GANJIL;NEGERI;TK;0
4589;15;JAMBI;1502;150203;DATA SEKOLAH;UNIT;2023/2024 GANJIL;NEGERI;KB;0
4590;15;JAMBI;1502;150203;DATA SEKOLAH;UNIT;2023/2024 GANJIL;NEGERI;TPA;0
4591;15;JAMBI;1502;150203;DATA SEKOLAH;UNIT;2023/2024 GANJIL;NEGERI;SPS;0
4592;15;JAMBI;1502;150203;DATA SEKOLAH;UNIT;2023/2024 GANJIL;NEGERI;PKBM;0
4593;15;JAMBI;1502;150203;DATA SEKOLAH;UNIT;2023/2024 GANJIL;NEGERI;SKB;0
4594;15;JAMBI;1502;150203;DATA SEKOLAH;UNIT;2023/2024 GANJIL;NEGERI;SD;17
4595;15;JAMBI;1502;150203;DATA SEKOLAH;UNIT;2023/2024 GANJIL;NEGERI;SMP;3
4596;15;JAMBI;1502;150203;DATA SEKOLAH;UNIT;2023/2024 GANJIL;NEGERI;SMA;1
4597;15;JAMBI;1502;150203;DATA SEKOLAH;UNIT;2023/2024 GANJIL;NEGERI;SMK;0
4598;15;JAMBI;1502;150203;DATA SEKOLAH;UNIT;2023/2024 GANJIL;NEGERI;SLB;0
4599;15;JAMBI;1502;150211;DATA SEKOLAH;UNIT;2023/2024 GANJIL;NEGERI;TK;1
4600;15;JAMBI;1502;150211;DATA SEKOLAH;UNIT;2023/2024 GANJIL;NEGERI;KB;0
4601;15;JAMBI;1502;150211;DATA SEKOLAH;UNIT;2023/2024 GANJIL;NEGERI;TPA;0
4602;15;JAMBI;1502;150211;DATA SEKOLAH;UNIT;2023/2024 GANJIL;NEGERI;SPS;0
4603;15;JAMBI;1502;150211;DATA SEKOLAH;UNIT;2023/2024 GANJIL;NEGERI;PKBM;0
4604;15;JAMBI;1502;150211;DATA SEKOLAH;UNIT;2023/2024 GANJIL;NEGERI;SKB;0
4605;15;JAMBI;1502;150211;DATA SEKOLAH;UNIT;2023/2024 GANJIL;NEGERI;SD;11
4606;15;JAMBI;1502;150211;DATA SEKOLAH;UNIT;2023/2024 GANJIL;NEGERI;SMP;3
4607;15;JAMBI;1502;150211;DATA SEKOLAH;UNIT;2023/2024 GANJIL;NEGERI;SMA;1
4608;15;JAMBI;1502;150211;DATA SEKOLAH;UNIT;2023/2024 GANJIL;NEGERI;SMK;1
4609;15;JAMBI;1502;150211;DATA SEKOLAH;UNIT;2023/2024 GANJIL;NEGERI;SLB;0
4610;15;JAMBI;1502;150206;DATA SEKOLAH;UNIT;2023/2024 GANJIL;NEGERI;TK;1
4611;15;JAMBI;1502;150206;DATA SEKOLAH;UNIT;2023/2024 GANJIL;NEGERI;KB;0
4612;15;JAMBI;1502;150206;DATA SEKOLAH;UNIT;2023/2024 GANJIL;NEGERI;TPA;0
4613;15;JAMBI;1502;150206;DATA SEKOLAH;UNIT;2023/2024 GANJIL;NEGERI;SPS;0
4614;15;JAMBI;1502;150206;DATA SEKOLAH;UNIT;2023/2024 GANJIL;NEGERI;PKBM;0
4615;15;JAMBI;1502;150206;DATA SEKOLAH;UNIT;2023/2024 GANJIL;NEGERI;SKB;0
4616;15;JAMBI;1502;150206;DATA SEKOLAH;UNIT;2023/2024 GANJIL;NEGERI;SD;22
4617;15;JAMBI;1502;150206;DATA SEKOLAH;UNIT;2023/2024 GANJIL;NEGERI;SMP;5
4618;15;JAMBI;1502;150206;DATA SEKOLAH;UNIT;2023/2024 GANJIL;NEGERI;SMA;1
4619;15;JAMBI;1502;150206;DATA SEKOLAH;UNIT;2023/2024 GANJIL;NEGERI;SMK;1
4620;15;JAMBI;1502;150206;DATA SEKOLAH;UNIT;2023/2024 GANJIL;NEGERI;SLB;0
4621;15;JAMBI;1502;150213;DATA SEKOLAH;UNIT;2023/2024 GANJIL;NEGERI;TK;1
4622;15;JAMBI;1502;150213;DATA SEKOLAH;UNIT;2023/2024 GANJIL;NEGERI;KB;0
4623;15;JAMBI;1502;150213;DATA SEKOLAH;UNIT;2023/2024 GANJIL;NEGERI;TPA;0
4624;15;JAMBI;1502;150213;DATA SEKOLAH;UNIT;2023/2024 GANJIL;NEGERI;SPS;0
4625;15;JAMBI;1502;150213;DATA SEKOLAH;UNIT;2023/2024 GANJIL;NEGERI;PKBM;0
4626;15;JAMBI;1502;150213;DATA SEKOLAH;UNIT;2023/2024 GANJIL;NEGERI;SKB;0
4627;15;JAMBI;1502;150213;DATA SEKOLAH;UNIT;2023/2024 GANJIL;NEGERI;SD;12
4628;15;JAMBI;1502;150213;DATA SEKOLAH;UNIT;2023/2024 GANJIL;NEGERI;SMP;3
4629;15;JAMBI;1502;150213;DATA SEKOLAH;UNIT;2023/2024 GANJIL;NEGERI;SMA;1
4630;15;JAMBI;1502;150213;DATA SEKOLAH;UNIT;2023/2024 GANJIL;NEGERI;SMK;1
4631;15;JAMBI;1502;150213;DATA SEKOLAH;UNIT;2023/2024 GANJIL;NEGERI;SLB;1
4632;15;JAMBI;1502;150220;DATA SEKOLAH;UNIT;2023/2024 GANJIL;NEGERI;TK;1
4633;15;JAMBI;1502;150220;DATA SEKOLAH;UNIT;2023/2024 GANJIL;NEGERI;KB;0
4634;15;JAMBI;1502;150220;DATA SEKOLAH;UNIT;2023/2024 GANJIL;NEGERI;TPA;0
4635;15;JAMBI;1502;150220;DATA SEKOLAH;UNIT;2023/2024 GANJIL;NEGERI;SPS;0
4636;15;JAMBI;1502;150220;DATA SEKOLAH;UNIT;2023/2024 GANJIL;NEGERI;PKBM;0
4637;15;JAMBI;1502;150220;DATA SEKOLAH;UNIT;2023/2024 GANJIL;NEGERI;SKB;0
4638;15;JAMBI;1502;150220;DATA SEKOLAH;UNIT;2023/2024 GANJIL;NEGERI;SD;7
4639;15;JAMBI;1502;150220;DATA SEKOLAH;UNIT;2023/2024 GANJIL;NEGERI;SMP;4
4640;15;JAMBI;1502;150220;DATA SEKOLAH;UNIT;2023/2024 GANJIL;NEGERI;SMA;0
4641;15;JAMBI;1502;150220;DATA SEKOLAH;UNIT;2023/2024 GANJIL;NEGERI;SMK;1
4642;15;JAMBI;1502;150220;DATA SEKOLAH;UNIT;2023/2024 GANJIL;NEGERI;SLB;0
4643;15;JAMBI;1502;150217;DATA SEKOLAH;UNIT;2023/2024 GANJIL;NEGERI;TK;0
4644;15;JAMBI;1502;150217;DATA SEKOLAH;UNIT;2023/2024 GANJIL;NEGERI;KB;0
4645;15;JAMBI;1502;150217;DATA SEKOLAH;UNIT;2023/2024 GANJIL;NEGERI;TPA;0
4646;15;JAMBI;1502;150217;DATA SEKOLAH;UNIT;2023/2024 GANJIL;NEGERI;SPS;0
4647;15;JAMBI;1502;150217;DATA SEKOLAH;UNIT;2023/2024 GANJIL;NEGERI;PKBM;0
4648;15;JAMBI;1502;150217;DATA SEKOLAH;UNIT;2023/2024 GANJIL;NEGERI;SKB;0
4649;15;JAMBI;1502;150217;DATA SEKOLAH;UNIT;2023/2024 GANJIL;NEGERI;SD;8
4650;15;JAMBI;1502;150217;DATA SEKOLAH;UNIT;2023/2024 GANJIL;NEGERI;SMP;1
4651;15;JAMBI;1502;150217;DATA SEKOLAH;UNIT;2023/2024 GANJIL;NEGERI;SMA;0
4652;15;JAMBI;1502;150217;DATA SEKOLAH;UNIT;2023/2024 GANJIL;NEGERI;SMK;1
4653;15;JAMBI;1502;150217;DATA SEKOLAH;UNIT;2023/2024 GANJIL;NEGERI;SLB;0
4654;15;JAMBI;1502;150219;DATA SEKOLAH;UNIT;2023/2024 GANJIL;NEGERI;TK;2
4655;15;JAMBI;1502;150219;DATA SEKOLAH;UNIT;2023/2024 GANJIL;NEGERI;KB;0
4656;15;JAMBI;1502;150219;DATA SEKOLAH;UNIT;2023/2024 GANJIL;NEGERI;TPA;0
4657;15;JAMBI;1502;150219;DATA SEKOLAH;UNIT;2023/2024 GANJIL;NEGERI;SPS;0
4658;15;JAMBI;1502;150219;DATA SEKOLAH;UNIT;2023/2024 GANJIL;NEGERI;PKBM;0
4659;15;JAMBI;1502;150219;DATA SEKOLAH;UNIT;2023/2024 GANJIL;NEGERI;SKB;0
4660;15;JAMBI;1502;150219;DATA SEKOLAH;UNIT;2023/2024 GANJIL;NEGERI;SD;8
4661;15;JAMBI;1502;150219;DATA SEKOLAH;UNIT;2023/2024 GANJIL;NEGERI;SMP;3
4662;15;JAMBI;1502;150219;DATA SEKOLAH;UNIT;2023/2024 GANJIL;NEGERI;SMA;1
4663;15;JAMBI;1502;150219;DATA SEKOLAH;UNIT;2023/2024 GANJIL;NEGERI;SMK;1
4664;15;JAMBI;1502;150219;DATA SEKOLAH;UNIT;2023/2024 GANJIL;NEGERI;SLB;0
4665;15;JAMBI;1502;150216;DATA SEKOLAH;UNIT;2023/2024 GANJIL;NEGERI;TK;1
4666;15;JAMBI;1502;150216;DATA SEKOLAH;UNIT;2023/2024 GANJIL;NEGERI;KB;0
4667;15;JAMBI;1502;150216;DATA SEKOLAH;UNIT;2023/2024 GANJIL;NEGERI;TPA;0
4668;15;JAMBI;1502;150216;DATA SEKOLAH;UNIT;2023/2024 GANJIL;NEGERI;SPS;0
4669;15;JAMBI;1502;150216;DATA SEKOLAH;UNIT;2023/2024 GANJIL;NEGERI;PKBM;0
4670;15;JAMBI;1502;150216;DATA SEKOLAH;UNIT;2023/2024 GANJIL;NEGERI;SKB;0
4671;15;JAMBI;1502;150216;DATA SEKOLAH;UNIT;2023/2024 GANJIL;NEGERI;SD;16
4672;15;JAMBI;1502;150216;DATA SEKOLAH;UNIT;2023/2024 GANJIL;NEGERI;SMP;4
4673;15;JAMBI;1502;150216;DATA SEKOLAH;UNIT;2023/2024 GANJIL;NEGERI;SMA;1
4674;15;JAMBI;1502;150216;DATA SEKOLAH;UNIT;2023/2024 GANJIL;NEGERI;SMK;0
4675;15;JAMBI;1502;150216;DATA SEKOLAH;UNIT;2023/2024 GANJIL;NEGERI;SLB;0
4676;15;JAMBI;1502;150204;DATA SEKOLAH;UNIT;2023/2024 GANJIL;NEGERI;TK;1
4677;15;JAMBI;1502;150204;DATA SEKOLAH;UNIT;2023/2024 GANJIL;NEGERI;KB;0
4678;15;JAMBI;1502;150204;DATA SEKOLAH;UNIT;2023/2024 GANJIL;NEGERI;TPA;0
4679;15;JAMBI;1502;150204;DATA SEKOLAH;UNIT;2023/2024 GANJIL;NEGERI;SPS;0
4680;15;JAMBI;1502;150204;DATA SEKOLAH;UNIT;2023/2024 GANJIL;NEGERI;PKBM;0
4681;15;JAMBI;1502;150204;DATA SEKOLAH;UNIT;2023/2024 GANJIL;NEGERI;SKB;0
4682;15;JAMBI;1502;150204;DATA SEKOLAH;UNIT;2023/2024 GANJIL;NEGERI;SD;12
4683;15;JAMBI;1502;150204;DATA SEKOLAH;UNIT;2023/2024 GANJIL;NEGERI;SMP;2
4684;15;JAMBI;1502;150204;DATA SEKOLAH;UNIT;2023/2024 GANJIL;NEGERI;SMA;1
4685;15;JAMBI;1502;150204;DATA SEKOLAH;UNIT;2023/2024 GANJIL;NEGERI;SMK;0
4686;15;JAMBI;1502;150204;DATA SEKOLAH;UNIT;2023/2024 GANJIL;NEGERI;SLB;0
4687;15;JAMBI;1502;150205;DATA SEKOLAH;UNIT;2023/2024 GANJIL;NEGERI;TK;1
4688;15;JAMBI;1502;150205;DATA SEKOLAH;UNIT;2023/2024 GANJIL;NEGERI;KB;0
4689;15;JAMBI;1502;150205;DATA SEKOLAH;UNIT;2023/2024 GANJIL;NEGERI;TPA;0
4690;15;JAMBI;1502;150205;DATA SEKOLAH;UNIT;2023/2024 GANJIL;NEGERI;SPS;0
4691;15;JAMBI;1502;150205;DATA SEKOLAH;UNIT;2023/2024 GANJIL;NEGERI;PKBM;0
4692;15;JAMBI;1502;150205;DATA SEKOLAH;UNIT;2023/2024 GANJIL;NEGERI;SKB;1
4693;15;JAMBI;1502;150205;DATA SEKOLAH;UNIT;2023/2024 GANJIL;NEGERI;SD;22
4694;15;JAMBI;1502;150205;DATA SEKOLAH;UNIT;2023/2024 GANJIL;NEGERI;SMP;4
4695;15;JAMBI;1502;150205;DATA SEKOLAH;UNIT;2023/2024 GANJIL;NEGERI;SMA;1
4696;15;JAMBI;1502;150205;DATA SEKOLAH;UNIT;2023/2024 GANJIL;NEGERI;SMK;0
4697;15;JAMBI;1502;150205;DATA SEKOLAH;UNIT;2023/2024 GANJIL;NEGERI;SLB;0
4698;15;JAMBI;1502;150223;DATA SEKOLAH;UNIT;2023/2024 GANJIL;NEGERI;TK;1
4699;15;JAMBI;1502;150223;DATA SEKOLAH;UNIT;2023/2024 GANJIL;NEGERI;KB;0
4700;15;JAMBI;1502;150223;DATA SEKOLAH;UNIT;2023/2024 GANJIL;NEGERI;TPA;0
4701;15;JAMBI;1502;150223;DATA SEKOLAH;UNIT;2023/2024 GANJIL;NEGERI;SPS;0
4702;15;JAMBI;1502;150223;DATA SEKOLAH;UNIT;2023/2024 GANJIL;NEGERI;PKBM;0
4703;15;JAMBI;1502;150223;DATA SEKOLAH;UNIT;2023/2024 GANJIL;NEGERI;SKB;0
4704;15;JAMBI;1502;150223;DATA SEKOLAH;UNIT;2023/2024 GANJIL;NEGERI;SD;19
4705;15;JAMBI;1502;150223;DATA SEKOLAH;UNIT;2023/2024 GANJIL;NEGERI;SMP;5
4706;15;JAMBI;1502;150223;DATA SEKOLAH;UNIT;2023/2024 GANJIL;NEGERI;SMA;0
4707;15;JAMBI;1502;150223;DATA SEKOLAH;UNIT;2023/2024 GANJIL;NEGERI;SMK;1
4708;15;JAMBI;1502;150223;DATA SEKOLAH;UNIT;2023/2024 GANJIL;NEGERI;SLB;0
4709;15;JAMBI;1502;150214;DATA SEKOLAH;UNIT;2023/2024 GANJIL;NEGERI;TK;1
4710;15;JAMBI;1502;150214;DATA SEKOLAH;UNIT;2023/2024 GANJIL;NEGERI;KB;0
4711;15;JAMBI;1502;150214;DATA SEKOLAH;UNIT;2023/2024 GANJIL;NEGERI;TPA;0
4712;15;JAMBI;1502;150214;DATA SEKOLAH;UNIT;2023/2024 GANJIL;NEGERI;SPS;0
4713;15;JAMBI;1502;150214;DATA SEKOLAH;UNIT;2023/2024 GANJIL;NEGERI;PKBM;0
4714;15;JAMBI;1502;150214;DATA SEKOLAH;UNIT;2023/2024 GANJIL;NEGERI;SKB;0
4715;15;JAMBI;1502;150214;DATA SEKOLAH;UNIT;2023/2024 GANJIL;NEGERI;SD;10
4716;15;JAMBI;1502;150214;DATA SEKOLAH;UNIT;2023/2024 GANJIL;NEGERI;SMP;2
4717;15;JAMBI;1502;150214;DATA SEKOLAH;UNIT;2023/2024 GANJIL;NEGERI;SMA;0
4718;15;JAMBI;1502;150214;DATA SEKOLAH;UNIT;2023/2024 GANJIL;NEGERI;SMK;1
4719;15;JAMBI;1502;150214;DATA SEKOLAH;UNIT;2023/2024 GANJIL;NEGERI;SLB;0
4720;15;JAMBI;1502;150222;DATA SEKOLAH;UNIT;2023/2024 GANJIL;NEGERI;TK;1
4721;15;JAMBI;1502;150222;DATA SEKOLAH;UNIT;2023/2024 GANJIL;NEGERI;KB;0
4722;15;JAMBI;1502;150222;DATA SEKOLAH;UNIT;2023/2024 GANJIL;NEGERI;TPA;0
4723;15;JAMBI;1502;150222;DATA SEKOLAH;UNIT;2023/2024 GANJIL;NEGERI;SPS;0
4724;15;JAMBI;1502;150222;DATA SEKOLAH;UNIT;2023/2024 GANJIL;NEGERI;PKBM;0
4725;15;JAMBI;1502;150222;DATA SEKOLAH;UNIT;2023/2024 GANJIL;NEGERI;SKB;0
4726;15;JAMBI;1502;150222;DATA SEKOLAH;UNIT;2023/2024 GANJIL;NEGERI;SD;7
4727;15;JAMBI;1502;150222;DATA SEKOLAH;UNIT;2023/2024 GANJIL;NEGERI;SMP;1
4728;15;JAMBI;1502;150222;DATA SEKOLAH;UNIT;2023/2024 GANJIL;NEGERI;SMA;0
4729;15;JAMBI;1502;150222;DATA SEKOLAH;UNIT;2023/2024 GANJIL;NEGERI;SMK;1
4730;15;JAMBI;1502;150222;DATA SEKOLAH;UNIT;2023/2024 GANJIL;NEGERI;SLB;0
4731;15;JAMBI;1502;150208;DATA SEKOLAH;UNIT;2023/2024 GANJIL;NEGERI;TK;1
4732;15;JAMBI;1502;150208;DATA SEKOLAH;UNIT;2023/2024 GANJIL;NEGERI;KB;0
4733;15;JAMBI;1502;150208;DATA SEKOLAH;UNIT;2023/2024 GANJIL;NEGERI;TPA;0
4734;15;JAMBI;1502;150208;DATA SEKOLAH;UNIT;2023/2024 GANJIL;NEGERI;SPS;0
4735;15;JAMBI;1502;150208;DATA SEKOLAH;UNIT;2023/2024 GANJIL;NEGERI;PKBM;0
4736;15;JAMBI;1502;150208;DATA SEKOLAH;UNIT;2023/2024 GANJIL;NEGERI;SKB;0
4737;15;JAMBI;1502;150208;DATA SEKOLAH;UNIT;2023/2024 GANJIL;NEGERI;SD;15
4738;15;JAMBI;1502;150208;DATA SEKOLAH;UNIT;2023/2024 GANJIL;NEGERI;SMP;5
4739;15;JAMBI;1502;150208;DATA SEKOLAH;UNIT;2023/2024 GANJIL;NEGERI;SMA;2
4740;15;JAMBI;1502;150208;DATA SEKOLAH;UNIT;2023/2024 GANJIL;NEGERI;SMK;2
4741;15;JAMBI;1502;150208;DATA SEKOLAH;UNIT;2023/2024 GANJIL;NEGERI;SLB;0
4742;15;JAMBI;1502;150215;DATA SEKOLAH;UNIT;2023/2024 GANJIL;NEGERI;TK;0
4743;15;JAMBI;1502;150215;DATA SEKOLAH;UNIT;2023/2024 GANJIL;NEGERI;KB;0
4744;15;JAMBI;1502;150215;DATA SEKOLAH;UNIT;2023/2024 GANJIL;NEGERI;TPA;0
4745;15;JAMBI;1502;150215;DATA SEKOLAH;UNIT;2023/2024 GANJIL;NEGERI;SPS;0
4746;15;JAMBI;1502;150215;DATA SEKOLAH;UNIT;2023/2024 GANJIL;NEGERI;PKBM;0
4747;15;JAMBI;1502;150215;DATA SEKOLAH;UNIT;2023/2024 GANJIL;NEGERI;SKB;0
4748;15;JAMBI;1502;150215;DATA SEKOLAH;UNIT;2023/2024 GANJIL;NEGERI;SD;7
4749;15;JAMBI;1502;150215;DATA SEKOLAH;UNIT;2023/2024 GANJIL;NEGERI;SMP;2
4750;15;JAMBI;1502;150215;DATA SEKOLAH;UNIT;2023/2024 GANJIL;NEGERI;SMA;0
4751;15;JAMBI;1502;150215;DATA SEKOLAH;UNIT;2023/2024 GANJIL;NEGERI;SMK;1
4752;15;JAMBI;1502;150215;DATA SEKOLAH;UNIT;2023/2024 GANJIL;NEGERI;SLB;0
4753;15;JAMBI;1502;150207;DATA SEKOLAH;UNIT;2023/2024 GANJIL;NEGERI;TK;0
4754;15;JAMBI;1502;150207;DATA SEKOLAH;UNIT;2023/2024 GANJIL;NEGERI;KB;0
4755;15;JAMBI;1502;150207;DATA SEKOLAH;UNIT;2023/2024 GANJIL;NEGERI;TPA;0
4756;15;JAMBI;1502;150207;DATA SEKOLAH;UNIT;2023/2024 GANJIL;NEGERI;SPS;0
4757;15;JAMBI;1502;150207;DATA SEKOLAH;UNIT;2023/2024 GANJIL;NEGERI;PKBM;0
4758;15;JAMBI;1502;150207;DATA SEKOLAH;UNIT;2023/2024 GANJIL;NEGERI;SKB;0
4759;15;JAMBI;1502;150207;DATA SEKOLAH;UNIT;2023/2024 GANJIL;NEGERI;SD;10
4760;15;JAMBI;1502;150207;DATA SEKOLAH;UNIT;2023/2024 GANJIL;NEGERI;SMP;2
4761;15;JAMBI;1502;150207;DATA SEKOLAH;UNIT;2023/2024 GANJIL;NEGERI;SMA;1
4762;15;JAMBI;1502;150207;DATA SEKOLAH;UNIT;2023/2024 GANJIL;NEGERI;SMK;0
4763;15;JAMBI;1502;150207;DATA SEKOLAH;UNIT;2023/2024 GANJIL;NEGERI;SLB;0
4764;15;JAMBI;1502;150224;DATA SEKOLAH;UNIT;2023/2024 GANJIL;NEGERI;TK;0
4765;15;JAMBI;1502;150224;DATA SEKOLAH;UNIT;2023/2024 GANJIL;NEGERI;KB;0
4766;15;JAMBI;1502;150224;DATA SEKOLAH;UNIT;2023/2024 GANJIL;NEGERI;TPA;0
4767;15;JAMBI;1502;150224;DATA SEKOLAH;UNIT;2023/2024 GANJIL;NEGERI;SPS;0
4768;15;JAMBI;1502;150224;DATA SEKOLAH;UNIT;2023/2024 GANJIL;NEGERI;PKBM;0
4769;15;JAMBI;1502;150224;DATA SEKOLAH;UNIT;2023/2024 GANJIL;NEGERI;SKB;0
4770;15;JAMBI;1502;150224;DATA SEKOLAH;UNIT;2023/2024 GANJIL;NEGERI;SD;7
4771;15;JAMBI;1502;150224;DATA SEKOLAH;UNIT;2023/2024 GANJIL;NEGERI;SMP;3
4772;15;JAMBI;1502;150224;DATA SEKOLAH;UNIT;2023/2024 GANJIL;NEGERI;SMA;1
4773;15;JAMBI;1502;150224;DATA SEKOLAH;UNIT;2023/2024 GANJIL;NEGERI;SMK;0
4774;15;JAMBI;1502;150224;DATA SEKOLAH;UNIT;2023/2024 GANJIL;NEGERI;SLB;0
4775;15;JAMBI;1502;150202;DATA SEKOLAH;UNIT;2023/2024 GANJIL;SWASTA;TK;18
4776;15;JAMBI;1502;150202;DATA SEKOLAH;UNIT;2023/2024 GANJIL;SWASTA;KB;14
4777;15;JAMBI;1502;150202;DATA SEKOLAH;UNIT;2023/2024 GANJIL;SWASTA;TPA;1
4778;15;JAMBI;1502;150202;DATA SEKOLAH;UNIT;2023/2024 GANJIL;SWASTA;SPS;1
4779;15;JAMBI;1502;150202;DATA SEKOLAH;UNIT;2023/2024 GANJIL;SWASTA;PKBM;3
4780;15;JAMBI;1502;150202;DATA SEKOLAH;UNIT;2023/2024 GANJIL;SWASTA;SKB;0
4781;15;JAMBI;1502;150202;DATA SEKOLAH;UNIT;2023/2024 GANJIL;SWASTA;SD;2
4782;15;JAMBI;1502;150202;DATA SEKOLAH;UNIT;2023/2024 GANJIL;SWASTA;SMP;5
4783;15;JAMBI;1502;150202;DATA SEKOLAH;UNIT;2023/2024 GANJIL;SWASTA;SMA;1
4784;15;JAMBI;1502;150202;DATA SEKOLAH;UNIT;2023/2024 GANJIL;SWASTA;SMK;0
4785;15;JAMBI;1502;150202;DATA SEKOLAH;UNIT;2023/2024 GANJIL;SWASTA;SLB;0
4786;15;JAMBI;1502;150210;DATA SEKOLAH;UNIT;2023/2024 GANJIL;SWASTA;TK;5
4787;15;JAMBI;1502;150210;DATA SEKOLAH;UNIT;2023/2024 GANJIL;SWASTA;KB;7
4788;15;JAMBI;1502;150210;DATA SEKOLAH;UNIT;2023/2024 GANJIL;SWASTA;TPA;0
4789;15;JAMBI;1502;150210;DATA SEKOLAH;UNIT;2023/2024 GANJIL;SWASTA;SPS;0
4790;15;JAMBI;1502;150210;DATA SEKOLAH;UNIT;2023/2024 GANJIL;SWASTA;PKBM;1
4791;15;JAMBI;1502;150210;DATA SEKOLAH;UNIT;2023/2024 GANJIL;SWASTA;SKB;0
4792;15;JAMBI;1502;150210;DATA SEKOLAH;UNIT;2023/2024 GANJIL;SWASTA;SD;0
4793;15;JAMBI;1502;150210;DATA SEKOLAH;UNIT;2023/2024 GANJIL;SWASTA;SMP;0
4794;15;JAMBI;1502;150210;DATA SEKOLAH;UNIT;2023/2024 GANJIL;SWASTA;SMA;0
4795;15;JAMBI;1502;150210;DATA SEKOLAH;UNIT;2023/2024 GANJIL;SWASTA;SMK;0
4796;15;JAMBI;1502;150210;DATA SEKOLAH;UNIT;2023/2024 GANJIL;SWASTA;SLB;0
4797;15;JAMBI;1502;150212;DATA SEKOLAH;UNIT;2023/2024 GANJIL;SWASTA;TK;5
4798;15;JAMBI;1502;150212;DATA SEKOLAH;UNIT;2023/2024 GANJIL;SWASTA;KB;7
4799;15;JAMBI;1502;150212;DATA SEKOLAH;UNIT;2023/2024 GANJIL;SWASTA;TPA;1
4800;15;JAMBI;1502;150212;DATA SEKOLAH;UNIT;2023/2024 GANJIL;SWASTA;SPS;0
4801;15;JAMBI;1502;150212;DATA SEKOLAH;UNIT;2023/2024 GANJIL;SWASTA;PKBM;1
4802;15;JAMBI;1502;150212;DATA SEKOLAH;UNIT;2023/2024 GANJIL;SWASTA;SKB;0
4803;15;JAMBI;1502;150212;DATA SEKOLAH;UNIT;2023/2024 GANJIL;SWASTA;SD;1
4804;15;JAMBI;1502;150212;DATA SEKOLAH;UNIT;2023/2024 GANJIL;SWASTA;SMP;1
4805;15;JAMBI;1502;150212;DATA SEKOLAH;UNIT;2023/2024 GANJIL;SWASTA;SMA;1
4806;15;JAMBI;1502;150212;DATA SEKOLAH;UNIT;2023/2024 GANJIL;SWASTA;SMK;0
4807;15;JAMBI;1502;150212;DATA SEKOLAH;UNIT;2023/2024 GANJIL;SWASTA;SLB;0
4808;15;JAMBI;1502;150201;DATA SEKOLAH;UNIT;2023/2024 GANJIL;SWASTA;TK;6
4809;15;JAMBI;1502;150201;DATA SEKOLAH;UNIT;2023/2024 GANJIL;SWASTA;KB;1
4810;15;JAMBI;1502;150201;DATA SEKOLAH;UNIT;2023/2024 GANJIL;SWASTA;TPA;0
4811;15;JAMBI;1502;150201;DATA SEKOLAH;UNIT;2023/2024 GANJIL;SWASTA;SPS;0
4812;15;JAMBI;1502;150201;DATA SEKOLAH;UNIT;2023/2024 GANJIL;SWASTA;PKBM;1
4813;15;JAMBI;1502;150201;DATA SEKOLAH;UNIT;2023/2024 GANJIL;SWASTA;SKB;0
4814;15;JAMBI;1502;150201;DATA SEKOLAH;UNIT;2023/2024 GANJIL;SWASTA;SD;0
4815;15;JAMBI;1502;150201;DATA SEKOLAH;UNIT;2023/2024 GANJIL;SWASTA;SMP;0
4816;15;JAMBI;1502;150201;DATA SEKOLAH;UNIT;2023/2024 GANJIL;SWASTA;SMA;0
4817;15;JAMBI;1502;150201;DATA SEKOLAH;UNIT;2023/2024 GANJIL;SWASTA;SMK;0
4818;15;JAMBI;1502;150201;DATA SEKOLAH;UNIT;2023/2024 GANJIL;SWASTA;SLB;0
4819;15;JAMBI;1502;150218;DATA SEKOLAH;UNIT;2023/2024 GANJIL;SWASTA;TK;8
4820;15;JAMBI;1502;150218;DATA SEKOLAH;UNIT;2023/2024 GANJIL;SWASTA;KB;3
4821;15;JAMBI;1502;150218;DATA SEKOLAH;UNIT;2023/2024 GANJIL;SWASTA;TPA;0
4822;15;JAMBI;1502;150218;DATA SEKOLAH;UNIT;2023/2024 GANJIL;SWASTA;SPS;0
4823;15;JAMBI;1502;150218;DATA SEKOLAH;UNIT;2023/2024 GANJIL;SWASTA;PKBM;0
4824;15;JAMBI;1502;150218;DATA SEKOLAH;UNIT;2023/2024 GANJIL;SWASTA;SKB;0
4825;15;JAMBI;1502;150218;DATA SEKOLAH;UNIT;2023/2024 GANJIL;SWASTA;SD;0
4826;15;JAMBI;1502;150218;DATA SEKOLAH;UNIT;2023/2024 GANJIL;SWASTA;SMP;0
4827;15;JAMBI;1502;150218;DATA SEKOLAH;UNIT;2023/2024 GANJIL;SWASTA;SMA;0
4828;15;JAMBI;1502;150218;DATA SEKOLAH;UNIT;2023/2024 GANJIL;SWASTA;SMK;0
4829;15;JAMBI;1502;150218;DATA SEKOLAH;UNIT;2023/2024 GANJIL;SWASTA;SLB;0
4830;15;JAMBI;1502;150209;DATA SEKOLAH;UNIT;2023/2024 GANJIL;SWASTA;TK;16
4831;15;JAMBI;1502;150209;DATA SEKOLAH;UNIT;2023/2024 GANJIL;SWASTA;KB;2
4832;15;JAMBI;1502;150209;DATA SEKOLAH;UNIT;2023/2024 GANJIL;SWASTA;TPA;0
4833;15;JAMBI;1502;150209;DATA SEKOLAH;UNIT;2023/2024 GANJIL;SWASTA;SPS;4
4834;15;JAMBI;1502;150209;DATA SEKOLAH;UNIT;2023/2024 GANJIL;SWASTA;PKBM;2
4835;15;JAMBI;1502;150209;DATA SEKOLAH;UNIT;2023/2024 GANJIL;SWASTA;SKB;0
4836;15;JAMBI;1502;150209;DATA SEKOLAH;UNIT;2023/2024 GANJIL;SWASTA;SD;0
4837;15;JAMBI;1502;150209;DATA SEKOLAH;UNIT;2023/2024 GANJIL;SWASTA;SMP;0
4838;15;JAMBI;1502;150209;DATA SEKOLAH;UNIT;2023/2024 GANJIL;SWASTA;SMA;0
4839;15;JAMBI;1502;150209;DATA SEKOLAH;UNIT;2023/2024 GANJIL;SWASTA;SMK;0
4840;15;JAMBI;1502;150209;DATA SEKOLAH;UNIT;2023/2024 GANJIL;SWASTA;SLB;0
4841;15;JAMBI;1502;150221;DATA SEKOLAH;UNIT;2023/2024 GANJIL;SWASTA;TK;7
4842;15;JAMBI;1502;150221;DATA SEKOLAH;UNIT;2023/2024 GANJIL;SWASTA;KB;2
4843;15;JAMBI;1502;150221;DATA SEKOLAH;UNIT;2023/2024 GANJIL;SWASTA;TPA;1
4844;15;JAMBI;1502;150221;DATA SEKOLAH;UNIT;2023/2024 GANJIL;SWASTA;SPS;0
4845;15;JAMBI;1502;150221;DATA SEKOLAH;UNIT;2023/2024 GANJIL;SWASTA;PKBM;0
4846;15;JAMBI;1502;150221;DATA SEKOLAH;UNIT;2023/2024 GANJIL;SWASTA;SKB;0
4847;15;JAMBI;1502;150221;DATA SEKOLAH;UNIT;2023/2024 GANJIL;SWASTA;SD;2
4848;15;JAMBI;1502;150221;DATA SEKOLAH;UNIT;2023/2024 GANJIL;SWASTA;SMP;1
4849;15;JAMBI;1502;150221;DATA SEKOLAH;UNIT;2023/2024 GANJIL;SWASTA;SMA;0
4850;15;JAMBI;1502;150221;DATA SEKOLAH;UNIT;2023/2024 GANJIL;SWASTA;SMK;1
4851;15;JAMBI;1502;150221;DATA SEKOLAH;UNIT;2023/2024 GANJIL;SWASTA;SLB;0
4852;15;JAMBI;1502;150203;DATA SEKOLAH;UNIT;2023/2024 GANJIL;SWASTA;TK;8
4853;15;JAMBI;1502;150203;DATA SEKOLAH;UNIT;2023/2024 GANJIL;SWASTA;KB;12
4854;15;JAMBI;1502;150203;DATA SEKOLAH;UNIT;2023/2024 GANJIL;SWASTA;TPA;0
4855;15;JAMBI;1502;150203;DATA SEKOLAH;UNIT;2023/2024 GANJIL;SWASTA;SPS;0
4856;15;JAMBI;1502;150203;DATA SEKOLAH;UNIT;2023/2024 GANJIL;SWASTA;PKBM;1
4857;15;JAMBI;1502;150203;DATA SEKOLAH;UNIT;2023/2024 GANJIL;SWASTA;SKB;0
4858;15;JAMBI;1502;150203;DATA SEKOLAH;UNIT;2023/2024 GANJIL;SWASTA;SD;0
4859;15;JAMBI;1502;150203;DATA SEKOLAH;UNIT;2023/2024 GANJIL;SWASTA;SMP;1
4860;15;JAMBI;1502;150203;DATA SEKOLAH;UNIT;2023/2024 GANJIL;SWASTA;SMA;0
4861;15;JAMBI;1502;150203;DATA SEKOLAH;UNIT;2023/2024 GANJIL;SWASTA;SMK;0
4862;15;JAMBI;1502;150203;DATA SEKOLAH;UNIT;2023/2024 GANJIL;SWASTA;SLB;0
4863;15;JAMBI;1502;150211;DATA SEKOLAH;UNIT;2023/2024 GANJIL;SWASTA;TK;7
4864;15;JAMBI;1502;150211;DATA SEKOLAH;UNIT;2023/2024 GANJIL;SWASTA;KB;4
4865;15;JAMBI;1502;150211;DATA SEKOLAH;UNIT;2023/2024 GANJIL;SWASTA;TPA;0
4866;15;JAMBI;1502;150211;DATA SEKOLAH;UNIT;2023/2024 GANJIL;SWASTA;SPS;2
4867;15;JAMBI;1502;150211;DATA SEKOLAH;UNIT;2023/2024 GANJIL;SWASTA;PKBM;3
4868;15;JAMBI;1502;150211;DATA SEKOLAH;UNIT;2023/2024 GANJIL;SWASTA;SKB;0
4869;15;JAMBI;1502;150211;DATA SEKOLAH;UNIT;2023/2024 GANJIL;SWASTA;SD;2
4870;15;JAMBI;1502;150211;DATA SEKOLAH;UNIT;2023/2024 GANJIL;SWASTA;SMP;0
4871;15;JAMBI;1502;150211;DATA SEKOLAH;UNIT;2023/2024 GANJIL;SWASTA;SMA;0
4872;15;JAMBI;1502;150211;DATA SEKOLAH;UNIT;2023/2024 GANJIL;SWASTA;SMK;0
4873;15;JAMBI;1502;150211;DATA SEKOLAH;UNIT;2023/2024 GANJIL;SWASTA;SLB;0
4874;15;JAMBI;1502;150206;DATA SEKOLAH;UNIT;2023/2024 GANJIL;SWASTA;TK;16
4875;15;JAMBI;1502;150206;DATA SEKOLAH;UNIT;2023/2024 GANJIL;SWASTA;KB;15
4876;15;JAMBI;1502;150206;DATA SEKOLAH;UNIT;2023/2024 GANJIL;SWASTA;TPA;0
4877;15;JAMBI;1502;150206;DATA SEKOLAH;UNIT;2023/2024 GANJIL;SWASTA;SPS;1
4878;15;JAMBI;1502;150206;DATA SEKOLAH;UNIT;2023/2024 GANJIL;SWASTA;PKBM;3
4879;15;JAMBI;1502;150206;DATA SEKOLAH;UNIT;2023/2024 GANJIL;SWASTA;SKB;0
4880;15;JAMBI;1502;150206;DATA SEKOLAH;UNIT;2023/2024 GANJIL;SWASTA;SD;0
4881;15;JAMBI;1502;150206;DATA SEKOLAH;UNIT;2023/2024 GANJIL;SWASTA;SMP;1
4882;15;JAMBI;1502;150206;DATA SEKOLAH;UNIT;2023/2024 GANJIL;SWASTA;SMA;0
4883;15;JAMBI;1502;150206;DATA SEKOLAH;UNIT;2023/2024 GANJIL;SWASTA;SMK;1
4884;15;JAMBI;1502;150206;DATA SEKOLAH;UNIT;2023/2024 GANJIL;SWASTA;SLB;0
4885;15;JAMBI;1502;150213;DATA SEKOLAH;UNIT;2023/2024 GANJIL;SWASTA;TK;6
4886;15;JAMBI;1502;150213;DATA SEKOLAH;UNIT;2023/2024 GANJIL;SWASTA;KB;5
4887;15;JAMBI;1502;150213;DATA SEKOLAH;UNIT;2023/2024 GANJIL;SWASTA;TPA;0
4888;15;JAMBI;1502;150213;DATA SEKOLAH;UNIT;2023/2024 GANJIL;SWASTA;SPS;1
4889;15;JAMBI;1502;150213;DATA SEKOLAH;UNIT;2023/2024 GANJIL;SWASTA;PKBM;1
4890;15;JAMBI;1502;150213;DATA SEKOLAH;UNIT;2023/2024 GANJIL;SWASTA;SKB;0
4891;15;JAMBI;1502;150213;DATA SEKOLAH;UNIT;2023/2024 GANJIL;SWASTA;SD;2
4892;15;JAMBI;1502;150213;DATA SEKOLAH;UNIT;2023/2024 GANJIL;SWASTA;SMP;1
4893;15;JAMBI;1502;150213;DATA SEKOLAH;UNIT;2023/2024 GANJIL;SWASTA;SMA;0
4894;15;JAMBI;1502;150213;DATA SEKOLAH;UNIT;2023/2024 GANJIL;SWASTA;SMK;0
4895;15;JAMBI;1502;150213;DATA SEKOLAH;UNIT;2023/2024 GANJIL;SWASTA;SLB;0
4896;15;JAMBI;1502;150220;DATA SEKOLAH;UNIT;2023/2024 GANJIL;SWASTA;TK;5
4897;15;JAMBI;1502;150220;DATA SEKOLAH;UNIT;2023/2024 GANJIL;SWASTA;KB;5
4898;15;JAMBI;1502;150220;DATA SEKOLAH;UNIT;2023/2024 GANJIL;SWASTA;TPA;0
4899;15;JAMBI;1502;150220;DATA SEKOLAH;UNIT;2023/2024 GANJIL;SWASTA;SPS;0
4900;15;JAMBI;1502;150220;DATA SEKOLAH;UNIT;2023/2024 GANJIL;SWASTA;PKBM;0
4901;15;JAMBI;1502;150220;DATA SEKOLAH;UNIT;2023/2024 GANJIL;SWASTA;SKB;0
4902;15;JAMBI;1502;150220;DATA SEKOLAH;UNIT;2023/2024 GANJIL;SWASTA;SD;1
4903;15;JAMBI;1502;150220;DATA SEKOLAH;UNIT;2023/2024 GANJIL;SWASTA;SMP;1
4904;15;JAMBI;1502;150220;DATA SEKOLAH;UNIT;2023/2024 GANJIL;SWASTA;SMA;1
4905;15;JAMBI;1502;150220;DATA SEKOLAH;UNIT;2023/2024 GANJIL;SWASTA;SMK;1
4906;15;JAMBI;1502;150220;DATA SEKOLAH;UNIT;2023/2024 GANJIL;SWASTA;SLB;0
4907;15;JAMBI;1502;150217;DATA SEKOLAH;UNIT;2023/2024 GANJIL;SWASTA;TK;8
4908;15;JAMBI;1502;150217;DATA SEKOLAH;UNIT;2023/2024 GANJIL;SWASTA;KB;9
4909;15;JAMBI;1502;150217;DATA SEKOLAH;UNIT;2023/2024 GANJIL;SWASTA;TPA;0
4910;15;JAMBI;1502;150217;DATA SEKOLAH;UNIT;2023/2024 GANJIL;SWASTA;SPS;5
4911;15;JAMBI;1502;150217;DATA SEKOLAH;UNIT;2023/2024 GANJIL;SWASTA;PKBM;1
4912;15;JAMBI;1502;150217;DATA SEKOLAH;UNIT;2023/2024 GANJIL;SWASTA;SKB;0
4913;15;JAMBI;1502;150217;DATA SEKOLAH;UNIT;2023/2024 GANJIL;SWASTA;SD;0
4914;15;JAMBI;1502;150217;DATA SEKOLAH;UNIT;2023/2024 GANJIL;SWASTA;SMP;0
4915;15;JAMBI;1502;150217;DATA SEKOLAH;UNIT;2023/2024 GANJIL;SWASTA;SMA;0
4916;15;JAMBI;1502;150217;DATA SEKOLAH;UNIT;2023/2024 GANJIL;SWASTA;SMK;0
4917;15;JAMBI;1502;150217;DATA SEKOLAH;UNIT;2023/2024 GANJIL;SWASTA;SLB;0
4918;15;JAMBI;1502;150219;DATA SEKOLAH;UNIT;2023/2024 GANJIL;SWASTA;TK;5
4919;15;JAMBI;1502;150219;DATA SEKOLAH;UNIT;2023/2024 GANJIL;SWASTA;KB;6
4920;15;JAMBI;1502;150219;DATA SEKOLAH;UNIT;2023/2024 GANJIL;SWASTA;TPA;0
4921;15;JAMBI;1502;150219;DATA SEKOLAH;UNIT;2023/2024 GANJIL;SWASTA;SPS;0
4922;15;JAMBI;1502;150219;DATA SEKOLAH;UNIT;2023/2024 GANJIL;SWASTA;PKBM;0
4923;15;JAMBI;1502;150219;DATA SEKOLAH;UNIT;2023/2024 GANJIL;SWASTA;SKB;0
4924;15;JAMBI;1502;150219;DATA SEKOLAH;UNIT;2023/2024 GANJIL;SWASTA;SD;0
4925;15;JAMBI;1502;150219;DATA SEKOLAH;UNIT;2023/2024 GANJIL;SWASTA;SMP;0
4926;15;JAMBI;1502;150219;DATA SEKOLAH;UNIT;2023/2024 GANJIL;SWASTA;SMA;0
4927;15;JAMBI;1502;150219;DATA SEKOLAH;UNIT;2023/2024 GANJIL;SWASTA;SMK;0
4928;15;JAMBI;1502;150219;DATA SEKOLAH;UNIT;2023/2024 GANJIL;SWASTA;SLB;0
4929;15;JAMBI;1502;150216;DATA SEKOLAH;UNIT;2023/2024 GANJIL;SWASTA;TK;7
4930;15;JAMBI;1502;150216;DATA SEKOLAH;UNIT;2023/2024 GANJIL;SWASTA;KB;11
4931;15;JAMBI;1502;150216;DATA SEKOLAH;UNIT;2023/2024 GANJIL;SWASTA;TPA;1
4932;15;JAMBI;1502;150216;DATA SEKOLAH;UNIT;2023/2024 GANJIL;SWASTA;SPS;2
4933;15;JAMBI;1502;150216;DATA SEKOLAH;UNIT;2023/2024 GANJIL;SWASTA;PKBM;0
4934;15;JAMBI;1502;150216;DATA SEKOLAH;UNIT;2023/2024 GANJIL;SWASTA;SKB;0
4935;15;JAMBI;1502;150216;DATA SEKOLAH;UNIT;2023/2024 GANJIL;SWASTA;SD;0
4936;15;JAMBI;1502;150216;DATA SEKOLAH;UNIT;2023/2024 GANJIL;SWASTA;SMP;0
4937;15;JAMBI;1502;150216;DATA SEKOLAH;UNIT;2023/2024 GANJIL;SWASTA;SMA;0
4938;15;JAMBI;1502;150216;DATA SEKOLAH;UNIT;2023/2024 GANJIL;SWASTA;SMK;0
4939;15;JAMBI;1502;150216;DATA SEKOLAH;UNIT;2023/2024 GANJIL;SWASTA;SLB;0
4940;15;JAMBI;1502;150204;DATA SEKOLAH;UNIT;2023/2024 GANJIL;SWASTA;TK;8
4941;15;JAMBI;1502;150204;DATA SEKOLAH;UNIT;2023/2024 GANJIL;SWASTA;KB;16
4942;15;JAMBI;1502;150204;DATA SEKOLAH;UNIT;2023/2024 GANJIL;SWASTA;TPA;0
4943;15;JAMBI;1502;150204;DATA SEKOLAH;UNIT;2023/2024 GANJIL;SWASTA;SPS;9
4944;15;JAMBI;1502;150204;DATA SEKOLAH;UNIT;2023/2024 GANJIL;SWASTA;PKBM;2
4945;15;JAMBI;1502;150204;DATA SEKOLAH;UNIT;2023/2024 GANJIL;SWASTA;SKB;0
4946;15;JAMBI;1502;150204;DATA SEKOLAH;UNIT;2023/2024 GANJIL;SWASTA;SD;0
4947;15;JAMBI;1502;150204;DATA SEKOLAH;UNIT;2023/2024 GANJIL;SWASTA;SMP;0
4948;15;JAMBI;1502;150204;DATA SEKOLAH;UNIT;2023/2024 GANJIL;SWASTA;SMA;0
4949;15;JAMBI;1502;150204;DATA SEKOLAH;UNIT;2023/2024 GANJIL;SWASTA;SMK;0
4950;15;JAMBI;1502;150204;DATA SEKOLAH;UNIT;2023/2024 GANJIL;SWASTA;SLB;0
4951;15;JAMBI;1502;150205;DATA SEKOLAH;UNIT;2023/2024 GANJIL;SWASTA;TK;8
4952;15;JAMBI;1502;150205;DATA SEKOLAH;UNIT;2023/2024 GANJIL;SWASTA;KB;2
4953;15;JAMBI;1502;150205;DATA SEKOLAH;UNIT;2023/2024 GANJIL;SWASTA;TPA;0
4954;15;JAMBI;1502;150205;DATA SEKOLAH;UNIT;2023/2024 GANJIL;SWASTA;SPS;0
4955;15;JAMBI;1502;150205;DATA SEKOLAH;UNIT;2023/2024 GANJIL;SWASTA;PKBM;0
4956;15;JAMBI;1502;150205;DATA SEKOLAH;UNIT;2023/2024 GANJIL;SWASTA;SKB;0
4957;15;JAMBI;1502;150205;DATA SEKOLAH;UNIT;2023/2024 GANJIL;SWASTA;SD;1
4958;15;JAMBI;1502;150205;DATA SEKOLAH;UNIT;2023/2024 GANJIL;SWASTA;SMP;0
4959;15;JAMBI;1502;150205;DATA SEKOLAH;UNIT;2023/2024 GANJIL;SWASTA;SMA;0
4960;15;JAMBI;1502;150205;DATA SEKOLAH;UNIT;2023/2024 GANJIL;SWASTA;SMK;0
4961;15;JAMBI;1502;150205;DATA SEKOLAH;UNIT;2023/2024 GANJIL;SWASTA;SLB;0
4962;15;JAMBI;1502;150223;DATA SEKOLAH;UNIT;2023/2024 GANJIL;SWASTA;TK;10
4963;15;JAMBI;1502;150223;DATA SEKOLAH;UNIT;2023/2024 GANJIL;SWASTA;KB;4
4964;15;JAMBI;1502;150223;DATA SEKOLAH;UNIT;2023/2024 GANJIL;SWASTA;TPA;0
4965;15;JAMBI;1502;150223;DATA SEKOLAH;UNIT;2023/2024 GANJIL;SWASTA;SPS;0
4966;15;JAMBI;1502;150223;DATA SEKOLAH;UNIT;2023/2024 GANJIL;SWASTA;PKBM;2
4967;15;JAMBI;1502;150223;DATA SEKOLAH;UNIT;2023/2024 GANJIL;SWASTA;SKB;0
4968;15;JAMBI;1502;150223;DATA SEKOLAH;UNIT;2023/2024 GANJIL;SWASTA;SD;0
4969;15;JAMBI;1502;150223;DATA SEKOLAH;UNIT;2023/2024 GANJIL;SWASTA;SMP;0
4970;15;JAMBI;1502;150223;DATA SEKOLAH;UNIT;2023/2024 GANJIL;SWASTA;SMA;1
4971;15;JAMBI;1502;150223;DATA SEKOLAH;UNIT;2023/2024 GANJIL;SWASTA;SMK;0
4972;15;JAMBI;1502;150223;DATA SEKOLAH;UNIT;2023/2024 GANJIL;SWASTA;SLB;0
4973;15;JAMBI;1502;150214;DATA SEKOLAH;UNIT;2023/2024 GANJIL;SWASTA;TK;4
4974;15;JAMBI;1502;150214;DATA SEKOLAH;UNIT;2023/2024 GANJIL;SWASTA;KB;8
4975;15;JAMBI;1502;150214;DATA SEKOLAH;UNIT;2023/2024 GANJIL;SWASTA;TPA;0
4976;15;JAMBI;1502;150214;DATA SEKOLAH;UNIT;2023/2024 GANJIL;SWASTA;SPS;4
4977;15;JAMBI;1502;150214;DATA SEKOLAH;UNIT;2023/2024 GANJIL;SWASTA;PKBM;2
4978;15;JAMBI;1502;150214;DATA SEKOLAH;UNIT;2023/2024 GANJIL;SWASTA;SKB;0
4979;15;JAMBI;1502;150214;DATA SEKOLAH;UNIT;2023/2024 GANJIL;SWASTA;SD;0
4980;15;JAMBI;1502;150214;DATA SEKOLAH;UNIT;2023/2024 GANJIL;SWASTA;SMP;0
4981;15;JAMBI;1502;150214;DATA SEKOLAH;UNIT;2023/2024 GANJIL;SWASTA;SMA;0
4982;15;JAMBI;1502;150214;DATA SEKOLAH;UNIT;2023/2024 GANJIL;SWASTA;SMK;0
4983;15;JAMBI;1502;150214;DATA SEKOLAH;UNIT;2023/2024 GANJIL;SWASTA;SLB;0
4984;15;JAMBI;1502;150222;DATA SEKOLAH;UNIT;2023/2024 GANJIL;SWASTA;TK;5
4985;15;JAMBI;1502;150222;DATA SEKOLAH;UNIT;2023/2024 GANJIL;SWASTA;KB;1
4986;15;JAMBI;1502;150222;DATA SEKOLAH;UNIT;2023/2024 GANJIL;SWASTA;TPA;0
4987;15;JAMBI;1502;150222;DATA SEKOLAH;UNIT;2023/2024 GANJIL;SWASTA;SPS;0
4988;15;JAMBI;1502;150222;DATA SEKOLAH;UNIT;2023/2024 GANJIL;SWASTA;PKBM;0
4989;15;JAMBI;1502;150222;DATA SEKOLAH;UNIT;2023/2024 GANJIL;SWASTA;SKB;0
4990;15;JAMBI;1502;150222;DATA SEKOLAH;UNIT;2023/2024 GANJIL;SWASTA;SD;1
4991;15;JAMBI;1502;150222;DATA SEKOLAH;UNIT;2023/2024 GANJIL;SWASTA;SMP;1
4992;15;JAMBI;1502;150222;DATA SEKOLAH;UNIT;2023/2024 GANJIL;SWASTA;SMA;1
4993;15;JAMBI;1502;150222;DATA SEKOLAH;UNIT;2023/2024 GANJIL;SWASTA;SMK;0
4994;15;JAMBI;1502;150222;DATA SEKOLAH;UNIT;2023/2024 GANJIL;SWASTA;SLB;0
4995;15;JAMBI;1502;150208;DATA SEKOLAH;UNIT;2023/2024 GANJIL;SWASTA;TK;20
4996;15;JAMBI;1502;150208;DATA SEKOLAH;UNIT;2023/2024 GANJIL;SWASTA;KB;7
4997;15;JAMBI;1502;150208;DATA SEKOLAH;UNIT;2023/2024 GANJIL;SWASTA;TPA;0
4998;15;JAMBI;1502;150208;DATA SEKOLAH;UNIT;2023/2024 GANJIL;SWASTA;SPS;1
4999;15;JAMBI;1502;150208;DATA SEKOLAH;UNIT;2023/2024 GANJIL;SWASTA;PKBM;1
5000;15;JAMBI;1502;150208;DATA SEKOLAH;UNIT;2023/2024 GANJIL;SWASTA;SKB;0
5001;15;JAMBI;1502;150208;DATA SEKOLAH;UNIT;2023/2024 GANJIL;SWASTA;SD;2
5002;15;JAMBI;1502;150208;DATA SEKOLAH;UNIT;2023/2024 GANJIL;SWASTA;SMP;0
5003;15;JAMBI;1502;150208;DATA SEKOLAH;UNIT;2023/2024 GANJIL;SWASTA;SMA;0
5004;15;JAMBI;1502;150208;DATA SEKOLAH;UNIT;2023/2024 GANJIL;SWASTA;SMK;0
5005;15;JAMBI;1502;150208;DATA SEKOLAH;UNIT;2023/2024 GANJIL;SWASTA;SLB;0
5006;15;JAMBI;1502;150215;DATA SEKOLAH;UNIT;2023/2024 GANJIL;SWASTA;TK;2
5007;15;JAMBI;1502;150215;DATA SEKOLAH;UNIT;2023/2024 GANJIL;SWASTA;KB;5
5008;15;JAMBI;1502;150215;DATA SEKOLAH;UNIT;2023/2024 GANJIL;SWASTA;TPA;0
5009;15;JAMBI;1502;150215;DATA SEKOLAH;UNIT;2023/2024 GANJIL;SWASTA;SPS;0
5010;15;JAMBI;1502;150215;DATA SEKOLAH;UNIT;2023/2024 GANJIL;SWASTA;PKBM;0
5011;15;JAMBI;1502;150215;DATA SEKOLAH;UNIT;2023/2024 GANJIL;SWASTA;SKB;0
5012;15;JAMBI;1502;150215;DATA SEKOLAH;UNIT;2023/2024 GANJIL;SWASTA;SD;0
5013;15;JAMBI;1502;150215;DATA SEKOLAH;UNIT;2023/2024 GANJIL;SWASTA;SMP;0
5014;15;JAMBI;1502;150215;DATA SEKOLAH;UNIT;2023/2024 GANJIL;SWASTA;SMA;0
5015;15;JAMBI;1502;150215;DATA SEKOLAH;UNIT;2023/2024 GANJIL;SWASTA;SMK;0
5016;15;JAMBI;1502;150215;DATA SEKOLAH;UNIT;2023/2024 GANJIL;SWASTA;SLB;0
5017;15;JAMBI;1502;150207;DATA SEKOLAH;UNIT;2023/2024 GANJIL;SWASTA;TK;4
5018;15;JAMBI;1502;150207;DATA SEKOLAH;UNIT;2023/2024 GANJIL;SWASTA;KB;2
5019;15;JAMBI;1502;150207;DATA SEKOLAH;UNIT;2023/2024 GANJIL;SWASTA;TPA;0
5020;15;JAMBI;1502;150207;DATA SEKOLAH;UNIT;2023/2024 GANJIL;SWASTA;SPS;0
5021;15;JAMBI;1502;150207;DATA SEKOLAH;UNIT;2023/2024 GANJIL;SWASTA;PKBM;0
5022;15;JAMBI;1502;150207;DATA SEKOLAH;UNIT;2023/2024 GANJIL;SWASTA;SKB;0
5023;15;JAMBI;1502;150207;DATA SEKOLAH;UNIT;2023/2024 GANJIL;SWASTA;SD;0
5024;15;JAMBI;1502;150207;DATA SEKOLAH;UNIT;2023/2024 GANJIL;SWASTA;SMP;0
5025;15;JAMBI;1502;150207;DATA SEKOLAH;UNIT;2023/2024 GANJIL;SWASTA;SMA;0
5026;15;JAMBI;1502;150207;DATA SEKOLAH;UNIT;2023/2024 GANJIL;SWASTA;SMK;0
5027;15;JAMBI;1502;150207;DATA SEKOLAH;UNIT;2023/2024 GANJIL;SWASTA;SLB;0
5028;15;JAMBI;1502;150224;DATA SEKOLAH;UNIT;2023/2024 GANJIL;SWASTA;TK;0
5029;15;JAMBI;1502;150224;DATA SEKOLAH;UNIT;2023/2024 GANJIL;SWASTA;KB;6
5030;15;JAMBI;1502;150224;DATA SEKOLAH;UNIT;2023/2024 GANJIL;SWASTA;TPA;0
5031;15;JAMBI;1502;150224;DATA SEKOLAH;UNIT;2023/2024 GANJIL;SWASTA;SPS;0
5032;15;JAMBI;1502;150224;DATA SEKOLAH;UNIT;2023/2024 GANJIL;SWASTA;PKBM;0
5033;15;JAMBI;1502;150224;DATA SEKOLAH;UNIT;2023/2024 GANJIL;SWASTA;SKB;0
5034;15;JAMBI;1502;150224;DATA SEKOLAH;UNIT;2023/2024 GANJIL;SWASTA;SD;0
5035;15;JAMBI;1502;150224;DATA SEKOLAH;UNIT;2023/2024 GANJIL;SWASTA;SMP;0
5036;15;JAMBI;1502;150224;DATA SEKOLAH;UNIT;2023/2024 GANJIL;SWASTA;SMA;0
5037;15;JAMBI;1502;150224;DATA SEKOLAH;UNIT;2023/2024 GANJIL;SWASTA;SMK;0
5038;15;JAMBI;1502;150224;DATA SEKOLAH;UNIT;2023/2024 GANJIL;SWASTA;SLB;0
5039;15;JAMBI;1505;150510;DATA SEKOLAH;UNIT;2023/2024 GANJIL;NEGERI;TK;1
5040;15;JAMBI;1505;150510;DATA SEKOLAH;UNIT;2023/2024 GANJIL;NEGERI;KB;0
5041;15;JAMBI;1505;150510;DATA SEKOLAH;UNIT;2023/2024 GANJIL;NEGERI;TPA;0
5042;15;JAMBI;1505;150510;DATA SEKOLAH;UNIT;2023/2024 GANJIL;NEGERI;SPS;0
5043;15;JAMBI;1505;150510;DATA SEKOLAH;UNIT;2023/2024 GANJIL;NEGERI;PKBM;0
5044;15;JAMBI;1505;150510;DATA SEKOLAH;UNIT;2023/2024 GANJIL;NEGERI;SKB;0
5045;15;JAMBI;1505;150510;DATA SEKOLAH;UNIT;2023/2024 GANJIL;NEGERI;SD;15
5046;15;JAMBI;1505;150510;DATA SEKOLAH;UNIT;2023/2024 GANJIL;NEGERI;SMP;5
5047;15;JAMBI;1505;150510;DATA SEKOLAH;UNIT;2023/2024 GANJIL;NEGERI;SMA;1
5048;15;JAMBI;1505;150510;DATA SEKOLAH;UNIT;2023/2024 GANJIL;NEGERI;SMK;0
5049;15;JAMBI;1505;150510;DATA SEKOLAH;UNIT;2023/2024 GANJIL;NEGERI;SLB;0
5050;15;JAMBI;1505;150509;DATA SEKOLAH;UNIT;2023/2024 GANJIL;NEGERI;TK;1
5051;15;JAMBI;1505;150509;DATA SEKOLAH;UNIT;2023/2024 GANJIL;NEGERI;KB;0
5052;15;JAMBI;1505;150509;DATA SEKOLAH;UNIT;2023/2024 GANJIL;NEGERI;TPA;0
5053;15;JAMBI;1505;150509;DATA SEKOLAH;UNIT;2023/2024 GANJIL;NEGERI;SPS;0
5054;15;JAMBI;1505;150509;DATA SEKOLAH;UNIT;2023/2024 GANJIL;NEGERI;PKBM;0
5055;15;JAMBI;1505;150509;DATA SEKOLAH;UNIT;2023/2024 GANJIL;NEGERI;SKB;0
5056;15;JAMBI;1505;150509;DATA SEKOLAH;UNIT;2023/2024 GANJIL;NEGERI;SD;11
5057;15;JAMBI;1505;150509;DATA SEKOLAH;UNIT;2023/2024 GANJIL;NEGERI;SMP;4
5058;15;JAMBI;1505;150509;DATA SEKOLAH;UNIT;2023/2024 GANJIL;NEGERI;SMA;1
5059;15;JAMBI;1505;150509;DATA SEKOLAH;UNIT;2023/2024 GANJIL;NEGERI;SMK;1
5060;15;JAMBI;1505;150509;DATA SEKOLAH;UNIT;2023/2024 GANJIL;NEGERI;SLB;0
5061;15;JAMBI;1505;150501;DATA SEKOLAH;UNIT;2023/2024 GANJIL;NEGERI;TK;2
5062;15;JAMBI;1505;150501;DATA SEKOLAH;UNIT;2023/2024 GANJIL;NEGERI;KB;0
5063;15;JAMBI;1505;150501;DATA SEKOLAH;UNIT;2023/2024 GANJIL;NEGERI;TPA;0
5064;15;JAMBI;1505;150501;DATA SEKOLAH;UNIT;2023/2024 GANJIL;NEGERI;SPS;0
5065;15;JAMBI;1505;150501;DATA SEKOLAH;UNIT;2023/2024 GANJIL;NEGERI;PKBM;0
5066;15;JAMBI;1505;150501;DATA SEKOLAH;UNIT;2023/2024 GANJIL;NEGERI;SKB;0
5067;15;JAMBI;1505;150501;DATA SEKOLAH;UNIT;2023/2024 GANJIL;NEGERI;SD;34
5068;15;JAMBI;1505;150501;DATA SEKOLAH;UNIT;2023/2024 GANJIL;NEGERI;SMP;8
5069;15;JAMBI;1505;150501;DATA SEKOLAH;UNIT;2023/2024 GANJIL;NEGERI;SMA;4
5070;15;JAMBI;1505;150501;DATA SEKOLAH;UNIT;2023/2024 GANJIL;NEGERI;SMK;2
5071;15;JAMBI;1505;150501;DATA SEKOLAH;UNIT;2023/2024 GANJIL;NEGERI;SLB;0
5072;15;JAMBI;1505;150503;DATA SEKOLAH;UNIT;2023/2024 GANJIL;NEGERI;TK;1
5073;15;JAMBI;1505;150503;DATA SEKOLAH;UNIT;2023/2024 GANJIL;NEGERI;KB;0
5074;15;JAMBI;1505;150503;DATA SEKOLAH;UNIT;2023/2024 GANJIL;NEGERI;TPA;0
5075;15;JAMBI;1505;150503;DATA SEKOLAH;UNIT;2023/2024 GANJIL;NEGERI;SPS;0
5076;15;JAMBI;1505;150503;DATA SEKOLAH;UNIT;2023/2024 GANJIL;NEGERI;PKBM;0
5077;15;JAMBI;1505;150503;DATA SEKOLAH;UNIT;2023/2024 GANJIL;NEGERI;SKB;0
5078;15;JAMBI;1505;150503;DATA SEKOLAH;UNIT;2023/2024 GANJIL;NEGERI;SD;23
5079;15;JAMBI;1505;150503;DATA SEKOLAH;UNIT;2023/2024 GANJIL;NEGERI;SMP;5
5080;15;JAMBI;1505;150503;DATA SEKOLAH;UNIT;2023/2024 GANJIL;NEGERI;SMA;1
5081;15;JAMBI;1505;150503;DATA SEKOLAH;UNIT;2023/2024 GANJIL;NEGERI;SMK;1
5082;15;JAMBI;1505;150503;DATA SEKOLAH;UNIT;2023/2024 GANJIL;NEGERI;SLB;0
5083;15;JAMBI;1505;150506;DATA SEKOLAH;UNIT;2023/2024 GANJIL;NEGERI;TK;3
5084;15;JAMBI;1505;150506;DATA SEKOLAH;UNIT;2023/2024 GANJIL;NEGERI;KB;0
5085;15;JAMBI;1505;150506;DATA SEKOLAH;UNIT;2023/2024 GANJIL;NEGERI;TPA;0
5086;15;JAMBI;1505;150506;DATA SEKOLAH;UNIT;2023/2024 GANJIL;NEGERI;SPS;0
5087;15;JAMBI;1505;150506;DATA SEKOLAH;UNIT;2023/2024 GANJIL;NEGERI;PKBM;0
5088;15;JAMBI;1505;150506;DATA SEKOLAH;UNIT;2023/2024 GANJIL;NEGERI;SKB;0
5089;15;JAMBI;1505;150506;DATA SEKOLAH;UNIT;2023/2024 GANJIL;NEGERI;SD;22
5090;15;JAMBI;1505;150506;DATA SEKOLAH;UNIT;2023/2024 GANJIL;NEGERI;SMP;5
5091;15;JAMBI;1505;150506;DATA SEKOLAH;UNIT;2023/2024 GANJIL;NEGERI;SMA;2
5092;15;JAMBI;1505;150506;DATA SEKOLAH;UNIT;2023/2024 GANJIL;NEGERI;SMK;0
5093;15;JAMBI;1505;150506;DATA SEKOLAH;UNIT;2023/2024 GANJIL;NEGERI;SLB;0
5094;15;JAMBI;1505;150504;DATA SEKOLAH;UNIT;2023/2024 GANJIL;NEGERI;TK;2
5095;15;JAMBI;1505;150504;DATA SEKOLAH;UNIT;2023/2024 GANJIL;NEGERI;KB;0
5096;15;JAMBI;1505;150504;DATA SEKOLAH;UNIT;2023/2024 GANJIL;NEGERI;TPA;0
5097;15;JAMBI;1505;150504;DATA SEKOLAH;UNIT;2023/2024 GANJIL;NEGERI;SPS;0
5098;15;JAMBI;1505;150504;DATA SEKOLAH;UNIT;2023/2024 GANJIL;NEGERI;PKBM;0
5099;15;JAMBI;1505;150504;DATA SEKOLAH;UNIT;2023/2024 GANJIL;NEGERI;SKB;0
5100;15;JAMBI;1505;150504;DATA SEKOLAH;UNIT;2023/2024 GANJIL;NEGERI;SD;17
5101;15;JAMBI;1505;150504;DATA SEKOLAH;UNIT;2023/2024 GANJIL;NEGERI;SMP;5
5102;15;JAMBI;1505;150504;DATA SEKOLAH;UNIT;2023/2024 GANJIL;NEGERI;SMA;1
5103;15;JAMBI;1505;150504;DATA SEKOLAH;UNIT;2023/2024 GANJIL;NEGERI;SMK;1
5104;15;JAMBI;1505;150504;DATA SEKOLAH;UNIT;2023/2024 GANJIL;NEGERI;SLB;0
5105;15;JAMBI;1505;150505;DATA SEKOLAH;UNIT;2023/2024 GANJIL;NEGERI;TK;1
5106;15;JAMBI;1505;150505;DATA SEKOLAH;UNIT;2023/2024 GANJIL;NEGERI;KB;0
5107;15;JAMBI;1505;150505;DATA SEKOLAH;UNIT;2023/2024 GANJIL;NEGERI;TPA;0
5108;15;JAMBI;1505;150505;DATA SEKOLAH;UNIT;2023/2024 GANJIL;NEGERI;SPS;0
5109;15;JAMBI;1505;150505;DATA SEKOLAH;UNIT;2023/2024 GANJIL;NEGERI;PKBM;0
5110;15;JAMBI;1505;150505;DATA SEKOLAH;UNIT;2023/2024 GANJIL;NEGERI;SKB;0
5111;15;JAMBI;1505;150505;DATA SEKOLAH;UNIT;2023/2024 GANJIL;NEGERI;SD;32
5112;15;JAMBI;1505;150505;DATA SEKOLAH;UNIT;2023/2024 GANJIL;NEGERI;SMP;9
5113;15;JAMBI;1505;150505;DATA SEKOLAH;UNIT;2023/2024 GANJIL;NEGERI;SMA;3
5114;15;JAMBI;1505;150505;DATA SEKOLAH;UNIT;2023/2024 GANJIL;NEGERI;SMK;1
5115;15;JAMBI;1505;150505;DATA SEKOLAH;UNIT;2023/2024 GANJIL;NEGERI;SLB;0
5116;15;JAMBI;1505;150502;DATA SEKOLAH;UNIT;2023/2024 GANJIL;NEGERI;TK;1
5117;15;JAMBI;1505;150502;DATA SEKOLAH;UNIT;2023/2024 GANJIL;NEGERI;KB;0
5118;15;JAMBI;1505;150502;DATA SEKOLAH;UNIT;2023/2024 GANJIL;NEGERI;TPA;0
5119;15;JAMBI;1505;150502;DATA SEKOLAH;UNIT;2023/2024 GANJIL;NEGERI;SPS;0
5120;15;JAMBI;1505;150502;DATA SEKOLAH;UNIT;2023/2024 GANJIL;NEGERI;PKBM;0
5121;15;JAMBI;1505;150502;DATA SEKOLAH;UNIT;2023/2024 GANJIL;NEGERI;SKB;1
5122;15;JAMBI;1505;150502;DATA SEKOLAH;UNIT;2023/2024 GANJIL;NEGERI;SD;31
5123;15;JAMBI;1505;150502;DATA SEKOLAH;UNIT;2023/2024 GANJIL;NEGERI;SMP;7
5124;15;JAMBI;1505;150502;DATA SEKOLAH;UNIT;2023/2024 GANJIL;NEGERI;SMA;2
5125;15;JAMBI;1505;150502;DATA SEKOLAH;UNIT;2023/2024 GANJIL;NEGERI;SMK;1
5126;15;JAMBI;1505;150502;DATA SEKOLAH;UNIT;2023/2024 GANJIL;NEGERI;SLB;1
5127;15;JAMBI;1505;150507;DATA SEKOLAH;UNIT;2023/2024 GANJIL;NEGERI;TK;0
5128;15;JAMBI;1505;150507;DATA SEKOLAH;UNIT;2023/2024 GANJIL;NEGERI;KB;0
5129;15;JAMBI;1505;150507;DATA SEKOLAH;UNIT;2023/2024 GANJIL;NEGERI;TPA;0
5130;15;JAMBI;1505;150507;DATA SEKOLAH;UNIT;2023/2024 GANJIL;NEGERI;SPS;0
5131;15;JAMBI;1505;150507;DATA SEKOLAH;UNIT;2023/2024 GANJIL;NEGERI;PKBM;0
5132;15;JAMBI;1505;150507;DATA SEKOLAH;UNIT;2023/2024 GANJIL;NEGERI;SKB;0
5133;15;JAMBI;1505;150507;DATA SEKOLAH;UNIT;2023/2024 GANJIL;NEGERI;SD;19
5134;15;JAMBI;1505;150507;DATA SEKOLAH;UNIT;2023/2024 GANJIL;NEGERI;SMP;6
5135;15;JAMBI;1505;150507;DATA SEKOLAH;UNIT;2023/2024 GANJIL;NEGERI;SMA;1
5136;15;JAMBI;1505;150507;DATA SEKOLAH;UNIT;2023/2024 GANJIL;NEGERI;SMK;2
5137;15;JAMBI;1505;150507;DATA SEKOLAH;UNIT;2023/2024 GANJIL;NEGERI;SLB;0
5138;15;JAMBI;1505;150508;DATA SEKOLAH;UNIT;2023/2024 GANJIL;NEGERI;TK;1
5139;15;JAMBI;1505;150508;DATA SEKOLAH;UNIT;2023/2024 GANJIL;NEGERI;KB;0
5140;15;JAMBI;1505;150508;DATA SEKOLAH;UNIT;2023/2024 GANJIL;NEGERI;TPA;0
5141;15;JAMBI;1505;150508;DATA SEKOLAH;UNIT;2023/2024 GANJIL;NEGERI;SPS;0
5142;15;JAMBI;1505;150508;DATA SEKOLAH;UNIT;2023/2024 GANJIL;NEGERI;PKBM;0
5143;15;JAMBI;1505;150508;DATA SEKOLAH;UNIT;2023/2024 GANJIL;NEGERI;SKB;0
5144;15;JAMBI;1505;150508;DATA SEKOLAH;UNIT;2023/2024 GANJIL;NEGERI;SD;28
5145;15;JAMBI;1505;150508;DATA SEKOLAH;UNIT;2023/2024 GANJIL;NEGERI;SMP;11
5146;15;JAMBI;1505;150508;DATA SEKOLAH;UNIT;2023/2024 GANJIL;NEGERI;SMA;2
5147;15;JAMBI;1505;150508;DATA SEKOLAH;UNIT;2023/2024 GANJIL;NEGERI;SMK;1
5148;15;JAMBI;1505;150508;DATA SEKOLAH;UNIT;2023/2024 GANJIL;NEGERI;SLB;0
5149;15;JAMBI;1505;150511;DATA SEKOLAH;UNIT;2023/2024 GANJIL;NEGERI;TK;0
5150;15;JAMBI;1505;150511;DATA SEKOLAH;UNIT;2023/2024 GANJIL;NEGERI;KB;0
5151;15;JAMBI;1505;150511;DATA SEKOLAH;UNIT;2023/2024 GANJIL;NEGERI;TPA;0
5152;15;JAMBI;1505;150511;DATA SEKOLAH;UNIT;2023/2024 GANJIL;NEGERI;SPS;0
5153;15;JAMBI;1505;150511;DATA SEKOLAH;UNIT;2023/2024 GANJIL;NEGERI;PKBM;0
5154;15;JAMBI;1505;150511;DATA SEKOLAH;UNIT;2023/2024 GANJIL;NEGERI;SKB;0
5155;15;JAMBI;1505;150511;DATA SEKOLAH;UNIT;2023/2024 GANJIL;NEGERI;SD;12
5156;15;JAMBI;1505;150511;DATA SEKOLAH;UNIT;2023/2024 GANJIL;NEGERI;SMP;3
5157;15;JAMBI;1505;150511;DATA SEKOLAH;UNIT;2023/2024 GANJIL;NEGERI;SMA;0
5158;15;JAMBI;1505;150511;DATA SEKOLAH;UNIT;2023/2024 GANJIL;NEGERI;SMK;1
5159;15;JAMBI;1505;150511;DATA SEKOLAH;UNIT;2023/2024 GANJIL;NEGERI;SLB;0
5160;15;JAMBI;1505;150510;DATA SEKOLAH;UNIT;2023/2024 GANJIL;SWASTA;TK;11
5161;15;JAMBI;1505;150510;DATA SEKOLAH;UNIT;2023/2024 GANJIL;SWASTA;KB;6
5162;15;JAMBI;1505;150510;DATA SEKOLAH;UNIT;2023/2024 GANJIL;SWASTA;TPA;0
5163;15;JAMBI;1505;150510;DATA SEKOLAH;UNIT;2023/2024 GANJIL;SWASTA;SPS;2
5164;15;JAMBI;1505;150510;DATA SEKOLAH;UNIT;2023/2024 GANJIL;SWASTA;PKBM;0
5165;15;JAMBI;1505;150510;DATA SEKOLAH;UNIT;2023/2024 GANJIL;SWASTA;SKB;0
5166;15;JAMBI;1505;150510;DATA SEKOLAH;UNIT;2023/2024 GANJIL;SWASTA;SD;1
5167;15;JAMBI;1505;150510;DATA SEKOLAH;UNIT;2023/2024 GANJIL;SWASTA;SMP;0
5168;15;JAMBI;1505;150510;DATA SEKOLAH;UNIT;2023/2024 GANJIL;SWASTA;SMA;0
5169;15;JAMBI;1505;150510;DATA SEKOLAH;UNIT;2023/2024 GANJIL;SWASTA;SMK;0
5170;15;JAMBI;1505;150510;DATA SEKOLAH;UNIT;2023/2024 GANJIL;SWASTA;SLB;0
5171;15;JAMBI;1505;150509;DATA SEKOLAH;UNIT;2023/2024 GANJIL;SWASTA;TK;9
5172;15;JAMBI;1505;150509;DATA SEKOLAH;UNIT;2023/2024 GANJIL;SWASTA;KB;5
5173;15;JAMBI;1505;150509;DATA SEKOLAH;UNIT;2023/2024 GANJIL;SWASTA;TPA;0
5174;15;JAMBI;1505;150509;DATA SEKOLAH;UNIT;2023/2024 GANJIL;SWASTA;SPS;0
5175;15;JAMBI;1505;150509;DATA SEKOLAH;UNIT;2023/2024 GANJIL;SWASTA;PKBM;0
5176;15;JAMBI;1505;150509;DATA SEKOLAH;UNIT;2023/2024 GANJIL;SWASTA;SKB;0
5177;15;JAMBI;1505;150509;DATA SEKOLAH;UNIT;2023/2024 GANJIL;SWASTA;SD;0
5178;15;JAMBI;1505;150509;DATA SEKOLAH;UNIT;2023/2024 GANJIL;SWASTA;SMP;1
5179;15;JAMBI;1505;150509;DATA SEKOLAH;UNIT;2023/2024 GANJIL;SWASTA;SMA;0
5180;15;JAMBI;1505;150509;DATA SEKOLAH;UNIT;2023/2024 GANJIL;SWASTA;SMK;0
5181;15;JAMBI;1505;150509;DATA SEKOLAH;UNIT;2023/2024 GANJIL;SWASTA;SLB;0
5182;15;JAMBI;1505;150501;DATA SEKOLAH;UNIT;2023/2024 GANJIL;SWASTA;TK;37
5183;15;JAMBI;1505;150501;DATA SEKOLAH;UNIT;2023/2024 GANJIL;SWASTA;KB;13
5184;15;JAMBI;1505;150501;DATA SEKOLAH;UNIT;2023/2024 GANJIL;SWASTA;TPA;2
5185;15;JAMBI;1505;150501;DATA SEKOLAH;UNIT;2023/2024 GANJIL;SWASTA;SPS;2
5186;15;JAMBI;1505;150501;DATA SEKOLAH;UNIT;2023/2024 GANJIL;SWASTA;PKBM;1
5187;15;JAMBI;1505;150501;DATA SEKOLAH;UNIT;2023/2024 GANJIL;SWASTA;SKB;0
5188;15;JAMBI;1505;150501;DATA SEKOLAH;UNIT;2023/2024 GANJIL;SWASTA;SD;4
5189;15;JAMBI;1505;150501;DATA SEKOLAH;UNIT;2023/2024 GANJIL;SWASTA;SMP;1
5190;15;JAMBI;1505;150501;DATA SEKOLAH;UNIT;2023/2024 GANJIL;SWASTA;SMA;0
5191;15;JAMBI;1505;150501;DATA SEKOLAH;UNIT;2023/2024 GANJIL;SWASTA;SMK;0
5192;15;JAMBI;1505;150501;DATA SEKOLAH;UNIT;2023/2024 GANJIL;SWASTA;SLB;1
5193;15;JAMBI;1505;150503;DATA SEKOLAH;UNIT;2023/2024 GANJIL;SWASTA;TK;6
5194;15;JAMBI;1505;150503;DATA SEKOLAH;UNIT;2023/2024 GANJIL;SWASTA;KB;9
5195;15;JAMBI;1505;150503;DATA SEKOLAH;UNIT;2023/2024 GANJIL;SWASTA;TPA;0
5196;15;JAMBI;1505;150503;DATA SEKOLAH;UNIT;2023/2024 GANJIL;SWASTA;SPS;2
5197;15;JAMBI;1505;150503;DATA SEKOLAH;UNIT;2023/2024 GANJIL;SWASTA;PKBM;0
5198;15;JAMBI;1505;150503;DATA SEKOLAH;UNIT;2023/2024 GANJIL;SWASTA;SKB;0
5199;15;JAMBI;1505;150503;DATA SEKOLAH;UNIT;2023/2024 GANJIL;SWASTA;SD;0
5200;15;JAMBI;1505;150503;DATA SEKOLAH;UNIT;2023/2024 GANJIL;SWASTA;SMP;0
5201;15;JAMBI;1505;150503;DATA SEKOLAH;UNIT;2023/2024 GANJIL;SWASTA;SMA;0
5202;15;JAMBI;1505;150503;DATA SEKOLAH;UNIT;2023/2024 GANJIL;SWASTA;SMK;0
5203;15;JAMBI;1505;150503;DATA SEKOLAH;UNIT;2023/2024 GANJIL;SWASTA;SLB;0
5204;15;JAMBI;1505;150506;DATA SEKOLAH;UNIT;2023/2024 GANJIL;SWASTA;TK;6
5205;15;JAMBI;1505;150506;DATA SEKOLAH;UNIT;2023/2024 GANJIL;SWASTA;KB;23
5206;15;JAMBI;1505;150506;DATA SEKOLAH;UNIT;2023/2024 GANJIL;SWASTA;TPA;0
5207;15;JAMBI;1505;150506;DATA SEKOLAH;UNIT;2023/2024 GANJIL;SWASTA;SPS;1
5208;15;JAMBI;1505;150506;DATA SEKOLAH;UNIT;2023/2024 GANJIL;SWASTA;PKBM;0
5209;15;JAMBI;1505;150506;DATA SEKOLAH;UNIT;2023/2024 GANJIL;SWASTA;SKB;0
5210;15;JAMBI;1505;150506;DATA SEKOLAH;UNIT;2023/2024 GANJIL;SWASTA;SD;2
5211;15;JAMBI;1505;150506;DATA SEKOLAH;UNIT;2023/2024 GANJIL;SWASTA;SMP;2
5212;15;JAMBI;1505;150506;DATA SEKOLAH;UNIT;2023/2024 GANJIL;SWASTA;SMA;2
5213;15;JAMBI;1505;150506;DATA SEKOLAH;UNIT;2023/2024 GANJIL;SWASTA;SMK;2
5214;15;JAMBI;1505;150506;DATA SEKOLAH;UNIT;2023/2024 GANJIL;SWASTA;SLB;0
5215;15;JAMBI;1505;150504;DATA SEKOLAH;UNIT;2023/2024 GANJIL;SWASTA;TK;5
5216;15;JAMBI;1505;150504;DATA SEKOLAH;UNIT;2023/2024 GANJIL;SWASTA;KB;5
5217;15;JAMBI;1505;150504;DATA SEKOLAH;UNIT;2023/2024 GANJIL;SWASTA;TPA;0
5218;15;JAMBI;1505;150504;DATA SEKOLAH;UNIT;2023/2024 GANJIL;SWASTA;SPS;0
5219;15;JAMBI;1505;150504;DATA SEKOLAH;UNIT;2023/2024 GANJIL;SWASTA;PKBM;2
5220;15;JAMBI;1505;150504;DATA SEKOLAH;UNIT;2023/2024 GANJIL;SWASTA;SKB;0
5221;15;JAMBI;1505;150504;DATA SEKOLAH;UNIT;2023/2024 GANJIL;SWASTA;SD;0
5222;15;JAMBI;1505;150504;DATA SEKOLAH;UNIT;2023/2024 GANJIL;SWASTA;SMP;0
5223;15;JAMBI;1505;150504;DATA SEKOLAH;UNIT;2023/2024 GANJIL;SWASTA;SMA;0
5224;15;JAMBI;1505;150504;DATA SEKOLAH;UNIT;2023/2024 GANJIL;SWASTA;SMK;0
5225;15;JAMBI;1505;150504;DATA SEKOLAH;UNIT;2023/2024 GANJIL;SWASTA;SLB;0
5226;15;JAMBI;1505;150505;DATA SEKOLAH;UNIT;2023/2024 GANJIL;SWASTA;TK;18
5227;15;JAMBI;1505;150505;DATA SEKOLAH;UNIT;2023/2024 GANJIL;SWASTA;KB;12
5228;15;JAMBI;1505;150505;DATA SEKOLAH;UNIT;2023/2024 GANJIL;SWASTA;TPA;0
5229;15;JAMBI;1505;150505;DATA SEKOLAH;UNIT;2023/2024 GANJIL;SWASTA;SPS;0
5230;15;JAMBI;1505;150505;DATA SEKOLAH;UNIT;2023/2024 GANJIL;SWASTA;PKBM;0
5231;15;JAMBI;1505;150505;DATA SEKOLAH;UNIT;2023/2024 GANJIL;SWASTA;SKB;0
5232;15;JAMBI;1505;150505;DATA SEKOLAH;UNIT;2023/2024 GANJIL;SWASTA;SD;1
5233;15;JAMBI;1505;150505;DATA SEKOLAH;UNIT;2023/2024 GANJIL;SWASTA;SMP;5
5234;15;JAMBI;1505;150505;DATA SEKOLAH;UNIT;2023/2024 GANJIL;SWASTA;SMA;3
5235;15;JAMBI;1505;150505;DATA SEKOLAH;UNIT;2023/2024 GANJIL;SWASTA;SMK;3
5236;15;JAMBI;1505;150505;DATA SEKOLAH;UNIT;2023/2024 GANJIL;SWASTA;SLB;0
5237;15;JAMBI;1505;150502;DATA SEKOLAH;UNIT;2023/2024 GANJIL;SWASTA;TK;22
5238;15;JAMBI;1505;150502;DATA SEKOLAH;UNIT;2023/2024 GANJIL;SWASTA;KB;5
5239;15;JAMBI;1505;150502;DATA SEKOLAH;UNIT;2023/2024 GANJIL;SWASTA;TPA;0
5240;15;JAMBI;1505;150502;DATA SEKOLAH;UNIT;2023/2024 GANJIL;SWASTA;SPS;0
5241;15;JAMBI;1505;150502;DATA SEKOLAH;UNIT;2023/2024 GANJIL;SWASTA;PKBM;3
5242;15;JAMBI;1505;150502;DATA SEKOLAH;UNIT;2023/2024 GANJIL;SWASTA;SKB;0
5243;15;JAMBI;1505;150502;DATA SEKOLAH;UNIT;2023/2024 GANJIL;SWASTA;SD;2
5244;15;JAMBI;1505;150502;DATA SEKOLAH;UNIT;2023/2024 GANJIL;SWASTA;SMP;3
5245;15;JAMBI;1505;150502;DATA SEKOLAH;UNIT;2023/2024 GANJIL;SWASTA;SMA;1
5246;15;JAMBI;1505;150502;DATA SEKOLAH;UNIT;2023/2024 GANJIL;SWASTA;SMK;1
5247;15;JAMBI;1505;150502;DATA SEKOLAH;UNIT;2023/2024 GANJIL;SWASTA;SLB;0
5248;15;JAMBI;1505;150507;DATA SEKOLAH;UNIT;2023/2024 GANJIL;SWASTA;TK;17
5249;15;JAMBI;1505;150507;DATA SEKOLAH;UNIT;2023/2024 GANJIL;SWASTA;KB;6
5250;15;JAMBI;1505;150507;DATA SEKOLAH;UNIT;2023/2024 GANJIL;SWASTA;TPA;0
5251;15;JAMBI;1505;150507;DATA SEKOLAH;UNIT;2023/2024 GANJIL;SWASTA;SPS;0
5252;15;JAMBI;1505;150507;DATA SEKOLAH;UNIT;2023/2024 GANJIL;SWASTA;PKBM;1
5253;15;JAMBI;1505;150507;DATA SEKOLAH;UNIT;2023/2024 GANJIL;SWASTA;SKB;0
5254;15;JAMBI;1505;150507;DATA SEKOLAH;UNIT;2023/2024 GANJIL;SWASTA;SD;2
5255;15;JAMBI;1505;150507;DATA SEKOLAH;UNIT;2023/2024 GANJIL;SWASTA;SMP;3
5256;15;JAMBI;1505;150507;DATA SEKOLAH;UNIT;2023/2024 GANJIL;SWASTA;SMA;1
5257;15;JAMBI;1505;150507;DATA SEKOLAH;UNIT;2023/2024 GANJIL;SWASTA;SMK;2
5258;15;JAMBI;1505;150507;DATA SEKOLAH;UNIT;2023/2024 GANJIL;SWASTA;SLB;0
5259;15;JAMBI;1505;150508;DATA SEKOLAH;UNIT;2023/2024 GANJIL;SWASTA;TK;31
5260;15;JAMBI;1505;150508;DATA SEKOLAH;UNIT;2023/2024 GANJIL;SWASTA;KB;5
5261;15;JAMBI;1505;150508;DATA SEKOLAH;UNIT;2023/2024 GANJIL;SWASTA;TPA;0
5262;15;JAMBI;1505;150508;DATA SEKOLAH;UNIT;2023/2024 GANJIL;SWASTA;SPS;0
5263;15;JAMBI;1505;150508;DATA SEKOLAH;UNIT;2023/2024 GANJIL;SWASTA;PKBM;1
5264;15;JAMBI;1505;150508;DATA SEKOLAH;UNIT;2023/2024 GANJIL;SWASTA;SKB;0
5265;15;JAMBI;1505;150508;DATA SEKOLAH;UNIT;2023/2024 GANJIL;SWASTA;SD;3
5266;15;JAMBI;1505;150508;DATA SEKOLAH;UNIT;2023/2024 GANJIL;SWASTA;SMP;3
5267;15;JAMBI;1505;150508;DATA SEKOLAH;UNIT;2023/2024 GANJIL;SWASTA;SMA;2
5268;15;JAMBI;1505;150508;DATA SEKOLAH;UNIT;2023/2024 GANJIL;SWASTA;SMK;1
5269;15;JAMBI;1505;150508;DATA SEKOLAH;UNIT;2023/2024 GANJIL;SWASTA;SLB;0
5270;15;JAMBI;1505;150511;DATA SEKOLAH;UNIT;2023/2024 GANJIL;SWASTA;TK;6
5271;15;JAMBI;1505;150511;DATA SEKOLAH;UNIT;2023/2024 GANJIL;SWASTA;KB;6
5272;15;JAMBI;1505;150511;DATA SEKOLAH;UNIT;2023/2024 GANJIL;SWASTA;TPA;0
5273;15;JAMBI;1505;150511;DATA SEKOLAH;UNIT;2023/2024 GANJIL;SWASTA;SPS;0
5274;15;JAMBI;1505;150511;DATA SEKOLAH;UNIT;2023/2024 GANJIL;SWASTA;PKBM;0
5275;15;JAMBI;1505;150511;DATA SEKOLAH;UNIT;2023/2024 GANJIL;SWASTA;SKB;0
5276;15;JAMBI;1505;150511;DATA SEKOLAH;UNIT;2023/2024 GANJIL;SWASTA;SD;0
5277;15;JAMBI;1505;150511;DATA SEKOLAH;UNIT;2023/2024 GANJIL;SWASTA;SMP;0
5278;15;JAMBI;1505;150511;DATA SEKOLAH;UNIT;2023/2024 GANJIL;SWASTA;SMA;0
5279;15;JAMBI;1505;150511;DATA SEKOLAH;UNIT;2023/2024 GANJIL;SWASTA;SMK;0
5280;15;JAMBI;1505;150511;DATA SEKOLAH;UNIT;2023/2024 GANJIL;SWASTA;SLB;0
5281;15;JAMBI;1503;150307;DATA SEKOLAH;UNIT;2023/2024 GANJIL;NEGERI;TK;0
5282;15;JAMBI;1503;150307;DATA SEKOLAH;UNIT;2023/2024 GANJIL;NEGERI;KB;0
5283;15;JAMBI;1503;150307;DATA SEKOLAH;UNIT;2023/2024 GANJIL;NEGERI;TPA;0
5284;15;JAMBI;1503;150307;DATA SEKOLAH;UNIT;2023/2024 GANJIL;NEGERI;SPS;0
5285;15;JAMBI;1503;150307;DATA SEKOLAH;UNIT;2023/2024 GANJIL;NEGERI;PKBM;0
5286;15;JAMBI;1503;150307;DATA SEKOLAH;UNIT;2023/2024 GANJIL;NEGERI;SKB;0
5287;15;JAMBI;1503;150307;DATA SEKOLAH;UNIT;2023/2024 GANJIL;NEGERI;SD;13
5288;15;JAMBI;1503;150307;DATA SEKOLAH;UNIT;2023/2024 GANJIL;NEGERI;SMP;5
5289;15;JAMBI;1503;150307;DATA SEKOLAH;UNIT;2023/2024 GANJIL;NEGERI;SMA;1
5290;15;JAMBI;1503;150307;DATA SEKOLAH;UNIT;2023/2024 GANJIL;NEGERI;SMK;2
5291;15;JAMBI;1503;150307;DATA SEKOLAH;UNIT;2023/2024 GANJIL;NEGERI;SLB;0
5292;15;JAMBI;1503;150301;DATA SEKOLAH;UNIT;2023/2024 GANJIL;NEGERI;TK;0
5293;15;JAMBI;1503;150301;DATA SEKOLAH;UNIT;2023/2024 GANJIL;NEGERI;KB;0
5294;15;JAMBI;1503;150301;DATA SEKOLAH;UNIT;2023/2024 GANJIL;NEGERI;TPA;0
5295;15;JAMBI;1503;150301;DATA SEKOLAH;UNIT;2023/2024 GANJIL;NEGERI;SPS;0
5296;15;JAMBI;1503;150301;DATA SEKOLAH;UNIT;2023/2024 GANJIL;NEGERI;PKBM;0
5297;15;JAMBI;1503;150301;DATA SEKOLAH;UNIT;2023/2024 GANJIL;NEGERI;SKB;0
5298;15;JAMBI;1503;150301;DATA SEKOLAH;UNIT;2023/2024 GANJIL;NEGERI;SD;34
5299;15;JAMBI;1503;150301;DATA SEKOLAH;UNIT;2023/2024 GANJIL;NEGERI;SMP;8
5300;15;JAMBI;1503;150301;DATA SEKOLAH;UNIT;2023/2024 GANJIL;NEGERI;SMA;1
5301;15;JAMBI;1503;150301;DATA SEKOLAH;UNIT;2023/2024 GANJIL;NEGERI;SMK;2
5302;15;JAMBI;1503;150301;DATA SEKOLAH;UNIT;2023/2024 GANJIL;NEGERI;SLB;0
5303;15;JAMBI;1503;150308;DATA SEKOLAH;UNIT;2023/2024 GANJIL;NEGERI;TK;1
5304;15;JAMBI;1503;150308;DATA SEKOLAH;UNIT;2023/2024 GANJIL;NEGERI;KB;0
5305;15;JAMBI;1503;150308;DATA SEKOLAH;UNIT;2023/2024 GANJIL;NEGERI;TPA;0
5306;15;JAMBI;1503;150308;DATA SEKOLAH;UNIT;2023/2024 GANJIL;NEGERI;SPS;0
5307;15;JAMBI;1503;150308;DATA SEKOLAH;UNIT;2023/2024 GANJIL;NEGERI;PKBM;0
5308;15;JAMBI;1503;150308;DATA SEKOLAH;UNIT;2023/2024 GANJIL;NEGERI;SKB;0
5309;15;JAMBI;1503;150308;DATA SEKOLAH;UNIT;2023/2024 GANJIL;NEGERI;SD;21
5310;15;JAMBI;1503;150308;DATA SEKOLAH;UNIT;2023/2024 GANJIL;NEGERI;SMP;4
5311;15;JAMBI;1503;150308;DATA SEKOLAH;UNIT;2023/2024 GANJIL;NEGERI;SMA;1
5312;15;JAMBI;1503;150308;DATA SEKOLAH;UNIT;2023/2024 GANJIL;NEGERI;SMK;0
5313;15;JAMBI;1503;150308;DATA SEKOLAH;UNIT;2023/2024 GANJIL;NEGERI;SLB;0
5314;15;JAMBI;1503;150310;DATA SEKOLAH;UNIT;2023/2024 GANJIL;NEGERI;TK;0
5315;15;JAMBI;1503;150310;DATA SEKOLAH;UNIT;2023/2024 GANJIL;NEGERI;KB;0
5316;15;JAMBI;1503;150310;DATA SEKOLAH;UNIT;2023/2024 GANJIL;NEGERI;TPA;0
5317;15;JAMBI;1503;150310;DATA SEKOLAH;UNIT;2023/2024 GANJIL;NEGERI;SPS;0
5318;15;JAMBI;1503;150310;DATA SEKOLAH;UNIT;2023/2024 GANJIL;NEGERI;PKBM;0
5319;15;JAMBI;1503;150310;DATA SEKOLAH;UNIT;2023/2024 GANJIL;NEGERI;SKB;0
5320;15;JAMBI;1503;150310;DATA SEKOLAH;UNIT;2023/2024 GANJIL;NEGERI;SD;16
5321;15;JAMBI;1503;150310;DATA SEKOLAH;UNIT;2023/2024 GANJIL;NEGERI;SMP;4
5322;15;JAMBI;1503;150310;DATA SEKOLAH;UNIT;2023/2024 GANJIL;NEGERI;SMA;1
5323;15;JAMBI;1503;150310;DATA SEKOLAH;UNIT;2023/2024 GANJIL;NEGERI;SMK;1
5324;15;JAMBI;1503;150310;DATA SEKOLAH;UNIT;2023/2024 GANJIL;NEGERI;SLB;0
5325;15;JAMBI;1503;150302;DATA SEKOLAH;UNIT;2023/2024 GANJIL;NEGERI;TK;0
5326;15;JAMBI;1503;150302;DATA SEKOLAH;UNIT;2023/2024 GANJIL;NEGERI;KB;0
5327;15;JAMBI;1503;150302;DATA SEKOLAH;UNIT;2023/2024 GANJIL;NEGERI;TPA;0
5328;15;JAMBI;1503;150302;DATA SEKOLAH;UNIT;2023/2024 GANJIL;NEGERI;SPS;0
5329;15;JAMBI;1503;150302;DATA SEKOLAH;UNIT;2023/2024 GANJIL;NEGERI;PKBM;0
5330;15;JAMBI;1503;150302;DATA SEKOLAH;UNIT;2023/2024 GANJIL;NEGERI;SKB;0
5331;15;JAMBI;1503;150302;DATA SEKOLAH;UNIT;2023/2024 GANJIL;NEGERI;SD;27
5332;15;JAMBI;1503;150302;DATA SEKOLAH;UNIT;2023/2024 GANJIL;NEGERI;SMP;9
5333;15;JAMBI;1503;150302;DATA SEKOLAH;UNIT;2023/2024 GANJIL;NEGERI;SMA;2
5334;15;JAMBI;1503;150302;DATA SEKOLAH;UNIT;2023/2024 GANJIL;NEGERI;SMK;1
5335;15;JAMBI;1503;150302;DATA SEKOLAH;UNIT;2023/2024 GANJIL;NEGERI;SLB;0
5336;15;JAMBI;1503;150306;DATA SEKOLAH;UNIT;2023/2024 GANJIL;NEGERI;TK;0
5337;15;JAMBI;1503;150306;DATA SEKOLAH;UNIT;2023/2024 GANJIL;NEGERI;KB;0
5338;15;JAMBI;1503;150306;DATA SEKOLAH;UNIT;2023/2024 GANJIL;NEGERI;TPA;0
5339;15;JAMBI;1503;150306;DATA SEKOLAH;UNIT;2023/2024 GANJIL;NEGERI;SPS;0
5340;15;JAMBI;1503;150306;DATA SEKOLAH;UNIT;2023/2024 GANJIL;NEGERI;PKBM;0
5341;15;JAMBI;1503;150306;DATA SEKOLAH;UNIT;2023/2024 GANJIL;NEGERI;SKB;0
5342;15;JAMBI;1503;150306;DATA SEKOLAH;UNIT;2023/2024 GANJIL;NEGERI;SD;23
5343;15;JAMBI;1503;150306;DATA SEKOLAH;UNIT;2023/2024 GANJIL;NEGERI;SMP;4
5344;15;JAMBI;1503;150306;DATA SEKOLAH;UNIT;2023/2024 GANJIL;NEGERI;SMA;2
5345;15;JAMBI;1503;150306;DATA SEKOLAH;UNIT;2023/2024 GANJIL;NEGERI;SMK;2
5346;15;JAMBI;1503;150306;DATA SEKOLAH;UNIT;2023/2024 GANJIL;NEGERI;SLB;0
5347;15;JAMBI;1503;150311;DATA SEKOLAH;UNIT;2023/2024 GANJIL;NEGERI;TK;0
5348;15;JAMBI;1503;150311;DATA SEKOLAH;UNIT;2023/2024 GANJIL;NEGERI;KB;0
5349;15;JAMBI;1503;150311;DATA SEKOLAH;UNIT;2023/2024 GANJIL;NEGERI;TPA;0
5350;15;JAMBI;1503;150311;DATA SEKOLAH;UNIT;2023/2024 GANJIL;NEGERI;SPS;0
5351;15;JAMBI;1503;150311;DATA SEKOLAH;UNIT;2023/2024 GANJIL;NEGERI;PKBM;0
5352;15;JAMBI;1503;150311;DATA SEKOLAH;UNIT;2023/2024 GANJIL;NEGERI;SKB;0
5353;15;JAMBI;1503;150311;DATA SEKOLAH;UNIT;2023/2024 GANJIL;NEGERI;SD;14
5354;15;JAMBI;1503;150311;DATA SEKOLAH;UNIT;2023/2024 GANJIL;NEGERI;SMP;6
5355;15;JAMBI;1503;150311;DATA SEKOLAH;UNIT;2023/2024 GANJIL;NEGERI;SMA;0
5356;15;JAMBI;1503;150311;DATA SEKOLAH;UNIT;2023/2024 GANJIL;NEGERI;SMK;0
5357;15;JAMBI;1503;150311;DATA SEKOLAH;UNIT;2023/2024 GANJIL;NEGERI;SLB;0
5358;15;JAMBI;1503;150304;DATA SEKOLAH;UNIT;2023/2024 GANJIL;NEGERI;TK;0
5359;15;JAMBI;1503;150304;DATA SEKOLAH;UNIT;2023/2024 GANJIL;NEGERI;KB;0
5360;15;JAMBI;1503;150304;DATA SEKOLAH;UNIT;2023/2024 GANJIL;NEGERI;TPA;0
5361;15;JAMBI;1503;150304;DATA SEKOLAH;UNIT;2023/2024 GANJIL;NEGERI;SPS;0
5362;15;JAMBI;1503;150304;DATA SEKOLAH;UNIT;2023/2024 GANJIL;NEGERI;PKBM;0
5363;15;JAMBI;1503;150304;DATA SEKOLAH;UNIT;2023/2024 GANJIL;NEGERI;SKB;0
5364;15;JAMBI;1503;150304;DATA SEKOLAH;UNIT;2023/2024 GANJIL;NEGERI;SD;16
5365;15;JAMBI;1503;150304;DATA SEKOLAH;UNIT;2023/2024 GANJIL;NEGERI;SMP;5
5366;15;JAMBI;1503;150304;DATA SEKOLAH;UNIT;2023/2024 GANJIL;NEGERI;SMA;1
5367;15;JAMBI;1503;150304;DATA SEKOLAH;UNIT;2023/2024 GANJIL;NEGERI;SMK;1
5368;15;JAMBI;1503;150304;DATA SEKOLAH;UNIT;2023/2024 GANJIL;NEGERI;SLB;0
5369;15;JAMBI;1503;150305;DATA SEKOLAH;UNIT;2023/2024 GANJIL;NEGERI;TK;0
5370;15;JAMBI;1503;150305;DATA SEKOLAH;UNIT;2023/2024 GANJIL;NEGERI;KB;0
5371;15;JAMBI;1503;150305;DATA SEKOLAH;UNIT;2023/2024 GANJIL;NEGERI;TPA;0
5372;15;JAMBI;1503;150305;DATA SEKOLAH;UNIT;2023/2024 GANJIL;NEGERI;SPS;0
5373;15;JAMBI;1503;150305;DATA SEKOLAH;UNIT;2023/2024 GANJIL;NEGERI;PKBM;0
5374;15;JAMBI;1503;150305;DATA SEKOLAH;UNIT;2023/2024 GANJIL;NEGERI;SKB;0
5375;15;JAMBI;1503;150305;DATA SEKOLAH;UNIT;2023/2024 GANJIL;NEGERI;SD;23
5376;15;JAMBI;1503;150305;DATA SEKOLAH;UNIT;2023/2024 GANJIL;NEGERI;SMP;3
5377;15;JAMBI;1503;150305;DATA SEKOLAH;UNIT;2023/2024 GANJIL;NEGERI;SMA;2
5378;15;JAMBI;1503;150305;DATA SEKOLAH;UNIT;2023/2024 GANJIL;NEGERI;SMK;1
5379;15;JAMBI;1503;150305;DATA SEKOLAH;UNIT;2023/2024 GANJIL;NEGERI;SLB;0
5380;15;JAMBI;1503;150303;DATA SEKOLAH;UNIT;2023/2024 GANJIL;NEGERI;TK;2
5381;15;JAMBI;1503;150303;DATA SEKOLAH;UNIT;2023/2024 GANJIL;NEGERI;KB;0
5382;15;JAMBI;1503;150303;DATA SEKOLAH;UNIT;2023/2024 GANJIL;NEGERI;TPA;0
5383;15;JAMBI;1503;150303;DATA SEKOLAH;UNIT;2023/2024 GANJIL;NEGERI;SPS;0
5384;15;JAMBI;1503;150303;DATA SEKOLAH;UNIT;2023/2024 GANJIL;NEGERI;PKBM;0
5385;15;JAMBI;1503;150303;DATA SEKOLAH;UNIT;2023/2024 GANJIL;NEGERI;SKB;1
5386;15;JAMBI;1503;150303;DATA SEKOLAH;UNIT;2023/2024 GANJIL;NEGERI;SD;24
5387;15;JAMBI;1503;150303;DATA SEKOLAH;UNIT;2023/2024 GANJIL;NEGERI;SMP;5
5388;15;JAMBI;1503;150303;DATA SEKOLAH;UNIT;2023/2024 GANJIL;NEGERI;SMA;2
5389;15;JAMBI;1503;150303;DATA SEKOLAH;UNIT;2023/2024 GANJIL;NEGERI;SMK;3
5390;15;JAMBI;1503;150303;DATA SEKOLAH;UNIT;2023/2024 GANJIL;NEGERI;SLB;1
5391;15;JAMBI;1503;150309;DATA SEKOLAH;UNIT;2023/2024 GANJIL;NEGERI;TK;1
5392;15;JAMBI;1503;150309;DATA SEKOLAH;UNIT;2023/2024 GANJIL;NEGERI;KB;0
5393;15;JAMBI;1503;150309;DATA SEKOLAH;UNIT;2023/2024 GANJIL;NEGERI;TPA;0
5394;15;JAMBI;1503;150309;DATA SEKOLAH;UNIT;2023/2024 GANJIL;NEGERI;SPS;0
5395;15;JAMBI;1503;150309;DATA SEKOLAH;UNIT;2023/2024 GANJIL;NEGERI;PKBM;0
5396;15;JAMBI;1503;150309;DATA SEKOLAH;UNIT;2023/2024 GANJIL;NEGERI;SKB;0
5397;15;JAMBI;1503;150309;DATA SEKOLAH;UNIT;2023/2024 GANJIL;NEGERI;SD;17
5398;15;JAMBI;1503;150309;DATA SEKOLAH;UNIT;2023/2024 GANJIL;NEGERI;SMP;3
5399;15;JAMBI;1503;150309;DATA SEKOLAH;UNIT;2023/2024 GANJIL;NEGERI;SMA;1
5400;15;JAMBI;1503;150309;DATA SEKOLAH;UNIT;2023/2024 GANJIL;NEGERI;SMK;1
5401;15;JAMBI;1503;150309;DATA SEKOLAH;UNIT;2023/2024 GANJIL;NEGERI;SLB;0
5402;15;JAMBI;1503;150307;DATA SEKOLAH;UNIT;2023/2024 GANJIL;SWASTA;TK;12
5403;15;JAMBI;1503;150307;DATA SEKOLAH;UNIT;2023/2024 GANJIL;SWASTA;KB;22
5404;15;JAMBI;1503;150307;DATA SEKOLAH;UNIT;2023/2024 GANJIL;SWASTA;TPA;0
5405;15;JAMBI;1503;150307;DATA SEKOLAH;UNIT;2023/2024 GANJIL;SWASTA;SPS;0
5406;15;JAMBI;1503;150307;DATA SEKOLAH;UNIT;2023/2024 GANJIL;SWASTA;PKBM;2
5407;15;JAMBI;1503;150307;DATA SEKOLAH;UNIT;2023/2024 GANJIL;SWASTA;SKB;0
5408;15;JAMBI;1503;150307;DATA SEKOLAH;UNIT;2023/2024 GANJIL;SWASTA;SD;3
5409;15;JAMBI;1503;150307;DATA SEKOLAH;UNIT;2023/2024 GANJIL;SWASTA;SMP;0
5410;15;JAMBI;1503;150307;DATA SEKOLAH;UNIT;2023/2024 GANJIL;SWASTA;SMA;1
5411;15;JAMBI;1503;150307;DATA SEKOLAH;UNIT;2023/2024 GANJIL;SWASTA;SMK;0
5412;15;JAMBI;1503;150307;DATA SEKOLAH;UNIT;2023/2024 GANJIL;SWASTA;SLB;0
5413;15;JAMBI;1503;150301;DATA SEKOLAH;UNIT;2023/2024 GANJIL;SWASTA;TK;19
5414;15;JAMBI;1503;150301;DATA SEKOLAH;UNIT;2023/2024 GANJIL;SWASTA;KB;32
5415;15;JAMBI;1503;150301;DATA SEKOLAH;UNIT;2023/2024 GANJIL;SWASTA;TPA;1
5416;15;JAMBI;1503;150301;DATA SEKOLAH;UNIT;2023/2024 GANJIL;SWASTA;SPS;1
5417;15;JAMBI;1503;150301;DATA SEKOLAH;UNIT;2023/2024 GANJIL;SWASTA;PKBM;1
5418;15;JAMBI;1503;150301;DATA SEKOLAH;UNIT;2023/2024 GANJIL;SWASTA;SKB;0
5419;15;JAMBI;1503;150301;DATA SEKOLAH;UNIT;2023/2024 GANJIL;SWASTA;SD;1
5420;15;JAMBI;1503;150301;DATA SEKOLAH;UNIT;2023/2024 GANJIL;SWASTA;SMP;2
5421;15;JAMBI;1503;150301;DATA SEKOLAH;UNIT;2023/2024 GANJIL;SWASTA;SMA;0
5422;15;JAMBI;1503;150301;DATA SEKOLAH;UNIT;2023/2024 GANJIL;SWASTA;SMK;0
5423;15;JAMBI;1503;150301;DATA SEKOLAH;UNIT;2023/2024 GANJIL;SWASTA;SLB;0
5424;15;JAMBI;1503;150308;DATA SEKOLAH;UNIT;2023/2024 GANJIL;SWASTA;TK;20
5425;15;JAMBI;1503;150308;DATA SEKOLAH;UNIT;2023/2024 GANJIL;SWASTA;KB;20
5426;15;JAMBI;1503;150308;DATA SEKOLAH;UNIT;2023/2024 GANJIL;SWASTA;TPA;0
5427;15;JAMBI;1503;150308;DATA SEKOLAH;UNIT;2023/2024 GANJIL;SWASTA;SPS;3
5428;15;JAMBI;1503;150308;DATA SEKOLAH;UNIT;2023/2024 GANJIL;SWASTA;PKBM;0
5429;15;JAMBI;1503;150308;DATA SEKOLAH;UNIT;2023/2024 GANJIL;SWASTA;SKB;0
5430;15;JAMBI;1503;150308;DATA SEKOLAH;UNIT;2023/2024 GANJIL;SWASTA;SD;2
5431;15;JAMBI;1503;150308;DATA SEKOLAH;UNIT;2023/2024 GANJIL;SWASTA;SMP;2
5432;15;JAMBI;1503;150308;DATA SEKOLAH;UNIT;2023/2024 GANJIL;SWASTA;SMA;3
5433;15;JAMBI;1503;150308;DATA SEKOLAH;UNIT;2023/2024 GANJIL;SWASTA;SMK;1
5434;15;JAMBI;1503;150308;DATA SEKOLAH;UNIT;2023/2024 GANJIL;SWASTA;SLB;0
5435;15;JAMBI;1503;150310;DATA SEKOLAH;UNIT;2023/2024 GANJIL;SWASTA;TK;11
5436;15;JAMBI;1503;150310;DATA SEKOLAH;UNIT;2023/2024 GANJIL;SWASTA;KB;18
5437;15;JAMBI;1503;150310;DATA SEKOLAH;UNIT;2023/2024 GANJIL;SWASTA;TPA;0
5438;15;JAMBI;1503;150310;DATA SEKOLAH;UNIT;2023/2024 GANJIL;SWASTA;SPS;0
5439;15;JAMBI;1503;150310;DATA SEKOLAH;UNIT;2023/2024 GANJIL;SWASTA;PKBM;1
5440;15;JAMBI;1503;150310;DATA SEKOLAH;UNIT;2023/2024 GANJIL;SWASTA;SKB;0
5441;15;JAMBI;1503;150310;DATA SEKOLAH;UNIT;2023/2024 GANJIL;SWASTA;SD;0
5442;15;JAMBI;1503;150310;DATA SEKOLAH;UNIT;2023/2024 GANJIL;SWASTA;SMP;2
5443;15;JAMBI;1503;150310;DATA SEKOLAH;UNIT;2023/2024 GANJIL;SWASTA;SMA;0
5444;15;JAMBI;1503;150310;DATA SEKOLAH;UNIT;2023/2024 GANJIL;SWASTA;SMK;0
5445;15;JAMBI;1503;150310;DATA SEKOLAH;UNIT;2023/2024 GANJIL;SWASTA;SLB;0
5446;15;JAMBI;1503;150302;DATA SEKOLAH;UNIT;2023/2024 GANJIL;SWASTA;TK;7
5447;15;JAMBI;1503;150302;DATA SEKOLAH;UNIT;2023/2024 GANJIL;SWASTA;KB;28
5448;15;JAMBI;1503;150302;DATA SEKOLAH;UNIT;2023/2024 GANJIL;SWASTA;TPA;0
5449;15;JAMBI;1503;150302;DATA SEKOLAH;UNIT;2023/2024 GANJIL;SWASTA;SPS;0
5450;15;JAMBI;1503;150302;DATA SEKOLAH;UNIT;2023/2024 GANJIL;SWASTA;PKBM;3
5451;15;JAMBI;1503;150302;DATA SEKOLAH;UNIT;2023/2024 GANJIL;SWASTA;SKB;0
5452;15;JAMBI;1503;150302;DATA SEKOLAH;UNIT;2023/2024 GANJIL;SWASTA;SD;0
5453;15;JAMBI;1503;150302;DATA SEKOLAH;UNIT;2023/2024 GANJIL;SWASTA;SMP;0
5454;15;JAMBI;1503;150302;DATA SEKOLAH;UNIT;2023/2024 GANJIL;SWASTA;SMA;0
5455;15;JAMBI;1503;150302;DATA SEKOLAH;UNIT;2023/2024 GANJIL;SWASTA;SMK;0
5456;15;JAMBI;1503;150302;DATA SEKOLAH;UNIT;2023/2024 GANJIL;SWASTA;SLB;0
5457;15;JAMBI;1503;150306;DATA SEKOLAH;UNIT;2023/2024 GANJIL;SWASTA;TK;26
5458;15;JAMBI;1503;150306;DATA SEKOLAH;UNIT;2023/2024 GANJIL;SWASTA;KB;24
5459;15;JAMBI;1503;150306;DATA SEKOLAH;UNIT;2023/2024 GANJIL;SWASTA;TPA;0
5460;15;JAMBI;1503;150306;DATA SEKOLAH;UNIT;2023/2024 GANJIL;SWASTA;SPS;4
5461;15;JAMBI;1503;150306;DATA SEKOLAH;UNIT;2023/2024 GANJIL;SWASTA;PKBM;1
5462;15;JAMBI;1503;150306;DATA SEKOLAH;UNIT;2023/2024 GANJIL;SWASTA;SKB;0
5463;15;JAMBI;1503;150306;DATA SEKOLAH;UNIT;2023/2024 GANJIL;SWASTA;SD;0
5464;15;JAMBI;1503;150306;DATA SEKOLAH;UNIT;2023/2024 GANJIL;SWASTA;SMP;2
5465;15;JAMBI;1503;150306;DATA SEKOLAH;UNIT;2023/2024 GANJIL;SWASTA;SMA;0
5466;15;JAMBI;1503;150306;DATA SEKOLAH;UNIT;2023/2024 GANJIL;SWASTA;SMK;3
5467;15;JAMBI;1503;150306;DATA SEKOLAH;UNIT;2023/2024 GANJIL;SWASTA;SLB;0
5468;15;JAMBI;1503;150311;DATA SEKOLAH;UNIT;2023/2024 GANJIL;SWASTA;TK;17
5469;15;JAMBI;1503;150311;DATA SEKOLAH;UNIT;2023/2024 GANJIL;SWASTA;KB;18
5470;15;JAMBI;1503;150311;DATA SEKOLAH;UNIT;2023/2024 GANJIL;SWASTA;TPA;0
5471;15;JAMBI;1503;150311;DATA SEKOLAH;UNIT;2023/2024 GANJIL;SWASTA;SPS;1
5472;15;JAMBI;1503;150311;DATA SEKOLAH;UNIT;2023/2024 GANJIL;SWASTA;PKBM;1
5473;15;JAMBI;1503;150311;DATA SEKOLAH;UNIT;2023/2024 GANJIL;SWASTA;SKB;0
5474;15;JAMBI;1503;150311;DATA SEKOLAH;UNIT;2023/2024 GANJIL;SWASTA;SD;0
5475;15;JAMBI;1503;150311;DATA SEKOLAH;UNIT;2023/2024 GANJIL;SWASTA;SMP;0
5476;15;JAMBI;1503;150311;DATA SEKOLAH;UNIT;2023/2024 GANJIL;SWASTA;SMA;0
5477;15;JAMBI;1503;150311;DATA SEKOLAH;UNIT;2023/2024 GANJIL;SWASTA;SMK;0
5478;15;JAMBI;1503;150311;DATA SEKOLAH;UNIT;2023/2024 GANJIL;SWASTA;SLB;0
5479;15;JAMBI;1503;150304;DATA SEKOLAH;UNIT;2023/2024 GANJIL;SWASTA;TK;17
5480;15;JAMBI;1503;150304;DATA SEKOLAH;UNIT;2023/2024 GANJIL;SWASTA;KB;28
5481;15;JAMBI;1503;150304;DATA SEKOLAH;UNIT;2023/2024 GANJIL;SWASTA;TPA;0
5482;15;JAMBI;1503;150304;DATA SEKOLAH;UNIT;2023/2024 GANJIL;SWASTA;SPS;1
5483;15;JAMBI;1503;150304;DATA SEKOLAH;UNIT;2023/2024 GANJIL;SWASTA;PKBM;1
5484;15;JAMBI;1503;150304;DATA SEKOLAH;UNIT;2023/2024 GANJIL;SWASTA;SKB;0
5485;15;JAMBI;1503;150304;DATA SEKOLAH;UNIT;2023/2024 GANJIL;SWASTA;SD;3
5486;15;JAMBI;1503;150304;DATA SEKOLAH;UNIT;2023/2024 GANJIL;SWASTA;SMP;3
5487;15;JAMBI;1503;150304;DATA SEKOLAH;UNIT;2023/2024 GANJIL;SWASTA;SMA;1
5488;15;JAMBI;1503;150304;DATA SEKOLAH;UNIT;2023/2024 GANJIL;SWASTA;SMK;2
5489;15;JAMBI;1503;150304;DATA SEKOLAH;UNIT;2023/2024 GANJIL;SWASTA;SLB;0
5490;15;JAMBI;1503;150305;DATA SEKOLAH;UNIT;2023/2024 GANJIL;SWASTA;TK;24
5491;15;JAMBI;1503;150305;DATA SEKOLAH;UNIT;2023/2024 GANJIL;SWASTA;KB;19
5492;15;JAMBI;1503;150305;DATA SEKOLAH;UNIT;2023/2024 GANJIL;SWASTA;TPA;0
5493;15;JAMBI;1503;150305;DATA SEKOLAH;UNIT;2023/2024 GANJIL;SWASTA;SPS;0
5494;15;JAMBI;1503;150305;DATA SEKOLAH;UNIT;2023/2024 GANJIL;SWASTA;PKBM;1
5495;15;JAMBI;1503;150305;DATA SEKOLAH;UNIT;2023/2024 GANJIL;SWASTA;SKB;0
5496;15;JAMBI;1503;150305;DATA SEKOLAH;UNIT;2023/2024 GANJIL;SWASTA;SD;2
5497;15;JAMBI;1503;150305;DATA SEKOLAH;UNIT;2023/2024 GANJIL;SWASTA;SMP;3
5498;15;JAMBI;1503;150305;DATA SEKOLAH;UNIT;2023/2024 GANJIL;SWASTA;SMA;1
5499;15;JAMBI;1503;150305;DATA SEKOLAH;UNIT;2023/2024 GANJIL;SWASTA;SMK;1
5500;15;JAMBI;1503;150305;DATA SEKOLAH;UNIT;2023/2024 GANJIL;SWASTA;SLB;0
5501;15;JAMBI;1503;150303;DATA SEKOLAH;UNIT;2023/2024 GANJIL;SWASTA;TK;29
5502;15;JAMBI;1503;150303;DATA SEKOLAH;UNIT;2023/2024 GANJIL;SWASTA;KB;34
5503;15;JAMBI;1503;150303;DATA SEKOLAH;UNIT;2023/2024 GANJIL;SWASTA;TPA;3
5504;15;JAMBI;1503;150303;DATA SEKOLAH;UNIT;2023/2024 GANJIL;SWASTA;SPS;3
5505;15;JAMBI;1503;150303;DATA SEKOLAH;UNIT;2023/2024 GANJIL;SWASTA;PKBM;2
5506;15;JAMBI;1503;150303;DATA SEKOLAH;UNIT;2023/2024 GANJIL;SWASTA;SKB;0
5507;15;JAMBI;1503;150303;DATA SEKOLAH;UNIT;2023/2024 GANJIL;SWASTA;SD;6
5508;15;JAMBI;1503;150303;DATA SEKOLAH;UNIT;2023/2024 GANJIL;SWASTA;SMP;6
5509;15;JAMBI;1503;150303;DATA SEKOLAH;UNIT;2023/2024 GANJIL;SWASTA;SMA;1
5510;15;JAMBI;1503;150303;DATA SEKOLAH;UNIT;2023/2024 GANJIL;SWASTA;SMK;0
5511;15;JAMBI;1503;150303;DATA SEKOLAH;UNIT;2023/2024 GANJIL;SWASTA;SLB;0
5512;15;JAMBI;1503;150309;DATA SEKOLAH;UNIT;2023/2024 GANJIL;SWASTA;TK;29
5513;15;JAMBI;1503;150309;DATA SEKOLAH;UNIT;2023/2024 GANJIL;SWASTA;KB;30
5514;15;JAMBI;1503;150309;DATA SEKOLAH;UNIT;2023/2024 GANJIL;SWASTA;TPA;1
5515;15;JAMBI;1503;150309;DATA SEKOLAH;UNIT;2023/2024 GANJIL;SWASTA;SPS;2
5516;15;JAMBI;1503;150309;DATA SEKOLAH;UNIT;2023/2024 GANJIL;SWASTA;PKBM;1
5517;15;JAMBI;1503;150309;DATA SEKOLAH;UNIT;2023/2024 GANJIL;SWASTA;SKB;0
5518;15;JAMBI;1503;150309;DATA SEKOLAH;UNIT;2023/2024 GANJIL;SWASTA;SD;3
5519;15;JAMBI;1503;150309;DATA SEKOLAH;UNIT;2023/2024 GANJIL;SWASTA;SMP;8
5520;15;JAMBI;1503;150309;DATA SEKOLAH;UNIT;2023/2024 GANJIL;SWASTA;SMA;4
5521;15;JAMBI;1503;150309;DATA SEKOLAH;UNIT;2023/2024 GANJIL;SWASTA;SMK;3
5522;15;JAMBI;1503;150309;DATA SEKOLAH;UNIT;2023/2024 GANJIL;SWASTA;SLB;0
5523;15;JAMBI;1506;150607;DATA SEKOLAH;UNIT;2023/2024 GANJIL;NEGERI;TK;1
5524;15;JAMBI;1506;150607;DATA SEKOLAH;UNIT;2023/2024 GANJIL;NEGERI;KB;0
5525;15;JAMBI;1506;150607;DATA SEKOLAH;UNIT;2023/2024 GANJIL;NEGERI;TPA;0
5526;15;JAMBI;1506;150607;DATA SEKOLAH;UNIT;2023/2024 GANJIL;NEGERI;SPS;0
5527;15;JAMBI;1506;150607;DATA SEKOLAH;UNIT;2023/2024 GANJIL;NEGERI;PKBM;0
5528;15;JAMBI;1506;150607;DATA SEKOLAH;UNIT;2023/2024 GANJIL;NEGERI;SKB;0
5529;15;JAMBI;1506;150607;DATA SEKOLAH;UNIT;2023/2024 GANJIL;NEGERI;SD;13
5530;15;JAMBI;1506;150607;DATA SEKOLAH;UNIT;2023/2024 GANJIL;NEGERI;SMP;6
5531;15;JAMBI;1506;150607;DATA SEKOLAH;UNIT;2023/2024 GANJIL;NEGERI;SMA;1
5532;15;JAMBI;1506;150607;DATA SEKOLAH;UNIT;2023/2024 GANJIL;NEGERI;SMK;1
5533;15;JAMBI;1506;150607;DATA SEKOLAH;UNIT;2023/2024 GANJIL;NEGERI;SLB;0
5534;15;JAMBI;1506;150604;DATA SEKOLAH;UNIT;2023/2024 GANJIL;NEGERI;TK;0
5535;15;JAMBI;1506;150604;DATA SEKOLAH;UNIT;2023/2024 GANJIL;NEGERI;KB;0
5536;15;JAMBI;1506;150604;DATA SEKOLAH;UNIT;2023/2024 GANJIL;NEGERI;TPA;0
5537;15;JAMBI;1506;150604;DATA SEKOLAH;UNIT;2023/2024 GANJIL;NEGERI;SPS;0
5538;15;JAMBI;1506;150604;DATA SEKOLAH;UNIT;2023/2024 GANJIL;NEGERI;PKBM;0
5539;15;JAMBI;1506;150604;DATA SEKOLAH;UNIT;2023/2024 GANJIL;NEGERI;SKB;0
5540;15;JAMBI;1506;150604;DATA SEKOLAH;UNIT;2023/2024 GANJIL;NEGERI;SD;20
5541;15;JAMBI;1506;150604;DATA SEKOLAH;UNIT;2023/2024 GANJIL;NEGERI;SMP;5
5542;15;JAMBI;1506;150604;DATA SEKOLAH;UNIT;2023/2024 GANJIL;NEGERI;SMA;1
5543;15;JAMBI;1506;150604;DATA SEKOLAH;UNIT;2023/2024 GANJIL;NEGERI;SMK;1
5544;15;JAMBI;1506;150604;DATA SEKOLAH;UNIT;2023/2024 GANJIL;NEGERI;SLB;0
5545;15;JAMBI;1506;150611;DATA SEKOLAH;UNIT;2023/2024 GANJIL;NEGERI;TK;0
5546;15;JAMBI;1506;150611;DATA SEKOLAH;UNIT;2023/2024 GANJIL;NEGERI;KB;0
5547;15;JAMBI;1506;150611;DATA SEKOLAH;UNIT;2023/2024 GANJIL;NEGERI;TPA;0
5548;15;JAMBI;1506;150611;DATA SEKOLAH;UNIT;2023/2024 GANJIL;NEGERI;SPS;0
5549;15;JAMBI;1506;150611;DATA SEKOLAH;UNIT;2023/2024 GANJIL;NEGERI;PKBM;0
5550;15;JAMBI;1506;150611;DATA SEKOLAH;UNIT;2023/2024 GANJIL;NEGERI;SKB;0
5551;15;JAMBI;1506;150611;DATA SEKOLAH;UNIT;2023/2024 GANJIL;NEGERI;SD;12
5552;15;JAMBI;1506;150611;DATA SEKOLAH;UNIT;2023/2024 GANJIL;NEGERI;SMP;2
5553;15;JAMBI;1506;150611;DATA SEKOLAH;UNIT;2023/2024 GANJIL;NEGERI;SMA;0
5554;15;JAMBI;1506;150611;DATA SEKOLAH;UNIT;2023/2024 GANJIL;NEGERI;SMK;0
5555;15;JAMBI;1506;150611;DATA SEKOLAH;UNIT;2023/2024 GANJIL;NEGERI;SLB;0
5556;15;JAMBI;1506;150612;DATA SEKOLAH;UNIT;2023/2024 GANJIL;NEGERI;TK;0
5557;15;JAMBI;1506;150612;DATA SEKOLAH;UNIT;2023/2024 GANJIL;NEGERI;KB;0
5558;15;JAMBI;1506;150612;DATA SEKOLAH;UNIT;2023/2024 GANJIL;NEGERI;TPA;0
5559;15;JAMBI;1506;150612;DATA SEKOLAH;UNIT;2023/2024 GANJIL;NEGERI;SPS;0
5560;15;JAMBI;1506;150612;DATA SEKOLAH;UNIT;2023/2024 GANJIL;NEGERI;PKBM;0
5561;15;JAMBI;1506;150612;DATA SEKOLAH;UNIT;2023/2024 GANJIL;NEGERI;SKB;0
5562;15;JAMBI;1506;150612;DATA SEKOLAH;UNIT;2023/2024 GANJIL;NEGERI;SD;17
5563;15;JAMBI;1506;150612;DATA SEKOLAH;UNIT;2023/2024 GANJIL;NEGERI;SMP;4
5564;15;JAMBI;1506;150612;DATA SEKOLAH;UNIT;2023/2024 GANJIL;NEGERI;SMA;1
5565;15;JAMBI;1506;150612;DATA SEKOLAH;UNIT;2023/2024 GANJIL;NEGERI;SMK;0
5566;15;JAMBI;1506;150612;DATA SEKOLAH;UNIT;2023/2024 GANJIL;NEGERI;SLB;0
5567;15;JAMBI;1506;150605;DATA SEKOLAH;UNIT;2023/2024 GANJIL;NEGERI;TK;1
5568;15;JAMBI;1506;150605;DATA SEKOLAH;UNIT;2023/2024 GANJIL;NEGERI;KB;0
5569;15;JAMBI;1506;150605;DATA SEKOLAH;UNIT;2023/2024 GANJIL;NEGERI;TPA;0
5570;15;JAMBI;1506;150605;DATA SEKOLAH;UNIT;2023/2024 GANJIL;NEGERI;SPS;0
5571;15;JAMBI;1506;150605;DATA SEKOLAH;UNIT;2023/2024 GANJIL;NEGERI;PKBM;0
5572;15;JAMBI;1506;150605;DATA SEKOLAH;UNIT;2023/2024 GANJIL;NEGERI;SKB;0
5573;15;JAMBI;1506;150605;DATA SEKOLAH;UNIT;2023/2024 GANJIL;NEGERI;SD;10
5574;15;JAMBI;1506;150605;DATA SEKOLAH;UNIT;2023/2024 GANJIL;NEGERI;SMP;4
5575;15;JAMBI;1506;150605;DATA SEKOLAH;UNIT;2023/2024 GANJIL;NEGERI;SMA;2
5576;15;JAMBI;1506;150605;DATA SEKOLAH;UNIT;2023/2024 GANJIL;NEGERI;SMK;1
5577;15;JAMBI;1506;150605;DATA SEKOLAH;UNIT;2023/2024 GANJIL;NEGERI;SLB;1
5578;15;JAMBI;1506;150609;DATA SEKOLAH;UNIT;2023/2024 GANJIL;NEGERI;TK;0
5579;15;JAMBI;1506;150609;DATA SEKOLAH;UNIT;2023/2024 GANJIL;NEGERI;KB;0
5580;15;JAMBI;1506;150609;DATA SEKOLAH;UNIT;2023/2024 GANJIL;NEGERI;TPA;0
5581;15;JAMBI;1506;150609;DATA SEKOLAH;UNIT;2023/2024 GANJIL;NEGERI;SPS;0
5582;15;JAMBI;1506;150609;DATA SEKOLAH;UNIT;2023/2024 GANJIL;NEGERI;PKBM;0
5583;15;JAMBI;1506;150609;DATA SEKOLAH;UNIT;2023/2024 GANJIL;NEGERI;SKB;0
5584;15;JAMBI;1506;150609;DATA SEKOLAH;UNIT;2023/2024 GANJIL;NEGERI;SD;11
5585;15;JAMBI;1506;150609;DATA SEKOLAH;UNIT;2023/2024 GANJIL;NEGERI;SMP;3
5586;15;JAMBI;1506;150609;DATA SEKOLAH;UNIT;2023/2024 GANJIL;NEGERI;SMA;1
5587;15;JAMBI;1506;150609;DATA SEKOLAH;UNIT;2023/2024 GANJIL;NEGERI;SMK;0
5588;15;JAMBI;1506;150609;DATA SEKOLAH;UNIT;2023/2024 GANJIL;NEGERI;SLB;0
5589;15;JAMBI;1506;150603;DATA SEKOLAH;UNIT;2023/2024 GANJIL;NEGERI;TK;0
5590;15;JAMBI;1506;150603;DATA SEKOLAH;UNIT;2023/2024 GANJIL;NEGERI;KB;0
5591;15;JAMBI;1506;150603;DATA SEKOLAH;UNIT;2023/2024 GANJIL;NEGERI;TPA;0
5592;15;JAMBI;1506;150603;DATA SEKOLAH;UNIT;2023/2024 GANJIL;NEGERI;SPS;0
5593;15;JAMBI;1506;150603;DATA SEKOLAH;UNIT;2023/2024 GANJIL;NEGERI;PKBM;0
5594;15;JAMBI;1506;150603;DATA SEKOLAH;UNIT;2023/2024 GANJIL;NEGERI;SKB;0
5595;15;JAMBI;1506;150603;DATA SEKOLAH;UNIT;2023/2024 GANJIL;NEGERI;SD;25
5596;15;JAMBI;1506;150603;DATA SEKOLAH;UNIT;2023/2024 GANJIL;NEGERI;SMP;5
5597;15;JAMBI;1506;150603;DATA SEKOLAH;UNIT;2023/2024 GANJIL;NEGERI;SMA;2
5598;15;JAMBI;1506;150603;DATA SEKOLAH;UNIT;2023/2024 GANJIL;NEGERI;SMK;1
5599;15;JAMBI;1506;150603;DATA SEKOLAH;UNIT;2023/2024 GANJIL;NEGERI;SLB;0
5600;15;JAMBI;1506;150608;DATA SEKOLAH;UNIT;2023/2024 GANJIL;NEGERI;TK;0
5601;15;JAMBI;1506;150608;DATA SEKOLAH;UNIT;2023/2024 GANJIL;NEGERI;KB;0
5602;15;JAMBI;1506;150608;DATA SEKOLAH;UNIT;2023/2024 GANJIL;NEGERI;TPA;0
5603;15;JAMBI;1506;150608;DATA SEKOLAH;UNIT;2023/2024 GANJIL;NEGERI;SPS;0
5604;15;JAMBI;1506;150608;DATA SEKOLAH;UNIT;2023/2024 GANJIL;NEGERI;PKBM;0
5605;15;JAMBI;1506;150608;DATA SEKOLAH;UNIT;2023/2024 GANJIL;NEGERI;SKB;0
5606;15;JAMBI;1506;150608;DATA SEKOLAH;UNIT;2023/2024 GANJIL;NEGERI;SD;11
5607;15;JAMBI;1506;150608;DATA SEKOLAH;UNIT;2023/2024 GANJIL;NEGERI;SMP;4
5608;15;JAMBI;1506;150608;DATA SEKOLAH;UNIT;2023/2024 GANJIL;NEGERI;SMA;2
5609;15;JAMBI;1506;150608;DATA SEKOLAH;UNIT;2023/2024 GANJIL;NEGERI;SMK;1
5610;15;JAMBI;1506;150608;DATA SEKOLAH;UNIT;2023/2024 GANJIL;NEGERI;SLB;0
5611;15;JAMBI;1506;150610;DATA SEKOLAH;UNIT;2023/2024 GANJIL;NEGERI;TK;0
5612;15;JAMBI;1506;150610;DATA SEKOLAH;UNIT;2023/2024 GANJIL;NEGERI;KB;0
5613;15;JAMBI;1506;150610;DATA SEKOLAH;UNIT;2023/2024 GANJIL;NEGERI;TPA;0
5614;15;JAMBI;1506;150610;DATA SEKOLAH;UNIT;2023/2024 GANJIL;NEGERI;SPS;0
5615;15;JAMBI;1506;150610;DATA SEKOLAH;UNIT;2023/2024 GANJIL;NEGERI;PKBM;0
5616;15;JAMBI;1506;150610;DATA SEKOLAH;UNIT;2023/2024 GANJIL;NEGERI;SKB;0
5617;15;JAMBI;1506;150610;DATA SEKOLAH;UNIT;2023/2024 GANJIL;NEGERI;SD;10
5618;15;JAMBI;1506;150610;DATA SEKOLAH;UNIT;2023/2024 GANJIL;NEGERI;SMP;3
5619;15;JAMBI;1506;150610;DATA SEKOLAH;UNIT;2023/2024 GANJIL;NEGERI;SMA;0
5620;15;JAMBI;1506;150610;DATA SEKOLAH;UNIT;2023/2024 GANJIL;NEGERI;SMK;1
5621;15;JAMBI;1506;150610;DATA SEKOLAH;UNIT;2023/2024 GANJIL;NEGERI;SLB;0
5622;15;JAMBI;1506;150613;DATA SEKOLAH;UNIT;2023/2024 GANJIL;NEGERI;TK;0
5623;15;JAMBI;1506;150613;DATA SEKOLAH;UNIT;2023/2024 GANJIL;NEGERI;KB;0
5624;15;JAMBI;1506;150613;DATA SEKOLAH;UNIT;2023/2024 GANJIL;NEGERI;TPA;0
5625;15;JAMBI;1506;150613;DATA SEKOLAH;UNIT;2023/2024 GANJIL;NEGERI;SPS;0
5626;15;JAMBI;1506;150613;DATA SEKOLAH;UNIT;2023/2024 GANJIL;NEGERI;PKBM;0
5627;15;JAMBI;1506;150613;DATA SEKOLAH;UNIT;2023/2024 GANJIL;NEGERI;SKB;0
5628;15;JAMBI;1506;150613;DATA SEKOLAH;UNIT;2023/2024 GANJIL;NEGERI;SD;23
5629;15;JAMBI;1506;150613;DATA SEKOLAH;UNIT;2023/2024 GANJIL;NEGERI;SMP;7
5630;15;JAMBI;1506;150613;DATA SEKOLAH;UNIT;2023/2024 GANJIL;NEGERI;SMA;2
5631;15;JAMBI;1506;150613;DATA SEKOLAH;UNIT;2023/2024 GANJIL;NEGERI;SMK;0
5632;15;JAMBI;1506;150613;DATA SEKOLAH;UNIT;2023/2024 GANJIL;NEGERI;SLB;0
5633;15;JAMBI;1506;150606;DATA SEKOLAH;UNIT;2023/2024 GANJIL;NEGERI;TK;0
5634;15;JAMBI;1506;150606;DATA SEKOLAH;UNIT;2023/2024 GANJIL;NEGERI;KB;0
5635;15;JAMBI;1506;150606;DATA SEKOLAH;UNIT;2023/2024 GANJIL;NEGERI;TPA;0
5636;15;JAMBI;1506;150606;DATA SEKOLAH;UNIT;2023/2024 GANJIL;NEGERI;SPS;0
5637;15;JAMBI;1506;150606;DATA SEKOLAH;UNIT;2023/2024 GANJIL;NEGERI;PKBM;0
5638;15;JAMBI;1506;150606;DATA SEKOLAH;UNIT;2023/2024 GANJIL;NEGERI;SKB;0
5639;15;JAMBI;1506;150606;DATA SEKOLAH;UNIT;2023/2024 GANJIL;NEGERI;SD;15
5640;15;JAMBI;1506;150606;DATA SEKOLAH;UNIT;2023/2024 GANJIL;NEGERI;SMP;7
5641;15;JAMBI;1506;150606;DATA SEKOLAH;UNIT;2023/2024 GANJIL;NEGERI;SMA;2
5642;15;JAMBI;1506;150606;DATA SEKOLAH;UNIT;2023/2024 GANJIL;NEGERI;SMK;1
5643;15;JAMBI;1506;150606;DATA SEKOLAH;UNIT;2023/2024 GANJIL;NEGERI;SLB;0
5644;15;JAMBI;1506;150602;DATA SEKOLAH;UNIT;2023/2024 GANJIL;NEGERI;TK;3
5645;15;JAMBI;1506;150602;DATA SEKOLAH;UNIT;2023/2024 GANJIL;NEGERI;KB;0
5646;15;JAMBI;1506;150602;DATA SEKOLAH;UNIT;2023/2024 GANJIL;NEGERI;TPA;0
5647;15;JAMBI;1506;150602;DATA SEKOLAH;UNIT;2023/2024 GANJIL;NEGERI;SPS;0
5648;15;JAMBI;1506;150602;DATA SEKOLAH;UNIT;2023/2024 GANJIL;NEGERI;PKBM;0
5649;15;JAMBI;1506;150602;DATA SEKOLAH;UNIT;2023/2024 GANJIL;NEGERI;SKB;0
5650;15;JAMBI;1506;150602;DATA SEKOLAH;UNIT;2023/2024 GANJIL;NEGERI;SD;24
5651;15;JAMBI;1506;150602;DATA SEKOLAH;UNIT;2023/2024 GANJIL;NEGERI;SMP;4
5652;15;JAMBI;1506;150602;DATA SEKOLAH;UNIT;2023/2024 GANJIL;NEGERI;SMA;3
5653;15;JAMBI;1506;150602;DATA SEKOLAH;UNIT;2023/2024 GANJIL;NEGERI;SMK;2
5654;15;JAMBI;1506;150602;DATA SEKOLAH;UNIT;2023/2024 GANJIL;NEGERI;SLB;1
5655;15;JAMBI;1506;150601;DATA SEKOLAH;UNIT;2023/2024 GANJIL;NEGERI;TK;0
5656;15;JAMBI;1506;150601;DATA SEKOLAH;UNIT;2023/2024 GANJIL;NEGERI;KB;0
5657;15;JAMBI;1506;150601;DATA SEKOLAH;UNIT;2023/2024 GANJIL;NEGERI;TPA;0
5658;15;JAMBI;1506;150601;DATA SEKOLAH;UNIT;2023/2024 GANJIL;NEGERI;SPS;0
5659;15;JAMBI;1506;150601;DATA SEKOLAH;UNIT;2023/2024 GANJIL;NEGERI;PKBM;0
5660;15;JAMBI;1506;150601;DATA SEKOLAH;UNIT;2023/2024 GANJIL;NEGERI;SKB;1
5661;15;JAMBI;1506;150601;DATA SEKOLAH;UNIT;2023/2024 GANJIL;NEGERI;SD;10
5662;15;JAMBI;1506;150601;DATA SEKOLAH;UNIT;2023/2024 GANJIL;NEGERI;SMP;4
5663;15;JAMBI;1506;150601;DATA SEKOLAH;UNIT;2023/2024 GANJIL;NEGERI;SMA;1
5664;15;JAMBI;1506;150601;DATA SEKOLAH;UNIT;2023/2024 GANJIL;NEGERI;SMK;1
5665;15;JAMBI;1506;150601;DATA SEKOLAH;UNIT;2023/2024 GANJIL;NEGERI;SLB;0
5666;15;JAMBI;1506;150607;DATA SEKOLAH;UNIT;2023/2024 GANJIL;SWASTA;TK;13
5667;15;JAMBI;1506;150607;DATA SEKOLAH;UNIT;2023/2024 GANJIL;SWASTA;KB;9
5668;15;JAMBI;1506;150607;DATA SEKOLAH;UNIT;2023/2024 GANJIL;SWASTA;TPA;1
5669;15;JAMBI;1506;150607;DATA SEKOLAH;UNIT;2023/2024 GANJIL;SWASTA;SPS;0
5670;15;JAMBI;1506;150607;DATA SEKOLAH;UNIT;2023/2024 GANJIL;SWASTA;PKBM;1
5671;15;JAMBI;1506;150607;DATA SEKOLAH;UNIT;2023/2024 GANJIL;SWASTA;SKB;0
5672;15;JAMBI;1506;150607;DATA SEKOLAH;UNIT;2023/2024 GANJIL;SWASTA;SD;2
5673;15;JAMBI;1506;150607;DATA SEKOLAH;UNIT;2023/2024 GANJIL;SWASTA;SMP;2
5674;15;JAMBI;1506;150607;DATA SEKOLAH;UNIT;2023/2024 GANJIL;SWASTA;SMA;1
5675;15;JAMBI;1506;150607;DATA SEKOLAH;UNIT;2023/2024 GANJIL;SWASTA;SMK;0
5676;15;JAMBI;1506;150607;DATA SEKOLAH;UNIT;2023/2024 GANJIL;SWASTA;SLB;0
5677;15;JAMBI;1506;150604;DATA SEKOLAH;UNIT;2023/2024 GANJIL;SWASTA;TK;3
5678;15;JAMBI;1506;150604;DATA SEKOLAH;UNIT;2023/2024 GANJIL;SWASTA;KB;15
5679;15;JAMBI;1506;150604;DATA SEKOLAH;UNIT;2023/2024 GANJIL;SWASTA;TPA;0
5680;15;JAMBI;1506;150604;DATA SEKOLAH;UNIT;2023/2024 GANJIL;SWASTA;SPS;5
5681;15;JAMBI;1506;150604;DATA SEKOLAH;UNIT;2023/2024 GANJIL;SWASTA;PKBM;1
5682;15;JAMBI;1506;150604;DATA SEKOLAH;UNIT;2023/2024 GANJIL;SWASTA;SKB;0
5683;15;JAMBI;1506;150604;DATA SEKOLAH;UNIT;2023/2024 GANJIL;SWASTA;SD;0
5684;15;JAMBI;1506;150604;DATA SEKOLAH;UNIT;2023/2024 GANJIL;SWASTA;SMP;2
5685;15;JAMBI;1506;150604;DATA SEKOLAH;UNIT;2023/2024 GANJIL;SWASTA;SMA;3
5686;15;JAMBI;1506;150604;DATA SEKOLAH;UNIT;2023/2024 GANJIL;SWASTA;SMK;1
5687;15;JAMBI;1506;150604;DATA SEKOLAH;UNIT;2023/2024 GANJIL;SWASTA;SLB;0
5688;15;JAMBI;1506;150611;DATA SEKOLAH;UNIT;2023/2024 GANJIL;SWASTA;TK;1
5689;15;JAMBI;1506;150611;DATA SEKOLAH;UNIT;2023/2024 GANJIL;SWASTA;KB;12
5690;15;JAMBI;1506;150611;DATA SEKOLAH;UNIT;2023/2024 GANJIL;SWASTA;TPA;0
5691;15;JAMBI;1506;150611;DATA SEKOLAH;UNIT;2023/2024 GANJIL;SWASTA;SPS;3
5692;15;JAMBI;1506;150611;DATA SEKOLAH;UNIT;2023/2024 GANJIL;SWASTA;PKBM;1
5693;15;JAMBI;1506;150611;DATA SEKOLAH;UNIT;2023/2024 GANJIL;SWASTA;SKB;0
5694;15;JAMBI;1506;150611;DATA SEKOLAH;UNIT;2023/2024 GANJIL;SWASTA;SD;0
5695;15;JAMBI;1506;150611;DATA SEKOLAH;UNIT;2023/2024 GANJIL;SWASTA;SMP;0
5696;15;JAMBI;1506;150611;DATA SEKOLAH;UNIT;2023/2024 GANJIL;SWASTA;SMA;1
5697;15;JAMBI;1506;150611;DATA SEKOLAH;UNIT;2023/2024 GANJIL;SWASTA;SMK;0
5698;15;JAMBI;1506;150611;DATA SEKOLAH;UNIT;2023/2024 GANJIL;SWASTA;SLB;0
5699;15;JAMBI;1506;150612;DATA SEKOLAH;UNIT;2023/2024 GANJIL;SWASTA;TK;1
5700;15;JAMBI;1506;150612;DATA SEKOLAH;UNIT;2023/2024 GANJIL;SWASTA;KB;14
5701;15;JAMBI;1506;150612;DATA SEKOLAH;UNIT;2023/2024 GANJIL;SWASTA;TPA;0
5702;15;JAMBI;1506;150612;DATA SEKOLAH;UNIT;2023/2024 GANJIL;SWASTA;SPS;7
5703;15;JAMBI;1506;150612;DATA SEKOLAH;UNIT;2023/2024 GANJIL;SWASTA;PKBM;1
5704;15;JAMBI;1506;150612;DATA SEKOLAH;UNIT;2023/2024 GANJIL;SWASTA;SKB;0
5705;15;JAMBI;1506;150612;DATA SEKOLAH;UNIT;2023/2024 GANJIL;SWASTA;SD;0
5706;15;JAMBI;1506;150612;DATA SEKOLAH;UNIT;2023/2024 GANJIL;SWASTA;SMP;0
5707;15;JAMBI;1506;150612;DATA SEKOLAH;UNIT;2023/2024 GANJIL;SWASTA;SMA;0
5708;15;JAMBI;1506;150612;DATA SEKOLAH;UNIT;2023/2024 GANJIL;SWASTA;SMK;0
5709;15;JAMBI;1506;150612;DATA SEKOLAH;UNIT;2023/2024 GANJIL;SWASTA;SLB;0
5710;15;JAMBI;1506;150605;DATA SEKOLAH;UNIT;2023/2024 GANJIL;SWASTA;TK;6
5711;15;JAMBI;1506;150605;DATA SEKOLAH;UNIT;2023/2024 GANJIL;SWASTA;KB;6
5712;15;JAMBI;1506;150605;DATA SEKOLAH;UNIT;2023/2024 GANJIL;SWASTA;TPA;1
5713;15;JAMBI;1506;150605;DATA SEKOLAH;UNIT;2023/2024 GANJIL;SWASTA;SPS;4
5714;15;JAMBI;1506;150605;DATA SEKOLAH;UNIT;2023/2024 GANJIL;SWASTA;PKBM;0
5715;15;JAMBI;1506;150605;DATA SEKOLAH;UNIT;2023/2024 GANJIL;SWASTA;SKB;0
5716;15;JAMBI;1506;150605;DATA SEKOLAH;UNIT;2023/2024 GANJIL;SWASTA;SD;1
5717;15;JAMBI;1506;150605;DATA SEKOLAH;UNIT;2023/2024 GANJIL;SWASTA;SMP;0
5718;15;JAMBI;1506;150605;DATA SEKOLAH;UNIT;2023/2024 GANJIL;SWASTA;SMA;0
5719;15;JAMBI;1506;150605;DATA SEKOLAH;UNIT;2023/2024 GANJIL;SWASTA;SMK;0
5720;15;JAMBI;1506;150605;DATA SEKOLAH;UNIT;2023/2024 GANJIL;SWASTA;SLB;0
5721;15;JAMBI;1506;150609;DATA SEKOLAH;UNIT;2023/2024 GANJIL;SWASTA;TK;5
5722;15;JAMBI;1506;150609;DATA SEKOLAH;UNIT;2023/2024 GANJIL;SWASTA;KB;9
5723;15;JAMBI;1506;150609;DATA SEKOLAH;UNIT;2023/2024 GANJIL;SWASTA;TPA;0
5724;15;JAMBI;1506;150609;DATA SEKOLAH;UNIT;2023/2024 GANJIL;SWASTA;SPS;0
5725;15;JAMBI;1506;150609;DATA SEKOLAH;UNIT;2023/2024 GANJIL;SWASTA;PKBM;0
5726;15;JAMBI;1506;150609;DATA SEKOLAH;UNIT;2023/2024 GANJIL;SWASTA;SKB;0
5727;15;JAMBI;1506;150609;DATA SEKOLAH;UNIT;2023/2024 GANJIL;SWASTA;SD;0
5728;15;JAMBI;1506;150609;DATA SEKOLAH;UNIT;2023/2024 GANJIL;SWASTA;SMP;0
5729;15;JAMBI;1506;150609;DATA SEKOLAH;UNIT;2023/2024 GANJIL;SWASTA;SMA;0
5730;15;JAMBI;1506;150609;DATA SEKOLAH;UNIT;2023/2024 GANJIL;SWASTA;SMK;0
5731;15;JAMBI;1506;150609;DATA SEKOLAH;UNIT;2023/2024 GANJIL;SWASTA;SLB;0
5732;15;JAMBI;1506;150603;DATA SEKOLAH;UNIT;2023/2024 GANJIL;SWASTA;TK;1
5733;15;JAMBI;1506;150603;DATA SEKOLAH;UNIT;2023/2024 GANJIL;SWASTA;KB;20
5734;15;JAMBI;1506;150603;DATA SEKOLAH;UNIT;2023/2024 GANJIL;SWASTA;TPA;0
5735;15;JAMBI;1506;150603;DATA SEKOLAH;UNIT;2023/2024 GANJIL;SWASTA;SPS;4
5736;15;JAMBI;1506;150603;DATA SEKOLAH;UNIT;2023/2024 GANJIL;SWASTA;PKBM;2
5737;15;JAMBI;1506;150603;DATA SEKOLAH;UNIT;2023/2024 GANJIL;SWASTA;SKB;0
5738;15;JAMBI;1506;150603;DATA SEKOLAH;UNIT;2023/2024 GANJIL;SWASTA;SD;0
5739;15;JAMBI;1506;150603;DATA SEKOLAH;UNIT;2023/2024 GANJIL;SWASTA;SMP;0
5740;15;JAMBI;1506;150603;DATA SEKOLAH;UNIT;2023/2024 GANJIL;SWASTA;SMA;1
5741;15;JAMBI;1506;150603;DATA SEKOLAH;UNIT;2023/2024 GANJIL;SWASTA;SMK;0
5742;15;JAMBI;1506;150603;DATA SEKOLAH;UNIT;2023/2024 GANJIL;SWASTA;SLB;0
5743;15;JAMBI;1506;150608;DATA SEKOLAH;UNIT;2023/2024 GANJIL;SWASTA;TK;5
5744;15;JAMBI;1506;150608;DATA SEKOLAH;UNIT;2023/2024 GANJIL;SWASTA;KB;7
5745;15;JAMBI;1506;150608;DATA SEKOLAH;UNIT;2023/2024 GANJIL;SWASTA;TPA;0
5746;15;JAMBI;1506;150608;DATA SEKOLAH;UNIT;2023/2024 GANJIL;SWASTA;SPS;0
5747;15;JAMBI;1506;150608;DATA SEKOLAH;UNIT;2023/2024 GANJIL;SWASTA;PKBM;0
5748;15;JAMBI;1506;150608;DATA SEKOLAH;UNIT;2023/2024 GANJIL;SWASTA;SKB;0
5749;15;JAMBI;1506;150608;DATA SEKOLAH;UNIT;2023/2024 GANJIL;SWASTA;SD;0
5750;15;JAMBI;1506;150608;DATA SEKOLAH;UNIT;2023/2024 GANJIL;SWASTA;SMP;0
5751;15;JAMBI;1506;150608;DATA SEKOLAH;UNIT;2023/2024 GANJIL;SWASTA;SMA;1
5752;15;JAMBI;1506;150608;DATA SEKOLAH;UNIT;2023/2024 GANJIL;SWASTA;SMK;0
5753;15;JAMBI;1506;150608;DATA SEKOLAH;UNIT;2023/2024 GANJIL;SWASTA;SLB;0
5754;15;JAMBI;1506;150610;DATA SEKOLAH;UNIT;2023/2024 GANJIL;SWASTA;TK;0
5755;15;JAMBI;1506;150610;DATA SEKOLAH;UNIT;2023/2024 GANJIL;SWASTA;KB;11
5756;15;JAMBI;1506;150610;DATA SEKOLAH;UNIT;2023/2024 GANJIL;SWASTA;TPA;0
5757;15;JAMBI;1506;150610;DATA SEKOLAH;UNIT;2023/2024 GANJIL;SWASTA;SPS;1
5758;15;JAMBI;1506;150610;DATA SEKOLAH;UNIT;2023/2024 GANJIL;SWASTA;PKBM;0
5759;15;JAMBI;1506;150610;DATA SEKOLAH;UNIT;2023/2024 GANJIL;SWASTA;SKB;0
5760;15;JAMBI;1506;150610;DATA SEKOLAH;UNIT;2023/2024 GANJIL;SWASTA;SD;0
5761;15;JAMBI;1506;150610;DATA SEKOLAH;UNIT;2023/2024 GANJIL;SWASTA;SMP;0
5762;15;JAMBI;1506;150610;DATA SEKOLAH;UNIT;2023/2024 GANJIL;SWASTA;SMA;0
5763;15;JAMBI;1506;150610;DATA SEKOLAH;UNIT;2023/2024 GANJIL;SWASTA;SMK;0
5764;15;JAMBI;1506;150610;DATA SEKOLAH;UNIT;2023/2024 GANJIL;SWASTA;SLB;0
5765;15;JAMBI;1506;150613;DATA SEKOLAH;UNIT;2023/2024 GANJIL;SWASTA;TK;1
5766;15;JAMBI;1506;150613;DATA SEKOLAH;UNIT;2023/2024 GANJIL;SWASTA;KB;24
5767;15;JAMBI;1506;150613;DATA SEKOLAH;UNIT;2023/2024 GANJIL;SWASTA;TPA;0
5768;15;JAMBI;1506;150613;DATA SEKOLAH;UNIT;2023/2024 GANJIL;SWASTA;SPS;0
5769;15;JAMBI;1506;150613;DATA SEKOLAH;UNIT;2023/2024 GANJIL;SWASTA;PKBM;0
5770;15;JAMBI;1506;150613;DATA SEKOLAH;UNIT;2023/2024 GANJIL;SWASTA;SKB;0
5771;15;JAMBI;1506;150613;DATA SEKOLAH;UNIT;2023/2024 GANJIL;SWASTA;SD;0
5772;15;JAMBI;1506;150613;DATA SEKOLAH;UNIT;2023/2024 GANJIL;SWASTA;SMP;0
5773;15;JAMBI;1506;150613;DATA SEKOLAH;UNIT;2023/2024 GANJIL;SWASTA;SMA;2
5774;15;JAMBI;1506;150613;DATA SEKOLAH;UNIT;2023/2024 GANJIL;SWASTA;SMK;0
5775;15;JAMBI;1506;150613;DATA SEKOLAH;UNIT;2023/2024 GANJIL;SWASTA;SLB;0
5776;15;JAMBI;1506;150606;DATA SEKOLAH;UNIT;2023/2024 GANJIL;SWASTA;TK;14
5777;15;JAMBI;1506;150606;DATA SEKOLAH;UNIT;2023/2024 GANJIL;SWASTA;KB;9
5778;15;JAMBI;1506;150606;DATA SEKOLAH;UNIT;2023/2024 GANJIL;SWASTA;TPA;1
5779;15;JAMBI;1506;150606;DATA SEKOLAH;UNIT;2023/2024 GANJIL;SWASTA;SPS;0
5780;15;JAMBI;1506;150606;DATA SEKOLAH;UNIT;2023/2024 GANJIL;SWASTA;PKBM;0
5781;15;JAMBI;1506;150606;DATA SEKOLAH;UNIT;2023/2024 GANJIL;SWASTA;SKB;0
5782;15;JAMBI;1506;150606;DATA SEKOLAH;UNIT;2023/2024 GANJIL;SWASTA;SD;5
5783;15;JAMBI;1506;150606;DATA SEKOLAH;UNIT;2023/2024 GANJIL;SWASTA;SMP;2
5784;15;JAMBI;1506;150606;DATA SEKOLAH;UNIT;2023/2024 GANJIL;SWASTA;SMA;1
5785;15;JAMBI;1506;150606;DATA SEKOLAH;UNIT;2023/2024 GANJIL;SWASTA;SMK;0
5786;15;JAMBI;1506;150606;DATA SEKOLAH;UNIT;2023/2024 GANJIL;SWASTA;SLB;0
5787;15;JAMBI;1506;150602;DATA SEKOLAH;UNIT;2023/2024 GANJIL;SWASTA;TK;12
5788;15;JAMBI;1506;150602;DATA SEKOLAH;UNIT;2023/2024 GANJIL;SWASTA;KB;24
5789;15;JAMBI;1506;150602;DATA SEKOLAH;UNIT;2023/2024 GANJIL;SWASTA;TPA;5
5790;15;JAMBI;1506;150602;DATA SEKOLAH;UNIT;2023/2024 GANJIL;SWASTA;SPS;10
5791;15;JAMBI;1506;150602;DATA SEKOLAH;UNIT;2023/2024 GANJIL;SWASTA;PKBM;5
5792;15;JAMBI;1506;150602;DATA SEKOLAH;UNIT;2023/2024 GANJIL;SWASTA;SKB;0
5793;15;JAMBI;1506;150602;DATA SEKOLAH;UNIT;2023/2024 GANJIL;SWASTA;SD;6
5794;15;JAMBI;1506;150602;DATA SEKOLAH;UNIT;2023/2024 GANJIL;SWASTA;SMP;2
5795;15;JAMBI;1506;150602;DATA SEKOLAH;UNIT;2023/2024 GANJIL;SWASTA;SMA;1
5796;15;JAMBI;1506;150602;DATA SEKOLAH;UNIT;2023/2024 GANJIL;SWASTA;SMK;1
5797;15;JAMBI;1506;150602;DATA SEKOLAH;UNIT;2023/2024 GANJIL;SWASTA;SLB;0
5798;15;JAMBI;1506;150601;DATA SEKOLAH;UNIT;2023/2024 GANJIL;SWASTA;TK;7
5799;15;JAMBI;1506;150601;DATA SEKOLAH;UNIT;2023/2024 GANJIL;SWASTA;KB;11
5800;15;JAMBI;1506;150601;DATA SEKOLAH;UNIT;2023/2024 GANJIL;SWASTA;TPA;0
5801;15;JAMBI;1506;150601;DATA SEKOLAH;UNIT;2023/2024 GANJIL;SWASTA;SPS;0
5802;15;JAMBI;1506;150601;DATA SEKOLAH;UNIT;2023/2024 GANJIL;SWASTA;PKBM;2
5803;15;JAMBI;1506;150601;DATA SEKOLAH;UNIT;2023/2024 GANJIL;SWASTA;SKB;0
5804;15;JAMBI;1506;150601;DATA SEKOLAH;UNIT;2023/2024 GANJIL;SWASTA;SD;1
5805;15;JAMBI;1506;150601;DATA SEKOLAH;UNIT;2023/2024 GANJIL;SWASTA;SMP;0
5806;15;JAMBI;1506;150601;DATA SEKOLAH;UNIT;2023/2024 GANJIL;SWASTA;SMA;0
5807;15;JAMBI;1506;150601;DATA SEKOLAH;UNIT;2023/2024 GANJIL;SWASTA;SMK;0
5808;15;JAMBI;1506;150601;DATA SEKOLAH;UNIT;2023/2024 GANJIL;SWASTA;SLB;0
5809;15;JAMBI;1507;150711;DATA SEKOLAH;UNIT;2023/2024 GANJIL;NEGERI;TK;2
5810;15;JAMBI;1507;150711;DATA SEKOLAH;UNIT;2023/2024 GANJIL;NEGERI;KB;0
5811;15;JAMBI;1507;150711;DATA SEKOLAH;UNIT;2023/2024 GANJIL;NEGERI;TPA;0
5812;15;JAMBI;1507;150711;DATA SEKOLAH;UNIT;2023/2024 GANJIL;NEGERI;SPS;0
5813;15;JAMBI;1507;150711;DATA SEKOLAH;UNIT;2023/2024 GANJIL;NEGERI;PKBM;0
5814;15;JAMBI;1507;150711;DATA SEKOLAH;UNIT;2023/2024 GANJIL;NEGERI;SKB;0
5815;15;JAMBI;1507;150711;DATA SEKOLAH;UNIT;2023/2024 GANJIL;NEGERI;SD;11
5816;15;JAMBI;1507;150711;DATA SEKOLAH;UNIT;2023/2024 GANJIL;NEGERI;SMP;4
5817;15;JAMBI;1507;150711;DATA SEKOLAH;UNIT;2023/2024 GANJIL;NEGERI;SMA;0
5818;15;JAMBI;1507;150711;DATA SEKOLAH;UNIT;2023/2024 GANJIL;NEGERI;SMK;1
5819;15;JAMBI;1507;150711;DATA SEKOLAH;UNIT;2023/2024 GANJIL;NEGERI;SLB;0
5820;15;JAMBI;1507;150706;DATA SEKOLAH;UNIT;2023/2024 GANJIL;NEGERI;TK;1
5821;15;JAMBI;1507;150706;DATA SEKOLAH;UNIT;2023/2024 GANJIL;NEGERI;KB;0
5822;15;JAMBI;1507;150706;DATA SEKOLAH;UNIT;2023/2024 GANJIL;NEGERI;TPA;0
5823;15;JAMBI;1507;150706;DATA SEKOLAH;UNIT;2023/2024 GANJIL;NEGERI;SPS;0
5824;15;JAMBI;1507;150706;DATA SEKOLAH;UNIT;2023/2024 GANJIL;NEGERI;PKBM;0
5825;15;JAMBI;1507;150706;DATA SEKOLAH;UNIT;2023/2024 GANJIL;NEGERI;SKB;0
5826;15;JAMBI;1507;150706;DATA SEKOLAH;UNIT;2023/2024 GANJIL;NEGERI;SD;18
5827;15;JAMBI;1507;150706;DATA SEKOLAH;UNIT;2023/2024 GANJIL;NEGERI;SMP;4
5828;15;JAMBI;1507;150706;DATA SEKOLAH;UNIT;2023/2024 GANJIL;NEGERI;SMA;1
5829;15;JAMBI;1507;150706;DATA SEKOLAH;UNIT;2023/2024 GANJIL;NEGERI;SMK;1
5830;15;JAMBI;1507;150706;DATA SEKOLAH;UNIT;2023/2024 GANJIL;NEGERI;SLB;0
5831;15;JAMBI;1507;150710;DATA SEKOLAH;UNIT;2023/2024 GANJIL;NEGERI;TK;3
5832;15;JAMBI;1507;150710;DATA SEKOLAH;UNIT;2023/2024 GANJIL;NEGERI;KB;0
5833;15;JAMBI;1507;150710;DATA SEKOLAH;UNIT;2023/2024 GANJIL;NEGERI;TPA;0
5834;15;JAMBI;1507;150710;DATA SEKOLAH;UNIT;2023/2024 GANJIL;NEGERI;SPS;0
5835;15;JAMBI;1507;150710;DATA SEKOLAH;UNIT;2023/2024 GANJIL;NEGERI;PKBM;0
5836;15;JAMBI;1507;150710;DATA SEKOLAH;UNIT;2023/2024 GANJIL;NEGERI;SKB;0
5837;15;JAMBI;1507;150710;DATA SEKOLAH;UNIT;2023/2024 GANJIL;NEGERI;SD;21
5838;15;JAMBI;1507;150710;DATA SEKOLAH;UNIT;2023/2024 GANJIL;NEGERI;SMP;4
5839;15;JAMBI;1507;150710;DATA SEKOLAH;UNIT;2023/2024 GANJIL;NEGERI;SMA;2
5840;15;JAMBI;1507;150710;DATA SEKOLAH;UNIT;2023/2024 GANJIL;NEGERI;SMK;0
5841;15;JAMBI;1507;150710;DATA SEKOLAH;UNIT;2023/2024 GANJIL;NEGERI;SLB;0
5842;15;JAMBI;1507;150708;DATA SEKOLAH;UNIT;2023/2024 GANJIL;NEGERI;TK;1
5843;15;JAMBI;1507;150708;DATA SEKOLAH;UNIT;2023/2024 GANJIL;NEGERI;KB;0
5844;15;JAMBI;1507;150708;DATA SEKOLAH;UNIT;2023/2024 GANJIL;NEGERI;TPA;0
5845;15;JAMBI;1507;150708;DATA SEKOLAH;UNIT;2023/2024 GANJIL;NEGERI;SPS;0
5846;15;JAMBI;1507;150708;DATA SEKOLAH;UNIT;2023/2024 GANJIL;NEGERI;PKBM;0
5847;15;JAMBI;1507;150708;DATA SEKOLAH;UNIT;2023/2024 GANJIL;NEGERI;SKB;0
5848;15;JAMBI;1507;150708;DATA SEKOLAH;UNIT;2023/2024 GANJIL;NEGERI;SD;11
5849;15;JAMBI;1507;150708;DATA SEKOLAH;UNIT;2023/2024 GANJIL;NEGERI;SMP;2
5850;15;JAMBI;1507;150708;DATA SEKOLAH;UNIT;2023/2024 GANJIL;NEGERI;SMA;1
5851;15;JAMBI;1507;150708;DATA SEKOLAH;UNIT;2023/2024 GANJIL;NEGERI;SMK;0
5852;15;JAMBI;1507;150708;DATA SEKOLAH;UNIT;2023/2024 GANJIL;NEGERI;SLB;0
5853;15;JAMBI;1507;150703;DATA SEKOLAH;UNIT;2023/2024 GANJIL;NEGERI;TK;1
5854;15;JAMBI;1507;150703;DATA SEKOLAH;UNIT;2023/2024 GANJIL;NEGERI;KB;1
5855;15;JAMBI;1507;150703;DATA SEKOLAH;UNIT;2023/2024 GANJIL;NEGERI;TPA;0
5856;15;JAMBI;1507;150703;DATA SEKOLAH;UNIT;2023/2024 GANJIL;NEGERI;SPS;0
5857;15;JAMBI;1507;150703;DATA SEKOLAH;UNIT;2023/2024 GANJIL;NEGERI;PKBM;0
5858;15;JAMBI;1507;150703;DATA SEKOLAH;UNIT;2023/2024 GANJIL;NEGERI;SKB;0
5859;15;JAMBI;1507;150703;DATA SEKOLAH;UNIT;2023/2024 GANJIL;NEGERI;SD;16
5860;15;JAMBI;1507;150703;DATA SEKOLAH;UNIT;2023/2024 GANJIL;NEGERI;SMP;4
5861;15;JAMBI;1507;150703;DATA SEKOLAH;UNIT;2023/2024 GANJIL;NEGERI;SMA;1
5862;15;JAMBI;1507;150703;DATA SEKOLAH;UNIT;2023/2024 GANJIL;NEGERI;SMK;0
5863;15;JAMBI;1507;150703;DATA SEKOLAH;UNIT;2023/2024 GANJIL;NEGERI;SLB;0
5864;15;JAMBI;1507;150709;DATA SEKOLAH;UNIT;2023/2024 GANJIL;NEGERI;TK;1
5865;15;JAMBI;1507;150709;DATA SEKOLAH;UNIT;2023/2024 GANJIL;NEGERI;KB;0
5866;15;JAMBI;1507;150709;DATA SEKOLAH;UNIT;2023/2024 GANJIL;NEGERI;TPA;0
5867;15;JAMBI;1507;150709;DATA SEKOLAH;UNIT;2023/2024 GANJIL;NEGERI;SPS;0
5868;15;JAMBI;1507;150709;DATA SEKOLAH;UNIT;2023/2024 GANJIL;NEGERI;PKBM;0
5869;15;JAMBI;1507;150709;DATA SEKOLAH;UNIT;2023/2024 GANJIL;NEGERI;SKB;0
5870;15;JAMBI;1507;150709;DATA SEKOLAH;UNIT;2023/2024 GANJIL;NEGERI;SD;8
5871;15;JAMBI;1507;150709;DATA SEKOLAH;UNIT;2023/2024 GANJIL;NEGERI;SMP;5
5872;15;JAMBI;1507;150709;DATA SEKOLAH;UNIT;2023/2024 GANJIL;NEGERI;SMA;0
5873;15;JAMBI;1507;150709;DATA SEKOLAH;UNIT;2023/2024 GANJIL;NEGERI;SMK;1
5874;15;JAMBI;1507;150709;DATA SEKOLAH;UNIT;2023/2024 GANJIL;NEGERI;SLB;0
5875;15;JAMBI;1507;150707;DATA SEKOLAH;UNIT;2023/2024 GANJIL;NEGERI;TK;1
5876;15;JAMBI;1507;150707;DATA SEKOLAH;UNIT;2023/2024 GANJIL;NEGERI;KB;0
5877;15;JAMBI;1507;150707;DATA SEKOLAH;UNIT;2023/2024 GANJIL;NEGERI;TPA;0
5878;15;JAMBI;1507;150707;DATA SEKOLAH;UNIT;2023/2024 GANJIL;NEGERI;SPS;0
5879;15;JAMBI;1507;150707;DATA SEKOLAH;UNIT;2023/2024 GANJIL;NEGERI;PKBM;0
5880;15;JAMBI;1507;150707;DATA SEKOLAH;UNIT;2023/2024 GANJIL;NEGERI;SKB;0
5881;15;JAMBI;1507;150707;DATA SEKOLAH;UNIT;2023/2024 GANJIL;NEGERI;SD;13
5882;15;JAMBI;1507;150707;DATA SEKOLAH;UNIT;2023/2024 GANJIL;NEGERI;SMP;2
5883;15;JAMBI;1507;150707;DATA SEKOLAH;UNIT;2023/2024 GANJIL;NEGERI;SMA;1
5884;15;JAMBI;1507;150707;DATA SEKOLAH;UNIT;2023/2024 GANJIL;NEGERI;SMK;1
5885;15;JAMBI;1507;150707;DATA SEKOLAH;UNIT;2023/2024 GANJIL;NEGERI;SLB;1
5886;15;JAMBI;1507;150701;DATA SEKOLAH;UNIT;2023/2024 GANJIL;NEGERI;TK;1
5887;15;JAMBI;1507;150701;DATA SEKOLAH;UNIT;2023/2024 GANJIL;NEGERI;KB;0
5888;15;JAMBI;1507;150701;DATA SEKOLAH;UNIT;2023/2024 GANJIL;NEGERI;TPA;0
5889;15;JAMBI;1507;150701;DATA SEKOLAH;UNIT;2023/2024 GANJIL;NEGERI;SPS;0
5890;15;JAMBI;1507;150701;DATA SEKOLAH;UNIT;2023/2024 GANJIL;NEGERI;PKBM;0
5891;15;JAMBI;1507;150701;DATA SEKOLAH;UNIT;2023/2024 GANJIL;NEGERI;SKB;1
5892;15;JAMBI;1507;150701;DATA SEKOLAH;UNIT;2023/2024 GANJIL;NEGERI;SD;23
5893;15;JAMBI;1507;150701;DATA SEKOLAH;UNIT;2023/2024 GANJIL;NEGERI;SMP;6
5894;15;JAMBI;1507;150701;DATA SEKOLAH;UNIT;2023/2024 GANJIL;NEGERI;SMA;1
5895;15;JAMBI;1507;150701;DATA SEKOLAH;UNIT;2023/2024 GANJIL;NEGERI;SMK;1
5896;15;JAMBI;1507;150701;DATA SEKOLAH;UNIT;2023/2024 GANJIL;NEGERI;SLB;0
5897;15;JAMBI;1507;150702;DATA SEKOLAH;UNIT;2023/2024 GANJIL;NEGERI;TK;3
5898;15;JAMBI;1507;150702;DATA SEKOLAH;UNIT;2023/2024 GANJIL;NEGERI;KB;0
5899;15;JAMBI;1507;150702;DATA SEKOLAH;UNIT;2023/2024 GANJIL;NEGERI;TPA;0
5900;15;JAMBI;1507;150702;DATA SEKOLAH;UNIT;2023/2024 GANJIL;NEGERI;SPS;0
5901;15;JAMBI;1507;150702;DATA SEKOLAH;UNIT;2023/2024 GANJIL;NEGERI;PKBM;0
5902;15;JAMBI;1507;150702;DATA SEKOLAH;UNIT;2023/2024 GANJIL;NEGERI;SKB;0
5903;15;JAMBI;1507;150702;DATA SEKOLAH;UNIT;2023/2024 GANJIL;NEGERI;SD;26
5904;15;JAMBI;1507;150702;DATA SEKOLAH;UNIT;2023/2024 GANJIL;NEGERI;SMP;7
5905;15;JAMBI;1507;150702;DATA SEKOLAH;UNIT;2023/2024 GANJIL;NEGERI;SMA;1
5906;15;JAMBI;1507;150702;DATA SEKOLAH;UNIT;2023/2024 GANJIL;NEGERI;SMK;1
5907;15;JAMBI;1507;150702;DATA SEKOLAH;UNIT;2023/2024 GANJIL;NEGERI;SLB;0
5908;15;JAMBI;1507;150704;DATA SEKOLAH;UNIT;2023/2024 GANJIL;NEGERI;TK;1
5909;15;JAMBI;1507;150704;DATA SEKOLAH;UNIT;2023/2024 GANJIL;NEGERI;KB;0
5910;15;JAMBI;1507;150704;DATA SEKOLAH;UNIT;2023/2024 GANJIL;NEGERI;TPA;0
5911;15;JAMBI;1507;150704;DATA SEKOLAH;UNIT;2023/2024 GANJIL;NEGERI;SPS;0
5912;15;JAMBI;1507;150704;DATA SEKOLAH;UNIT;2023/2024 GANJIL;NEGERI;PKBM;0
5913;15;JAMBI;1507;150704;DATA SEKOLAH;UNIT;2023/2024 GANJIL;NEGERI;SKB;0
5914;15;JAMBI;1507;150704;DATA SEKOLAH;UNIT;2023/2024 GANJIL;NEGERI;SD;29
5915;15;JAMBI;1507;150704;DATA SEKOLAH;UNIT;2023/2024 GANJIL;NEGERI;SMP;3
5916;15;JAMBI;1507;150704;DATA SEKOLAH;UNIT;2023/2024 GANJIL;NEGERI;SMA;1
5917;15;JAMBI;1507;150704;DATA SEKOLAH;UNIT;2023/2024 GANJIL;NEGERI;SMK;0
5918;15;JAMBI;1507;150704;DATA SEKOLAH;UNIT;2023/2024 GANJIL;NEGERI;SLB;0
5919;15;JAMBI;1507;150705;DATA SEKOLAH;UNIT;2023/2024 GANJIL;NEGERI;TK;2
5920;15;JAMBI;1507;150705;DATA SEKOLAH;UNIT;2023/2024 GANJIL;NEGERI;KB;0
5921;15;JAMBI;1507;150705;DATA SEKOLAH;UNIT;2023/2024 GANJIL;NEGERI;TPA;0
5922;15;JAMBI;1507;150705;DATA SEKOLAH;UNIT;2023/2024 GANJIL;NEGERI;SPS;0
5923;15;JAMBI;1507;150705;DATA SEKOLAH;UNIT;2023/2024 GANJIL;NEGERI;PKBM;0
5924;15;JAMBI;1507;150705;DATA SEKOLAH;UNIT;2023/2024 GANJIL;NEGERI;SKB;0
5925;15;JAMBI;1507;150705;DATA SEKOLAH;UNIT;2023/2024 GANJIL;NEGERI;SD;18
5926;15;JAMBI;1507;150705;DATA SEKOLAH;UNIT;2023/2024 GANJIL;NEGERI;SMP;4
5927;15;JAMBI;1507;150705;DATA SEKOLAH;UNIT;2023/2024 GANJIL;NEGERI;SMA;1
5928;15;JAMBI;1507;150705;DATA SEKOLAH;UNIT;2023/2024 GANJIL;NEGERI;SMK;0
5929;15;JAMBI;1507;150705;DATA SEKOLAH;UNIT;2023/2024 GANJIL;NEGERI;SLB;0
5930;15;JAMBI;1507;150711;DATA SEKOLAH;UNIT;2023/2024 GANJIL;SWASTA;TK;2
5931;15;JAMBI;1507;150711;DATA SEKOLAH;UNIT;2023/2024 GANJIL;SWASTA;KB;17
5932;15;JAMBI;1507;150711;DATA SEKOLAH;UNIT;2023/2024 GANJIL;SWASTA;TPA;0
5933;15;JAMBI;1507;150711;DATA SEKOLAH;UNIT;2023/2024 GANJIL;SWASTA;SPS;0
5934;15;JAMBI;1507;150711;DATA SEKOLAH;UNIT;2023/2024 GANJIL;SWASTA;PKBM;2
5935;15;JAMBI;1507;150711;DATA SEKOLAH;UNIT;2023/2024 GANJIL;SWASTA;SKB;0
5936;15;JAMBI;1507;150711;DATA SEKOLAH;UNIT;2023/2024 GANJIL;SWASTA;SD;0
5937;15;JAMBI;1507;150711;DATA SEKOLAH;UNIT;2023/2024 GANJIL;SWASTA;SMP;0
5938;15;JAMBI;1507;150711;DATA SEKOLAH;UNIT;2023/2024 GANJIL;SWASTA;SMA;1
5939;15;JAMBI;1507;150711;DATA SEKOLAH;UNIT;2023/2024 GANJIL;SWASTA;SMK;0
5940;15;JAMBI;1507;150711;DATA SEKOLAH;UNIT;2023/2024 GANJIL;SWASTA;SLB;0
5941;15;JAMBI;1507;150706;DATA SEKOLAH;UNIT;2023/2024 GANJIL;SWASTA;TK;4
5942;15;JAMBI;1507;150706;DATA SEKOLAH;UNIT;2023/2024 GANJIL;SWASTA;KB;21
5943;15;JAMBI;1507;150706;DATA SEKOLAH;UNIT;2023/2024 GANJIL;SWASTA;TPA;0
5944;15;JAMBI;1507;150706;DATA SEKOLAH;UNIT;2023/2024 GANJIL;SWASTA;SPS;0
5945;15;JAMBI;1507;150706;DATA SEKOLAH;UNIT;2023/2024 GANJIL;SWASTA;PKBM;1
5946;15;JAMBI;1507;150706;DATA SEKOLAH;UNIT;2023/2024 GANJIL;SWASTA;SKB;0
5947;15;JAMBI;1507;150706;DATA SEKOLAH;UNIT;2023/2024 GANJIL;SWASTA;SD;0
5948;15;JAMBI;1507;150706;DATA SEKOLAH;UNIT;2023/2024 GANJIL;SWASTA;SMP;0
5949;15;JAMBI;1507;150706;DATA SEKOLAH;UNIT;2023/2024 GANJIL;SWASTA;SMA;0
5950;15;JAMBI;1507;150706;DATA SEKOLAH;UNIT;2023/2024 GANJIL;SWASTA;SMK;0
5951;15;JAMBI;1507;150706;DATA SEKOLAH;UNIT;2023/2024 GANJIL;SWASTA;SLB;0
5952;15;JAMBI;1507;150710;DATA SEKOLAH;UNIT;2023/2024 GANJIL;SWASTA;TK;3
5953;15;JAMBI;1507;150710;DATA SEKOLAH;UNIT;2023/2024 GANJIL;SWASTA;KB;20
5954;15;JAMBI;1507;150710;DATA SEKOLAH;UNIT;2023/2024 GANJIL;SWASTA;TPA;0
5955;15;JAMBI;1507;150710;DATA SEKOLAH;UNIT;2023/2024 GANJIL;SWASTA;SPS;0
5956;15;JAMBI;1507;150710;DATA SEKOLAH;UNIT;2023/2024 GANJIL;SWASTA;PKBM;0
5957;15;JAMBI;1507;150710;DATA SEKOLAH;UNIT;2023/2024 GANJIL;SWASTA;SKB;0
5958;15;JAMBI;1507;150710;DATA SEKOLAH;UNIT;2023/2024 GANJIL;SWASTA;SD;0
5959;15;JAMBI;1507;150710;DATA SEKOLAH;UNIT;2023/2024 GANJIL;SWASTA;SMP;0
5960;15;JAMBI;1507;150710;DATA SEKOLAH;UNIT;2023/2024 GANJIL;SWASTA;SMA;0
5961;15;JAMBI;1507;150710;DATA SEKOLAH;UNIT;2023/2024 GANJIL;SWASTA;SMK;0
5962;15;JAMBI;1507;150710;DATA SEKOLAH;UNIT;2023/2024 GANJIL;SWASTA;SLB;0
5963;15;JAMBI;1507;150708;DATA SEKOLAH;UNIT;2023/2024 GANJIL;SWASTA;TK;5
5964;15;JAMBI;1507;150708;DATA SEKOLAH;UNIT;2023/2024 GANJIL;SWASTA;KB;7
5965;15;JAMBI;1507;150708;DATA SEKOLAH;UNIT;2023/2024 GANJIL;SWASTA;TPA;0
5966;15;JAMBI;1507;150708;DATA SEKOLAH;UNIT;2023/2024 GANJIL;SWASTA;SPS;0
5967;15;JAMBI;1507;150708;DATA SEKOLAH;UNIT;2023/2024 GANJIL;SWASTA;PKBM;0
5968;15;JAMBI;1507;150708;DATA SEKOLAH;UNIT;2023/2024 GANJIL;SWASTA;SKB;0
5969;15;JAMBI;1507;150708;DATA SEKOLAH;UNIT;2023/2024 GANJIL;SWASTA;SD;1
5970;15;JAMBI;1507;150708;DATA SEKOLAH;UNIT;2023/2024 GANJIL;SWASTA;SMP;0
5971;15;JAMBI;1507;150708;DATA SEKOLAH;UNIT;2023/2024 GANJIL;SWASTA;SMA;0
5972;15;JAMBI;1507;150708;DATA SEKOLAH;UNIT;2023/2024 GANJIL;SWASTA;SMK;0
5973;15;JAMBI;1507;150708;DATA SEKOLAH;UNIT;2023/2024 GANJIL;SWASTA;SLB;0
5974;15;JAMBI;1507;150703;DATA SEKOLAH;UNIT;2023/2024 GANJIL;SWASTA;TK;4
5975;15;JAMBI;1507;150703;DATA SEKOLAH;UNIT;2023/2024 GANJIL;SWASTA;KB;23
5976;15;JAMBI;1507;150703;DATA SEKOLAH;UNIT;2023/2024 GANJIL;SWASTA;TPA;0
5977;15;JAMBI;1507;150703;DATA SEKOLAH;UNIT;2023/2024 GANJIL;SWASTA;SPS;0
5978;15;JAMBI;1507;150703;DATA SEKOLAH;UNIT;2023/2024 GANJIL;SWASTA;PKBM;0
5979;15;JAMBI;1507;150703;DATA SEKOLAH;UNIT;2023/2024 GANJIL;SWASTA;SKB;0
5980;15;JAMBI;1507;150703;DATA SEKOLAH;UNIT;2023/2024 GANJIL;SWASTA;SD;0
5981;15;JAMBI;1507;150703;DATA SEKOLAH;UNIT;2023/2024 GANJIL;SWASTA;SMP;0
5982;15;JAMBI;1507;150703;DATA SEKOLAH;UNIT;2023/2024 GANJIL;SWASTA;SMA;0
5983;15;JAMBI;1507;150703;DATA SEKOLAH;UNIT;2023/2024 GANJIL;SWASTA;SMK;0
5984;15;JAMBI;1507;150703;DATA SEKOLAH;UNIT;2023/2024 GANJIL;SWASTA;SLB;0
5985;15;JAMBI;1507;150709;DATA SEKOLAH;UNIT;2023/2024 GANJIL;SWASTA;TK;2
5986;15;JAMBI;1507;150709;DATA SEKOLAH;UNIT;2023/2024 GANJIL;SWASTA;KB;15
5987;15;JAMBI;1507;150709;DATA SEKOLAH;UNIT;2023/2024 GANJIL;SWASTA;TPA;1
5988;15;JAMBI;1507;150709;DATA SEKOLAH;UNIT;2023/2024 GANJIL;SWASTA;SPS;0
5989;15;JAMBI;1507;150709;DATA SEKOLAH;UNIT;2023/2024 GANJIL;SWASTA;PKBM;0
5990;15;JAMBI;1507;150709;DATA SEKOLAH;UNIT;2023/2024 GANJIL;SWASTA;SKB;0
5991;15;JAMBI;1507;150709;DATA SEKOLAH;UNIT;2023/2024 GANJIL;SWASTA;SD;0
5992;15;JAMBI;1507;150709;DATA SEKOLAH;UNIT;2023/2024 GANJIL;SWASTA;SMP;0
5993;15;JAMBI;1507;150709;DATA SEKOLAH;UNIT;2023/2024 GANJIL;SWASTA;SMA;0
5994;15;JAMBI;1507;150709;DATA SEKOLAH;UNIT;2023/2024 GANJIL;SWASTA;SMK;0
5995;15;JAMBI;1507;150709;DATA SEKOLAH;UNIT;2023/2024 GANJIL;SWASTA;SLB;0
5996;15;JAMBI;1507;150707;DATA SEKOLAH;UNIT;2023/2024 GANJIL;SWASTA;TK;7
5997;15;JAMBI;1507;150707;DATA SEKOLAH;UNIT;2023/2024 GANJIL;SWASTA;KB;20
5998;15;JAMBI;1507;150707;DATA SEKOLAH;UNIT;2023/2024 GANJIL;SWASTA;TPA;1
5999;15;JAMBI;1507;150707;DATA SEKOLAH;UNIT;2023/2024 GANJIL;SWASTA;SPS;0
6000;15;JAMBI;1507;150707;DATA SEKOLAH;UNIT;2023/2024 GANJIL;SWASTA;PKBM;0
6001;15;JAMBI;1507;150707;DATA SEKOLAH;UNIT;2023/2024 GANJIL;SWASTA;SKB;0
6002;15;JAMBI;1507;150707;DATA SEKOLAH;UNIT;2023/2024 GANJIL;SWASTA;SD;4
6003;15;JAMBI;1507;150707;DATA SEKOLAH;UNIT;2023/2024 GANJIL;SWASTA;SMP;4
6004;15;JAMBI;1507;150707;DATA SEKOLAH;UNIT;2023/2024 GANJIL;SWASTA;SMA;1
6005;15;JAMBI;1507;150707;DATA SEKOLAH;UNIT;2023/2024 GANJIL;SWASTA;SMK;0
6006;15;JAMBI;1507;150707;DATA SEKOLAH;UNIT;2023/2024 GANJIL;SWASTA;SLB;0
6007;15;JAMBI;1507;150701;DATA SEKOLAH;UNIT;2023/2024 GANJIL;SWASTA;TK;8
6008;15;JAMBI;1507;150701;DATA SEKOLAH;UNIT;2023/2024 GANJIL;SWASTA;KB;28
6009;15;JAMBI;1507;150701;DATA SEKOLAH;UNIT;2023/2024 GANJIL;SWASTA;TPA;1
6010;15;JAMBI;1507;150701;DATA SEKOLAH;UNIT;2023/2024 GANJIL;SWASTA;SPS;3
6011;15;JAMBI;1507;150701;DATA SEKOLAH;UNIT;2023/2024 GANJIL;SWASTA;PKBM;1
6012;15;JAMBI;1507;150701;DATA SEKOLAH;UNIT;2023/2024 GANJIL;SWASTA;SKB;0
6013;15;JAMBI;1507;150701;DATA SEKOLAH;UNIT;2023/2024 GANJIL;SWASTA;SD;0
6014;15;JAMBI;1507;150701;DATA SEKOLAH;UNIT;2023/2024 GANJIL;SWASTA;SMP;0
6015;15;JAMBI;1507;150701;DATA SEKOLAH;UNIT;2023/2024 GANJIL;SWASTA;SMA;1
6016;15;JAMBI;1507;150701;DATA SEKOLAH;UNIT;2023/2024 GANJIL;SWASTA;SMK;0
6017;15;JAMBI;1507;150701;DATA SEKOLAH;UNIT;2023/2024 GANJIL;SWASTA;SLB;0
6018;15;JAMBI;1507;150702;DATA SEKOLAH;UNIT;2023/2024 GANJIL;SWASTA;TK;4
6019;15;JAMBI;1507;150702;DATA SEKOLAH;UNIT;2023/2024 GANJIL;SWASTA;KB;25
6020;15;JAMBI;1507;150702;DATA SEKOLAH;UNIT;2023/2024 GANJIL;SWASTA;TPA;0
6021;15;JAMBI;1507;150702;DATA SEKOLAH;UNIT;2023/2024 GANJIL;SWASTA;SPS;1
6022;15;JAMBI;1507;150702;DATA SEKOLAH;UNIT;2023/2024 GANJIL;SWASTA;PKBM;2
6023;15;JAMBI;1507;150702;DATA SEKOLAH;UNIT;2023/2024 GANJIL;SWASTA;SKB;0
6024;15;JAMBI;1507;150702;DATA SEKOLAH;UNIT;2023/2024 GANJIL;SWASTA;SD;1
6025;15;JAMBI;1507;150702;DATA SEKOLAH;UNIT;2023/2024 GANJIL;SWASTA;SMP;0
6026;15;JAMBI;1507;150702;DATA SEKOLAH;UNIT;2023/2024 GANJIL;SWASTA;SMA;0
6027;15;JAMBI;1507;150702;DATA SEKOLAH;UNIT;2023/2024 GANJIL;SWASTA;SMK;0
6028;15;JAMBI;1507;150702;DATA SEKOLAH;UNIT;2023/2024 GANJIL;SWASTA;SLB;0
6029;15;JAMBI;1507;150704;DATA SEKOLAH;UNIT;2023/2024 GANJIL;SWASTA;TK;9
6030;15;JAMBI;1507;150704;DATA SEKOLAH;UNIT;2023/2024 GANJIL;SWASTA;KB;33
6031;15;JAMBI;1507;150704;DATA SEKOLAH;UNIT;2023/2024 GANJIL;SWASTA;TPA;0
6032;15;JAMBI;1507;150704;DATA SEKOLAH;UNIT;2023/2024 GANJIL;SWASTA;SPS;0
6033;15;JAMBI;1507;150704;DATA SEKOLAH;UNIT;2023/2024 GANJIL;SWASTA;PKBM;2
6034;15;JAMBI;1507;150704;DATA SEKOLAH;UNIT;2023/2024 GANJIL;SWASTA;SKB;0
6035;15;JAMBI;1507;150704;DATA SEKOLAH;UNIT;2023/2024 GANJIL;SWASTA;SD;0
6036;15;JAMBI;1507;150704;DATA SEKOLAH;UNIT;2023/2024 GANJIL;SWASTA;SMP;1
6037;15;JAMBI;1507;150704;DATA SEKOLAH;UNIT;2023/2024 GANJIL;SWASTA;SMA;1
6038;15;JAMBI;1507;150704;DATA SEKOLAH;UNIT;2023/2024 GANJIL;SWASTA;SMK;1
6039;15;JAMBI;1507;150704;DATA SEKOLAH;UNIT;2023/2024 GANJIL;SWASTA;SLB;0
6040;15;JAMBI;1507;150705;DATA SEKOLAH;UNIT;2023/2024 GANJIL;SWASTA;TK;1
6041;15;JAMBI;1507;150705;DATA SEKOLAH;UNIT;2023/2024 GANJIL;SWASTA;KB;17
6042;15;JAMBI;1507;150705;DATA SEKOLAH;UNIT;2023/2024 GANJIL;SWASTA;TPA;0
6043;15;JAMBI;1507;150705;DATA SEKOLAH;UNIT;2023/2024 GANJIL;SWASTA;SPS;0
6044;15;JAMBI;1507;150705;DATA SEKOLAH;UNIT;2023/2024 GANJIL;SWASTA;PKBM;1
6045;15;JAMBI;1507;150705;DATA SEKOLAH;UNIT;2023/2024 GANJIL;SWASTA;SKB;0
6046;15;JAMBI;1507;150705;DATA SEKOLAH;UNIT;2023/2024 GANJIL;SWASTA;SD;0
6047;15;JAMBI;1507;150705;DATA SEKOLAH;UNIT;2023/2024 GANJIL;SWASTA;SMP;0
6048;15;JAMBI;1507;150705;DATA SEKOLAH;UNIT;2023/2024 GANJIL;SWASTA;SMA;0
6049;15;JAMBI;1507;150705;DATA SEKOLAH;UNIT;2023/2024 GANJIL;SWASTA;SMK;0
6050;15;JAMBI;1507;150705;DATA SEKOLAH;UNIT;2023/2024 GANJIL;SWASTA;SLB;0
6051;15;JAMBI;1509;150912;DATA SEKOLAH;UNIT;2023/2024 GANJIL;NEGERI;TK;1
6052;15;JAMBI;1509;150912;DATA SEKOLAH;UNIT;2023/2024 GANJIL;NEGERI;KB;0
6053;15;JAMBI;1509;150912;DATA SEKOLAH;UNIT;2023/2024 GANJIL;NEGERI;TPA;0
6054;15;JAMBI;1509;150912;DATA SEKOLAH;UNIT;2023/2024 GANJIL;NEGERI;SPS;0
6055;15;JAMBI;1509;150912;DATA SEKOLAH;UNIT;2023/2024 GANJIL;NEGERI;PKBM;0
6056;15;JAMBI;1509;150912;DATA SEKOLAH;UNIT;2023/2024 GANJIL;NEGERI;SKB;0
6057;15;JAMBI;1509;150912;DATA SEKOLAH;UNIT;2023/2024 GANJIL;NEGERI;SD;11
6058;15;JAMBI;1509;150912;DATA SEKOLAH;UNIT;2023/2024 GANJIL;NEGERI;SMP;3
6059;15;JAMBI;1509;150912;DATA SEKOLAH;UNIT;2023/2024 GANJIL;NEGERI;SMA;1
6060;15;JAMBI;1509;150912;DATA SEKOLAH;UNIT;2023/2024 GANJIL;NEGERI;SMK;0
6061;15;JAMBI;1509;150912;DATA SEKOLAH;UNIT;2023/2024 GANJIL;NEGERI;SLB;0
6062;15;JAMBI;1509;150904;DATA SEKOLAH;UNIT;2023/2024 GANJIL;NEGERI;TK;1
6063;15;JAMBI;1509;150904;DATA SEKOLAH;UNIT;2023/2024 GANJIL;NEGERI;KB;0
6064;15;JAMBI;1509;150904;DATA SEKOLAH;UNIT;2023/2024 GANJIL;NEGERI;TPA;0
6065;15;JAMBI;1509;150904;DATA SEKOLAH;UNIT;2023/2024 GANJIL;NEGERI;SPS;0
6066;15;JAMBI;1509;150904;DATA SEKOLAH;UNIT;2023/2024 GANJIL;NEGERI;PKBM;0
6067;15;JAMBI;1509;150904;DATA SEKOLAH;UNIT;2023/2024 GANJIL;NEGERI;SKB;0
6068;15;JAMBI;1509;150904;DATA SEKOLAH;UNIT;2023/2024 GANJIL;NEGERI;SD;35
6069;15;JAMBI;1509;150904;DATA SEKOLAH;UNIT;2023/2024 GANJIL;NEGERI;SMP;8
6070;15;JAMBI;1509;150904;DATA SEKOLAH;UNIT;2023/2024 GANJIL;NEGERI;SMA;3
6071;15;JAMBI;1509;150904;DATA SEKOLAH;UNIT;2023/2024 GANJIL;NEGERI;SMK;2
6072;15;JAMBI;1509;150904;DATA SEKOLAH;UNIT;2023/2024 GANJIL;NEGERI;SLB;1
6073;15;JAMBI;1509;150908;DATA SEKOLAH;UNIT;2023/2024 GANJIL;NEGERI;TK;1
6074;15;JAMBI;1509;150908;DATA SEKOLAH;UNIT;2023/2024 GANJIL;NEGERI;KB;0
6075;15;JAMBI;1509;150908;DATA SEKOLAH;UNIT;2023/2024 GANJIL;NEGERI;TPA;0
6076;15;JAMBI;1509;150908;DATA SEKOLAH;UNIT;2023/2024 GANJIL;NEGERI;SPS;0
6077;15;JAMBI;1509;150908;DATA SEKOLAH;UNIT;2023/2024 GANJIL;NEGERI;PKBM;0
6078;15;JAMBI;1509;150908;DATA SEKOLAH;UNIT;2023/2024 GANJIL;NEGERI;SKB;0
6079;15;JAMBI;1509;150908;DATA SEKOLAH;UNIT;2023/2024 GANJIL;NEGERI;SD;14
6080;15;JAMBI;1509;150908;DATA SEKOLAH;UNIT;2023/2024 GANJIL;NEGERI;SMP;4
6081;15;JAMBI;1509;150908;DATA SEKOLAH;UNIT;2023/2024 GANJIL;NEGERI;SMA;2
6082;15;JAMBI;1509;150908;DATA SEKOLAH;UNIT;2023/2024 GANJIL;NEGERI;SMK;1
6083;15;JAMBI;1509;150908;DATA SEKOLAH;UNIT;2023/2024 GANJIL;NEGERI;SLB;0
6084;15;JAMBI;1509;150907;DATA SEKOLAH;UNIT;2023/2024 GANJIL;NEGERI;TK;1
6085;15;JAMBI;1509;150907;DATA SEKOLAH;UNIT;2023/2024 GANJIL;NEGERI;KB;0
6086;15;JAMBI;1509;150907;DATA SEKOLAH;UNIT;2023/2024 GANJIL;NEGERI;TPA;0
6087;15;JAMBI;1509;150907;DATA SEKOLAH;UNIT;2023/2024 GANJIL;NEGERI;SPS;0
6088;15;JAMBI;1509;150907;DATA SEKOLAH;UNIT;2023/2024 GANJIL;NEGERI;PKBM;0
6089;15;JAMBI;1509;150907;DATA SEKOLAH;UNIT;2023/2024 GANJIL;NEGERI;SKB;0
6090;15;JAMBI;1509;150907;DATA SEKOLAH;UNIT;2023/2024 GANJIL;NEGERI;SD;23
6091;15;JAMBI;1509;150907;DATA SEKOLAH;UNIT;2023/2024 GANJIL;NEGERI;SMP;5
6092;15;JAMBI;1509;150907;DATA SEKOLAH;UNIT;2023/2024 GANJIL;NEGERI;SMA;4
6093;15;JAMBI;1509;150907;DATA SEKOLAH;UNIT;2023/2024 GANJIL;NEGERI;SMK;1
6094;15;JAMBI;1509;150907;DATA SEKOLAH;UNIT;2023/2024 GANJIL;NEGERI;SLB;0
6095;15;JAMBI;1509;150910;DATA SEKOLAH;UNIT;2023/2024 GANJIL;NEGERI;TK;1
6096;15;JAMBI;1509;150910;DATA SEKOLAH;UNIT;2023/2024 GANJIL;NEGERI;KB;0
6097;15;JAMBI;1509;150910;DATA SEKOLAH;UNIT;2023/2024 GANJIL;NEGERI;TPA;0
6098;15;JAMBI;1509;150910;DATA SEKOLAH;UNIT;2023/2024 GANJIL;NEGERI;SPS;0
6099;15;JAMBI;1509;150910;DATA SEKOLAH;UNIT;2023/2024 GANJIL;NEGERI;PKBM;0
6100;15;JAMBI;1509;150910;DATA SEKOLAH;UNIT;2023/2024 GANJIL;NEGERI;SKB;0
6101;15;JAMBI;1509;150910;DATA SEKOLAH;UNIT;2023/2024 GANJIL;NEGERI;SD;9
6102;15;JAMBI;1509;150910;DATA SEKOLAH;UNIT;2023/2024 GANJIL;NEGERI;SMP;2
6103;15;JAMBI;1509;150910;DATA SEKOLAH;UNIT;2023/2024 GANJIL;NEGERI;SMA;1
6104;15;JAMBI;1509;150910;DATA SEKOLAH;UNIT;2023/2024 GANJIL;NEGERI;SMK;0
6105;15;JAMBI;1509;150910;DATA SEKOLAH;UNIT;2023/2024 GANJIL;NEGERI;SLB;0
6106;15;JAMBI;1509;150905;DATA SEKOLAH;UNIT;2023/2024 GANJIL;NEGERI;TK;1
6107;15;JAMBI;1509;150905;DATA SEKOLAH;UNIT;2023/2024 GANJIL;NEGERI;KB;0
6108;15;JAMBI;1509;150905;DATA SEKOLAH;UNIT;2023/2024 GANJIL;NEGERI;TPA;0
6109;15;JAMBI;1509;150905;DATA SEKOLAH;UNIT;2023/2024 GANJIL;NEGERI;SPS;0
6110;15;JAMBI;1509;150905;DATA SEKOLAH;UNIT;2023/2024 GANJIL;NEGERI;PKBM;0
6111;15;JAMBI;1509;150905;DATA SEKOLAH;UNIT;2023/2024 GANJIL;NEGERI;SKB;0
6112;15;JAMBI;1509;150905;DATA SEKOLAH;UNIT;2023/2024 GANJIL;NEGERI;SD;20
6113;15;JAMBI;1509;150905;DATA SEKOLAH;UNIT;2023/2024 GANJIL;NEGERI;SMP;6
6114;15;JAMBI;1509;150905;DATA SEKOLAH;UNIT;2023/2024 GANJIL;NEGERI;SMA;1
6115;15;JAMBI;1509;150905;DATA SEKOLAH;UNIT;2023/2024 GANJIL;NEGERI;SMK;1
6116;15;JAMBI;1509;150905;DATA SEKOLAH;UNIT;2023/2024 GANJIL;NEGERI;SLB;0
6117;15;JAMBI;1509;150902;DATA SEKOLAH;UNIT;2023/2024 GANJIL;NEGERI;TK;1
6118;15;JAMBI;1509;150902;DATA SEKOLAH;UNIT;2023/2024 GANJIL;NEGERI;KB;0
6119;15;JAMBI;1509;150902;DATA SEKOLAH;UNIT;2023/2024 GANJIL;NEGERI;TPA;0
6120;15;JAMBI;1509;150902;DATA SEKOLAH;UNIT;2023/2024 GANJIL;NEGERI;SPS;0
6121;15;JAMBI;1509;150902;DATA SEKOLAH;UNIT;2023/2024 GANJIL;NEGERI;PKBM;0
6122;15;JAMBI;1509;150902;DATA SEKOLAH;UNIT;2023/2024 GANJIL;NEGERI;SKB;0
6123;15;JAMBI;1509;150902;DATA SEKOLAH;UNIT;2023/2024 GANJIL;NEGERI;SD;23
6124;15;JAMBI;1509;150902;DATA SEKOLAH;UNIT;2023/2024 GANJIL;NEGERI;SMP;7
6125;15;JAMBI;1509;150902;DATA SEKOLAH;UNIT;2023/2024 GANJIL;NEGERI;SMA;1
6126;15;JAMBI;1509;150902;DATA SEKOLAH;UNIT;2023/2024 GANJIL;NEGERI;SMK;1
6127;15;JAMBI;1509;150902;DATA SEKOLAH;UNIT;2023/2024 GANJIL;NEGERI;SLB;0
6128;15;JAMBI;1509;150901;DATA SEKOLAH;UNIT;2023/2024 GANJIL;NEGERI;TK;1
6129;15;JAMBI;1509;150901;DATA SEKOLAH;UNIT;2023/2024 GANJIL;NEGERI;KB;0
6130;15;JAMBI;1509;150901;DATA SEKOLAH;UNIT;2023/2024 GANJIL;NEGERI;TPA;0
6131;15;JAMBI;1509;150901;DATA SEKOLAH;UNIT;2023/2024 GANJIL;NEGERI;SPS;0
6132;15;JAMBI;1509;150901;DATA SEKOLAH;UNIT;2023/2024 GANJIL;NEGERI;PKBM;0
6133;15;JAMBI;1509;150901;DATA SEKOLAH;UNIT;2023/2024 GANJIL;NEGERI;SKB;1
6134;15;JAMBI;1509;150901;DATA SEKOLAH;UNIT;2023/2024 GANJIL;NEGERI;SD;26
6135;15;JAMBI;1509;150901;DATA SEKOLAH;UNIT;2023/2024 GANJIL;NEGERI;SMP;7
6136;15;JAMBI;1509;150901;DATA SEKOLAH;UNIT;2023/2024 GANJIL;NEGERI;SMA;2
6137;15;JAMBI;1509;150901;DATA SEKOLAH;UNIT;2023/2024 GANJIL;NEGERI;SMK;1
6138;15;JAMBI;1509;150901;DATA SEKOLAH;UNIT;2023/2024 GANJIL;NEGERI;SLB;0
6139;15;JAMBI;1509;150903;DATA SEKOLAH;UNIT;2023/2024 GANJIL;NEGERI;TK;1
6140;15;JAMBI;1509;150903;DATA SEKOLAH;UNIT;2023/2024 GANJIL;NEGERI;KB;0
6141;15;JAMBI;1509;150903;DATA SEKOLAH;UNIT;2023/2024 GANJIL;NEGERI;TPA;0
6142;15;JAMBI;1509;150903;DATA SEKOLAH;UNIT;2023/2024 GANJIL;NEGERI;SPS;0
6143;15;JAMBI;1509;150903;DATA SEKOLAH;UNIT;2023/2024 GANJIL;NEGERI;PKBM;0
6144;15;JAMBI;1509;150903;DATA SEKOLAH;UNIT;2023/2024 GANJIL;NEGERI;SKB;0
6145;15;JAMBI;1509;150903;DATA SEKOLAH;UNIT;2023/2024 GANJIL;NEGERI;SD;28
6146;15;JAMBI;1509;150903;DATA SEKOLAH;UNIT;2023/2024 GANJIL;NEGERI;SMP;7
6147;15;JAMBI;1509;150903;DATA SEKOLAH;UNIT;2023/2024 GANJIL;NEGERI;SMA;3
6148;15;JAMBI;1509;150903;DATA SEKOLAH;UNIT;2023/2024 GANJIL;NEGERI;SMK;1
6149;15;JAMBI;1509;150903;DATA SEKOLAH;UNIT;2023/2024 GANJIL;NEGERI;SLB;0
6150;15;JAMBI;1509;150909;DATA SEKOLAH;UNIT;2023/2024 GANJIL;NEGERI;TK;1
6151;15;JAMBI;1509;150909;DATA SEKOLAH;UNIT;2023/2024 GANJIL;NEGERI;KB;0
6152;15;JAMBI;1509;150909;DATA SEKOLAH;UNIT;2023/2024 GANJIL;NEGERI;TPA;0
6153;15;JAMBI;1509;150909;DATA SEKOLAH;UNIT;2023/2024 GANJIL;NEGERI;SPS;0
6154;15;JAMBI;1509;150909;DATA SEKOLAH;UNIT;2023/2024 GANJIL;NEGERI;PKBM;0
6155;15;JAMBI;1509;150909;DATA SEKOLAH;UNIT;2023/2024 GANJIL;NEGERI;SKB;0
6156;15;JAMBI;1509;150909;DATA SEKOLAH;UNIT;2023/2024 GANJIL;NEGERI;SD;19
6157;15;JAMBI;1509;150909;DATA SEKOLAH;UNIT;2023/2024 GANJIL;NEGERI;SMP;4
6158;15;JAMBI;1509;150909;DATA SEKOLAH;UNIT;2023/2024 GANJIL;NEGERI;SMA;1
6159;15;JAMBI;1509;150909;DATA SEKOLAH;UNIT;2023/2024 GANJIL;NEGERI;SMK;1
6160;15;JAMBI;1509;150909;DATA SEKOLAH;UNIT;2023/2024 GANJIL;NEGERI;SLB;0
6161;15;JAMBI;1509;150906;DATA SEKOLAH;UNIT;2023/2024 GANJIL;NEGERI;TK;1
6162;15;JAMBI;1509;150906;DATA SEKOLAH;UNIT;2023/2024 GANJIL;NEGERI;KB;0
6163;15;JAMBI;1509;150906;DATA SEKOLAH;UNIT;2023/2024 GANJIL;NEGERI;TPA;0
6164;15;JAMBI;1509;150906;DATA SEKOLAH;UNIT;2023/2024 GANJIL;NEGERI;SPS;0
6165;15;JAMBI;1509;150906;DATA SEKOLAH;UNIT;2023/2024 GANJIL;NEGERI;PKBM;0
6166;15;JAMBI;1509;150906;DATA SEKOLAH;UNIT;2023/2024 GANJIL;NEGERI;SKB;0
6167;15;JAMBI;1509;150906;DATA SEKOLAH;UNIT;2023/2024 GANJIL;NEGERI;SD;16
6168;15;JAMBI;1509;150906;DATA SEKOLAH;UNIT;2023/2024 GANJIL;NEGERI;SMP;3
6169;15;JAMBI;1509;150906;DATA SEKOLAH;UNIT;2023/2024 GANJIL;NEGERI;SMA;1
6170;15;JAMBI;1509;150906;DATA SEKOLAH;UNIT;2023/2024 GANJIL;NEGERI;SMK;0
6171;15;JAMBI;1509;150906;DATA SEKOLAH;UNIT;2023/2024 GANJIL;NEGERI;SLB;0
6172;15;JAMBI;1509;150911;DATA SEKOLAH;UNIT;2023/2024 GANJIL;NEGERI;TK;1
6173;15;JAMBI;1509;150911;DATA SEKOLAH;UNIT;2023/2024 GANJIL;NEGERI;KB;0
6174;15;JAMBI;1509;150911;DATA SEKOLAH;UNIT;2023/2024 GANJIL;NEGERI;TPA;0
6175;15;JAMBI;1509;150911;DATA SEKOLAH;UNIT;2023/2024 GANJIL;NEGERI;SPS;0
6176;15;JAMBI;1509;150911;DATA SEKOLAH;UNIT;2023/2024 GANJIL;NEGERI;PKBM;0
6177;15;JAMBI;1509;150911;DATA SEKOLAH;UNIT;2023/2024 GANJIL;NEGERI;SKB;0
6178;15;JAMBI;1509;150911;DATA SEKOLAH;UNIT;2023/2024 GANJIL;NEGERI;SD;13
6179;15;JAMBI;1509;150911;DATA SEKOLAH;UNIT;2023/2024 GANJIL;NEGERI;SMP;6
6180;15;JAMBI;1509;150911;DATA SEKOLAH;UNIT;2023/2024 GANJIL;NEGERI;SMA;0
6181;15;JAMBI;1509;150911;DATA SEKOLAH;UNIT;2023/2024 GANJIL;NEGERI;SMK;1
6182;15;JAMBI;1509;150911;DATA SEKOLAH;UNIT;2023/2024 GANJIL;NEGERI;SLB;0
6183;15;JAMBI;1509;150912;DATA SEKOLAH;UNIT;2023/2024 GANJIL;SWASTA;TK;6
6184;15;JAMBI;1509;150912;DATA SEKOLAH;UNIT;2023/2024 GANJIL;SWASTA;KB;9
6185;15;JAMBI;1509;150912;DATA SEKOLAH;UNIT;2023/2024 GANJIL;SWASTA;TPA;0
6186;15;JAMBI;1509;150912;DATA SEKOLAH;UNIT;2023/2024 GANJIL;SWASTA;SPS;0
6187;15;JAMBI;1509;150912;DATA SEKOLAH;UNIT;2023/2024 GANJIL;SWASTA;PKBM;2
6188;15;JAMBI;1509;150912;DATA SEKOLAH;UNIT;2023/2024 GANJIL;SWASTA;SKB;0
6189;15;JAMBI;1509;150912;DATA SEKOLAH;UNIT;2023/2024 GANJIL;SWASTA;SD;0
6190;15;JAMBI;1509;150912;DATA SEKOLAH;UNIT;2023/2024 GANJIL;SWASTA;SMP;0
6191;15;JAMBI;1509;150912;DATA SEKOLAH;UNIT;2023/2024 GANJIL;SWASTA;SMA;0
6192;15;JAMBI;1509;150912;DATA SEKOLAH;UNIT;2023/2024 GANJIL;SWASTA;SMK;1
6193;15;JAMBI;1509;150912;DATA SEKOLAH;UNIT;2023/2024 GANJIL;SWASTA;SLB;0
6194;15;JAMBI;1509;150904;DATA SEKOLAH;UNIT;2023/2024 GANJIL;SWASTA;TK;20
6195;15;JAMBI;1509;150904;DATA SEKOLAH;UNIT;2023/2024 GANJIL;SWASTA;KB;18
6196;15;JAMBI;1509;150904;DATA SEKOLAH;UNIT;2023/2024 GANJIL;SWASTA;TPA;1
6197;15;JAMBI;1509;150904;DATA SEKOLAH;UNIT;2023/2024 GANJIL;SWASTA;SPS;7
6198;15;JAMBI;1509;150904;DATA SEKOLAH;UNIT;2023/2024 GANJIL;SWASTA;PKBM;1
6199;15;JAMBI;1509;150904;DATA SEKOLAH;UNIT;2023/2024 GANJIL;SWASTA;SKB;0
6200;15;JAMBI;1509;150904;DATA SEKOLAH;UNIT;2023/2024 GANJIL;SWASTA;SD;5
6201;15;JAMBI;1509;150904;DATA SEKOLAH;UNIT;2023/2024 GANJIL;SWASTA;SMP;7
6202;15;JAMBI;1509;150904;DATA SEKOLAH;UNIT;2023/2024 GANJIL;SWASTA;SMA;4
6203;15;JAMBI;1509;150904;DATA SEKOLAH;UNIT;2023/2024 GANJIL;SWASTA;SMK;6
6204;15;JAMBI;1509;150904;DATA SEKOLAH;UNIT;2023/2024 GANJIL;SWASTA;SLB;1
6205;15;JAMBI;1509;150908;DATA SEKOLAH;UNIT;2023/2024 GANJIL;SWASTA;TK;9
6206;15;JAMBI;1509;150908;DATA SEKOLAH;UNIT;2023/2024 GANJIL;SWASTA;KB;7
6207;15;JAMBI;1509;150908;DATA SEKOLAH;UNIT;2023/2024 GANJIL;SWASTA;TPA;0
6208;15;JAMBI;1509;150908;DATA SEKOLAH;UNIT;2023/2024 GANJIL;SWASTA;SPS;0
6209;15;JAMBI;1509;150908;DATA SEKOLAH;UNIT;2023/2024 GANJIL;SWASTA;PKBM;0
6210;15;JAMBI;1509;150908;DATA SEKOLAH;UNIT;2023/2024 GANJIL;SWASTA;SKB;0
6211;15;JAMBI;1509;150908;DATA SEKOLAH;UNIT;2023/2024 GANJIL;SWASTA;SD;0
6212;15;JAMBI;1509;150908;DATA SEKOLAH;UNIT;2023/2024 GANJIL;SWASTA;SMP;1
6213;15;JAMBI;1509;150908;DATA SEKOLAH;UNIT;2023/2024 GANJIL;SWASTA;SMA;0
6214;15;JAMBI;1509;150908;DATA SEKOLAH;UNIT;2023/2024 GANJIL;SWASTA;SMK;1
6215;15;JAMBI;1509;150908;DATA SEKOLAH;UNIT;2023/2024 GANJIL;SWASTA;SLB;0
6216;15;JAMBI;1509;150907;DATA SEKOLAH;UNIT;2023/2024 GANJIL;SWASTA;TK;26
6217;15;JAMBI;1509;150907;DATA SEKOLAH;UNIT;2023/2024 GANJIL;SWASTA;KB;1
6218;15;JAMBI;1509;150907;DATA SEKOLAH;UNIT;2023/2024 GANJIL;SWASTA;TPA;1
6219;15;JAMBI;1509;150907;DATA SEKOLAH;UNIT;2023/2024 GANJIL;SWASTA;SPS;0
6220;15;JAMBI;1509;150907;DATA SEKOLAH;UNIT;2023/2024 GANJIL;SWASTA;PKBM;1
6221;15;JAMBI;1509;150907;DATA SEKOLAH;UNIT;2023/2024 GANJIL;SWASTA;SKB;0
6222;15;JAMBI;1509;150907;DATA SEKOLAH;UNIT;2023/2024 GANJIL;SWASTA;SD;3
6223;15;JAMBI;1509;150907;DATA SEKOLAH;UNIT;2023/2024 GANJIL;SWASTA;SMP;2
6224;15;JAMBI;1509;150907;DATA SEKOLAH;UNIT;2023/2024 GANJIL;SWASTA;SMA;0
6225;15;JAMBI;1509;150907;DATA SEKOLAH;UNIT;2023/2024 GANJIL;SWASTA;SMK;1
6226;15;JAMBI;1509;150907;DATA SEKOLAH;UNIT;2023/2024 GANJIL;SWASTA;SLB;0
6227;15;JAMBI;1509;150910;DATA SEKOLAH;UNIT;2023/2024 GANJIL;SWASTA;TK;6
6228;15;JAMBI;1509;150910;DATA SEKOLAH;UNIT;2023/2024 GANJIL;SWASTA;KB;8
6229;15;JAMBI;1509;150910;DATA SEKOLAH;UNIT;2023/2024 GANJIL;SWASTA;TPA;0
6230;15;JAMBI;1509;150910;DATA SEKOLAH;UNIT;2023/2024 GANJIL;SWASTA;SPS;0
6231;15;JAMBI;1509;150910;DATA SEKOLAH;UNIT;2023/2024 GANJIL;SWASTA;PKBM;0
6232;15;JAMBI;1509;150910;DATA SEKOLAH;UNIT;2023/2024 GANJIL;SWASTA;SKB;0
6233;15;JAMBI;1509;150910;DATA SEKOLAH;UNIT;2023/2024 GANJIL;SWASTA;SD;0
6234;15;JAMBI;1509;150910;DATA SEKOLAH;UNIT;2023/2024 GANJIL;SWASTA;SMP;0
6235;15;JAMBI;1509;150910;DATA SEKOLAH;UNIT;2023/2024 GANJIL;SWASTA;SMA;0
6236;15;JAMBI;1509;150910;DATA SEKOLAH;UNIT;2023/2024 GANJIL;SWASTA;SMK;0
6237;15;JAMBI;1509;150910;DATA SEKOLAH;UNIT;2023/2024 GANJIL;SWASTA;SLB;0
6238;15;JAMBI;1509;150905;DATA SEKOLAH;UNIT;2023/2024 GANJIL;SWASTA;TK;5
6239;15;JAMBI;1509;150905;DATA SEKOLAH;UNIT;2023/2024 GANJIL;SWASTA;KB;13
6240;15;JAMBI;1509;150905;DATA SEKOLAH;UNIT;2023/2024 GANJIL;SWASTA;TPA;0
6241;15;JAMBI;1509;150905;DATA SEKOLAH;UNIT;2023/2024 GANJIL;SWASTA;SPS;1
6242;15;JAMBI;1509;150905;DATA SEKOLAH;UNIT;2023/2024 GANJIL;SWASTA;PKBM;1
6243;15;JAMBI;1509;150905;DATA SEKOLAH;UNIT;2023/2024 GANJIL;SWASTA;SKB;0
6244;15;JAMBI;1509;150905;DATA SEKOLAH;UNIT;2023/2024 GANJIL;SWASTA;SD;0
6245;15;JAMBI;1509;150905;DATA SEKOLAH;UNIT;2023/2024 GANJIL;SWASTA;SMP;0
6246;15;JAMBI;1509;150905;DATA SEKOLAH;UNIT;2023/2024 GANJIL;SWASTA;SMA;0
6247;15;JAMBI;1509;150905;DATA SEKOLAH;UNIT;2023/2024 GANJIL;SWASTA;SMK;0
6248;15;JAMBI;1509;150905;DATA SEKOLAH;UNIT;2023/2024 GANJIL;SWASTA;SLB;0
6249;15;JAMBI;1509;150902;DATA SEKOLAH;UNIT;2023/2024 GANJIL;SWASTA;TK;10
6250;15;JAMBI;1509;150902;DATA SEKOLAH;UNIT;2023/2024 GANJIL;SWASTA;KB;8
6251;15;JAMBI;1509;150902;DATA SEKOLAH;UNIT;2023/2024 GANJIL;SWASTA;TPA;0
6252;15;JAMBI;1509;150902;DATA SEKOLAH;UNIT;2023/2024 GANJIL;SWASTA;SPS;2
6253;15;JAMBI;1509;150902;DATA SEKOLAH;UNIT;2023/2024 GANJIL;SWASTA;PKBM;0
6254;15;JAMBI;1509;150902;DATA SEKOLAH;UNIT;2023/2024 GANJIL;SWASTA;SKB;0
6255;15;JAMBI;1509;150902;DATA SEKOLAH;UNIT;2023/2024 GANJIL;SWASTA;SD;0
6256;15;JAMBI;1509;150902;DATA SEKOLAH;UNIT;2023/2024 GANJIL;SWASTA;SMP;0
6257;15;JAMBI;1509;150902;DATA SEKOLAH;UNIT;2023/2024 GANJIL;SWASTA;SMA;0
6258;15;JAMBI;1509;150902;DATA SEKOLAH;UNIT;2023/2024 GANJIL;SWASTA;SMK;2
6259;15;JAMBI;1509;150902;DATA SEKOLAH;UNIT;2023/2024 GANJIL;SWASTA;SLB;0
6260;15;JAMBI;1509;150901;DATA SEKOLAH;UNIT;2023/2024 GANJIL;SWASTA;TK;15
6261;15;JAMBI;1509;150901;DATA SEKOLAH;UNIT;2023/2024 GANJIL;SWASTA;KB;15
6262;15;JAMBI;1509;150901;DATA SEKOLAH;UNIT;2023/2024 GANJIL;SWASTA;TPA;4
6263;15;JAMBI;1509;150901;DATA SEKOLAH;UNIT;2023/2024 GANJIL;SWASTA;SPS;0
6264;15;JAMBI;1509;150901;DATA SEKOLAH;UNIT;2023/2024 GANJIL;SWASTA;PKBM;2
6265;15;JAMBI;1509;150901;DATA SEKOLAH;UNIT;2023/2024 GANJIL;SWASTA;SKB;0
6266;15;JAMBI;1509;150901;DATA SEKOLAH;UNIT;2023/2024 GANJIL;SWASTA;SD;3
6267;15;JAMBI;1509;150901;DATA SEKOLAH;UNIT;2023/2024 GANJIL;SWASTA;SMP;2
6268;15;JAMBI;1509;150901;DATA SEKOLAH;UNIT;2023/2024 GANJIL;SWASTA;SMA;0
6269;15;JAMBI;1509;150901;DATA SEKOLAH;UNIT;2023/2024 GANJIL;SWASTA;SMK;2
6270;15;JAMBI;1509;150901;DATA SEKOLAH;UNIT;2023/2024 GANJIL;SWASTA;SLB;0
6271;15;JAMBI;1509;150903;DATA SEKOLAH;UNIT;2023/2024 GANJIL;SWASTA;TK;9
6272;15;JAMBI;1509;150903;DATA SEKOLAH;UNIT;2023/2024 GANJIL;SWASTA;KB;14
6273;15;JAMBI;1509;150903;DATA SEKOLAH;UNIT;2023/2024 GANJIL;SWASTA;TPA;0
6274;15;JAMBI;1509;150903;DATA SEKOLAH;UNIT;2023/2024 GANJIL;SWASTA;SPS;0
6275;15;JAMBI;1509;150903;DATA SEKOLAH;UNIT;2023/2024 GANJIL;SWASTA;PKBM;1
6276;15;JAMBI;1509;150903;DATA SEKOLAH;UNIT;2023/2024 GANJIL;SWASTA;SKB;0
6277;15;JAMBI;1509;150903;DATA SEKOLAH;UNIT;2023/2024 GANJIL;SWASTA;SD;0
6278;15;JAMBI;1509;150903;DATA SEKOLAH;UNIT;2023/2024 GANJIL;SWASTA;SMP;0
6279;15;JAMBI;1509;150903;DATA SEKOLAH;UNIT;2023/2024 GANJIL;SWASTA;SMA;0
6280;15;JAMBI;1509;150903;DATA SEKOLAH;UNIT;2023/2024 GANJIL;SWASTA;SMK;0
6281;15;JAMBI;1509;150903;DATA SEKOLAH;UNIT;2023/2024 GANJIL;SWASTA;SLB;0
6282;15;JAMBI;1509;150909;DATA SEKOLAH;UNIT;2023/2024 GANJIL;SWASTA;TK;10
6283;15;JAMBI;1509;150909;DATA SEKOLAH;UNIT;2023/2024 GANJIL;SWASTA;KB;14
6284;15;JAMBI;1509;150909;DATA SEKOLAH;UNIT;2023/2024 GANJIL;SWASTA;TPA;0
6285;15;JAMBI;1509;150909;DATA SEKOLAH;UNIT;2023/2024 GANJIL;SWASTA;SPS;1
6286;15;JAMBI;1509;150909;DATA SEKOLAH;UNIT;2023/2024 GANJIL;SWASTA;PKBM;1
6287;15;JAMBI;1509;150909;DATA SEKOLAH;UNIT;2023/2024 GANJIL;SWASTA;SKB;0
6288;15;JAMBI;1509;150909;DATA SEKOLAH;UNIT;2023/2024 GANJIL;SWASTA;SD;1
6289;15;JAMBI;1509;150909;DATA SEKOLAH;UNIT;2023/2024 GANJIL;SWASTA;SMP;0
6290;15;JAMBI;1509;150909;DATA SEKOLAH;UNIT;2023/2024 GANJIL;SWASTA;SMA;0
6291;15;JAMBI;1509;150909;DATA SEKOLAH;UNIT;2023/2024 GANJIL;SWASTA;SMK;0
6292;15;JAMBI;1509;150909;DATA SEKOLAH;UNIT;2023/2024 GANJIL;SWASTA;SLB;0
6293;15;JAMBI;1509;150906;DATA SEKOLAH;UNIT;2023/2024 GANJIL;SWASTA;TK;4
6294;15;JAMBI;1509;150906;DATA SEKOLAH;UNIT;2023/2024 GANJIL;SWASTA;KB;10
6295;15;JAMBI;1509;150906;DATA SEKOLAH;UNIT;2023/2024 GANJIL;SWASTA;TPA;0
6296;15;JAMBI;1509;150906;DATA SEKOLAH;UNIT;2023/2024 GANJIL;SWASTA;SPS;0
6297;15;JAMBI;1509;150906;DATA SEKOLAH;UNIT;2023/2024 GANJIL;SWASTA;PKBM;0
6298;15;JAMBI;1509;150906;DATA SEKOLAH;UNIT;2023/2024 GANJIL;SWASTA;SKB;0
6299;15;JAMBI;1509;150906;DATA SEKOLAH;UNIT;2023/2024 GANJIL;SWASTA;SD;1
6300;15;JAMBI;1509;150906;DATA SEKOLAH;UNIT;2023/2024 GANJIL;SWASTA;SMP;0
6301;15;JAMBI;1509;150906;DATA SEKOLAH;UNIT;2023/2024 GANJIL;SWASTA;SMA;0
6302;15;JAMBI;1509;150906;DATA SEKOLAH;UNIT;2023/2024 GANJIL;SWASTA;SMK;0
6303;15;JAMBI;1509;150906;DATA SEKOLAH;UNIT;2023/2024 GANJIL;SWASTA;SLB;0
6304;15;JAMBI;1509;150911;DATA SEKOLAH;UNIT;2023/2024 GANJIL;SWASTA;TK;16
6305;15;JAMBI;1509;150911;DATA SEKOLAH;UNIT;2023/2024 GANJIL;SWASTA;KB;6
6306;15;JAMBI;1509;150911;DATA SEKOLAH;UNIT;2023/2024 GANJIL;SWASTA;TPA;0
6307;15;JAMBI;1509;150911;DATA SEKOLAH;UNIT;2023/2024 GANJIL;SWASTA;SPS;0
6308;15;JAMBI;1509;150911;DATA SEKOLAH;UNIT;2023/2024 GANJIL;SWASTA;PKBM;0
6309;15;JAMBI;1509;150911;DATA SEKOLAH;UNIT;2023/2024 GANJIL;SWASTA;SKB;0
6310;15;JAMBI;1509;150911;DATA SEKOLAH;UNIT;2023/2024 GANJIL;SWASTA;SD;1
6311;15;JAMBI;1509;150911;DATA SEKOLAH;UNIT;2023/2024 GANJIL;SWASTA;SMP;0
6312;15;JAMBI;1509;150911;DATA SEKOLAH;UNIT;2023/2024 GANJIL;SWASTA;SMA;0
6313;15;JAMBI;1509;150911;DATA SEKOLAH;UNIT;2023/2024 GANJIL;SWASTA;SMK;1
6314;15;JAMBI;1509;150911;DATA SEKOLAH;UNIT;2023/2024 GANJIL;SWASTA;SLB;0
6315;15;JAMBI;1509;150911;DATA SEKOLAH;UNIT;2022/2023 GENAP;SWASTA;SLB;0
6316;15;JAMBI;1501;150105;DATA SEKOLAH;UNIT;2022/2023 GANJIL;NEGERI;TK;2
6317;15;JAMBI;1501;150105;DATA SEKOLAH;UNIT;2022/2023 GANJIL;NEGERI;KB;0
6318;15;JAMBI;1501;150105;DATA SEKOLAH;UNIT;2022/2023 GANJIL;NEGERI;TPA;0
6319;15;JAMBI;1501;150105;DATA SEKOLAH;UNIT;2022/2023 GANJIL;NEGERI;SPS;0
6320;15;JAMBI;1501;150105;DATA SEKOLAH;UNIT;2022/2023 GANJIL;NEGERI;PKBM;0
6321;15;JAMBI;1501;150105;DATA SEKOLAH;UNIT;2022/2023 GANJIL;NEGERI;SKB;1
6322;15;JAMBI;1501;150105;DATA SEKOLAH;UNIT;2022/2023 GANJIL;NEGERI;SD;10
6323;15;JAMBI;1501;150105;DATA SEKOLAH;UNIT;2022/2023 GANJIL;NEGERI;SMP;1
6324;15;JAMBI;1501;150105;DATA SEKOLAH;UNIT;2022/2023 GANJIL;NEGERI;SMA;0
6325;15;JAMBI;1501;150105;DATA SEKOLAH;UNIT;2022/2023 GANJIL;NEGERI;SMK;0
6326;15;JAMBI;1501;150105;DATA SEKOLAH;UNIT;2022/2023 GANJIL;NEGERI;SLB;0
6327;15;JAMBI;1501;150121;DATA SEKOLAH;UNIT;2022/2023 GANJIL;NEGERI;TK;1
6328;15;JAMBI;1501;150121;DATA SEKOLAH;UNIT;2022/2023 GANJIL;NEGERI;KB;0
6329;15;JAMBI;1501;150121;DATA SEKOLAH;UNIT;2022/2023 GANJIL;NEGERI;TPA;0
6330;15;JAMBI;1501;150121;DATA SEKOLAH;UNIT;2022/2023 GANJIL;NEGERI;SPS;0
6331;15;JAMBI;1501;150121;DATA SEKOLAH;UNIT;2022/2023 GANJIL;NEGERI;PKBM;0
6332;15;JAMBI;1501;150121;DATA SEKOLAH;UNIT;2022/2023 GANJIL;NEGERI;SKB;0
6333;15;JAMBI;1501;150121;DATA SEKOLAH;UNIT;2022/2023 GANJIL;NEGERI;SD;9
6334;15;JAMBI;1501;150121;DATA SEKOLAH;UNIT;2022/2023 GANJIL;NEGERI;SMP;1
6335;15;JAMBI;1501;150121;DATA SEKOLAH;UNIT;2022/2023 GANJIL;NEGERI;SMA;1
6336;15;JAMBI;1501;150121;DATA SEKOLAH;UNIT;2022/2023 GANJIL;NEGERI;SMK;0
6337;15;JAMBI;1501;150121;DATA SEKOLAH;UNIT;2022/2023 GANJIL;NEGERI;SLB;0
6338;15;JAMBI;1501;150111;DATA SEKOLAH;UNIT;2022/2023 GANJIL;NEGERI;TK;1
6339;15;JAMBI;1501;150111;DATA SEKOLAH;UNIT;2022/2023 GANJIL;NEGERI;KB;0
6340;15;JAMBI;1501;150111;DATA SEKOLAH;UNIT;2022/2023 GANJIL;NEGERI;TPA;0
6341;15;JAMBI;1501;150111;DATA SEKOLAH;UNIT;2022/2023 GANJIL;NEGERI;SPS;0
6342;15;JAMBI;1501;150111;DATA SEKOLAH;UNIT;2022/2023 GANJIL;NEGERI;PKBM;0
6343;15;JAMBI;1501;150111;DATA SEKOLAH;UNIT;2022/2023 GANJIL;NEGERI;SKB;0
6344;15;JAMBI;1501;150111;DATA SEKOLAH;UNIT;2022/2023 GANJIL;NEGERI;SD;16
6345;15;JAMBI;1501;150111;DATA SEKOLAH;UNIT;2022/2023 GANJIL;NEGERI;SMP;4
6346;15;JAMBI;1501;150111;DATA SEKOLAH;UNIT;2022/2023 GANJIL;NEGERI;SMA;1
6347;15;JAMBI;1501;150111;DATA SEKOLAH;UNIT;2022/2023 GANJIL;NEGERI;SMK;0
6348;15;JAMBI;1501;150111;DATA SEKOLAH;UNIT;2022/2023 GANJIL;NEGERI;SLB;0
6349;15;JAMBI;1503;150307;DATA SEKOLAH;UNIT;2022/2023 GANJIL;NEGERI;TK;0
6350;15;JAMBI;1503;150307;DATA SEKOLAH;UNIT;2022/2023 GANJIL;NEGERI;KB;0
6351;15;JAMBI;1503;150307;DATA SEKOLAH;UNIT;2022/2023 GANJIL;NEGERI;TPA;0
6352;15;JAMBI;1503;150307;DATA SEKOLAH;UNIT;2022/2023 GANJIL;NEGERI;SPS;0
6353;15;JAMBI;1503;150307;DATA SEKOLAH;UNIT;2022/2023 GANJIL;NEGERI;PKBM;0
6354;15;JAMBI;1503;150307;DATA SEKOLAH;UNIT;2022/2023 GANJIL;NEGERI;SKB;0
6355;15;JAMBI;1503;150307;DATA SEKOLAH;UNIT;2022/2023 GANJIL;NEGERI;SD;13
6356;15;JAMBI;1503;150307;DATA SEKOLAH;UNIT;2022/2023 GANJIL;NEGERI;SMP;5
6357;15;JAMBI;1503;150307;DATA SEKOLAH;UNIT;2022/2023 GANJIL;NEGERI;SMA;1
6358;15;JAMBI;1503;150307;DATA SEKOLAH;UNIT;2022/2023 GANJIL;NEGERI;SMK;2
6359;15;JAMBI;1503;150307;DATA SEKOLAH;UNIT;2022/2023 GANJIL;NEGERI;SLB;0
6360;15;JAMBI;1571;157109;DATA SEKOLAH;UNIT;2022/2023 GANJIL;NEGERI;TK;0
6361;15;JAMBI;1571;157109;DATA SEKOLAH;UNIT;2022/2023 GANJIL;NEGERI;KB;0
6362;15;JAMBI;1571;157109;DATA SEKOLAH;UNIT;2022/2023 GANJIL;NEGERI;TPA;0
6363;15;JAMBI;1571;157109;DATA SEKOLAH;UNIT;2022/2023 GANJIL;NEGERI;SPS;0
6364;15;JAMBI;1571;157109;DATA SEKOLAH;UNIT;2022/2023 GANJIL;NEGERI;PKBM;0
6365;15;JAMBI;1571;157109;DATA SEKOLAH;UNIT;2022/2023 GANJIL;NEGERI;SKB;0
6366;15;JAMBI;1571;157109;DATA SEKOLAH;UNIT;2022/2023 GANJIL;NEGERI;SD;16
6367;15;JAMBI;1571;157109;DATA SEKOLAH;UNIT;2022/2023 GANJIL;NEGERI;SMP;2
6368;15;JAMBI;1571;157109;DATA SEKOLAH;UNIT;2022/2023 GANJIL;NEGERI;SMA;3
6369;15;JAMBI;1571;157109;DATA SEKOLAH;UNIT;2022/2023 GANJIL;NEGERI;SMK;1
6370;15;JAMBI;1571;157109;DATA SEKOLAH;UNIT;2022/2023 GANJIL;NEGERI;SLB;0
6371;15;JAMBI;1505;150510;DATA SEKOLAH;UNIT;2022/2023 GANJIL;NEGERI;TK;1
6372;15;JAMBI;1505;150510;DATA SEKOLAH;UNIT;2022/2023 GANJIL;NEGERI;KB;0
6373;15;JAMBI;1505;150510;DATA SEKOLAH;UNIT;2022/2023 GANJIL;NEGERI;TPA;0
6374;15;JAMBI;1505;150510;DATA SEKOLAH;UNIT;2022/2023 GANJIL;NEGERI;SPS;0
6375;15;JAMBI;1505;150510;DATA SEKOLAH;UNIT;2022/2023 GANJIL;NEGERI;PKBM;0
6376;15;JAMBI;1505;150510;DATA SEKOLAH;UNIT;2022/2023 GANJIL;NEGERI;SKB;0
6377;15;JAMBI;1505;150510;DATA SEKOLAH;UNIT;2022/2023 GANJIL;NEGERI;SD;15
6378;15;JAMBI;1505;150510;DATA SEKOLAH;UNIT;2022/2023 GANJIL;NEGERI;SMP;5
6379;15;JAMBI;1505;150510;DATA SEKOLAH;UNIT;2022/2023 GANJIL;NEGERI;SMA;1
6380;15;JAMBI;1505;150510;DATA SEKOLAH;UNIT;2022/2023 GANJIL;NEGERI;SMK;0
6381;15;JAMBI;1505;150510;DATA SEKOLAH;UNIT;2022/2023 GANJIL;NEGERI;SLB;0
6382;15;JAMBI;1505;150509;DATA SEKOLAH;UNIT;2022/2023 GANJIL;NEGERI;TK;1
6383;15;JAMBI;1505;150509;DATA SEKOLAH;UNIT;2022/2023 GANJIL;NEGERI;KB;0
6384;15;JAMBI;1505;150509;DATA SEKOLAH;UNIT;2022/2023 GANJIL;NEGERI;TPA;0
6385;15;JAMBI;1505;150509;DATA SEKOLAH;UNIT;2022/2023 GANJIL;NEGERI;SPS;0
6386;15;JAMBI;1505;150509;DATA SEKOLAH;UNIT;2022/2023 GANJIL;NEGERI;PKBM;0
6387;15;JAMBI;1505;150509;DATA SEKOLAH;UNIT;2022/2023 GANJIL;NEGERI;SKB;0
6388;15;JAMBI;1505;150509;DATA SEKOLAH;UNIT;2022/2023 GANJIL;NEGERI;SD;11
6389;15;JAMBI;1505;150509;DATA SEKOLAH;UNIT;2022/2023 GANJIL;NEGERI;SMP;4
6390;15;JAMBI;1505;150509;DATA SEKOLAH;UNIT;2022/2023 GANJIL;NEGERI;SMA;1
6391;15;JAMBI;1505;150509;DATA SEKOLAH;UNIT;2022/2023 GANJIL;NEGERI;SMK;1
6392;15;JAMBI;1505;150509;DATA SEKOLAH;UNIT;2022/2023 GANJIL;NEGERI;SLB;0
6393;15;JAMBI;1504;150407;DATA SEKOLAH;UNIT;2022/2023 GANJIL;NEGERI;TK;1
6394;15;JAMBI;1504;150407;DATA SEKOLAH;UNIT;2022/2023 GANJIL;NEGERI;KB;0
6395;15;JAMBI;1504;150407;DATA SEKOLAH;UNIT;2022/2023 GANJIL;NEGERI;TPA;0
6396;15;JAMBI;1504;150407;DATA SEKOLAH;UNIT;2022/2023 GANJIL;NEGERI;SPS;0
6397;15;JAMBI;1504;150407;DATA SEKOLAH;UNIT;2022/2023 GANJIL;NEGERI;PKBM;0
6398;15;JAMBI;1504;150407;DATA SEKOLAH;UNIT;2022/2023 GANJIL;NEGERI;SKB;0
6399;15;JAMBI;1504;150407;DATA SEKOLAH;UNIT;2022/2023 GANJIL;NEGERI;SD;28
6400;15;JAMBI;1504;150407;DATA SEKOLAH;UNIT;2022/2023 GANJIL;NEGERI;SMP;7
6401;15;JAMBI;1504;150407;DATA SEKOLAH;UNIT;2022/2023 GANJIL;NEGERI;SMA;1
6402;15;JAMBI;1504;150407;DATA SEKOLAH;UNIT;2022/2023 GANJIL;NEGERI;SMK;1
6403;15;JAMBI;1504;150407;DATA SEKOLAH;UNIT;2022/2023 GANJIL;NEGERI;SLB;0
6404;15;JAMBI;1502;150202;DATA SEKOLAH;UNIT;2022/2023 GANJIL;NEGERI;TK;2
6405;15;JAMBI;1502;150202;DATA SEKOLAH;UNIT;2022/2023 GANJIL;NEGERI;KB;0
6406;15;JAMBI;1502;150202;DATA SEKOLAH;UNIT;2022/2023 GANJIL;NEGERI;TPA;0
6407;15;JAMBI;1502;150202;DATA SEKOLAH;UNIT;2022/2023 GANJIL;NEGERI;SPS;0
6408;15;JAMBI;1502;150202;DATA SEKOLAH;UNIT;2022/2023 GANJIL;NEGERI;PKBM;0
6409;15;JAMBI;1502;150202;DATA SEKOLAH;UNIT;2022/2023 GANJIL;NEGERI;SKB;0
6410;15;JAMBI;1502;150202;DATA SEKOLAH;UNIT;2022/2023 GANJIL;NEGERI;SD;23
6411;15;JAMBI;1502;150202;DATA SEKOLAH;UNIT;2022/2023 GANJIL;NEGERI;SMP;5
6412;15;JAMBI;1502;150202;DATA SEKOLAH;UNIT;2022/2023 GANJIL;NEGERI;SMA;3
6413;15;JAMBI;1502;150202;DATA SEKOLAH;UNIT;2022/2023 GANJIL;NEGERI;SMK;1
6414;15;JAMBI;1502;150202;DATA SEKOLAH;UNIT;2022/2023 GANJIL;NEGERI;SLB;1
6415;15;JAMBI;1502;150210;DATA SEKOLAH;UNIT;2022/2023 GANJIL;NEGERI;TK;0
6416;15;JAMBI;1502;150210;DATA SEKOLAH;UNIT;2022/2023 GANJIL;NEGERI;KB;0
6417;15;JAMBI;1502;150210;DATA SEKOLAH;UNIT;2022/2023 GANJIL;NEGERI;TPA;0
6418;15;JAMBI;1502;150210;DATA SEKOLAH;UNIT;2022/2023 GANJIL;NEGERI;SPS;0
6419;15;JAMBI;1502;150210;DATA SEKOLAH;UNIT;2022/2023 GANJIL;NEGERI;PKBM;0
6420;15;JAMBI;1502;150210;DATA SEKOLAH;UNIT;2022/2023 GANJIL;NEGERI;SKB;0
6421;15;JAMBI;1502;150210;DATA SEKOLAH;UNIT;2022/2023 GANJIL;NEGERI;SD;11
6422;15;JAMBI;1502;150210;DATA SEKOLAH;UNIT;2022/2023 GANJIL;NEGERI;SMP;2
6423;15;JAMBI;1502;150210;DATA SEKOLAH;UNIT;2022/2023 GANJIL;NEGERI;SMA;0
6424;15;JAMBI;1502;150210;DATA SEKOLAH;UNIT;2022/2023 GANJIL;NEGERI;SMK;0
6425;15;JAMBI;1502;150210;DATA SEKOLAH;UNIT;2022/2023 GANJIL;NEGERI;SLB;0
6426;15;JAMBI;1503;150301;DATA SEKOLAH;UNIT;2022/2023 GANJIL;NEGERI;TK;0
6427;15;JAMBI;1503;150301;DATA SEKOLAH;UNIT;2022/2023 GANJIL;NEGERI;KB;0
6428;15;JAMBI;1503;150301;DATA SEKOLAH;UNIT;2022/2023 GANJIL;NEGERI;TPA;0
6429;15;JAMBI;1503;150301;DATA SEKOLAH;UNIT;2022/2023 GANJIL;NEGERI;SPS;0
6430;15;JAMBI;1503;150301;DATA SEKOLAH;UNIT;2022/2023 GANJIL;NEGERI;PKBM;0
6431;15;JAMBI;1503;150301;DATA SEKOLAH;UNIT;2022/2023 GANJIL;NEGERI;SKB;0
6432;15;JAMBI;1503;150301;DATA SEKOLAH;UNIT;2022/2023 GANJIL;NEGERI;SD;34
6433;15;JAMBI;1503;150301;DATA SEKOLAH;UNIT;2022/2023 GANJIL;NEGERI;SMP;8
6434;15;JAMBI;1503;150301;DATA SEKOLAH;UNIT;2022/2023 GANJIL;NEGERI;SMA;1
6435;15;JAMBI;1503;150301;DATA SEKOLAH;UNIT;2022/2023 GANJIL;NEGERI;SMK;2
6436;15;JAMBI;1503;150301;DATA SEKOLAH;UNIT;2022/2023 GANJIL;NEGERI;SLB;0
6437;15;JAMBI;1506;150607;DATA SEKOLAH;UNIT;2022/2023 GANJIL;NEGERI;TK;1
6438;15;JAMBI;1506;150607;DATA SEKOLAH;UNIT;2022/2023 GANJIL;NEGERI;KB;0
6439;15;JAMBI;1506;150607;DATA SEKOLAH;UNIT;2022/2023 GANJIL;NEGERI;TPA;0
6440;15;JAMBI;1506;150607;DATA SEKOLAH;UNIT;2022/2023 GANJIL;NEGERI;SPS;0
6441;15;JAMBI;1506;150607;DATA SEKOLAH;UNIT;2022/2023 GANJIL;NEGERI;PKBM;0
6442;15;JAMBI;1506;150607;DATA SEKOLAH;UNIT;2022/2023 GANJIL;NEGERI;SKB;0
6443;15;JAMBI;1506;150607;DATA SEKOLAH;UNIT;2022/2023 GANJIL;NEGERI;SD;13
6444;15;JAMBI;1506;150607;DATA SEKOLAH;UNIT;2022/2023 GANJIL;NEGERI;SMP;6
6445;15;JAMBI;1506;150607;DATA SEKOLAH;UNIT;2022/2023 GANJIL;NEGERI;SMA;1
6446;15;JAMBI;1506;150607;DATA SEKOLAH;UNIT;2022/2023 GANJIL;NEGERI;SMK;1
6447;15;JAMBI;1506;150607;DATA SEKOLAH;UNIT;2022/2023 GANJIL;NEGERI;SLB;0
6448;15;JAMBI;1502;150212;DATA SEKOLAH;UNIT;2022/2023 GANJIL;NEGERI;TK;0
6449;15;JAMBI;1502;150212;DATA SEKOLAH;UNIT;2022/2023 GANJIL;NEGERI;KB;0
6450;15;JAMBI;1502;150212;DATA SEKOLAH;UNIT;2022/2023 GANJIL;NEGERI;TPA;0
6451;15;JAMBI;1502;150212;DATA SEKOLAH;UNIT;2022/2023 GANJIL;NEGERI;SPS;0
6452;15;JAMBI;1502;150212;DATA SEKOLAH;UNIT;2022/2023 GANJIL;NEGERI;PKBM;0
6453;15;JAMBI;1502;150212;DATA SEKOLAH;UNIT;2022/2023 GANJIL;NEGERI;SKB;0
6454;15;JAMBI;1502;150212;DATA SEKOLAH;UNIT;2022/2023 GANJIL;NEGERI;SD;13
6455;15;JAMBI;1502;150212;DATA SEKOLAH;UNIT;2022/2023 GANJIL;NEGERI;SMP;2
6456;15;JAMBI;1502;150212;DATA SEKOLAH;UNIT;2022/2023 GANJIL;NEGERI;SMA;1
6457;15;JAMBI;1502;150212;DATA SEKOLAH;UNIT;2022/2023 GANJIL;NEGERI;SMK;1
6458;15;JAMBI;1502;150212;DATA SEKOLAH;UNIT;2022/2023 GANJIL;NEGERI;SLB;0
6459;15;JAMBI;1501;150107;DATA SEKOLAH;UNIT;2022/2023 GANJIL;NEGERI;TK;1
6460;15;JAMBI;1501;150107;DATA SEKOLAH;UNIT;2022/2023 GANJIL;NEGERI;KB;1
6461;15;JAMBI;1501;150107;DATA SEKOLAH;UNIT;2022/2023 GANJIL;NEGERI;TPA;0
6462;15;JAMBI;1501;150107;DATA SEKOLAH;UNIT;2022/2023 GANJIL;NEGERI;SPS;0
6463;15;JAMBI;1501;150107;DATA SEKOLAH;UNIT;2022/2023 GANJIL;NEGERI;PKBM;0
6464;15;JAMBI;1501;150107;DATA SEKOLAH;UNIT;2022/2023 GANJIL;NEGERI;SKB;0
6465;15;JAMBI;1501;150107;DATA SEKOLAH;UNIT;2022/2023 GANJIL;NEGERI;SD;13
6466;15;JAMBI;1501;150107;DATA SEKOLAH;UNIT;2022/2023 GANJIL;NEGERI;SMP;5
6467;15;JAMBI;1501;150107;DATA SEKOLAH;UNIT;2022/2023 GANJIL;NEGERI;SMA;2
6468;15;JAMBI;1501;150107;DATA SEKOLAH;UNIT;2022/2023 GANJIL;NEGERI;SMK;0
6469;15;JAMBI;1501;150107;DATA SEKOLAH;UNIT;2022/2023 GANJIL;NEGERI;SLB;0
6470;15;JAMBI;1508;150815;DATA SEKOLAH;UNIT;2022/2023 GANJIL;NEGERI;TK;0
6471;15;JAMBI;1508;150815;DATA SEKOLAH;UNIT;2022/2023 GANJIL;NEGERI;KB;0
6472;15;JAMBI;1508;150815;DATA SEKOLAH;UNIT;2022/2023 GANJIL;NEGERI;TPA;0
6473;15;JAMBI;1508;150815;DATA SEKOLAH;UNIT;2022/2023 GANJIL;NEGERI;SPS;0
6474;15;JAMBI;1508;150815;DATA SEKOLAH;UNIT;2022/2023 GANJIL;NEGERI;PKBM;0
6475;15;JAMBI;1508;150815;DATA SEKOLAH;UNIT;2022/2023 GANJIL;NEGERI;SKB;0
6476;15;JAMBI;1508;150815;DATA SEKOLAH;UNIT;2022/2023 GANJIL;NEGERI;SD;8
6477;15;JAMBI;1508;150815;DATA SEKOLAH;UNIT;2022/2023 GANJIL;NEGERI;SMP;2
6478;15;JAMBI;1508;150815;DATA SEKOLAH;UNIT;2022/2023 GANJIL;NEGERI;SMA;1
6479;15;JAMBI;1508;150815;DATA SEKOLAH;UNIT;2022/2023 GANJIL;NEGERI;SMK;0
6480;15;JAMBI;1508;150815;DATA SEKOLAH;UNIT;2022/2023 GANJIL;NEGERI;SLB;0
6481;15;JAMBI;1508;150811;DATA SEKOLAH;UNIT;2022/2023 GANJIL;NEGERI;TK;0
6482;15;JAMBI;1508;150811;DATA SEKOLAH;UNIT;2022/2023 GANJIL;NEGERI;KB;0
6483;15;JAMBI;1508;150811;DATA SEKOLAH;UNIT;2022/2023 GANJIL;NEGERI;TPA;0
6484;15;JAMBI;1508;150811;DATA SEKOLAH;UNIT;2022/2023 GANJIL;NEGERI;SPS;0
6485;15;JAMBI;1508;150811;DATA SEKOLAH;UNIT;2022/2023 GANJIL;NEGERI;PKBM;0
6486;15;JAMBI;1508;150811;DATA SEKOLAH;UNIT;2022/2023 GANJIL;NEGERI;SKB;1
6487;15;JAMBI;1508;150811;DATA SEKOLAH;UNIT;2022/2023 GANJIL;NEGERI;SD;9
6488;15;JAMBI;1508;150811;DATA SEKOLAH;UNIT;2022/2023 GANJIL;NEGERI;SMP;2
6489;15;JAMBI;1508;150811;DATA SEKOLAH;UNIT;2022/2023 GANJIL;NEGERI;SMA;1
6490;15;JAMBI;1508;150811;DATA SEKOLAH;UNIT;2022/2023 GANJIL;NEGERI;SMK;1
6491;15;JAMBI;1508;150811;DATA SEKOLAH;UNIT;2022/2023 GANJIL;NEGERI;SLB;0
6492;15;JAMBI;1508;150814;DATA SEKOLAH;UNIT;2022/2023 GANJIL;NEGERI;TK;0
6493;15;JAMBI;1508;150814;DATA SEKOLAH;UNIT;2022/2023 GANJIL;NEGERI;KB;0
6494;15;JAMBI;1508;150814;DATA SEKOLAH;UNIT;2022/2023 GANJIL;NEGERI;TPA;0
6495;15;JAMBI;1508;150814;DATA SEKOLAH;UNIT;2022/2023 GANJIL;NEGERI;SPS;0
6496;15;JAMBI;1508;150814;DATA SEKOLAH;UNIT;2022/2023 GANJIL;NEGERI;PKBM;0
6497;15;JAMBI;1508;150814;DATA SEKOLAH;UNIT;2022/2023 GANJIL;NEGERI;SKB;0
6498;15;JAMBI;1508;150814;DATA SEKOLAH;UNIT;2022/2023 GANJIL;NEGERI;SD;17
6499;15;JAMBI;1508;150814;DATA SEKOLAH;UNIT;2022/2023 GANJIL;NEGERI;SMP;2
6500;15;JAMBI;1508;150814;DATA SEKOLAH;UNIT;2022/2023 GANJIL;NEGERI;SMA;0
6501;15;JAMBI;1508;150814;DATA SEKOLAH;UNIT;2022/2023 GANJIL;NEGERI;SMK;1
6502;15;JAMBI;1508;150814;DATA SEKOLAH;UNIT;2022/2023 GANJIL;NEGERI;SLB;0
6503;15;JAMBI;1503;150308;DATA SEKOLAH;UNIT;2022/2023 GANJIL;NEGERI;TK;1
6504;15;JAMBI;1503;150308;DATA SEKOLAH;UNIT;2022/2023 GANJIL;NEGERI;KB;0
6505;15;JAMBI;1503;150308;DATA SEKOLAH;UNIT;2022/2023 GANJIL;NEGERI;TPA;0
6506;15;JAMBI;1503;150308;DATA SEKOLAH;UNIT;2022/2023 GANJIL;NEGERI;SPS;0
6507;15;JAMBI;1503;150308;DATA SEKOLAH;UNIT;2022/2023 GANJIL;NEGERI;PKBM;0
6508;15;JAMBI;1503;150308;DATA SEKOLAH;UNIT;2022/2023 GANJIL;NEGERI;SKB;0
6509;15;JAMBI;1503;150308;DATA SEKOLAH;UNIT;2022/2023 GANJIL;NEGERI;SD;21
6510;15;JAMBI;1503;150308;DATA SEKOLAH;UNIT;2022/2023 GANJIL;NEGERI;SMP;4
6511;15;JAMBI;1503;150308;DATA SEKOLAH;UNIT;2022/2023 GANJIL;NEGERI;SMA;1
6512;15;JAMBI;1503;150308;DATA SEKOLAH;UNIT;2022/2023 GANJIL;NEGERI;SMK;0
6513;15;JAMBI;1503;150308;DATA SEKOLAH;UNIT;2022/2023 GANJIL;NEGERI;SLB;0
6514;15;JAMBI;1508;150810;DATA SEKOLAH;UNIT;2022/2023 GANJIL;NEGERI;TK;0
6515;15;JAMBI;1508;150810;DATA SEKOLAH;UNIT;2022/2023 GANJIL;NEGERI;KB;1
6516;15;JAMBI;1508;150810;DATA SEKOLAH;UNIT;2022/2023 GANJIL;NEGERI;TPA;0
6517;15;JAMBI;1508;150810;DATA SEKOLAH;UNIT;2022/2023 GANJIL;NEGERI;SPS;0
6518;15;JAMBI;1508;150810;DATA SEKOLAH;UNIT;2022/2023 GANJIL;NEGERI;PKBM;0
6519;15;JAMBI;1508;150810;DATA SEKOLAH;UNIT;2022/2023 GANJIL;NEGERI;SKB;0
6520;15;JAMBI;1508;150810;DATA SEKOLAH;UNIT;2022/2023 GANJIL;NEGERI;SD;7
6521;15;JAMBI;1508;150810;DATA SEKOLAH;UNIT;2022/2023 GANJIL;NEGERI;SMP;2
6522;15;JAMBI;1508;150810;DATA SEKOLAH;UNIT;2022/2023 GANJIL;NEGERI;SMA;0
6523;15;JAMBI;1508;150810;DATA SEKOLAH;UNIT;2022/2023 GANJIL;NEGERI;SMK;1
6524;15;JAMBI;1508;150810;DATA SEKOLAH;UNIT;2022/2023 GANJIL;NEGERI;SLB;0
6525;15;JAMBI;1504;150404;DATA SEKOLAH;UNIT;2022/2023 GANJIL;NEGERI;TK;1
6526;15;JAMBI;1504;150404;DATA SEKOLAH;UNIT;2022/2023 GANJIL;NEGERI;KB;0
6527;15;JAMBI;1504;150404;DATA SEKOLAH;UNIT;2022/2023 GANJIL;NEGERI;TPA;0
6528;15;JAMBI;1504;150404;DATA SEKOLAH;UNIT;2022/2023 GANJIL;NEGERI;SPS;0
6529;15;JAMBI;1504;150404;DATA SEKOLAH;UNIT;2022/2023 GANJIL;NEGERI;PKBM;0
6530;15;JAMBI;1504;150404;DATA SEKOLAH;UNIT;2022/2023 GANJIL;NEGERI;SKB;0
6531;15;JAMBI;1504;150404;DATA SEKOLAH;UNIT;2022/2023 GANJIL;NEGERI;SD;31
6532;15;JAMBI;1504;150404;DATA SEKOLAH;UNIT;2022/2023 GANJIL;NEGERI;SMP;8
6533;15;JAMBI;1504;150404;DATA SEKOLAH;UNIT;2022/2023 GANJIL;NEGERI;SMA;2
6534;15;JAMBI;1504;150404;DATA SEKOLAH;UNIT;2022/2023 GANJIL;NEGERI;SMK;1
6535;15;JAMBI;1504;150404;DATA SEKOLAH;UNIT;2022/2023 GANJIL;NEGERI;SLB;0
6536;15;JAMBI;1507;150711;DATA SEKOLAH;UNIT;2022/2023 GANJIL;NEGERI;TK;2
6537;15;JAMBI;1507;150711;DATA SEKOLAH;UNIT;2022/2023 GANJIL;NEGERI;KB;0
6538;15;JAMBI;1507;150711;DATA SEKOLAH;UNIT;2022/2023 GANJIL;NEGERI;TPA;0
6539;15;JAMBI;1507;150711;DATA SEKOLAH;UNIT;2022/2023 GANJIL;NEGERI;SPS;0
6540;15;JAMBI;1507;150711;DATA SEKOLAH;UNIT;2022/2023 GANJIL;NEGERI;PKBM;0
6541;15;JAMBI;1507;150711;DATA SEKOLAH;UNIT;2022/2023 GANJIL;NEGERI;SKB;0
6542;15;JAMBI;1507;150711;DATA SEKOLAH;UNIT;2022/2023 GANJIL;NEGERI;SD;11
6543;15;JAMBI;1507;150711;DATA SEKOLAH;UNIT;2022/2023 GANJIL;NEGERI;SMP;4
6544;15;JAMBI;1507;150711;DATA SEKOLAH;UNIT;2022/2023 GANJIL;NEGERI;SMA;0
6545;15;JAMBI;1507;150711;DATA SEKOLAH;UNIT;2022/2023 GANJIL;NEGERI;SMK;1
6546;15;JAMBI;1507;150711;DATA SEKOLAH;UNIT;2022/2023 GANJIL;NEGERI;SLB;0
6547;15;JAMBI;1506;150604;DATA SEKOLAH;UNIT;2022/2023 GANJIL;NEGERI;TK;0
6548;15;JAMBI;1506;150604;DATA SEKOLAH;UNIT;2022/2023 GANJIL;NEGERI;KB;0
6549;15;JAMBI;1506;150604;DATA SEKOLAH;UNIT;2022/2023 GANJIL;NEGERI;TPA;0
6550;15;JAMBI;1506;150604;DATA SEKOLAH;UNIT;2022/2023 GANJIL;NEGERI;SPS;0
6551;15;JAMBI;1506;150604;DATA SEKOLAH;UNIT;2022/2023 GANJIL;NEGERI;PKBM;0
6552;15;JAMBI;1506;150604;DATA SEKOLAH;UNIT;2022/2023 GANJIL;NEGERI;SKB;0
6553;15;JAMBI;1506;150604;DATA SEKOLAH;UNIT;2022/2023 GANJIL;NEGERI;SD;20
6554;15;JAMBI;1506;150604;DATA SEKOLAH;UNIT;2022/2023 GANJIL;NEGERI;SMP;5
6555;15;JAMBI;1506;150604;DATA SEKOLAH;UNIT;2022/2023 GANJIL;NEGERI;SMA;1
6556;15;JAMBI;1506;150604;DATA SEKOLAH;UNIT;2022/2023 GANJIL;NEGERI;SMK;1
6557;15;JAMBI;1506;150604;DATA SEKOLAH;UNIT;2022/2023 GANJIL;NEGERI;SLB;0
6558;15;JAMBI;1506;150611;DATA SEKOLAH;UNIT;2022/2023 GANJIL;NEGERI;TK;0
6559;15;JAMBI;1506;150611;DATA SEKOLAH;UNIT;2022/2023 GANJIL;NEGERI;KB;0
6560;15;JAMBI;1506;150611;DATA SEKOLAH;UNIT;2022/2023 GANJIL;NEGERI;TPA;0
6561;15;JAMBI;1506;150611;DATA SEKOLAH;UNIT;2022/2023 GANJIL;NEGERI;SPS;0
6562;15;JAMBI;1506;150611;DATA SEKOLAH;UNIT;2022/2023 GANJIL;NEGERI;PKBM;0
6563;15;JAMBI;1506;150611;DATA SEKOLAH;UNIT;2022/2023 GANJIL;NEGERI;SKB;0
6564;15;JAMBI;1506;150611;DATA SEKOLAH;UNIT;2022/2023 GANJIL;NEGERI;SD;12
6565;15;JAMBI;1506;150611;DATA SEKOLAH;UNIT;2022/2023 GANJIL;NEGERI;SMP;2
6566;15;JAMBI;1506;150611;DATA SEKOLAH;UNIT;2022/2023 GANJIL;NEGERI;SMA;0
6567;15;JAMBI;1506;150611;DATA SEKOLAH;UNIT;2022/2023 GANJIL;NEGERI;SMK;0
6568;15;JAMBI;1506;150611;DATA SEKOLAH;UNIT;2022/2023 GANJIL;NEGERI;SLB;0
6569;15;JAMBI;1501;150120;DATA SEKOLAH;UNIT;2022/2023 GANJIL;NEGERI;TK;1
6570;15;JAMBI;1501;150120;DATA SEKOLAH;UNIT;2022/2023 GANJIL;NEGERI;KB;1
6571;15;JAMBI;1501;150120;DATA SEKOLAH;UNIT;2022/2023 GANJIL;NEGERI;TPA;0
6572;15;JAMBI;1501;150120;DATA SEKOLAH;UNIT;2022/2023 GANJIL;NEGERI;SPS;0
6573;15;JAMBI;1501;150120;DATA SEKOLAH;UNIT;2022/2023 GANJIL;NEGERI;PKBM;0
6574;15;JAMBI;1501;150120;DATA SEKOLAH;UNIT;2022/2023 GANJIL;NEGERI;SKB;0
6575;15;JAMBI;1501;150120;DATA SEKOLAH;UNIT;2022/2023 GANJIL;NEGERI;SD;13
6576;15;JAMBI;1501;150120;DATA SEKOLAH;UNIT;2022/2023 GANJIL;NEGERI;SMP;3
6577;15;JAMBI;1501;150120;DATA SEKOLAH;UNIT;2022/2023 GANJIL;NEGERI;SMA;1
6578;15;JAMBI;1501;150120;DATA SEKOLAH;UNIT;2022/2023 GANJIL;NEGERI;SMK;0
6579;15;JAMBI;1501;150120;DATA SEKOLAH;UNIT;2022/2023 GANJIL;NEGERI;SLB;0
6580;15;JAMBI;1508;150812;DATA SEKOLAH;UNIT;2022/2023 GANJIL;NEGERI;TK;1
6581;15;JAMBI;1508;150812;DATA SEKOLAH;UNIT;2022/2023 GANJIL;NEGERI;KB;0
6582;15;JAMBI;1508;150812;DATA SEKOLAH;UNIT;2022/2023 GANJIL;NEGERI;TPA;0
6583;15;JAMBI;1508;150812;DATA SEKOLAH;UNIT;2022/2023 GANJIL;NEGERI;SPS;0
6584;15;JAMBI;1508;150812;DATA SEKOLAH;UNIT;2022/2023 GANJIL;NEGERI;PKBM;0
6585;15;JAMBI;1508;150812;DATA SEKOLAH;UNIT;2022/2023 GANJIL;NEGERI;SKB;0
6586;15;JAMBI;1508;150812;DATA SEKOLAH;UNIT;2022/2023 GANJIL;NEGERI;SD;11
6587;15;JAMBI;1508;150812;DATA SEKOLAH;UNIT;2022/2023 GANJIL;NEGERI;SMP;2
6588;15;JAMBI;1508;150812;DATA SEKOLAH;UNIT;2022/2023 GANJIL;NEGERI;SMA;0
6589;15;JAMBI;1508;150812;DATA SEKOLAH;UNIT;2022/2023 GANJIL;NEGERI;SMK;1
6590;15;JAMBI;1508;150812;DATA SEKOLAH;UNIT;2022/2023 GANJIL;NEGERI;SLB;0
6591;15;JAMBI;1503;150310;DATA SEKOLAH;UNIT;2022/2023 GANJIL;NEGERI;TK;0
6592;15;JAMBI;1503;150310;DATA SEKOLAH;UNIT;2022/2023 GANJIL;NEGERI;KB;0
6593;15;JAMBI;1503;150310;DATA SEKOLAH;UNIT;2022/2023 GANJIL;NEGERI;TPA;0
6594;15;JAMBI;1503;150310;DATA SEKOLAH;UNIT;2022/2023 GANJIL;NEGERI;SPS;0
6595;15;JAMBI;1503;150310;DATA SEKOLAH;UNIT;2022/2023 GANJIL;NEGERI;PKBM;0
6596;15;JAMBI;1503;150310;DATA SEKOLAH;UNIT;2022/2023 GANJIL;NEGERI;SKB;0
6597;15;JAMBI;1503;150310;DATA SEKOLAH;UNIT;2022/2023 GANJIL;NEGERI;SD;16
6598;15;JAMBI;1503;150310;DATA SEKOLAH;UNIT;2022/2023 GANJIL;NEGERI;SMP;4
6599;15;JAMBI;1503;150310;DATA SEKOLAH;UNIT;2022/2023 GANJIL;NEGERI;SMA;1
6600;15;JAMBI;1503;150310;DATA SEKOLAH;UNIT;2022/2023 GANJIL;NEGERI;SMK;1
6601;15;JAMBI;1503;150310;DATA SEKOLAH;UNIT;2022/2023 GANJIL;NEGERI;SLB;0
6602;15;JAMBI;1501;150102;DATA SEKOLAH;UNIT;2022/2023 GANJIL;NEGERI;TK;1
6603;15;JAMBI;1501;150102;DATA SEKOLAH;UNIT;2022/2023 GANJIL;NEGERI;KB;0
6604;15;JAMBI;1501;150102;DATA SEKOLAH;UNIT;2022/2023 GANJIL;NEGERI;TPA;0
6605;15;JAMBI;1501;150102;DATA SEKOLAH;UNIT;2022/2023 GANJIL;NEGERI;SPS;0
6606;15;JAMBI;1501;150102;DATA SEKOLAH;UNIT;2022/2023 GANJIL;NEGERI;PKBM;0
6607;15;JAMBI;1501;150102;DATA SEKOLAH;UNIT;2022/2023 GANJIL;NEGERI;SKB;0
6608;15;JAMBI;1501;150102;DATA SEKOLAH;UNIT;2022/2023 GANJIL;NEGERI;SD;17
6609;15;JAMBI;1501;150102;DATA SEKOLAH;UNIT;2022/2023 GANJIL;NEGERI;SMP;5
6610;15;JAMBI;1501;150102;DATA SEKOLAH;UNIT;2022/2023 GANJIL;NEGERI;SMA;2
6611;15;JAMBI;1501;150102;DATA SEKOLAH;UNIT;2022/2023 GANJIL;NEGERI;SMK;1
6612;15;JAMBI;1501;150102;DATA SEKOLAH;UNIT;2022/2023 GANJIL;NEGERI;SLB;0
6613;15;JAMBI;1571;157110;DATA SEKOLAH;UNIT;2022/2023 GANJIL;NEGERI;TK;1
6614;15;JAMBI;1571;157110;DATA SEKOLAH;UNIT;2022/2023 GANJIL;NEGERI;KB;0
6615;15;JAMBI;1571;157110;DATA SEKOLAH;UNIT;2022/2023 GANJIL;NEGERI;TPA;0
6616;15;JAMBI;1571;157110;DATA SEKOLAH;UNIT;2022/2023 GANJIL;NEGERI;SPS;0
6617;15;JAMBI;1571;157110;DATA SEKOLAH;UNIT;2022/2023 GANJIL;NEGERI;PKBM;0
6618;15;JAMBI;1571;157110;DATA SEKOLAH;UNIT;2022/2023 GANJIL;NEGERI;SKB;0
6619;15;JAMBI;1571;157110;DATA SEKOLAH;UNIT;2022/2023 GANJIL;NEGERI;SD;9
6620;15;JAMBI;1571;157110;DATA SEKOLAH;UNIT;2022/2023 GANJIL;NEGERI;SMP;1
6621;15;JAMBI;1571;157110;DATA SEKOLAH;UNIT;2022/2023 GANJIL;NEGERI;SMA;1
6622;15;JAMBI;1571;157110;DATA SEKOLAH;UNIT;2022/2023 GANJIL;NEGERI;SMK;1
6623;15;JAMBI;1571;157110;DATA SEKOLAH;UNIT;2022/2023 GANJIL;NEGERI;SLB;1
6624;15;JAMBI;1571;157106;DATA SEKOLAH;UNIT;2022/2023 GANJIL;NEGERI;TK;0
6625;15;JAMBI;1571;157106;DATA SEKOLAH;UNIT;2022/2023 GANJIL;NEGERI;KB;0
6626;15;JAMBI;1571;157106;DATA SEKOLAH;UNIT;2022/2023 GANJIL;NEGERI;TPA;0
6627;15;JAMBI;1571;157106;DATA SEKOLAH;UNIT;2022/2023 GANJIL;NEGERI;SPS;0
6628;15;JAMBI;1571;157106;DATA SEKOLAH;UNIT;2022/2023 GANJIL;NEGERI;PKBM;0
6629;15;JAMBI;1571;157106;DATA SEKOLAH;UNIT;2022/2023 GANJIL;NEGERI;SKB;0
6630;15;JAMBI;1571;157106;DATA SEKOLAH;UNIT;2022/2023 GANJIL;NEGERI;SD;5
6631;15;JAMBI;1571;157106;DATA SEKOLAH;UNIT;2022/2023 GANJIL;NEGERI;SMP;1
6632;15;JAMBI;1571;157106;DATA SEKOLAH;UNIT;2022/2023 GANJIL;NEGERI;SMA;1
6633;15;JAMBI;1571;157106;DATA SEKOLAH;UNIT;2022/2023 GANJIL;NEGERI;SMK;1
6634;15;JAMBI;1571;157106;DATA SEKOLAH;UNIT;2022/2023 GANJIL;NEGERI;SLB;0
6635;15;JAMBI;1507;150706;DATA SEKOLAH;UNIT;2022/2023 GANJIL;NEGERI;TK;1
6636;15;JAMBI;1507;150706;DATA SEKOLAH;UNIT;2022/2023 GANJIL;NEGERI;KB;0
6637;15;JAMBI;1507;150706;DATA SEKOLAH;UNIT;2022/2023 GANJIL;NEGERI;TPA;0
6638;15;JAMBI;1507;150706;DATA SEKOLAH;UNIT;2022/2023 GANJIL;NEGERI;SPS;0
6639;15;JAMBI;1507;150706;DATA SEKOLAH;UNIT;2022/2023 GANJIL;NEGERI;PKBM;0
6640;15;JAMBI;1507;150706;DATA SEKOLAH;UNIT;2022/2023 GANJIL;NEGERI;SKB;0
6641;15;JAMBI;1507;150706;DATA SEKOLAH;UNIT;2022/2023 GANJIL;NEGERI;SD;18
6642;15;JAMBI;1507;150706;DATA SEKOLAH;UNIT;2022/2023 GANJIL;NEGERI;SMP;4
6643;15;JAMBI;1507;150706;DATA SEKOLAH;UNIT;2022/2023 GANJIL;NEGERI;SMA;1
6644;15;JAMBI;1507;150706;DATA SEKOLAH;UNIT;2022/2023 GANJIL;NEGERI;SMK;1
6645;15;JAMBI;1507;150706;DATA SEKOLAH;UNIT;2022/2023 GANJIL;NEGERI;SLB;0
6646;15;JAMBI;1501;150117;DATA SEKOLAH;UNIT;2022/2023 GANJIL;NEGERI;TK;1
6647;15;JAMBI;1501;150117;DATA SEKOLAH;UNIT;2022/2023 GANJIL;NEGERI;KB;0
6648;15;JAMBI;1501;150117;DATA SEKOLAH;UNIT;2022/2023 GANJIL;NEGERI;TPA;0
6649;15;JAMBI;1501;150117;DATA SEKOLAH;UNIT;2022/2023 GANJIL;NEGERI;SPS;0
6650;15;JAMBI;1501;150117;DATA SEKOLAH;UNIT;2022/2023 GANJIL;NEGERI;PKBM;0
6651;15;JAMBI;1501;150117;DATA SEKOLAH;UNIT;2022/2023 GANJIL;NEGERI;SKB;0
6652;15;JAMBI;1501;150117;DATA SEKOLAH;UNIT;2022/2023 GANJIL;NEGERI;SD;15
6653;15;JAMBI;1501;150117;DATA SEKOLAH;UNIT;2022/2023 GANJIL;NEGERI;SMP;3
6654;15;JAMBI;1501;150117;DATA SEKOLAH;UNIT;2022/2023 GANJIL;NEGERI;SMA;0
6655;15;JAMBI;1501;150117;DATA SEKOLAH;UNIT;2022/2023 GANJIL;NEGERI;SMK;1
6656;15;JAMBI;1501;150117;DATA SEKOLAH;UNIT;2022/2023 GANJIL;NEGERI;SLB;0
6657;15;JAMBI;1507;150710;DATA SEKOLAH;UNIT;2022/2023 GANJIL;NEGERI;TK;3
6658;15;JAMBI;1507;150710;DATA SEKOLAH;UNIT;2022/2023 GANJIL;NEGERI;KB;0
6659;15;JAMBI;1507;150710;DATA SEKOLAH;UNIT;2022/2023 GANJIL;NEGERI;TPA;0
6660;15;JAMBI;1507;150710;DATA SEKOLAH;UNIT;2022/2023 GANJIL;NEGERI;SPS;0
6661;15;JAMBI;1507;150710;DATA SEKOLAH;UNIT;2022/2023 GANJIL;NEGERI;PKBM;0
6662;15;JAMBI;1507;150710;DATA SEKOLAH;UNIT;2022/2023 GANJIL;NEGERI;SKB;0
6663;15;JAMBI;1507;150710;DATA SEKOLAH;UNIT;2022/2023 GANJIL;NEGERI;SD;21
6664;15;JAMBI;1507;150710;DATA SEKOLAH;UNIT;2022/2023 GANJIL;NEGERI;SMP;4
6665;15;JAMBI;1507;150710;DATA SEKOLAH;UNIT;2022/2023 GANJIL;NEGERI;SMA;2
6666;15;JAMBI;1507;150710;DATA SEKOLAH;UNIT;2022/2023 GANJIL;NEGERI;SMK;0
6667;15;JAMBI;1507;150710;DATA SEKOLAH;UNIT;2022/2023 GANJIL;NEGERI;SLB;0
6668;15;JAMBI;1501;150106;DATA SEKOLAH;UNIT;2022/2023 GANJIL;NEGERI;TK;1
6669;15;JAMBI;1501;150106;DATA SEKOLAH;UNIT;2022/2023 GANJIL;NEGERI;KB;0
6670;15;JAMBI;1501;150106;DATA SEKOLAH;UNIT;2022/2023 GANJIL;NEGERI;TPA;0
6671;15;JAMBI;1501;150106;DATA SEKOLAH;UNIT;2022/2023 GANJIL;NEGERI;SPS;0
6672;15;JAMBI;1501;150106;DATA SEKOLAH;UNIT;2022/2023 GANJIL;NEGERI;PKBM;0
6673;15;JAMBI;1501;150106;DATA SEKOLAH;UNIT;2022/2023 GANJIL;NEGERI;SKB;0
6674;15;JAMBI;1501;150106;DATA SEKOLAH;UNIT;2022/2023 GANJIL;NEGERI;SD;12
6675;15;JAMBI;1501;150106;DATA SEKOLAH;UNIT;2022/2023 GANJIL;NEGERI;SMP;3
6676;15;JAMBI;1501;150106;DATA SEKOLAH;UNIT;2022/2023 GANJIL;NEGERI;SMA;1
6677;15;JAMBI;1501;150106;DATA SEKOLAH;UNIT;2022/2023 GANJIL;NEGERI;SMK;0
6678;15;JAMBI;1501;150106;DATA SEKOLAH;UNIT;2022/2023 GANJIL;NEGERI;SLB;0
6679;15;JAMBI;1501;150101;DATA SEKOLAH;UNIT;2022/2023 GANJIL;NEGERI;TK;1
6680;15;JAMBI;1501;150101;DATA SEKOLAH;UNIT;2022/2023 GANJIL;NEGERI;KB;0
6681;15;JAMBI;1501;150101;DATA SEKOLAH;UNIT;2022/2023 GANJIL;NEGERI;TPA;0
6682;15;JAMBI;1501;150101;DATA SEKOLAH;UNIT;2022/2023 GANJIL;NEGERI;SPS;0
6683;15;JAMBI;1501;150101;DATA SEKOLAH;UNIT;2022/2023 GANJIL;NEGERI;PKBM;0
6684;15;JAMBI;1501;150101;DATA SEKOLAH;UNIT;2022/2023 GANJIL;NEGERI;SKB;0
6685;15;JAMBI;1501;150101;DATA SEKOLAH;UNIT;2022/2023 GANJIL;NEGERI;SD;12
6686;15;JAMBI;1501;150101;DATA SEKOLAH;UNIT;2022/2023 GANJIL;NEGERI;SMP;3
6687;15;JAMBI;1501;150101;DATA SEKOLAH;UNIT;2022/2023 GANJIL;NEGERI;SMA;1
6688;15;JAMBI;1501;150101;DATA SEKOLAH;UNIT;2022/2023 GANJIL;NEGERI;SMK;0
6689;15;JAMBI;1501;150101;DATA SEKOLAH;UNIT;2022/2023 GANJIL;NEGERI;SLB;0
6690;15;JAMBI;1501;150115;DATA SEKOLAH;UNIT;2022/2023 GANJIL;NEGERI;TK;1
6691;15;JAMBI;1501;150115;DATA SEKOLAH;UNIT;2022/2023 GANJIL;NEGERI;KB;1
6692;15;JAMBI;1501;150115;DATA SEKOLAH;UNIT;2022/2023 GANJIL;NEGERI;TPA;0
6693;15;JAMBI;1501;150115;DATA SEKOLAH;UNIT;2022/2023 GANJIL;NEGERI;SPS;0
6694;15;JAMBI;1501;150115;DATA SEKOLAH;UNIT;2022/2023 GANJIL;NEGERI;PKBM;0
6695;15;JAMBI;1501;150115;DATA SEKOLAH;UNIT;2022/2023 GANJIL;NEGERI;SKB;0
6696;15;JAMBI;1501;150115;DATA SEKOLAH;UNIT;2022/2023 GANJIL;NEGERI;SD;11
6697;15;JAMBI;1501;150115;DATA SEKOLAH;UNIT;2022/2023 GANJIL;NEGERI;SMP;3
6698;15;JAMBI;1501;150115;DATA SEKOLAH;UNIT;2022/2023 GANJIL;NEGERI;SMA;0
6699;15;JAMBI;1501;150115;DATA SEKOLAH;UNIT;2022/2023 GANJIL;NEGERI;SMK;1
6700;15;JAMBI;1501;150115;DATA SEKOLAH;UNIT;2022/2023 GANJIL;NEGERI;SLB;0
6701;15;JAMBI;1572;157203;DATA SEKOLAH;UNIT;2022/2023 GANJIL;NEGERI;TK;1
6702;15;JAMBI;1572;157203;DATA SEKOLAH;UNIT;2022/2023 GANJIL;NEGERI;KB;0
6703;15;JAMBI;1572;157203;DATA SEKOLAH;UNIT;2022/2023 GANJIL;NEGERI;TPA;0
6704;15;JAMBI;1572;157203;DATA SEKOLAH;UNIT;2022/2023 GANJIL;NEGERI;SPS;0
6705;15;JAMBI;1572;157203;DATA SEKOLAH;UNIT;2022/2023 GANJIL;NEGERI;PKBM;0
6706;15;JAMBI;1572;157203;DATA SEKOLAH;UNIT;2022/2023 GANJIL;NEGERI;SKB;0
6707;15;JAMBI;1572;157203;DATA SEKOLAH;UNIT;2022/2023 GANJIL;NEGERI;SD;11
6708;15;JAMBI;1572;157203;DATA SEKOLAH;UNIT;2022/2023 GANJIL;NEGERI;SMP;1
6709;15;JAMBI;1572;157203;DATA SEKOLAH;UNIT;2022/2023 GANJIL;NEGERI;SMA;1
6710;15;JAMBI;1572;157203;DATA SEKOLAH;UNIT;2022/2023 GANJIL;NEGERI;SMK;0
6711;15;JAMBI;1572;157203;DATA SEKOLAH;UNIT;2022/2023 GANJIL;NEGERI;SLB;0
6712;15;JAMBI;1505;150501;DATA SEKOLAH;UNIT;2022/2023 GANJIL;NEGERI;TK;1
6713;15;JAMBI;1505;150501;DATA SEKOLAH;UNIT;2022/2023 GANJIL;NEGERI;KB;0
6714;15;JAMBI;1505;150501;DATA SEKOLAH;UNIT;2022/2023 GANJIL;NEGERI;TPA;0
6715;15;JAMBI;1505;150501;DATA SEKOLAH;UNIT;2022/2023 GANJIL;NEGERI;SPS;0
6716;15;JAMBI;1505;150501;DATA SEKOLAH;UNIT;2022/2023 GANJIL;NEGERI;PKBM;0
6717;15;JAMBI;1505;150501;DATA SEKOLAH;UNIT;2022/2023 GANJIL;NEGERI;SKB;0
6718;15;JAMBI;1505;150501;DATA SEKOLAH;UNIT;2022/2023 GANJIL;NEGERI;SD;34
6719;15;JAMBI;1505;150501;DATA SEKOLAH;UNIT;2022/2023 GANJIL;NEGERI;SMP;8
6720;15;JAMBI;1505;150501;DATA SEKOLAH;UNIT;2022/2023 GANJIL;NEGERI;SMA;4
6721;15;JAMBI;1505;150501;DATA SEKOLAH;UNIT;2022/2023 GANJIL;NEGERI;SMK;2
6722;15;JAMBI;1505;150501;DATA SEKOLAH;UNIT;2022/2023 GANJIL;NEGERI;SLB;0
6723;15;JAMBI;1571;157102;DATA SEKOLAH;UNIT;2022/2023 GANJIL;NEGERI;TK;0
6724;15;JAMBI;1571;157102;DATA SEKOLAH;UNIT;2022/2023 GANJIL;NEGERI;KB;0
6725;15;JAMBI;1571;157102;DATA SEKOLAH;UNIT;2022/2023 GANJIL;NEGERI;TPA;0
6726;15;JAMBI;1571;157102;DATA SEKOLAH;UNIT;2022/2023 GANJIL;NEGERI;SPS;0
6727;15;JAMBI;1571;157102;DATA SEKOLAH;UNIT;2022/2023 GANJIL;NEGERI;PKBM;0
6728;15;JAMBI;1571;157102;DATA SEKOLAH;UNIT;2022/2023 GANJIL;NEGERI;SKB;1
6729;15;JAMBI;1571;157102;DATA SEKOLAH;UNIT;2022/2023 GANJIL;NEGERI;SD;24
6730;15;JAMBI;1571;157102;DATA SEKOLAH;UNIT;2022/2023 GANJIL;NEGERI;SMP;1
6731;15;JAMBI;1571;157102;DATA SEKOLAH;UNIT;2022/2023 GANJIL;NEGERI;SMA;0
6732;15;JAMBI;1571;157102;DATA SEKOLAH;UNIT;2022/2023 GANJIL;NEGERI;SMK;1
6733;15;JAMBI;1571;157102;DATA SEKOLAH;UNIT;2022/2023 GANJIL;NEGERI;SLB;1
6734;15;JAMBI;1571;157103;DATA SEKOLAH;UNIT;2022/2023 GANJIL;NEGERI;TK;0
6735;15;JAMBI;1571;157103;DATA SEKOLAH;UNIT;2022/2023 GANJIL;NEGERI;KB;0
6736;15;JAMBI;1571;157103;DATA SEKOLAH;UNIT;2022/2023 GANJIL;NEGERI;TPA;0
6737;15;JAMBI;1571;157103;DATA SEKOLAH;UNIT;2022/2023 GANJIL;NEGERI;SPS;0
6738;15;JAMBI;1571;157103;DATA SEKOLAH;UNIT;2022/2023 GANJIL;NEGERI;PKBM;0
6739;15;JAMBI;1571;157103;DATA SEKOLAH;UNIT;2022/2023 GANJIL;NEGERI;SKB;0
6740;15;JAMBI;1571;157103;DATA SEKOLAH;UNIT;2022/2023 GANJIL;NEGERI;SD;25
6741;15;JAMBI;1571;157103;DATA SEKOLAH;UNIT;2022/2023 GANJIL;NEGERI;SMP;5
6742;15;JAMBI;1571;157103;DATA SEKOLAH;UNIT;2022/2023 GANJIL;NEGERI;SMA;1
6743;15;JAMBI;1571;157103;DATA SEKOLAH;UNIT;2022/2023 GANJIL;NEGERI;SMK;0
6744;15;JAMBI;1571;157103;DATA SEKOLAH;UNIT;2022/2023 GANJIL;NEGERI;SLB;0
6745;15;JAMBI;1502;150201;DATA SEKOLAH;UNIT;2022/2023 GANJIL;NEGERI;TK;0
6746;15;JAMBI;1502;150201;DATA SEKOLAH;UNIT;2022/2023 GANJIL;NEGERI;KB;0
6747;15;JAMBI;1502;150201;DATA SEKOLAH;UNIT;2022/2023 GANJIL;NEGERI;TPA;0
6748;15;JAMBI;1502;150201;DATA SEKOLAH;UNIT;2022/2023 GANJIL;NEGERI;SPS;0
6749;15;JAMBI;1502;150201;DATA SEKOLAH;UNIT;2022/2023 GANJIL;NEGERI;PKBM;0
6750;15;JAMBI;1502;150201;DATA SEKOLAH;UNIT;2022/2023 GANJIL;NEGERI;SKB;0
6751;15;JAMBI;1502;150201;DATA SEKOLAH;UNIT;2022/2023 GANJIL;NEGERI;SD;15
6752;15;JAMBI;1502;150201;DATA SEKOLAH;UNIT;2022/2023 GANJIL;NEGERI;SMP;6
6753;15;JAMBI;1502;150201;DATA SEKOLAH;UNIT;2022/2023 GANJIL;NEGERI;SMA;1
6754;15;JAMBI;1502;150201;DATA SEKOLAH;UNIT;2022/2023 GANJIL;NEGERI;SMK;1
6755;15;JAMBI;1502;150201;DATA SEKOLAH;UNIT;2022/2023 GANJIL;NEGERI;SLB;0
6756;15;JAMBI;1502;150218;DATA SEKOLAH;UNIT;2022/2023 GANJIL;NEGERI;TK;0
6757;15;JAMBI;1502;150218;DATA SEKOLAH;UNIT;2022/2023 GANJIL;NEGERI;KB;0
6758;15;JAMBI;1502;150218;DATA SEKOLAH;UNIT;2022/2023 GANJIL;NEGERI;TPA;0
6759;15;JAMBI;1502;150218;DATA SEKOLAH;UNIT;2022/2023 GANJIL;NEGERI;SPS;0
6760;15;JAMBI;1502;150218;DATA SEKOLAH;UNIT;2022/2023 GANJIL;NEGERI;PKBM;0
6761;15;JAMBI;1502;150218;DATA SEKOLAH;UNIT;2022/2023 GANJIL;NEGERI;SKB;0
6762;15;JAMBI;1502;150218;DATA SEKOLAH;UNIT;2022/2023 GANJIL;NEGERI;SD;16
6763;15;JAMBI;1502;150218;DATA SEKOLAH;UNIT;2022/2023 GANJIL;NEGERI;SMP;7
6764;15;JAMBI;1502;150218;DATA SEKOLAH;UNIT;2022/2023 GANJIL;NEGERI;SMA;1
6765;15;JAMBI;1502;150218;DATA SEKOLAH;UNIT;2022/2023 GANJIL;NEGERI;SMK;0
6766;15;JAMBI;1502;150218;DATA SEKOLAH;UNIT;2022/2023 GANJIL;NEGERI;SLB;0
6767;15;JAMBI;1571;157108;DATA SEKOLAH;UNIT;2022/2023 GANJIL;NEGERI;TK;0
6768;15;JAMBI;1571;157108;DATA SEKOLAH;UNIT;2022/2023 GANJIL;NEGERI;KB;0
6769;15;JAMBI;1571;157108;DATA SEKOLAH;UNIT;2022/2023 GANJIL;NEGERI;TPA;0
6770;15;JAMBI;1571;157108;DATA SEKOLAH;UNIT;2022/2023 GANJIL;NEGERI;SPS;0
6771;15;JAMBI;1571;157108;DATA SEKOLAH;UNIT;2022/2023 GANJIL;NEGERI;PKBM;0
6772;15;JAMBI;1571;157108;DATA SEKOLAH;UNIT;2022/2023 GANJIL;NEGERI;SKB;0
6773;15;JAMBI;1571;157108;DATA SEKOLAH;UNIT;2022/2023 GANJIL;NEGERI;SD;18
6774;15;JAMBI;1571;157108;DATA SEKOLAH;UNIT;2022/2023 GANJIL;NEGERI;SMP;1
6775;15;JAMBI;1571;157108;DATA SEKOLAH;UNIT;2022/2023 GANJIL;NEGERI;SMA;1
6776;15;JAMBI;1571;157108;DATA SEKOLAH;UNIT;2022/2023 GANJIL;NEGERI;SMK;0
6777;15;JAMBI;1571;157108;DATA SEKOLAH;UNIT;2022/2023 GANJIL;NEGERI;SLB;0
6778;15;JAMBI;1508;150804;DATA SEKOLAH;UNIT;2022/2023 GANJIL;NEGERI;TK;0
6779;15;JAMBI;1508;150804;DATA SEKOLAH;UNIT;2022/2023 GANJIL;NEGERI;KB;0
6780;15;JAMBI;1508;150804;DATA SEKOLAH;UNIT;2022/2023 GANJIL;NEGERI;TPA;0
6781;15;JAMBI;1508;150804;DATA SEKOLAH;UNIT;2022/2023 GANJIL;NEGERI;SPS;0
6782;15;JAMBI;1508;150804;DATA SEKOLAH;UNIT;2022/2023 GANJIL;NEGERI;PKBM;0
6783;15;JAMBI;1508;150804;DATA SEKOLAH;UNIT;2022/2023 GANJIL;NEGERI;SKB;0
6784;15;JAMBI;1508;150804;DATA SEKOLAH;UNIT;2022/2023 GANJIL;NEGERI;SD;15
6785;15;JAMBI;1508;150804;DATA SEKOLAH;UNIT;2022/2023 GANJIL;NEGERI;SMP;3
6786;15;JAMBI;1508;150804;DATA SEKOLAH;UNIT;2022/2023 GANJIL;NEGERI;SMA;1
6787;15;JAMBI;1508;150804;DATA SEKOLAH;UNIT;2022/2023 GANJIL;NEGERI;SMK;1
6788;15;JAMBI;1508;150804;DATA SEKOLAH;UNIT;2022/2023 GANJIL;NEGERI;SLB;0
6789;15;JAMBI;1508;150816;DATA SEKOLAH;UNIT;2022/2023 GANJIL;NEGERI;TK;0
6790;15;JAMBI;1508;150816;DATA SEKOLAH;UNIT;2022/2023 GANJIL;NEGERI;KB;0
6791;15;JAMBI;1508;150816;DATA SEKOLAH;UNIT;2022/2023 GANJIL;NEGERI;TPA;0
6792;15;JAMBI;1508;150816;DATA SEKOLAH;UNIT;2022/2023 GANJIL;NEGERI;SPS;0
6793;15;JAMBI;1508;150816;DATA SEKOLAH;UNIT;2022/2023 GANJIL;NEGERI;PKBM;0
6794;15;JAMBI;1508;150816;DATA SEKOLAH;UNIT;2022/2023 GANJIL;NEGERI;SKB;0
6795;15;JAMBI;1508;150816;DATA SEKOLAH;UNIT;2022/2023 GANJIL;NEGERI;SD;9
6796;15;JAMBI;1508;150816;DATA SEKOLAH;UNIT;2022/2023 GANJIL;NEGERI;SMP;2
6797;15;JAMBI;1508;150816;DATA SEKOLAH;UNIT;2022/2023 GANJIL;NEGERI;SMA;1
6798;15;JAMBI;1508;150816;DATA SEKOLAH;UNIT;2022/2023 GANJIL;NEGERI;SMK;0
6799;15;JAMBI;1508;150816;DATA SEKOLAH;UNIT;2022/2023 GANJIL;NEGERI;SLB;0
6800;15;JAMBI;1501;150109;DATA SEKOLAH;UNIT;2022/2023 GANJIL;NEGERI;TK;0
6801;15;JAMBI;1501;150109;DATA SEKOLAH;UNIT;2022/2023 GANJIL;NEGERI;KB;0
6802;15;JAMBI;1501;150109;DATA SEKOLAH;UNIT;2022/2023 GANJIL;NEGERI;TPA;0
6803;15;JAMBI;1501;150109;DATA SEKOLAH;UNIT;2022/2023 GANJIL;NEGERI;SPS;0
6804;15;JAMBI;1501;150109;DATA SEKOLAH;UNIT;2022/2023 GANJIL;NEGERI;PKBM;0
6805;15;JAMBI;1501;150109;DATA SEKOLAH;UNIT;2022/2023 GANJIL;NEGERI;SKB;0
6806;15;JAMBI;1501;150109;DATA SEKOLAH;UNIT;2022/2023 GANJIL;NEGERI;SD;15
6807;15;JAMBI;1501;150109;DATA SEKOLAH;UNIT;2022/2023 GANJIL;NEGERI;SMP;4
6808;15;JAMBI;1501;150109;DATA SEKOLAH;UNIT;2022/2023 GANJIL;NEGERI;SMA;1
6809;15;JAMBI;1501;150109;DATA SEKOLAH;UNIT;2022/2023 GANJIL;NEGERI;SMK;1
6810;15;JAMBI;1501;150109;DATA SEKOLAH;UNIT;2022/2023 GANJIL;NEGERI;SLB;0
6811;15;JAMBI;1501;150119;DATA SEKOLAH;UNIT;2022/2023 GANJIL;NEGERI;TK;1
6812;15;JAMBI;1501;150119;DATA SEKOLAH;UNIT;2022/2023 GANJIL;NEGERI;KB;0
6813;15;JAMBI;1501;150119;DATA SEKOLAH;UNIT;2022/2023 GANJIL;NEGERI;TPA;0
6814;15;JAMBI;1501;150119;DATA SEKOLAH;UNIT;2022/2023 GANJIL;NEGERI;SPS;0
6815;15;JAMBI;1501;150119;DATA SEKOLAH;UNIT;2022/2023 GANJIL;NEGERI;PKBM;0
6816;15;JAMBI;1501;150119;DATA SEKOLAH;UNIT;2022/2023 GANJIL;NEGERI;SKB;0
6817;15;JAMBI;1501;150119;DATA SEKOLAH;UNIT;2022/2023 GANJIL;NEGERI;SD;17
6818;15;JAMBI;1501;150119;DATA SEKOLAH;UNIT;2022/2023 GANJIL;NEGERI;SMP;5
6819;15;JAMBI;1501;150119;DATA SEKOLAH;UNIT;2022/2023 GANJIL;NEGERI;SMA;0
6820;15;JAMBI;1501;150119;DATA SEKOLAH;UNIT;2022/2023 GANJIL;NEGERI;SMK;1
6821;15;JAMBI;1501;150119;DATA SEKOLAH;UNIT;2022/2023 GANJIL;NEGERI;SLB;0
6822;15;JAMBI;1501;150108;DATA SEKOLAH;UNIT;2022/2023 GANJIL;NEGERI;TK;1
6823;15;JAMBI;1501;150108;DATA SEKOLAH;UNIT;2022/2023 GANJIL;NEGERI;KB;0
6824;15;JAMBI;1501;150108;DATA SEKOLAH;UNIT;2022/2023 GANJIL;NEGERI;TPA;0
6825;15;JAMBI;1501;150108;DATA SEKOLAH;UNIT;2022/2023 GANJIL;NEGERI;SPS;0
6826;15;JAMBI;1501;150108;DATA SEKOLAH;UNIT;2022/2023 GANJIL;NEGERI;PKBM;0
6827;15;JAMBI;1501;150108;DATA SEKOLAH;UNIT;2022/2023 GANJIL;NEGERI;SKB;0
6828;15;JAMBI;1501;150108;DATA SEKOLAH;UNIT;2022/2023 GANJIL;NEGERI;SD;26
6829;15;JAMBI;1501;150108;DATA SEKOLAH;UNIT;2022/2023 GANJIL;NEGERI;SMP;5
6830;15;JAMBI;1501;150108;DATA SEKOLAH;UNIT;2022/2023 GANJIL;NEGERI;SMA;1
6831;15;JAMBI;1501;150108;DATA SEKOLAH;UNIT;2022/2023 GANJIL;NEGERI;SMK;1
6832;15;JAMBI;1501;150108;DATA SEKOLAH;UNIT;2022/2023 GANJIL;NEGERI;SLB;0
6833;15;JAMBI;1571;157107;DATA SEKOLAH;UNIT;2022/2023 GANJIL;NEGERI;TK;1
6834;15;JAMBI;1571;157107;DATA SEKOLAH;UNIT;2022/2023 GANJIL;NEGERI;KB;0
6835;15;JAMBI;1571;157107;DATA SEKOLAH;UNIT;2022/2023 GANJIL;NEGERI;TPA;0
6836;15;JAMBI;1571;157107;DATA SEKOLAH;UNIT;2022/2023 GANJIL;NEGERI;SPS;0
6837;15;JAMBI;1571;157107;DATA SEKOLAH;UNIT;2022/2023 GANJIL;NEGERI;PKBM;0
6838;15;JAMBI;1571;157107;DATA SEKOLAH;UNIT;2022/2023 GANJIL;NEGERI;SKB;0
6839;15;JAMBI;1571;157107;DATA SEKOLAH;UNIT;2022/2023 GANJIL;NEGERI;SD;25
6840;15;JAMBI;1571;157107;DATA SEKOLAH;UNIT;2022/2023 GANJIL;NEGERI;SMP;6
6841;15;JAMBI;1571;157107;DATA SEKOLAH;UNIT;2022/2023 GANJIL;NEGERI;SMA;3
6842;15;JAMBI;1571;157107;DATA SEKOLAH;UNIT;2022/2023 GANJIL;NEGERI;SMK;0
6843;15;JAMBI;1571;157107;DATA SEKOLAH;UNIT;2022/2023 GANJIL;NEGERI;SLB;0
6844;15;JAMBI;1572;157207;DATA SEKOLAH;UNIT;2022/2023 GANJIL;NEGERI;TK;1
6845;15;JAMBI;1572;157207;DATA SEKOLAH;UNIT;2022/2023 GANJIL;NEGERI;KB;0
6846;15;JAMBI;1572;157207;DATA SEKOLAH;UNIT;2022/2023 GANJIL;NEGERI;TPA;0
6847;15;JAMBI;1572;157207;DATA SEKOLAH;UNIT;2022/2023 GANJIL;NEGERI;SPS;0
6848;15;JAMBI;1572;157207;DATA SEKOLAH;UNIT;2022/2023 GANJIL;NEGERI;PKBM;0
6849;15;JAMBI;1572;157207;DATA SEKOLAH;UNIT;2022/2023 GANJIL;NEGERI;SKB;0
6850;15;JAMBI;1572;157207;DATA SEKOLAH;UNIT;2022/2023 GANJIL;NEGERI;SD;4
6851;15;JAMBI;1572;157207;DATA SEKOLAH;UNIT;2022/2023 GANJIL;NEGERI;SMP;1
6852;15;JAMBI;1572;157207;DATA SEKOLAH;UNIT;2022/2023 GANJIL;NEGERI;SMA;1
6853;15;JAMBI;1572;157207;DATA SEKOLAH;UNIT;2022/2023 GANJIL;NEGERI;SMK;0
6854;15;JAMBI;1572;157207;DATA SEKOLAH;UNIT;2022/2023 GANJIL;NEGERI;SLB;0
6855;15;JAMBI;1506;150612;DATA SEKOLAH;UNIT;2022/2023 GANJIL;NEGERI;TK;0
6856;15;JAMBI;1506;150612;DATA SEKOLAH;UNIT;2022/2023 GANJIL;NEGERI;KB;0
6857;15;JAMBI;1506;150612;DATA SEKOLAH;UNIT;2022/2023 GANJIL;NEGERI;TPA;0
6858;15;JAMBI;1506;150612;DATA SEKOLAH;UNIT;2022/2023 GANJIL;NEGERI;SPS;0
6859;15;JAMBI;1506;150612;DATA SEKOLAH;UNIT;2022/2023 GANJIL;NEGERI;PKBM;0
6860;15;JAMBI;1506;150612;DATA SEKOLAH;UNIT;2022/2023 GANJIL;NEGERI;SKB;0
6861;15;JAMBI;1506;150612;DATA SEKOLAH;UNIT;2022/2023 GANJIL;NEGERI;SD;17
6862;15;JAMBI;1506;150612;DATA SEKOLAH;UNIT;2022/2023 GANJIL;NEGERI;SMP;4
6863;15;JAMBI;1506;150612;DATA SEKOLAH;UNIT;2022/2023 GANJIL;NEGERI;SMA;1
6864;15;JAMBI;1506;150612;DATA SEKOLAH;UNIT;2022/2023 GANJIL;NEGERI;SMK;0
6865;15;JAMBI;1506;150612;DATA SEKOLAH;UNIT;2022/2023 GANJIL;NEGERI;SLB;0
6866;15;JAMBI;1507;150708;DATA SEKOLAH;UNIT;2022/2023 GANJIL;NEGERI;TK;1
6867;15;JAMBI;1507;150708;DATA SEKOLAH;UNIT;2022/2023 GANJIL;NEGERI;KB;0
6868;15;JAMBI;1507;150708;DATA SEKOLAH;UNIT;2022/2023 GANJIL;NEGERI;TPA;0
6869;15;JAMBI;1507;150708;DATA SEKOLAH;UNIT;2022/2023 GANJIL;NEGERI;SPS;0
6870;15;JAMBI;1507;150708;DATA SEKOLAH;UNIT;2022/2023 GANJIL;NEGERI;PKBM;0
6871;15;JAMBI;1507;150708;DATA SEKOLAH;UNIT;2022/2023 GANJIL;NEGERI;SKB;0
6872;15;JAMBI;1507;150708;DATA SEKOLAH;UNIT;2022/2023 GANJIL;NEGERI;SD;11
6873;15;JAMBI;1507;150708;DATA SEKOLAH;UNIT;2022/2023 GANJIL;NEGERI;SMP;2
6874;15;JAMBI;1507;150708;DATA SEKOLAH;UNIT;2022/2023 GANJIL;NEGERI;SMA;1
6875;15;JAMBI;1507;150708;DATA SEKOLAH;UNIT;2022/2023 GANJIL;NEGERI;SMK;0
6876;15;JAMBI;1507;150708;DATA SEKOLAH;UNIT;2022/2023 GANJIL;NEGERI;SLB;0
6877;15;JAMBI;1505;150503;DATA SEKOLAH;UNIT;2022/2023 GANJIL;NEGERI;TK;1
6878;15;JAMBI;1505;150503;DATA SEKOLAH;UNIT;2022/2023 GANJIL;NEGERI;KB;0
6879;15;JAMBI;1505;150503;DATA SEKOLAH;UNIT;2022/2023 GANJIL;NEGERI;TPA;0
6880;15;JAMBI;1505;150503;DATA SEKOLAH;UNIT;2022/2023 GANJIL;NEGERI;SPS;0
6881;15;JAMBI;1505;150503;DATA SEKOLAH;UNIT;2022/2023 GANJIL;NEGERI;PKBM;0
6882;15;JAMBI;1505;150503;DATA SEKOLAH;UNIT;2022/2023 GANJIL;NEGERI;SKB;0
6883;15;JAMBI;1505;150503;DATA SEKOLAH;UNIT;2022/2023 GANJIL;NEGERI;SD;23
6884;15;JAMBI;1505;150503;DATA SEKOLAH;UNIT;2022/2023 GANJIL;NEGERI;SMP;5
6885;15;JAMBI;1505;150503;DATA SEKOLAH;UNIT;2022/2023 GANJIL;NEGERI;SMA;1
6886;15;JAMBI;1505;150503;DATA SEKOLAH;UNIT;2022/2023 GANJIL;NEGERI;SMK;1
6887;15;JAMBI;1505;150503;DATA SEKOLAH;UNIT;2022/2023 GANJIL;NEGERI;SLB;0
6888;15;JAMBI;1505;150506;DATA SEKOLAH;UNIT;2022/2023 GANJIL;NEGERI;TK;3
6889;15;JAMBI;1505;150506;DATA SEKOLAH;UNIT;2022/2023 GANJIL;NEGERI;KB;0
6890;15;JAMBI;1505;150506;DATA SEKOLAH;UNIT;2022/2023 GANJIL;NEGERI;TPA;0
6891;15;JAMBI;1505;150506;DATA SEKOLAH;UNIT;2022/2023 GANJIL;NEGERI;SPS;0
6892;15;JAMBI;1505;150506;DATA SEKOLAH;UNIT;2022/2023 GANJIL;NEGERI;PKBM;0
6893;15;JAMBI;1505;150506;DATA SEKOLAH;UNIT;2022/2023 GANJIL;NEGERI;SKB;0
6894;15;JAMBI;1505;150506;DATA SEKOLAH;UNIT;2022/2023 GANJIL;NEGERI;SD;22
6895;15;JAMBI;1505;150506;DATA SEKOLAH;UNIT;2022/2023 GANJIL;NEGERI;SMP;5
6896;15;JAMBI;1505;150506;DATA SEKOLAH;UNIT;2022/2023 GANJIL;NEGERI;SMA;1
6897;15;JAMBI;1505;150506;DATA SEKOLAH;UNIT;2022/2023 GANJIL;NEGERI;SMK;0
6898;15;JAMBI;1505;150506;DATA SEKOLAH;UNIT;2022/2023 GANJIL;NEGERI;SLB;0
6899;15;JAMBI;1572;157205;DATA SEKOLAH;UNIT;2022/2023 GANJIL;NEGERI;TK;1
6900;15;JAMBI;1572;157205;DATA SEKOLAH;UNIT;2022/2023 GANJIL;NEGERI;KB;0
6901;15;JAMBI;1572;157205;DATA SEKOLAH;UNIT;2022/2023 GANJIL;NEGERI;TPA;0
6902;15;JAMBI;1572;157205;DATA SEKOLAH;UNIT;2022/2023 GANJIL;NEGERI;SPS;0
6903;15;JAMBI;1572;157205;DATA SEKOLAH;UNIT;2022/2023 GANJIL;NEGERI;PKBM;0
6904;15;JAMBI;1572;157205;DATA SEKOLAH;UNIT;2022/2023 GANJIL;NEGERI;SKB;0
6905;15;JAMBI;1572;157205;DATA SEKOLAH;UNIT;2022/2023 GANJIL;NEGERI;SD;10
6906;15;JAMBI;1572;157205;DATA SEKOLAH;UNIT;2022/2023 GANJIL;NEGERI;SMP;1
6907;15;JAMBI;1572;157205;DATA SEKOLAH;UNIT;2022/2023 GANJIL;NEGERI;SMA;0
6908;15;JAMBI;1572;157205;DATA SEKOLAH;UNIT;2022/2023 GANJIL;NEGERI;SMK;2
6909;15;JAMBI;1572;157205;DATA SEKOLAH;UNIT;2022/2023 GANJIL;NEGERI;SLB;1
6910;15;JAMBI;1502;150209;DATA SEKOLAH;UNIT;2022/2023 GANJIL;NEGERI;TK;0
6911;15;JAMBI;1502;150209;DATA SEKOLAH;UNIT;2022/2023 GANJIL;NEGERI;KB;0
6912;15;JAMBI;1502;150209;DATA SEKOLAH;UNIT;2022/2023 GANJIL;NEGERI;TPA;0
6913;15;JAMBI;1502;150209;DATA SEKOLAH;UNIT;2022/2023 GANJIL;NEGERI;SPS;0
6914;15;JAMBI;1502;150209;DATA SEKOLAH;UNIT;2022/2023 GANJIL;NEGERI;PKBM;0
6915;15;JAMBI;1502;150209;DATA SEKOLAH;UNIT;2022/2023 GANJIL;NEGERI;SKB;0
6916;15;JAMBI;1502;150209;DATA SEKOLAH;UNIT;2022/2023 GANJIL;NEGERI;SD;18
6917;15;JAMBI;1502;150209;DATA SEKOLAH;UNIT;2022/2023 GANJIL;NEGERI;SMP;5
6918;15;JAMBI;1502;150209;DATA SEKOLAH;UNIT;2022/2023 GANJIL;NEGERI;SMA;1
6919;15;JAMBI;1502;150209;DATA SEKOLAH;UNIT;2022/2023 GANJIL;NEGERI;SMK;1
6920;15;JAMBI;1502;150209;DATA SEKOLAH;UNIT;2022/2023 GANJIL;NEGERI;SLB;0
6921;15;JAMBI;1508;150807;DATA SEKOLAH;UNIT;2022/2023 GANJIL;NEGERI;TK;0
6922;15;JAMBI;1508;150807;DATA SEKOLAH;UNIT;2022/2023 GANJIL;NEGERI;KB;0
6923;15;JAMBI;1508;150807;DATA SEKOLAH;UNIT;2022/2023 GANJIL;NEGERI;TPA;0
6924;15;JAMBI;1508;150807;DATA SEKOLAH;UNIT;2022/2023 GANJIL;NEGERI;SPS;0
6925;15;JAMBI;1508;150807;DATA SEKOLAH;UNIT;2022/2023 GANJIL;NEGERI;PKBM;0
6926;15;JAMBI;1508;150807;DATA SEKOLAH;UNIT;2022/2023 GANJIL;NEGERI;SKB;0
6927;15;JAMBI;1508;150807;DATA SEKOLAH;UNIT;2022/2023 GANJIL;NEGERI;SD;14
6928;15;JAMBI;1508;150807;DATA SEKOLAH;UNIT;2022/2023 GANJIL;NEGERI;SMP;6
6929;15;JAMBI;1508;150807;DATA SEKOLAH;UNIT;2022/2023 GANJIL;NEGERI;SMA;2
6930;15;JAMBI;1508;150807;DATA SEKOLAH;UNIT;2022/2023 GANJIL;NEGERI;SMK;1
6931;15;JAMBI;1508;150807;DATA SEKOLAH;UNIT;2022/2023 GANJIL;NEGERI;SLB;0
6932;15;JAMBI;1503;150302;DATA SEKOLAH;UNIT;2022/2023 GANJIL;NEGERI;TK;0
6933;15;JAMBI;1503;150302;DATA SEKOLAH;UNIT;2022/2023 GANJIL;NEGERI;KB;0
6934;15;JAMBI;1503;150302;DATA SEKOLAH;UNIT;2022/2023 GANJIL;NEGERI;TPA;0
6935;15;JAMBI;1503;150302;DATA SEKOLAH;UNIT;2022/2023 GANJIL;NEGERI;SPS;0
6936;15;JAMBI;1503;150302;DATA SEKOLAH;UNIT;2022/2023 GANJIL;NEGERI;PKBM;0
6937;15;JAMBI;1503;150302;DATA SEKOLAH;UNIT;2022/2023 GANJIL;NEGERI;SKB;0
6938;15;JAMBI;1503;150302;DATA SEKOLAH;UNIT;2022/2023 GANJIL;NEGERI;SD;27
6939;15;JAMBI;1503;150302;DATA SEKOLAH;UNIT;2022/2023 GANJIL;NEGERI;SMP;9
6940;15;JAMBI;1503;150302;DATA SEKOLAH;UNIT;2022/2023 GANJIL;NEGERI;SMA;2
6941;15;JAMBI;1503;150302;DATA SEKOLAH;UNIT;2022/2023 GANJIL;NEGERI;SMK;1
6942;15;JAMBI;1503;150302;DATA SEKOLAH;UNIT;2022/2023 GANJIL;NEGERI;SLB;0
6943;15;JAMBI;1503;150306;DATA SEKOLAH;UNIT;2022/2023 GANJIL;NEGERI;TK;0
6944;15;JAMBI;1503;150306;DATA SEKOLAH;UNIT;2022/2023 GANJIL;NEGERI;KB;0
6945;15;JAMBI;1503;150306;DATA SEKOLAH;UNIT;2022/2023 GANJIL;NEGERI;TPA;0
6946;15;JAMBI;1503;150306;DATA SEKOLAH;UNIT;2022/2023 GANJIL;NEGERI;SPS;0
6947;15;JAMBI;1503;150306;DATA SEKOLAH;UNIT;2022/2023 GANJIL;NEGERI;PKBM;0
6948;15;JAMBI;1503;150306;DATA SEKOLAH;UNIT;2022/2023 GANJIL;NEGERI;SKB;0
6949;15;JAMBI;1503;150306;DATA SEKOLAH;UNIT;2022/2023 GANJIL;NEGERI;SD;23
6950;15;JAMBI;1503;150306;DATA SEKOLAH;UNIT;2022/2023 GANJIL;NEGERI;SMP;4
6951;15;JAMBI;1503;150306;DATA SEKOLAH;UNIT;2022/2023 GANJIL;NEGERI;SMA;2
6952;15;JAMBI;1503;150306;DATA SEKOLAH;UNIT;2022/2023 GANJIL;NEGERI;SMK;2
6953;15;JAMBI;1503;150306;DATA SEKOLAH;UNIT;2022/2023 GANJIL;NEGERI;SLB;0
6954;15;JAMBI;1503;150311;DATA SEKOLAH;UNIT;2022/2023 GANJIL;NEGERI;TK;0
6955;15;JAMBI;1503;150311;DATA SEKOLAH;UNIT;2022/2023 GANJIL;NEGERI;KB;0
6956;15;JAMBI;1503;150311;DATA SEKOLAH;UNIT;2022/2023 GANJIL;NEGERI;TPA;0
6957;15;JAMBI;1503;150311;DATA SEKOLAH;UNIT;2022/2023 GANJIL;NEGERI;SPS;0
6958;15;JAMBI;1503;150311;DATA SEKOLAH;UNIT;2022/2023 GANJIL;NEGERI;PKBM;0
6959;15;JAMBI;1503;150311;DATA SEKOLAH;UNIT;2022/2023 GANJIL;NEGERI;SKB;0
6960;15;JAMBI;1503;150311;DATA SEKOLAH;UNIT;2022/2023 GANJIL;NEGERI;SD;14
6961;15;JAMBI;1503;150311;DATA SEKOLAH;UNIT;2022/2023 GANJIL;NEGERI;SMP;6
6962;15;JAMBI;1503;150311;DATA SEKOLAH;UNIT;2022/2023 GANJIL;NEGERI;SMA;0
6963;15;JAMBI;1503;150311;DATA SEKOLAH;UNIT;2022/2023 GANJIL;NEGERI;SMK;0
6964;15;JAMBI;1503;150311;DATA SEKOLAH;UNIT;2022/2023 GANJIL;NEGERI;SLB;0
6965;15;JAMBI;1502;150221;DATA SEKOLAH;UNIT;2022/2023 GANJIL;NEGERI;TK;0
6966;15;JAMBI;1502;150221;DATA SEKOLAH;UNIT;2022/2023 GANJIL;NEGERI;KB;0
6967;15;JAMBI;1502;150221;DATA SEKOLAH;UNIT;2022/2023 GANJIL;NEGERI;TPA;0
6968;15;JAMBI;1502;150221;DATA SEKOLAH;UNIT;2022/2023 GANJIL;NEGERI;SPS;0
6969;15;JAMBI;1502;150221;DATA SEKOLAH;UNIT;2022/2023 GANJIL;NEGERI;PKBM;0
6970;15;JAMBI;1502;150221;DATA SEKOLAH;UNIT;2022/2023 GANJIL;NEGERI;SKB;0
6971;15;JAMBI;1502;150221;DATA SEKOLAH;UNIT;2022/2023 GANJIL;NEGERI;SD;7
6972;15;JAMBI;1502;150221;DATA SEKOLAH;UNIT;2022/2023 GANJIL;NEGERI;SMP;1
6973;15;JAMBI;1502;150221;DATA SEKOLAH;UNIT;2022/2023 GANJIL;NEGERI;SMA;1
6974;15;JAMBI;1502;150221;DATA SEKOLAH;UNIT;2022/2023 GANJIL;NEGERI;SMK;0
6975;15;JAMBI;1502;150221;DATA SEKOLAH;UNIT;2022/2023 GANJIL;NEGERI;SLB;0
6976;15;JAMBI;1505;150504;DATA SEKOLAH;UNIT;2022/2023 GANJIL;NEGERI;TK;2
6977;15;JAMBI;1505;150504;DATA SEKOLAH;UNIT;2022/2023 GANJIL;NEGERI;KB;0
6978;15;JAMBI;1505;150504;DATA SEKOLAH;UNIT;2022/2023 GANJIL;NEGERI;TPA;0
6979;15;JAMBI;1505;150504;DATA SEKOLAH;UNIT;2022/2023 GANJIL;NEGERI;SPS;0
6980;15;JAMBI;1505;150504;DATA SEKOLAH;UNIT;2022/2023 GANJIL;NEGERI;PKBM;0
6981;15;JAMBI;1505;150504;DATA SEKOLAH;UNIT;2022/2023 GANJIL;NEGERI;SKB;0
6982;15;JAMBI;1505;150504;DATA SEKOLAH;UNIT;2022/2023 GANJIL;NEGERI;SD;17
6983;15;JAMBI;1505;150504;DATA SEKOLAH;UNIT;2022/2023 GANJIL;NEGERI;SMP;5
6984;15;JAMBI;1505;150504;DATA SEKOLAH;UNIT;2022/2023 GANJIL;NEGERI;SMA;1
6985;15;JAMBI;1505;150504;DATA SEKOLAH;UNIT;2022/2023 GANJIL;NEGERI;SMK;1
6986;15;JAMBI;1505;150504;DATA SEKOLAH;UNIT;2022/2023 GANJIL;NEGERI;SLB;0
6987;15;JAMBI;1504;150408;DATA SEKOLAH;UNIT;2022/2023 GANJIL;NEGERI;TK;1
6988;15;JAMBI;1504;150408;DATA SEKOLAH;UNIT;2022/2023 GANJIL;NEGERI;KB;0
6989;15;JAMBI;1504;150408;DATA SEKOLAH;UNIT;2022/2023 GANJIL;NEGERI;TPA;0
6990;15;JAMBI;1504;150408;DATA SEKOLAH;UNIT;2022/2023 GANJIL;NEGERI;SPS;0
6991;15;JAMBI;1504;150408;DATA SEKOLAH;UNIT;2022/2023 GANJIL;NEGERI;PKBM;0
6992;15;JAMBI;1504;150408;DATA SEKOLAH;UNIT;2022/2023 GANJIL;NEGERI;SKB;0
6993;15;JAMBI;1504;150408;DATA SEKOLAH;UNIT;2022/2023 GANJIL;NEGERI;SD;10
6994;15;JAMBI;1504;150408;DATA SEKOLAH;UNIT;2022/2023 GANJIL;NEGERI;SMP;5
6995;15;JAMBI;1504;150408;DATA SEKOLAH;UNIT;2022/2023 GANJIL;NEGERI;SMA;1
6996;15;JAMBI;1504;150408;DATA SEKOLAH;UNIT;2022/2023 GANJIL;NEGERI;SMK;1
6997;15;JAMBI;1504;150408;DATA SEKOLAH;UNIT;2022/2023 GANJIL;NEGERI;SLB;0
6998;15;JAMBI;1504;150406;DATA SEKOLAH;UNIT;2022/2023 GANJIL;NEGERI;TK;1
6999;15;JAMBI;1504;150406;DATA SEKOLAH;UNIT;2022/2023 GANJIL;NEGERI;KB;0
7000;15;JAMBI;1504;150406;DATA SEKOLAH;UNIT;2022/2023 GANJIL;NEGERI;TPA;0
7001;15;JAMBI;1504;150406;DATA SEKOLAH;UNIT;2022/2023 GANJIL;NEGERI;SPS;0
7002;15;JAMBI;1504;150406;DATA SEKOLAH;UNIT;2022/2023 GANJIL;NEGERI;PKBM;0
7003;15;JAMBI;1504;150406;DATA SEKOLAH;UNIT;2022/2023 GANJIL;NEGERI;SKB;0
7004;15;JAMBI;1504;150406;DATA SEKOLAH;UNIT;2022/2023 GANJIL;NEGERI;SD;24
7005;15;JAMBI;1504;150406;DATA SEKOLAH;UNIT;2022/2023 GANJIL;NEGERI;SMP;6
7006;15;JAMBI;1504;150406;DATA SEKOLAH;UNIT;2022/2023 GANJIL;NEGERI;SMA;1
7007;15;JAMBI;1504;150406;DATA SEKOLAH;UNIT;2022/2023 GANJIL;NEGERI;SMK;1
7008;15;JAMBI;1504;150406;DATA SEKOLAH;UNIT;2022/2023 GANJIL;NEGERI;SLB;0
7009;15;JAMBI;1507;150703;DATA SEKOLAH;UNIT;2022/2023 GANJIL;NEGERI;TK;1
7010;15;JAMBI;1507;150703;DATA SEKOLAH;UNIT;2022/2023 GANJIL;NEGERI;KB;1
7011;15;JAMBI;1507;150703;DATA SEKOLAH;UNIT;2022/2023 GANJIL;NEGERI;TPA;0
7012;15;JAMBI;1507;150703;DATA SEKOLAH;UNIT;2022/2023 GANJIL;NEGERI;SPS;0
7013;15;JAMBI;1507;150703;DATA SEKOLAH;UNIT;2022/2023 GANJIL;NEGERI;PKBM;0
7014;15;JAMBI;1507;150703;DATA SEKOLAH;UNIT;2022/2023 GANJIL;NEGERI;SKB;0
7015;15;JAMBI;1507;150703;DATA SEKOLAH;UNIT;2022/2023 GANJIL;NEGERI;SD;16
7016;15;JAMBI;1507;150703;DATA SEKOLAH;UNIT;2022/2023 GANJIL;NEGERI;SMP;4
7017;15;JAMBI;1507;150703;DATA SEKOLAH;UNIT;2022/2023 GANJIL;NEGERI;SMA;1
7018;15;JAMBI;1507;150703;DATA SEKOLAH;UNIT;2022/2023 GANJIL;NEGERI;SMK;0
7019;15;JAMBI;1507;150703;DATA SEKOLAH;UNIT;2022/2023 GANJIL;NEGERI;SLB;0
7020;15;JAMBI;1507;150709;DATA SEKOLAH;UNIT;2022/2023 GANJIL;NEGERI;TK;1
7021;15;JAMBI;1507;150709;DATA SEKOLAH;UNIT;2022/2023 GANJIL;NEGERI;KB;0
7022;15;JAMBI;1507;150709;DATA SEKOLAH;UNIT;2022/2023 GANJIL;NEGERI;TPA;0
7023;15;JAMBI;1507;150709;DATA SEKOLAH;UNIT;2022/2023 GANJIL;NEGERI;SPS;0
7024;15;JAMBI;1507;150709;DATA SEKOLAH;UNIT;2022/2023 GANJIL;NEGERI;PKBM;0
7025;15;JAMBI;1507;150709;DATA SEKOLAH;UNIT;2022/2023 GANJIL;NEGERI;SKB;0
7026;15;JAMBI;1507;150709;DATA SEKOLAH;UNIT;2022/2023 GANJIL;NEGERI;SD;8
7027;15;JAMBI;1507;150709;DATA SEKOLAH;UNIT;2022/2023 GANJIL;NEGERI;SMP;5
7028;15;JAMBI;1507;150709;DATA SEKOLAH;UNIT;2022/2023 GANJIL;NEGERI;SMA;0
7029;15;JAMBI;1507;150709;DATA SEKOLAH;UNIT;2022/2023 GANJIL;NEGERI;SMK;1
7030;15;JAMBI;1507;150709;DATA SEKOLAH;UNIT;2022/2023 GANJIL;NEGERI;SLB;0
7031;15;JAMBI;1506;150605;DATA SEKOLAH;UNIT;2022/2023 GANJIL;NEGERI;TK;1
7032;15;JAMBI;1506;150605;DATA SEKOLAH;UNIT;2022/2023 GANJIL;NEGERI;KB;0
7033;15;JAMBI;1506;150605;DATA SEKOLAH;UNIT;2022/2023 GANJIL;NEGERI;TPA;0
7034;15;JAMBI;1506;150605;DATA SEKOLAH;UNIT;2022/2023 GANJIL;NEGERI;SPS;0
7035;15;JAMBI;1506;150605;DATA SEKOLAH;UNIT;2022/2023 GANJIL;NEGERI;PKBM;0
7036;15;JAMBI;1506;150605;DATA SEKOLAH;UNIT;2022/2023 GANJIL;NEGERI;SKB;0
7037;15;JAMBI;1506;150605;DATA SEKOLAH;UNIT;2022/2023 GANJIL;NEGERI;SD;10
7038;15;JAMBI;1506;150605;DATA SEKOLAH;UNIT;2022/2023 GANJIL;NEGERI;SMP;4
7039;15;JAMBI;1506;150605;DATA SEKOLAH;UNIT;2022/2023 GANJIL;NEGERI;SMA;2
7040;15;JAMBI;1506;150605;DATA SEKOLAH;UNIT;2022/2023 GANJIL;NEGERI;SMK;1
7041;15;JAMBI;1506;150605;DATA SEKOLAH;UNIT;2022/2023 GANJIL;NEGERI;SLB;1
7042;15;JAMBI;1504;150401;DATA SEKOLAH;UNIT;2022/2023 GANJIL;NEGERI;TK;1
7043;15;JAMBI;1504;150401;DATA SEKOLAH;UNIT;2022/2023 GANJIL;NEGERI;KB;0
7044;15;JAMBI;1504;150401;DATA SEKOLAH;UNIT;2022/2023 GANJIL;NEGERI;TPA;0
7045;15;JAMBI;1504;150401;DATA SEKOLAH;UNIT;2022/2023 GANJIL;NEGERI;SPS;0
7046;15;JAMBI;1504;150401;DATA SEKOLAH;UNIT;2022/2023 GANJIL;NEGERI;PKBM;0
7047;15;JAMBI;1504;150401;DATA SEKOLAH;UNIT;2022/2023 GANJIL;NEGERI;SKB;0
7048;15;JAMBI;1504;150401;DATA SEKOLAH;UNIT;2022/2023 GANJIL;NEGERI;SD;23
7049;15;JAMBI;1504;150401;DATA SEKOLAH;UNIT;2022/2023 GANJIL;NEGERI;SMP;3
7050;15;JAMBI;1504;150401;DATA SEKOLAH;UNIT;2022/2023 GANJIL;NEGERI;SMA;1
7051;15;JAMBI;1504;150401;DATA SEKOLAH;UNIT;2022/2023 GANJIL;NEGERI;SMK;1
7052;15;JAMBI;1504;150401;DATA SEKOLAH;UNIT;2022/2023 GANJIL;NEGERI;SLB;0
7053;15;JAMBI;1505;150505;DATA SEKOLAH;UNIT;2022/2023 GANJIL;NEGERI;TK;1
7054;15;JAMBI;1505;150505;DATA SEKOLAH;UNIT;2022/2023 GANJIL;NEGERI;KB;0
7055;15;JAMBI;1505;150505;DATA SEKOLAH;UNIT;2022/2023 GANJIL;NEGERI;TPA;0
7056;15;JAMBI;1505;150505;DATA SEKOLAH;UNIT;2022/2023 GANJIL;NEGERI;SPS;0
7057;15;JAMBI;1505;150505;DATA SEKOLAH;UNIT;2022/2023 GANJIL;NEGERI;PKBM;0
7058;15;JAMBI;1505;150505;DATA SEKOLAH;UNIT;2022/2023 GANJIL;NEGERI;SKB;0
7059;15;JAMBI;1505;150505;DATA SEKOLAH;UNIT;2022/2023 GANJIL;NEGERI;SD;32
7060;15;JAMBI;1505;150505;DATA SEKOLAH;UNIT;2022/2023 GANJIL;NEGERI;SMP;9
7061;15;JAMBI;1505;150505;DATA SEKOLAH;UNIT;2022/2023 GANJIL;NEGERI;SMA;3
7062;15;JAMBI;1505;150505;DATA SEKOLAH;UNIT;2022/2023 GANJIL;NEGERI;SMK;1
7063;15;JAMBI;1505;150505;DATA SEKOLAH;UNIT;2022/2023 GANJIL;NEGERI;SLB;0
7064;15;JAMBI;1504;150403;DATA SEKOLAH;UNIT;2022/2023 GANJIL;NEGERI;TK;3
7065;15;JAMBI;1504;150403;DATA SEKOLAH;UNIT;2022/2023 GANJIL;NEGERI;KB;0
7066;15;JAMBI;1504;150403;DATA SEKOLAH;UNIT;2022/2023 GANJIL;NEGERI;TPA;0
7067;15;JAMBI;1504;150403;DATA SEKOLAH;UNIT;2022/2023 GANJIL;NEGERI;SPS;0
7068;15;JAMBI;1504;150403;DATA SEKOLAH;UNIT;2022/2023 GANJIL;NEGERI;PKBM;0
7069;15;JAMBI;1504;150403;DATA SEKOLAH;UNIT;2022/2023 GANJIL;NEGERI;SKB;1
7070;15;JAMBI;1504;150403;DATA SEKOLAH;UNIT;2022/2023 GANJIL;NEGERI;SD;36
7071;15;JAMBI;1504;150403;DATA SEKOLAH;UNIT;2022/2023 GANJIL;NEGERI;SMP;7
7072;15;JAMBI;1504;150403;DATA SEKOLAH;UNIT;2022/2023 GANJIL;NEGERI;SMA;3
7073;15;JAMBI;1504;150403;DATA SEKOLAH;UNIT;2022/2023 GANJIL;NEGERI;SMK;3
7074;15;JAMBI;1504;150403;DATA SEKOLAH;UNIT;2022/2023 GANJIL;NEGERI;SLB;1
7075;15;JAMBI;1506;150609;DATA SEKOLAH;UNIT;2022/2023 GANJIL;NEGERI;TK;0
7076;15;JAMBI;1506;150609;DATA SEKOLAH;UNIT;2022/2023 GANJIL;NEGERI;KB;0
7077;15;JAMBI;1506;150609;DATA SEKOLAH;UNIT;2022/2023 GANJIL;NEGERI;TPA;0
7078;15;JAMBI;1506;150609;DATA SEKOLAH;UNIT;2022/2023 GANJIL;NEGERI;SPS;0
7079;15;JAMBI;1506;150609;DATA SEKOLAH;UNIT;2022/2023 GANJIL;NEGERI;PKBM;0
7080;15;JAMBI;1506;150609;DATA SEKOLAH;UNIT;2022/2023 GANJIL;NEGERI;SKB;0
7081;15;JAMBI;1506;150609;DATA SEKOLAH;UNIT;2022/2023 GANJIL;NEGERI;SD;11
7082;15;JAMBI;1506;150609;DATA SEKOLAH;UNIT;2022/2023 GANJIL;NEGERI;SMP;3
7083;15;JAMBI;1506;150609;DATA SEKOLAH;UNIT;2022/2023 GANJIL;NEGERI;SMA;1
7084;15;JAMBI;1506;150609;DATA SEKOLAH;UNIT;2022/2023 GANJIL;NEGERI;SMK;0
7085;15;JAMBI;1506;150609;DATA SEKOLAH;UNIT;2022/2023 GANJIL;NEGERI;SLB;0
7086;15;JAMBI;1507;150707;DATA SEKOLAH;UNIT;2022/2023 GANJIL;NEGERI;TK;1
7087;15;JAMBI;1507;150707;DATA SEKOLAH;UNIT;2022/2023 GANJIL;NEGERI;KB;0
7088;15;JAMBI;1507;150707;DATA SEKOLAH;UNIT;2022/2023 GANJIL;NEGERI;TPA;0
7089;15;JAMBI;1507;150707;DATA SEKOLAH;UNIT;2022/2023 GANJIL;NEGERI;SPS;0
7090;15;JAMBI;1507;150707;DATA SEKOLAH;UNIT;2022/2023 GANJIL;NEGERI;PKBM;0
7091;15;JAMBI;1507;150707;DATA SEKOLAH;UNIT;2022/2023 GANJIL;NEGERI;SKB;0
7092;15;JAMBI;1507;150707;DATA SEKOLAH;UNIT;2022/2023 GANJIL;NEGERI;SD;13
7093;15;JAMBI;1507;150707;DATA SEKOLAH;UNIT;2022/2023 GANJIL;NEGERI;SMP;2
7094;15;JAMBI;1507;150707;DATA SEKOLAH;UNIT;2022/2023 GANJIL;NEGERI;SMA;1
7095;15;JAMBI;1507;150707;DATA SEKOLAH;UNIT;2022/2023 GANJIL;NEGERI;SMK;1
7096;15;JAMBI;1507;150707;DATA SEKOLAH;UNIT;2022/2023 GANJIL;NEGERI;SLB;1
7097;15;JAMBI;1507;150701;DATA SEKOLAH;UNIT;2022/2023 GANJIL;NEGERI;TK;1
7098;15;JAMBI;1507;150701;DATA SEKOLAH;UNIT;2022/2023 GANJIL;NEGERI;KB;0
7099;15;JAMBI;1507;150701;DATA SEKOLAH;UNIT;2022/2023 GANJIL;NEGERI;TPA;0
7100;15;JAMBI;1507;150701;DATA SEKOLAH;UNIT;2022/2023 GANJIL;NEGERI;SPS;0
7101;15;JAMBI;1507;150701;DATA SEKOLAH;UNIT;2022/2023 GANJIL;NEGERI;PKBM;0
7102;15;JAMBI;1507;150701;DATA SEKOLAH;UNIT;2022/2023 GANJIL;NEGERI;SKB;1
7103;15;JAMBI;1507;150701;DATA SEKOLAH;UNIT;2022/2023 GANJIL;NEGERI;SD;23
7104;15;JAMBI;1507;150701;DATA SEKOLAH;UNIT;2022/2023 GANJIL;NEGERI;SMP;6
7105;15;JAMBI;1507;150701;DATA SEKOLAH;UNIT;2022/2023 GANJIL;NEGERI;SMA;1
7106;15;JAMBI;1507;150701;DATA SEKOLAH;UNIT;2022/2023 GANJIL;NEGERI;SMK;1
7107;15;JAMBI;1507;150701;DATA SEKOLAH;UNIT;2022/2023 GANJIL;NEGERI;SLB;0
7108;15;JAMBI;1502;150203;DATA SEKOLAH;UNIT;2022/2023 GANJIL;NEGERI;TK;0
7109;15;JAMBI;1502;150203;DATA SEKOLAH;UNIT;2022/2023 GANJIL;NEGERI;KB;0
7110;15;JAMBI;1502;150203;DATA SEKOLAH;UNIT;2022/2023 GANJIL;NEGERI;TPA;0
7111;15;JAMBI;1502;150203;DATA SEKOLAH;UNIT;2022/2023 GANJIL;NEGERI;SPS;0
7112;15;JAMBI;1502;150203;DATA SEKOLAH;UNIT;2022/2023 GANJIL;NEGERI;PKBM;0
7113;15;JAMBI;1502;150203;DATA SEKOLAH;UNIT;2022/2023 GANJIL;NEGERI;SKB;0
7114;15;JAMBI;1502;150203;DATA SEKOLAH;UNIT;2022/2023 GANJIL;NEGERI;SD;17
7115;15;JAMBI;1502;150203;DATA SEKOLAH;UNIT;2022/2023 GANJIL;NEGERI;SMP;3
7116;15;JAMBI;1502;150203;DATA SEKOLAH;UNIT;2022/2023 GANJIL;NEGERI;SMA;1
7117;15;JAMBI;1502;150203;DATA SEKOLAH;UNIT;2022/2023 GANJIL;NEGERI;SMK;0
7118;15;JAMBI;1502;150203;DATA SEKOLAH;UNIT;2022/2023 GANJIL;NEGERI;SLB;0
7119;15;JAMBI;1509;150912;DATA SEKOLAH;UNIT;2022/2023 GANJIL;NEGERI;TK;1
7120;15;JAMBI;1509;150912;DATA SEKOLAH;UNIT;2022/2023 GANJIL;NEGERI;KB;0
7121;15;JAMBI;1509;150912;DATA SEKOLAH;UNIT;2022/2023 GANJIL;NEGERI;TPA;0
7122;15;JAMBI;1509;150912;DATA SEKOLAH;UNIT;2022/2023 GANJIL;NEGERI;SPS;0
7123;15;JAMBI;1509;150912;DATA SEKOLAH;UNIT;2022/2023 GANJIL;NEGERI;PKBM;0
7124;15;JAMBI;1509;150912;DATA SEKOLAH;UNIT;2022/2023 GANJIL;NEGERI;SKB;0
7125;15;JAMBI;1509;150912;DATA SEKOLAH;UNIT;2022/2023 GANJIL;NEGERI;SD;11
7126;15;JAMBI;1509;150912;DATA SEKOLAH;UNIT;2022/2023 GANJIL;NEGERI;SMP;3
7127;15;JAMBI;1509;150912;DATA SEKOLAH;UNIT;2022/2023 GANJIL;NEGERI;SMA;1
7128;15;JAMBI;1509;150912;DATA SEKOLAH;UNIT;2022/2023 GANJIL;NEGERI;SMK;0
7129;15;JAMBI;1509;150912;DATA SEKOLAH;UNIT;2022/2023 GANJIL;NEGERI;SLB;0
7130;15;JAMBI;1504;150402;DATA SEKOLAH;UNIT;2022/2023 GANJIL;NEGERI;TK;2
7131;15;JAMBI;1504;150402;DATA SEKOLAH;UNIT;2022/2023 GANJIL;NEGERI;KB;0
7132;15;JAMBI;1504;150402;DATA SEKOLAH;UNIT;2022/2023 GANJIL;NEGERI;TPA;0
7133;15;JAMBI;1504;150402;DATA SEKOLAH;UNIT;2022/2023 GANJIL;NEGERI;SPS;0
7134;15;JAMBI;1504;150402;DATA SEKOLAH;UNIT;2022/2023 GANJIL;NEGERI;PKBM;0
7135;15;JAMBI;1504;150402;DATA SEKOLAH;UNIT;2022/2023 GANJIL;NEGERI;SKB;0
7136;15;JAMBI;1504;150402;DATA SEKOLAH;UNIT;2022/2023 GANJIL;NEGERI;SD;25
7137;15;JAMBI;1504;150402;DATA SEKOLAH;UNIT;2022/2023 GANJIL;NEGERI;SMP;4
7138;15;JAMBI;1504;150402;DATA SEKOLAH;UNIT;2022/2023 GANJIL;NEGERI;SMA;1
7139;15;JAMBI;1504;150402;DATA SEKOLAH;UNIT;2022/2023 GANJIL;NEGERI;SMK;0
7140;15;JAMBI;1504;150402;DATA SEKOLAH;UNIT;2022/2023 GANJIL;NEGERI;SLB;0
7141;15;JAMBI;1508;150808;DATA SEKOLAH;UNIT;2022/2023 GANJIL;NEGERI;TK;0
7142;15;JAMBI;1508;150808;DATA SEKOLAH;UNIT;2022/2023 GANJIL;NEGERI;KB;0
7143;15;JAMBI;1508;150808;DATA SEKOLAH;UNIT;2022/2023 GANJIL;NEGERI;TPA;0
7144;15;JAMBI;1508;150808;DATA SEKOLAH;UNIT;2022/2023 GANJIL;NEGERI;SPS;0
7145;15;JAMBI;1508;150808;DATA SEKOLAH;UNIT;2022/2023 GANJIL;NEGERI;PKBM;0
7146;15;JAMBI;1508;150808;DATA SEKOLAH;UNIT;2022/2023 GANJIL;NEGERI;SKB;0
7147;15;JAMBI;1508;150808;DATA SEKOLAH;UNIT;2022/2023 GANJIL;NEGERI;SD;14
7148;15;JAMBI;1508;150808;DATA SEKOLAH;UNIT;2022/2023 GANJIL;NEGERI;SMP;3
7149;15;JAMBI;1508;150808;DATA SEKOLAH;UNIT;2022/2023 GANJIL;NEGERI;SMA;1
7150;15;JAMBI;1508;150808;DATA SEKOLAH;UNIT;2022/2023 GANJIL;NEGERI;SMK;1
7151;15;JAMBI;1508;150808;DATA SEKOLAH;UNIT;2022/2023 GANJIL;NEGERI;SLB;0
7152;15;JAMBI;1502;150211;DATA SEKOLAH;UNIT;2022/2023 GANJIL;NEGERI;TK;0
7153;15;JAMBI;1502;150211;DATA SEKOLAH;UNIT;2022/2023 GANJIL;NEGERI;KB;0
7154;15;JAMBI;1502;150211;DATA SEKOLAH;UNIT;2022/2023 GANJIL;NEGERI;TPA;0
7155;15;JAMBI;1502;150211;DATA SEKOLAH;UNIT;2022/2023 GANJIL;NEGERI;SPS;0
7156;15;JAMBI;1502;150211;DATA SEKOLAH;UNIT;2022/2023 GANJIL;NEGERI;PKBM;0
7157;15;JAMBI;1502;150211;DATA SEKOLAH;UNIT;2022/2023 GANJIL;NEGERI;SKB;0
7158;15;JAMBI;1502;150211;DATA SEKOLAH;UNIT;2022/2023 GANJIL;NEGERI;SD;11
7159;15;JAMBI;1502;150211;DATA SEKOLAH;UNIT;2022/2023 GANJIL;NEGERI;SMP;3
7160;15;JAMBI;1502;150211;DATA SEKOLAH;UNIT;2022/2023 GANJIL;NEGERI;SMA;1
7161;15;JAMBI;1502;150211;DATA SEKOLAH;UNIT;2022/2023 GANJIL;NEGERI;SMK;1
7162;15;JAMBI;1502;150211;DATA SEKOLAH;UNIT;2022/2023 GANJIL;NEGERI;SLB;0
7163;15;JAMBI;1507;150702;DATA SEKOLAH;UNIT;2022/2023 GANJIL;NEGERI;TK;3
7164;15;JAMBI;1507;150702;DATA SEKOLAH;UNIT;2022/2023 GANJIL;NEGERI;KB;0
7165;15;JAMBI;1507;150702;DATA SEKOLAH;UNIT;2022/2023 GANJIL;NEGERI;TPA;0
7166;15;JAMBI;1507;150702;DATA SEKOLAH;UNIT;2022/2023 GANJIL;NEGERI;SPS;0
7167;15;JAMBI;1507;150702;DATA SEKOLAH;UNIT;2022/2023 GANJIL;NEGERI;PKBM;0
7168;15;JAMBI;1507;150702;DATA SEKOLAH;UNIT;2022/2023 GANJIL;NEGERI;SKB;0
7169;15;JAMBI;1507;150702;DATA SEKOLAH;UNIT;2022/2023 GANJIL;NEGERI;SD;26
7170;15;JAMBI;1507;150702;DATA SEKOLAH;UNIT;2022/2023 GANJIL;NEGERI;SMP;7
7171;15;JAMBI;1507;150702;DATA SEKOLAH;UNIT;2022/2023 GANJIL;NEGERI;SMA;1
7172;15;JAMBI;1507;150702;DATA SEKOLAH;UNIT;2022/2023 GANJIL;NEGERI;SMK;1
7173;15;JAMBI;1507;150702;DATA SEKOLAH;UNIT;2022/2023 GANJIL;NEGERI;SLB;0
7174;15;JAMBI;1571;157111;DATA SEKOLAH;UNIT;2022/2023 GANJIL;NEGERI;TK;0
7175;15;JAMBI;1571;157111;DATA SEKOLAH;UNIT;2022/2023 GANJIL;NEGERI;KB;0
7176;15;JAMBI;1571;157111;DATA SEKOLAH;UNIT;2022/2023 GANJIL;NEGERI;TPA;0
7177;15;JAMBI;1571;157111;DATA SEKOLAH;UNIT;2022/2023 GANJIL;NEGERI;SPS;0
7178;15;JAMBI;1571;157111;DATA SEKOLAH;UNIT;2022/2023 GANJIL;NEGERI;PKBM;0
7179;15;JAMBI;1571;157111;DATA SEKOLAH;UNIT;2022/2023 GANJIL;NEGERI;SKB;0
7180;15;JAMBI;1571;157111;DATA SEKOLAH;UNIT;2022/2023 GANJIL;NEGERI;SD;15
7181;15;JAMBI;1571;157111;DATA SEKOLAH;UNIT;2022/2023 GANJIL;NEGERI;SMP;3
7182;15;JAMBI;1571;157111;DATA SEKOLAH;UNIT;2022/2023 GANJIL;NEGERI;SMA;2
7183;15;JAMBI;1571;157111;DATA SEKOLAH;UNIT;2022/2023 GANJIL;NEGERI;SMK;1
7184;15;JAMBI;1571;157111;DATA SEKOLAH;UNIT;2022/2023 GANJIL;NEGERI;SLB;0
7185;15;JAMBI;1502;150206;DATA SEKOLAH;UNIT;2022/2023 GANJIL;NEGERI;TK;0
7186;15;JAMBI;1502;150206;DATA SEKOLAH;UNIT;2022/2023 GANJIL;NEGERI;KB;0
7187;15;JAMBI;1502;150206;DATA SEKOLAH;UNIT;2022/2023 GANJIL;NEGERI;TPA;0
7188;15;JAMBI;1502;150206;DATA SEKOLAH;UNIT;2022/2023 GANJIL;NEGERI;SPS;0
7189;15;JAMBI;1502;150206;DATA SEKOLAH;UNIT;2022/2023 GANJIL;NEGERI;PKBM;0
7190;15;JAMBI;1502;150206;DATA SEKOLAH;UNIT;2022/2023 GANJIL;NEGERI;SKB;0
7191;15;JAMBI;1502;150206;DATA SEKOLAH;UNIT;2022/2023 GANJIL;NEGERI;SD;22
7192;15;JAMBI;1502;150206;DATA SEKOLAH;UNIT;2022/2023 GANJIL;NEGERI;SMP;5
7193;15;JAMBI;1502;150206;DATA SEKOLAH;UNIT;2022/2023 GANJIL;NEGERI;SMA;1
7194;15;JAMBI;1502;150206;DATA SEKOLAH;UNIT;2022/2023 GANJIL;NEGERI;SMK;1
7195;15;JAMBI;1502;150206;DATA SEKOLAH;UNIT;2022/2023 GANJIL;NEGERI;SLB;0
7196;15;JAMBI;1502;150213;DATA SEKOLAH;UNIT;2022/2023 GANJIL;NEGERI;TK;0
7197;15;JAMBI;1502;150213;DATA SEKOLAH;UNIT;2022/2023 GANJIL;NEGERI;KB;0
7198;15;JAMBI;1502;150213;DATA SEKOLAH;UNIT;2022/2023 GANJIL;NEGERI;TPA;0
7199;15;JAMBI;1502;150213;DATA SEKOLAH;UNIT;2022/2023 GANJIL;NEGERI;SPS;0
7200;15;JAMBI;1502;150213;DATA SEKOLAH;UNIT;2022/2023 GANJIL;NEGERI;PKBM;0
7201;15;JAMBI;1502;150213;DATA SEKOLAH;UNIT;2022/2023 GANJIL;NEGERI;SKB;0
7202;15;JAMBI;1502;150213;DATA SEKOLAH;UNIT;2022/2023 GANJIL;NEGERI;SD;12
7203;15;JAMBI;1502;150213;DATA SEKOLAH;UNIT;2022/2023 GANJIL;NEGERI;SMP;3
7204;15;JAMBI;1502;150213;DATA SEKOLAH;UNIT;2022/2023 GANJIL;NEGERI;SMA;1
7205;15;JAMBI;1502;150213;DATA SEKOLAH;UNIT;2022/2023 GANJIL;NEGERI;SMK;1
7206;15;JAMBI;1502;150213;DATA SEKOLAH;UNIT;2022/2023 GANJIL;NEGERI;SLB;1
7207;15;JAMBI;1502;150220;DATA SEKOLAH;UNIT;2022/2023 GANJIL;NEGERI;TK;0
7208;15;JAMBI;1502;150220;DATA SEKOLAH;UNIT;2022/2023 GANJIL;NEGERI;KB;0
7209;15;JAMBI;1502;150220;DATA SEKOLAH;UNIT;2022/2023 GANJIL;NEGERI;TPA;0
7210;15;JAMBI;1502;150220;DATA SEKOLAH;UNIT;2022/2023 GANJIL;NEGERI;SPS;0
7211;15;JAMBI;1502;150220;DATA SEKOLAH;UNIT;2022/2023 GANJIL;NEGERI;PKBM;0
7212;15;JAMBI;1502;150220;DATA SEKOLAH;UNIT;2022/2023 GANJIL;NEGERI;SKB;0
7213;15;JAMBI;1502;150220;DATA SEKOLAH;UNIT;2022/2023 GANJIL;NEGERI;SD;7
7214;15;JAMBI;1502;150220;DATA SEKOLAH;UNIT;2022/2023 GANJIL;NEGERI;SMP;4
7215;15;JAMBI;1502;150220;DATA SEKOLAH;UNIT;2022/2023 GANJIL;NEGERI;SMA;0
7216;15;JAMBI;1502;150220;DATA SEKOLAH;UNIT;2022/2023 GANJIL;NEGERI;SMK;1
7217;15;JAMBI;1502;150220;DATA SEKOLAH;UNIT;2022/2023 GANJIL;NEGERI;SLB;0
7218;15;JAMBI;1502;150217;DATA SEKOLAH;UNIT;2022/2023 GANJIL;NEGERI;TK;0
7219;15;JAMBI;1502;150217;DATA SEKOLAH;UNIT;2022/2023 GANJIL;NEGERI;KB;0
7220;15;JAMBI;1502;150217;DATA SEKOLAH;UNIT;2022/2023 GANJIL;NEGERI;TPA;0
7221;15;JAMBI;1502;150217;DATA SEKOLAH;UNIT;2022/2023 GANJIL;NEGERI;SPS;0
7222;15;JAMBI;1502;150217;DATA SEKOLAH;UNIT;2022/2023 GANJIL;NEGERI;PKBM;0
7223;15;JAMBI;1502;150217;DATA SEKOLAH;UNIT;2022/2023 GANJIL;NEGERI;SKB;0
7224;15;JAMBI;1502;150217;DATA SEKOLAH;UNIT;2022/2023 GANJIL;NEGERI;SD;8
7225;15;JAMBI;1502;150217;DATA SEKOLAH;UNIT;2022/2023 GANJIL;NEGERI;SMP;1
7226;15;JAMBI;1502;150217;DATA SEKOLAH;UNIT;2022/2023 GANJIL;NEGERI;SMA;0
7227;15;JAMBI;1502;150217;DATA SEKOLAH;UNIT;2022/2023 GANJIL;NEGERI;SMK;1
7228;15;JAMBI;1502;150217;DATA SEKOLAH;UNIT;2022/2023 GANJIL;NEGERI;SLB;0
7229;15;JAMBI;1571;157104;DATA SEKOLAH;UNIT;2022/2023 GANJIL;NEGERI;TK;0
7230;15;JAMBI;1571;157104;DATA SEKOLAH;UNIT;2022/2023 GANJIL;NEGERI;KB;0
7231;15;JAMBI;1571;157104;DATA SEKOLAH;UNIT;2022/2023 GANJIL;NEGERI;TPA;0
7232;15;JAMBI;1571;157104;DATA SEKOLAH;UNIT;2022/2023 GANJIL;NEGERI;SPS;0
7233;15;JAMBI;1571;157104;DATA SEKOLAH;UNIT;2022/2023 GANJIL;NEGERI;PKBM;0
7234;15;JAMBI;1571;157104;DATA SEKOLAH;UNIT;2022/2023 GANJIL;NEGERI;SKB;0
7235;15;JAMBI;1571;157104;DATA SEKOLAH;UNIT;2022/2023 GANJIL;NEGERI;SD;4
7236;15;JAMBI;1571;157104;DATA SEKOLAH;UNIT;2022/2023 GANJIL;NEGERI;SMP;2
7237;15;JAMBI;1571;157104;DATA SEKOLAH;UNIT;2022/2023 GANJIL;NEGERI;SMA;0
7238;15;JAMBI;1571;157104;DATA SEKOLAH;UNIT;2022/2023 GANJIL;NEGERI;SMK;0
7239;15;JAMBI;1571;157104;DATA SEKOLAH;UNIT;2022/2023 GANJIL;NEGERI;SLB;0
7240;15;JAMBI;1508;150803;DATA SEKOLAH;UNIT;2022/2023 GANJIL;NEGERI;TK;0
7241;15;JAMBI;1508;150803;DATA SEKOLAH;UNIT;2022/2023 GANJIL;NEGERI;KB;0
7242;15;JAMBI;1508;150803;DATA SEKOLAH;UNIT;2022/2023 GANJIL;NEGERI;TPA;0
7243;15;JAMBI;1508;150803;DATA SEKOLAH;UNIT;2022/2023 GANJIL;NEGERI;SPS;0
7244;15;JAMBI;1508;150803;DATA SEKOLAH;UNIT;2022/2023 GANJIL;NEGERI;PKBM;0
7245;15;JAMBI;1508;150803;DATA SEKOLAH;UNIT;2022/2023 GANJIL;NEGERI;SKB;0
7246;15;JAMBI;1508;150803;DATA SEKOLAH;UNIT;2022/2023 GANJIL;NEGERI;SD;7
7247;15;JAMBI;1508;150803;DATA SEKOLAH;UNIT;2022/2023 GANJIL;NEGERI;SMP;3
7248;15;JAMBI;1508;150803;DATA SEKOLAH;UNIT;2022/2023 GANJIL;NEGERI;SMA;0
7249;15;JAMBI;1508;150803;DATA SEKOLAH;UNIT;2022/2023 GANJIL;NEGERI;SMK;0
7250;15;JAMBI;1508;150803;DATA SEKOLAH;UNIT;2022/2023 GANJIL;NEGERI;SLB;0
7251;15;JAMBI;1503;150304;DATA SEKOLAH;UNIT;2022/2023 GANJIL;NEGERI;TK;0
7252;15;JAMBI;1503;150304;DATA SEKOLAH;UNIT;2022/2023 GANJIL;NEGERI;KB;0
7253;15;JAMBI;1503;150304;DATA SEKOLAH;UNIT;2022/2023 GANJIL;NEGERI;TPA;0
7254;15;JAMBI;1503;150304;DATA SEKOLAH;UNIT;2022/2023 GANJIL;NEGERI;SPS;0
7255;15;JAMBI;1503;150304;DATA SEKOLAH;UNIT;2022/2023 GANJIL;NEGERI;PKBM;0
7256;15;JAMBI;1503;150304;DATA SEKOLAH;UNIT;2022/2023 GANJIL;NEGERI;SKB;0
7257;15;JAMBI;1503;150304;DATA SEKOLAH;UNIT;2022/2023 GANJIL;NEGERI;SD;16
7258;15;JAMBI;1503;150304;DATA SEKOLAH;UNIT;2022/2023 GANJIL;NEGERI;SMP;5
7259;15;JAMBI;1503;150304;DATA SEKOLAH;UNIT;2022/2023 GANJIL;NEGERI;SMA;1
7260;15;JAMBI;1503;150304;DATA SEKOLAH;UNIT;2022/2023 GANJIL;NEGERI;SMK;1
7261;15;JAMBI;1503;150304;DATA SEKOLAH;UNIT;2022/2023 GANJIL;NEGERI;SLB;0
7262;15;JAMBI;1503;150305;DATA SEKOLAH;UNIT;2022/2023 GANJIL;NEGERI;TK;0
7263;15;JAMBI;1503;150305;DATA SEKOLAH;UNIT;2022/2023 GANJIL;NEGERI;KB;0
7264;15;JAMBI;1503;150305;DATA SEKOLAH;UNIT;2022/2023 GANJIL;NEGERI;TPA;0
7265;15;JAMBI;1503;150305;DATA SEKOLAH;UNIT;2022/2023 GANJIL;NEGERI;SPS;0
7266;15;JAMBI;1503;150305;DATA SEKOLAH;UNIT;2022/2023 GANJIL;NEGERI;PKBM;0
7267;15;JAMBI;1503;150305;DATA SEKOLAH;UNIT;2022/2023 GANJIL;NEGERI;SKB;0
7268;15;JAMBI;1503;150305;DATA SEKOLAH;UNIT;2022/2023 GANJIL;NEGERI;SD;23
7269;15;JAMBI;1503;150305;DATA SEKOLAH;UNIT;2022/2023 GANJIL;NEGERI;SMP;3
7270;15;JAMBI;1503;150305;DATA SEKOLAH;UNIT;2022/2023 GANJIL;NEGERI;SMA;2
7271;15;JAMBI;1503;150305;DATA SEKOLAH;UNIT;2022/2023 GANJIL;NEGERI;SMK;1
7272;15;JAMBI;1503;150305;DATA SEKOLAH;UNIT;2022/2023 GANJIL;NEGERI;SLB;0
7273;15;JAMBI;1571;157105;DATA SEKOLAH;UNIT;2022/2023 GANJIL;NEGERI;TK;0
7274;15;JAMBI;1571;157105;DATA SEKOLAH;UNIT;2022/2023 GANJIL;NEGERI;KB;0
7275;15;JAMBI;1571;157105;DATA SEKOLAH;UNIT;2022/2023 GANJIL;NEGERI;TPA;0
7276;15;JAMBI;1571;157105;DATA SEKOLAH;UNIT;2022/2023 GANJIL;NEGERI;SPS;0
7277;15;JAMBI;1571;157105;DATA SEKOLAH;UNIT;2022/2023 GANJIL;NEGERI;PKBM;0
7278;15;JAMBI;1571;157105;DATA SEKOLAH;UNIT;2022/2023 GANJIL;NEGERI;SKB;0
7279;15;JAMBI;1571;157105;DATA SEKOLAH;UNIT;2022/2023 GANJIL;NEGERI;SD;4
7280;15;JAMBI;1571;157105;DATA SEKOLAH;UNIT;2022/2023 GANJIL;NEGERI;SMP;1
7281;15;JAMBI;1571;157105;DATA SEKOLAH;UNIT;2022/2023 GANJIL;NEGERI;SMA;0
7282;15;JAMBI;1571;157105;DATA SEKOLAH;UNIT;2022/2023 GANJIL;NEGERI;SMK;0
7283;15;JAMBI;1571;157105;DATA SEKOLAH;UNIT;2022/2023 GANJIL;NEGERI;SLB;0
7284;15;JAMBI;1508;150806;DATA SEKOLAH;UNIT;2022/2023 GANJIL;NEGERI;TK;0
7285;15;JAMBI;1508;150806;DATA SEKOLAH;UNIT;2022/2023 GANJIL;NEGERI;KB;0
7286;15;JAMBI;1508;150806;DATA SEKOLAH;UNIT;2022/2023 GANJIL;NEGERI;TPA;0
7287;15;JAMBI;1508;150806;DATA SEKOLAH;UNIT;2022/2023 GANJIL;NEGERI;SPS;0
7288;15;JAMBI;1508;150806;DATA SEKOLAH;UNIT;2022/2023 GANJIL;NEGERI;PKBM;0
7289;15;JAMBI;1508;150806;DATA SEKOLAH;UNIT;2022/2023 GANJIL;NEGERI;SKB;0
7290;15;JAMBI;1508;150806;DATA SEKOLAH;UNIT;2022/2023 GANJIL;NEGERI;SD;26
7291;15;JAMBI;1508;150806;DATA SEKOLAH;UNIT;2022/2023 GANJIL;NEGERI;SMP;6
7292;15;JAMBI;1508;150806;DATA SEKOLAH;UNIT;2022/2023 GANJIL;NEGERI;SMA;1
7293;15;JAMBI;1508;150806;DATA SEKOLAH;UNIT;2022/2023 GANJIL;NEGERI;SMK;3
7294;15;JAMBI;1508;150806;DATA SEKOLAH;UNIT;2022/2023 GANJIL;NEGERI;SLB;0
7295;15;JAMBI;1508;150809;DATA SEKOLAH;UNIT;2022/2023 GANJIL;NEGERI;TK;0
7296;15;JAMBI;1508;150809;DATA SEKOLAH;UNIT;2022/2023 GANJIL;NEGERI;KB;0
7297;15;JAMBI;1508;150809;DATA SEKOLAH;UNIT;2022/2023 GANJIL;NEGERI;TPA;0
7298;15;JAMBI;1508;150809;DATA SEKOLAH;UNIT;2022/2023 GANJIL;NEGERI;SPS;0
7299;15;JAMBI;1508;150809;DATA SEKOLAH;UNIT;2022/2023 GANJIL;NEGERI;PKBM;0
7300;15;JAMBI;1508;150809;DATA SEKOLAH;UNIT;2022/2023 GANJIL;NEGERI;SKB;0
7301;15;JAMBI;1508;150809;DATA SEKOLAH;UNIT;2022/2023 GANJIL;NEGERI;SD;25
7302;15;JAMBI;1508;150809;DATA SEKOLAH;UNIT;2022/2023 GANJIL;NEGERI;SMP;6
7303;15;JAMBI;1508;150809;DATA SEKOLAH;UNIT;2022/2023 GANJIL;NEGERI;SMA;2
7304;15;JAMBI;1508;150809;DATA SEKOLAH;UNIT;2022/2023 GANJIL;NEGERI;SMK;2
7305;15;JAMBI;1508;150809;DATA SEKOLAH;UNIT;2022/2023 GANJIL;NEGERI;SLB;0
7306;15;JAMBI;1504;150405;DATA SEKOLAH;UNIT;2022/2023 GANJIL;NEGERI;TK;1
7307;15;JAMBI;1504;150405;DATA SEKOLAH;UNIT;2022/2023 GANJIL;NEGERI;KB;0
7308;15;JAMBI;1504;150405;DATA SEKOLAH;UNIT;2022/2023 GANJIL;NEGERI;TPA;0
7309;15;JAMBI;1504;150405;DATA SEKOLAH;UNIT;2022/2023 GANJIL;NEGERI;SPS;0
7310;15;JAMBI;1504;150405;DATA SEKOLAH;UNIT;2022/2023 GANJIL;NEGERI;PKBM;0
7311;15;JAMBI;1504;150405;DATA SEKOLAH;UNIT;2022/2023 GANJIL;NEGERI;SKB;0
7312;15;JAMBI;1504;150405;DATA SEKOLAH;UNIT;2022/2023 GANJIL;NEGERI;SD;27
7313;15;JAMBI;1504;150405;DATA SEKOLAH;UNIT;2022/2023 GANJIL;NEGERI;SMP;6
7314;15;JAMBI;1504;150405;DATA SEKOLAH;UNIT;2022/2023 GANJIL;NEGERI;SMA;1
7315;15;JAMBI;1504;150405;DATA SEKOLAH;UNIT;2022/2023 GANJIL;NEGERI;SMK;1
7316;15;JAMBI;1504;150405;DATA SEKOLAH;UNIT;2022/2023 GANJIL;NEGERI;SLB;0
7317;15;JAMBI;1506;150603;DATA SEKOLAH;UNIT;2022/2023 GANJIL;NEGERI;TK;0
7318;15;JAMBI;1506;150603;DATA SEKOLAH;UNIT;2022/2023 GANJIL;NEGERI;KB;0
7319;15;JAMBI;1506;150603;DATA SEKOLAH;UNIT;2022/2023 GANJIL;NEGERI;TPA;0
7320;15;JAMBI;1506;150603;DATA SEKOLAH;UNIT;2022/2023 GANJIL;NEGERI;SPS;0
7321;15;JAMBI;1506;150603;DATA SEKOLAH;UNIT;2022/2023 GANJIL;NEGERI;PKBM;0
7322;15;JAMBI;1506;150603;DATA SEKOLAH;UNIT;2022/2023 GANJIL;NEGERI;SKB;0
7323;15;JAMBI;1506;150603;DATA SEKOLAH;UNIT;2022/2023 GANJIL;NEGERI;SD;25
7324;15;JAMBI;1506;150603;DATA SEKOLAH;UNIT;2022/2023 GANJIL;NEGERI;SMP;5
7325;15;JAMBI;1506;150603;DATA SEKOLAH;UNIT;2022/2023 GANJIL;NEGERI;SMA;2
7326;15;JAMBI;1506;150603;DATA SEKOLAH;UNIT;2022/2023 GANJIL;NEGERI;SMK;1
7327;15;JAMBI;1506;150603;DATA SEKOLAH;UNIT;2022/2023 GANJIL;NEGERI;SLB;0
7328;15;JAMBI;1572;157202;DATA SEKOLAH;UNIT;2022/2023 GANJIL;NEGERI;TK;1
7329;15;JAMBI;1572;157202;DATA SEKOLAH;UNIT;2022/2023 GANJIL;NEGERI;KB;0
7330;15;JAMBI;1572;157202;DATA SEKOLAH;UNIT;2022/2023 GANJIL;NEGERI;TPA;0
7331;15;JAMBI;1572;157202;DATA SEKOLAH;UNIT;2022/2023 GANJIL;NEGERI;SPS;0
7332;15;JAMBI;1572;157202;DATA SEKOLAH;UNIT;2022/2023 GANJIL;NEGERI;PKBM;0
7333;15;JAMBI;1572;157202;DATA SEKOLAH;UNIT;2022/2023 GANJIL;NEGERI;SKB;0
7334;15;JAMBI;1572;157202;DATA SEKOLAH;UNIT;2022/2023 GANJIL;NEGERI;SD;8
7335;15;JAMBI;1572;157202;DATA SEKOLAH;UNIT;2022/2023 GANJIL;NEGERI;SMP;2
7336;15;JAMBI;1572;157202;DATA SEKOLAH;UNIT;2022/2023 GANJIL;NEGERI;SMA;0
7337;15;JAMBI;1572;157202;DATA SEKOLAH;UNIT;2022/2023 GANJIL;NEGERI;SMK;2
7338;15;JAMBI;1572;157202;DATA SEKOLAH;UNIT;2022/2023 GANJIL;NEGERI;SLB;0
7339;15;JAMBI;1572;157206;DATA SEKOLAH;UNIT;2022/2023 GANJIL;NEGERI;TK;1
7340;15;JAMBI;1572;157206;DATA SEKOLAH;UNIT;2022/2023 GANJIL;NEGERI;KB;0
7341;15;JAMBI;1572;157206;DATA SEKOLAH;UNIT;2022/2023 GANJIL;NEGERI;TPA;0
7342;15;JAMBI;1572;157206;DATA SEKOLAH;UNIT;2022/2023 GANJIL;NEGERI;SPS;0
7343;15;JAMBI;1572;157206;DATA SEKOLAH;UNIT;2022/2023 GANJIL;NEGERI;PKBM;0
7344;15;JAMBI;1572;157206;DATA SEKOLAH;UNIT;2022/2023 GANJIL;NEGERI;SKB;0
7345;15;JAMBI;1572;157206;DATA SEKOLAH;UNIT;2022/2023 GANJIL;NEGERI;SD;10
7346;15;JAMBI;1572;157206;DATA SEKOLAH;UNIT;2022/2023 GANJIL;NEGERI;SMP;1
7347;15;JAMBI;1572;157206;DATA SEKOLAH;UNIT;2022/2023 GANJIL;NEGERI;SMA;1
7348;15;JAMBI;1572;157206;DATA SEKOLAH;UNIT;2022/2023 GANJIL;NEGERI;SMK;0
7349;15;JAMBI;1572;157206;DATA SEKOLAH;UNIT;2022/2023 GANJIL;NEGERI;SLB;0
7350;15;JAMBI;1508;150802;DATA SEKOLAH;UNIT;2022/2023 GANJIL;NEGERI;TK;1
7351;15;JAMBI;1508;150802;DATA SEKOLAH;UNIT;2022/2023 GANJIL;NEGERI;KB;0
7352;15;JAMBI;1508;150802;DATA SEKOLAH;UNIT;2022/2023 GANJIL;NEGERI;TPA;0
7353;15;JAMBI;1508;150802;DATA SEKOLAH;UNIT;2022/2023 GANJIL;NEGERI;SPS;0
7354;15;JAMBI;1508;150802;DATA SEKOLAH;UNIT;2022/2023 GANJIL;NEGERI;PKBM;0
7355;15;JAMBI;1508;150802;DATA SEKOLAH;UNIT;2022/2023 GANJIL;NEGERI;SKB;0
7356;15;JAMBI;1508;150802;DATA SEKOLAH;UNIT;2022/2023 GANJIL;NEGERI;SD;10
7357;15;JAMBI;1508;150802;DATA SEKOLAH;UNIT;2022/2023 GANJIL;NEGERI;SMP;3
7358;15;JAMBI;1508;150802;DATA SEKOLAH;UNIT;2022/2023 GANJIL;NEGERI;SMA;1
7359;15;JAMBI;1508;150802;DATA SEKOLAH;UNIT;2022/2023 GANJIL;NEGERI;SMK;0
7360;15;JAMBI;1508;150802;DATA SEKOLAH;UNIT;2022/2023 GANJIL;NEGERI;SLB;0
7361;15;JAMBI;1507;150704;DATA SEKOLAH;UNIT;2022/2023 GANJIL;NEGERI;TK;1
7362;15;JAMBI;1507;150704;DATA SEKOLAH;UNIT;2022/2023 GANJIL;NEGERI;KB;0
7363;15;JAMBI;1507;150704;DATA SEKOLAH;UNIT;2022/2023 GANJIL;NEGERI;TPA;0
7364;15;JAMBI;1507;150704;DATA SEKOLAH;UNIT;2022/2023 GANJIL;NEGERI;SPS;0
7365;15;JAMBI;1507;150704;DATA SEKOLAH;UNIT;2022/2023 GANJIL;NEGERI;PKBM;0
7366;15;JAMBI;1507;150704;DATA SEKOLAH;UNIT;2022/2023 GANJIL;NEGERI;SKB;0
7367;15;JAMBI;1507;150704;DATA SEKOLAH;UNIT;2022/2023 GANJIL;NEGERI;SD;29
7368;15;JAMBI;1507;150704;DATA SEKOLAH;UNIT;2022/2023 GANJIL;NEGERI;SMP;3
7369;15;JAMBI;1507;150704;DATA SEKOLAH;UNIT;2022/2023 GANJIL;NEGERI;SMA;1
7370;15;JAMBI;1507;150704;DATA SEKOLAH;UNIT;2022/2023 GANJIL;NEGERI;SMK;0
7371;15;JAMBI;1507;150704;DATA SEKOLAH;UNIT;2022/2023 GANJIL;NEGERI;SLB;0
7372;15;JAMBI;1506;150608;DATA SEKOLAH;UNIT;2022/2023 GANJIL;NEGERI;TK;0
7373;15;JAMBI;1506;150608;DATA SEKOLAH;UNIT;2022/2023 GANJIL;NEGERI;KB;0
7374;15;JAMBI;1506;150608;DATA SEKOLAH;UNIT;2022/2023 GANJIL;NEGERI;TPA;0
7375;15;JAMBI;1506;150608;DATA SEKOLAH;UNIT;2022/2023 GANJIL;NEGERI;SPS;0
7376;15;JAMBI;1506;150608;DATA SEKOLAH;UNIT;2022/2023 GANJIL;NEGERI;PKBM;0
7377;15;JAMBI;1506;150608;DATA SEKOLAH;UNIT;2022/2023 GANJIL;NEGERI;SKB;0
7378;15;JAMBI;1506;150608;DATA SEKOLAH;UNIT;2022/2023 GANJIL;NEGERI;SD;11
7379;15;JAMBI;1506;150608;DATA SEKOLAH;UNIT;2022/2023 GANJIL;NEGERI;SMP;4
7380;15;JAMBI;1506;150608;DATA SEKOLAH;UNIT;2022/2023 GANJIL;NEGERI;SMA;2
7381;15;JAMBI;1506;150608;DATA SEKOLAH;UNIT;2022/2023 GANJIL;NEGERI;SMK;1
7382;15;JAMBI;1506;150608;DATA SEKOLAH;UNIT;2022/2023 GANJIL;NEGERI;SLB;0
7383;15;JAMBI;1502;150219;DATA SEKOLAH;UNIT;2022/2023 GANJIL;NEGERI;TK;1
7384;15;JAMBI;1502;150219;DATA SEKOLAH;UNIT;2022/2023 GANJIL;NEGERI;KB;0
7385;15;JAMBI;1502;150219;DATA SEKOLAH;UNIT;2022/2023 GANJIL;NEGERI;TPA;0
7386;15;JAMBI;1502;150219;DATA SEKOLAH;UNIT;2022/2023 GANJIL;NEGERI;SPS;0
7387;15;JAMBI;1502;150219;DATA SEKOLAH;UNIT;2022/2023 GANJIL;NEGERI;PKBM;0
7388;15;JAMBI;1502;150219;DATA SEKOLAH;UNIT;2022/2023 GANJIL;NEGERI;SKB;0
7389;15;JAMBI;1502;150219;DATA SEKOLAH;UNIT;2022/2023 GANJIL;NEGERI;SD;8
7390;15;JAMBI;1502;150219;DATA SEKOLAH;UNIT;2022/2023 GANJIL;NEGERI;SMP;3
7391;15;JAMBI;1502;150219;DATA SEKOLAH;UNIT;2022/2023 GANJIL;NEGERI;SMA;1
7392;15;JAMBI;1502;150219;DATA SEKOLAH;UNIT;2022/2023 GANJIL;NEGERI;SMK;1
7393;15;JAMBI;1502;150219;DATA SEKOLAH;UNIT;2022/2023 GANJIL;NEGERI;SLB;0
7394;15;JAMBI;1502;150216;DATA SEKOLAH;UNIT;2022/2023 GANJIL;NEGERI;TK;0
7395;15;JAMBI;1502;150216;DATA SEKOLAH;UNIT;2022/2023 GANJIL;NEGERI;KB;0
7396;15;JAMBI;1502;150216;DATA SEKOLAH;UNIT;2022/2023 GANJIL;NEGERI;TPA;0
7397;15;JAMBI;1502;150216;DATA SEKOLAH;UNIT;2022/2023 GANJIL;NEGERI;SPS;0
7398;15;JAMBI;1502;150216;DATA SEKOLAH;UNIT;2022/2023 GANJIL;NEGERI;PKBM;0
7399;15;JAMBI;1502;150216;DATA SEKOLAH;UNIT;2022/2023 GANJIL;NEGERI;SKB;0
7400;15;JAMBI;1502;150216;DATA SEKOLAH;UNIT;2022/2023 GANJIL;NEGERI;SD;16
7401;15;JAMBI;1502;150216;DATA SEKOLAH;UNIT;2022/2023 GANJIL;NEGERI;SMP;4
7402;15;JAMBI;1502;150216;DATA SEKOLAH;UNIT;2022/2023 GANJIL;NEGERI;SMA;1
7403;15;JAMBI;1502;150216;DATA SEKOLAH;UNIT;2022/2023 GANJIL;NEGERI;SMK;0
7404;15;JAMBI;1502;150216;DATA SEKOLAH;UNIT;2022/2023 GANJIL;NEGERI;SLB;0
7405;15;JAMBI;1509;150904;DATA SEKOLAH;UNIT;2022/2023 GANJIL;NEGERI;TK;1
7406;15;JAMBI;1509;150904;DATA SEKOLAH;UNIT;2022/2023 GANJIL;NEGERI;KB;0
7407;15;JAMBI;1509;150904;DATA SEKOLAH;UNIT;2022/2023 GANJIL;NEGERI;TPA;0
7408;15;JAMBI;1509;150904;DATA SEKOLAH;UNIT;2022/2023 GANJIL;NEGERI;SPS;0
7409;15;JAMBI;1509;150904;DATA SEKOLAH;UNIT;2022/2023 GANJIL;NEGERI;PKBM;0
7410;15;JAMBI;1509;150904;DATA SEKOLAH;UNIT;2022/2023 GANJIL;NEGERI;SKB;0
7411;15;JAMBI;1509;150904;DATA SEKOLAH;UNIT;2022/2023 GANJIL;NEGERI;SD;35
7412;15;JAMBI;1509;150904;DATA SEKOLAH;UNIT;2022/2023 GANJIL;NEGERI;SMP;8
7413;15;JAMBI;1509;150904;DATA SEKOLAH;UNIT;2022/2023 GANJIL;NEGERI;SMA;3
7414;15;JAMBI;1509;150904;DATA SEKOLAH;UNIT;2022/2023 GANJIL;NEGERI;SMK;2
7415;15;JAMBI;1509;150904;DATA SEKOLAH;UNIT;2022/2023 GANJIL;NEGERI;SLB;1
7416;15;JAMBI;1509;150908;DATA SEKOLAH;UNIT;2022/2023 GANJIL;NEGERI;TK;1
7417;15;JAMBI;1509;150908;DATA SEKOLAH;UNIT;2022/2023 GANJIL;NEGERI;KB;0
7418;15;JAMBI;1509;150908;DATA SEKOLAH;UNIT;2022/2023 GANJIL;NEGERI;TPA;0
7419;15;JAMBI;1509;150908;DATA SEKOLAH;UNIT;2022/2023 GANJIL;NEGERI;SPS;0
7420;15;JAMBI;1509;150908;DATA SEKOLAH;UNIT;2022/2023 GANJIL;NEGERI;PKBM;0
7421;15;JAMBI;1509;150908;DATA SEKOLAH;UNIT;2022/2023 GANJIL;NEGERI;SKB;0
7422;15;JAMBI;1509;150908;DATA SEKOLAH;UNIT;2022/2023 GANJIL;NEGERI;SD;14
7423;15;JAMBI;1509;150908;DATA SEKOLAH;UNIT;2022/2023 GANJIL;NEGERI;SMP;4
7424;15;JAMBI;1509;150908;DATA SEKOLAH;UNIT;2022/2023 GANJIL;NEGERI;SMA;2
7425;15;JAMBI;1509;150908;DATA SEKOLAH;UNIT;2022/2023 GANJIL;NEGERI;SMK;1
7426;15;JAMBI;1509;150908;DATA SEKOLAH;UNIT;2022/2023 GANJIL;NEGERI;SLB;0
7427;15;JAMBI;1508;150813;DATA SEKOLAH;UNIT;2022/2023 GANJIL;NEGERI;TK;0
7428;15;JAMBI;1508;150813;DATA SEKOLAH;UNIT;2022/2023 GANJIL;NEGERI;KB;0
7429;15;JAMBI;1508;150813;DATA SEKOLAH;UNIT;2022/2023 GANJIL;NEGERI;TPA;0
7430;15;JAMBI;1508;150813;DATA SEKOLAH;UNIT;2022/2023 GANJIL;NEGERI;SPS;0
7431;15;JAMBI;1508;150813;DATA SEKOLAH;UNIT;2022/2023 GANJIL;NEGERI;PKBM;0
7432;15;JAMBI;1508;150813;DATA SEKOLAH;UNIT;2022/2023 GANJIL;NEGERI;SKB;0
7433;15;JAMBI;1508;150813;DATA SEKOLAH;UNIT;2022/2023 GANJIL;NEGERI;SD;12
7434;15;JAMBI;1508;150813;DATA SEKOLAH;UNIT;2022/2023 GANJIL;NEGERI;SMP;3
7435;15;JAMBI;1508;150813;DATA SEKOLAH;UNIT;2022/2023 GANJIL;NEGERI;SMA;3
7436;15;JAMBI;1508;150813;DATA SEKOLAH;UNIT;2022/2023 GANJIL;NEGERI;SMK;0
7437;15;JAMBI;1508;150813;DATA SEKOLAH;UNIT;2022/2023 GANJIL;NEGERI;SLB;1
7438;15;JAMBI;1509;150907;DATA SEKOLAH;UNIT;2022/2023 GANJIL;NEGERI;TK;1
7439;15;JAMBI;1509;150907;DATA SEKOLAH;UNIT;2022/2023 GANJIL;NEGERI;KB;0
7440;15;JAMBI;1509;150907;DATA SEKOLAH;UNIT;2022/2023 GANJIL;NEGERI;TPA;0
7441;15;JAMBI;1509;150907;DATA SEKOLAH;UNIT;2022/2023 GANJIL;NEGERI;SPS;0
7442;15;JAMBI;1509;150907;DATA SEKOLAH;UNIT;2022/2023 GANJIL;NEGERI;PKBM;0
7443;15;JAMBI;1509;150907;DATA SEKOLAH;UNIT;2022/2023 GANJIL;NEGERI;SKB;0
7444;15;JAMBI;1509;150907;DATA SEKOLAH;UNIT;2022/2023 GANJIL;NEGERI;SD;23
7445;15;JAMBI;1509;150907;DATA SEKOLAH;UNIT;2022/2023 GANJIL;NEGERI;SMP;5
7446;15;JAMBI;1509;150907;DATA SEKOLAH;UNIT;2022/2023 GANJIL;NEGERI;SMA;4
7447;15;JAMBI;1509;150907;DATA SEKOLAH;UNIT;2022/2023 GANJIL;NEGERI;SMK;1
7448;15;JAMBI;1509;150907;DATA SEKOLAH;UNIT;2022/2023 GANJIL;NEGERI;SLB;0
7449;15;JAMBI;1507;150705;DATA SEKOLAH;UNIT;2022/2023 GANJIL;NEGERI;TK;2
7450;15;JAMBI;1507;150705;DATA SEKOLAH;UNIT;2022/2023 GANJIL;NEGERI;KB;0
7451;15;JAMBI;1507;150705;DATA SEKOLAH;UNIT;2022/2023 GANJIL;NEGERI;TPA;0
7452;15;JAMBI;1507;150705;DATA SEKOLAH;UNIT;2022/2023 GANJIL;NEGERI;SPS;0
7453;15;JAMBI;1507;150705;DATA SEKOLAH;UNIT;2022/2023 GANJIL;NEGERI;PKBM;0
7454;15;JAMBI;1507;150705;DATA SEKOLAH;UNIT;2022/2023 GANJIL;NEGERI;SKB;0
7455;15;JAMBI;1507;150705;DATA SEKOLAH;UNIT;2022/2023 GANJIL;NEGERI;SD;18
7456;15;JAMBI;1507;150705;DATA SEKOLAH;UNIT;2022/2023 GANJIL;NEGERI;SMP;4
7457;15;JAMBI;1507;150705;DATA SEKOLAH;UNIT;2022/2023 GANJIL;NEGERI;SMA;1
7458;15;JAMBI;1507;150705;DATA SEKOLAH;UNIT;2022/2023 GANJIL;NEGERI;SMK;0
7459;15;JAMBI;1507;150705;DATA SEKOLAH;UNIT;2022/2023 GANJIL;NEGERI;SLB;0
7460;15;JAMBI;1503;150303;DATA SEKOLAH;UNIT;2022/2023 GANJIL;NEGERI;TK;2
7461;15;JAMBI;1503;150303;DATA SEKOLAH;UNIT;2022/2023 GANJIL;NEGERI;KB;0
7462;15;JAMBI;1503;150303;DATA SEKOLAH;UNIT;2022/2023 GANJIL;NEGERI;TPA;0
7463;15;JAMBI;1503;150303;DATA SEKOLAH;UNIT;2022/2023 GANJIL;NEGERI;SPS;0
7464;15;JAMBI;1503;150303;DATA SEKOLAH;UNIT;2022/2023 GANJIL;NEGERI;PKBM;0
7465;15;JAMBI;1503;150303;DATA SEKOLAH;UNIT;2022/2023 GANJIL;NEGERI;SKB;1
7466;15;JAMBI;1503;150303;DATA SEKOLAH;UNIT;2022/2023 GANJIL;NEGERI;SD;24
7467;15;JAMBI;1503;150303;DATA SEKOLAH;UNIT;2022/2023 GANJIL;NEGERI;SMP;5
7468;15;JAMBI;1503;150303;DATA SEKOLAH;UNIT;2022/2023 GANJIL;NEGERI;SMA;2
7469;15;JAMBI;1503;150303;DATA SEKOLAH;UNIT;2022/2023 GANJIL;NEGERI;SMK;3
7470;15;JAMBI;1503;150303;DATA SEKOLAH;UNIT;2022/2023 GANJIL;NEGERI;SLB;1
7471;15;JAMBI;1506;150610;DATA SEKOLAH;UNIT;2022/2023 GANJIL;NEGERI;TK;0
7472;15;JAMBI;1506;150610;DATA SEKOLAH;UNIT;2022/2023 GANJIL;NEGERI;KB;0
7473;15;JAMBI;1506;150610;DATA SEKOLAH;UNIT;2022/2023 GANJIL;NEGERI;TPA;0
7474;15;JAMBI;1506;150610;DATA SEKOLAH;UNIT;2022/2023 GANJIL;NEGERI;SPS;0
7475;15;JAMBI;1506;150610;DATA SEKOLAH;UNIT;2022/2023 GANJIL;NEGERI;PKBM;0
7476;15;JAMBI;1506;150610;DATA SEKOLAH;UNIT;2022/2023 GANJIL;NEGERI;SKB;0
7477;15;JAMBI;1506;150610;DATA SEKOLAH;UNIT;2022/2023 GANJIL;NEGERI;SD;10
7478;15;JAMBI;1506;150610;DATA SEKOLAH;UNIT;2022/2023 GANJIL;NEGERI;SMP;3
7479;15;JAMBI;1506;150610;DATA SEKOLAH;UNIT;2022/2023 GANJIL;NEGERI;SMA;0
7480;15;JAMBI;1506;150610;DATA SEKOLAH;UNIT;2022/2023 GANJIL;NEGERI;SMK;0
7481;15;JAMBI;1506;150610;DATA SEKOLAH;UNIT;2022/2023 GANJIL;NEGERI;SLB;0
7482;15;JAMBI;1505;150502;DATA SEKOLAH;UNIT;2022/2023 GANJIL;NEGERI;TK;1
7483;15;JAMBI;1505;150502;DATA SEKOLAH;UNIT;2022/2023 GANJIL;NEGERI;KB;0
7484;15;JAMBI;1505;150502;DATA SEKOLAH;UNIT;2022/2023 GANJIL;NEGERI;TPA;0
7485;15;JAMBI;1505;150502;DATA SEKOLAH;UNIT;2022/2023 GANJIL;NEGERI;SPS;0
7486;15;JAMBI;1505;150502;DATA SEKOLAH;UNIT;2022/2023 GANJIL;NEGERI;PKBM;0
7487;15;JAMBI;1505;150502;DATA SEKOLAH;UNIT;2022/2023 GANJIL;NEGERI;SKB;1
7488;15;JAMBI;1505;150502;DATA SEKOLAH;UNIT;2022/2023 GANJIL;NEGERI;SD;31
7489;15;JAMBI;1505;150502;DATA SEKOLAH;UNIT;2022/2023 GANJIL;NEGERI;SMP;7
7490;15;JAMBI;1505;150502;DATA SEKOLAH;UNIT;2022/2023 GANJIL;NEGERI;SMA;2
7491;15;JAMBI;1505;150502;DATA SEKOLAH;UNIT;2022/2023 GANJIL;NEGERI;SMK;1
7492;15;JAMBI;1505;150502;DATA SEKOLAH;UNIT;2022/2023 GANJIL;NEGERI;SLB;1
7493;15;JAMBI;1506;150613;DATA SEKOLAH;UNIT;2022/2023 GANJIL;NEGERI;TK;0
7494;15;JAMBI;1506;150613;DATA SEKOLAH;UNIT;2022/2023 GANJIL;NEGERI;KB;0
7495;15;JAMBI;1506;150613;DATA SEKOLAH;UNIT;2022/2023 GANJIL;NEGERI;TPA;0
7496;15;JAMBI;1506;150613;DATA SEKOLAH;UNIT;2022/2023 GANJIL;NEGERI;SPS;0
7497;15;JAMBI;1506;150613;DATA SEKOLAH;UNIT;2022/2023 GANJIL;NEGERI;PKBM;0
7498;15;JAMBI;1506;150613;DATA SEKOLAH;UNIT;2022/2023 GANJIL;NEGERI;SKB;0
7499;15;JAMBI;1506;150613;DATA SEKOLAH;UNIT;2022/2023 GANJIL;NEGERI;SD;23
7500;15;JAMBI;1506;150613;DATA SEKOLAH;UNIT;2022/2023 GANJIL;NEGERI;SMP;7
7501;15;JAMBI;1506;150613;DATA SEKOLAH;UNIT;2022/2023 GANJIL;NEGERI;SMA;2
7502;15;JAMBI;1506;150613;DATA SEKOLAH;UNIT;2022/2023 GANJIL;NEGERI;SMK;0
7503;15;JAMBI;1506;150613;DATA SEKOLAH;UNIT;2022/2023 GANJIL;NEGERI;SLB;0
7504;15;JAMBI;1509;150910;DATA SEKOLAH;UNIT;2022/2023 GANJIL;NEGERI;TK;1
7505;15;JAMBI;1509;150910;DATA SEKOLAH;UNIT;2022/2023 GANJIL;NEGERI;KB;0
7506;15;JAMBI;1509;150910;DATA SEKOLAH;UNIT;2022/2023 GANJIL;NEGERI;TPA;0
7507;15;JAMBI;1509;150910;DATA SEKOLAH;UNIT;2022/2023 GANJIL;NEGERI;SPS;0
7508;15;JAMBI;1509;150910;DATA SEKOLAH;UNIT;2022/2023 GANJIL;NEGERI;PKBM;0
7509;15;JAMBI;1509;150910;DATA SEKOLAH;UNIT;2022/2023 GANJIL;NEGERI;SKB;0
7510;15;JAMBI;1509;150910;DATA SEKOLAH;UNIT;2022/2023 GANJIL;NEGERI;SD;9
7511;15;JAMBI;1509;150910;DATA SEKOLAH;UNIT;2022/2023 GANJIL;NEGERI;SMP;2
7512;15;JAMBI;1509;150910;DATA SEKOLAH;UNIT;2022/2023 GANJIL;NEGERI;SMA;1
7513;15;JAMBI;1509;150910;DATA SEKOLAH;UNIT;2022/2023 GANJIL;NEGERI;SMK;0
7514;15;JAMBI;1509;150910;DATA SEKOLAH;UNIT;2022/2023 GANJIL;NEGERI;SLB;0
7515;15;JAMBI;1503;150309;DATA SEKOLAH;UNIT;2022/2023 GANJIL;NEGERI;TK;1
7516;15;JAMBI;1503;150309;DATA SEKOLAH;UNIT;2022/2023 GANJIL;NEGERI;KB;0
7517;15;JAMBI;1503;150309;DATA SEKOLAH;UNIT;2022/2023 GANJIL;NEGERI;TPA;0
7518;15;JAMBI;1503;150309;DATA SEKOLAH;UNIT;2022/2023 GANJIL;NEGERI;SPS;0
7519;15;JAMBI;1503;150309;DATA SEKOLAH;UNIT;2022/2023 GANJIL;NEGERI;PKBM;0
7520;15;JAMBI;1503;150309;DATA SEKOLAH;UNIT;2022/2023 GANJIL;NEGERI;SKB;0
7521;15;JAMBI;1503;150309;DATA SEKOLAH;UNIT;2022/2023 GANJIL;NEGERI;SD;17
7522;15;JAMBI;1503;150309;DATA SEKOLAH;UNIT;2022/2023 GANJIL;NEGERI;SMP;3
7523;15;JAMBI;1503;150309;DATA SEKOLAH;UNIT;2022/2023 GANJIL;NEGERI;SMA;1
7524;15;JAMBI;1503;150309;DATA SEKOLAH;UNIT;2022/2023 GANJIL;NEGERI;SMK;1
7525;15;JAMBI;1503;150309;DATA SEKOLAH;UNIT;2022/2023 GANJIL;NEGERI;SLB;0
7526;15;JAMBI;1501;150104;DATA SEKOLAH;UNIT;2022/2023 GANJIL;NEGERI;TK;1
7527;15;JAMBI;1501;150104;DATA SEKOLAH;UNIT;2022/2023 GANJIL;NEGERI;KB;0
7528;15;JAMBI;1501;150104;DATA SEKOLAH;UNIT;2022/2023 GANJIL;NEGERI;TPA;0
7529;15;JAMBI;1501;150104;DATA SEKOLAH;UNIT;2022/2023 GANJIL;NEGERI;SPS;0
7530;15;JAMBI;1501;150104;DATA SEKOLAH;UNIT;2022/2023 GANJIL;NEGERI;PKBM;0
7531;15;JAMBI;1501;150104;DATA SEKOLAH;UNIT;2022/2023 GANJIL;NEGERI;SKB;0
7532;15;JAMBI;1501;150104;DATA SEKOLAH;UNIT;2022/2023 GANJIL;NEGERI;SD;16
7533;15;JAMBI;1501;150104;DATA SEKOLAH;UNIT;2022/2023 GANJIL;NEGERI;SMP;1
7534;15;JAMBI;1501;150104;DATA SEKOLAH;UNIT;2022/2023 GANJIL;NEGERI;SMA;1
7535;15;JAMBI;1501;150104;DATA SEKOLAH;UNIT;2022/2023 GANJIL;NEGERI;SMK;0
7536;15;JAMBI;1501;150104;DATA SEKOLAH;UNIT;2022/2023 GANJIL;NEGERI;SLB;0
7537;15;JAMBI;1501;150116;DATA SEKOLAH;UNIT;2022/2023 GANJIL;NEGERI;TK;2
7538;15;JAMBI;1501;150116;DATA SEKOLAH;UNIT;2022/2023 GANJIL;NEGERI;KB;0
7539;15;JAMBI;1501;150116;DATA SEKOLAH;UNIT;2022/2023 GANJIL;NEGERI;TPA;0
7540;15;JAMBI;1501;150116;DATA SEKOLAH;UNIT;2022/2023 GANJIL;NEGERI;SPS;0
7541;15;JAMBI;1501;150116;DATA SEKOLAH;UNIT;2022/2023 GANJIL;NEGERI;PKBM;0
7542;15;JAMBI;1501;150116;DATA SEKOLAH;UNIT;2022/2023 GANJIL;NEGERI;SKB;0
7543;15;JAMBI;1501;150116;DATA SEKOLAH;UNIT;2022/2023 GANJIL;NEGERI;SD;16
7544;15;JAMBI;1501;150116;DATA SEKOLAH;UNIT;2022/2023 GANJIL;NEGERI;SMP;3
7545;15;JAMBI;1501;150116;DATA SEKOLAH;UNIT;2022/2023 GANJIL;NEGERI;SMA;1
7546;15;JAMBI;1501;150116;DATA SEKOLAH;UNIT;2022/2023 GANJIL;NEGERI;SMK;0
7547;15;JAMBI;1501;150116;DATA SEKOLAH;UNIT;2022/2023 GANJIL;NEGERI;SLB;0
7548;15;JAMBI;1501;150118;DATA SEKOLAH;UNIT;2022/2023 GANJIL;NEGERI;TK;1
7549;15;JAMBI;1501;150118;DATA SEKOLAH;UNIT;2022/2023 GANJIL;NEGERI;KB;1
7550;15;JAMBI;1501;150118;DATA SEKOLAH;UNIT;2022/2023 GANJIL;NEGERI;TPA;0
7551;15;JAMBI;1501;150118;DATA SEKOLAH;UNIT;2022/2023 GANJIL;NEGERI;SPS;0
7552;15;JAMBI;1501;150118;DATA SEKOLAH;UNIT;2022/2023 GANJIL;NEGERI;PKBM;0
7553;15;JAMBI;1501;150118;DATA SEKOLAH;UNIT;2022/2023 GANJIL;NEGERI;SKB;0
7554;15;JAMBI;1501;150118;DATA SEKOLAH;UNIT;2022/2023 GANJIL;NEGERI;SD;9
7555;15;JAMBI;1501;150118;DATA SEKOLAH;UNIT;2022/2023 GANJIL;NEGERI;SMP;3
7556;15;JAMBI;1501;150118;DATA SEKOLAH;UNIT;2022/2023 GANJIL;NEGERI;SMA;1
7557;15;JAMBI;1501;150118;DATA SEKOLAH;UNIT;2022/2023 GANJIL;NEGERI;SMK;1
7558;15;JAMBI;1501;150118;DATA SEKOLAH;UNIT;2022/2023 GANJIL;NEGERI;SLB;0
7559;15;JAMBI;1509;150905;DATA SEKOLAH;UNIT;2022/2023 GANJIL;NEGERI;TK;1
7560;15;JAMBI;1509;150905;DATA SEKOLAH;UNIT;2022/2023 GANJIL;NEGERI;KB;0
7561;15;JAMBI;1509;150905;DATA SEKOLAH;UNIT;2022/2023 GANJIL;NEGERI;TPA;0
7562;15;JAMBI;1509;150905;DATA SEKOLAH;UNIT;2022/2023 GANJIL;NEGERI;SPS;0
7563;15;JAMBI;1509;150905;DATA SEKOLAH;UNIT;2022/2023 GANJIL;NEGERI;PKBM;0
7564;15;JAMBI;1509;150905;DATA SEKOLAH;UNIT;2022/2023 GANJIL;NEGERI;SKB;0
7565;15;JAMBI;1509;150905;DATA SEKOLAH;UNIT;2022/2023 GANJIL;NEGERI;SD;20
7566;15;JAMBI;1509;150905;DATA SEKOLAH;UNIT;2022/2023 GANJIL;NEGERI;SMP;6
7567;15;JAMBI;1509;150905;DATA SEKOLAH;UNIT;2022/2023 GANJIL;NEGERI;SMA;1
7568;15;JAMBI;1509;150905;DATA SEKOLAH;UNIT;2022/2023 GANJIL;NEGERI;SMK;1
7569;15;JAMBI;1509;150905;DATA SEKOLAH;UNIT;2022/2023 GANJIL;NEGERI;SLB;0
7570;15;JAMBI;1505;150507;DATA SEKOLAH;UNIT;2022/2023 GANJIL;NEGERI;TK;0
7571;15;JAMBI;1505;150507;DATA SEKOLAH;UNIT;2022/2023 GANJIL;NEGERI;KB;0
7572;15;JAMBI;1505;150507;DATA SEKOLAH;UNIT;2022/2023 GANJIL;NEGERI;TPA;0
7573;15;JAMBI;1505;150507;DATA SEKOLAH;UNIT;2022/2023 GANJIL;NEGERI;SPS;0
7574;15;JAMBI;1505;150507;DATA SEKOLAH;UNIT;2022/2023 GANJIL;NEGERI;PKBM;0
7575;15;JAMBI;1505;150507;DATA SEKOLAH;UNIT;2022/2023 GANJIL;NEGERI;SKB;0
7576;15;JAMBI;1505;150507;DATA SEKOLAH;UNIT;2022/2023 GANJIL;NEGERI;SD;19
7577;15;JAMBI;1505;150507;DATA SEKOLAH;UNIT;2022/2023 GANJIL;NEGERI;SMP;6
7578;15;JAMBI;1505;150507;DATA SEKOLAH;UNIT;2022/2023 GANJIL;NEGERI;SMA;1
7579;15;JAMBI;1505;150507;DATA SEKOLAH;UNIT;2022/2023 GANJIL;NEGERI;SMK;2
7580;15;JAMBI;1505;150507;DATA SEKOLAH;UNIT;2022/2023 GANJIL;NEGERI;SLB;0
7581;15;JAMBI;1572;157208;DATA SEKOLAH;UNIT;2022/2023 GANJIL;NEGERI;TK;1
7582;15;JAMBI;1572;157208;DATA SEKOLAH;UNIT;2022/2023 GANJIL;NEGERI;KB;0
7583;15;JAMBI;1572;157208;DATA SEKOLAH;UNIT;2022/2023 GANJIL;NEGERI;TPA;0
7584;15;JAMBI;1572;157208;DATA SEKOLAH;UNIT;2022/2023 GANJIL;NEGERI;SPS;0
7585;15;JAMBI;1572;157208;DATA SEKOLAH;UNIT;2022/2023 GANJIL;NEGERI;PKBM;0
7586;15;JAMBI;1572;157208;DATA SEKOLAH;UNIT;2022/2023 GANJIL;NEGERI;SKB;0
7587;15;JAMBI;1572;157208;DATA SEKOLAH;UNIT;2022/2023 GANJIL;NEGERI;SD;9
7588;15;JAMBI;1572;157208;DATA SEKOLAH;UNIT;2022/2023 GANJIL;NEGERI;SMP;1
7589;15;JAMBI;1572;157208;DATA SEKOLAH;UNIT;2022/2023 GANJIL;NEGERI;SMA;0
7590;15;JAMBI;1572;157208;DATA SEKOLAH;UNIT;2022/2023 GANJIL;NEGERI;SMK;0
7591;15;JAMBI;1572;157208;DATA SEKOLAH;UNIT;2022/2023 GANJIL;NEGERI;SLB;0
7592;15;JAMBI;1505;150508;DATA SEKOLAH;UNIT;2022/2023 GANJIL;NEGERI;TK;1
7593;15;JAMBI;1505;150508;DATA SEKOLAH;UNIT;2022/2023 GANJIL;NEGERI;KB;0
7594;15;JAMBI;1505;150508;DATA SEKOLAH;UNIT;2022/2023 GANJIL;NEGERI;TPA;0
7595;15;JAMBI;1505;150508;DATA SEKOLAH;UNIT;2022/2023 GANJIL;NEGERI;SPS;0
7596;15;JAMBI;1505;150508;DATA SEKOLAH;UNIT;2022/2023 GANJIL;NEGERI;PKBM;0
7597;15;JAMBI;1505;150508;DATA SEKOLAH;UNIT;2022/2023 GANJIL;NEGERI;SKB;0
7598;15;JAMBI;1505;150508;DATA SEKOLAH;UNIT;2022/2023 GANJIL;NEGERI;SD;28
7599;15;JAMBI;1505;150508;DATA SEKOLAH;UNIT;2022/2023 GANJIL;NEGERI;SMP;11
7600;15;JAMBI;1505;150508;DATA SEKOLAH;UNIT;2022/2023 GANJIL;NEGERI;SMA;2
7601;15;JAMBI;1505;150508;DATA SEKOLAH;UNIT;2022/2023 GANJIL;NEGERI;SMK;1
7602;15;JAMBI;1505;150508;DATA SEKOLAH;UNIT;2022/2023 GANJIL;NEGERI;SLB;0
7603;15;JAMBI;1502;150204;DATA SEKOLAH;UNIT;2022/2023 GANJIL;NEGERI;TK;0
7604;15;JAMBI;1502;150204;DATA SEKOLAH;UNIT;2022/2023 GANJIL;NEGERI;KB;0
7605;15;JAMBI;1502;150204;DATA SEKOLAH;UNIT;2022/2023 GANJIL;NEGERI;TPA;0
7606;15;JAMBI;1502;150204;DATA SEKOLAH;UNIT;2022/2023 GANJIL;NEGERI;SPS;0
7607;15;JAMBI;1502;150204;DATA SEKOLAH;UNIT;2022/2023 GANJIL;NEGERI;PKBM;0
7608;15;JAMBI;1502;150204;DATA SEKOLAH;UNIT;2022/2023 GANJIL;NEGERI;SKB;0
7609;15;JAMBI;1502;150204;DATA SEKOLAH;UNIT;2022/2023 GANJIL;NEGERI;SD;12
7610;15;JAMBI;1502;150204;DATA SEKOLAH;UNIT;2022/2023 GANJIL;NEGERI;SMP;2
7611;15;JAMBI;1502;150204;DATA SEKOLAH;UNIT;2022/2023 GANJIL;NEGERI;SMA;1
7612;15;JAMBI;1502;150204;DATA SEKOLAH;UNIT;2022/2023 GANJIL;NEGERI;SMK;0
7613;15;JAMBI;1502;150204;DATA SEKOLAH;UNIT;2022/2023 GANJIL;NEGERI;SLB;0
7614;15;JAMBI;1572;157201;DATA SEKOLAH;UNIT;2022/2023 GANJIL;NEGERI;TK;1
7615;15;JAMBI;1572;157201;DATA SEKOLAH;UNIT;2022/2023 GANJIL;NEGERI;KB;0
7616;15;JAMBI;1572;157201;DATA SEKOLAH;UNIT;2022/2023 GANJIL;NEGERI;TPA;0
7617;15;JAMBI;1572;157201;DATA SEKOLAH;UNIT;2022/2023 GANJIL;NEGERI;SPS;0
7618;15;JAMBI;1572;157201;DATA SEKOLAH;UNIT;2022/2023 GANJIL;NEGERI;PKBM;0
7619;15;JAMBI;1572;157201;DATA SEKOLAH;UNIT;2022/2023 GANJIL;NEGERI;SKB;0
7620;15;JAMBI;1572;157201;DATA SEKOLAH;UNIT;2022/2023 GANJIL;NEGERI;SD;7
7621;15;JAMBI;1572;157201;DATA SEKOLAH;UNIT;2022/2023 GANJIL;NEGERI;SMP;4
7622;15;JAMBI;1572;157201;DATA SEKOLAH;UNIT;2022/2023 GANJIL;NEGERI;SMA;2
7623;15;JAMBI;1572;157201;DATA SEKOLAH;UNIT;2022/2023 GANJIL;NEGERI;SMK;0
7624;15;JAMBI;1572;157201;DATA SEKOLAH;UNIT;2022/2023 GANJIL;NEGERI;SLB;0
7625;15;JAMBI;1502;150205;DATA SEKOLAH;UNIT;2022/2023 GANJIL;NEGERI;TK;1
7626;15;JAMBI;1502;150205;DATA SEKOLAH;UNIT;2022/2023 GANJIL;NEGERI;KB;0
7627;15;JAMBI;1502;150205;DATA SEKOLAH;UNIT;2022/2023 GANJIL;NEGERI;TPA;0
7628;15;JAMBI;1502;150205;DATA SEKOLAH;UNIT;2022/2023 GANJIL;NEGERI;SPS;0
7629;15;JAMBI;1502;150205;DATA SEKOLAH;UNIT;2022/2023 GANJIL;NEGERI;PKBM;0
7630;15;JAMBI;1502;150205;DATA SEKOLAH;UNIT;2022/2023 GANJIL;NEGERI;SKB;1
7631;15;JAMBI;1502;150205;DATA SEKOLAH;UNIT;2022/2023 GANJIL;NEGERI;SD;22
7632;15;JAMBI;1502;150205;DATA SEKOLAH;UNIT;2022/2023 GANJIL;NEGERI;SMP;4
7633;15;JAMBI;1502;150205;DATA SEKOLAH;UNIT;2022/2023 GANJIL;NEGERI;SMA;1
7634;15;JAMBI;1502;150205;DATA SEKOLAH;UNIT;2022/2023 GANJIL;NEGERI;SMK;0
7635;15;JAMBI;1502;150205;DATA SEKOLAH;UNIT;2022/2023 GANJIL;NEGERI;SLB;0
7636;15;JAMBI;1502;150223;DATA SEKOLAH;UNIT;2022/2023 GANJIL;NEGERI;TK;0
7637;15;JAMBI;1502;150223;DATA SEKOLAH;UNIT;2022/2023 GANJIL;NEGERI;KB;0
7638;15;JAMBI;1502;150223;DATA SEKOLAH;UNIT;2022/2023 GANJIL;NEGERI;TPA;0
7639;15;JAMBI;1502;150223;DATA SEKOLAH;UNIT;2022/2023 GANJIL;NEGERI;SPS;0
7640;15;JAMBI;1502;150223;DATA SEKOLAH;UNIT;2022/2023 GANJIL;NEGERI;PKBM;0
7641;15;JAMBI;1502;150223;DATA SEKOLAH;UNIT;2022/2023 GANJIL;NEGERI;SKB;0
7642;15;JAMBI;1502;150223;DATA SEKOLAH;UNIT;2022/2023 GANJIL;NEGERI;SD;19
7643;15;JAMBI;1502;150223;DATA SEKOLAH;UNIT;2022/2023 GANJIL;NEGERI;SMP;5
7644;15;JAMBI;1502;150223;DATA SEKOLAH;UNIT;2022/2023 GANJIL;NEGERI;SMA;0
7645;15;JAMBI;1502;150223;DATA SEKOLAH;UNIT;2022/2023 GANJIL;NEGERI;SMK;1
7646;15;JAMBI;1502;150223;DATA SEKOLAH;UNIT;2022/2023 GANJIL;NEGERI;SLB;0
7647;15;JAMBI;1502;150214;DATA SEKOLAH;UNIT;2022/2023 GANJIL;NEGERI;TK;0
7648;15;JAMBI;1502;150214;DATA SEKOLAH;UNIT;2022/2023 GANJIL;NEGERI;KB;0
7649;15;JAMBI;1502;150214;DATA SEKOLAH;UNIT;2022/2023 GANJIL;NEGERI;TPA;0
7650;15;JAMBI;1502;150214;DATA SEKOLAH;UNIT;2022/2023 GANJIL;NEGERI;SPS;0
7651;15;JAMBI;1502;150214;DATA SEKOLAH;UNIT;2022/2023 GANJIL;NEGERI;PKBM;0
7652;15;JAMBI;1502;150214;DATA SEKOLAH;UNIT;2022/2023 GANJIL;NEGERI;SKB;0
7653;15;JAMBI;1502;150214;DATA SEKOLAH;UNIT;2022/2023 GANJIL;NEGERI;SD;10
7654;15;JAMBI;1502;150214;DATA SEKOLAH;UNIT;2022/2023 GANJIL;NEGERI;SMP;2
7655;15;JAMBI;1502;150214;DATA SEKOLAH;UNIT;2022/2023 GANJIL;NEGERI;SMA;0
7656;15;JAMBI;1502;150214;DATA SEKOLAH;UNIT;2022/2023 GANJIL;NEGERI;SMK;1
7657;15;JAMBI;1502;150214;DATA SEKOLAH;UNIT;2022/2023 GANJIL;NEGERI;SLB;0
7658;15;JAMBI;1502;150222;DATA SEKOLAH;UNIT;2022/2023 GANJIL;NEGERI;TK;0
7659;15;JAMBI;1502;150222;DATA SEKOLAH;UNIT;2022/2023 GANJIL;NEGERI;KB;0
7660;15;JAMBI;1502;150222;DATA SEKOLAH;UNIT;2022/2023 GANJIL;NEGERI;TPA;0
7661;15;JAMBI;1502;150222;DATA SEKOLAH;UNIT;2022/2023 GANJIL;NEGERI;SPS;0
7662;15;JAMBI;1502;150222;DATA SEKOLAH;UNIT;2022/2023 GANJIL;NEGERI;PKBM;0
7663;15;JAMBI;1502;150222;DATA SEKOLAH;UNIT;2022/2023 GANJIL;NEGERI;SKB;0
7664;15;JAMBI;1502;150222;DATA SEKOLAH;UNIT;2022/2023 GANJIL;NEGERI;SD;7
7665;15;JAMBI;1502;150222;DATA SEKOLAH;UNIT;2022/2023 GANJIL;NEGERI;SMP;1
7666;15;JAMBI;1502;150222;DATA SEKOLAH;UNIT;2022/2023 GANJIL;NEGERI;SMA;0
7667;15;JAMBI;1502;150222;DATA SEKOLAH;UNIT;2022/2023 GANJIL;NEGERI;SMK;1
7668;15;JAMBI;1502;150222;DATA SEKOLAH;UNIT;2022/2023 GANJIL;NEGERI;SLB;0
7669;15;JAMBI;1502;150208;DATA SEKOLAH;UNIT;2022/2023 GANJIL;NEGERI;TK;0
7670;15;JAMBI;1502;150208;DATA SEKOLAH;UNIT;2022/2023 GANJIL;NEGERI;KB;0
7671;15;JAMBI;1502;150208;DATA SEKOLAH;UNIT;2022/2023 GANJIL;NEGERI;TPA;0
7672;15;JAMBI;1502;150208;DATA SEKOLAH;UNIT;2022/2023 GANJIL;NEGERI;SPS;0
7673;15;JAMBI;1502;150208;DATA SEKOLAH;UNIT;2022/2023 GANJIL;NEGERI;PKBM;0
7674;15;JAMBI;1502;150208;DATA SEKOLAH;UNIT;2022/2023 GANJIL;NEGERI;SKB;0
7675;15;JAMBI;1502;150208;DATA SEKOLAH;UNIT;2022/2023 GANJIL;NEGERI;SD;15
7676;15;JAMBI;1502;150208;DATA SEKOLAH;UNIT;2022/2023 GANJIL;NEGERI;SMP;5
7677;15;JAMBI;1502;150208;DATA SEKOLAH;UNIT;2022/2023 GANJIL;NEGERI;SMA;2
7678;15;JAMBI;1502;150208;DATA SEKOLAH;UNIT;2022/2023 GANJIL;NEGERI;SMK;2
7679;15;JAMBI;1502;150208;DATA SEKOLAH;UNIT;2022/2023 GANJIL;NEGERI;SLB;0
7680;15;JAMBI;1502;150215;DATA SEKOLAH;UNIT;2022/2023 GANJIL;NEGERI;TK;0
7681;15;JAMBI;1502;150215;DATA SEKOLAH;UNIT;2022/2023 GANJIL;NEGERI;KB;0
7682;15;JAMBI;1502;150215;DATA SEKOLAH;UNIT;2022/2023 GANJIL;NEGERI;TPA;0
7683;15;JAMBI;1502;150215;DATA SEKOLAH;UNIT;2022/2023 GANJIL;NEGERI;SPS;0
7684;15;JAMBI;1502;150215;DATA SEKOLAH;UNIT;2022/2023 GANJIL;NEGERI;PKBM;0
7685;15;JAMBI;1502;150215;DATA SEKOLAH;UNIT;2022/2023 GANJIL;NEGERI;SKB;0
7686;15;JAMBI;1502;150215;DATA SEKOLAH;UNIT;2022/2023 GANJIL;NEGERI;SD;7
7687;15;JAMBI;1502;150215;DATA SEKOLAH;UNIT;2022/2023 GANJIL;NEGERI;SMP;2
7688;15;JAMBI;1502;150215;DATA SEKOLAH;UNIT;2022/2023 GANJIL;NEGERI;SMA;0
7689;15;JAMBI;1502;150215;DATA SEKOLAH;UNIT;2022/2023 GANJIL;NEGERI;SMK;1
7690;15;JAMBI;1502;150215;DATA SEKOLAH;UNIT;2022/2023 GANJIL;NEGERI;SLB;0
7691;15;JAMBI;1502;150207;DATA SEKOLAH;UNIT;2022/2023 GANJIL;NEGERI;TK;0
7692;15;JAMBI;1502;150207;DATA SEKOLAH;UNIT;2022/2023 GANJIL;NEGERI;KB;0
7693;15;JAMBI;1502;150207;DATA SEKOLAH;UNIT;2022/2023 GANJIL;NEGERI;TPA;0
7694;15;JAMBI;1502;150207;DATA SEKOLAH;UNIT;2022/2023 GANJIL;NEGERI;SPS;0
7695;15;JAMBI;1502;150207;DATA SEKOLAH;UNIT;2022/2023 GANJIL;NEGERI;PKBM;0
7696;15;JAMBI;1502;150207;DATA SEKOLAH;UNIT;2022/2023 GANJIL;NEGERI;SKB;0
7697;15;JAMBI;1502;150207;DATA SEKOLAH;UNIT;2022/2023 GANJIL;NEGERI;SD;10
7698;15;JAMBI;1502;150207;DATA SEKOLAH;UNIT;2022/2023 GANJIL;NEGERI;SMP;2
7699;15;JAMBI;1502;150207;DATA SEKOLAH;UNIT;2022/2023 GANJIL;NEGERI;SMA;1
7700;15;JAMBI;1502;150207;DATA SEKOLAH;UNIT;2022/2023 GANJIL;NEGERI;SMK;0
7701;15;JAMBI;1502;150207;DATA SEKOLAH;UNIT;2022/2023 GANJIL;NEGERI;SLB;0
7702;15;JAMBI;1505;150511;DATA SEKOLAH;UNIT;2022/2023 GANJIL;NEGERI;TK;0
7703;15;JAMBI;1505;150511;DATA SEKOLAH;UNIT;2022/2023 GANJIL;NEGERI;KB;0
7704;15;JAMBI;1505;150511;DATA SEKOLAH;UNIT;2022/2023 GANJIL;NEGERI;TPA;0
7705;15;JAMBI;1505;150511;DATA SEKOLAH;UNIT;2022/2023 GANJIL;NEGERI;SPS;0
7706;15;JAMBI;1505;150511;DATA SEKOLAH;UNIT;2022/2023 GANJIL;NEGERI;PKBM;0
7707;15;JAMBI;1505;150511;DATA SEKOLAH;UNIT;2022/2023 GANJIL;NEGERI;SKB;0
7708;15;JAMBI;1505;150511;DATA SEKOLAH;UNIT;2022/2023 GANJIL;NEGERI;SD;12
7709;15;JAMBI;1505;150511;DATA SEKOLAH;UNIT;2022/2023 GANJIL;NEGERI;SMP;3
7710;15;JAMBI;1505;150511;DATA SEKOLAH;UNIT;2022/2023 GANJIL;NEGERI;SMA;0
7711;15;JAMBI;1505;150511;DATA SEKOLAH;UNIT;2022/2023 GANJIL;NEGERI;SMK;1
7712;15;JAMBI;1505;150511;DATA SEKOLAH;UNIT;2022/2023 GANJIL;NEGERI;SLB;0
7713;15;JAMBI;1501;150122;DATA SEKOLAH;UNIT;2022/2023 GANJIL;NEGERI;TK;0
7714;15;JAMBI;1501;150122;DATA SEKOLAH;UNIT;2022/2023 GANJIL;NEGERI;KB;0
7715;15;JAMBI;1501;150122;DATA SEKOLAH;UNIT;2022/2023 GANJIL;NEGERI;TPA;0
7716;15;JAMBI;1501;150122;DATA SEKOLAH;UNIT;2022/2023 GANJIL;NEGERI;SPS;0
7717;15;JAMBI;1501;150122;DATA SEKOLAH;UNIT;2022/2023 GANJIL;NEGERI;PKBM;0
7718;15;JAMBI;1501;150122;DATA SEKOLAH;UNIT;2022/2023 GANJIL;NEGERI;SKB;0
7719;15;JAMBI;1501;150122;DATA SEKOLAH;UNIT;2022/2023 GANJIL;NEGERI;SD;0
7720;15;JAMBI;1501;150122;DATA SEKOLAH;UNIT;2022/2023 GANJIL;NEGERI;SMP;0
7721;15;JAMBI;1501;150122;DATA SEKOLAH;UNIT;2022/2023 GANJIL;NEGERI;SMA;0
7722;15;JAMBI;1501;150122;DATA SEKOLAH;UNIT;2022/2023 GANJIL;NEGERI;SMK;0
7723;15;JAMBI;1501;150122;DATA SEKOLAH;UNIT;2022/2023 GANJIL;NEGERI;SLB;0
7724;15;JAMBI;1572;157204;DATA SEKOLAH;UNIT;2022/2023 GANJIL;NEGERI;TK;1
7725;15;JAMBI;1572;157204;DATA SEKOLAH;UNIT;2022/2023 GANJIL;NEGERI;KB;0
7726;15;JAMBI;1572;157204;DATA SEKOLAH;UNIT;2022/2023 GANJIL;NEGERI;TPA;0
7727;15;JAMBI;1572;157204;DATA SEKOLAH;UNIT;2022/2023 GANJIL;NEGERI;SPS;0
7728;15;JAMBI;1572;157204;DATA SEKOLAH;UNIT;2022/2023 GANJIL;NEGERI;PKBM;0
7729;15;JAMBI;1572;157204;DATA SEKOLAH;UNIT;2022/2023 GANJIL;NEGERI;SKB;0
7730;15;JAMBI;1572;157204;DATA SEKOLAH;UNIT;2022/2023 GANJIL;NEGERI;SD;10
7731;15;JAMBI;1572;157204;DATA SEKOLAH;UNIT;2022/2023 GANJIL;NEGERI;SMP;2
7732;15;JAMBI;1572;157204;DATA SEKOLAH;UNIT;2022/2023 GANJIL;NEGERI;SMA;0
7733;15;JAMBI;1572;157204;DATA SEKOLAH;UNIT;2022/2023 GANJIL;NEGERI;SMK;1
7734;15;JAMBI;1572;157204;DATA SEKOLAH;UNIT;2022/2023 GANJIL;NEGERI;SLB;0
7735;15;JAMBI;1508;150805;DATA SEKOLAH;UNIT;2022/2023 GANJIL;NEGERI;TK;1
7736;15;JAMBI;1508;150805;DATA SEKOLAH;UNIT;2022/2023 GANJIL;NEGERI;KB;0
7737;15;JAMBI;1508;150805;DATA SEKOLAH;UNIT;2022/2023 GANJIL;NEGERI;TPA;0
7738;15;JAMBI;1508;150805;DATA SEKOLAH;UNIT;2022/2023 GANJIL;NEGERI;SPS;0
7739;15;JAMBI;1508;150805;DATA SEKOLAH;UNIT;2022/2023 GANJIL;NEGERI;PKBM;0
7740;15;JAMBI;1508;150805;DATA SEKOLAH;UNIT;2022/2023 GANJIL;NEGERI;SKB;0
7741;15;JAMBI;1508;150805;DATA SEKOLAH;UNIT;2022/2023 GANJIL;NEGERI;SD;16
7742;15;JAMBI;1508;150805;DATA SEKOLAH;UNIT;2022/2023 GANJIL;NEGERI;SMP;4
7743;15;JAMBI;1508;150805;DATA SEKOLAH;UNIT;2022/2023 GANJIL;NEGERI;SMA;1
7744;15;JAMBI;1508;150805;DATA SEKOLAH;UNIT;2022/2023 GANJIL;NEGERI;SMK;1
7745;15;JAMBI;1508;150805;DATA SEKOLAH;UNIT;2022/2023 GANJIL;NEGERI;SLB;0
7746;15;JAMBI;1508;150817;DATA SEKOLAH;UNIT;2022/2023 GANJIL;NEGERI;TK;0
7747;15;JAMBI;1508;150817;DATA SEKOLAH;UNIT;2022/2023 GANJIL;NEGERI;KB;0
7748;15;JAMBI;1508;150817;DATA SEKOLAH;UNIT;2022/2023 GANJIL;NEGERI;TPA;0
7749;15;JAMBI;1508;150817;DATA SEKOLAH;UNIT;2022/2023 GANJIL;NEGERI;SPS;0
7750;15;JAMBI;1508;150817;DATA SEKOLAH;UNIT;2022/2023 GANJIL;NEGERI;PKBM;0
7751;15;JAMBI;1508;150817;DATA SEKOLAH;UNIT;2022/2023 GANJIL;NEGERI;SKB;0
7752;15;JAMBI;1508;150817;DATA SEKOLAH;UNIT;2022/2023 GANJIL;NEGERI;SD;14
7753;15;JAMBI;1508;150817;DATA SEKOLAH;UNIT;2022/2023 GANJIL;NEGERI;SMP;4
7754;15;JAMBI;1508;150817;DATA SEKOLAH;UNIT;2022/2023 GANJIL;NEGERI;SMA;2
7755;15;JAMBI;1508;150817;DATA SEKOLAH;UNIT;2022/2023 GANJIL;NEGERI;SMK;0
7756;15;JAMBI;1508;150817;DATA SEKOLAH;UNIT;2022/2023 GANJIL;NEGERI;SLB;0
7757;15;JAMBI;1508;150801;DATA SEKOLAH;UNIT;2022/2023 GANJIL;NEGERI;TK;0
7758;15;JAMBI;1508;150801;DATA SEKOLAH;UNIT;2022/2023 GANJIL;NEGERI;KB;0
7759;15;JAMBI;1508;150801;DATA SEKOLAH;UNIT;2022/2023 GANJIL;NEGERI;TPA;0
7760;15;JAMBI;1508;150801;DATA SEKOLAH;UNIT;2022/2023 GANJIL;NEGERI;SPS;0
7761;15;JAMBI;1508;150801;DATA SEKOLAH;UNIT;2022/2023 GANJIL;NEGERI;PKBM;0
7762;15;JAMBI;1508;150801;DATA SEKOLAH;UNIT;2022/2023 GANJIL;NEGERI;SKB;0
7763;15;JAMBI;1508;150801;DATA SEKOLAH;UNIT;2022/2023 GANJIL;NEGERI;SD;13
7764;15;JAMBI;1508;150801;DATA SEKOLAH;UNIT;2022/2023 GANJIL;NEGERI;SMP;2
7765;15;JAMBI;1508;150801;DATA SEKOLAH;UNIT;2022/2023 GANJIL;NEGERI;SMA;2
7766;15;JAMBI;1508;150801;DATA SEKOLAH;UNIT;2022/2023 GANJIL;NEGERI;SMK;0
7767;15;JAMBI;1508;150801;DATA SEKOLAH;UNIT;2022/2023 GANJIL;NEGERI;SLB;0
7768;15;JAMBI;1506;150606;DATA SEKOLAH;UNIT;2022/2023 GANJIL;NEGERI;TK;0
7769;15;JAMBI;1506;150606;DATA SEKOLAH;UNIT;2022/2023 GANJIL;NEGERI;KB;0
7770;15;JAMBI;1506;150606;DATA SEKOLAH;UNIT;2022/2023 GANJIL;NEGERI;TPA;0
7771;15;JAMBI;1506;150606;DATA SEKOLAH;UNIT;2022/2023 GANJIL;NEGERI;SPS;0
7772;15;JAMBI;1506;150606;DATA SEKOLAH;UNIT;2022/2023 GANJIL;NEGERI;PKBM;0
7773;15;JAMBI;1506;150606;DATA SEKOLAH;UNIT;2022/2023 GANJIL;NEGERI;SKB;0
7774;15;JAMBI;1506;150606;DATA SEKOLAH;UNIT;2022/2023 GANJIL;NEGERI;SD;15
7775;15;JAMBI;1506;150606;DATA SEKOLAH;UNIT;2022/2023 GANJIL;NEGERI;SMP;7
7776;15;JAMBI;1506;150606;DATA SEKOLAH;UNIT;2022/2023 GANJIL;NEGERI;SMA;2
7777;15;JAMBI;1506;150606;DATA SEKOLAH;UNIT;2022/2023 GANJIL;NEGERI;SMK;1
7778;15;JAMBI;1506;150606;DATA SEKOLAH;UNIT;2022/2023 GANJIL;NEGERI;SLB;0
7779;15;JAMBI;1509;150902;DATA SEKOLAH;UNIT;2022/2023 GANJIL;NEGERI;TK;1
7780;15;JAMBI;1509;150902;DATA SEKOLAH;UNIT;2022/2023 GANJIL;NEGERI;KB;0
7781;15;JAMBI;1509;150902;DATA SEKOLAH;UNIT;2022/2023 GANJIL;NEGERI;TPA;0
7782;15;JAMBI;1509;150902;DATA SEKOLAH;UNIT;2022/2023 GANJIL;NEGERI;SPS;0
7783;15;JAMBI;1509;150902;DATA SEKOLAH;UNIT;2022/2023 GANJIL;NEGERI;PKBM;0
7784;15;JAMBI;1509;150902;DATA SEKOLAH;UNIT;2022/2023 GANJIL;NEGERI;SKB;0
7785;15;JAMBI;1509;150902;DATA SEKOLAH;UNIT;2022/2023 GANJIL;NEGERI;SD;23
7786;15;JAMBI;1509;150902;DATA SEKOLAH;UNIT;2022/2023 GANJIL;NEGERI;SMP;7
7787;15;JAMBI;1509;150902;DATA SEKOLAH;UNIT;2022/2023 GANJIL;NEGERI;SMA;1
7788;15;JAMBI;1509;150902;DATA SEKOLAH;UNIT;2022/2023 GANJIL;NEGERI;SMK;1
7789;15;JAMBI;1509;150902;DATA SEKOLAH;UNIT;2022/2023 GANJIL;NEGERI;SLB;0
7790;15;JAMBI;1509;150901;DATA SEKOLAH;UNIT;2022/2023 GANJIL;NEGERI;TK;1
7791;15;JAMBI;1509;150901;DATA SEKOLAH;UNIT;2022/2023 GANJIL;NEGERI;KB;0
7792;15;JAMBI;1509;150901;DATA SEKOLAH;UNIT;2022/2023 GANJIL;NEGERI;TPA;0
7793;15;JAMBI;1509;150901;DATA SEKOLAH;UNIT;2022/2023 GANJIL;NEGERI;SPS;0
7794;15;JAMBI;1509;150901;DATA SEKOLAH;UNIT;2022/2023 GANJIL;NEGERI;PKBM;0
7795;15;JAMBI;1509;150901;DATA SEKOLAH;UNIT;2022/2023 GANJIL;NEGERI;SKB;1
7796;15;JAMBI;1509;150901;DATA SEKOLAH;UNIT;2022/2023 GANJIL;NEGERI;SD;26
7797;15;JAMBI;1509;150901;DATA SEKOLAH;UNIT;2022/2023 GANJIL;NEGERI;SMP;6
7798;15;JAMBI;1509;150901;DATA SEKOLAH;UNIT;2022/2023 GANJIL;NEGERI;SMA;2
7799;15;JAMBI;1509;150901;DATA SEKOLAH;UNIT;2022/2023 GANJIL;NEGERI;SMK;1
7800;15;JAMBI;1509;150901;DATA SEKOLAH;UNIT;2022/2023 GANJIL;NEGERI;SLB;0
7801;15;JAMBI;1509;150903;DATA SEKOLAH;UNIT;2022/2023 GANJIL;NEGERI;TK;1
7802;15;JAMBI;1509;150903;DATA SEKOLAH;UNIT;2022/2023 GANJIL;NEGERI;KB;0
7803;15;JAMBI;1509;150903;DATA SEKOLAH;UNIT;2022/2023 GANJIL;NEGERI;TPA;0
7804;15;JAMBI;1509;150903;DATA SEKOLAH;UNIT;2022/2023 GANJIL;NEGERI;SPS;0
7805;15;JAMBI;1509;150903;DATA SEKOLAH;UNIT;2022/2023 GANJIL;NEGERI;PKBM;0
7806;15;JAMBI;1509;150903;DATA SEKOLAH;UNIT;2022/2023 GANJIL;NEGERI;SKB;0
7807;15;JAMBI;1509;150903;DATA SEKOLAH;UNIT;2022/2023 GANJIL;NEGERI;SD;28
7808;15;JAMBI;1509;150903;DATA SEKOLAH;UNIT;2022/2023 GANJIL;NEGERI;SMP;7
7809;15;JAMBI;1509;150903;DATA SEKOLAH;UNIT;2022/2023 GANJIL;NEGERI;SMA;3
7810;15;JAMBI;1509;150903;DATA SEKOLAH;UNIT;2022/2023 GANJIL;NEGERI;SMK;1
7811;15;JAMBI;1509;150903;DATA SEKOLAH;UNIT;2022/2023 GANJIL;NEGERI;SLB;0
7812;15;JAMBI;1571;157101;DATA SEKOLAH;UNIT;2022/2023 GANJIL;NEGERI;TK;0
7813;15;JAMBI;1571;157101;DATA SEKOLAH;UNIT;2022/2023 GANJIL;NEGERI;KB;0
7814;15;JAMBI;1571;157101;DATA SEKOLAH;UNIT;2022/2023 GANJIL;NEGERI;TPA;0
7815;15;JAMBI;1571;157101;DATA SEKOLAH;UNIT;2022/2023 GANJIL;NEGERI;SPS;0
7816;15;JAMBI;1571;157101;DATA SEKOLAH;UNIT;2022/2023 GANJIL;NEGERI;PKBM;0
7817;15;JAMBI;1571;157101;DATA SEKOLAH;UNIT;2022/2023 GANJIL;NEGERI;SKB;0
7818;15;JAMBI;1571;157101;DATA SEKOLAH;UNIT;2022/2023 GANJIL;NEGERI;SD;19
7819;15;JAMBI;1571;157101;DATA SEKOLAH;UNIT;2022/2023 GANJIL;NEGERI;SMP;3
7820;15;JAMBI;1571;157101;DATA SEKOLAH;UNIT;2022/2023 GANJIL;NEGERI;SMA;2
7821;15;JAMBI;1571;157101;DATA SEKOLAH;UNIT;2022/2023 GANJIL;NEGERI;SMK;1
7822;15;JAMBI;1571;157101;DATA SEKOLAH;UNIT;2022/2023 GANJIL;NEGERI;SLB;1
7823;15;JAMBI;1509;150909;DATA SEKOLAH;UNIT;2022/2023 GANJIL;NEGERI;TK;1
7824;15;JAMBI;1509;150909;DATA SEKOLAH;UNIT;2022/2023 GANJIL;NEGERI;KB;0
7825;15;JAMBI;1509;150909;DATA SEKOLAH;UNIT;2022/2023 GANJIL;NEGERI;TPA;0
7826;15;JAMBI;1509;150909;DATA SEKOLAH;UNIT;2022/2023 GANJIL;NEGERI;SPS;0
7827;15;JAMBI;1509;150909;DATA SEKOLAH;UNIT;2022/2023 GANJIL;NEGERI;PKBM;0
7828;15;JAMBI;1509;150909;DATA SEKOLAH;UNIT;2022/2023 GANJIL;NEGERI;SKB;0
7829;15;JAMBI;1509;150909;DATA SEKOLAH;UNIT;2022/2023 GANJIL;NEGERI;SD;19
7830;15;JAMBI;1509;150909;DATA SEKOLAH;UNIT;2022/2023 GANJIL;NEGERI;SMP;4
7831;15;JAMBI;1509;150909;DATA SEKOLAH;UNIT;2022/2023 GANJIL;NEGERI;SMA;1
7832;15;JAMBI;1509;150909;DATA SEKOLAH;UNIT;2022/2023 GANJIL;NEGERI;SMK;1
7833;15;JAMBI;1509;150909;DATA SEKOLAH;UNIT;2022/2023 GANJIL;NEGERI;SLB;0
7834;15;JAMBI;1502;150224;DATA SEKOLAH;UNIT;2022/2023 GANJIL;NEGERI;TK;0
7835;15;JAMBI;1502;150224;DATA SEKOLAH;UNIT;2022/2023 GANJIL;NEGERI;KB;0
7836;15;JAMBI;1502;150224;DATA SEKOLAH;UNIT;2022/2023 GANJIL;NEGERI;TPA;0
7837;15;JAMBI;1502;150224;DATA SEKOLAH;UNIT;2022/2023 GANJIL;NEGERI;SPS;0
7838;15;JAMBI;1502;150224;DATA SEKOLAH;UNIT;2022/2023 GANJIL;NEGERI;PKBM;0
7839;15;JAMBI;1502;150224;DATA SEKOLAH;UNIT;2022/2023 GANJIL;NEGERI;SKB;0
7840;15;JAMBI;1502;150224;DATA SEKOLAH;UNIT;2022/2023 GANJIL;NEGERI;SD;7
7841;15;JAMBI;1502;150224;DATA SEKOLAH;UNIT;2022/2023 GANJIL;NEGERI;SMP;3
7842;15;JAMBI;1502;150224;DATA SEKOLAH;UNIT;2022/2023 GANJIL;NEGERI;SMA;1
7843;15;JAMBI;1502;150224;DATA SEKOLAH;UNIT;2022/2023 GANJIL;NEGERI;SMK;0
7844;15;JAMBI;1502;150224;DATA SEKOLAH;UNIT;2022/2023 GANJIL;NEGERI;SLB;0
7845;15;JAMBI;1506;150602;DATA SEKOLAH;UNIT;2022/2023 GANJIL;NEGERI;TK;3
7846;15;JAMBI;1506;150602;DATA SEKOLAH;UNIT;2022/2023 GANJIL;NEGERI;KB;0
7847;15;JAMBI;1506;150602;DATA SEKOLAH;UNIT;2022/2023 GANJIL;NEGERI;TPA;0
7848;15;JAMBI;1506;150602;DATA SEKOLAH;UNIT;2022/2023 GANJIL;NEGERI;SPS;0
7849;15;JAMBI;1506;150602;DATA SEKOLAH;UNIT;2022/2023 GANJIL;NEGERI;PKBM;0
7850;15;JAMBI;1506;150602;DATA SEKOLAH;UNIT;2022/2023 GANJIL;NEGERI;SKB;0
7851;15;JAMBI;1506;150602;DATA SEKOLAH;UNIT;2022/2023 GANJIL;NEGERI;SD;24
7852;15;JAMBI;1506;150602;DATA SEKOLAH;UNIT;2022/2023 GANJIL;NEGERI;SMP;4
7853;15;JAMBI;1506;150602;DATA SEKOLAH;UNIT;2022/2023 GANJIL;NEGERI;SMA;3
7854;15;JAMBI;1506;150602;DATA SEKOLAH;UNIT;2022/2023 GANJIL;NEGERI;SMK;2
7855;15;JAMBI;1506;150602;DATA SEKOLAH;UNIT;2022/2023 GANJIL;NEGERI;SLB;1
7856;15;JAMBI;1506;150601;DATA SEKOLAH;UNIT;2022/2023 GANJIL;NEGERI;TK;0
7857;15;JAMBI;1506;150601;DATA SEKOLAH;UNIT;2022/2023 GANJIL;NEGERI;KB;0
7858;15;JAMBI;1506;150601;DATA SEKOLAH;UNIT;2022/2023 GANJIL;NEGERI;TPA;0
7859;15;JAMBI;1506;150601;DATA SEKOLAH;UNIT;2022/2023 GANJIL;NEGERI;SPS;0
7860;15;JAMBI;1506;150601;DATA SEKOLAH;UNIT;2022/2023 GANJIL;NEGERI;PKBM;0
7861;15;JAMBI;1506;150601;DATA SEKOLAH;UNIT;2022/2023 GANJIL;NEGERI;SKB;1
7862;15;JAMBI;1506;150601;DATA SEKOLAH;UNIT;2022/2023 GANJIL;NEGERI;SD;10
7863;15;JAMBI;1506;150601;DATA SEKOLAH;UNIT;2022/2023 GANJIL;NEGERI;SMP;4
7864;15;JAMBI;1506;150601;DATA SEKOLAH;UNIT;2022/2023 GANJIL;NEGERI;SMA;1
7865;15;JAMBI;1506;150601;DATA SEKOLAH;UNIT;2022/2023 GANJIL;NEGERI;SMK;1
7866;15;JAMBI;1506;150601;DATA SEKOLAH;UNIT;2022/2023 GANJIL;NEGERI;SLB;0
7867;15;JAMBI;1509;150906;DATA SEKOLAH;UNIT;2022/2023 GANJIL;NEGERI;TK;1
7868;15;JAMBI;1509;150906;DATA SEKOLAH;UNIT;2022/2023 GANJIL;NEGERI;KB;0
7869;15;JAMBI;1509;150906;DATA SEKOLAH;UNIT;2022/2023 GANJIL;NEGERI;TPA;0
7870;15;JAMBI;1509;150906;DATA SEKOLAH;UNIT;2022/2023 GANJIL;NEGERI;SPS;0
7871;15;JAMBI;1509;150906;DATA SEKOLAH;UNIT;2022/2023 GANJIL;NEGERI;PKBM;0
7872;15;JAMBI;1509;150906;DATA SEKOLAH;UNIT;2022/2023 GANJIL;NEGERI;SKB;0
7873;15;JAMBI;1509;150906;DATA SEKOLAH;UNIT;2022/2023 GANJIL;NEGERI;SD;16
7874;15;JAMBI;1509;150906;DATA SEKOLAH;UNIT;2022/2023 GANJIL;NEGERI;SMP;3
7875;15;JAMBI;1509;150906;DATA SEKOLAH;UNIT;2022/2023 GANJIL;NEGERI;SMA;1
7876;15;JAMBI;1509;150906;DATA SEKOLAH;UNIT;2022/2023 GANJIL;NEGERI;SMK;0
7877;15;JAMBI;1509;150906;DATA SEKOLAH;UNIT;2022/2023 GANJIL;NEGERI;SLB;0
7878;15;JAMBI;1509;150911;DATA SEKOLAH;UNIT;2022/2023 GANJIL;NEGERI;TK;1
7879;15;JAMBI;1509;150911;DATA SEKOLAH;UNIT;2022/2023 GANJIL;NEGERI;KB;0
7880;15;JAMBI;1509;150911;DATA SEKOLAH;UNIT;2022/2023 GANJIL;NEGERI;TPA;0
7881;15;JAMBI;1509;150911;DATA SEKOLAH;UNIT;2022/2023 GANJIL;NEGERI;SPS;0
7882;15;JAMBI;1509;150911;DATA SEKOLAH;UNIT;2022/2023 GANJIL;NEGERI;PKBM;0
7883;15;JAMBI;1509;150911;DATA SEKOLAH;UNIT;2022/2023 GANJIL;NEGERI;SKB;0
7884;15;JAMBI;1509;150911;DATA SEKOLAH;UNIT;2022/2023 GANJIL;NEGERI;SD;13
7885;15;JAMBI;1509;150911;DATA SEKOLAH;UNIT;2022/2023 GANJIL;NEGERI;SMP;6
7886;15;JAMBI;1509;150911;DATA SEKOLAH;UNIT;2022/2023 GANJIL;NEGERI;SMA;0
7887;15;JAMBI;1509;150911;DATA SEKOLAH;UNIT;2022/2023 GANJIL;NEGERI;SMK;1
7888;15;JAMBI;1509;150911;DATA SEKOLAH;UNIT;2022/2023 GANJIL;NEGERI;SLB;0
7889;15;JAMBI;1501;150105;DATA SEKOLAH;UNIT;2022/2023 GANJIL;SWASTA;TK;7
7890;15;JAMBI;1501;150105;DATA SEKOLAH;UNIT;2022/2023 GANJIL;SWASTA;KB;14
7891;15;JAMBI;1501;150105;DATA SEKOLAH;UNIT;2022/2023 GANJIL;SWASTA;TPA;0
7892;15;JAMBI;1501;150105;DATA SEKOLAH;UNIT;2022/2023 GANJIL;SWASTA;SPS;2
7893;15;JAMBI;1501;150105;DATA SEKOLAH;UNIT;2022/2023 GANJIL;SWASTA;PKBM;3
7894;15;JAMBI;1501;150105;DATA SEKOLAH;UNIT;2022/2023 GANJIL;SWASTA;SKB;0
7895;15;JAMBI;1501;150105;DATA SEKOLAH;UNIT;2022/2023 GANJIL;SWASTA;SD;0
7896;15;JAMBI;1501;150105;DATA SEKOLAH;UNIT;2022/2023 GANJIL;SWASTA;SMP;0
7897;15;JAMBI;1501;150105;DATA SEKOLAH;UNIT;2022/2023 GANJIL;SWASTA;SMA;0
7898;15;JAMBI;1501;150105;DATA SEKOLAH;UNIT;2022/2023 GANJIL;SWASTA;SMK;0
7899;15;JAMBI;1501;150105;DATA SEKOLAH;UNIT;2022/2023 GANJIL;SWASTA;SLB;0
7900;15;JAMBI;1501;150121;DATA SEKOLAH;UNIT;2022/2023 GANJIL;SWASTA;TK;2
7901;15;JAMBI;1501;150121;DATA SEKOLAH;UNIT;2022/2023 GANJIL;SWASTA;KB;11
7902;15;JAMBI;1501;150121;DATA SEKOLAH;UNIT;2022/2023 GANJIL;SWASTA;TPA;0
7903;15;JAMBI;1501;150121;DATA SEKOLAH;UNIT;2022/2023 GANJIL;SWASTA;SPS;2
7904;15;JAMBI;1501;150121;DATA SEKOLAH;UNIT;2022/2023 GANJIL;SWASTA;PKBM;0
7905;15;JAMBI;1501;150121;DATA SEKOLAH;UNIT;2022/2023 GANJIL;SWASTA;SKB;0
7906;15;JAMBI;1501;150121;DATA SEKOLAH;UNIT;2022/2023 GANJIL;SWASTA;SD;1
7907;15;JAMBI;1501;150121;DATA SEKOLAH;UNIT;2022/2023 GANJIL;SWASTA;SMP;1
7908;15;JAMBI;1501;150121;DATA SEKOLAH;UNIT;2022/2023 GANJIL;SWASTA;SMA;0
7909;15;JAMBI;1501;150121;DATA SEKOLAH;UNIT;2022/2023 GANJIL;SWASTA;SMK;1
7910;15;JAMBI;1501;150121;DATA SEKOLAH;UNIT;2022/2023 GANJIL;SWASTA;SLB;0
7911;15;JAMBI;1501;150111;DATA SEKOLAH;UNIT;2022/2023 GANJIL;SWASTA;TK;7
7912;15;JAMBI;1501;150111;DATA SEKOLAH;UNIT;2022/2023 GANJIL;SWASTA;KB;19
7913;15;JAMBI;1501;150111;DATA SEKOLAH;UNIT;2022/2023 GANJIL;SWASTA;TPA;0
7914;15;JAMBI;1501;150111;DATA SEKOLAH;UNIT;2022/2023 GANJIL;SWASTA;SPS;7
7915;15;JAMBI;1501;150111;DATA SEKOLAH;UNIT;2022/2023 GANJIL;SWASTA;PKBM;3
7916;15;JAMBI;1501;150111;DATA SEKOLAH;UNIT;2022/2023 GANJIL;SWASTA;SKB;0
7917;15;JAMBI;1501;150111;DATA SEKOLAH;UNIT;2022/2023 GANJIL;SWASTA;SD;0
7918;15;JAMBI;1501;150111;DATA SEKOLAH;UNIT;2022/2023 GANJIL;SWASTA;SMP;0
7919;15;JAMBI;1501;150111;DATA SEKOLAH;UNIT;2022/2023 GANJIL;SWASTA;SMA;0
7920;15;JAMBI;1501;150111;DATA SEKOLAH;UNIT;2022/2023 GANJIL;SWASTA;SMK;0
7921;15;JAMBI;1501;150111;DATA SEKOLAH;UNIT;2022/2023 GANJIL;SWASTA;SLB;1
7922;15;JAMBI;1503;150307;DATA SEKOLAH;UNIT;2022/2023 GANJIL;SWASTA;TK;13
7923;15;JAMBI;1503;150307;DATA SEKOLAH;UNIT;2022/2023 GANJIL;SWASTA;KB;22
7924;15;JAMBI;1503;150307;DATA SEKOLAH;UNIT;2022/2023 GANJIL;SWASTA;TPA;0
7925;15;JAMBI;1503;150307;DATA SEKOLAH;UNIT;2022/2023 GANJIL;SWASTA;SPS;0
7926;15;JAMBI;1503;150307;DATA SEKOLAH;UNIT;2022/2023 GANJIL;SWASTA;PKBM;2
7927;15;JAMBI;1503;150307;DATA SEKOLAH;UNIT;2022/2023 GANJIL;SWASTA;SKB;0
7928;15;JAMBI;1503;150307;DATA SEKOLAH;UNIT;2022/2023 GANJIL;SWASTA;SD;3
7929;15;JAMBI;1503;150307;DATA SEKOLAH;UNIT;2022/2023 GANJIL;SWASTA;SMP;0
7930;15;JAMBI;1503;150307;DATA SEKOLAH;UNIT;2022/2023 GANJIL;SWASTA;SMA;1
7931;15;JAMBI;1503;150307;DATA SEKOLAH;UNIT;2022/2023 GANJIL;SWASTA;SMK;0
7932;15;JAMBI;1503;150307;DATA SEKOLAH;UNIT;2022/2023 GANJIL;SWASTA;SLB;0
7933;15;JAMBI;1571;157109;DATA SEKOLAH;UNIT;2022/2023 GANJIL;SWASTA;TK;38
7934;15;JAMBI;1571;157109;DATA SEKOLAH;UNIT;2022/2023 GANJIL;SWASTA;KB;21
7935;15;JAMBI;1571;157109;DATA SEKOLAH;UNIT;2022/2023 GANJIL;SWASTA;TPA;6
7936;15;JAMBI;1571;157109;DATA SEKOLAH;UNIT;2022/2023 GANJIL;SWASTA;SPS;6
7937;15;JAMBI;1571;157109;DATA SEKOLAH;UNIT;2022/2023 GANJIL;SWASTA;PKBM;0
7938;15;JAMBI;1571;157109;DATA SEKOLAH;UNIT;2022/2023 GANJIL;SWASTA;SKB;0
7939;15;JAMBI;1571;157109;DATA SEKOLAH;UNIT;2022/2023 GANJIL;SWASTA;SD;5
7940;15;JAMBI;1571;157109;DATA SEKOLAH;UNIT;2022/2023 GANJIL;SWASTA;SMP;4
7941;15;JAMBI;1571;157109;DATA SEKOLAH;UNIT;2022/2023 GANJIL;SWASTA;SMA;3
7942;15;JAMBI;1571;157109;DATA SEKOLAH;UNIT;2022/2023 GANJIL;SWASTA;SMK;3
7943;15;JAMBI;1571;157109;DATA SEKOLAH;UNIT;2022/2023 GANJIL;SWASTA;SLB;0
7944;15;JAMBI;1505;150510;DATA SEKOLAH;UNIT;2022/2023 GANJIL;SWASTA;TK;12
7945;15;JAMBI;1505;150510;DATA SEKOLAH;UNIT;2022/2023 GANJIL;SWASTA;KB;5
7946;15;JAMBI;1505;150510;DATA SEKOLAH;UNIT;2022/2023 GANJIL;SWASTA;TPA;0
7947;15;JAMBI;1505;150510;DATA SEKOLAH;UNIT;2022/2023 GANJIL;SWASTA;SPS;2
7948;15;JAMBI;1505;150510;DATA SEKOLAH;UNIT;2022/2023 GANJIL;SWASTA;PKBM;0
7949;15;JAMBI;1505;150510;DATA SEKOLAH;UNIT;2022/2023 GANJIL;SWASTA;SKB;0
7950;15;JAMBI;1505;150510;DATA SEKOLAH;UNIT;2022/2023 GANJIL;SWASTA;SD;1
7951;15;JAMBI;1505;150510;DATA SEKOLAH;UNIT;2022/2023 GANJIL;SWASTA;SMP;0
7952;15;JAMBI;1505;150510;DATA SEKOLAH;UNIT;2022/2023 GANJIL;SWASTA;SMA;0
7953;15;JAMBI;1505;150510;DATA SEKOLAH;UNIT;2022/2023 GANJIL;SWASTA;SMK;0
7954;15;JAMBI;1505;150510;DATA SEKOLAH;UNIT;2022/2023 GANJIL;SWASTA;SLB;0
7955;15;JAMBI;1505;150509;DATA SEKOLAH;UNIT;2022/2023 GANJIL;SWASTA;TK;10
7956;15;JAMBI;1505;150509;DATA SEKOLAH;UNIT;2022/2023 GANJIL;SWASTA;KB;6
7957;15;JAMBI;1505;150509;DATA SEKOLAH;UNIT;2022/2023 GANJIL;SWASTA;TPA;0
7958;15;JAMBI;1505;150509;DATA SEKOLAH;UNIT;2022/2023 GANJIL;SWASTA;SPS;0
7959;15;JAMBI;1505;150509;DATA SEKOLAH;UNIT;2022/2023 GANJIL;SWASTA;PKBM;0
7960;15;JAMBI;1505;150509;DATA SEKOLAH;UNIT;2022/2023 GANJIL;SWASTA;SKB;0
7961;15;JAMBI;1505;150509;DATA SEKOLAH;UNIT;2022/2023 GANJIL;SWASTA;SD;0
7962;15;JAMBI;1505;150509;DATA SEKOLAH;UNIT;2022/2023 GANJIL;SWASTA;SMP;1
7963;15;JAMBI;1505;150509;DATA SEKOLAH;UNIT;2022/2023 GANJIL;SWASTA;SMA;0
7964;15;JAMBI;1505;150509;DATA SEKOLAH;UNIT;2022/2023 GANJIL;SWASTA;SMK;0
7965;15;JAMBI;1505;150509;DATA SEKOLAH;UNIT;2022/2023 GANJIL;SWASTA;SLB;0
7966;15;JAMBI;1504;150407;DATA SEKOLAH;UNIT;2022/2023 GANJIL;SWASTA;TK;17
7967;15;JAMBI;1504;150407;DATA SEKOLAH;UNIT;2022/2023 GANJIL;SWASTA;KB;28
7968;15;JAMBI;1504;150407;DATA SEKOLAH;UNIT;2022/2023 GANJIL;SWASTA;TPA;0
7969;15;JAMBI;1504;150407;DATA SEKOLAH;UNIT;2022/2023 GANJIL;SWASTA;SPS;1
7970;15;JAMBI;1504;150407;DATA SEKOLAH;UNIT;2022/2023 GANJIL;SWASTA;PKBM;1
7971;15;JAMBI;1504;150407;DATA SEKOLAH;UNIT;2022/2023 GANJIL;SWASTA;SKB;0
7972;15;JAMBI;1504;150407;DATA SEKOLAH;UNIT;2022/2023 GANJIL;SWASTA;SD;3
7973;15;JAMBI;1504;150407;DATA SEKOLAH;UNIT;2022/2023 GANJIL;SWASTA;SMP;1
7974;15;JAMBI;1504;150407;DATA SEKOLAH;UNIT;2022/2023 GANJIL;SWASTA;SMA;0
7975;15;JAMBI;1504;150407;DATA SEKOLAH;UNIT;2022/2023 GANJIL;SWASTA;SMK;0
7976;15;JAMBI;1504;150407;DATA SEKOLAH;UNIT;2022/2023 GANJIL;SWASTA;SLB;0
7977;15;JAMBI;1502;150202;DATA SEKOLAH;UNIT;2022/2023 GANJIL;SWASTA;TK;20
7978;15;JAMBI;1502;150202;DATA SEKOLAH;UNIT;2022/2023 GANJIL;SWASTA;KB;14
7979;15;JAMBI;1502;150202;DATA SEKOLAH;UNIT;2022/2023 GANJIL;SWASTA;TPA;1
7980;15;JAMBI;1502;150202;DATA SEKOLAH;UNIT;2022/2023 GANJIL;SWASTA;SPS;1
7981;15;JAMBI;1502;150202;DATA SEKOLAH;UNIT;2022/2023 GANJIL;SWASTA;PKBM;1
7982;15;JAMBI;1502;150202;DATA SEKOLAH;UNIT;2022/2023 GANJIL;SWASTA;SKB;0
7983;15;JAMBI;1502;150202;DATA SEKOLAH;UNIT;2022/2023 GANJIL;SWASTA;SD;2
7984;15;JAMBI;1502;150202;DATA SEKOLAH;UNIT;2022/2023 GANJIL;SWASTA;SMP;5
7985;15;JAMBI;1502;150202;DATA SEKOLAH;UNIT;2022/2023 GANJIL;SWASTA;SMA;1
7986;15;JAMBI;1502;150202;DATA SEKOLAH;UNIT;2022/2023 GANJIL;SWASTA;SMK;0
7987;15;JAMBI;1502;150202;DATA SEKOLAH;UNIT;2022/2023 GANJIL;SWASTA;SLB;0
7988;15;JAMBI;1502;150210;DATA SEKOLAH;UNIT;2022/2023 GANJIL;SWASTA;TK;5
7989;15;JAMBI;1502;150210;DATA SEKOLAH;UNIT;2022/2023 GANJIL;SWASTA;KB;8
7990;15;JAMBI;1502;150210;DATA SEKOLAH;UNIT;2022/2023 GANJIL;SWASTA;TPA;0
7991;15;JAMBI;1502;150210;DATA SEKOLAH;UNIT;2022/2023 GANJIL;SWASTA;SPS;0
7992;15;JAMBI;1502;150210;DATA SEKOLAH;UNIT;2022/2023 GANJIL;SWASTA;PKBM;1
7993;15;JAMBI;1502;150210;DATA SEKOLAH;UNIT;2022/2023 GANJIL;SWASTA;SKB;0
7994;15;JAMBI;1502;150210;DATA SEKOLAH;UNIT;2022/2023 GANJIL;SWASTA;SD;0
7995;15;JAMBI;1502;150210;DATA SEKOLAH;UNIT;2022/2023 GANJIL;SWASTA;SMP;0
7996;15;JAMBI;1502;150210;DATA SEKOLAH;UNIT;2022/2023 GANJIL;SWASTA;SMA;0
7997;15;JAMBI;1502;150210;DATA SEKOLAH;UNIT;2022/2023 GANJIL;SWASTA;SMK;0
7998;15;JAMBI;1502;150210;DATA SEKOLAH;UNIT;2022/2023 GANJIL;SWASTA;SLB;0
7999;15;JAMBI;1503;150301;DATA SEKOLAH;UNIT;2022/2023 GANJIL;SWASTA;TK;19
8000;15;JAMBI;1503;150301;DATA SEKOLAH;UNIT;2022/2023 GANJIL;SWASTA;KB;32
8001;15;JAMBI;1503;150301;DATA SEKOLAH;UNIT;2022/2023 GANJIL;SWASTA;TPA;1
8002;15;JAMBI;1503;150301;DATA SEKOLAH;UNIT;2022/2023 GANJIL;SWASTA;SPS;1
8003;15;JAMBI;1503;150301;DATA SEKOLAH;UNIT;2022/2023 GANJIL;SWASTA;PKBM;1
8004;15;JAMBI;1503;150301;DATA SEKOLAH;UNIT;2022/2023 GANJIL;SWASTA;SKB;0
8005;15;JAMBI;1503;150301;DATA SEKOLAH;UNIT;2022/2023 GANJIL;SWASTA;SD;0
8006;15;JAMBI;1503;150301;DATA SEKOLAH;UNIT;2022/2023 GANJIL;SWASTA;SMP;2
8007;15;JAMBI;1503;150301;DATA SEKOLAH;UNIT;2022/2023 GANJIL;SWASTA;SMA;0
8008;15;JAMBI;1503;150301;DATA SEKOLAH;UNIT;2022/2023 GANJIL;SWASTA;SMK;0
8009;15;JAMBI;1503;150301;DATA SEKOLAH;UNIT;2022/2023 GANJIL;SWASTA;SLB;0
8010;15;JAMBI;1506;150607;DATA SEKOLAH;UNIT;2022/2023 GANJIL;SWASTA;TK;13
8011;15;JAMBI;1506;150607;DATA SEKOLAH;UNIT;2022/2023 GANJIL;SWASTA;KB;10
8012;15;JAMBI;1506;150607;DATA SEKOLAH;UNIT;2022/2023 GANJIL;SWASTA;TPA;1
8013;15;JAMBI;1506;150607;DATA SEKOLAH;UNIT;2022/2023 GANJIL;SWASTA;SPS;0
8014;15;JAMBI;1506;150607;DATA SEKOLAH;UNIT;2022/2023 GANJIL;SWASTA;PKBM;1
8015;15;JAMBI;1506;150607;DATA SEKOLAH;UNIT;2022/2023 GANJIL;SWASTA;SKB;0
8016;15;JAMBI;1506;150607;DATA SEKOLAH;UNIT;2022/2023 GANJIL;SWASTA;SD;2
8017;15;JAMBI;1506;150607;DATA SEKOLAH;UNIT;2022/2023 GANJIL;SWASTA;SMP;2
8018;15;JAMBI;1506;150607;DATA SEKOLAH;UNIT;2022/2023 GANJIL;SWASTA;SMA;1
8019;15;JAMBI;1506;150607;DATA SEKOLAH;UNIT;2022/2023 GANJIL;SWASTA;SMK;0
8020;15;JAMBI;1506;150607;DATA SEKOLAH;UNIT;2022/2023 GANJIL;SWASTA;SLB;0
8021;15;JAMBI;1502;150212;DATA SEKOLAH;UNIT;2022/2023 GANJIL;SWASTA;TK;5
8022;15;JAMBI;1502;150212;DATA SEKOLAH;UNIT;2022/2023 GANJIL;SWASTA;KB;7
8023;15;JAMBI;1502;150212;DATA SEKOLAH;UNIT;2022/2023 GANJIL;SWASTA;TPA;0
8024;15;JAMBI;1502;150212;DATA SEKOLAH;UNIT;2022/2023 GANJIL;SWASTA;SPS;0
8025;15;JAMBI;1502;150212;DATA SEKOLAH;UNIT;2022/2023 GANJIL;SWASTA;PKBM;1
8026;15;JAMBI;1502;150212;DATA SEKOLAH;UNIT;2022/2023 GANJIL;SWASTA;SKB;0
8027;15;JAMBI;1502;150212;DATA SEKOLAH;UNIT;2022/2023 GANJIL;SWASTA;SD;1
8028;15;JAMBI;1502;150212;DATA SEKOLAH;UNIT;2022/2023 GANJIL;SWASTA;SMP;1
8029;15;JAMBI;1502;150212;DATA SEKOLAH;UNIT;2022/2023 GANJIL;SWASTA;SMA;0
8030;15;JAMBI;1502;150212;DATA SEKOLAH;UNIT;2022/2023 GANJIL;SWASTA;SMK;0
8031;15;JAMBI;1502;150212;DATA SEKOLAH;UNIT;2022/2023 GANJIL;SWASTA;SLB;0
8032;15;JAMBI;1501;150107;DATA SEKOLAH;UNIT;2022/2023 GANJIL;SWASTA;TK;3
8033;15;JAMBI;1501;150107;DATA SEKOLAH;UNIT;2022/2023 GANJIL;SWASTA;KB;14
8034;15;JAMBI;1501;150107;DATA SEKOLAH;UNIT;2022/2023 GANJIL;SWASTA;TPA;0
8035;15;JAMBI;1501;150107;DATA SEKOLAH;UNIT;2022/2023 GANJIL;SWASTA;SPS;0
8036;15;JAMBI;1501;150107;DATA SEKOLAH;UNIT;2022/2023 GANJIL;SWASTA;PKBM;1
8037;15;JAMBI;1501;150107;DATA SEKOLAH;UNIT;2022/2023 GANJIL;SWASTA;SKB;0
8038;15;JAMBI;1501;150107;DATA SEKOLAH;UNIT;2022/2023 GANJIL;SWASTA;SD;0
8039;15;JAMBI;1501;150107;DATA SEKOLAH;UNIT;2022/2023 GANJIL;SWASTA;SMP;0
8040;15;JAMBI;1501;150107;DATA SEKOLAH;UNIT;2022/2023 GANJIL;SWASTA;SMA;0
8041;15;JAMBI;1501;150107;DATA SEKOLAH;UNIT;2022/2023 GANJIL;SWASTA;SMK;0
8042;15;JAMBI;1501;150107;DATA SEKOLAH;UNIT;2022/2023 GANJIL;SWASTA;SLB;0
8043;15;JAMBI;1508;150815;DATA SEKOLAH;UNIT;2022/2023 GANJIL;SWASTA;TK;5
8044;15;JAMBI;1508;150815;DATA SEKOLAH;UNIT;2022/2023 GANJIL;SWASTA;KB;6
8045;15;JAMBI;1508;150815;DATA SEKOLAH;UNIT;2022/2023 GANJIL;SWASTA;TPA;0
8046;15;JAMBI;1508;150815;DATA SEKOLAH;UNIT;2022/2023 GANJIL;SWASTA;SPS;0
8047;15;JAMBI;1508;150815;DATA SEKOLAH;UNIT;2022/2023 GANJIL;SWASTA;PKBM;0
8048;15;JAMBI;1508;150815;DATA SEKOLAH;UNIT;2022/2023 GANJIL;SWASTA;SKB;0
8049;15;JAMBI;1508;150815;DATA SEKOLAH;UNIT;2022/2023 GANJIL;SWASTA;SD;1
8050;15;JAMBI;1508;150815;DATA SEKOLAH;UNIT;2022/2023 GANJIL;SWASTA;SMP;0
8051;15;JAMBI;1508;150815;DATA SEKOLAH;UNIT;2022/2023 GANJIL;SWASTA;SMA;0
8052;15;JAMBI;1508;150815;DATA SEKOLAH;UNIT;2022/2023 GANJIL;SWASTA;SMK;0
8053;15;JAMBI;1508;150815;DATA SEKOLAH;UNIT;2022/2023 GANJIL;SWASTA;SLB;0
8054;15;JAMBI;1508;150811;DATA SEKOLAH;UNIT;2022/2023 GANJIL;SWASTA;TK;5
8055;15;JAMBI;1508;150811;DATA SEKOLAH;UNIT;2022/2023 GANJIL;SWASTA;KB;9
8056;15;JAMBI;1508;150811;DATA SEKOLAH;UNIT;2022/2023 GANJIL;SWASTA;TPA;1
8057;15;JAMBI;1508;150811;DATA SEKOLAH;UNIT;2022/2023 GANJIL;SWASTA;SPS;1
8058;15;JAMBI;1508;150811;DATA SEKOLAH;UNIT;2022/2023 GANJIL;SWASTA;PKBM;2
8059;15;JAMBI;1508;150811;DATA SEKOLAH;UNIT;2022/2023 GANJIL;SWASTA;SKB;0
8060;15;JAMBI;1508;150811;DATA SEKOLAH;UNIT;2022/2023 GANJIL;SWASTA;SD;1
8061;15;JAMBI;1508;150811;DATA SEKOLAH;UNIT;2022/2023 GANJIL;SWASTA;SMP;0
8062;15;JAMBI;1508;150811;DATA SEKOLAH;UNIT;2022/2023 GANJIL;SWASTA;SMA;0
8063;15;JAMBI;1508;150811;DATA SEKOLAH;UNIT;2022/2023 GANJIL;SWASTA;SMK;0
8064;15;JAMBI;1508;150811;DATA SEKOLAH;UNIT;2022/2023 GANJIL;SWASTA;SLB;0
8065;15;JAMBI;1508;150814;DATA SEKOLAH;UNIT;2022/2023 GANJIL;SWASTA;TK;3
8066;15;JAMBI;1508;150814;DATA SEKOLAH;UNIT;2022/2023 GANJIL;SWASTA;KB;13
8067;15;JAMBI;1508;150814;DATA SEKOLAH;UNIT;2022/2023 GANJIL;SWASTA;TPA;0
8068;15;JAMBI;1508;150814;DATA SEKOLAH;UNIT;2022/2023 GANJIL;SWASTA;SPS;1
8069;15;JAMBI;1508;150814;DATA SEKOLAH;UNIT;2022/2023 GANJIL;SWASTA;PKBM;1
8070;15;JAMBI;1508;150814;DATA SEKOLAH;UNIT;2022/2023 GANJIL;SWASTA;SKB;0
8071;15;JAMBI;1508;150814;DATA SEKOLAH;UNIT;2022/2023 GANJIL;SWASTA;SD;1
8072;15;JAMBI;1508;150814;DATA SEKOLAH;UNIT;2022/2023 GANJIL;SWASTA;SMP;0
8073;15;JAMBI;1508;150814;DATA SEKOLAH;UNIT;2022/2023 GANJIL;SWASTA;SMA;0
8074;15;JAMBI;1508;150814;DATA SEKOLAH;UNIT;2022/2023 GANJIL;SWASTA;SMK;0
8075;15;JAMBI;1508;150814;DATA SEKOLAH;UNIT;2022/2023 GANJIL;SWASTA;SLB;0
8076;15;JAMBI;1503;150308;DATA SEKOLAH;UNIT;2022/2023 GANJIL;SWASTA;TK;19
8077;15;JAMBI;1503;150308;DATA SEKOLAH;UNIT;2022/2023 GANJIL;SWASTA;KB;19
8078;15;JAMBI;1503;150308;DATA SEKOLAH;UNIT;2022/2023 GANJIL;SWASTA;TPA;0
8079;15;JAMBI;1503;150308;DATA SEKOLAH;UNIT;2022/2023 GANJIL;SWASTA;SPS;1
8080;15;JAMBI;1503;150308;DATA SEKOLAH;UNIT;2022/2023 GANJIL;SWASTA;PKBM;0
8081;15;JAMBI;1503;150308;DATA SEKOLAH;UNIT;2022/2023 GANJIL;SWASTA;SKB;0
8082;15;JAMBI;1503;150308;DATA SEKOLAH;UNIT;2022/2023 GANJIL;SWASTA;SD;2
8083;15;JAMBI;1503;150308;DATA SEKOLAH;UNIT;2022/2023 GANJIL;SWASTA;SMP;2
8084;15;JAMBI;1503;150308;DATA SEKOLAH;UNIT;2022/2023 GANJIL;SWASTA;SMA;3
8085;15;JAMBI;1503;150308;DATA SEKOLAH;UNIT;2022/2023 GANJIL;SWASTA;SMK;1
8086;15;JAMBI;1503;150308;DATA SEKOLAH;UNIT;2022/2023 GANJIL;SWASTA;SLB;0
8087;15;JAMBI;1508;150810;DATA SEKOLAH;UNIT;2022/2023 GANJIL;SWASTA;TK;3
8088;15;JAMBI;1508;150810;DATA SEKOLAH;UNIT;2022/2023 GANJIL;SWASTA;KB;7
8089;15;JAMBI;1508;150810;DATA SEKOLAH;UNIT;2022/2023 GANJIL;SWASTA;TPA;0
8090;15;JAMBI;1508;150810;DATA SEKOLAH;UNIT;2022/2023 GANJIL;SWASTA;SPS;0
8091;15;JAMBI;1508;150810;DATA SEKOLAH;UNIT;2022/2023 GANJIL;SWASTA;PKBM;1
8092;15;JAMBI;1508;150810;DATA SEKOLAH;UNIT;2022/2023 GANJIL;SWASTA;SKB;0
8093;15;JAMBI;1508;150810;DATA SEKOLAH;UNIT;2022/2023 GANJIL;SWASTA;SD;0
8094;15;JAMBI;1508;150810;DATA SEKOLAH;UNIT;2022/2023 GANJIL;SWASTA;SMP;1
8095;15;JAMBI;1508;150810;DATA SEKOLAH;UNIT;2022/2023 GANJIL;SWASTA;SMA;1
8096;15;JAMBI;1508;150810;DATA SEKOLAH;UNIT;2022/2023 GANJIL;SWASTA;SMK;0
8097;15;JAMBI;1508;150810;DATA SEKOLAH;UNIT;2022/2023 GANJIL;SWASTA;SLB;0
8098;15;JAMBI;1504;150404;DATA SEKOLAH;UNIT;2022/2023 GANJIL;SWASTA;TK;17
8099;15;JAMBI;1504;150404;DATA SEKOLAH;UNIT;2022/2023 GANJIL;SWASTA;KB;21
8100;15;JAMBI;1504;150404;DATA SEKOLAH;UNIT;2022/2023 GANJIL;SWASTA;TPA;0
8101;15;JAMBI;1504;150404;DATA SEKOLAH;UNIT;2022/2023 GANJIL;SWASTA;SPS;0
8102;15;JAMBI;1504;150404;DATA SEKOLAH;UNIT;2022/2023 GANJIL;SWASTA;PKBM;2
8103;15;JAMBI;1504;150404;DATA SEKOLAH;UNIT;2022/2023 GANJIL;SWASTA;SKB;0
8104;15;JAMBI;1504;150404;DATA SEKOLAH;UNIT;2022/2023 GANJIL;SWASTA;SD;0
8105;15;JAMBI;1504;150404;DATA SEKOLAH;UNIT;2022/2023 GANJIL;SWASTA;SMP;0
8106;15;JAMBI;1504;150404;DATA SEKOLAH;UNIT;2022/2023 GANJIL;SWASTA;SMA;0
8107;15;JAMBI;1504;150404;DATA SEKOLAH;UNIT;2022/2023 GANJIL;SWASTA;SMK;0
8108;15;JAMBI;1504;150404;DATA SEKOLAH;UNIT;2022/2023 GANJIL;SWASTA;SLB;0
8109;15;JAMBI;1507;150711;DATA SEKOLAH;UNIT;2022/2023 GANJIL;SWASTA;TK;2
8110;15;JAMBI;1507;150711;DATA SEKOLAH;UNIT;2022/2023 GANJIL;SWASTA;KB;16
8111;15;JAMBI;1507;150711;DATA SEKOLAH;UNIT;2022/2023 GANJIL;SWASTA;TPA;0
8112;15;JAMBI;1507;150711;DATA SEKOLAH;UNIT;2022/2023 GANJIL;SWASTA;SPS;0
8113;15;JAMBI;1507;150711;DATA SEKOLAH;UNIT;2022/2023 GANJIL;SWASTA;PKBM;2
8114;15;JAMBI;1507;150711;DATA SEKOLAH;UNIT;2022/2023 GANJIL;SWASTA;SKB;0
8115;15;JAMBI;1507;150711;DATA SEKOLAH;UNIT;2022/2023 GANJIL;SWASTA;SD;0
8116;15;JAMBI;1507;150711;DATA SEKOLAH;UNIT;2022/2023 GANJIL;SWASTA;SMP;0
8117;15;JAMBI;1507;150711;DATA SEKOLAH;UNIT;2022/2023 GANJIL;SWASTA;SMA;1
8118;15;JAMBI;1507;150711;DATA SEKOLAH;UNIT;2022/2023 GANJIL;SWASTA;SMK;0
8119;15;JAMBI;1507;150711;DATA SEKOLAH;UNIT;2022/2023 GANJIL;SWASTA;SLB;0
8120;15;JAMBI;1506;150604;DATA SEKOLAH;UNIT;2022/2023 GANJIL;SWASTA;TK;3
8121;15;JAMBI;1506;150604;DATA SEKOLAH;UNIT;2022/2023 GANJIL;SWASTA;KB;15
8122;15;JAMBI;1506;150604;DATA SEKOLAH;UNIT;2022/2023 GANJIL;SWASTA;TPA;0
8123;15;JAMBI;1506;150604;DATA SEKOLAH;UNIT;2022/2023 GANJIL;SWASTA;SPS;5
8124;15;JAMBI;1506;150604;DATA SEKOLAH;UNIT;2022/2023 GANJIL;SWASTA;PKBM;0
8125;15;JAMBI;1506;150604;DATA SEKOLAH;UNIT;2022/2023 GANJIL;SWASTA;SKB;0
8126;15;JAMBI;1506;150604;DATA SEKOLAH;UNIT;2022/2023 GANJIL;SWASTA;SD;0
8127;15;JAMBI;1506;150604;DATA SEKOLAH;UNIT;2022/2023 GANJIL;SWASTA;SMP;2
8128;15;JAMBI;1506;150604;DATA SEKOLAH;UNIT;2022/2023 GANJIL;SWASTA;SMA;3
8129;15;JAMBI;1506;150604;DATA SEKOLAH;UNIT;2022/2023 GANJIL;SWASTA;SMK;1
8130;15;JAMBI;1506;150604;DATA SEKOLAH;UNIT;2022/2023 GANJIL;SWASTA;SLB;0
8131;15;JAMBI;1506;150611;DATA SEKOLAH;UNIT;2022/2023 GANJIL;SWASTA;TK;1
8132;15;JAMBI;1506;150611;DATA SEKOLAH;UNIT;2022/2023 GANJIL;SWASTA;KB;12
8133;15;JAMBI;1506;150611;DATA SEKOLAH;UNIT;2022/2023 GANJIL;SWASTA;TPA;0
8134;15;JAMBI;1506;150611;DATA SEKOLAH;UNIT;2022/2023 GANJIL;SWASTA;SPS;3
8135;15;JAMBI;1506;150611;DATA SEKOLAH;UNIT;2022/2023 GANJIL;SWASTA;PKBM;0
8136;15;JAMBI;1506;150611;DATA SEKOLAH;UNIT;2022/2023 GANJIL;SWASTA;SKB;0
8137;15;JAMBI;1506;150611;DATA SEKOLAH;UNIT;2022/2023 GANJIL;SWASTA;SD;0
8138;15;JAMBI;1506;150611;DATA SEKOLAH;UNIT;2022/2023 GANJIL;SWASTA;SMP;0
8139;15;JAMBI;1506;150611;DATA SEKOLAH;UNIT;2022/2023 GANJIL;SWASTA;SMA;1
8140;15;JAMBI;1506;150611;DATA SEKOLAH;UNIT;2022/2023 GANJIL;SWASTA;SMK;0
8141;15;JAMBI;1506;150611;DATA SEKOLAH;UNIT;2022/2023 GANJIL;SWASTA;SLB;0
8142;15;JAMBI;1501;150120;DATA SEKOLAH;UNIT;2022/2023 GANJIL;SWASTA;TK;4
8143;15;JAMBI;1501;150120;DATA SEKOLAH;UNIT;2022/2023 GANJIL;SWASTA;KB;15
8144;15;JAMBI;1501;150120;DATA SEKOLAH;UNIT;2022/2023 GANJIL;SWASTA;TPA;0
8145;15;JAMBI;1501;150120;DATA SEKOLAH;UNIT;2022/2023 GANJIL;SWASTA;SPS;0
8146;15;JAMBI;1501;150120;DATA SEKOLAH;UNIT;2022/2023 GANJIL;SWASTA;PKBM;0
8147;15;JAMBI;1501;150120;DATA SEKOLAH;UNIT;2022/2023 GANJIL;SWASTA;SKB;0
8148;15;JAMBI;1501;150120;DATA SEKOLAH;UNIT;2022/2023 GANJIL;SWASTA;SD;0
8149;15;JAMBI;1501;150120;DATA SEKOLAH;UNIT;2022/2023 GANJIL;SWASTA;SMP;0
8150;15;JAMBI;1501;150120;DATA SEKOLAH;UNIT;2022/2023 GANJIL;SWASTA;SMA;0
8151;15;JAMBI;1501;150120;DATA SEKOLAH;UNIT;2022/2023 GANJIL;SWASTA;SMK;0
8152;15;JAMBI;1501;150120;DATA SEKOLAH;UNIT;2022/2023 GANJIL;SWASTA;SLB;0
8153;15;JAMBI;1508;150812;DATA SEKOLAH;UNIT;2022/2023 GANJIL;SWASTA;TK;5
8154;15;JAMBI;1508;150812;DATA SEKOLAH;UNIT;2022/2023 GANJIL;SWASTA;KB;12
8155;15;JAMBI;1508;150812;DATA SEKOLAH;UNIT;2022/2023 GANJIL;SWASTA;TPA;0
8156;15;JAMBI;1508;150812;DATA SEKOLAH;UNIT;2022/2023 GANJIL;SWASTA;SPS;3
8157;15;JAMBI;1508;150812;DATA SEKOLAH;UNIT;2022/2023 GANJIL;SWASTA;PKBM;5
8158;15;JAMBI;1508;150812;DATA SEKOLAH;UNIT;2022/2023 GANJIL;SWASTA;SKB;0
8159;15;JAMBI;1508;150812;DATA SEKOLAH;UNIT;2022/2023 GANJIL;SWASTA;SD;0
8160;15;JAMBI;1508;150812;DATA SEKOLAH;UNIT;2022/2023 GANJIL;SWASTA;SMP;0
8161;15;JAMBI;1508;150812;DATA SEKOLAH;UNIT;2022/2023 GANJIL;SWASTA;SMA;0
8162;15;JAMBI;1508;150812;DATA SEKOLAH;UNIT;2022/2023 GANJIL;SWASTA;SMK;1
8163;15;JAMBI;1508;150812;DATA SEKOLAH;UNIT;2022/2023 GANJIL;SWASTA;SLB;0
8164;15;JAMBI;1503;150310;DATA SEKOLAH;UNIT;2022/2023 GANJIL;SWASTA;TK;11
8165;15;JAMBI;1503;150310;DATA SEKOLAH;UNIT;2022/2023 GANJIL;SWASTA;KB;19
8166;15;JAMBI;1503;150310;DATA SEKOLAH;UNIT;2022/2023 GANJIL;SWASTA;TPA;0
8167;15;JAMBI;1503;150310;DATA SEKOLAH;UNIT;2022/2023 GANJIL;SWASTA;SPS;0
8168;15;JAMBI;1503;150310;DATA SEKOLAH;UNIT;2022/2023 GANJIL;SWASTA;PKBM;1
8169;15;JAMBI;1503;150310;DATA SEKOLAH;UNIT;2022/2023 GANJIL;SWASTA;SKB;0
8170;15;JAMBI;1503;150310;DATA SEKOLAH;UNIT;2022/2023 GANJIL;SWASTA;SD;0
8171;15;JAMBI;1503;150310;DATA SEKOLAH;UNIT;2022/2023 GANJIL;SWASTA;SMP;2
8172;15;JAMBI;1503;150310;DATA SEKOLAH;UNIT;2022/2023 GANJIL;SWASTA;SMA;0
8173;15;JAMBI;1503;150310;DATA SEKOLAH;UNIT;2022/2023 GANJIL;SWASTA;SMK;0
8174;15;JAMBI;1503;150310;DATA SEKOLAH;UNIT;2022/2023 GANJIL;SWASTA;SLB;0
8175;15;JAMBI;1501;150102;DATA SEKOLAH;UNIT;2022/2023 GANJIL;SWASTA;TK;6
8176;15;JAMBI;1501;150102;DATA SEKOLAH;UNIT;2022/2023 GANJIL;SWASTA;KB;11
8177;15;JAMBI;1501;150102;DATA SEKOLAH;UNIT;2022/2023 GANJIL;SWASTA;TPA;0
8178;15;JAMBI;1501;150102;DATA SEKOLAH;UNIT;2022/2023 GANJIL;SWASTA;SPS;0
8179;15;JAMBI;1501;150102;DATA SEKOLAH;UNIT;2022/2023 GANJIL;SWASTA;PKBM;4
8180;15;JAMBI;1501;150102;DATA SEKOLAH;UNIT;2022/2023 GANJIL;SWASTA;SKB;0
8181;15;JAMBI;1501;150102;DATA SEKOLAH;UNIT;2022/2023 GANJIL;SWASTA;SD;0
8182;15;JAMBI;1501;150102;DATA SEKOLAH;UNIT;2022/2023 GANJIL;SWASTA;SMP;0
8183;15;JAMBI;1501;150102;DATA SEKOLAH;UNIT;2022/2023 GANJIL;SWASTA;SMA;0
8184;15;JAMBI;1501;150102;DATA SEKOLAH;UNIT;2022/2023 GANJIL;SWASTA;SMK;0
8185;15;JAMBI;1501;150102;DATA SEKOLAH;UNIT;2022/2023 GANJIL;SWASTA;SLB;0
8186;15;JAMBI;1571;157110;DATA SEKOLAH;UNIT;2022/2023 GANJIL;SWASTA;TK;14
8187;15;JAMBI;1571;157110;DATA SEKOLAH;UNIT;2022/2023 GANJIL;SWASTA;KB;7
8188;15;JAMBI;1571;157110;DATA SEKOLAH;UNIT;2022/2023 GANJIL;SWASTA;TPA;2
8189;15;JAMBI;1571;157110;DATA SEKOLAH;UNIT;2022/2023 GANJIL;SWASTA;SPS;2
8190;15;JAMBI;1571;157110;DATA SEKOLAH;UNIT;2022/2023 GANJIL;SWASTA;PKBM;0
8191;15;JAMBI;1571;157110;DATA SEKOLAH;UNIT;2022/2023 GANJIL;SWASTA;SKB;0
8192;15;JAMBI;1571;157110;DATA SEKOLAH;UNIT;2022/2023 GANJIL;SWASTA;SD;5
8193;15;JAMBI;1571;157110;DATA SEKOLAH;UNIT;2022/2023 GANJIL;SWASTA;SMP;5
8194;15;JAMBI;1571;157110;DATA SEKOLAH;UNIT;2022/2023 GANJIL;SWASTA;SMA;7
8195;15;JAMBI;1571;157110;DATA SEKOLAH;UNIT;2022/2023 GANJIL;SWASTA;SMK;5
8196;15;JAMBI;1571;157110;DATA SEKOLAH;UNIT;2022/2023 GANJIL;SWASTA;SLB;0
8197;15;JAMBI;1571;157106;DATA SEKOLAH;UNIT;2022/2023 GANJIL;SWASTA;TK;3
8198;15;JAMBI;1571;157106;DATA SEKOLAH;UNIT;2022/2023 GANJIL;SWASTA;KB;6
8199;15;JAMBI;1571;157106;DATA SEKOLAH;UNIT;2022/2023 GANJIL;SWASTA;TPA;0
8200;15;JAMBI;1571;157106;DATA SEKOLAH;UNIT;2022/2023 GANJIL;SWASTA;SPS;0
8201;15;JAMBI;1571;157106;DATA SEKOLAH;UNIT;2022/2023 GANJIL;SWASTA;PKBM;0
8202;15;JAMBI;1571;157106;DATA SEKOLAH;UNIT;2022/2023 GANJIL;SWASTA;SKB;0
8203;15;JAMBI;1571;157106;DATA SEKOLAH;UNIT;2022/2023 GANJIL;SWASTA;SD;1
8204;15;JAMBI;1571;157106;DATA SEKOLAH;UNIT;2022/2023 GANJIL;SWASTA;SMP;0
8205;15;JAMBI;1571;157106;DATA SEKOLAH;UNIT;2022/2023 GANJIL;SWASTA;SMA;0
8206;15;JAMBI;1571;157106;DATA SEKOLAH;UNIT;2022/2023 GANJIL;SWASTA;SMK;0
8207;15;JAMBI;1571;157106;DATA SEKOLAH;UNIT;2022/2023 GANJIL;SWASTA;SLB;0
8208;15;JAMBI;1507;150706;DATA SEKOLAH;UNIT;2022/2023 GANJIL;SWASTA;TK;4
8209;15;JAMBI;1507;150706;DATA SEKOLAH;UNIT;2022/2023 GANJIL;SWASTA;KB;21
8210;15;JAMBI;1507;150706;DATA SEKOLAH;UNIT;2022/2023 GANJIL;SWASTA;TPA;0
8211;15;JAMBI;1507;150706;DATA SEKOLAH;UNIT;2022/2023 GANJIL;SWASTA;SPS;0
8212;15;JAMBI;1507;150706;DATA SEKOLAH;UNIT;2022/2023 GANJIL;SWASTA;PKBM;1
8213;15;JAMBI;1507;150706;DATA SEKOLAH;UNIT;2022/2023 GANJIL;SWASTA;SKB;0
8214;15;JAMBI;1507;150706;DATA SEKOLAH;UNIT;2022/2023 GANJIL;SWASTA;SD;0
8215;15;JAMBI;1507;150706;DATA SEKOLAH;UNIT;2022/2023 GANJIL;SWASTA;SMP;0
8216;15;JAMBI;1507;150706;DATA SEKOLAH;UNIT;2022/2023 GANJIL;SWASTA;SMA;0
8217;15;JAMBI;1507;150706;DATA SEKOLAH;UNIT;2022/2023 GANJIL;SWASTA;SMK;0
8218;15;JAMBI;1507;150706;DATA SEKOLAH;UNIT;2022/2023 GANJIL;SWASTA;SLB;0
8219;15;JAMBI;1501;150117;DATA SEKOLAH;UNIT;2022/2023 GANJIL;SWASTA;TK;8
8220;15;JAMBI;1501;150117;DATA SEKOLAH;UNIT;2022/2023 GANJIL;SWASTA;KB;23
8221;15;JAMBI;1501;150117;DATA SEKOLAH;UNIT;2022/2023 GANJIL;SWASTA;TPA;0
8222;15;JAMBI;1501;150117;DATA SEKOLAH;UNIT;2022/2023 GANJIL;SWASTA;SPS;4
8223;15;JAMBI;1501;150117;DATA SEKOLAH;UNIT;2022/2023 GANJIL;SWASTA;PKBM;2
8224;15;JAMBI;1501;150117;DATA SEKOLAH;UNIT;2022/2023 GANJIL;SWASTA;SKB;0
8225;15;JAMBI;1501;150117;DATA SEKOLAH;UNIT;2022/2023 GANJIL;SWASTA;SD;0
8226;15;JAMBI;1501;150117;DATA SEKOLAH;UNIT;2022/2023 GANJIL;SWASTA;SMP;0
8227;15;JAMBI;1501;150117;DATA SEKOLAH;UNIT;2022/2023 GANJIL;SWASTA;SMA;0
8228;15;JAMBI;1501;150117;DATA SEKOLAH;UNIT;2022/2023 GANJIL;SWASTA;SMK;0
8229;15;JAMBI;1501;150117;DATA SEKOLAH;UNIT;2022/2023 GANJIL;SWASTA;SLB;0
8230;15;JAMBI;1507;150710;DATA SEKOLAH;UNIT;2022/2023 GANJIL;SWASTA;TK;3
8231;15;JAMBI;1507;150710;DATA SEKOLAH;UNIT;2022/2023 GANJIL;SWASTA;KB;19
8232;15;JAMBI;1507;150710;DATA SEKOLAH;UNIT;2022/2023 GANJIL;SWASTA;TPA;0
8233;15;JAMBI;1507;150710;DATA SEKOLAH;UNIT;2022/2023 GANJIL;SWASTA;SPS;0
8234;15;JAMBI;1507;150710;DATA SEKOLAH;UNIT;2022/2023 GANJIL;SWASTA;PKBM;1
8235;15;JAMBI;1507;150710;DATA SEKOLAH;UNIT;2022/2023 GANJIL;SWASTA;SKB;0
8236;15;JAMBI;1507;150710;DATA SEKOLAH;UNIT;2022/2023 GANJIL;SWASTA;SD;0
8237;15;JAMBI;1507;150710;DATA SEKOLAH;UNIT;2022/2023 GANJIL;SWASTA;SMP;0
8238;15;JAMBI;1507;150710;DATA SEKOLAH;UNIT;2022/2023 GANJIL;SWASTA;SMA;0
8239;15;JAMBI;1507;150710;DATA SEKOLAH;UNIT;2022/2023 GANJIL;SWASTA;SMK;0
8240;15;JAMBI;1507;150710;DATA SEKOLAH;UNIT;2022/2023 GANJIL;SWASTA;SLB;0
8241;15;JAMBI;1501;150106;DATA SEKOLAH;UNIT;2022/2023 GANJIL;SWASTA;TK;1
8242;15;JAMBI;1501;150106;DATA SEKOLAH;UNIT;2022/2023 GANJIL;SWASTA;KB;19
8243;15;JAMBI;1501;150106;DATA SEKOLAH;UNIT;2022/2023 GANJIL;SWASTA;TPA;0
8244;15;JAMBI;1501;150106;DATA SEKOLAH;UNIT;2022/2023 GANJIL;SWASTA;SPS;1
8245;15;JAMBI;1501;150106;DATA SEKOLAH;UNIT;2022/2023 GANJIL;SWASTA;PKBM;8
8246;15;JAMBI;1501;150106;DATA SEKOLAH;UNIT;2022/2023 GANJIL;SWASTA;SKB;0
8247;15;JAMBI;1501;150106;DATA SEKOLAH;UNIT;2022/2023 GANJIL;SWASTA;SD;0
8248;15;JAMBI;1501;150106;DATA SEKOLAH;UNIT;2022/2023 GANJIL;SWASTA;SMP;0
8249;15;JAMBI;1501;150106;DATA SEKOLAH;UNIT;2022/2023 GANJIL;SWASTA;SMA;0
8250;15;JAMBI;1501;150106;DATA SEKOLAH;UNIT;2022/2023 GANJIL;SWASTA;SMK;0
8251;15;JAMBI;1501;150106;DATA SEKOLAH;UNIT;2022/2023 GANJIL;SWASTA;SLB;0
8252;15;JAMBI;1501;150101;DATA SEKOLAH;UNIT;2022/2023 GANJIL;SWASTA;TK;2
8253;15;JAMBI;1501;150101;DATA SEKOLAH;UNIT;2022/2023 GANJIL;SWASTA;KB;9
8254;15;JAMBI;1501;150101;DATA SEKOLAH;UNIT;2022/2023 GANJIL;SWASTA;TPA;0
8255;15;JAMBI;1501;150101;DATA SEKOLAH;UNIT;2022/2023 GANJIL;SWASTA;SPS;1
8256;15;JAMBI;1501;150101;DATA SEKOLAH;UNIT;2022/2023 GANJIL;SWASTA;PKBM;0
8257;15;JAMBI;1501;150101;DATA SEKOLAH;UNIT;2022/2023 GANJIL;SWASTA;SKB;0
8258;15;JAMBI;1501;150101;DATA SEKOLAH;UNIT;2022/2023 GANJIL;SWASTA;SD;0
8259;15;JAMBI;1501;150101;DATA SEKOLAH;UNIT;2022/2023 GANJIL;SWASTA;SMP;0
8260;15;JAMBI;1501;150101;DATA SEKOLAH;UNIT;2022/2023 GANJIL;SWASTA;SMA;0
8261;15;JAMBI;1501;150101;DATA SEKOLAH;UNIT;2022/2023 GANJIL;SWASTA;SMK;0
8262;15;JAMBI;1501;150101;DATA SEKOLAH;UNIT;2022/2023 GANJIL;SWASTA;SLB;0
8263;15;JAMBI;1501;150115;DATA SEKOLAH;UNIT;2022/2023 GANJIL;SWASTA;TK;1
8264;15;JAMBI;1501;150115;DATA SEKOLAH;UNIT;2022/2023 GANJIL;SWASTA;KB;15
8265;15;JAMBI;1501;150115;DATA SEKOLAH;UNIT;2022/2023 GANJIL;SWASTA;TPA;0
8266;15;JAMBI;1501;150115;DATA SEKOLAH;UNIT;2022/2023 GANJIL;SWASTA;SPS;0
8267;15;JAMBI;1501;150115;DATA SEKOLAH;UNIT;2022/2023 GANJIL;SWASTA;PKBM;2
8268;15;JAMBI;1501;150115;DATA SEKOLAH;UNIT;2022/2023 GANJIL;SWASTA;SKB;0
8269;15;JAMBI;1501;150115;DATA SEKOLAH;UNIT;2022/2023 GANJIL;SWASTA;SD;1
8270;15;JAMBI;1501;150115;DATA SEKOLAH;UNIT;2022/2023 GANJIL;SWASTA;SMP;0
8271;15;JAMBI;1501;150115;DATA SEKOLAH;UNIT;2022/2023 GANJIL;SWASTA;SMA;0
8272;15;JAMBI;1501;150115;DATA SEKOLAH;UNIT;2022/2023 GANJIL;SWASTA;SMK;0
8273;15;JAMBI;1501;150115;DATA SEKOLAH;UNIT;2022/2023 GANJIL;SWASTA;SLB;0
8274;15;JAMBI;1572;157203;DATA SEKOLAH;UNIT;2022/2023 GANJIL;SWASTA;TK;6
8275;15;JAMBI;1572;157203;DATA SEKOLAH;UNIT;2022/2023 GANJIL;SWASTA;KB;14
8276;15;JAMBI;1572;157203;DATA SEKOLAH;UNIT;2022/2023 GANJIL;SWASTA;TPA;0
8277;15;JAMBI;1572;157203;DATA SEKOLAH;UNIT;2022/2023 GANJIL;SWASTA;SPS;8
8278;15;JAMBI;1572;157203;DATA SEKOLAH;UNIT;2022/2023 GANJIL;SWASTA;PKBM;2
8279;15;JAMBI;1572;157203;DATA SEKOLAH;UNIT;2022/2023 GANJIL;SWASTA;SKB;0
8280;15;JAMBI;1572;157203;DATA SEKOLAH;UNIT;2022/2023 GANJIL;SWASTA;SD;0
8281;15;JAMBI;1572;157203;DATA SEKOLAH;UNIT;2022/2023 GANJIL;SWASTA;SMP;0
8282;15;JAMBI;1572;157203;DATA SEKOLAH;UNIT;2022/2023 GANJIL;SWASTA;SMA;0
8283;15;JAMBI;1572;157203;DATA SEKOLAH;UNIT;2022/2023 GANJIL;SWASTA;SMK;0
8284;15;JAMBI;1572;157203;DATA SEKOLAH;UNIT;2022/2023 GANJIL;SWASTA;SLB;0
8285;15;JAMBI;1505;150501;DATA SEKOLAH;UNIT;2022/2023 GANJIL;SWASTA;TK;41
8286;15;JAMBI;1505;150501;DATA SEKOLAH;UNIT;2022/2023 GANJIL;SWASTA;KB;18
8287;15;JAMBI;1505;150501;DATA SEKOLAH;UNIT;2022/2023 GANJIL;SWASTA;TPA;2
8288;15;JAMBI;1505;150501;DATA SEKOLAH;UNIT;2022/2023 GANJIL;SWASTA;SPS;2
8289;15;JAMBI;1505;150501;DATA SEKOLAH;UNIT;2022/2023 GANJIL;SWASTA;PKBM;2
8290;15;JAMBI;1505;150501;DATA SEKOLAH;UNIT;2022/2023 GANJIL;SWASTA;SKB;0
8291;15;JAMBI;1505;150501;DATA SEKOLAH;UNIT;2022/2023 GANJIL;SWASTA;SD;4
8292;15;JAMBI;1505;150501;DATA SEKOLAH;UNIT;2022/2023 GANJIL;SWASTA;SMP;0
8293;15;JAMBI;1505;150501;DATA SEKOLAH;UNIT;2022/2023 GANJIL;SWASTA;SMA;0
8294;15;JAMBI;1505;150501;DATA SEKOLAH;UNIT;2022/2023 GANJIL;SWASTA;SMK;0
8295;15;JAMBI;1505;150501;DATA SEKOLAH;UNIT;2022/2023 GANJIL;SWASTA;SLB;0
8296;15;JAMBI;1571;157102;DATA SEKOLAH;UNIT;2022/2023 GANJIL;SWASTA;TK;19
8297;15;JAMBI;1571;157102;DATA SEKOLAH;UNIT;2022/2023 GANJIL;SWASTA;KB;9
8298;15;JAMBI;1571;157102;DATA SEKOLAH;UNIT;2022/2023 GANJIL;SWASTA;TPA;0
8299;15;JAMBI;1571;157102;DATA SEKOLAH;UNIT;2022/2023 GANJIL;SWASTA;SPS;1
8300;15;JAMBI;1571;157102;DATA SEKOLAH;UNIT;2022/2023 GANJIL;SWASTA;PKBM;1
8301;15;JAMBI;1571;157102;DATA SEKOLAH;UNIT;2022/2023 GANJIL;SWASTA;SKB;0
8302;15;JAMBI;1571;157102;DATA SEKOLAH;UNIT;2022/2023 GANJIL;SWASTA;SD;7
8303;15;JAMBI;1571;157102;DATA SEKOLAH;UNIT;2022/2023 GANJIL;SWASTA;SMP;8
8304;15;JAMBI;1571;157102;DATA SEKOLAH;UNIT;2022/2023 GANJIL;SWASTA;SMA;5
8305;15;JAMBI;1571;157102;DATA SEKOLAH;UNIT;2022/2023 GANJIL;SWASTA;SMK;3
8306;15;JAMBI;1571;157102;DATA SEKOLAH;UNIT;2022/2023 GANJIL;SWASTA;SLB;1
8307;15;JAMBI;1571;157103;DATA SEKOLAH;UNIT;2022/2023 GANJIL;SWASTA;TK;19
8308;15;JAMBI;1571;157103;DATA SEKOLAH;UNIT;2022/2023 GANJIL;SWASTA;KB;9
8309;15;JAMBI;1571;157103;DATA SEKOLAH;UNIT;2022/2023 GANJIL;SWASTA;TPA;0
8310;15;JAMBI;1571;157103;DATA SEKOLAH;UNIT;2022/2023 GANJIL;SWASTA;SPS;1
8311;15;JAMBI;1571;157103;DATA SEKOLAH;UNIT;2022/2023 GANJIL;SWASTA;PKBM;2
8312;15;JAMBI;1571;157103;DATA SEKOLAH;UNIT;2022/2023 GANJIL;SWASTA;SKB;0
8313;15;JAMBI;1571;157103;DATA SEKOLAH;UNIT;2022/2023 GANJIL;SWASTA;SD;7
8314;15;JAMBI;1571;157103;DATA SEKOLAH;UNIT;2022/2023 GANJIL;SWASTA;SMP;7
8315;15;JAMBI;1571;157103;DATA SEKOLAH;UNIT;2022/2023 GANJIL;SWASTA;SMA;4
8316;15;JAMBI;1571;157103;DATA SEKOLAH;UNIT;2022/2023 GANJIL;SWASTA;SMK;4
8317;15;JAMBI;1571;157103;DATA SEKOLAH;UNIT;2022/2023 GANJIL;SWASTA;SLB;2
8318;15;JAMBI;1502;150201;DATA SEKOLAH;UNIT;2022/2023 GANJIL;SWASTA;TK;7
8319;15;JAMBI;1502;150201;DATA SEKOLAH;UNIT;2022/2023 GANJIL;SWASTA;KB;1
8320;15;JAMBI;1502;150201;DATA SEKOLAH;UNIT;2022/2023 GANJIL;SWASTA;TPA;0
8321;15;JAMBI;1502;150201;DATA SEKOLAH;UNIT;2022/2023 GANJIL;SWASTA;SPS;0
8322;15;JAMBI;1502;150201;DATA SEKOLAH;UNIT;2022/2023 GANJIL;SWASTA;PKBM;1
8323;15;JAMBI;1502;150201;DATA SEKOLAH;UNIT;2022/2023 GANJIL;SWASTA;SKB;0
8324;15;JAMBI;1502;150201;DATA SEKOLAH;UNIT;2022/2023 GANJIL;SWASTA;SD;0
8325;15;JAMBI;1502;150201;DATA SEKOLAH;UNIT;2022/2023 GANJIL;SWASTA;SMP;0
8326;15;JAMBI;1502;150201;DATA SEKOLAH;UNIT;2022/2023 GANJIL;SWASTA;SMA;0
8327;15;JAMBI;1502;150201;DATA SEKOLAH;UNIT;2022/2023 GANJIL;SWASTA;SMK;0
8328;15;JAMBI;1502;150201;DATA SEKOLAH;UNIT;2022/2023 GANJIL;SWASTA;SLB;0
8329;15;JAMBI;1502;150218;DATA SEKOLAH;UNIT;2022/2023 GANJIL;SWASTA;TK;9
8330;15;JAMBI;1502;150218;DATA SEKOLAH;UNIT;2022/2023 GANJIL;SWASTA;KB;3
8331;15;JAMBI;1502;150218;DATA SEKOLAH;UNIT;2022/2023 GANJIL;SWASTA;TPA;0
8332;15;JAMBI;1502;150218;DATA SEKOLAH;UNIT;2022/2023 GANJIL;SWASTA;SPS;0
8333;15;JAMBI;1502;150218;DATA SEKOLAH;UNIT;2022/2023 GANJIL;SWASTA;PKBM;0
8334;15;JAMBI;1502;150218;DATA SEKOLAH;UNIT;2022/2023 GANJIL;SWASTA;SKB;0
8335;15;JAMBI;1502;150218;DATA SEKOLAH;UNIT;2022/2023 GANJIL;SWASTA;SD;0
8336;15;JAMBI;1502;150218;DATA SEKOLAH;UNIT;2022/2023 GANJIL;SWASTA;SMP;0
8337;15;JAMBI;1502;150218;DATA SEKOLAH;UNIT;2022/2023 GANJIL;SWASTA;SMA;0
8338;15;JAMBI;1502;150218;DATA SEKOLAH;UNIT;2022/2023 GANJIL;SWASTA;SMK;0
8339;15;JAMBI;1502;150218;DATA SEKOLAH;UNIT;2022/2023 GANJIL;SWASTA;SLB;0
8340;15;JAMBI;1571;157108;DATA SEKOLAH;UNIT;2022/2023 GANJIL;SWASTA;TK;15
8341;15;JAMBI;1571;157108;DATA SEKOLAH;UNIT;2022/2023 GANJIL;SWASTA;KB;9
8342;15;JAMBI;1571;157108;DATA SEKOLAH;UNIT;2022/2023 GANJIL;SWASTA;TPA;1
8343;15;JAMBI;1571;157108;DATA SEKOLAH;UNIT;2022/2023 GANJIL;SWASTA;SPS;1
8344;15;JAMBI;1571;157108;DATA SEKOLAH;UNIT;2022/2023 GANJIL;SWASTA;PKBM;2
8345;15;JAMBI;1571;157108;DATA SEKOLAH;UNIT;2022/2023 GANJIL;SWASTA;SKB;0
8346;15;JAMBI;1571;157108;DATA SEKOLAH;UNIT;2022/2023 GANJIL;SWASTA;SD;7
8347;15;JAMBI;1571;157108;DATA SEKOLAH;UNIT;2022/2023 GANJIL;SWASTA;SMP;6
8348;15;JAMBI;1571;157108;DATA SEKOLAH;UNIT;2022/2023 GANJIL;SWASTA;SMA;5
8349;15;JAMBI;1571;157108;DATA SEKOLAH;UNIT;2022/2023 GANJIL;SWASTA;SMK;2
8350;15;JAMBI;1571;157108;DATA SEKOLAH;UNIT;2022/2023 GANJIL;SWASTA;SLB;0
8351;15;JAMBI;1508;150804;DATA SEKOLAH;UNIT;2022/2023 GANJIL;SWASTA;TK;3
8352;15;JAMBI;1508;150804;DATA SEKOLAH;UNIT;2022/2023 GANJIL;SWASTA;KB;11
8353;15;JAMBI;1508;150804;DATA SEKOLAH;UNIT;2022/2023 GANJIL;SWASTA;TPA;0
8354;15;JAMBI;1508;150804;DATA SEKOLAH;UNIT;2022/2023 GANJIL;SWASTA;SPS;0
8355;15;JAMBI;1508;150804;DATA SEKOLAH;UNIT;2022/2023 GANJIL;SWASTA;PKBM;1
8356;15;JAMBI;1508;150804;DATA SEKOLAH;UNIT;2022/2023 GANJIL;SWASTA;SKB;0
8357;15;JAMBI;1508;150804;DATA SEKOLAH;UNIT;2022/2023 GANJIL;SWASTA;SD;0
8358;15;JAMBI;1508;150804;DATA SEKOLAH;UNIT;2022/2023 GANJIL;SWASTA;SMP;0
8359;15;JAMBI;1508;150804;DATA SEKOLAH;UNIT;2022/2023 GANJIL;SWASTA;SMA;0
8360;15;JAMBI;1508;150804;DATA SEKOLAH;UNIT;2022/2023 GANJIL;SWASTA;SMK;1
8361;15;JAMBI;1508;150804;DATA SEKOLAH;UNIT;2022/2023 GANJIL;SWASTA;SLB;0
8362;15;JAMBI;1508;150816;DATA SEKOLAH;UNIT;2022/2023 GANJIL;SWASTA;TK;2
8363;15;JAMBI;1508;150816;DATA SEKOLAH;UNIT;2022/2023 GANJIL;SWASTA;KB;6
8364;15;JAMBI;1508;150816;DATA SEKOLAH;UNIT;2022/2023 GANJIL;SWASTA;TPA;0
8365;15;JAMBI;1508;150816;DATA SEKOLAH;UNIT;2022/2023 GANJIL;SWASTA;SPS;1
8366;15;JAMBI;1508;150816;DATA SEKOLAH;UNIT;2022/2023 GANJIL;SWASTA;PKBM;1
8367;15;JAMBI;1508;150816;DATA SEKOLAH;UNIT;2022/2023 GANJIL;SWASTA;SKB;0
8368;15;JAMBI;1508;150816;DATA SEKOLAH;UNIT;2022/2023 GANJIL;SWASTA;SD;0
8369;15;JAMBI;1508;150816;DATA SEKOLAH;UNIT;2022/2023 GANJIL;SWASTA;SMP;0
8370;15;JAMBI;1508;150816;DATA SEKOLAH;UNIT;2022/2023 GANJIL;SWASTA;SMA;0
8371;15;JAMBI;1508;150816;DATA SEKOLAH;UNIT;2022/2023 GANJIL;SWASTA;SMK;0
8372;15;JAMBI;1508;150816;DATA SEKOLAH;UNIT;2022/2023 GANJIL;SWASTA;SLB;0
8373;15;JAMBI;1501;150109;DATA SEKOLAH;UNIT;2022/2023 GANJIL;SWASTA;TK;10
8374;15;JAMBI;1501;150109;DATA SEKOLAH;UNIT;2022/2023 GANJIL;SWASTA;KB;18
8375;15;JAMBI;1501;150109;DATA SEKOLAH;UNIT;2022/2023 GANJIL;SWASTA;TPA;0
8376;15;JAMBI;1501;150109;DATA SEKOLAH;UNIT;2022/2023 GANJIL;SWASTA;SPS;1
8377;15;JAMBI;1501;150109;DATA SEKOLAH;UNIT;2022/2023 GANJIL;SWASTA;PKBM;3
8378;15;JAMBI;1501;150109;DATA SEKOLAH;UNIT;2022/2023 GANJIL;SWASTA;SKB;0
8379;15;JAMBI;1501;150109;DATA SEKOLAH;UNIT;2022/2023 GANJIL;SWASTA;SD;0
8380;15;JAMBI;1501;150109;DATA SEKOLAH;UNIT;2022/2023 GANJIL;SWASTA;SMP;0
8381;15;JAMBI;1501;150109;DATA SEKOLAH;UNIT;2022/2023 GANJIL;SWASTA;SMA;0
8382;15;JAMBI;1501;150109;DATA SEKOLAH;UNIT;2022/2023 GANJIL;SWASTA;SMK;0
8383;15;JAMBI;1501;150109;DATA SEKOLAH;UNIT;2022/2023 GANJIL;SWASTA;SLB;0
8384;15;JAMBI;1501;150119;DATA SEKOLAH;UNIT;2022/2023 GANJIL;SWASTA;TK;1
8385;15;JAMBI;1501;150119;DATA SEKOLAH;UNIT;2022/2023 GANJIL;SWASTA;KB;10
8386;15;JAMBI;1501;150119;DATA SEKOLAH;UNIT;2022/2023 GANJIL;SWASTA;TPA;0
8387;15;JAMBI;1501;150119;DATA SEKOLAH;UNIT;2022/2023 GANJIL;SWASTA;SPS;0
8388;15;JAMBI;1501;150119;DATA SEKOLAH;UNIT;2022/2023 GANJIL;SWASTA;PKBM;1
8389;15;JAMBI;1501;150119;DATA SEKOLAH;UNIT;2022/2023 GANJIL;SWASTA;SKB;0
8390;15;JAMBI;1501;150119;DATA SEKOLAH;UNIT;2022/2023 GANJIL;SWASTA;SD;0
8391;15;JAMBI;1501;150119;DATA SEKOLAH;UNIT;2022/2023 GANJIL;SWASTA;SMP;0
8392;15;JAMBI;1501;150119;DATA SEKOLAH;UNIT;2022/2023 GANJIL;SWASTA;SMA;0
8393;15;JAMBI;1501;150119;DATA SEKOLAH;UNIT;2022/2023 GANJIL;SWASTA;SMK;0
8394;15;JAMBI;1501;150119;DATA SEKOLAH;UNIT;2022/2023 GANJIL;SWASTA;SLB;0
8395;15;JAMBI;1501;150108;DATA SEKOLAH;UNIT;2022/2023 GANJIL;SWASTA;TK;8
8396;15;JAMBI;1501;150108;DATA SEKOLAH;UNIT;2022/2023 GANJIL;SWASTA;KB;29
8397;15;JAMBI;1501;150108;DATA SEKOLAH;UNIT;2022/2023 GANJIL;SWASTA;TPA;0
8398;15;JAMBI;1501;150108;DATA SEKOLAH;UNIT;2022/2023 GANJIL;SWASTA;SPS;4
8399;15;JAMBI;1501;150108;DATA SEKOLAH;UNIT;2022/2023 GANJIL;SWASTA;PKBM;3
8400;15;JAMBI;1501;150108;DATA SEKOLAH;UNIT;2022/2023 GANJIL;SWASTA;SKB;0
8401;15;JAMBI;1501;150108;DATA SEKOLAH;UNIT;2022/2023 GANJIL;SWASTA;SD;0
8402;15;JAMBI;1501;150108;DATA SEKOLAH;UNIT;2022/2023 GANJIL;SWASTA;SMP;0
8403;15;JAMBI;1501;150108;DATA SEKOLAH;UNIT;2022/2023 GANJIL;SWASTA;SMA;0
8404;15;JAMBI;1501;150108;DATA SEKOLAH;UNIT;2022/2023 GANJIL;SWASTA;SMK;0
8405;15;JAMBI;1501;150108;DATA SEKOLAH;UNIT;2022/2023 GANJIL;SWASTA;SLB;0
8406;15;JAMBI;1571;157107;DATA SEKOLAH;UNIT;2022/2023 GANJIL;SWASTA;TK;26
8407;15;JAMBI;1571;157107;DATA SEKOLAH;UNIT;2022/2023 GANJIL;SWASTA;KB;8
8408;15;JAMBI;1571;157107;DATA SEKOLAH;UNIT;2022/2023 GANJIL;SWASTA;TPA;5
8409;15;JAMBI;1571;157107;DATA SEKOLAH;UNIT;2022/2023 GANJIL;SWASTA;SPS;3
8410;15;JAMBI;1571;157107;DATA SEKOLAH;UNIT;2022/2023 GANJIL;SWASTA;PKBM;1
8411;15;JAMBI;1571;157107;DATA SEKOLAH;UNIT;2022/2023 GANJIL;SWASTA;SKB;0
8412;15;JAMBI;1571;157107;DATA SEKOLAH;UNIT;2022/2023 GANJIL;SWASTA;SD;2
8413;15;JAMBI;1571;157107;DATA SEKOLAH;UNIT;2022/2023 GANJIL;SWASTA;SMP;4
8414;15;JAMBI;1571;157107;DATA SEKOLAH;UNIT;2022/2023 GANJIL;SWASTA;SMA;1
8415;15;JAMBI;1571;157107;DATA SEKOLAH;UNIT;2022/2023 GANJIL;SWASTA;SMK;6
8416;15;JAMBI;1571;157107;DATA SEKOLAH;UNIT;2022/2023 GANJIL;SWASTA;SLB;0
8417;15;JAMBI;1572;157207;DATA SEKOLAH;UNIT;2022/2023 GANJIL;SWASTA;TK;6
8418;15;JAMBI;1572;157207;DATA SEKOLAH;UNIT;2022/2023 GANJIL;SWASTA;KB;9
8419;15;JAMBI;1572;157207;DATA SEKOLAH;UNIT;2022/2023 GANJIL;SWASTA;TPA;0
8420;15;JAMBI;1572;157207;DATA SEKOLAH;UNIT;2022/2023 GANJIL;SWASTA;SPS;1
8421;15;JAMBI;1572;157207;DATA SEKOLAH;UNIT;2022/2023 GANJIL;SWASTA;PKBM;1
8422;15;JAMBI;1572;157207;DATA SEKOLAH;UNIT;2022/2023 GANJIL;SWASTA;SKB;0
8423;15;JAMBI;1572;157207;DATA SEKOLAH;UNIT;2022/2023 GANJIL;SWASTA;SD;0
8424;15;JAMBI;1572;157207;DATA SEKOLAH;UNIT;2022/2023 GANJIL;SWASTA;SMP;0
8425;15;JAMBI;1572;157207;DATA SEKOLAH;UNIT;2022/2023 GANJIL;SWASTA;SMA;0
8426;15;JAMBI;1572;157207;DATA SEKOLAH;UNIT;2022/2023 GANJIL;SWASTA;SMK;0
8427;15;JAMBI;1572;157207;DATA SEKOLAH;UNIT;2022/2023 GANJIL;SWASTA;SLB;0
8428;15;JAMBI;1506;150612;DATA SEKOLAH;UNIT;2022/2023 GANJIL;SWASTA;TK;0
8429;15;JAMBI;1506;150612;DATA SEKOLAH;UNIT;2022/2023 GANJIL;SWASTA;KB;14
8430;15;JAMBI;1506;150612;DATA SEKOLAH;UNIT;2022/2023 GANJIL;SWASTA;TPA;0
8431;15;JAMBI;1506;150612;DATA SEKOLAH;UNIT;2022/2023 GANJIL;SWASTA;SPS;7
8432;15;JAMBI;1506;150612;DATA SEKOLAH;UNIT;2022/2023 GANJIL;SWASTA;PKBM;0
8433;15;JAMBI;1506;150612;DATA SEKOLAH;UNIT;2022/2023 GANJIL;SWASTA;SKB;0
8434;15;JAMBI;1506;150612;DATA SEKOLAH;UNIT;2022/2023 GANJIL;SWASTA;SD;0
8435;15;JAMBI;1506;150612;DATA SEKOLAH;UNIT;2022/2023 GANJIL;SWASTA;SMP;0
8436;15;JAMBI;1506;150612;DATA SEKOLAH;UNIT;2022/2023 GANJIL;SWASTA;SMA;0
8437;15;JAMBI;1506;150612;DATA SEKOLAH;UNIT;2022/2023 GANJIL;SWASTA;SMK;0
8438;15;JAMBI;1506;150612;DATA SEKOLAH;UNIT;2022/2023 GANJIL;SWASTA;SLB;0
8439;15;JAMBI;1507;150708;DATA SEKOLAH;UNIT;2022/2023 GANJIL;SWASTA;TK;5
8440;15;JAMBI;1507;150708;DATA SEKOLAH;UNIT;2022/2023 GANJIL;SWASTA;KB;7
8441;15;JAMBI;1507;150708;DATA SEKOLAH;UNIT;2022/2023 GANJIL;SWASTA;TPA;0
8442;15;JAMBI;1507;150708;DATA SEKOLAH;UNIT;2022/2023 GANJIL;SWASTA;SPS;0
8443;15;JAMBI;1507;150708;DATA SEKOLAH;UNIT;2022/2023 GANJIL;SWASTA;PKBM;0
8444;15;JAMBI;1507;150708;DATA SEKOLAH;UNIT;2022/2023 GANJIL;SWASTA;SKB;0
8445;15;JAMBI;1507;150708;DATA SEKOLAH;UNIT;2022/2023 GANJIL;SWASTA;SD;1
8446;15;JAMBI;1507;150708;DATA SEKOLAH;UNIT;2022/2023 GANJIL;SWASTA;SMP;0
8447;15;JAMBI;1507;150708;DATA SEKOLAH;UNIT;2022/2023 GANJIL;SWASTA;SMA;0
8448;15;JAMBI;1507;150708;DATA SEKOLAH;UNIT;2022/2023 GANJIL;SWASTA;SMK;0
8449;15;JAMBI;1507;150708;DATA SEKOLAH;UNIT;2022/2023 GANJIL;SWASTA;SLB;0
8450;15;JAMBI;1505;150503;DATA SEKOLAH;UNIT;2022/2023 GANJIL;SWASTA;TK;6
8451;15;JAMBI;1505;150503;DATA SEKOLAH;UNIT;2022/2023 GANJIL;SWASTA;KB;9
8452;15;JAMBI;1505;150503;DATA SEKOLAH;UNIT;2022/2023 GANJIL;SWASTA;TPA;0
8453;15;JAMBI;1505;150503;DATA SEKOLAH;UNIT;2022/2023 GANJIL;SWASTA;SPS;2
8454;15;JAMBI;1505;150503;DATA SEKOLAH;UNIT;2022/2023 GANJIL;SWASTA;PKBM;1
8455;15;JAMBI;1505;150503;DATA SEKOLAH;UNIT;2022/2023 GANJIL;SWASTA;SKB;0
8456;15;JAMBI;1505;150503;DATA SEKOLAH;UNIT;2022/2023 GANJIL;SWASTA;SD;1
8457;15;JAMBI;1505;150503;DATA SEKOLAH;UNIT;2022/2023 GANJIL;SWASTA;SMP;0
8458;15;JAMBI;1505;150503;DATA SEKOLAH;UNIT;2022/2023 GANJIL;SWASTA;SMA;0
8459;15;JAMBI;1505;150503;DATA SEKOLAH;UNIT;2022/2023 GANJIL;SWASTA;SMK;0
8460;15;JAMBI;1505;150503;DATA SEKOLAH;UNIT;2022/2023 GANJIL;SWASTA;SLB;0
8461;15;JAMBI;1505;150506;DATA SEKOLAH;UNIT;2022/2023 GANJIL;SWASTA;TK;9
8462;15;JAMBI;1505;150506;DATA SEKOLAH;UNIT;2022/2023 GANJIL;SWASTA;KB;23
8463;15;JAMBI;1505;150506;DATA SEKOLAH;UNIT;2022/2023 GANJIL;SWASTA;TPA;0
8464;15;JAMBI;1505;150506;DATA SEKOLAH;UNIT;2022/2023 GANJIL;SWASTA;SPS;1
8465;15;JAMBI;1505;150506;DATA SEKOLAH;UNIT;2022/2023 GANJIL;SWASTA;PKBM;0
8466;15;JAMBI;1505;150506;DATA SEKOLAH;UNIT;2022/2023 GANJIL;SWASTA;SKB;0
8467;15;JAMBI;1505;150506;DATA SEKOLAH;UNIT;2022/2023 GANJIL;SWASTA;SD;2
8468;15;JAMBI;1505;150506;DATA SEKOLAH;UNIT;2022/2023 GANJIL;SWASTA;SMP;2
8469;15;JAMBI;1505;150506;DATA SEKOLAH;UNIT;2022/2023 GANJIL;SWASTA;SMA;2
8470;15;JAMBI;1505;150506;DATA SEKOLAH;UNIT;2022/2023 GANJIL;SWASTA;SMK;2
8471;15;JAMBI;1505;150506;DATA SEKOLAH;UNIT;2022/2023 GANJIL;SWASTA;SLB;0
8472;15;JAMBI;1572;157205;DATA SEKOLAH;UNIT;2022/2023 GANJIL;SWASTA;TK;2
8473;15;JAMBI;1572;157205;DATA SEKOLAH;UNIT;2022/2023 GANJIL;SWASTA;KB;7
8474;15;JAMBI;1572;157205;DATA SEKOLAH;UNIT;2022/2023 GANJIL;SWASTA;TPA;0
8475;15;JAMBI;1572;157205;DATA SEKOLAH;UNIT;2022/2023 GANJIL;SWASTA;SPS;5
8476;15;JAMBI;1572;157205;DATA SEKOLAH;UNIT;2022/2023 GANJIL;SWASTA;PKBM;1
8477;15;JAMBI;1572;157205;DATA SEKOLAH;UNIT;2022/2023 GANJIL;SWASTA;SKB;0
8478;15;JAMBI;1572;157205;DATA SEKOLAH;UNIT;2022/2023 GANJIL;SWASTA;SD;0
8479;15;JAMBI;1572;157205;DATA SEKOLAH;UNIT;2022/2023 GANJIL;SWASTA;SMP;0
8480;15;JAMBI;1572;157205;DATA SEKOLAH;UNIT;2022/2023 GANJIL;SWASTA;SMA;0
8481;15;JAMBI;1572;157205;DATA SEKOLAH;UNIT;2022/2023 GANJIL;SWASTA;SMK;0
8482;15;JAMBI;1572;157205;DATA SEKOLAH;UNIT;2022/2023 GANJIL;SWASTA;SLB;0
8483;15;JAMBI;1502;150209;DATA SEKOLAH;UNIT;2022/2023 GANJIL;SWASTA;TK;16
8484;15;JAMBI;1502;150209;DATA SEKOLAH;UNIT;2022/2023 GANJIL;SWASTA;KB;2
8485;15;JAMBI;1502;150209;DATA SEKOLAH;UNIT;2022/2023 GANJIL;SWASTA;TPA;0
8486;15;JAMBI;1502;150209;DATA SEKOLAH;UNIT;2022/2023 GANJIL;SWASTA;SPS;3
8487;15;JAMBI;1502;150209;DATA SEKOLAH;UNIT;2022/2023 GANJIL;SWASTA;PKBM;2
8488;15;JAMBI;1502;150209;DATA SEKOLAH;UNIT;2022/2023 GANJIL;SWASTA;SKB;0
8489;15;JAMBI;1502;150209;DATA SEKOLAH;UNIT;2022/2023 GANJIL;SWASTA;SD;0
8490;15;JAMBI;1502;150209;DATA SEKOLAH;UNIT;2022/2023 GANJIL;SWASTA;SMP;0
8491;15;JAMBI;1502;150209;DATA SEKOLAH;UNIT;2022/2023 GANJIL;SWASTA;SMA;0
8492;15;JAMBI;1502;150209;DATA SEKOLAH;UNIT;2022/2023 GANJIL;SWASTA;SMK;0
8493;15;JAMBI;1502;150209;DATA SEKOLAH;UNIT;2022/2023 GANJIL;SWASTA;SLB;0
8494;15;JAMBI;1508;150807;DATA SEKOLAH;UNIT;2022/2023 GANJIL;SWASTA;TK;6
8495;15;JAMBI;1508;150807;DATA SEKOLAH;UNIT;2022/2023 GANJIL;SWASTA;KB;15
8496;15;JAMBI;1508;150807;DATA SEKOLAH;UNIT;2022/2023 GANJIL;SWASTA;TPA;0
8497;15;JAMBI;1508;150807;DATA SEKOLAH;UNIT;2022/2023 GANJIL;SWASTA;SPS;0
8498;15;JAMBI;1508;150807;DATA SEKOLAH;UNIT;2022/2023 GANJIL;SWASTA;PKBM;0
8499;15;JAMBI;1508;150807;DATA SEKOLAH;UNIT;2022/2023 GANJIL;SWASTA;SKB;0
8500;15;JAMBI;1508;150807;DATA SEKOLAH;UNIT;2022/2023 GANJIL;SWASTA;SD;1
8501;15;JAMBI;1508;150807;DATA SEKOLAH;UNIT;2022/2023 GANJIL;SWASTA;SMP;0
8502;15;JAMBI;1508;150807;DATA SEKOLAH;UNIT;2022/2023 GANJIL;SWASTA;SMA;0
8503;15;JAMBI;1508;150807;DATA SEKOLAH;UNIT;2022/2023 GANJIL;SWASTA;SMK;0
8504;15;JAMBI;1508;150807;DATA SEKOLAH;UNIT;2022/2023 GANJIL;SWASTA;SLB;0
8505;15;JAMBI;1503;150302;DATA SEKOLAH;UNIT;2022/2023 GANJIL;SWASTA;TK;7
8506;15;JAMBI;1503;150302;DATA SEKOLAH;UNIT;2022/2023 GANJIL;SWASTA;KB;28
8507;15;JAMBI;1503;150302;DATA SEKOLAH;UNIT;2022/2023 GANJIL;SWASTA;TPA;0
8508;15;JAMBI;1503;150302;DATA SEKOLAH;UNIT;2022/2023 GANJIL;SWASTA;SPS;0
8509;15;JAMBI;1503;150302;DATA SEKOLAH;UNIT;2022/2023 GANJIL;SWASTA;PKBM;3
8510;15;JAMBI;1503;150302;DATA SEKOLAH;UNIT;2022/2023 GANJIL;SWASTA;SKB;0
8511;15;JAMBI;1503;150302;DATA SEKOLAH;UNIT;2022/2023 GANJIL;SWASTA;SD;0
8512;15;JAMBI;1503;150302;DATA SEKOLAH;UNIT;2022/2023 GANJIL;SWASTA;SMP;0
8513;15;JAMBI;1503;150302;DATA SEKOLAH;UNIT;2022/2023 GANJIL;SWASTA;SMA;0
8514;15;JAMBI;1503;150302;DATA SEKOLAH;UNIT;2022/2023 GANJIL;SWASTA;SMK;0
8515;15;JAMBI;1503;150302;DATA SEKOLAH;UNIT;2022/2023 GANJIL;SWASTA;SLB;0
8516;15;JAMBI;1503;150306;DATA SEKOLAH;UNIT;2022/2023 GANJIL;SWASTA;TK;26
8517;15;JAMBI;1503;150306;DATA SEKOLAH;UNIT;2022/2023 GANJIL;SWASTA;KB;24
8518;15;JAMBI;1503;150306;DATA SEKOLAH;UNIT;2022/2023 GANJIL;SWASTA;TPA;0
8519;15;JAMBI;1503;150306;DATA SEKOLAH;UNIT;2022/2023 GANJIL;SWASTA;SPS;4
8520;15;JAMBI;1503;150306;DATA SEKOLAH;UNIT;2022/2023 GANJIL;SWASTA;PKBM;1
8521;15;JAMBI;1503;150306;DATA SEKOLAH;UNIT;2022/2023 GANJIL;SWASTA;SKB;0
8522;15;JAMBI;1503;150306;DATA SEKOLAH;UNIT;2022/2023 GANJIL;SWASTA;SD;0
8523;15;JAMBI;1503;150306;DATA SEKOLAH;UNIT;2022/2023 GANJIL;SWASTA;SMP;2
8524;15;JAMBI;1503;150306;DATA SEKOLAH;UNIT;2022/2023 GANJIL;SWASTA;SMA;0
8525;15;JAMBI;1503;150306;DATA SEKOLAH;UNIT;2022/2023 GANJIL;SWASTA;SMK;3
8526;15;JAMBI;1503;150306;DATA SEKOLAH;UNIT;2022/2023 GANJIL;SWASTA;SLB;0
8527;15;JAMBI;1503;150311;DATA SEKOLAH;UNIT;2022/2023 GANJIL;SWASTA;TK;17
8528;15;JAMBI;1503;150311;DATA SEKOLAH;UNIT;2022/2023 GANJIL;SWASTA;KB;18
8529;15;JAMBI;1503;150311;DATA SEKOLAH;UNIT;2022/2023 GANJIL;SWASTA;TPA;0
8530;15;JAMBI;1503;150311;DATA SEKOLAH;UNIT;2022/2023 GANJIL;SWASTA;SPS;1
8531;15;JAMBI;1503;150311;DATA SEKOLAH;UNIT;2022/2023 GANJIL;SWASTA;PKBM;1
8532;15;JAMBI;1503;150311;DATA SEKOLAH;UNIT;2022/2023 GANJIL;SWASTA;SKB;0
8533;15;JAMBI;1503;150311;DATA SEKOLAH;UNIT;2022/2023 GANJIL;SWASTA;SD;0
8534;15;JAMBI;1503;150311;DATA SEKOLAH;UNIT;2022/2023 GANJIL;SWASTA;SMP;0
8535;15;JAMBI;1503;150311;DATA SEKOLAH;UNIT;2022/2023 GANJIL;SWASTA;SMA;0
8536;15;JAMBI;1503;150311;DATA SEKOLAH;UNIT;2022/2023 GANJIL;SWASTA;SMK;0
8537;15;JAMBI;1503;150311;DATA SEKOLAH;UNIT;2022/2023 GANJIL;SWASTA;SLB;0
8538;15;JAMBI;1502;150221;DATA SEKOLAH;UNIT;2022/2023 GANJIL;SWASTA;TK;7
8539;15;JAMBI;1502;150221;DATA SEKOLAH;UNIT;2022/2023 GANJIL;SWASTA;KB;2
8540;15;JAMBI;1502;150221;DATA SEKOLAH;UNIT;2022/2023 GANJIL;SWASTA;TPA;1
8541;15;JAMBI;1502;150221;DATA SEKOLAH;UNIT;2022/2023 GANJIL;SWASTA;SPS;0
8542;15;JAMBI;1502;150221;DATA SEKOLAH;UNIT;2022/2023 GANJIL;SWASTA;PKBM;0
8543;15;JAMBI;1502;150221;DATA SEKOLAH;UNIT;2022/2023 GANJIL;SWASTA;SKB;0
8544;15;JAMBI;1502;150221;DATA SEKOLAH;UNIT;2022/2023 GANJIL;SWASTA;SD;2
8545;15;JAMBI;1502;150221;DATA SEKOLAH;UNIT;2022/2023 GANJIL;SWASTA;SMP;1
8546;15;JAMBI;1502;150221;DATA SEKOLAH;UNIT;2022/2023 GANJIL;SWASTA;SMA;0
8547;15;JAMBI;1502;150221;DATA SEKOLAH;UNIT;2022/2023 GANJIL;SWASTA;SMK;1
8548;15;JAMBI;1502;150221;DATA SEKOLAH;UNIT;2022/2023 GANJIL;SWASTA;SLB;0
8549;15;JAMBI;1505;150504;DATA SEKOLAH;UNIT;2022/2023 GANJIL;SWASTA;TK;3
8550;15;JAMBI;1505;150504;DATA SEKOLAH;UNIT;2022/2023 GANJIL;SWASTA;KB;8
8551;15;JAMBI;1505;150504;DATA SEKOLAH;UNIT;2022/2023 GANJIL;SWASTA;TPA;0
8552;15;JAMBI;1505;150504;DATA SEKOLAH;UNIT;2022/2023 GANJIL;SWASTA;SPS;0
8553;15;JAMBI;1505;150504;DATA SEKOLAH;UNIT;2022/2023 GANJIL;SWASTA;PKBM;3
8554;15;JAMBI;1505;150504;DATA SEKOLAH;UNIT;2022/2023 GANJIL;SWASTA;SKB;0
8555;15;JAMBI;1505;150504;DATA SEKOLAH;UNIT;2022/2023 GANJIL;SWASTA;SD;0
8556;15;JAMBI;1505;150504;DATA SEKOLAH;UNIT;2022/2023 GANJIL;SWASTA;SMP;0
8557;15;JAMBI;1505;150504;DATA SEKOLAH;UNIT;2022/2023 GANJIL;SWASTA;SMA;0
8558;15;JAMBI;1505;150504;DATA SEKOLAH;UNIT;2022/2023 GANJIL;SWASTA;SMK;0
8559;15;JAMBI;1505;150504;DATA SEKOLAH;UNIT;2022/2023 GANJIL;SWASTA;SLB;0
8560;15;JAMBI;1504;150408;DATA SEKOLAH;UNIT;2022/2023 GANJIL;SWASTA;TK;9
8561;15;JAMBI;1504;150408;DATA SEKOLAH;UNIT;2022/2023 GANJIL;SWASTA;KB;9
8562;15;JAMBI;1504;150408;DATA SEKOLAH;UNIT;2022/2023 GANJIL;SWASTA;TPA;1
8563;15;JAMBI;1504;150408;DATA SEKOLAH;UNIT;2022/2023 GANJIL;SWASTA;SPS;0
8564;15;JAMBI;1504;150408;DATA SEKOLAH;UNIT;2022/2023 GANJIL;SWASTA;PKBM;0
8565;15;JAMBI;1504;150408;DATA SEKOLAH;UNIT;2022/2023 GANJIL;SWASTA;SKB;0
8566;15;JAMBI;1504;150408;DATA SEKOLAH;UNIT;2022/2023 GANJIL;SWASTA;SD;1
8567;15;JAMBI;1504;150408;DATA SEKOLAH;UNIT;2022/2023 GANJIL;SWASTA;SMP;0
8568;15;JAMBI;1504;150408;DATA SEKOLAH;UNIT;2022/2023 GANJIL;SWASTA;SMA;0
8569;15;JAMBI;1504;150408;DATA SEKOLAH;UNIT;2022/2023 GANJIL;SWASTA;SMK;0
8570;15;JAMBI;1504;150408;DATA SEKOLAH;UNIT;2022/2023 GANJIL;SWASTA;SLB;0
8571;15;JAMBI;1504;150406;DATA SEKOLAH;UNIT;2022/2023 GANJIL;SWASTA;TK;21
8572;15;JAMBI;1504;150406;DATA SEKOLAH;UNIT;2022/2023 GANJIL;SWASTA;KB;22
8573;15;JAMBI;1504;150406;DATA SEKOLAH;UNIT;2022/2023 GANJIL;SWASTA;TPA;0
8574;15;JAMBI;1504;150406;DATA SEKOLAH;UNIT;2022/2023 GANJIL;SWASTA;SPS;1
8575;15;JAMBI;1504;150406;DATA SEKOLAH;UNIT;2022/2023 GANJIL;SWASTA;PKBM;2
8576;15;JAMBI;1504;150406;DATA SEKOLAH;UNIT;2022/2023 GANJIL;SWASTA;SKB;0
8577;15;JAMBI;1504;150406;DATA SEKOLAH;UNIT;2022/2023 GANJIL;SWASTA;SD;1
8578;15;JAMBI;1504;150406;DATA SEKOLAH;UNIT;2022/2023 GANJIL;SWASTA;SMP;0
8579;15;JAMBI;1504;150406;DATA SEKOLAH;UNIT;2022/2023 GANJIL;SWASTA;SMA;0
8580;15;JAMBI;1504;150406;DATA SEKOLAH;UNIT;2022/2023 GANJIL;SWASTA;SMK;0
8581;15;JAMBI;1504;150406;DATA SEKOLAH;UNIT;2022/2023 GANJIL;SWASTA;SLB;0
8582;15;JAMBI;1507;150703;DATA SEKOLAH;UNIT;2022/2023 GANJIL;SWASTA;TK;4
8583;15;JAMBI;1507;150703;DATA SEKOLAH;UNIT;2022/2023 GANJIL;SWASTA;KB;22
8584;15;JAMBI;1507;150703;DATA SEKOLAH;UNIT;2022/2023 GANJIL;SWASTA;TPA;0
8585;15;JAMBI;1507;150703;DATA SEKOLAH;UNIT;2022/2023 GANJIL;SWASTA;SPS;0
8586;15;JAMBI;1507;150703;DATA SEKOLAH;UNIT;2022/2023 GANJIL;SWASTA;PKBM;1
8587;15;JAMBI;1507;150703;DATA SEKOLAH;UNIT;2022/2023 GANJIL;SWASTA;SKB;0
8588;15;JAMBI;1507;150703;DATA SEKOLAH;UNIT;2022/2023 GANJIL;SWASTA;SD;0
8589;15;JAMBI;1507;150703;DATA SEKOLAH;UNIT;2022/2023 GANJIL;SWASTA;SMP;0
8590;15;JAMBI;1507;150703;DATA SEKOLAH;UNIT;2022/2023 GANJIL;SWASTA;SMA;0
8591;15;JAMBI;1507;150703;DATA SEKOLAH;UNIT;2022/2023 GANJIL;SWASTA;SMK;0
8592;15;JAMBI;1507;150703;DATA SEKOLAH;UNIT;2022/2023 GANJIL;SWASTA;SLB;0
8593;15;JAMBI;1507;150709;DATA SEKOLAH;UNIT;2022/2023 GANJIL;SWASTA;TK;2
8594;15;JAMBI;1507;150709;DATA SEKOLAH;UNIT;2022/2023 GANJIL;SWASTA;KB;15
8595;15;JAMBI;1507;150709;DATA SEKOLAH;UNIT;2022/2023 GANJIL;SWASTA;TPA;1
8596;15;JAMBI;1507;150709;DATA SEKOLAH;UNIT;2022/2023 GANJIL;SWASTA;SPS;0
8597;15;JAMBI;1507;150709;DATA SEKOLAH;UNIT;2022/2023 GANJIL;SWASTA;PKBM;1
8598;15;JAMBI;1507;150709;DATA SEKOLAH;UNIT;2022/2023 GANJIL;SWASTA;SKB;0
8599;15;JAMBI;1507;150709;DATA SEKOLAH;UNIT;2022/2023 GANJIL;SWASTA;SD;0
8600;15;JAMBI;1507;150709;DATA SEKOLAH;UNIT;2022/2023 GANJIL;SWASTA;SMP;0
8601;15;JAMBI;1507;150709;DATA SEKOLAH;UNIT;2022/2023 GANJIL;SWASTA;SMA;0
8602;15;JAMBI;1507;150709;DATA SEKOLAH;UNIT;2022/2023 GANJIL;SWASTA;SMK;0
8603;15;JAMBI;1507;150709;DATA SEKOLAH;UNIT;2022/2023 GANJIL;SWASTA;SLB;0
8604;15;JAMBI;1506;150605;DATA SEKOLAH;UNIT;2022/2023 GANJIL;SWASTA;TK;6
8605;15;JAMBI;1506;150605;DATA SEKOLAH;UNIT;2022/2023 GANJIL;SWASTA;KB;6
8606;15;JAMBI;1506;150605;DATA SEKOLAH;UNIT;2022/2023 GANJIL;SWASTA;TPA;1
8607;15;JAMBI;1506;150605;DATA SEKOLAH;UNIT;2022/2023 GANJIL;SWASTA;SPS;4
8608;15;JAMBI;1506;150605;DATA SEKOLAH;UNIT;2022/2023 GANJIL;SWASTA;PKBM;0
8609;15;JAMBI;1506;150605;DATA SEKOLAH;UNIT;2022/2023 GANJIL;SWASTA;SKB;0
8610;15;JAMBI;1506;150605;DATA SEKOLAH;UNIT;2022/2023 GANJIL;SWASTA;SD;1
8611;15;JAMBI;1506;150605;DATA SEKOLAH;UNIT;2022/2023 GANJIL;SWASTA;SMP;0
8612;15;JAMBI;1506;150605;DATA SEKOLAH;UNIT;2022/2023 GANJIL;SWASTA;SMA;0
8613;15;JAMBI;1506;150605;DATA SEKOLAH;UNIT;2022/2023 GANJIL;SWASTA;SMK;0
8614;15;JAMBI;1506;150605;DATA SEKOLAH;UNIT;2022/2023 GANJIL;SWASTA;SLB;0
8615;15;JAMBI;1504;150401;DATA SEKOLAH;UNIT;2022/2023 GANJIL;SWASTA;TK;16
8616;15;JAMBI;1504;150401;DATA SEKOLAH;UNIT;2022/2023 GANJIL;SWASTA;KB;22
8617;15;JAMBI;1504;150401;DATA SEKOLAH;UNIT;2022/2023 GANJIL;SWASTA;TPA;0
8618;15;JAMBI;1504;150401;DATA SEKOLAH;UNIT;2022/2023 GANJIL;SWASTA;SPS;0
8619;15;JAMBI;1504;150401;DATA SEKOLAH;UNIT;2022/2023 GANJIL;SWASTA;PKBM;2
8620;15;JAMBI;1504;150401;DATA SEKOLAH;UNIT;2022/2023 GANJIL;SWASTA;SKB;0
8621;15;JAMBI;1504;150401;DATA SEKOLAH;UNIT;2022/2023 GANJIL;SWASTA;SD;0
8622;15;JAMBI;1504;150401;DATA SEKOLAH;UNIT;2022/2023 GANJIL;SWASTA;SMP;3
8623;15;JAMBI;1504;150401;DATA SEKOLAH;UNIT;2022/2023 GANJIL;SWASTA;SMA;0
8624;15;JAMBI;1504;150401;DATA SEKOLAH;UNIT;2022/2023 GANJIL;SWASTA;SMK;0
8625;15;JAMBI;1504;150401;DATA SEKOLAH;UNIT;2022/2023 GANJIL;SWASTA;SLB;0
8626;15;JAMBI;1505;150505;DATA SEKOLAH;UNIT;2022/2023 GANJIL;SWASTA;TK;19
8627;15;JAMBI;1505;150505;DATA SEKOLAH;UNIT;2022/2023 GANJIL;SWASTA;KB;13
8628;15;JAMBI;1505;150505;DATA SEKOLAH;UNIT;2022/2023 GANJIL;SWASTA;TPA;0
8629;15;JAMBI;1505;150505;DATA SEKOLAH;UNIT;2022/2023 GANJIL;SWASTA;SPS;0
8630;15;JAMBI;1505;150505;DATA SEKOLAH;UNIT;2022/2023 GANJIL;SWASTA;PKBM;0
8631;15;JAMBI;1505;150505;DATA SEKOLAH;UNIT;2022/2023 GANJIL;SWASTA;SKB;0
8632;15;JAMBI;1505;150505;DATA SEKOLAH;UNIT;2022/2023 GANJIL;SWASTA;SD;0
8633;15;JAMBI;1505;150505;DATA SEKOLAH;UNIT;2022/2023 GANJIL;SWASTA;SMP;5
8634;15;JAMBI;1505;150505;DATA SEKOLAH;UNIT;2022/2023 GANJIL;SWASTA;SMA;3
8635;15;JAMBI;1505;150505;DATA SEKOLAH;UNIT;2022/2023 GANJIL;SWASTA;SMK;3
8636;15;JAMBI;1505;150505;DATA SEKOLAH;UNIT;2022/2023 GANJIL;SWASTA;SLB;0
8637;15;JAMBI;1504;150403;DATA SEKOLAH;UNIT;2022/2023 GANJIL;SWASTA;TK;30
8638;15;JAMBI;1504;150403;DATA SEKOLAH;UNIT;2022/2023 GANJIL;SWASTA;KB;35
8639;15;JAMBI;1504;150403;DATA SEKOLAH;UNIT;2022/2023 GANJIL;SWASTA;TPA;1
8640;15;JAMBI;1504;150403;DATA SEKOLAH;UNIT;2022/2023 GANJIL;SWASTA;SPS;4
8641;15;JAMBI;1504;150403;DATA SEKOLAH;UNIT;2022/2023 GANJIL;SWASTA;PKBM;9
8642;15;JAMBI;1504;150403;DATA SEKOLAH;UNIT;2022/2023 GANJIL;SWASTA;SKB;0
8643;15;JAMBI;1504;150403;DATA SEKOLAH;UNIT;2022/2023 GANJIL;SWASTA;SD;4
8644;15;JAMBI;1504;150403;DATA SEKOLAH;UNIT;2022/2023 GANJIL;SWASTA;SMP;6
8645;15;JAMBI;1504;150403;DATA SEKOLAH;UNIT;2022/2023 GANJIL;SWASTA;SMA;5
8646;15;JAMBI;1504;150403;DATA SEKOLAH;UNIT;2022/2023 GANJIL;SWASTA;SMK;2
8647;15;JAMBI;1504;150403;DATA SEKOLAH;UNIT;2022/2023 GANJIL;SWASTA;SLB;0
8648;15;JAMBI;1506;150609;DATA SEKOLAH;UNIT;2022/2023 GANJIL;SWASTA;TK;5
8649;15;JAMBI;1506;150609;DATA SEKOLAH;UNIT;2022/2023 GANJIL;SWASTA;KB;10
8650;15;JAMBI;1506;150609;DATA SEKOLAH;UNIT;2022/2023 GANJIL;SWASTA;TPA;0
8651;15;JAMBI;1506;150609;DATA SEKOLAH;UNIT;2022/2023 GANJIL;SWASTA;SPS;0
8652;15;JAMBI;1506;150609;DATA SEKOLAH;UNIT;2022/2023 GANJIL;SWASTA;PKBM;0
8653;15;JAMBI;1506;150609;DATA SEKOLAH;UNIT;2022/2023 GANJIL;SWASTA;SKB;0
8654;15;JAMBI;1506;150609;DATA SEKOLAH;UNIT;2022/2023 GANJIL;SWASTA;SD;0
8655;15;JAMBI;1506;150609;DATA SEKOLAH;UNIT;2022/2023 GANJIL;SWASTA;SMP;0
8656;15;JAMBI;1506;150609;DATA SEKOLAH;UNIT;2022/2023 GANJIL;SWASTA;SMA;0
8657;15;JAMBI;1506;150609;DATA SEKOLAH;UNIT;2022/2023 GANJIL;SWASTA;SMK;0
8658;15;JAMBI;1506;150609;DATA SEKOLAH;UNIT;2022/2023 GANJIL;SWASTA;SLB;0
8659;15;JAMBI;1507;150707;DATA SEKOLAH;UNIT;2022/2023 GANJIL;SWASTA;TK;6
8660;15;JAMBI;1507;150707;DATA SEKOLAH;UNIT;2022/2023 GANJIL;SWASTA;KB;20
8661;15;JAMBI;1507;150707;DATA SEKOLAH;UNIT;2022/2023 GANJIL;SWASTA;TPA;1
8662;15;JAMBI;1507;150707;DATA SEKOLAH;UNIT;2022/2023 GANJIL;SWASTA;SPS;0
8663;15;JAMBI;1507;150707;DATA SEKOLAH;UNIT;2022/2023 GANJIL;SWASTA;PKBM;0
8664;15;JAMBI;1507;150707;DATA SEKOLAH;UNIT;2022/2023 GANJIL;SWASTA;SKB;0
8665;15;JAMBI;1507;150707;DATA SEKOLAH;UNIT;2022/2023 GANJIL;SWASTA;SD;2
8666;15;JAMBI;1507;150707;DATA SEKOLAH;UNIT;2022/2023 GANJIL;SWASTA;SMP;4
8667;15;JAMBI;1507;150707;DATA SEKOLAH;UNIT;2022/2023 GANJIL;SWASTA;SMA;1
8668;15;JAMBI;1507;150707;DATA SEKOLAH;UNIT;2022/2023 GANJIL;SWASTA;SMK;0
8669;15;JAMBI;1507;150707;DATA SEKOLAH;UNIT;2022/2023 GANJIL;SWASTA;SLB;0
8670;15;JAMBI;1507;150701;DATA SEKOLAH;UNIT;2022/2023 GANJIL;SWASTA;TK;7
8671;15;JAMBI;1507;150701;DATA SEKOLAH;UNIT;2022/2023 GANJIL;SWASTA;KB;28
8672;15;JAMBI;1507;150701;DATA SEKOLAH;UNIT;2022/2023 GANJIL;SWASTA;TPA;1
8673;15;JAMBI;1507;150701;DATA SEKOLAH;UNIT;2022/2023 GANJIL;SWASTA;SPS;3
8674;15;JAMBI;1507;150701;DATA SEKOLAH;UNIT;2022/2023 GANJIL;SWASTA;PKBM;1
8675;15;JAMBI;1507;150701;DATA SEKOLAH;UNIT;2022/2023 GANJIL;SWASTA;SKB;0
8676;15;JAMBI;1507;150701;DATA SEKOLAH;UNIT;2022/2023 GANJIL;SWASTA;SD;0
8677;15;JAMBI;1507;150701;DATA SEKOLAH;UNIT;2022/2023 GANJIL;SWASTA;SMP;0
8678;15;JAMBI;1507;150701;DATA SEKOLAH;UNIT;2022/2023 GANJIL;SWASTA;SMA;1
8679;15;JAMBI;1507;150701;DATA SEKOLAH;UNIT;2022/2023 GANJIL;SWASTA;SMK;0
8680;15;JAMBI;1507;150701;DATA SEKOLAH;UNIT;2022/2023 GANJIL;SWASTA;SLB;0
8681;15;JAMBI;1502;150203;DATA SEKOLAH;UNIT;2022/2023 GANJIL;SWASTA;TK;8
8682;15;JAMBI;1502;150203;DATA SEKOLAH;UNIT;2022/2023 GANJIL;SWASTA;KB;13
8683;15;JAMBI;1502;150203;DATA SEKOLAH;UNIT;2022/2023 GANJIL;SWASTA;TPA;0
8684;15;JAMBI;1502;150203;DATA SEKOLAH;UNIT;2022/2023 GANJIL;SWASTA;SPS;0
8685;15;JAMBI;1502;150203;DATA SEKOLAH;UNIT;2022/2023 GANJIL;SWASTA;PKBM;1
8686;15;JAMBI;1502;150203;DATA SEKOLAH;UNIT;2022/2023 GANJIL;SWASTA;SKB;0
8687;15;JAMBI;1502;150203;DATA SEKOLAH;UNIT;2022/2023 GANJIL;SWASTA;SD;0
8688;15;JAMBI;1502;150203;DATA SEKOLAH;UNIT;2022/2023 GANJIL;SWASTA;SMP;1
8689;15;JAMBI;1502;150203;DATA SEKOLAH;UNIT;2022/2023 GANJIL;SWASTA;SMA;0
8690;15;JAMBI;1502;150203;DATA SEKOLAH;UNIT;2022/2023 GANJIL;SWASTA;SMK;0
8691;15;JAMBI;1502;150203;DATA SEKOLAH;UNIT;2022/2023 GANJIL;SWASTA;SLB;0
8692;15;JAMBI;1509;150912;DATA SEKOLAH;UNIT;2022/2023 GANJIL;SWASTA;TK;6
8693;15;JAMBI;1509;150912;DATA SEKOLAH;UNIT;2022/2023 GANJIL;SWASTA;KB;9
8694;15;JAMBI;1509;150912;DATA SEKOLAH;UNIT;2022/2023 GANJIL;SWASTA;TPA;0
8695;15;JAMBI;1509;150912;DATA SEKOLAH;UNIT;2022/2023 GANJIL;SWASTA;SPS;0
8696;15;JAMBI;1509;150912;DATA SEKOLAH;UNIT;2022/2023 GANJIL;SWASTA;PKBM;1
8697;15;JAMBI;1509;150912;DATA SEKOLAH;UNIT;2022/2023 GANJIL;SWASTA;SKB;0
8698;15;JAMBI;1509;150912;DATA SEKOLAH;UNIT;2022/2023 GANJIL;SWASTA;SD;0
8699;15;JAMBI;1509;150912;DATA SEKOLAH;UNIT;2022/2023 GANJIL;SWASTA;SMP;0
8700;15;JAMBI;1509;150912;DATA SEKOLAH;UNIT;2022/2023 GANJIL;SWASTA;SMA;0
8701;15;JAMBI;1509;150912;DATA SEKOLAH;UNIT;2022/2023 GANJIL;SWASTA;SMK;1
8702;15;JAMBI;1509;150912;DATA SEKOLAH;UNIT;2022/2023 GANJIL;SWASTA;SLB;0
8703;15;JAMBI;1504;150402;DATA SEKOLAH;UNIT;2022/2023 GANJIL;SWASTA;TK;18
8704;15;JAMBI;1504;150402;DATA SEKOLAH;UNIT;2022/2023 GANJIL;SWASTA;KB;25
8705;15;JAMBI;1504;150402;DATA SEKOLAH;UNIT;2022/2023 GANJIL;SWASTA;TPA;1
8706;15;JAMBI;1504;150402;DATA SEKOLAH;UNIT;2022/2023 GANJIL;SWASTA;SPS;4
8707;15;JAMBI;1504;150402;DATA SEKOLAH;UNIT;2022/2023 GANJIL;SWASTA;PKBM;3
8708;15;JAMBI;1504;150402;DATA SEKOLAH;UNIT;2022/2023 GANJIL;SWASTA;SKB;0
8709;15;JAMBI;1504;150402;DATA SEKOLAH;UNIT;2022/2023 GANJIL;SWASTA;SD;2
8710;15;JAMBI;1504;150402;DATA SEKOLAH;UNIT;2022/2023 GANJIL;SWASTA;SMP;2
8711;15;JAMBI;1504;150402;DATA SEKOLAH;UNIT;2022/2023 GANJIL;SWASTA;SMA;1
8712;15;JAMBI;1504;150402;DATA SEKOLAH;UNIT;2022/2023 GANJIL;SWASTA;SMK;0
8713;15;JAMBI;1504;150402;DATA SEKOLAH;UNIT;2022/2023 GANJIL;SWASTA;SLB;0
8714;15;JAMBI;1508;150808;DATA SEKOLAH;UNIT;2022/2023 GANJIL;SWASTA;TK;7
8715;15;JAMBI;1508;150808;DATA SEKOLAH;UNIT;2022/2023 GANJIL;SWASTA;KB;12
8716;15;JAMBI;1508;150808;DATA SEKOLAH;UNIT;2022/2023 GANJIL;SWASTA;TPA;0
8717;15;JAMBI;1508;150808;DATA SEKOLAH;UNIT;2022/2023 GANJIL;SWASTA;SPS;1
8718;15;JAMBI;1508;150808;DATA SEKOLAH;UNIT;2022/2023 GANJIL;SWASTA;PKBM;4
8719;15;JAMBI;1508;150808;DATA SEKOLAH;UNIT;2022/2023 GANJIL;SWASTA;SKB;0
8720;15;JAMBI;1508;150808;DATA SEKOLAH;UNIT;2022/2023 GANJIL;SWASTA;SD;0
8721;15;JAMBI;1508;150808;DATA SEKOLAH;UNIT;2022/2023 GANJIL;SWASTA;SMP;0
8722;15;JAMBI;1508;150808;DATA SEKOLAH;UNIT;2022/2023 GANJIL;SWASTA;SMA;0
8723;15;JAMBI;1508;150808;DATA SEKOLAH;UNIT;2022/2023 GANJIL;SWASTA;SMK;0
8724;15;JAMBI;1508;150808;DATA SEKOLAH;UNIT;2022/2023 GANJIL;SWASTA;SLB;0
8725;15;JAMBI;1502;150211;DATA SEKOLAH;UNIT;2022/2023 GANJIL;SWASTA;TK;8
8726;15;JAMBI;1502;150211;DATA SEKOLAH;UNIT;2022/2023 GANJIL;SWASTA;KB;4
8727;15;JAMBI;1502;150211;DATA SEKOLAH;UNIT;2022/2023 GANJIL;SWASTA;TPA;0
8728;15;JAMBI;1502;150211;DATA SEKOLAH;UNIT;2022/2023 GANJIL;SWASTA;SPS;1
8729;15;JAMBI;1502;150211;DATA SEKOLAH;UNIT;2022/2023 GANJIL;SWASTA;PKBM;3
8730;15;JAMBI;1502;150211;DATA SEKOLAH;UNIT;2022/2023 GANJIL;SWASTA;SKB;0
8731;15;JAMBI;1502;150211;DATA SEKOLAH;UNIT;2022/2023 GANJIL;SWASTA;SD;2
8732;15;JAMBI;1502;150211;DATA SEKOLAH;UNIT;2022/2023 GANJIL;SWASTA;SMP;0
8733;15;JAMBI;1502;150211;DATA SEKOLAH;UNIT;2022/2023 GANJIL;SWASTA;SMA;0
8734;15;JAMBI;1502;150211;DATA SEKOLAH;UNIT;2022/2023 GANJIL;SWASTA;SMK;1
8735;15;JAMBI;1502;150211;DATA SEKOLAH;UNIT;2022/2023 GANJIL;SWASTA;SLB;0
8736;15;JAMBI;1507;150702;DATA SEKOLAH;UNIT;2022/2023 GANJIL;SWASTA;TK;4
8737;15;JAMBI;1507;150702;DATA SEKOLAH;UNIT;2022/2023 GANJIL;SWASTA;KB;25
8738;15;JAMBI;1507;150702;DATA SEKOLAH;UNIT;2022/2023 GANJIL;SWASTA;TPA;0
8739;15;JAMBI;1507;150702;DATA SEKOLAH;UNIT;2022/2023 GANJIL;SWASTA;SPS;1
8740;15;JAMBI;1507;150702;DATA SEKOLAH;UNIT;2022/2023 GANJIL;SWASTA;PKBM;2
8741;15;JAMBI;1507;150702;DATA SEKOLAH;UNIT;2022/2023 GANJIL;SWASTA;SKB;0
8742;15;JAMBI;1507;150702;DATA SEKOLAH;UNIT;2022/2023 GANJIL;SWASTA;SD;1
8743;15;JAMBI;1507;150702;DATA SEKOLAH;UNIT;2022/2023 GANJIL;SWASTA;SMP;0
8744;15;JAMBI;1507;150702;DATA SEKOLAH;UNIT;2022/2023 GANJIL;SWASTA;SMA;0
8745;15;JAMBI;1507;150702;DATA SEKOLAH;UNIT;2022/2023 GANJIL;SWASTA;SMK;0
8746;15;JAMBI;1507;150702;DATA SEKOLAH;UNIT;2022/2023 GANJIL;SWASTA;SLB;0
8747;15;JAMBI;1571;157111;DATA SEKOLAH;UNIT;2022/2023 GANJIL;SWASTA;TK;34
8748;15;JAMBI;1571;157111;DATA SEKOLAH;UNIT;2022/2023 GANJIL;SWASTA;KB;14
8749;15;JAMBI;1571;157111;DATA SEKOLAH;UNIT;2022/2023 GANJIL;SWASTA;TPA;0
8750;15;JAMBI;1571;157111;DATA SEKOLAH;UNIT;2022/2023 GANJIL;SWASTA;SPS;2
8751;15;JAMBI;1571;157111;DATA SEKOLAH;UNIT;2022/2023 GANJIL;SWASTA;PKBM;5
8752;15;JAMBI;1571;157111;DATA SEKOLAH;UNIT;2022/2023 GANJIL;SWASTA;SKB;0
8753;15;JAMBI;1571;157111;DATA SEKOLAH;UNIT;2022/2023 GANJIL;SWASTA;SD;2
8754;15;JAMBI;1571;157111;DATA SEKOLAH;UNIT;2022/2023 GANJIL;SWASTA;SMP;5
8755;15;JAMBI;1571;157111;DATA SEKOLAH;UNIT;2022/2023 GANJIL;SWASTA;SMA;4
8756;15;JAMBI;1571;157111;DATA SEKOLAH;UNIT;2022/2023 GANJIL;SWASTA;SMK;6
8757;15;JAMBI;1571;157111;DATA SEKOLAH;UNIT;2022/2023 GANJIL;SWASTA;SLB;0
8758;15;JAMBI;1502;150206;DATA SEKOLAH;UNIT;2022/2023 GANJIL;SWASTA;TK;16
8759;15;JAMBI;1502;150206;DATA SEKOLAH;UNIT;2022/2023 GANJIL;SWASTA;KB;15
8760;15;JAMBI;1502;150206;DATA SEKOLAH;UNIT;2022/2023 GANJIL;SWASTA;TPA;0
8761;15;JAMBI;1502;150206;DATA SEKOLAH;UNIT;2022/2023 GANJIL;SWASTA;SPS;1
8762;15;JAMBI;1502;150206;DATA SEKOLAH;UNIT;2022/2023 GANJIL;SWASTA;PKBM;2
8763;15;JAMBI;1502;150206;DATA SEKOLAH;UNIT;2022/2023 GANJIL;SWASTA;SKB;0
8764;15;JAMBI;1502;150206;DATA SEKOLAH;UNIT;2022/2023 GANJIL;SWASTA;SD;0
8765;15;JAMBI;1502;150206;DATA SEKOLAH;UNIT;2022/2023 GANJIL;SWASTA;SMP;1
8766;15;JAMBI;1502;150206;DATA SEKOLAH;UNIT;2022/2023 GANJIL;SWASTA;SMA;0
8767;15;JAMBI;1502;150206;DATA SEKOLAH;UNIT;2022/2023 GANJIL;SWASTA;SMK;1
8768;15;JAMBI;1502;150206;DATA SEKOLAH;UNIT;2022/2023 GANJIL;SWASTA;SLB;0
8769;15;JAMBI;1502;150213;DATA SEKOLAH;UNIT;2022/2023 GANJIL;SWASTA;TK;7
8770;15;JAMBI;1502;150213;DATA SEKOLAH;UNIT;2022/2023 GANJIL;SWASTA;KB;5
8771;15;JAMBI;1502;150213;DATA SEKOLAH;UNIT;2022/2023 GANJIL;SWASTA;TPA;0
8772;15;JAMBI;1502;150213;DATA SEKOLAH;UNIT;2022/2023 GANJIL;SWASTA;SPS;1
8773;15;JAMBI;1502;150213;DATA SEKOLAH;UNIT;2022/2023 GANJIL;SWASTA;PKBM;1
8774;15;JAMBI;1502;150213;DATA SEKOLAH;UNIT;2022/2023 GANJIL;SWASTA;SKB;0
8775;15;JAMBI;1502;150213;DATA SEKOLAH;UNIT;2022/2023 GANJIL;SWASTA;SD;2
8776;15;JAMBI;1502;150213;DATA SEKOLAH;UNIT;2022/2023 GANJIL;SWASTA;SMP;1
8777;15;JAMBI;1502;150213;DATA SEKOLAH;UNIT;2022/2023 GANJIL;SWASTA;SMA;0
8778;15;JAMBI;1502;150213;DATA SEKOLAH;UNIT;2022/2023 GANJIL;SWASTA;SMK;0
8779;15;JAMBI;1502;150213;DATA SEKOLAH;UNIT;2022/2023 GANJIL;SWASTA;SLB;0
8780;15;JAMBI;1502;150220;DATA SEKOLAH;UNIT;2022/2023 GANJIL;SWASTA;TK;5
8781;15;JAMBI;1502;150220;DATA SEKOLAH;UNIT;2022/2023 GANJIL;SWASTA;KB;5
8782;15;JAMBI;1502;150220;DATA SEKOLAH;UNIT;2022/2023 GANJIL;SWASTA;TPA;0
8783;15;JAMBI;1502;150220;DATA SEKOLAH;UNIT;2022/2023 GANJIL;SWASTA;SPS;0
8784;15;JAMBI;1502;150220;DATA SEKOLAH;UNIT;2022/2023 GANJIL;SWASTA;PKBM;0
8785;15;JAMBI;1502;150220;DATA SEKOLAH;UNIT;2022/2023 GANJIL;SWASTA;SKB;0
8786;15;JAMBI;1502;150220;DATA SEKOLAH;UNIT;2022/2023 GANJIL;SWASTA;SD;1
8787;15;JAMBI;1502;150220;DATA SEKOLAH;UNIT;2022/2023 GANJIL;SWASTA;SMP;1
8788;15;JAMBI;1502;150220;DATA SEKOLAH;UNIT;2022/2023 GANJIL;SWASTA;SMA;1
8789;15;JAMBI;1502;150220;DATA SEKOLAH;UNIT;2022/2023 GANJIL;SWASTA;SMK;1
8790;15;JAMBI;1502;150220;DATA SEKOLAH;UNIT;2022/2023 GANJIL;SWASTA;SLB;0
8791;15;JAMBI;1502;150217;DATA SEKOLAH;UNIT;2022/2023 GANJIL;SWASTA;TK;9
8792;15;JAMBI;1502;150217;DATA SEKOLAH;UNIT;2022/2023 GANJIL;SWASTA;KB;8
8793;15;JAMBI;1502;150217;DATA SEKOLAH;UNIT;2022/2023 GANJIL;SWASTA;TPA;0
8794;15;JAMBI;1502;150217;DATA SEKOLAH;UNIT;2022/2023 GANJIL;SWASTA;SPS;4
8795;15;JAMBI;1502;150217;DATA SEKOLAH;UNIT;2022/2023 GANJIL;SWASTA;PKBM;1
8796;15;JAMBI;1502;150217;DATA SEKOLAH;UNIT;2022/2023 GANJIL;SWASTA;SKB;0
8797;15;JAMBI;1502;150217;DATA SEKOLAH;UNIT;2022/2023 GANJIL;SWASTA;SD;0
8798;15;JAMBI;1502;150217;DATA SEKOLAH;UNIT;2022/2023 GANJIL;SWASTA;SMP;0
8799;15;JAMBI;1502;150217;DATA SEKOLAH;UNIT;2022/2023 GANJIL;SWASTA;SMA;0
8800;15;JAMBI;1502;150217;DATA SEKOLAH;UNIT;2022/2023 GANJIL;SWASTA;SMK;0
8801;15;JAMBI;1502;150217;DATA SEKOLAH;UNIT;2022/2023 GANJIL;SWASTA;SLB;0
8802;15;JAMBI;1571;157104;DATA SEKOLAH;UNIT;2022/2023 GANJIL;SWASTA;TK;6
8803;15;JAMBI;1571;157104;DATA SEKOLAH;UNIT;2022/2023 GANJIL;SWASTA;KB;3
8804;15;JAMBI;1571;157104;DATA SEKOLAH;UNIT;2022/2023 GANJIL;SWASTA;TPA;0
8805;15;JAMBI;1571;157104;DATA SEKOLAH;UNIT;2022/2023 GANJIL;SWASTA;SPS;1
8806;15;JAMBI;1571;157104;DATA SEKOLAH;UNIT;2022/2023 GANJIL;SWASTA;PKBM;0
8807;15;JAMBI;1571;157104;DATA SEKOLAH;UNIT;2022/2023 GANJIL;SWASTA;SKB;0
8808;15;JAMBI;1571;157104;DATA SEKOLAH;UNIT;2022/2023 GANJIL;SWASTA;SD;3
8809;15;JAMBI;1571;157104;DATA SEKOLAH;UNIT;2022/2023 GANJIL;SWASTA;SMP;1
8810;15;JAMBI;1571;157104;DATA SEKOLAH;UNIT;2022/2023 GANJIL;SWASTA;SMA;0
8811;15;JAMBI;1571;157104;DATA SEKOLAH;UNIT;2022/2023 GANJIL;SWASTA;SMK;1
8812;15;JAMBI;1571;157104;DATA SEKOLAH;UNIT;2022/2023 GANJIL;SWASTA;SLB;0
8813;15;JAMBI;1508;150803;DATA SEKOLAH;UNIT;2022/2023 GANJIL;SWASTA;TK;4
8814;15;JAMBI;1508;150803;DATA SEKOLAH;UNIT;2022/2023 GANJIL;SWASTA;KB;5
8815;15;JAMBI;1508;150803;DATA SEKOLAH;UNIT;2022/2023 GANJIL;SWASTA;TPA;0
8816;15;JAMBI;1508;150803;DATA SEKOLAH;UNIT;2022/2023 GANJIL;SWASTA;SPS;0
8817;15;JAMBI;1508;150803;DATA SEKOLAH;UNIT;2022/2023 GANJIL;SWASTA;PKBM;0
8818;15;JAMBI;1508;150803;DATA SEKOLAH;UNIT;2022/2023 GANJIL;SWASTA;SKB;0
8819;15;JAMBI;1508;150803;DATA SEKOLAH;UNIT;2022/2023 GANJIL;SWASTA;SD;0
8820;15;JAMBI;1508;150803;DATA SEKOLAH;UNIT;2022/2023 GANJIL;SWASTA;SMP;0
8821;15;JAMBI;1508;150803;DATA SEKOLAH;UNIT;2022/2023 GANJIL;SWASTA;SMA;0
8822;15;JAMBI;1508;150803;DATA SEKOLAH;UNIT;2022/2023 GANJIL;SWASTA;SMK;0
8823;15;JAMBI;1508;150803;DATA SEKOLAH;UNIT;2022/2023 GANJIL;SWASTA;SLB;0
8824;15;JAMBI;1503;150304;DATA SEKOLAH;UNIT;2022/2023 GANJIL;SWASTA;TK;16
8825;15;JAMBI;1503;150304;DATA SEKOLAH;UNIT;2022/2023 GANJIL;SWASTA;KB;28
8826;15;JAMBI;1503;150304;DATA SEKOLAH;UNIT;2022/2023 GANJIL;SWASTA;TPA;0
8827;15;JAMBI;1503;150304;DATA SEKOLAH;UNIT;2022/2023 GANJIL;SWASTA;SPS;1
8828;15;JAMBI;1503;150304;DATA SEKOLAH;UNIT;2022/2023 GANJIL;SWASTA;PKBM;1
8829;15;JAMBI;1503;150304;DATA SEKOLAH;UNIT;2022/2023 GANJIL;SWASTA;SKB;0
8830;15;JAMBI;1503;150304;DATA SEKOLAH;UNIT;2022/2023 GANJIL;SWASTA;SD;3
8831;15;JAMBI;1503;150304;DATA SEKOLAH;UNIT;2022/2023 GANJIL;SWASTA;SMP;2
8832;15;JAMBI;1503;150304;DATA SEKOLAH;UNIT;2022/2023 GANJIL;SWASTA;SMA;1
8833;15;JAMBI;1503;150304;DATA SEKOLAH;UNIT;2022/2023 GANJIL;SWASTA;SMK;2
8834;15;JAMBI;1503;150304;DATA SEKOLAH;UNIT;2022/2023 GANJIL;SWASTA;SLB;0
8835;15;JAMBI;1503;150305;DATA SEKOLAH;UNIT;2022/2023 GANJIL;SWASTA;TK;24
8836;15;JAMBI;1503;150305;DATA SEKOLAH;UNIT;2022/2023 GANJIL;SWASTA;KB;20
8837;15;JAMBI;1503;150305;DATA SEKOLAH;UNIT;2022/2023 GANJIL;SWASTA;TPA;0
8838;15;JAMBI;1503;150305;DATA SEKOLAH;UNIT;2022/2023 GANJIL;SWASTA;SPS;0
8839;15;JAMBI;1503;150305;DATA SEKOLAH;UNIT;2022/2023 GANJIL;SWASTA;PKBM;1
8840;15;JAMBI;1503;150305;DATA SEKOLAH;UNIT;2022/2023 GANJIL;SWASTA;SKB;0
8841;15;JAMBI;1503;150305;DATA SEKOLAH;UNIT;2022/2023 GANJIL;SWASTA;SD;2
8842;15;JAMBI;1503;150305;DATA SEKOLAH;UNIT;2022/2023 GANJIL;SWASTA;SMP;3
8843;15;JAMBI;1503;150305;DATA SEKOLAH;UNIT;2022/2023 GANJIL;SWASTA;SMA;0
8844;15;JAMBI;1503;150305;DATA SEKOLAH;UNIT;2022/2023 GANJIL;SWASTA;SMK;1
8845;15;JAMBI;1503;150305;DATA SEKOLAH;UNIT;2022/2023 GANJIL;SWASTA;SLB;0
8846;15;JAMBI;1571;157105;DATA SEKOLAH;UNIT;2022/2023 GANJIL;SWASTA;TK;3
8847;15;JAMBI;1571;157105;DATA SEKOLAH;UNIT;2022/2023 GANJIL;SWASTA;KB;8
8848;15;JAMBI;1571;157105;DATA SEKOLAH;UNIT;2022/2023 GANJIL;SWASTA;TPA;0
8849;15;JAMBI;1571;157105;DATA SEKOLAH;UNIT;2022/2023 GANJIL;SWASTA;SPS;1
8850;15;JAMBI;1571;157105;DATA SEKOLAH;UNIT;2022/2023 GANJIL;SWASTA;PKBM;0
8851;15;JAMBI;1571;157105;DATA SEKOLAH;UNIT;2022/2023 GANJIL;SWASTA;SKB;0
8852;15;JAMBI;1571;157105;DATA SEKOLAH;UNIT;2022/2023 GANJIL;SWASTA;SD;0
8853;15;JAMBI;1571;157105;DATA SEKOLAH;UNIT;2022/2023 GANJIL;SWASTA;SMP;0
8854;15;JAMBI;1571;157105;DATA SEKOLAH;UNIT;2022/2023 GANJIL;SWASTA;SMA;0
8855;15;JAMBI;1571;157105;DATA SEKOLAH;UNIT;2022/2023 GANJIL;SWASTA;SMK;0
8856;15;JAMBI;1571;157105;DATA SEKOLAH;UNIT;2022/2023 GANJIL;SWASTA;SLB;0
8857;15;JAMBI;1508;150806;DATA SEKOLAH;UNIT;2022/2023 GANJIL;SWASTA;TK;12
8858;15;JAMBI;1508;150806;DATA SEKOLAH;UNIT;2022/2023 GANJIL;SWASTA;KB;18
8859;15;JAMBI;1508;150806;DATA SEKOLAH;UNIT;2022/2023 GANJIL;SWASTA;TPA;0
8860;15;JAMBI;1508;150806;DATA SEKOLAH;UNIT;2022/2023 GANJIL;SWASTA;SPS;1
8861;15;JAMBI;1508;150806;DATA SEKOLAH;UNIT;2022/2023 GANJIL;SWASTA;PKBM;1
8862;15;JAMBI;1508;150806;DATA SEKOLAH;UNIT;2022/2023 GANJIL;SWASTA;SKB;0
8863;15;JAMBI;1508;150806;DATA SEKOLAH;UNIT;2022/2023 GANJIL;SWASTA;SD;2
8864;15;JAMBI;1508;150806;DATA SEKOLAH;UNIT;2022/2023 GANJIL;SWASTA;SMP;1
8865;15;JAMBI;1508;150806;DATA SEKOLAH;UNIT;2022/2023 GANJIL;SWASTA;SMA;0
8866;15;JAMBI;1508;150806;DATA SEKOLAH;UNIT;2022/2023 GANJIL;SWASTA;SMK;0
8867;15;JAMBI;1508;150806;DATA SEKOLAH;UNIT;2022/2023 GANJIL;SWASTA;SLB;0
8868;15;JAMBI;1508;150809;DATA SEKOLAH;UNIT;2022/2023 GANJIL;SWASTA;TK;20
8869;15;JAMBI;1508;150809;DATA SEKOLAH;UNIT;2022/2023 GANJIL;SWASTA;KB;23
8870;15;JAMBI;1508;150809;DATA SEKOLAH;UNIT;2022/2023 GANJIL;SWASTA;TPA;2
8871;15;JAMBI;1508;150809;DATA SEKOLAH;UNIT;2022/2023 GANJIL;SWASTA;SPS;1
8872;15;JAMBI;1508;150809;DATA SEKOLAH;UNIT;2022/2023 GANJIL;SWASTA;PKBM;3
8873;15;JAMBI;1508;150809;DATA SEKOLAH;UNIT;2022/2023 GANJIL;SWASTA;SKB;0
8874;15;JAMBI;1508;150809;DATA SEKOLAH;UNIT;2022/2023 GANJIL;SWASTA;SD;3
8875;15;JAMBI;1508;150809;DATA SEKOLAH;UNIT;2022/2023 GANJIL;SWASTA;SMP;2
8876;15;JAMBI;1508;150809;DATA SEKOLAH;UNIT;2022/2023 GANJIL;SWASTA;SMA;0
8877;15;JAMBI;1508;150809;DATA SEKOLAH;UNIT;2022/2023 GANJIL;SWASTA;SMK;1
8878;15;JAMBI;1508;150809;DATA SEKOLAH;UNIT;2022/2023 GANJIL;SWASTA;SLB;0
8879;15;JAMBI;1504;150405;DATA SEKOLAH;UNIT;2022/2023 GANJIL;SWASTA;TK;24
8880;15;JAMBI;1504;150405;DATA SEKOLAH;UNIT;2022/2023 GANJIL;SWASTA;KB;22
8881;15;JAMBI;1504;150405;DATA SEKOLAH;UNIT;2022/2023 GANJIL;SWASTA;TPA;0
8882;15;JAMBI;1504;150405;DATA SEKOLAH;UNIT;2022/2023 GANJIL;SWASTA;SPS;0
8883;15;JAMBI;1504;150405;DATA SEKOLAH;UNIT;2022/2023 GANJIL;SWASTA;PKBM;3
8884;15;JAMBI;1504;150405;DATA SEKOLAH;UNIT;2022/2023 GANJIL;SWASTA;SKB;0
8885;15;JAMBI;1504;150405;DATA SEKOLAH;UNIT;2022/2023 GANJIL;SWASTA;SD;0
8886;15;JAMBI;1504;150405;DATA SEKOLAH;UNIT;2022/2023 GANJIL;SWASTA;SMP;3
8887;15;JAMBI;1504;150405;DATA SEKOLAH;UNIT;2022/2023 GANJIL;SWASTA;SMA;1
8888;15;JAMBI;1504;150405;DATA SEKOLAH;UNIT;2022/2023 GANJIL;SWASTA;SMK;0
8889;15;JAMBI;1504;150405;DATA SEKOLAH;UNIT;2022/2023 GANJIL;SWASTA;SLB;0
8890;15;JAMBI;1506;150603;DATA SEKOLAH;UNIT;2022/2023 GANJIL;SWASTA;TK;1
8891;15;JAMBI;1506;150603;DATA SEKOLAH;UNIT;2022/2023 GANJIL;SWASTA;KB;20
8892;15;JAMBI;1506;150603;DATA SEKOLAH;UNIT;2022/2023 GANJIL;SWASTA;TPA;0
8893;15;JAMBI;1506;150603;DATA SEKOLAH;UNIT;2022/2023 GANJIL;SWASTA;SPS;4
8894;15;JAMBI;1506;150603;DATA SEKOLAH;UNIT;2022/2023 GANJIL;SWASTA;PKBM;2
8895;15;JAMBI;1506;150603;DATA SEKOLAH;UNIT;2022/2023 GANJIL;SWASTA;SKB;0
8896;15;JAMBI;1506;150603;DATA SEKOLAH;UNIT;2022/2023 GANJIL;SWASTA;SD;0
8897;15;JAMBI;1506;150603;DATA SEKOLAH;UNIT;2022/2023 GANJIL;SWASTA;SMP;0
8898;15;JAMBI;1506;150603;DATA SEKOLAH;UNIT;2022/2023 GANJIL;SWASTA;SMA;1
8899;15;JAMBI;1506;150603;DATA SEKOLAH;UNIT;2022/2023 GANJIL;SWASTA;SMK;0
8900;15;JAMBI;1506;150603;DATA SEKOLAH;UNIT;2022/2023 GANJIL;SWASTA;SLB;0
8901;15;JAMBI;1572;157202;DATA SEKOLAH;UNIT;2022/2023 GANJIL;SWASTA;TK;1
8902;15;JAMBI;1572;157202;DATA SEKOLAH;UNIT;2022/2023 GANJIL;SWASTA;KB;6
8903;15;JAMBI;1572;157202;DATA SEKOLAH;UNIT;2022/2023 GANJIL;SWASTA;TPA;1
8904;15;JAMBI;1572;157202;DATA SEKOLAH;UNIT;2022/2023 GANJIL;SWASTA;SPS;7
8905;15;JAMBI;1572;157202;DATA SEKOLAH;UNIT;2022/2023 GANJIL;SWASTA;PKBM;1
8906;15;JAMBI;1572;157202;DATA SEKOLAH;UNIT;2022/2023 GANJIL;SWASTA;SKB;0
8907;15;JAMBI;1572;157202;DATA SEKOLAH;UNIT;2022/2023 GANJIL;SWASTA;SD;0
8908;15;JAMBI;1572;157202;DATA SEKOLAH;UNIT;2022/2023 GANJIL;SWASTA;SMP;0
8909;15;JAMBI;1572;157202;DATA SEKOLAH;UNIT;2022/2023 GANJIL;SWASTA;SMA;0
8910;15;JAMBI;1572;157202;DATA SEKOLAH;UNIT;2022/2023 GANJIL;SWASTA;SMK;0
8911;15;JAMBI;1572;157202;DATA SEKOLAH;UNIT;2022/2023 GANJIL;SWASTA;SLB;0
8912;15;JAMBI;1572;157206;DATA SEKOLAH;UNIT;2022/2023 GANJIL;SWASTA;TK;9
8913;15;JAMBI;1572;157206;DATA SEKOLAH;UNIT;2022/2023 GANJIL;SWASTA;KB;8
8914;15;JAMBI;1572;157206;DATA SEKOLAH;UNIT;2022/2023 GANJIL;SWASTA;TPA;1
8915;15;JAMBI;1572;157206;DATA SEKOLAH;UNIT;2022/2023 GANJIL;SWASTA;SPS;1
8916;15;JAMBI;1572;157206;DATA SEKOLAH;UNIT;2022/2023 GANJIL;SWASTA;PKBM;2
8917;15;JAMBI;1572;157206;DATA SEKOLAH;UNIT;2022/2023 GANJIL;SWASTA;SKB;0
8918;15;JAMBI;1572;157206;DATA SEKOLAH;UNIT;2022/2023 GANJIL;SWASTA;SD;0
8919;15;JAMBI;1572;157206;DATA SEKOLAH;UNIT;2022/2023 GANJIL;SWASTA;SMP;0
8920;15;JAMBI;1572;157206;DATA SEKOLAH;UNIT;2022/2023 GANJIL;SWASTA;SMA;0
8921;15;JAMBI;1572;157206;DATA SEKOLAH;UNIT;2022/2023 GANJIL;SWASTA;SMK;0
8922;15;JAMBI;1572;157206;DATA SEKOLAH;UNIT;2022/2023 GANJIL;SWASTA;SLB;0
8923;15;JAMBI;1508;150802;DATA SEKOLAH;UNIT;2022/2023 GANJIL;SWASTA;TK;0
8924;15;JAMBI;1508;150802;DATA SEKOLAH;UNIT;2022/2023 GANJIL;SWASTA;KB;8
8925;15;JAMBI;1508;150802;DATA SEKOLAH;UNIT;2022/2023 GANJIL;SWASTA;TPA;0
8926;15;JAMBI;1508;150802;DATA SEKOLAH;UNIT;2022/2023 GANJIL;SWASTA;SPS;0
8927;15;JAMBI;1508;150802;DATA SEKOLAH;UNIT;2022/2023 GANJIL;SWASTA;PKBM;3
8928;15;JAMBI;1508;150802;DATA SEKOLAH;UNIT;2022/2023 GANJIL;SWASTA;SKB;0
8929;15;JAMBI;1508;150802;DATA SEKOLAH;UNIT;2022/2023 GANJIL;SWASTA;SD;0
8930;15;JAMBI;1508;150802;DATA SEKOLAH;UNIT;2022/2023 GANJIL;SWASTA;SMP;1
8931;15;JAMBI;1508;150802;DATA SEKOLAH;UNIT;2022/2023 GANJIL;SWASTA;SMA;1
8932;15;JAMBI;1508;150802;DATA SEKOLAH;UNIT;2022/2023 GANJIL;SWASTA;SMK;0
8933;15;JAMBI;1508;150802;DATA SEKOLAH;UNIT;2022/2023 GANJIL;SWASTA;SLB;0
8934;15;JAMBI;1507;150704;DATA SEKOLAH;UNIT;2022/2023 GANJIL;SWASTA;TK;9
8935;15;JAMBI;1507;150704;DATA SEKOLAH;UNIT;2022/2023 GANJIL;SWASTA;KB;33
8936;15;JAMBI;1507;150704;DATA SEKOLAH;UNIT;2022/2023 GANJIL;SWASTA;TPA;0
8937;15;JAMBI;1507;150704;DATA SEKOLAH;UNIT;2022/2023 GANJIL;SWASTA;SPS;0
8938;15;JAMBI;1507;150704;DATA SEKOLAH;UNIT;2022/2023 GANJIL;SWASTA;PKBM;2
8939;15;JAMBI;1507;150704;DATA SEKOLAH;UNIT;2022/2023 GANJIL;SWASTA;SKB;0
8940;15;JAMBI;1507;150704;DATA SEKOLAH;UNIT;2022/2023 GANJIL;SWASTA;SD;0
8941;15;JAMBI;1507;150704;DATA SEKOLAH;UNIT;2022/2023 GANJIL;SWASTA;SMP;1
8942;15;JAMBI;1507;150704;DATA SEKOLAH;UNIT;2022/2023 GANJIL;SWASTA;SMA;0
8943;15;JAMBI;1507;150704;DATA SEKOLAH;UNIT;2022/2023 GANJIL;SWASTA;SMK;1
8944;15;JAMBI;1507;150704;DATA SEKOLAH;UNIT;2022/2023 GANJIL;SWASTA;SLB;0
8945;15;JAMBI;1506;150608;DATA SEKOLAH;UNIT;2022/2023 GANJIL;SWASTA;TK;5
8946;15;JAMBI;1506;150608;DATA SEKOLAH;UNIT;2022/2023 GANJIL;SWASTA;KB;7
8947;15;JAMBI;1506;150608;DATA SEKOLAH;UNIT;2022/2023 GANJIL;SWASTA;TPA;0
8948;15;JAMBI;1506;150608;DATA SEKOLAH;UNIT;2022/2023 GANJIL;SWASTA;SPS;0
8949;15;JAMBI;1506;150608;DATA SEKOLAH;UNIT;2022/2023 GANJIL;SWASTA;PKBM;0
8950;15;JAMBI;1506;150608;DATA SEKOLAH;UNIT;2022/2023 GANJIL;SWASTA;SKB;0
8951;15;JAMBI;1506;150608;DATA SEKOLAH;UNIT;2022/2023 GANJIL;SWASTA;SD;0
8952;15;JAMBI;1506;150608;DATA SEKOLAH;UNIT;2022/2023 GANJIL;SWASTA;SMP;0
8953;15;JAMBI;1506;150608;DATA SEKOLAH;UNIT;2022/2023 GANJIL;SWASTA;SMA;0
8954;15;JAMBI;1506;150608;DATA SEKOLAH;UNIT;2022/2023 GANJIL;SWASTA;SMK;0
8955;15;JAMBI;1506;150608;DATA SEKOLAH;UNIT;2022/2023 GANJIL;SWASTA;SLB;0
8956;15;JAMBI;1502;150219;DATA SEKOLAH;UNIT;2022/2023 GANJIL;SWASTA;TK;6
8957;15;JAMBI;1502;150219;DATA SEKOLAH;UNIT;2022/2023 GANJIL;SWASTA;KB;6
8958;15;JAMBI;1502;150219;DATA SEKOLAH;UNIT;2022/2023 GANJIL;SWASTA;TPA;0
8959;15;JAMBI;1502;150219;DATA SEKOLAH;UNIT;2022/2023 GANJIL;SWASTA;SPS;0
8960;15;JAMBI;1502;150219;DATA SEKOLAH;UNIT;2022/2023 GANJIL;SWASTA;PKBM;0
8961;15;JAMBI;1502;150219;DATA SEKOLAH;UNIT;2022/2023 GANJIL;SWASTA;SKB;0
8962;15;JAMBI;1502;150219;DATA SEKOLAH;UNIT;2022/2023 GANJIL;SWASTA;SD;0
8963;15;JAMBI;1502;150219;DATA SEKOLAH;UNIT;2022/2023 GANJIL;SWASTA;SMP;0
8964;15;JAMBI;1502;150219;DATA SEKOLAH;UNIT;2022/2023 GANJIL;SWASTA;SMA;0
8965;15;JAMBI;1502;150219;DATA SEKOLAH;UNIT;2022/2023 GANJIL;SWASTA;SMK;0
8966;15;JAMBI;1502;150219;DATA SEKOLAH;UNIT;2022/2023 GANJIL;SWASTA;SLB;0
8967;15;JAMBI;1502;150216;DATA SEKOLAH;UNIT;2022/2023 GANJIL;SWASTA;TK;8
8968;15;JAMBI;1502;150216;DATA SEKOLAH;UNIT;2022/2023 GANJIL;SWASTA;KB;11
8969;15;JAMBI;1502;150216;DATA SEKOLAH;UNIT;2022/2023 GANJIL;SWASTA;TPA;1
8970;15;JAMBI;1502;150216;DATA SEKOLAH;UNIT;2022/2023 GANJIL;SWASTA;SPS;3
8971;15;JAMBI;1502;150216;DATA SEKOLAH;UNIT;2022/2023 GANJIL;SWASTA;PKBM;0
8972;15;JAMBI;1502;150216;DATA SEKOLAH;UNIT;2022/2023 GANJIL;SWASTA;SKB;0
8973;15;JAMBI;1502;150216;DATA SEKOLAH;UNIT;2022/2023 GANJIL;SWASTA;SD;0
8974;15;JAMBI;1502;150216;DATA SEKOLAH;UNIT;2022/2023 GANJIL;SWASTA;SMP;0
8975;15;JAMBI;1502;150216;DATA SEKOLAH;UNIT;2022/2023 GANJIL;SWASTA;SMA;0
8976;15;JAMBI;1502;150216;DATA SEKOLAH;UNIT;2022/2023 GANJIL;SWASTA;SMK;0
8977;15;JAMBI;1502;150216;DATA SEKOLAH;UNIT;2022/2023 GANJIL;SWASTA;SLB;0
8978;15;JAMBI;1509;150904;DATA SEKOLAH;UNIT;2022/2023 GANJIL;SWASTA;TK;20
8979;15;JAMBI;1509;150904;DATA SEKOLAH;UNIT;2022/2023 GANJIL;SWASTA;KB;18
8980;15;JAMBI;1509;150904;DATA SEKOLAH;UNIT;2022/2023 GANJIL;SWASTA;TPA;1
8981;15;JAMBI;1509;150904;DATA SEKOLAH;UNIT;2022/2023 GANJIL;SWASTA;SPS;7
8982;15;JAMBI;1509;150904;DATA SEKOLAH;UNIT;2022/2023 GANJIL;SWASTA;PKBM;1
8983;15;JAMBI;1509;150904;DATA SEKOLAH;UNIT;2022/2023 GANJIL;SWASTA;SKB;0
8984;15;JAMBI;1509;150904;DATA SEKOLAH;UNIT;2022/2023 GANJIL;SWASTA;SD;5
8985;15;JAMBI;1509;150904;DATA SEKOLAH;UNIT;2022/2023 GANJIL;SWASTA;SMP;7
8986;15;JAMBI;1509;150904;DATA SEKOLAH;UNIT;2022/2023 GANJIL;SWASTA;SMA;3
8987;15;JAMBI;1509;150904;DATA SEKOLAH;UNIT;2022/2023 GANJIL;SWASTA;SMK;6
8988;15;JAMBI;1509;150904;DATA SEKOLAH;UNIT;2022/2023 GANJIL;SWASTA;SLB;1
8989;15;JAMBI;1509;150908;DATA SEKOLAH;UNIT;2022/2023 GANJIL;SWASTA;TK;8
8990;15;JAMBI;1509;150908;DATA SEKOLAH;UNIT;2022/2023 GANJIL;SWASTA;KB;7
8991;15;JAMBI;1509;150908;DATA SEKOLAH;UNIT;2022/2023 GANJIL;SWASTA;TPA;0
8992;15;JAMBI;1509;150908;DATA SEKOLAH;UNIT;2022/2023 GANJIL;SWASTA;SPS;0
8993;15;JAMBI;1509;150908;DATA SEKOLAH;UNIT;2022/2023 GANJIL;SWASTA;PKBM;0
8994;15;JAMBI;1509;150908;DATA SEKOLAH;UNIT;2022/2023 GANJIL;SWASTA;SKB;0
8995;15;JAMBI;1509;150908;DATA SEKOLAH;UNIT;2022/2023 GANJIL;SWASTA;SD;0
8996;15;JAMBI;1509;150908;DATA SEKOLAH;UNIT;2022/2023 GANJIL;SWASTA;SMP;0
8997;15;JAMBI;1509;150908;DATA SEKOLAH;UNIT;2022/2023 GANJIL;SWASTA;SMA;0
8998;15;JAMBI;1509;150908;DATA SEKOLAH;UNIT;2022/2023 GANJIL;SWASTA;SMK;1
8999;15;JAMBI;1509;150908;DATA SEKOLAH;UNIT;2022/2023 GANJIL;SWASTA;SLB;0
9000;15;JAMBI;1508;150813;DATA SEKOLAH;UNIT;2022/2023 GANJIL;SWASTA;TK;6
9001;15;JAMBI;1508;150813;DATA SEKOLAH;UNIT;2022/2023 GANJIL;SWASTA;KB;17
9002;15;JAMBI;1508;150813;DATA SEKOLAH;UNIT;2022/2023 GANJIL;SWASTA;TPA;1
9003;15;JAMBI;1508;150813;DATA SEKOLAH;UNIT;2022/2023 GANJIL;SWASTA;SPS;0
9004;15;JAMBI;1508;150813;DATA SEKOLAH;UNIT;2022/2023 GANJIL;SWASTA;PKBM;1
9005;15;JAMBI;1508;150813;DATA SEKOLAH;UNIT;2022/2023 GANJIL;SWASTA;SKB;0
9006;15;JAMBI;1508;150813;DATA SEKOLAH;UNIT;2022/2023 GANJIL;SWASTA;SD;5
9007;15;JAMBI;1508;150813;DATA SEKOLAH;UNIT;2022/2023 GANJIL;SWASTA;SMP;3
9008;15;JAMBI;1508;150813;DATA SEKOLAH;UNIT;2022/2023 GANJIL;SWASTA;SMA;1
9009;15;JAMBI;1508;150813;DATA SEKOLAH;UNIT;2022/2023 GANJIL;SWASTA;SMK;3
9010;15;JAMBI;1508;150813;DATA SEKOLAH;UNIT;2022/2023 GANJIL;SWASTA;SLB;0
9011;15;JAMBI;1509;150907;DATA SEKOLAH;UNIT;2022/2023 GANJIL;SWASTA;TK;26
9012;15;JAMBI;1509;150907;DATA SEKOLAH;UNIT;2022/2023 GANJIL;SWASTA;KB;1
9013;15;JAMBI;1509;150907;DATA SEKOLAH;UNIT;2022/2023 GANJIL;SWASTA;TPA;1
9014;15;JAMBI;1509;150907;DATA SEKOLAH;UNIT;2022/2023 GANJIL;SWASTA;SPS;0
9015;15;JAMBI;1509;150907;DATA SEKOLAH;UNIT;2022/2023 GANJIL;SWASTA;PKBM;1
9016;15;JAMBI;1509;150907;DATA SEKOLAH;UNIT;2022/2023 GANJIL;SWASTA;SKB;0
9017;15;JAMBI;1509;150907;DATA SEKOLAH;UNIT;2022/2023 GANJIL;SWASTA;SD;3
9018;15;JAMBI;1509;150907;DATA SEKOLAH;UNIT;2022/2023 GANJIL;SWASTA;SMP;2
9019;15;JAMBI;1509;150907;DATA SEKOLAH;UNIT;2022/2023 GANJIL;SWASTA;SMA;0
9020;15;JAMBI;1509;150907;DATA SEKOLAH;UNIT;2022/2023 GANJIL;SWASTA;SMK;1
9021;15;JAMBI;1509;150907;DATA SEKOLAH;UNIT;2022/2023 GANJIL;SWASTA;SLB;0
9022;15;JAMBI;1507;150705;DATA SEKOLAH;UNIT;2022/2023 GANJIL;SWASTA;TK;1
9023;15;JAMBI;1507;150705;DATA SEKOLAH;UNIT;2022/2023 GANJIL;SWASTA;KB;17
9024;15;JAMBI;1507;150705;DATA SEKOLAH;UNIT;2022/2023 GANJIL;SWASTA;TPA;0
9025;15;JAMBI;1507;150705;DATA SEKOLAH;UNIT;2022/2023 GANJIL;SWASTA;SPS;0
9026;15;JAMBI;1507;150705;DATA SEKOLAH;UNIT;2022/2023 GANJIL;SWASTA;PKBM;1
9027;15;JAMBI;1507;150705;DATA SEKOLAH;UNIT;2022/2023 GANJIL;SWASTA;SKB;0
9028;15;JAMBI;1507;150705;DATA SEKOLAH;UNIT;2022/2023 GANJIL;SWASTA;SD;0
9029;15;JAMBI;1507;150705;DATA SEKOLAH;UNIT;2022/2023 GANJIL;SWASTA;SMP;0
9030;15;JAMBI;1507;150705;DATA SEKOLAH;UNIT;2022/2023 GANJIL;SWASTA;SMA;0
9031;15;JAMBI;1507;150705;DATA SEKOLAH;UNIT;2022/2023 GANJIL;SWASTA;SMK;0
9032;15;JAMBI;1507;150705;DATA SEKOLAH;UNIT;2022/2023 GANJIL;SWASTA;SLB;0
9033;15;JAMBI;1503;150303;DATA SEKOLAH;UNIT;2022/2023 GANJIL;SWASTA;TK;30
9034;15;JAMBI;1503;150303;DATA SEKOLAH;UNIT;2022/2023 GANJIL;SWASTA;KB;35
9035;15;JAMBI;1503;150303;DATA SEKOLAH;UNIT;2022/2023 GANJIL;SWASTA;TPA;3
9036;15;JAMBI;1503;150303;DATA SEKOLAH;UNIT;2022/2023 GANJIL;SWASTA;SPS;3
9037;15;JAMBI;1503;150303;DATA SEKOLAH;UNIT;2022/2023 GANJIL;SWASTA;PKBM;2
9038;15;JAMBI;1503;150303;DATA SEKOLAH;UNIT;2022/2023 GANJIL;SWASTA;SKB;0
9039;15;JAMBI;1503;150303;DATA SEKOLAH;UNIT;2022/2023 GANJIL;SWASTA;SD;6
9040;15;JAMBI;1503;150303;DATA SEKOLAH;UNIT;2022/2023 GANJIL;SWASTA;SMP;6
9041;15;JAMBI;1503;150303;DATA SEKOLAH;UNIT;2022/2023 GANJIL;SWASTA;SMA;1
9042;15;JAMBI;1503;150303;DATA SEKOLAH;UNIT;2022/2023 GANJIL;SWASTA;SMK;0
9043;15;JAMBI;1503;150303;DATA SEKOLAH;UNIT;2022/2023 GANJIL;SWASTA;SLB;0
9044;15;JAMBI;1506;150610;DATA SEKOLAH;UNIT;2022/2023 GANJIL;SWASTA;TK;0
9045;15;JAMBI;1506;150610;DATA SEKOLAH;UNIT;2022/2023 GANJIL;SWASTA;KB;11
9046;15;JAMBI;1506;150610;DATA SEKOLAH;UNIT;2022/2023 GANJIL;SWASTA;TPA;0
9047;15;JAMBI;1506;150610;DATA SEKOLAH;UNIT;2022/2023 GANJIL;SWASTA;SPS;1
9048;15;JAMBI;1506;150610;DATA SEKOLAH;UNIT;2022/2023 GANJIL;SWASTA;PKBM;1
9049;15;JAMBI;1506;150610;DATA SEKOLAH;UNIT;2022/2023 GANJIL;SWASTA;SKB;0
9050;15;JAMBI;1506;150610;DATA SEKOLAH;UNIT;2022/2023 GANJIL;SWASTA;SD;0
9051;15;JAMBI;1506;150610;DATA SEKOLAH;UNIT;2022/2023 GANJIL;SWASTA;SMP;0
9052;15;JAMBI;1506;150610;DATA SEKOLAH;UNIT;2022/2023 GANJIL;SWASTA;SMA;0
9053;15;JAMBI;1506;150610;DATA SEKOLAH;UNIT;2022/2023 GANJIL;SWASTA;SMK;0
9054;15;JAMBI;1506;150610;DATA SEKOLAH;UNIT;2022/2023 GANJIL;SWASTA;SLB;0
9055;15;JAMBI;1505;150502;DATA SEKOLAH;UNIT;2022/2023 GANJIL;SWASTA;TK;22
9056;15;JAMBI;1505;150502;DATA SEKOLAH;UNIT;2022/2023 GANJIL;SWASTA;KB;6
9057;15;JAMBI;1505;150502;DATA SEKOLAH;UNIT;2022/2023 GANJIL;SWASTA;TPA;0
9058;15;JAMBI;1505;150502;DATA SEKOLAH;UNIT;2022/2023 GANJIL;SWASTA;SPS;0
9059;15;JAMBI;1505;150502;DATA SEKOLAH;UNIT;2022/2023 GANJIL;SWASTA;PKBM;4
9060;15;JAMBI;1505;150502;DATA SEKOLAH;UNIT;2022/2023 GANJIL;SWASTA;SKB;0
9061;15;JAMBI;1505;150502;DATA SEKOLAH;UNIT;2022/2023 GANJIL;SWASTA;SD;2
9062;15;JAMBI;1505;150502;DATA SEKOLAH;UNIT;2022/2023 GANJIL;SWASTA;SMP;2
9063;15;JAMBI;1505;150502;DATA SEKOLAH;UNIT;2022/2023 GANJIL;SWASTA;SMA;1
9064;15;JAMBI;1505;150502;DATA SEKOLAH;UNIT;2022/2023 GANJIL;SWASTA;SMK;1
9065;15;JAMBI;1505;150502;DATA SEKOLAH;UNIT;2022/2023 GANJIL;SWASTA;SLB;0
9066;15;JAMBI;1506;150613;DATA SEKOLAH;UNIT;2022/2023 GANJIL;SWASTA;TK;1
9067;15;JAMBI;1506;150613;DATA SEKOLAH;UNIT;2022/2023 GANJIL;SWASTA;KB;24
9068;15;JAMBI;1506;150613;DATA SEKOLAH;UNIT;2022/2023 GANJIL;SWASTA;TPA;0
9069;15;JAMBI;1506;150613;DATA SEKOLAH;UNIT;2022/2023 GANJIL;SWASTA;SPS;0
9070;15;JAMBI;1506;150613;DATA SEKOLAH;UNIT;2022/2023 GANJIL;SWASTA;PKBM;0
9071;15;JAMBI;1506;150613;DATA SEKOLAH;UNIT;2022/2023 GANJIL;SWASTA;SKB;0
9072;15;JAMBI;1506;150613;DATA SEKOLAH;UNIT;2022/2023 GANJIL;SWASTA;SD;0
9073;15;JAMBI;1506;150613;DATA SEKOLAH;UNIT;2022/2023 GANJIL;SWASTA;SMP;0
9074;15;JAMBI;1506;150613;DATA SEKOLAH;UNIT;2022/2023 GANJIL;SWASTA;SMA;2
9075;15;JAMBI;1506;150613;DATA SEKOLAH;UNIT;2022/2023 GANJIL;SWASTA;SMK;0
9076;15;JAMBI;1506;150613;DATA SEKOLAH;UNIT;2022/2023 GANJIL;SWASTA;SLB;0
9077;15;JAMBI;1509;150910;DATA SEKOLAH;UNIT;2022/2023 GANJIL;SWASTA;TK;6
9078;15;JAMBI;1509;150910;DATA SEKOLAH;UNIT;2022/2023 GANJIL;SWASTA;KB;8
9079;15;JAMBI;1509;150910;DATA SEKOLAH;UNIT;2022/2023 GANJIL;SWASTA;TPA;0
9080;15;JAMBI;1509;150910;DATA SEKOLAH;UNIT;2022/2023 GANJIL;SWASTA;SPS;0
9081;15;JAMBI;1509;150910;DATA SEKOLAH;UNIT;2022/2023 GANJIL;SWASTA;PKBM;0
9082;15;JAMBI;1509;150910;DATA SEKOLAH;UNIT;2022/2023 GANJIL;SWASTA;SKB;0
9083;15;JAMBI;1509;150910;DATA SEKOLAH;UNIT;2022/2023 GANJIL;SWASTA;SD;0
9084;15;JAMBI;1509;150910;DATA SEKOLAH;UNIT;2022/2023 GANJIL;SWASTA;SMP;0
9085;15;JAMBI;1509;150910;DATA SEKOLAH;UNIT;2022/2023 GANJIL;SWASTA;SMA;0
9086;15;JAMBI;1509;150910;DATA SEKOLAH;UNIT;2022/2023 GANJIL;SWASTA;SMK;0
9087;15;JAMBI;1509;150910;DATA SEKOLAH;UNIT;2022/2023 GANJIL;SWASTA;SLB;0
9088;15;JAMBI;1503;150309;DATA SEKOLAH;UNIT;2022/2023 GANJIL;SWASTA;TK;30
9089;15;JAMBI;1503;150309;DATA SEKOLAH;UNIT;2022/2023 GANJIL;SWASTA;KB;30
9090;15;JAMBI;1503;150309;DATA SEKOLAH;UNIT;2022/2023 GANJIL;SWASTA;TPA;1
9091;15;JAMBI;1503;150309;DATA SEKOLAH;UNIT;2022/2023 GANJIL;SWASTA;SPS;3
9092;15;JAMBI;1503;150309;DATA SEKOLAH;UNIT;2022/2023 GANJIL;SWASTA;PKBM;1
9093;15;JAMBI;1503;150309;DATA SEKOLAH;UNIT;2022/2023 GANJIL;SWASTA;SKB;0
9094;15;JAMBI;1503;150309;DATA SEKOLAH;UNIT;2022/2023 GANJIL;SWASTA;SD;3
9095;15;JAMBI;1503;150309;DATA SEKOLAH;UNIT;2022/2023 GANJIL;SWASTA;SMP;8
9096;15;JAMBI;1503;150309;DATA SEKOLAH;UNIT;2022/2023 GANJIL;SWASTA;SMA;4
9097;15;JAMBI;1503;150309;DATA SEKOLAH;UNIT;2022/2023 GANJIL;SWASTA;SMK;3
9098;15;JAMBI;1503;150309;DATA SEKOLAH;UNIT;2022/2023 GANJIL;SWASTA;SLB;0
9099;15;JAMBI;1501;150104;DATA SEKOLAH;UNIT;2022/2023 GANJIL;SWASTA;TK;2
9100;15;JAMBI;1501;150104;DATA SEKOLAH;UNIT;2022/2023 GANJIL;SWASTA;KB;12
9101;15;JAMBI;1501;150104;DATA SEKOLAH;UNIT;2022/2023 GANJIL;SWASTA;TPA;0
9102;15;JAMBI;1501;150104;DATA SEKOLAH;UNIT;2022/2023 GANJIL;SWASTA;SPS;1
9103;15;JAMBI;1501;150104;DATA SEKOLAH;UNIT;2022/2023 GANJIL;SWASTA;PKBM;3
9104;15;JAMBI;1501;150104;DATA SEKOLAH;UNIT;2022/2023 GANJIL;SWASTA;SKB;0
9105;15;JAMBI;1501;150104;DATA SEKOLAH;UNIT;2022/2023 GANJIL;SWASTA;SD;0
9106;15;JAMBI;1501;150104;DATA SEKOLAH;UNIT;2022/2023 GANJIL;SWASTA;SMP;1
9107;15;JAMBI;1501;150104;DATA SEKOLAH;UNIT;2022/2023 GANJIL;SWASTA;SMA;0
9108;15;JAMBI;1501;150104;DATA SEKOLAH;UNIT;2022/2023 GANJIL;SWASTA;SMK;0
9109;15;JAMBI;1501;150104;DATA SEKOLAH;UNIT;2022/2023 GANJIL;SWASTA;SLB;0
9110;15;JAMBI;1501;150116;DATA SEKOLAH;UNIT;2022/2023 GANJIL;SWASTA;TK;8
9111;15;JAMBI;1501;150116;DATA SEKOLAH;UNIT;2022/2023 GANJIL;SWASTA;KB;29
9112;15;JAMBI;1501;150116;DATA SEKOLAH;UNIT;2022/2023 GANJIL;SWASTA;TPA;1
9113;15;JAMBI;1501;150116;DATA SEKOLAH;UNIT;2022/2023 GANJIL;SWASTA;SPS;6
9114;15;JAMBI;1501;150116;DATA SEKOLAH;UNIT;2022/2023 GANJIL;SWASTA;PKBM;6
9115;15;JAMBI;1501;150116;DATA SEKOLAH;UNIT;2022/2023 GANJIL;SWASTA;SKB;0
9116;15;JAMBI;1501;150116;DATA SEKOLAH;UNIT;2022/2023 GANJIL;SWASTA;SD;1
9117;15;JAMBI;1501;150116;DATA SEKOLAH;UNIT;2022/2023 GANJIL;SWASTA;SMP;0
9118;15;JAMBI;1501;150116;DATA SEKOLAH;UNIT;2022/2023 GANJIL;SWASTA;SMA;0
9119;15;JAMBI;1501;150116;DATA SEKOLAH;UNIT;2022/2023 GANJIL;SWASTA;SMK;0
9120;15;JAMBI;1501;150116;DATA SEKOLAH;UNIT;2022/2023 GANJIL;SWASTA;SLB;0
9121;15;JAMBI;1501;150118;DATA SEKOLAH;UNIT;2022/2023 GANJIL;SWASTA;TK;7
9122;15;JAMBI;1501;150118;DATA SEKOLAH;UNIT;2022/2023 GANJIL;SWASTA;KB;15
9123;15;JAMBI;1501;150118;DATA SEKOLAH;UNIT;2022/2023 GANJIL;SWASTA;TPA;1
9124;15;JAMBI;1501;150118;DATA SEKOLAH;UNIT;2022/2023 GANJIL;SWASTA;SPS;1
9125;15;JAMBI;1501;150118;DATA SEKOLAH;UNIT;2022/2023 GANJIL;SWASTA;PKBM;5
9126;15;JAMBI;1501;150118;DATA SEKOLAH;UNIT;2022/2023 GANJIL;SWASTA;SKB;0
9127;15;JAMBI;1501;150118;DATA SEKOLAH;UNIT;2022/2023 GANJIL;SWASTA;SD;0
9128;15;JAMBI;1501;150118;DATA SEKOLAH;UNIT;2022/2023 GANJIL;SWASTA;SMP;0
9129;15;JAMBI;1501;150118;DATA SEKOLAH;UNIT;2022/2023 GANJIL;SWASTA;SMA;0
9130;15;JAMBI;1501;150118;DATA SEKOLAH;UNIT;2022/2023 GANJIL;SWASTA;SMK;0
9131;15;JAMBI;1501;150118;DATA SEKOLAH;UNIT;2022/2023 GANJIL;SWASTA;SLB;0
9132;15;JAMBI;1509;150905;DATA SEKOLAH;UNIT;2022/2023 GANJIL;SWASTA;TK;5
9133;15;JAMBI;1509;150905;DATA SEKOLAH;UNIT;2022/2023 GANJIL;SWASTA;KB;13
9134;15;JAMBI;1509;150905;DATA SEKOLAH;UNIT;2022/2023 GANJIL;SWASTA;TPA;0
9135;15;JAMBI;1509;150905;DATA SEKOLAH;UNIT;2022/2023 GANJIL;SWASTA;SPS;1
9136;15;JAMBI;1509;150905;DATA SEKOLAH;UNIT;2022/2023 GANJIL;SWASTA;PKBM;1
9137;15;JAMBI;1509;150905;DATA SEKOLAH;UNIT;2022/2023 GANJIL;SWASTA;SKB;0
9138;15;JAMBI;1509;150905;DATA SEKOLAH;UNIT;2022/2023 GANJIL;SWASTA;SD;0
9139;15;JAMBI;1509;150905;DATA SEKOLAH;UNIT;2022/2023 GANJIL;SWASTA;SMP;0
9140;15;JAMBI;1509;150905;DATA SEKOLAH;UNIT;2022/2023 GANJIL;SWASTA;SMA;0
9141;15;JAMBI;1509;150905;DATA SEKOLAH;UNIT;2022/2023 GANJIL;SWASTA;SMK;0
9142;15;JAMBI;1509;150905;DATA SEKOLAH;UNIT;2022/2023 GANJIL;SWASTA;SLB;0
9143;15;JAMBI;1505;150507;DATA SEKOLAH;UNIT;2022/2023 GANJIL;SWASTA;TK;17
9144;15;JAMBI;1505;150507;DATA SEKOLAH;UNIT;2022/2023 GANJIL;SWASTA;KB;6
9145;15;JAMBI;1505;150507;DATA SEKOLAH;UNIT;2022/2023 GANJIL;SWASTA;TPA;0
9146;15;JAMBI;1505;150507;DATA SEKOLAH;UNIT;2022/2023 GANJIL;SWASTA;SPS;0
9147;15;JAMBI;1505;150507;DATA SEKOLAH;UNIT;2022/2023 GANJIL;SWASTA;PKBM;1
9148;15;JAMBI;1505;150507;DATA SEKOLAH;UNIT;2022/2023 GANJIL;SWASTA;SKB;0
9149;15;JAMBI;1505;150507;DATA SEKOLAH;UNIT;2022/2023 GANJIL;SWASTA;SD;2
9150;15;JAMBI;1505;150507;DATA SEKOLAH;UNIT;2022/2023 GANJIL;SWASTA;SMP;3
9151;15;JAMBI;1505;150507;DATA SEKOLAH;UNIT;2022/2023 GANJIL;SWASTA;SMA;1
9152;15;JAMBI;1505;150507;DATA SEKOLAH;UNIT;2022/2023 GANJIL;SWASTA;SMK;1
9153;15;JAMBI;1505;150507;DATA SEKOLAH;UNIT;2022/2023 GANJIL;SWASTA;SLB;0
9154;15;JAMBI;1572;157208;DATA SEKOLAH;UNIT;2022/2023 GANJIL;SWASTA;TK;4
9155;15;JAMBI;1572;157208;DATA SEKOLAH;UNIT;2022/2023 GANJIL;SWASTA;KB;3
9156;15;JAMBI;1572;157208;DATA SEKOLAH;UNIT;2022/2023 GANJIL;SWASTA;TPA;1
9157;15;JAMBI;1572;157208;DATA SEKOLAH;UNIT;2022/2023 GANJIL;SWASTA;SPS;3
9158;15;JAMBI;1572;157208;DATA SEKOLAH;UNIT;2022/2023 GANJIL;SWASTA;PKBM;1
9159;15;JAMBI;1572;157208;DATA SEKOLAH;UNIT;2022/2023 GANJIL;SWASTA;SKB;0
9160;15;JAMBI;1572;157208;DATA SEKOLAH;UNIT;2022/2023 GANJIL;SWASTA;SD;2
9161;15;JAMBI;1572;157208;DATA SEKOLAH;UNIT;2022/2023 GANJIL;SWASTA;SMP;1
9162;15;JAMBI;1572;157208;DATA SEKOLAH;UNIT;2022/2023 GANJIL;SWASTA;SMA;1
9163;15;JAMBI;1572;157208;DATA SEKOLAH;UNIT;2022/2023 GANJIL;SWASTA;SMK;0
9164;15;JAMBI;1572;157208;DATA SEKOLAH;UNIT;2022/2023 GANJIL;SWASTA;SLB;0
9165;15;JAMBI;1505;150508;DATA SEKOLAH;UNIT;2022/2023 GANJIL;SWASTA;TK;31
9166;15;JAMBI;1505;150508;DATA SEKOLAH;UNIT;2022/2023 GANJIL;SWASTA;KB;5
9167;15;JAMBI;1505;150508;DATA SEKOLAH;UNIT;2022/2023 GANJIL;SWASTA;TPA;0
9168;15;JAMBI;1505;150508;DATA SEKOLAH;UNIT;2022/2023 GANJIL;SWASTA;SPS;0
9169;15;JAMBI;1505;150508;DATA SEKOLAH;UNIT;2022/2023 GANJIL;SWASTA;PKBM;0
9170;15;JAMBI;1505;150508;DATA SEKOLAH;UNIT;2022/2023 GANJIL;SWASTA;SKB;0
9171;15;JAMBI;1505;150508;DATA SEKOLAH;UNIT;2022/2023 GANJIL;SWASTA;SD;3
9172;15;JAMBI;1505;150508;DATA SEKOLAH;UNIT;2022/2023 GANJIL;SWASTA;SMP;3
9173;15;JAMBI;1505;150508;DATA SEKOLAH;UNIT;2022/2023 GANJIL;SWASTA;SMA;2
9174;15;JAMBI;1505;150508;DATA SEKOLAH;UNIT;2022/2023 GANJIL;SWASTA;SMK;1
9175;15;JAMBI;1505;150508;DATA SEKOLAH;UNIT;2022/2023 GANJIL;SWASTA;SLB;0
9176;15;JAMBI;1502;150204;DATA SEKOLAH;UNIT;2022/2023 GANJIL;SWASTA;TK;9
9177;15;JAMBI;1502;150204;DATA SEKOLAH;UNIT;2022/2023 GANJIL;SWASTA;KB;16
9178;15;JAMBI;1502;150204;DATA SEKOLAH;UNIT;2022/2023 GANJIL;SWASTA;TPA;0
9179;15;JAMBI;1502;150204;DATA SEKOLAH;UNIT;2022/2023 GANJIL;SWASTA;SPS;9
9180;15;JAMBI;1502;150204;DATA SEKOLAH;UNIT;2022/2023 GANJIL;SWASTA;PKBM;2
9181;15;JAMBI;1502;150204;DATA SEKOLAH;UNIT;2022/2023 GANJIL;SWASTA;SKB;0
9182;15;JAMBI;1502;150204;DATA SEKOLAH;UNIT;2022/2023 GANJIL;SWASTA;SD;0
9183;15;JAMBI;1502;150204;DATA SEKOLAH;UNIT;2022/2023 GANJIL;SWASTA;SMP;0
9184;15;JAMBI;1502;150204;DATA SEKOLAH;UNIT;2022/2023 GANJIL;SWASTA;SMA;0
9185;15;JAMBI;1502;150204;DATA SEKOLAH;UNIT;2022/2023 GANJIL;SWASTA;SMK;0
9186;15;JAMBI;1502;150204;DATA SEKOLAH;UNIT;2022/2023 GANJIL;SWASTA;SLB;0
9187;15;JAMBI;1572;157201;DATA SEKOLAH;UNIT;2022/2023 GANJIL;SWASTA;TK;5
9188;15;JAMBI;1572;157201;DATA SEKOLAH;UNIT;2022/2023 GANJIL;SWASTA;KB;2
9189;15;JAMBI;1572;157201;DATA SEKOLAH;UNIT;2022/2023 GANJIL;SWASTA;TPA;0
9190;15;JAMBI;1572;157201;DATA SEKOLAH;UNIT;2022/2023 GANJIL;SWASTA;SPS;0
9191;15;JAMBI;1572;157201;DATA SEKOLAH;UNIT;2022/2023 GANJIL;SWASTA;PKBM;0
9192;15;JAMBI;1572;157201;DATA SEKOLAH;UNIT;2022/2023 GANJIL;SWASTA;SKB;0
9193;15;JAMBI;1572;157201;DATA SEKOLAH;UNIT;2022/2023 GANJIL;SWASTA;SD;3
9194;15;JAMBI;1572;157201;DATA SEKOLAH;UNIT;2022/2023 GANJIL;SWASTA;SMP;1
9195;15;JAMBI;1572;157201;DATA SEKOLAH;UNIT;2022/2023 GANJIL;SWASTA;SMA;0
9196;15;JAMBI;1572;157201;DATA SEKOLAH;UNIT;2022/2023 GANJIL;SWASTA;SMK;0
9197;15;JAMBI;1572;157201;DATA SEKOLAH;UNIT;2022/2023 GANJIL;SWASTA;SLB;0
9198;15;JAMBI;1502;150205;DATA SEKOLAH;UNIT;2022/2023 GANJIL;SWASTA;TK;7
9199;15;JAMBI;1502;150205;DATA SEKOLAH;UNIT;2022/2023 GANJIL;SWASTA;KB;2
9200;15;JAMBI;1502;150205;DATA SEKOLAH;UNIT;2022/2023 GANJIL;SWASTA;TPA;0
9201;15;JAMBI;1502;150205;DATA SEKOLAH;UNIT;2022/2023 GANJIL;SWASTA;SPS;0
9202;15;JAMBI;1502;150205;DATA SEKOLAH;UNIT;2022/2023 GANJIL;SWASTA;PKBM;0
9203;15;JAMBI;1502;150205;DATA SEKOLAH;UNIT;2022/2023 GANJIL;SWASTA;SKB;0
9204;15;JAMBI;1502;150205;DATA SEKOLAH;UNIT;2022/2023 GANJIL;SWASTA;SD;1
9205;15;JAMBI;1502;150205;DATA SEKOLAH;UNIT;2022/2023 GANJIL;SWASTA;SMP;0
9206;15;JAMBI;1502;150205;DATA SEKOLAH;UNIT;2022/2023 GANJIL;SWASTA;SMA;0
9207;15;JAMBI;1502;150205;DATA SEKOLAH;UNIT;2022/2023 GANJIL;SWASTA;SMK;0
9208;15;JAMBI;1502;150205;DATA SEKOLAH;UNIT;2022/2023 GANJIL;SWASTA;SLB;0
9209;15;JAMBI;1502;150223;DATA SEKOLAH;UNIT;2022/2023 GANJIL;SWASTA;TK;12
9210;15;JAMBI;1502;150223;DATA SEKOLAH;UNIT;2022/2023 GANJIL;SWASTA;KB;4
9211;15;JAMBI;1502;150223;DATA SEKOLAH;UNIT;2022/2023 GANJIL;SWASTA;TPA;0
9212;15;JAMBI;1502;150223;DATA SEKOLAH;UNIT;2022/2023 GANJIL;SWASTA;SPS;0
9213;15;JAMBI;1502;150223;DATA SEKOLAH;UNIT;2022/2023 GANJIL;SWASTA;PKBM;0
9214;15;JAMBI;1502;150223;DATA SEKOLAH;UNIT;2022/2023 GANJIL;SWASTA;SKB;0
9215;15;JAMBI;1502;150223;DATA SEKOLAH;UNIT;2022/2023 GANJIL;SWASTA;SD;0
9216;15;JAMBI;1502;150223;DATA SEKOLAH;UNIT;2022/2023 GANJIL;SWASTA;SMP;0
9217;15;JAMBI;1502;150223;DATA SEKOLAH;UNIT;2022/2023 GANJIL;SWASTA;SMA;1
9218;15;JAMBI;1502;150223;DATA SEKOLAH;UNIT;2022/2023 GANJIL;SWASTA;SMK;0
9219;15;JAMBI;1502;150223;DATA SEKOLAH;UNIT;2022/2023 GANJIL;SWASTA;SLB;0
9220;15;JAMBI;1502;150214;DATA SEKOLAH;UNIT;2022/2023 GANJIL;SWASTA;TK;5
9221;15;JAMBI;1502;150214;DATA SEKOLAH;UNIT;2022/2023 GANJIL;SWASTA;KB;8
9222;15;JAMBI;1502;150214;DATA SEKOLAH;UNIT;2022/2023 GANJIL;SWASTA;TPA;0
9223;15;JAMBI;1502;150214;DATA SEKOLAH;UNIT;2022/2023 GANJIL;SWASTA;SPS;4
9224;15;JAMBI;1502;150214;DATA SEKOLAH;UNIT;2022/2023 GANJIL;SWASTA;PKBM;1
9225;15;JAMBI;1502;150214;DATA SEKOLAH;UNIT;2022/2023 GANJIL;SWASTA;SKB;0
9226;15;JAMBI;1502;150214;DATA SEKOLAH;UNIT;2022/2023 GANJIL;SWASTA;SD;0
9227;15;JAMBI;1502;150214;DATA SEKOLAH;UNIT;2022/2023 GANJIL;SWASTA;SMP;0
9228;15;JAMBI;1502;150214;DATA SEKOLAH;UNIT;2022/2023 GANJIL;SWASTA;SMA;0
9229;15;JAMBI;1502;150214;DATA SEKOLAH;UNIT;2022/2023 GANJIL;SWASTA;SMK;0
9230;15;JAMBI;1502;150214;DATA SEKOLAH;UNIT;2022/2023 GANJIL;SWASTA;SLB;0
9231;15;JAMBI;1502;150222;DATA SEKOLAH;UNIT;2022/2023 GANJIL;SWASTA;TK;6
9232;15;JAMBI;1502;150222;DATA SEKOLAH;UNIT;2022/2023 GANJIL;SWASTA;KB;1
9233;15;JAMBI;1502;150222;DATA SEKOLAH;UNIT;2022/2023 GANJIL;SWASTA;TPA;0
9234;15;JAMBI;1502;150222;DATA SEKOLAH;UNIT;2022/2023 GANJIL;SWASTA;SPS;0
9235;15;JAMBI;1502;150222;DATA SEKOLAH;UNIT;2022/2023 GANJIL;SWASTA;PKBM;0
9236;15;JAMBI;1502;150222;DATA SEKOLAH;UNIT;2022/2023 GANJIL;SWASTA;SKB;0
9237;15;JAMBI;1502;150222;DATA SEKOLAH;UNIT;2022/2023 GANJIL;SWASTA;SD;1
9238;15;JAMBI;1502;150222;DATA SEKOLAH;UNIT;2022/2023 GANJIL;SWASTA;SMP;1
9239;15;JAMBI;1502;150222;DATA SEKOLAH;UNIT;2022/2023 GANJIL;SWASTA;SMA;1
9240;15;JAMBI;1502;150222;DATA SEKOLAH;UNIT;2022/2023 GANJIL;SWASTA;SMK;0
9241;15;JAMBI;1502;150222;DATA SEKOLAH;UNIT;2022/2023 GANJIL;SWASTA;SLB;0
9242;15;JAMBI;1502;150208;DATA SEKOLAH;UNIT;2022/2023 GANJIL;SWASTA;TK;21
9243;15;JAMBI;1502;150208;DATA SEKOLAH;UNIT;2022/2023 GANJIL;SWASTA;KB;8
9244;15;JAMBI;1502;150208;DATA SEKOLAH;UNIT;2022/2023 GANJIL;SWASTA;TPA;0
9245;15;JAMBI;1502;150208;DATA SEKOLAH;UNIT;2022/2023 GANJIL;SWASTA;SPS;1
9246;15;JAMBI;1502;150208;DATA SEKOLAH;UNIT;2022/2023 GANJIL;SWASTA;PKBM;1
9247;15;JAMBI;1502;150208;DATA SEKOLAH;UNIT;2022/2023 GANJIL;SWASTA;SKB;0
9248;15;JAMBI;1502;150208;DATA SEKOLAH;UNIT;2022/2023 GANJIL;SWASTA;SD;2
9249;15;JAMBI;1502;150208;DATA SEKOLAH;UNIT;2022/2023 GANJIL;SWASTA;SMP;0
9250;15;JAMBI;1502;150208;DATA SEKOLAH;UNIT;2022/2023 GANJIL;SWASTA;SMA;0
9251;15;JAMBI;1502;150208;DATA SEKOLAH;UNIT;2022/2023 GANJIL;SWASTA;SMK;0
9252;15;JAMBI;1502;150208;DATA SEKOLAH;UNIT;2022/2023 GANJIL;SWASTA;SLB;0
9253;15;JAMBI;1502;150215;DATA SEKOLAH;UNIT;2022/2023 GANJIL;SWASTA;TK;2
9254;15;JAMBI;1502;150215;DATA SEKOLAH;UNIT;2022/2023 GANJIL;SWASTA;KB;5
9255;15;JAMBI;1502;150215;DATA SEKOLAH;UNIT;2022/2023 GANJIL;SWASTA;TPA;0
9256;15;JAMBI;1502;150215;DATA SEKOLAH;UNIT;2022/2023 GANJIL;SWASTA;SPS;0
9257;15;JAMBI;1502;150215;DATA SEKOLAH;UNIT;2022/2023 GANJIL;SWASTA;PKBM;0
9258;15;JAMBI;1502;150215;DATA SEKOLAH;UNIT;2022/2023 GANJIL;SWASTA;SKB;0
9259;15;JAMBI;1502;150215;DATA SEKOLAH;UNIT;2022/2023 GANJIL;SWASTA;SD;0
9260;15;JAMBI;1502;150215;DATA SEKOLAH;UNIT;2022/2023 GANJIL;SWASTA;SMP;0
9261;15;JAMBI;1502;150215;DATA SEKOLAH;UNIT;2022/2023 GANJIL;SWASTA;SMA;0
9262;15;JAMBI;1502;150215;DATA SEKOLAH;UNIT;2022/2023 GANJIL;SWASTA;SMK;0
9263;15;JAMBI;1502;150215;DATA SEKOLAH;UNIT;2022/2023 GANJIL;SWASTA;SLB;0
9264;15;JAMBI;1502;150207;DATA SEKOLAH;UNIT;2022/2023 GANJIL;SWASTA;TK;4
9265;15;JAMBI;1502;150207;DATA SEKOLAH;UNIT;2022/2023 GANJIL;SWASTA;KB;2
9266;15;JAMBI;1502;150207;DATA SEKOLAH;UNIT;2022/2023 GANJIL;SWASTA;TPA;0
9267;15;JAMBI;1502;150207;DATA SEKOLAH;UNIT;2022/2023 GANJIL;SWASTA;SPS;0
9268;15;JAMBI;1502;150207;DATA SEKOLAH;UNIT;2022/2023 GANJIL;SWASTA;PKBM;0
9269;15;JAMBI;1502;150207;DATA SEKOLAH;UNIT;2022/2023 GANJIL;SWASTA;SKB;0
9270;15;JAMBI;1502;150207;DATA SEKOLAH;UNIT;2022/2023 GANJIL;SWASTA;SD;0
9271;15;JAMBI;1502;150207;DATA SEKOLAH;UNIT;2022/2023 GANJIL;SWASTA;SMP;0
9272;15;JAMBI;1502;150207;DATA SEKOLAH;UNIT;2022/2023 GANJIL;SWASTA;SMA;0
9273;15;JAMBI;1502;150207;DATA SEKOLAH;UNIT;2022/2023 GANJIL;SWASTA;SMK;0
9274;15;JAMBI;1502;150207;DATA SEKOLAH;UNIT;2022/2023 GANJIL;SWASTA;SLB;0
9275;15;JAMBI;1505;150511;DATA SEKOLAH;UNIT;2022/2023 GANJIL;SWASTA;TK;6
9276;15;JAMBI;1505;150511;DATA SEKOLAH;UNIT;2022/2023 GANJIL;SWASTA;KB;6
9277;15;JAMBI;1505;150511;DATA SEKOLAH;UNIT;2022/2023 GANJIL;SWASTA;TPA;0
9278;15;JAMBI;1505;150511;DATA SEKOLAH;UNIT;2022/2023 GANJIL;SWASTA;SPS;0
9279;15;JAMBI;1505;150511;DATA SEKOLAH;UNIT;2022/2023 GANJIL;SWASTA;PKBM;0
9280;15;JAMBI;1505;150511;DATA SEKOLAH;UNIT;2022/2023 GANJIL;SWASTA;SKB;0
9281;15;JAMBI;1505;150511;DATA SEKOLAH;UNIT;2022/2023 GANJIL;SWASTA;SD;0
9282;15;JAMBI;1505;150511;DATA SEKOLAH;UNIT;2022/2023 GANJIL;SWASTA;SMP;0
9283;15;JAMBI;1505;150511;DATA SEKOLAH;UNIT;2022/2023 GANJIL;SWASTA;SMA;0
9284;15;JAMBI;1505;150511;DATA SEKOLAH;UNIT;2022/2023 GANJIL;SWASTA;SMK;0
9285;15;JAMBI;1505;150511;DATA SEKOLAH;UNIT;2022/2023 GANJIL;SWASTA;SLB;0
9286;15;JAMBI;1501;150122;DATA SEKOLAH;UNIT;2022/2023 GANJIL;SWASTA;TK;0
9287;15;JAMBI;1501;150122;DATA SEKOLAH;UNIT;2022/2023 GANJIL;SWASTA;KB;10
9288;15;JAMBI;1501;150122;DATA SEKOLAH;UNIT;2022/2023 GANJIL;SWASTA;TPA;0
9289;15;JAMBI;1501;150122;DATA SEKOLAH;UNIT;2022/2023 GANJIL;SWASTA;SPS;0
9290;15;JAMBI;1501;150122;DATA SEKOLAH;UNIT;2022/2023 GANJIL;SWASTA;PKBM;0
9291;15;JAMBI;1501;150122;DATA SEKOLAH;UNIT;2022/2023 GANJIL;SWASTA;SKB;0
9292;15;JAMBI;1501;150122;DATA SEKOLAH;UNIT;2022/2023 GANJIL;SWASTA;SD;0
9293;15;JAMBI;1501;150122;DATA SEKOLAH;UNIT;2022/2023 GANJIL;SWASTA;SMP;0
9294;15;JAMBI;1501;150122;DATA SEKOLAH;UNIT;2022/2023 GANJIL;SWASTA;SMA;0
9295;15;JAMBI;1501;150122;DATA SEKOLAH;UNIT;2022/2023 GANJIL;SWASTA;SMK;0
9296;15;JAMBI;1501;150122;DATA SEKOLAH;UNIT;2022/2023 GANJIL;SWASTA;SLB;0
9297;15;JAMBI;1572;157204;DATA SEKOLAH;UNIT;2022/2023 GANJIL;SWASTA;TK;1
9298;15;JAMBI;1572;157204;DATA SEKOLAH;UNIT;2022/2023 GANJIL;SWASTA;KB;13
9299;15;JAMBI;1572;157204;DATA SEKOLAH;UNIT;2022/2023 GANJIL;SWASTA;TPA;0
9300;15;JAMBI;1572;157204;DATA SEKOLAH;UNIT;2022/2023 GANJIL;SWASTA;SPS;0
9301;15;JAMBI;1572;157204;DATA SEKOLAH;UNIT;2022/2023 GANJIL;SWASTA;PKBM;1
9302;15;JAMBI;1572;157204;DATA SEKOLAH;UNIT;2022/2023 GANJIL;SWASTA;SKB;0
9303;15;JAMBI;1572;157204;DATA SEKOLAH;UNIT;2022/2023 GANJIL;SWASTA;SD;0
9304;15;JAMBI;1572;157204;DATA SEKOLAH;UNIT;2022/2023 GANJIL;SWASTA;SMP;0
9305;15;JAMBI;1572;157204;DATA SEKOLAH;UNIT;2022/2023 GANJIL;SWASTA;SMA;0
9306;15;JAMBI;1572;157204;DATA SEKOLAH;UNIT;2022/2023 GANJIL;SWASTA;SMK;0
9307;15;JAMBI;1572;157204;DATA SEKOLAH;UNIT;2022/2023 GANJIL;SWASTA;SLB;0
9308;15;JAMBI;1508;150805;DATA SEKOLAH;UNIT;2022/2023 GANJIL;SWASTA;TK;4
9309;15;JAMBI;1508;150805;DATA SEKOLAH;UNIT;2022/2023 GANJIL;SWASTA;KB;10
9310;15;JAMBI;1508;150805;DATA SEKOLAH;UNIT;2022/2023 GANJIL;SWASTA;TPA;0
9311;15;JAMBI;1508;150805;DATA SEKOLAH;UNIT;2022/2023 GANJIL;SWASTA;SPS;0
9312;15;JAMBI;1508;150805;DATA SEKOLAH;UNIT;2022/2023 GANJIL;SWASTA;PKBM;1
9313;15;JAMBI;1508;150805;DATA SEKOLAH;UNIT;2022/2023 GANJIL;SWASTA;SKB;0
9314;15;JAMBI;1508;150805;DATA SEKOLAH;UNIT;2022/2023 GANJIL;SWASTA;SD;0
9315;15;JAMBI;1508;150805;DATA SEKOLAH;UNIT;2022/2023 GANJIL;SWASTA;SMP;0
9316;15;JAMBI;1508;150805;DATA SEKOLAH;UNIT;2022/2023 GANJIL;SWASTA;SMA;0
9317;15;JAMBI;1508;150805;DATA SEKOLAH;UNIT;2022/2023 GANJIL;SWASTA;SMK;0
9318;15;JAMBI;1508;150805;DATA SEKOLAH;UNIT;2022/2023 GANJIL;SWASTA;SLB;0
9319;15;JAMBI;1508;150817;DATA SEKOLAH;UNIT;2022/2023 GANJIL;SWASTA;TK;2
9320;15;JAMBI;1508;150817;DATA SEKOLAH;UNIT;2022/2023 GANJIL;SWASTA;KB;16
9321;15;JAMBI;1508;150817;DATA SEKOLAH;UNIT;2022/2023 GANJIL;SWASTA;TPA;0
9322;15;JAMBI;1508;150817;DATA SEKOLAH;UNIT;2022/2023 GANJIL;SWASTA;SPS;1
9323;15;JAMBI;1508;150817;DATA SEKOLAH;UNIT;2022/2023 GANJIL;SWASTA;PKBM;3
9324;15;JAMBI;1508;150817;DATA SEKOLAH;UNIT;2022/2023 GANJIL;SWASTA;SKB;0
9325;15;JAMBI;1508;150817;DATA SEKOLAH;UNIT;2022/2023 GANJIL;SWASTA;SD;0
9326;15;JAMBI;1508;150817;DATA SEKOLAH;UNIT;2022/2023 GANJIL;SWASTA;SMP;0
9327;15;JAMBI;1508;150817;DATA SEKOLAH;UNIT;2022/2023 GANJIL;SWASTA;SMA;0
9328;15;JAMBI;1508;150817;DATA SEKOLAH;UNIT;2022/2023 GANJIL;SWASTA;SMK;1
9329;15;JAMBI;1508;150817;DATA SEKOLAH;UNIT;2022/2023 GANJIL;SWASTA;SLB;0
9330;15;JAMBI;1508;150801;DATA SEKOLAH;UNIT;2022/2023 GANJIL;SWASTA;TK;3
9331;15;JAMBI;1508;150801;DATA SEKOLAH;UNIT;2022/2023 GANJIL;SWASTA;KB;13
9332;15;JAMBI;1508;150801;DATA SEKOLAH;UNIT;2022/2023 GANJIL;SWASTA;TPA;0
9333;15;JAMBI;1508;150801;DATA SEKOLAH;UNIT;2022/2023 GANJIL;SWASTA;SPS;0
9334;15;JAMBI;1508;150801;DATA SEKOLAH;UNIT;2022/2023 GANJIL;SWASTA;PKBM;1
9335;15;JAMBI;1508;150801;DATA SEKOLAH;UNIT;2022/2023 GANJIL;SWASTA;SKB;0
9336;15;JAMBI;1508;150801;DATA SEKOLAH;UNIT;2022/2023 GANJIL;SWASTA;SD;0
9337;15;JAMBI;1508;150801;DATA SEKOLAH;UNIT;2022/2023 GANJIL;SWASTA;SMP;0
9338;15;JAMBI;1508;150801;DATA SEKOLAH;UNIT;2022/2023 GANJIL;SWASTA;SMA;0
9339;15;JAMBI;1508;150801;DATA SEKOLAH;UNIT;2022/2023 GANJIL;SWASTA;SMK;0
9340;15;JAMBI;1508;150801;DATA SEKOLAH;UNIT;2022/2023 GANJIL;SWASTA;SLB;0
9341;15;JAMBI;1506;150606;DATA SEKOLAH;UNIT;2022/2023 GANJIL;SWASTA;TK;14
9342;15;JAMBI;1506;150606;DATA SEKOLAH;UNIT;2022/2023 GANJIL;SWASTA;KB;9
9343;15;JAMBI;1506;150606;DATA SEKOLAH;UNIT;2022/2023 GANJIL;SWASTA;TPA;1
9344;15;JAMBI;1506;150606;DATA SEKOLAH;UNIT;2022/2023 GANJIL;SWASTA;SPS;0
9345;15;JAMBI;1506;150606;DATA SEKOLAH;UNIT;2022/2023 GANJIL;SWASTA;PKBM;0
9346;15;JAMBI;1506;150606;DATA SEKOLAH;UNIT;2022/2023 GANJIL;SWASTA;SKB;0
9347;15;JAMBI;1506;150606;DATA SEKOLAH;UNIT;2022/2023 GANJIL;SWASTA;SD;5
9348;15;JAMBI;1506;150606;DATA SEKOLAH;UNIT;2022/2023 GANJIL;SWASTA;SMP;2
9349;15;JAMBI;1506;150606;DATA SEKOLAH;UNIT;2022/2023 GANJIL;SWASTA;SMA;1
9350;15;JAMBI;1506;150606;DATA SEKOLAH;UNIT;2022/2023 GANJIL;SWASTA;SMK;0
9351;15;JAMBI;1506;150606;DATA SEKOLAH;UNIT;2022/2023 GANJIL;SWASTA;SLB;0
9352;15;JAMBI;1509;150902;DATA SEKOLAH;UNIT;2022/2023 GANJIL;SWASTA;TK;9
9353;15;JAMBI;1509;150902;DATA SEKOLAH;UNIT;2022/2023 GANJIL;SWASTA;KB;8
9354;15;JAMBI;1509;150902;DATA SEKOLAH;UNIT;2022/2023 GANJIL;SWASTA;TPA;0
9355;15;JAMBI;1509;150902;DATA SEKOLAH;UNIT;2022/2023 GANJIL;SWASTA;SPS;2
9356;15;JAMBI;1509;150902;DATA SEKOLAH;UNIT;2022/2023 GANJIL;SWASTA;PKBM;0
9357;15;JAMBI;1509;150902;DATA SEKOLAH;UNIT;2022/2023 GANJIL;SWASTA;SKB;0
9358;15;JAMBI;1509;150902;DATA SEKOLAH;UNIT;2022/2023 GANJIL;SWASTA;SD;0
9359;15;JAMBI;1509;150902;DATA SEKOLAH;UNIT;2022/2023 GANJIL;SWASTA;SMP;0
9360;15;JAMBI;1509;150902;DATA SEKOLAH;UNIT;2022/2023 GANJIL;SWASTA;SMA;0
9361;15;JAMBI;1509;150902;DATA SEKOLAH;UNIT;2022/2023 GANJIL;SWASTA;SMK;2
9362;15;JAMBI;1509;150902;DATA SEKOLAH;UNIT;2022/2023 GANJIL;SWASTA;SLB;0
9363;15;JAMBI;1509;150901;DATA SEKOLAH;UNIT;2022/2023 GANJIL;SWASTA;TK;16
9364;15;JAMBI;1509;150901;DATA SEKOLAH;UNIT;2022/2023 GANJIL;SWASTA;KB;15
9365;15;JAMBI;1509;150901;DATA SEKOLAH;UNIT;2022/2023 GANJIL;SWASTA;TPA;4
9366;15;JAMBI;1509;150901;DATA SEKOLAH;UNIT;2022/2023 GANJIL;SWASTA;SPS;0
9367;15;JAMBI;1509;150901;DATA SEKOLAH;UNIT;2022/2023 GANJIL;SWASTA;PKBM;1
9368;15;JAMBI;1509;150901;DATA SEKOLAH;UNIT;2022/2023 GANJIL;SWASTA;SKB;0
9369;15;JAMBI;1509;150901;DATA SEKOLAH;UNIT;2022/2023 GANJIL;SWASTA;SD;3
9370;15;JAMBI;1509;150901;DATA SEKOLAH;UNIT;2022/2023 GANJIL;SWASTA;SMP;2
9371;15;JAMBI;1509;150901;DATA SEKOLAH;UNIT;2022/2023 GANJIL;SWASTA;SMA;0
9372;15;JAMBI;1509;150901;DATA SEKOLAH;UNIT;2022/2023 GANJIL;SWASTA;SMK;1
9373;15;JAMBI;1509;150901;DATA SEKOLAH;UNIT;2022/2023 GANJIL;SWASTA;SLB;0
9374;15;JAMBI;1509;150903;DATA SEKOLAH;UNIT;2022/2023 GANJIL;SWASTA;TK;9
9375;15;JAMBI;1509;150903;DATA SEKOLAH;UNIT;2022/2023 GANJIL;SWASTA;KB;14
9376;15;JAMBI;1509;150903;DATA SEKOLAH;UNIT;2022/2023 GANJIL;SWASTA;TPA;0
9377;15;JAMBI;1509;150903;DATA SEKOLAH;UNIT;2022/2023 GANJIL;SWASTA;SPS;0
9378;15;JAMBI;1509;150903;DATA SEKOLAH;UNIT;2022/2023 GANJIL;SWASTA;PKBM;1
9379;15;JAMBI;1509;150903;DATA SEKOLAH;UNIT;2022/2023 GANJIL;SWASTA;SKB;0
9380;15;JAMBI;1509;150903;DATA SEKOLAH;UNIT;2022/2023 GANJIL;SWASTA;SD;0
9381;15;JAMBI;1509;150903;DATA SEKOLAH;UNIT;2022/2023 GANJIL;SWASTA;SMP;0
9382;15;JAMBI;1509;150903;DATA SEKOLAH;UNIT;2022/2023 GANJIL;SWASTA;SMA;0
9383;15;JAMBI;1509;150903;DATA SEKOLAH;UNIT;2022/2023 GANJIL;SWASTA;SMK;0
9384;15;JAMBI;1509;150903;DATA SEKOLAH;UNIT;2022/2023 GANJIL;SWASTA;SLB;0
9385;15;JAMBI;1571;157101;DATA SEKOLAH;UNIT;2022/2023 GANJIL;SWASTA;TK;21
9386;15;JAMBI;1571;157101;DATA SEKOLAH;UNIT;2022/2023 GANJIL;SWASTA;KB;10
9387;15;JAMBI;1571;157101;DATA SEKOLAH;UNIT;2022/2023 GANJIL;SWASTA;TPA;9
9388;15;JAMBI;1571;157101;DATA SEKOLAH;UNIT;2022/2023 GANJIL;SWASTA;SPS;1
9389;15;JAMBI;1571;157101;DATA SEKOLAH;UNIT;2022/2023 GANJIL;SWASTA;PKBM;3
9390;15;JAMBI;1571;157101;DATA SEKOLAH;UNIT;2022/2023 GANJIL;SWASTA;SKB;0
9391;15;JAMBI;1571;157101;DATA SEKOLAH;UNIT;2022/2023 GANJIL;SWASTA;SD;5
9392;15;JAMBI;1571;157101;DATA SEKOLAH;UNIT;2022/2023 GANJIL;SWASTA;SMP;9
9393;15;JAMBI;1571;157101;DATA SEKOLAH;UNIT;2022/2023 GANJIL;SWASTA;SMA;4
9394;15;JAMBI;1571;157101;DATA SEKOLAH;UNIT;2022/2023 GANJIL;SWASTA;SMK;0
9395;15;JAMBI;1571;157101;DATA SEKOLAH;UNIT;2022/2023 GANJIL;SWASTA;SLB;1
9396;15;JAMBI;1509;150909;DATA SEKOLAH;UNIT;2022/2023 GANJIL;SWASTA;TK;10
9397;15;JAMBI;1509;150909;DATA SEKOLAH;UNIT;2022/2023 GANJIL;SWASTA;KB;14
9398;15;JAMBI;1509;150909;DATA SEKOLAH;UNIT;2022/2023 GANJIL;SWASTA;TPA;0
9399;15;JAMBI;1509;150909;DATA SEKOLAH;UNIT;2022/2023 GANJIL;SWASTA;SPS;1
9400;15;JAMBI;1509;150909;DATA SEKOLAH;UNIT;2022/2023 GANJIL;SWASTA;PKBM;1
9401;15;JAMBI;1509;150909;DATA SEKOLAH;UNIT;2022/2023 GANJIL;SWASTA;SKB;0
9402;15;JAMBI;1509;150909;DATA SEKOLAH;UNIT;2022/2023 GANJIL;SWASTA;SD;1
9403;15;JAMBI;1509;150909;DATA SEKOLAH;UNIT;2022/2023 GANJIL;SWASTA;SMP;0
9404;15;JAMBI;1509;150909;DATA SEKOLAH;UNIT;2022/2023 GANJIL;SWASTA;SMA;0
9405;15;JAMBI;1509;150909;DATA SEKOLAH;UNIT;2022/2023 GANJIL;SWASTA;SMK;0
9406;15;JAMBI;1509;150909;DATA SEKOLAH;UNIT;2022/2023 GANJIL;SWASTA;SLB;0
9407;15;JAMBI;1502;150224;DATA SEKOLAH;UNIT;2022/2023 GANJIL;SWASTA;TK;0
9408;15;JAMBI;1502;150224;DATA SEKOLAH;UNIT;2022/2023 GANJIL;SWASTA;KB;6
9409;15;JAMBI;1502;150224;DATA SEKOLAH;UNIT;2022/2023 GANJIL;SWASTA;TPA;0
9410;15;JAMBI;1502;150224;DATA SEKOLAH;UNIT;2022/2023 GANJIL;SWASTA;SPS;0
9411;15;JAMBI;1502;150224;DATA SEKOLAH;UNIT;2022/2023 GANJIL;SWASTA;PKBM;0
9412;15;JAMBI;1502;150224;DATA SEKOLAH;UNIT;2022/2023 GANJIL;SWASTA;SKB;0
9413;15;JAMBI;1502;150224;DATA SEKOLAH;UNIT;2022/2023 GANJIL;SWASTA;SD;0
9414;15;JAMBI;1502;150224;DATA SEKOLAH;UNIT;2022/2023 GANJIL;SWASTA;SMP;0
9415;15;JAMBI;1502;150224;DATA SEKOLAH;UNIT;2022/2023 GANJIL;SWASTA;SMA;0
9416;15;JAMBI;1502;150224;DATA SEKOLAH;UNIT;2022/2023 GANJIL;SWASTA;SMK;0
9417;15;JAMBI;1502;150224;DATA SEKOLAH;UNIT;2022/2023 GANJIL;SWASTA;SLB;0
9418;15;JAMBI;1506;150602;DATA SEKOLAH;UNIT;2022/2023 GANJIL;SWASTA;TK;13
9419;15;JAMBI;1506;150602;DATA SEKOLAH;UNIT;2022/2023 GANJIL;SWASTA;KB;25
9420;15;JAMBI;1506;150602;DATA SEKOLAH;UNIT;2022/2023 GANJIL;SWASTA;TPA;5
9421;15;JAMBI;1506;150602;DATA SEKOLAH;UNIT;2022/2023 GANJIL;SWASTA;SPS;10
9422;15;JAMBI;1506;150602;DATA SEKOLAH;UNIT;2022/2023 GANJIL;SWASTA;PKBM;4
9423;15;JAMBI;1506;150602;DATA SEKOLAH;UNIT;2022/2023 GANJIL;SWASTA;SKB;0
9424;15;JAMBI;1506;150602;DATA SEKOLAH;UNIT;2022/2023 GANJIL;SWASTA;SD;6
9425;15;JAMBI;1506;150602;DATA SEKOLAH;UNIT;2022/2023 GANJIL;SWASTA;SMP;2
9426;15;JAMBI;1506;150602;DATA SEKOLAH;UNIT;2022/2023 GANJIL;SWASTA;SMA;1
9427;15;JAMBI;1506;150602;DATA SEKOLAH;UNIT;2022/2023 GANJIL;SWASTA;SMK;1
9428;15;JAMBI;1506;150602;DATA SEKOLAH;UNIT;2022/2023 GANJIL;SWASTA;SLB;0
9429;15;JAMBI;1506;150601;DATA SEKOLAH;UNIT;2022/2023 GANJIL;SWASTA;TK;7
9430;15;JAMBI;1506;150601;DATA SEKOLAH;UNIT;2022/2023 GANJIL;SWASTA;KB;12
9431;15;JAMBI;1506;150601;DATA SEKOLAH;UNIT;2022/2023 GANJIL;SWASTA;TPA;0
9432;15;JAMBI;1506;150601;DATA SEKOLAH;UNIT;2022/2023 GANJIL;SWASTA;SPS;0
9433;15;JAMBI;1506;150601;DATA SEKOLAH;UNIT;2022/2023 GANJIL;SWASTA;PKBM;2
9434;15;JAMBI;1506;150601;DATA SEKOLAH;UNIT;2022/2023 GANJIL;SWASTA;SKB;0
9435;15;JAMBI;1506;150601;DATA SEKOLAH;UNIT;2022/2023 GANJIL;SWASTA;SD;1
9436;15;JAMBI;1506;150601;DATA SEKOLAH;UNIT;2022/2023 GANJIL;SWASTA;SMP;0
9437;15;JAMBI;1506;150601;DATA SEKOLAH;UNIT;2022/2023 GANJIL;SWASTA;SMA;0
9438;15;JAMBI;1506;150601;DATA SEKOLAH;UNIT;2022/2023 GANJIL;SWASTA;SMK;0
9439;15;JAMBI;1506;150601;DATA SEKOLAH;UNIT;2022/2023 GANJIL;SWASTA;SLB;0
9440;15;JAMBI;1509;150906;DATA SEKOLAH;UNIT;2022/2023 GANJIL;SWASTA;TK;4
9441;15;JAMBI;1509;150906;DATA SEKOLAH;UNIT;2022/2023 GANJIL;SWASTA;KB;10
9442;15;JAMBI;1509;150906;DATA SEKOLAH;UNIT;2022/2023 GANJIL;SWASTA;TPA;0
9443;15;JAMBI;1509;150906;DATA SEKOLAH;UNIT;2022/2023 GANJIL;SWASTA;SPS;0
9444;15;JAMBI;1509;150906;DATA SEKOLAH;UNIT;2022/2023 GANJIL;SWASTA;PKBM;0
9445;15;JAMBI;1509;150906;DATA SEKOLAH;UNIT;2022/2023 GANJIL;SWASTA;SKB;0
9446;15;JAMBI;1509;150906;DATA SEKOLAH;UNIT;2022/2023 GANJIL;SWASTA;SD;1
9447;15;JAMBI;1509;150906;DATA SEKOLAH;UNIT;2022/2023 GANJIL;SWASTA;SMP;0
9448;15;JAMBI;1509;150906;DATA SEKOLAH;UNIT;2022/2023 GANJIL;SWASTA;SMA;0
9449;15;JAMBI;1509;150906;DATA SEKOLAH;UNIT;2022/2023 GANJIL;SWASTA;SMK;0
9450;15;JAMBI;1509;150906;DATA SEKOLAH;UNIT;2022/2023 GANJIL;SWASTA;SLB;0
9451;15;JAMBI;1509;150911;DATA SEKOLAH;UNIT;2022/2023 GANJIL;SWASTA;TK;16
9452;15;JAMBI;1509;150911;DATA SEKOLAH;UNIT;2022/2023 GANJIL;SWASTA;KB;6
9453;15;JAMBI;1509;150911;DATA SEKOLAH;UNIT;2022/2023 GANJIL;SWASTA;TPA;0
9454;15;JAMBI;1509;150911;DATA SEKOLAH;UNIT;2022/2023 GANJIL;SWASTA;SPS;0
9455;15;JAMBI;1509;150911;DATA SEKOLAH;UNIT;2022/2023 GANJIL;SWASTA;PKBM;0
9456;15;JAMBI;1509;150911;DATA SEKOLAH;UNIT;2022/2023 GANJIL;SWASTA;SKB;0
9457;15;JAMBI;1509;150911;DATA SEKOLAH;UNIT;2022/2023 GANJIL;SWASTA;SD;1
9458;15;JAMBI;1509;150911;DATA SEKOLAH;UNIT;2022/2023 GANJIL;SWASTA;SMP;0
9459;15;JAMBI;1509;150911;DATA SEKOLAH;UNIT;2022/2023 GANJIL;SWASTA;SMA;0
9460;15;JAMBI;1509;150911;DATA SEKOLAH;UNIT;2022/2023 GANJIL;SWASTA;SMK;1
9461;15;JAMBI;1509;150911;DATA SEKOLAH;UNIT;2022/2023 GANJIL;SWASTA;SLB;0
