id;kode_provinsi;nama_provinsi;kode_kabupaten_kota;kode_kecamatan;data_pokok;satuan;tahun_ajaran;status;bidang_pendidikan;jumlah
1;15;JAMBI;1504;150407;PESERTA DIDIK;JIWA;2023/2024 GENAP;L;TK;394
2;15;JAMBI;1504;150407;PESERTA DIDIK;JIWA;2023/2024 GENAP;L;KB;304
3;15;JAMBI;1504;150407;PESERTA DIDIK;JIWA;2023/2024 GENAP;L;TPA;0
4;15;JAMBI;1504;150407;PESERTA DIDIK;JIWA;2023/2024 GENAP;L;SPS;18
5;15;JAMBI;1504;150407;PESERTA DIDIK;JIWA;2023/2024 GENAP;L;PKBM;143
6;15;JAMBI;1504;150407;PESERTA DIDIK;JIWA;2023/2024 GENAP;L;SKB;0
7;15;JAMBI;1504;150407;PESERTA DIDIK;JIWA;2023/2024 GENAP;L;SD;2.345
8;15;JAMBI;1504;150407;PESERTA DIDIK;JIWA;2023/2024 GENAP;L;SMP;578
9;15;JAMBI;1504;150407;PESERTA DIDIK;JIWA;2023/2024 GENAP;L;SMA;272
10;15;JAMBI;1504;150407;PESERTA DIDIK;JIWA;2023/2024 GENAP;L;SMK;49
11;15;JAMBI;1504;150407;PESERTA DIDIK;JIWA;2023/2024 GENAP;L;SLB;0
12;15;JAMBI;1504;150407;PESERTA DIDIK;JIWA;2023/2024 GENAP;P;TK;335
13;15;JAMBI;1504;150407;PESERTA DIDIK;JIWA;2023/2024 GENAP;P;KB;308
14;15;JAMBI;1504;150407;PESERTA DIDIK;JIWA;2023/2024 GENAP;P;TPA;0
15;15;JAMBI;1504;150407;PESERTA DIDIK;JIWA;2023/2024 GENAP;P;SPS;17
16;15;JAMBI;1504;150407;PESERTA DIDIK;JIWA;2023/2024 GENAP;P;PKBM;93
17;15;JAMBI;1504;150407;PESERTA DIDIK;JIWA;2023/2024 GENAP;P;SKB;0
18;15;JAMBI;1504;150407;PESERTA DIDIK;JIWA;2023/2024 GENAP;P;SD;2.189
19;15;JAMBI;1504;150407;PESERTA DIDIK;JIWA;2023/2024 GENAP;P;SMP;563
20;15;JAMBI;1504;150407;PESERTA DIDIK;JIWA;2023/2024 GENAP;P;SMA;226
21;15;JAMBI;1504;150407;PESERTA DIDIK;JIWA;2023/2024 GENAP;P;SMK;29
22;15;JAMBI;1504;150407;PESERTA DIDIK;JIWA;2023/2024 GENAP;P;SLB;0
23;15;JAMBI;1504;150404;PESERTA DIDIK;JIWA;2023/2024 GENAP;L;TK;319
24;15;JAMBI;1504;150404;PESERTA DIDIK;JIWA;2023/2024 GENAP;L;KB;239
25;15;JAMBI;1504;150404;PESERTA DIDIK;JIWA;2023/2024 GENAP;L;TPA;0
26;15;JAMBI;1504;150404;PESERTA DIDIK;JIWA;2023/2024 GENAP;L;SPS;0
27;15;JAMBI;1504;150404;PESERTA DIDIK;JIWA;2023/2024 GENAP;L;PKBM;220
28;15;JAMBI;1504;150404;PESERTA DIDIK;JIWA;2023/2024 GENAP;L;SKB;0
29;15;JAMBI;1504;150404;PESERTA DIDIK;JIWA;2023/2024 GENAP;L;SD;1.834
30;15;JAMBI;1504;150404;PESERTA DIDIK;JIWA;2023/2024 GENAP;L;SMP;452
31;15;JAMBI;1504;150404;PESERTA DIDIK;JIWA;2023/2024 GENAP;L;SMA;372
32;15;JAMBI;1504;150404;PESERTA DIDIK;JIWA;2023/2024 GENAP;L;SMK;148
33;15;JAMBI;1504;150404;PESERTA DIDIK;JIWA;2023/2024 GENAP;L;SLB;0
34;15;JAMBI;1504;150404;PESERTA DIDIK;JIWA;2023/2024 GENAP;P;TK;316
35;15;JAMBI;1504;150404;PESERTA DIDIK;JIWA;2023/2024 GENAP;P;KB;249
36;15;JAMBI;1504;150404;PESERTA DIDIK;JIWA;2023/2024 GENAP;P;TPA;0
37;15;JAMBI;1504;150404;PESERTA DIDIK;JIWA;2023/2024 GENAP;P;SPS;0
38;15;JAMBI;1504;150404;PESERTA DIDIK;JIWA;2023/2024 GENAP;P;PKBM;186
39;15;JAMBI;1504;150404;PESERTA DIDIK;JIWA;2023/2024 GENAP;P;SKB;0
40;15;JAMBI;1504;150404;PESERTA DIDIK;JIWA;2023/2024 GENAP;P;SD;1.732
41;15;JAMBI;1504;150404;PESERTA DIDIK;JIWA;2023/2024 GENAP;P;SMP;526
42;15;JAMBI;1504;150404;PESERTA DIDIK;JIWA;2023/2024 GENAP;P;SMA;379
43;15;JAMBI;1504;150404;PESERTA DIDIK;JIWA;2023/2024 GENAP;P;SMK;93
44;15;JAMBI;1504;150404;PESERTA DIDIK;JIWA;2023/2024 GENAP;P;SLB;0
45;15;JAMBI;1504;150408;PESERTA DIDIK;JIWA;2023/2024 GENAP;L;TK;178
46;15;JAMBI;1504;150408;PESERTA DIDIK;JIWA;2023/2024 GENAP;L;KB;135
47;15;JAMBI;1504;150408;PESERTA DIDIK;JIWA;2023/2024 GENAP;L;TPA;6
48;15;JAMBI;1504;150408;PESERTA DIDIK;JIWA;2023/2024 GENAP;L;SPS;0
49;15;JAMBI;1504;150408;PESERTA DIDIK;JIWA;2023/2024 GENAP;L;PKBM;0
50;15;JAMBI;1504;150408;PESERTA DIDIK;JIWA;2023/2024 GENAP;L;SKB;0
51;15;JAMBI;1504;150408;PESERTA DIDIK;JIWA;2023/2024 GENAP;L;SD;868
52;15;JAMBI;1504;150408;PESERTA DIDIK;JIWA;2023/2024 GENAP;L;SMP;236
53;15;JAMBI;1504;150408;PESERTA DIDIK;JIWA;2023/2024 GENAP;L;SMA;111
54;15;JAMBI;1504;150408;PESERTA DIDIK;JIWA;2023/2024 GENAP;L;SMK;68
55;15;JAMBI;1504;150408;PESERTA DIDIK;JIWA;2023/2024 GENAP;L;SLB;0
56;15;JAMBI;1504;150408;PESERTA DIDIK;JIWA;2023/2024 GENAP;P;TK;164
57;15;JAMBI;1504;150408;PESERTA DIDIK;JIWA;2023/2024 GENAP;P;KB;119
58;15;JAMBI;1504;150408;PESERTA DIDIK;JIWA;2023/2024 GENAP;P;TPA;5
59;15;JAMBI;1504;150408;PESERTA DIDIK;JIWA;2023/2024 GENAP;P;SPS;0
60;15;JAMBI;1504;150408;PESERTA DIDIK;JIWA;2023/2024 GENAP;P;PKBM;0
61;15;JAMBI;1504;150408;PESERTA DIDIK;JIWA;2023/2024 GENAP;P;SKB;0
62;15;JAMBI;1504;150408;PESERTA DIDIK;JIWA;2023/2024 GENAP;P;SD;778
63;15;JAMBI;1504;150408;PESERTA DIDIK;JIWA;2023/2024 GENAP;P;SMP;211
64;15;JAMBI;1504;150408;PESERTA DIDIK;JIWA;2023/2024 GENAP;P;SMA;74
65;15;JAMBI;1504;150408;PESERTA DIDIK;JIWA;2023/2024 GENAP;P;SMK;31
66;15;JAMBI;1504;150408;PESERTA DIDIK;JIWA;2023/2024 GENAP;P;SLB;0
67;15;JAMBI;1504;150406;PESERTA DIDIK;JIWA;2023/2024 GENAP;L;TK;467
68;15;JAMBI;1504;150406;PESERTA DIDIK;JIWA;2023/2024 GENAP;L;KB;265
69;15;JAMBI;1504;150406;PESERTA DIDIK;JIWA;2023/2024 GENAP;L;TPA;0
70;15;JAMBI;1504;150406;PESERTA DIDIK;JIWA;2023/2024 GENAP;L;SPS;16
71;15;JAMBI;1504;150406;PESERTA DIDIK;JIWA;2023/2024 GENAP;L;PKBM;175
72;15;JAMBI;1504;150406;PESERTA DIDIK;JIWA;2023/2024 GENAP;L;SKB;0
73;15;JAMBI;1504;150406;PESERTA DIDIK;JIWA;2023/2024 GENAP;L;SD;2.102
74;15;JAMBI;1504;150406;PESERTA DIDIK;JIWA;2023/2024 GENAP;L;SMP;509
75;15;JAMBI;1504;150406;PESERTA DIDIK;JIWA;2023/2024 GENAP;L;SMA;380
76;15;JAMBI;1504;150406;PESERTA DIDIK;JIWA;2023/2024 GENAP;L;SMK;197
77;15;JAMBI;1504;150406;PESERTA DIDIK;JIWA;2023/2024 GENAP;L;SLB;0
78;15;JAMBI;1504;150406;PESERTA DIDIK;JIWA;2023/2024 GENAP;P;TK;398
79;15;JAMBI;1504;150406;PESERTA DIDIK;JIWA;2023/2024 GENAP;P;KB;234
80;15;JAMBI;1504;150406;PESERTA DIDIK;JIWA;2023/2024 GENAP;P;TPA;0
81;15;JAMBI;1504;150406;PESERTA DIDIK;JIWA;2023/2024 GENAP;P;SPS;10
82;15;JAMBI;1504;150406;PESERTA DIDIK;JIWA;2023/2024 GENAP;P;PKBM;81
83;15;JAMBI;1504;150406;PESERTA DIDIK;JIWA;2023/2024 GENAP;P;SKB;0
84;15;JAMBI;1504;150406;PESERTA DIDIK;JIWA;2023/2024 GENAP;P;SD;1.917
85;15;JAMBI;1504;150406;PESERTA DIDIK;JIWA;2023/2024 GENAP;P;SMP;442
86;15;JAMBI;1504;150406;PESERTA DIDIK;JIWA;2023/2024 GENAP;P;SMA;408
87;15;JAMBI;1504;150406;PESERTA DIDIK;JIWA;2023/2024 GENAP;P;SMK;226
88;15;JAMBI;1504;150406;PESERTA DIDIK;JIWA;2023/2024 GENAP;P;SLB;0
89;15;JAMBI;1504;150401;PESERTA DIDIK;JIWA;2023/2024 GENAP;L;TK;382
90;15;JAMBI;1504;150401;PESERTA DIDIK;JIWA;2023/2024 GENAP;L;KB;314
91;15;JAMBI;1504;150401;PESERTA DIDIK;JIWA;2023/2024 GENAP;L;TPA;0
92;15;JAMBI;1504;150401;PESERTA DIDIK;JIWA;2023/2024 GENAP;L;SPS;0
93;15;JAMBI;1504;150401;PESERTA DIDIK;JIWA;2023/2024 GENAP;L;PKBM;118
94;15;JAMBI;1504;150401;PESERTA DIDIK;JIWA;2023/2024 GENAP;L;SKB;0
95;15;JAMBI;1504;150401;PESERTA DIDIK;JIWA;2023/2024 GENAP;L;SD;1.709
96;15;JAMBI;1504;150401;PESERTA DIDIK;JIWA;2023/2024 GENAP;L;SMP;336
97;15;JAMBI;1504;150401;PESERTA DIDIK;JIWA;2023/2024 GENAP;L;SMA;215
98;15;JAMBI;1504;150401;PESERTA DIDIK;JIWA;2023/2024 GENAP;L;SMK;101
99;15;JAMBI;1504;150401;PESERTA DIDIK;JIWA;2023/2024 GENAP;L;SLB;0
100;15;JAMBI;1504;150401;PESERTA DIDIK;JIWA;2023/2024 GENAP;P;TK;346
101;15;JAMBI;1504;150401;PESERTA DIDIK;JIWA;2023/2024 GENAP;P;KB;330
102;15;JAMBI;1504;150401;PESERTA DIDIK;JIWA;2023/2024 GENAP;P;TPA;0
103;15;JAMBI;1504;150401;PESERTA DIDIK;JIWA;2023/2024 GENAP;P;SPS;0
104;15;JAMBI;1504;150401;PESERTA DIDIK;JIWA;2023/2024 GENAP;P;PKBM;131
105;15;JAMBI;1504;150401;PESERTA DIDIK;JIWA;2023/2024 GENAP;P;SKB;0
106;15;JAMBI;1504;150401;PESERTA DIDIK;JIWA;2023/2024 GENAP;P;SD;1.570
107;15;JAMBI;1504;150401;PESERTA DIDIK;JIWA;2023/2024 GENAP;P;SMP;343
108;15;JAMBI;1504;150401;PESERTA DIDIK;JIWA;2023/2024 GENAP;P;SMA;205
109;15;JAMBI;1504;150401;PESERTA DIDIK;JIWA;2023/2024 GENAP;P;SMK;42
110;15;JAMBI;1504;150401;PESERTA DIDIK;JIWA;2023/2024 GENAP;P;SLB;0
111;15;JAMBI;1504;150403;PESERTA DIDIK;JIWA;2023/2024 GENAP;L;TK;723
112;15;JAMBI;1504;150403;PESERTA DIDIK;JIWA;2023/2024 GENAP;L;KB;249
113;15;JAMBI;1504;150403;PESERTA DIDIK;JIWA;2023/2024 GENAP;L;TPA;28
114;15;JAMBI;1504;150403;PESERTA DIDIK;JIWA;2023/2024 GENAP;L;SPS;37
115;15;JAMBI;1504;150403;PESERTA DIDIK;JIWA;2023/2024 GENAP;L;PKBM;844
116;15;JAMBI;1504;150403;PESERTA DIDIK;JIWA;2023/2024 GENAP;L;SKB;62
117;15;JAMBI;1504;150403;PESERTA DIDIK;JIWA;2023/2024 GENAP;L;SD;3.275
118;15;JAMBI;1504;150403;PESERTA DIDIK;JIWA;2023/2024 GENAP;L;SMP;1.641
119;15;JAMBI;1504;150403;PESERTA DIDIK;JIWA;2023/2024 GENAP;L;SMA;1.276
120;15;JAMBI;1504;150403;PESERTA DIDIK;JIWA;2023/2024 GENAP;L;SMK;823
121;15;JAMBI;1504;150403;PESERTA DIDIK;JIWA;2023/2024 GENAP;L;SLB;113
122;15;JAMBI;1504;150403;PESERTA DIDIK;JIWA;2023/2024 GENAP;P;TK;655
123;15;JAMBI;1504;150403;PESERTA DIDIK;JIWA;2023/2024 GENAP;P;KB;233
124;15;JAMBI;1504;150403;PESERTA DIDIK;JIWA;2023/2024 GENAP;P;TPA;26
125;15;JAMBI;1504;150403;PESERTA DIDIK;JIWA;2023/2024 GENAP;P;SPS;37
126;15;JAMBI;1504;150403;PESERTA DIDIK;JIWA;2023/2024 GENAP;P;PKBM;538
127;15;JAMBI;1504;150403;PESERTA DIDIK;JIWA;2023/2024 GENAP;P;SKB;21
128;15;JAMBI;1504;150403;PESERTA DIDIK;JIWA;2023/2024 GENAP;P;SD;3.076
129;15;JAMBI;1504;150403;PESERTA DIDIK;JIWA;2023/2024 GENAP;P;SMP;1.495
130;15;JAMBI;1504;150403;PESERTA DIDIK;JIWA;2023/2024 GENAP;P;SMA;1.441
131;15;JAMBI;1504;150403;PESERTA DIDIK;JIWA;2023/2024 GENAP;P;SMK;782
132;15;JAMBI;1504;150403;PESERTA DIDIK;JIWA;2023/2024 GENAP;P;SLB;59
133;15;JAMBI;1504;150402;PESERTA DIDIK;JIWA;2023/2024 GENAP;L;TK;356
134;15;JAMBI;1504;150402;PESERTA DIDIK;JIWA;2023/2024 GENAP;L;KB;321
135;15;JAMBI;1504;150402;PESERTA DIDIK;JIWA;2023/2024 GENAP;L;TPA;21
136;15;JAMBI;1504;150402;PESERTA DIDIK;JIWA;2023/2024 GENAP;L;SPS;154
137;15;JAMBI;1504;150402;PESERTA DIDIK;JIWA;2023/2024 GENAP;L;PKBM;408
138;15;JAMBI;1504;150402;PESERTA DIDIK;JIWA;2023/2024 GENAP;L;SKB;0
139;15;JAMBI;1504;150402;PESERTA DIDIK;JIWA;2023/2024 GENAP;L;SD;1.977
140;15;JAMBI;1504;150402;PESERTA DIDIK;JIWA;2023/2024 GENAP;L;SMP;593
141;15;JAMBI;1504;150402;PESERTA DIDIK;JIWA;2023/2024 GENAP;L;SMA;309
142;15;JAMBI;1504;150402;PESERTA DIDIK;JIWA;2023/2024 GENAP;L;SMK;0
143;15;JAMBI;1504;150402;PESERTA DIDIK;JIWA;2023/2024 GENAP;L;SLB;0
144;15;JAMBI;1504;150402;PESERTA DIDIK;JIWA;2023/2024 GENAP;P;TK;314
145;15;JAMBI;1504;150402;PESERTA DIDIK;JIWA;2023/2024 GENAP;P;KB;316
146;15;JAMBI;1504;150402;PESERTA DIDIK;JIWA;2023/2024 GENAP;P;TPA;17
147;15;JAMBI;1504;150402;PESERTA DIDIK;JIWA;2023/2024 GENAP;P;SPS;150
148;15;JAMBI;1504;150402;PESERTA DIDIK;JIWA;2023/2024 GENAP;P;PKBM;348
149;15;JAMBI;1504;150402;PESERTA DIDIK;JIWA;2023/2024 GENAP;P;SKB;0
150;15;JAMBI;1504;150402;PESERTA DIDIK;JIWA;2023/2024 GENAP;P;SD;1.847
151;15;JAMBI;1504;150402;PESERTA DIDIK;JIWA;2023/2024 GENAP;P;SMP;623
152;15;JAMBI;1504;150402;PESERTA DIDIK;JIWA;2023/2024 GENAP;P;SMA;382
153;15;JAMBI;1504;150402;PESERTA DIDIK;JIWA;2023/2024 GENAP;P;SMK;0
154;15;JAMBI;1504;150402;PESERTA DIDIK;JIWA;2023/2024 GENAP;P;SLB;0
155;15;JAMBI;1504;150405;PESERTA DIDIK;JIWA;2023/2024 GENAP;L;TK;364
156;15;JAMBI;1504;150405;PESERTA DIDIK;JIWA;2023/2024 GENAP;L;KB;247
157;15;JAMBI;1504;150405;PESERTA DIDIK;JIWA;2023/2024 GENAP;L;TPA;0
158;15;JAMBI;1504;150405;PESERTA DIDIK;JIWA;2023/2024 GENAP;L;SPS;0
159;15;JAMBI;1504;150405;PESERTA DIDIK;JIWA;2023/2024 GENAP;L;PKBM;626
160;15;JAMBI;1504;150405;PESERTA DIDIK;JIWA;2023/2024 GENAP;L;SKB;0
161;15;JAMBI;1504;150405;PESERTA DIDIK;JIWA;2023/2024 GENAP;L;SD;1.985
162;15;JAMBI;1504;150405;PESERTA DIDIK;JIWA;2023/2024 GENAP;L;SMP;920
163;15;JAMBI;1504;150405;PESERTA DIDIK;JIWA;2023/2024 GENAP;L;SMA;373
164;15;JAMBI;1504;150405;PESERTA DIDIK;JIWA;2023/2024 GENAP;L;SMK;221
165;15;JAMBI;1504;150405;PESERTA DIDIK;JIWA;2023/2024 GENAP;L;SLB;0
166;15;JAMBI;1504;150405;PESERTA DIDIK;JIWA;2023/2024 GENAP;P;TK;344
167;15;JAMBI;1504;150405;PESERTA DIDIK;JIWA;2023/2024 GENAP;P;KB;253
168;15;JAMBI;1504;150405;PESERTA DIDIK;JIWA;2023/2024 GENAP;P;TPA;0
169;15;JAMBI;1504;150405;PESERTA DIDIK;JIWA;2023/2024 GENAP;P;SPS;0
170;15;JAMBI;1504;150405;PESERTA DIDIK;JIWA;2023/2024 GENAP;P;PKBM;447
171;15;JAMBI;1504;150405;PESERTA DIDIK;JIWA;2023/2024 GENAP;P;SKB;0
172;15;JAMBI;1504;150405;PESERTA DIDIK;JIWA;2023/2024 GENAP;P;SD;1.812
173;15;JAMBI;1504;150405;PESERTA DIDIK;JIWA;2023/2024 GENAP;P;SMP;939
174;15;JAMBI;1504;150405;PESERTA DIDIK;JIWA;2023/2024 GENAP;P;SMA;452
175;15;JAMBI;1504;150405;PESERTA DIDIK;JIWA;2023/2024 GENAP;P;SMK;187
176;15;JAMBI;1504;150405;PESERTA DIDIK;JIWA;2023/2024 GENAP;P;SLB;0
177;15;JAMBI;1508;150815;PESERTA DIDIK;JIWA;2023/2024 GENAP;L;TK;108
178;15;JAMBI;1508;150815;PESERTA DIDIK;JIWA;2023/2024 GENAP;L;KB;120
179;15;JAMBI;1508;150815;PESERTA DIDIK;JIWA;2023/2024 GENAP;L;TPA;0
180;15;JAMBI;1508;150815;PESERTA DIDIK;JIWA;2023/2024 GENAP;L;SPS;0
181;15;JAMBI;1508;150815;PESERTA DIDIK;JIWA;2023/2024 GENAP;L;PKBM;0
182;15;JAMBI;1508;150815;PESERTA DIDIK;JIWA;2023/2024 GENAP;L;SKB;0
183;15;JAMBI;1508;150815;PESERTA DIDIK;JIWA;2023/2024 GENAP;L;SD;601
184;15;JAMBI;1508;150815;PESERTA DIDIK;JIWA;2023/2024 GENAP;L;SMP;137
185;15;JAMBI;1508;150815;PESERTA DIDIK;JIWA;2023/2024 GENAP;L;SMA;86
186;15;JAMBI;1508;150815;PESERTA DIDIK;JIWA;2023/2024 GENAP;L;SMK;0
187;15;JAMBI;1508;150815;PESERTA DIDIK;JIWA;2023/2024 GENAP;L;SLB;0
188;15;JAMBI;1508;150815;PESERTA DIDIK;JIWA;2023/2024 GENAP;P;TK;81
189;15;JAMBI;1508;150815;PESERTA DIDIK;JIWA;2023/2024 GENAP;P;KB;115
190;15;JAMBI;1508;150815;PESERTA DIDIK;JIWA;2023/2024 GENAP;P;TPA;0
191;15;JAMBI;1508;150815;PESERTA DIDIK;JIWA;2023/2024 GENAP;P;SPS;0
192;15;JAMBI;1508;150815;PESERTA DIDIK;JIWA;2023/2024 GENAP;P;PKBM;0
193;15;JAMBI;1508;150815;PESERTA DIDIK;JIWA;2023/2024 GENAP;P;SKB;0
194;15;JAMBI;1508;150815;PESERTA DIDIK;JIWA;2023/2024 GENAP;P;SD;545
195;15;JAMBI;1508;150815;PESERTA DIDIK;JIWA;2023/2024 GENAP;P;SMP;113
196;15;JAMBI;1508;150815;PESERTA DIDIK;JIWA;2023/2024 GENAP;P;SMA;80
197;15;JAMBI;1508;150815;PESERTA DIDIK;JIWA;2023/2024 GENAP;P;SMK;0
198;15;JAMBI;1508;150815;PESERTA DIDIK;JIWA;2023/2024 GENAP;P;SLB;0
199;15;JAMBI;1508;150811;PESERTA DIDIK;JIWA;2023/2024 GENAP;L;TK;82
200;15;JAMBI;1508;150811;PESERTA DIDIK;JIWA;2023/2024 GENAP;L;KB;144
201;15;JAMBI;1508;150811;PESERTA DIDIK;JIWA;2023/2024 GENAP;L;TPA;0
202;15;JAMBI;1508;150811;PESERTA DIDIK;JIWA;2023/2024 GENAP;L;SPS;14
203;15;JAMBI;1508;150811;PESERTA DIDIK;JIWA;2023/2024 GENAP;L;PKBM;176
204;15;JAMBI;1508;150811;PESERTA DIDIK;JIWA;2023/2024 GENAP;L;SKB;93
205;15;JAMBI;1508;150811;PESERTA DIDIK;JIWA;2023/2024 GENAP;L;SD;1.362
206;15;JAMBI;1508;150811;PESERTA DIDIK;JIWA;2023/2024 GENAP;L;SMP;482
207;15;JAMBI;1508;150811;PESERTA DIDIK;JIWA;2023/2024 GENAP;L;SMA;114
208;15;JAMBI;1508;150811;PESERTA DIDIK;JIWA;2023/2024 GENAP;L;SMK;482
209;15;JAMBI;1508;150811;PESERTA DIDIK;JIWA;2023/2024 GENAP;L;SLB;0
210;15;JAMBI;1508;150811;PESERTA DIDIK;JIWA;2023/2024 GENAP;P;TK;79
211;15;JAMBI;1508;150811;PESERTA DIDIK;JIWA;2023/2024 GENAP;P;KB;151
212;15;JAMBI;1508;150811;PESERTA DIDIK;JIWA;2023/2024 GENAP;P;TPA;1
213;15;JAMBI;1508;150811;PESERTA DIDIK;JIWA;2023/2024 GENAP;P;SPS;13
214;15;JAMBI;1508;150811;PESERTA DIDIK;JIWA;2023/2024 GENAP;P;PKBM;126
215;15;JAMBI;1508;150811;PESERTA DIDIK;JIWA;2023/2024 GENAP;P;SKB;78
216;15;JAMBI;1508;150811;PESERTA DIDIK;JIWA;2023/2024 GENAP;P;SD;1.238
217;15;JAMBI;1508;150811;PESERTA DIDIK;JIWA;2023/2024 GENAP;P;SMP;481
218;15;JAMBI;1508;150811;PESERTA DIDIK;JIWA;2023/2024 GENAP;P;SMA;103
219;15;JAMBI;1508;150811;PESERTA DIDIK;JIWA;2023/2024 GENAP;P;SMK;560
220;15;JAMBI;1508;150811;PESERTA DIDIK;JIWA;2023/2024 GENAP;P;SLB;0
221;15;JAMBI;1508;150814;PESERTA DIDIK;JIWA;2023/2024 GENAP;L;TK;26
222;15;JAMBI;1508;150814;PESERTA DIDIK;JIWA;2023/2024 GENAP;L;KB;163
223;15;JAMBI;1508;150814;PESERTA DIDIK;JIWA;2023/2024 GENAP;L;TPA;0
224;15;JAMBI;1508;150814;PESERTA DIDIK;JIWA;2023/2024 GENAP;L;SPS;13
225;15;JAMBI;1508;150814;PESERTA DIDIK;JIWA;2023/2024 GENAP;L;PKBM;23
226;15;JAMBI;1508;150814;PESERTA DIDIK;JIWA;2023/2024 GENAP;L;SKB;0
227;15;JAMBI;1508;150814;PESERTA DIDIK;JIWA;2023/2024 GENAP;L;SD;511
228;15;JAMBI;1508;150814;PESERTA DIDIK;JIWA;2023/2024 GENAP;L;SMP;69
229;15;JAMBI;1508;150814;PESERTA DIDIK;JIWA;2023/2024 GENAP;L;SMA;0
230;15;JAMBI;1508;150814;PESERTA DIDIK;JIWA;2023/2024 GENAP;L;SMK;63
231;15;JAMBI;1508;150814;PESERTA DIDIK;JIWA;2023/2024 GENAP;L;SLB;0
232;15;JAMBI;1508;150814;PESERTA DIDIK;JIWA;2023/2024 GENAP;P;TK;17
233;15;JAMBI;1508;150814;PESERTA DIDIK;JIWA;2023/2024 GENAP;P;KB;173
234;15;JAMBI;1508;150814;PESERTA DIDIK;JIWA;2023/2024 GENAP;P;TPA;0
235;15;JAMBI;1508;150814;PESERTA DIDIK;JIWA;2023/2024 GENAP;P;SPS;15
236;15;JAMBI;1508;150814;PESERTA DIDIK;JIWA;2023/2024 GENAP;P;PKBM;26
237;15;JAMBI;1508;150814;PESERTA DIDIK;JIWA;2023/2024 GENAP;P;SKB;0
238;15;JAMBI;1508;150814;PESERTA DIDIK;JIWA;2023/2024 GENAP;P;SD;505
239;15;JAMBI;1508;150814;PESERTA DIDIK;JIWA;2023/2024 GENAP;P;SMP;46
240;15;JAMBI;1508;150814;PESERTA DIDIK;JIWA;2023/2024 GENAP;P;SMA;0
241;15;JAMBI;1508;150814;PESERTA DIDIK;JIWA;2023/2024 GENAP;P;SMK;42
242;15;JAMBI;1508;150814;PESERTA DIDIK;JIWA;2023/2024 GENAP;P;SLB;0
243;15;JAMBI;1508;150810;PESERTA DIDIK;JIWA;2023/2024 GENAP;L;TK;38
244;15;JAMBI;1508;150810;PESERTA DIDIK;JIWA;2023/2024 GENAP;L;KB;141
245;15;JAMBI;1508;150810;PESERTA DIDIK;JIWA;2023/2024 GENAP;L;TPA;0
246;15;JAMBI;1508;150810;PESERTA DIDIK;JIWA;2023/2024 GENAP;L;SPS;0
247;15;JAMBI;1508;150810;PESERTA DIDIK;JIWA;2023/2024 GENAP;L;PKBM;0
248;15;JAMBI;1508;150810;PESERTA DIDIK;JIWA;2023/2024 GENAP;L;SKB;0
249;15;JAMBI;1508;150810;PESERTA DIDIK;JIWA;2023/2024 GENAP;L;SD;458
250;15;JAMBI;1508;150810;PESERTA DIDIK;JIWA;2023/2024 GENAP;L;SMP;101
251;15;JAMBI;1508;150810;PESERTA DIDIK;JIWA;2023/2024 GENAP;L;SMA;11
252;15;JAMBI;1508;150810;PESERTA DIDIK;JIWA;2023/2024 GENAP;L;SMK;81
253;15;JAMBI;1508;150810;PESERTA DIDIK;JIWA;2023/2024 GENAP;L;SLB;0
254;15;JAMBI;1508;150810;PESERTA DIDIK;JIWA;2023/2024 GENAP;P;TK;28
255;15;JAMBI;1508;150810;PESERTA DIDIK;JIWA;2023/2024 GENAP;P;KB;148
256;15;JAMBI;1508;150810;PESERTA DIDIK;JIWA;2023/2024 GENAP;P;TPA;0
257;15;JAMBI;1508;150810;PESERTA DIDIK;JIWA;2023/2024 GENAP;P;SPS;0
258;15;JAMBI;1508;150810;PESERTA DIDIK;JIWA;2023/2024 GENAP;P;PKBM;0
259;15;JAMBI;1508;150810;PESERTA DIDIK;JIWA;2023/2024 GENAP;P;SKB;0
260;15;JAMBI;1508;150810;PESERTA DIDIK;JIWA;2023/2024 GENAP;P;SD;477
261;15;JAMBI;1508;150810;PESERTA DIDIK;JIWA;2023/2024 GENAP;P;SMP;89
262;15;JAMBI;1508;150810;PESERTA DIDIK;JIWA;2023/2024 GENAP;P;SMA;12
263;15;JAMBI;1508;150810;PESERTA DIDIK;JIWA;2023/2024 GENAP;P;SMK;66
264;15;JAMBI;1508;150810;PESERTA DIDIK;JIWA;2023/2024 GENAP;P;SLB;0
265;15;JAMBI;1508;150812;PESERTA DIDIK;JIWA;2023/2024 GENAP;L;TK;178
266;15;JAMBI;1508;150812;PESERTA DIDIK;JIWA;2023/2024 GENAP;L;KB;213
267;15;JAMBI;1508;150812;PESERTA DIDIK;JIWA;2023/2024 GENAP;L;TPA;0
268;15;JAMBI;1508;150812;PESERTA DIDIK;JIWA;2023/2024 GENAP;L;SPS;56
269;15;JAMBI;1508;150812;PESERTA DIDIK;JIWA;2023/2024 GENAP;L;PKBM;304
270;15;JAMBI;1508;150812;PESERTA DIDIK;JIWA;2023/2024 GENAP;L;SKB;0
271;15;JAMBI;1508;150812;PESERTA DIDIK;JIWA;2023/2024 GENAP;L;SD;1.402
272;15;JAMBI;1508;150812;PESERTA DIDIK;JIWA;2023/2024 GENAP;L;SMP;379
273;15;JAMBI;1508;150812;PESERTA DIDIK;JIWA;2023/2024 GENAP;L;SMA;0
274;15;JAMBI;1508;150812;PESERTA DIDIK;JIWA;2023/2024 GENAP;L;SMK;225
275;15;JAMBI;1508;150812;PESERTA DIDIK;JIWA;2023/2024 GENAP;L;SLB;0
276;15;JAMBI;1508;150812;PESERTA DIDIK;JIWA;2023/2024 GENAP;P;TK;155
277;15;JAMBI;1508;150812;PESERTA DIDIK;JIWA;2023/2024 GENAP;P;KB;193
278;15;JAMBI;1508;150812;PESERTA DIDIK;JIWA;2023/2024 GENAP;P;TPA;0
279;15;JAMBI;1508;150812;PESERTA DIDIK;JIWA;2023/2024 GENAP;P;SPS;55
280;15;JAMBI;1508;150812;PESERTA DIDIK;JIWA;2023/2024 GENAP;P;PKBM;208
281;15;JAMBI;1508;150812;PESERTA DIDIK;JIWA;2023/2024 GENAP;P;SKB;0
282;15;JAMBI;1508;150812;PESERTA DIDIK;JIWA;2023/2024 GENAP;P;SD;1.305
283;15;JAMBI;1508;150812;PESERTA DIDIK;JIWA;2023/2024 GENAP;P;SMP;432
284;15;JAMBI;1508;150812;PESERTA DIDIK;JIWA;2023/2024 GENAP;P;SMA;0
285;15;JAMBI;1508;150812;PESERTA DIDIK;JIWA;2023/2024 GENAP;P;SMK;364
286;15;JAMBI;1508;150812;PESERTA DIDIK;JIWA;2023/2024 GENAP;P;SLB;0
287;15;JAMBI;1508;150804;PESERTA DIDIK;JIWA;2023/2024 GENAP;L;TK;33
288;15;JAMBI;1508;150804;PESERTA DIDIK;JIWA;2023/2024 GENAP;L;KB;158
289;15;JAMBI;1508;150804;PESERTA DIDIK;JIWA;2023/2024 GENAP;L;TPA;0
290;15;JAMBI;1508;150804;PESERTA DIDIK;JIWA;2023/2024 GENAP;L;SPS;0
291;15;JAMBI;1508;150804;PESERTA DIDIK;JIWA;2023/2024 GENAP;L;PKBM;0
292;15;JAMBI;1508;150804;PESERTA DIDIK;JIWA;2023/2024 GENAP;L;SKB;0
293;15;JAMBI;1508;150804;PESERTA DIDIK;JIWA;2023/2024 GENAP;L;SD;1.028
294;15;JAMBI;1508;150804;PESERTA DIDIK;JIWA;2023/2024 GENAP;L;SMP;204
295;15;JAMBI;1508;150804;PESERTA DIDIK;JIWA;2023/2024 GENAP;L;SMA;80
296;15;JAMBI;1508;150804;PESERTA DIDIK;JIWA;2023/2024 GENAP;L;SMK;190
297;15;JAMBI;1508;150804;PESERTA DIDIK;JIWA;2023/2024 GENAP;L;SLB;0
298;15;JAMBI;1508;150804;PESERTA DIDIK;JIWA;2023/2024 GENAP;P;TK;28
299;15;JAMBI;1508;150804;PESERTA DIDIK;JIWA;2023/2024 GENAP;P;KB;152
300;15;JAMBI;1508;150804;PESERTA DIDIK;JIWA;2023/2024 GENAP;P;TPA;0
301;15;JAMBI;1508;150804;PESERTA DIDIK;JIWA;2023/2024 GENAP;P;SPS;0
302;15;JAMBI;1508;150804;PESERTA DIDIK;JIWA;2023/2024 GENAP;P;PKBM;0
303;15;JAMBI;1508;150804;PESERTA DIDIK;JIWA;2023/2024 GENAP;P;SKB;0
304;15;JAMBI;1508;150804;PESERTA DIDIK;JIWA;2023/2024 GENAP;P;SD;975
305;15;JAMBI;1508;150804;PESERTA DIDIK;JIWA;2023/2024 GENAP;P;SMP;223
306;15;JAMBI;1508;150804;PESERTA DIDIK;JIWA;2023/2024 GENAP;P;SMA;154
307;15;JAMBI;1508;150804;PESERTA DIDIK;JIWA;2023/2024 GENAP;P;SMK;100
308;15;JAMBI;1508;150804;PESERTA DIDIK;JIWA;2023/2024 GENAP;P;SLB;0
309;15;JAMBI;1508;150816;PESERTA DIDIK;JIWA;2023/2024 GENAP;L;TK;27
310;15;JAMBI;1508;150816;PESERTA DIDIK;JIWA;2023/2024 GENAP;L;KB;112
311;15;JAMBI;1508;150816;PESERTA DIDIK;JIWA;2023/2024 GENAP;L;TPA;0
312;15;JAMBI;1508;150816;PESERTA DIDIK;JIWA;2023/2024 GENAP;L;SPS;11
313;15;JAMBI;1508;150816;PESERTA DIDIK;JIWA;2023/2024 GENAP;L;PKBM;32
314;15;JAMBI;1508;150816;PESERTA DIDIK;JIWA;2023/2024 GENAP;L;SKB;0
315;15;JAMBI;1508;150816;PESERTA DIDIK;JIWA;2023/2024 GENAP;L;SD;432
316;15;JAMBI;1508;150816;PESERTA DIDIK;JIWA;2023/2024 GENAP;L;SMP;122
317;15;JAMBI;1508;150816;PESERTA DIDIK;JIWA;2023/2024 GENAP;L;SMA;108
318;15;JAMBI;1508;150816;PESERTA DIDIK;JIWA;2023/2024 GENAP;L;SMK;0
319;15;JAMBI;1508;150816;PESERTA DIDIK;JIWA;2023/2024 GENAP;L;SLB;0
320;15;JAMBI;1508;150816;PESERTA DIDIK;JIWA;2023/2024 GENAP;P;TK;20
321;15;JAMBI;1508;150816;PESERTA DIDIK;JIWA;2023/2024 GENAP;P;KB;84
322;15;JAMBI;1508;150816;PESERTA DIDIK;JIWA;2023/2024 GENAP;P;TPA;0
323;15;JAMBI;1508;150816;PESERTA DIDIK;JIWA;2023/2024 GENAP;P;SPS;3
324;15;JAMBI;1508;150816;PESERTA DIDIK;JIWA;2023/2024 GENAP;P;PKBM;16
325;15;JAMBI;1508;150816;PESERTA DIDIK;JIWA;2023/2024 GENAP;P;SKB;0
326;15;JAMBI;1508;150816;PESERTA DIDIK;JIWA;2023/2024 GENAP;P;SD;398
327;15;JAMBI;1508;150816;PESERTA DIDIK;JIWA;2023/2024 GENAP;P;SMP;100
328;15;JAMBI;1508;150816;PESERTA DIDIK;JIWA;2023/2024 GENAP;P;SMA;104
329;15;JAMBI;1508;150816;PESERTA DIDIK;JIWA;2023/2024 GENAP;P;SMK;0
330;15;JAMBI;1508;150816;PESERTA DIDIK;JIWA;2023/2024 GENAP;P;SLB;0
331;15;JAMBI;1508;150807;PESERTA DIDIK;JIWA;2023/2024 GENAP;L;TK;146
332;15;JAMBI;1508;150807;PESERTA DIDIK;JIWA;2023/2024 GENAP;L;KB;356
333;15;JAMBI;1508;150807;PESERTA DIDIK;JIWA;2023/2024 GENAP;L;TPA;0
334;15;JAMBI;1508;150807;PESERTA DIDIK;JIWA;2023/2024 GENAP;L;SPS;0
335;15;JAMBI;1508;150807;PESERTA DIDIK;JIWA;2023/2024 GENAP;L;PKBM;0
336;15;JAMBI;1508;150807;PESERTA DIDIK;JIWA;2023/2024 GENAP;L;SKB;0
337;15;JAMBI;1508;150807;PESERTA DIDIK;JIWA;2023/2024 GENAP;L;SD;952
338;15;JAMBI;1508;150807;PESERTA DIDIK;JIWA;2023/2024 GENAP;L;SMP;194
339;15;JAMBI;1508;150807;PESERTA DIDIK;JIWA;2023/2024 GENAP;L;SMA;176
340;15;JAMBI;1508;150807;PESERTA DIDIK;JIWA;2023/2024 GENAP;L;SMK;64
341;15;JAMBI;1508;150807;PESERTA DIDIK;JIWA;2023/2024 GENAP;L;SLB;0
342;15;JAMBI;1508;150807;PESERTA DIDIK;JIWA;2023/2024 GENAP;P;TK;162
343;15;JAMBI;1508;150807;PESERTA DIDIK;JIWA;2023/2024 GENAP;P;KB;337
344;15;JAMBI;1508;150807;PESERTA DIDIK;JIWA;2023/2024 GENAP;P;TPA;0
345;15;JAMBI;1508;150807;PESERTA DIDIK;JIWA;2023/2024 GENAP;P;SPS;0
346;15;JAMBI;1508;150807;PESERTA DIDIK;JIWA;2023/2024 GENAP;P;PKBM;0
347;15;JAMBI;1508;150807;PESERTA DIDIK;JIWA;2023/2024 GENAP;P;SKB;0
348;15;JAMBI;1508;150807;PESERTA DIDIK;JIWA;2023/2024 GENAP;P;SD;845
349;15;JAMBI;1508;150807;PESERTA DIDIK;JIWA;2023/2024 GENAP;P;SMP;195
350;15;JAMBI;1508;150807;PESERTA DIDIK;JIWA;2023/2024 GENAP;P;SMA;146
351;15;JAMBI;1508;150807;PESERTA DIDIK;JIWA;2023/2024 GENAP;P;SMK;44
352;15;JAMBI;1508;150807;PESERTA DIDIK;JIWA;2023/2024 GENAP;P;SLB;0
353;15;JAMBI;1508;150808;PESERTA DIDIK;JIWA;2023/2024 GENAP;L;TK;44
354;15;JAMBI;1508;150808;PESERTA DIDIK;JIWA;2023/2024 GENAP;L;KB;215
355;15;JAMBI;1508;150808;PESERTA DIDIK;JIWA;2023/2024 GENAP;L;TPA;0
356;15;JAMBI;1508;150808;PESERTA DIDIK;JIWA;2023/2024 GENAP;L;SPS;30
357;15;JAMBI;1508;150808;PESERTA DIDIK;JIWA;2023/2024 GENAP;L;PKBM;184
358;15;JAMBI;1508;150808;PESERTA DIDIK;JIWA;2023/2024 GENAP;L;SKB;0
359;15;JAMBI;1508;150808;PESERTA DIDIK;JIWA;2023/2024 GENAP;L;SD;674
360;15;JAMBI;1508;150808;PESERTA DIDIK;JIWA;2023/2024 GENAP;L;SMP;90
361;15;JAMBI;1508;150808;PESERTA DIDIK;JIWA;2023/2024 GENAP;L;SMA;26
362;15;JAMBI;1508;150808;PESERTA DIDIK;JIWA;2023/2024 GENAP;L;SMK;141
363;15;JAMBI;1508;150808;PESERTA DIDIK;JIWA;2023/2024 GENAP;L;SLB;0
364;15;JAMBI;1508;150808;PESERTA DIDIK;JIWA;2023/2024 GENAP;P;TK;55
365;15;JAMBI;1508;150808;PESERTA DIDIK;JIWA;2023/2024 GENAP;P;KB;228
366;15;JAMBI;1508;150808;PESERTA DIDIK;JIWA;2023/2024 GENAP;P;TPA;0
367;15;JAMBI;1508;150808;PESERTA DIDIK;JIWA;2023/2024 GENAP;P;SPS;23
368;15;JAMBI;1508;150808;PESERTA DIDIK;JIWA;2023/2024 GENAP;P;PKBM;151
369;15;JAMBI;1508;150808;PESERTA DIDIK;JIWA;2023/2024 GENAP;P;SKB;0
370;15;JAMBI;1508;150808;PESERTA DIDIK;JIWA;2023/2024 GENAP;P;SD;665
371;15;JAMBI;1508;150808;PESERTA DIDIK;JIWA;2023/2024 GENAP;P;SMP;89
372;15;JAMBI;1508;150808;PESERTA DIDIK;JIWA;2023/2024 GENAP;P;SMA;26
373;15;JAMBI;1508;150808;PESERTA DIDIK;JIWA;2023/2024 GENAP;P;SMK;27
374;15;JAMBI;1508;150808;PESERTA DIDIK;JIWA;2023/2024 GENAP;P;SLB;0
375;15;JAMBI;1508;150803;PESERTA DIDIK;JIWA;2023/2024 GENAP;L;TK;208
376;15;JAMBI;1508;150803;PESERTA DIDIK;JIWA;2023/2024 GENAP;L;KB;45
377;15;JAMBI;1508;150803;PESERTA DIDIK;JIWA;2023/2024 GENAP;L;TPA;0
378;15;JAMBI;1508;150803;PESERTA DIDIK;JIWA;2023/2024 GENAP;L;SPS;0
379;15;JAMBI;1508;150803;PESERTA DIDIK;JIWA;2023/2024 GENAP;L;PKBM;0
380;15;JAMBI;1508;150803;PESERTA DIDIK;JIWA;2023/2024 GENAP;L;SKB;0
381;15;JAMBI;1508;150803;PESERTA DIDIK;JIWA;2023/2024 GENAP;L;SD;949
382;15;JAMBI;1508;150803;PESERTA DIDIK;JIWA;2023/2024 GENAP;L;SMP;740
383;15;JAMBI;1508;150803;PESERTA DIDIK;JIWA;2023/2024 GENAP;L;SMA;0
384;15;JAMBI;1508;150803;PESERTA DIDIK;JIWA;2023/2024 GENAP;L;SMK;0
385;15;JAMBI;1508;150803;PESERTA DIDIK;JIWA;2023/2024 GENAP;L;SLB;0
386;15;JAMBI;1508;150803;PESERTA DIDIK;JIWA;2023/2024 GENAP;P;TK;195
387;15;JAMBI;1508;150803;PESERTA DIDIK;JIWA;2023/2024 GENAP;P;KB;40
388;15;JAMBI;1508;150803;PESERTA DIDIK;JIWA;2023/2024 GENAP;P;TPA;0
389;15;JAMBI;1508;150803;PESERTA DIDIK;JIWA;2023/2024 GENAP;P;SPS;0
390;15;JAMBI;1508;150803;PESERTA DIDIK;JIWA;2023/2024 GENAP;P;PKBM;0
391;15;JAMBI;1508;150803;PESERTA DIDIK;JIWA;2023/2024 GENAP;P;SKB;0
392;15;JAMBI;1508;150803;PESERTA DIDIK;JIWA;2023/2024 GENAP;P;SD;903
393;15;JAMBI;1508;150803;PESERTA DIDIK;JIWA;2023/2024 GENAP;P;SMP;779
394;15;JAMBI;1508;150803;PESERTA DIDIK;JIWA;2023/2024 GENAP;P;SMA;0
395;15;JAMBI;1508;150803;PESERTA DIDIK;JIWA;2023/2024 GENAP;P;SMK;0
396;15;JAMBI;1508;150803;PESERTA DIDIK;JIWA;2023/2024 GENAP;P;SLB;0
397;15;JAMBI;1508;150806;PESERTA DIDIK;JIWA;2023/2024 GENAP;L;TK;259
398;15;JAMBI;1508;150806;PESERTA DIDIK;JIWA;2023/2024 GENAP;L;KB;212
399;15;JAMBI;1508;150806;PESERTA DIDIK;JIWA;2023/2024 GENAP;L;TPA;0
400;15;JAMBI;1508;150806;PESERTA DIDIK;JIWA;2023/2024 GENAP;L;SPS;14
401;15;JAMBI;1508;150806;PESERTA DIDIK;JIWA;2023/2024 GENAP;L;PKBM;41
402;15;JAMBI;1508;150806;PESERTA DIDIK;JIWA;2023/2024 GENAP;L;SKB;0
403;15;JAMBI;1508;150806;PESERTA DIDIK;JIWA;2023/2024 GENAP;L;SD;2.169
404;15;JAMBI;1508;150806;PESERTA DIDIK;JIWA;2023/2024 GENAP;L;SMP;478
405;15;JAMBI;1508;150806;PESERTA DIDIK;JIWA;2023/2024 GENAP;L;SMA;55
406;15;JAMBI;1508;150806;PESERTA DIDIK;JIWA;2023/2024 GENAP;L;SMK;433
407;15;JAMBI;1508;150806;PESERTA DIDIK;JIWA;2023/2024 GENAP;L;SLB;0
408;15;JAMBI;1508;150806;PESERTA DIDIK;JIWA;2023/2024 GENAP;P;TK;231
409;15;JAMBI;1508;150806;PESERTA DIDIK;JIWA;2023/2024 GENAP;P;KB;242
410;15;JAMBI;1508;150806;PESERTA DIDIK;JIWA;2023/2024 GENAP;P;TPA;0
411;15;JAMBI;1508;150806;PESERTA DIDIK;JIWA;2023/2024 GENAP;P;SPS;10
412;15;JAMBI;1508;150806;PESERTA DIDIK;JIWA;2023/2024 GENAP;P;PKBM;67
413;15;JAMBI;1508;150806;PESERTA DIDIK;JIWA;2023/2024 GENAP;P;SKB;0
414;15;JAMBI;1508;150806;PESERTA DIDIK;JIWA;2023/2024 GENAP;P;SD;1.943
415;15;JAMBI;1508;150806;PESERTA DIDIK;JIWA;2023/2024 GENAP;P;SMP;543
416;15;JAMBI;1508;150806;PESERTA DIDIK;JIWA;2023/2024 GENAP;P;SMA;79
417;15;JAMBI;1508;150806;PESERTA DIDIK;JIWA;2023/2024 GENAP;P;SMK;376
418;15;JAMBI;1508;150806;PESERTA DIDIK;JIWA;2023/2024 GENAP;P;SLB;0
419;15;JAMBI;1508;150809;PESERTA DIDIK;JIWA;2023/2024 GENAP;L;TK;351
420;15;JAMBI;1508;150809;PESERTA DIDIK;JIWA;2023/2024 GENAP;L;KB;350
421;15;JAMBI;1508;150809;PESERTA DIDIK;JIWA;2023/2024 GENAP;L;TPA;10
422;15;JAMBI;1508;150809;PESERTA DIDIK;JIWA;2023/2024 GENAP;L;SPS;11
423;15;JAMBI;1508;150809;PESERTA DIDIK;JIWA;2023/2024 GENAP;L;PKBM;130
424;15;JAMBI;1508;150809;PESERTA DIDIK;JIWA;2023/2024 GENAP;L;SKB;0
425;15;JAMBI;1508;150809;PESERTA DIDIK;JIWA;2023/2024 GENAP;L;SD;2.761
426;15;JAMBI;1508;150809;PESERTA DIDIK;JIWA;2023/2024 GENAP;L;SMP;805
427;15;JAMBI;1508;150809;PESERTA DIDIK;JIWA;2023/2024 GENAP;L;SMA;359
428;15;JAMBI;1508;150809;PESERTA DIDIK;JIWA;2023/2024 GENAP;L;SMK;485
429;15;JAMBI;1508;150809;PESERTA DIDIK;JIWA;2023/2024 GENAP;L;SLB;0
430;15;JAMBI;1508;150809;PESERTA DIDIK;JIWA;2023/2024 GENAP;P;TK;326
431;15;JAMBI;1508;150809;PESERTA DIDIK;JIWA;2023/2024 GENAP;P;KB;334
432;15;JAMBI;1508;150809;PESERTA DIDIK;JIWA;2023/2024 GENAP;P;TPA;6
433;15;JAMBI;1508;150809;PESERTA DIDIK;JIWA;2023/2024 GENAP;P;SPS;7
434;15;JAMBI;1508;150809;PESERTA DIDIK;JIWA;2023/2024 GENAP;P;PKBM;85
435;15;JAMBI;1508;150809;PESERTA DIDIK;JIWA;2023/2024 GENAP;P;SKB;0
436;15;JAMBI;1508;150809;PESERTA DIDIK;JIWA;2023/2024 GENAP;P;SD;2.604
437;15;JAMBI;1508;150809;PESERTA DIDIK;JIWA;2023/2024 GENAP;P;SMP;797
438;15;JAMBI;1508;150809;PESERTA DIDIK;JIWA;2023/2024 GENAP;P;SMA;610
439;15;JAMBI;1508;150809;PESERTA DIDIK;JIWA;2023/2024 GENAP;P;SMK;278
440;15;JAMBI;1508;150809;PESERTA DIDIK;JIWA;2023/2024 GENAP;P;SLB;0
441;15;JAMBI;1508;150802;PESERTA DIDIK;JIWA;2023/2024 GENAP;L;TK;32
442;15;JAMBI;1508;150802;PESERTA DIDIK;JIWA;2023/2024 GENAP;L;KB;227
443;15;JAMBI;1508;150802;PESERTA DIDIK;JIWA;2023/2024 GENAP;L;TPA;0
444;15;JAMBI;1508;150802;PESERTA DIDIK;JIWA;2023/2024 GENAP;L;SPS;0
445;15;JAMBI;1508;150802;PESERTA DIDIK;JIWA;2023/2024 GENAP;L;PKBM;77
446;15;JAMBI;1508;150802;PESERTA DIDIK;JIWA;2023/2024 GENAP;L;SKB;0
447;15;JAMBI;1508;150802;PESERTA DIDIK;JIWA;2023/2024 GENAP;L;SD;646
448;15;JAMBI;1508;150802;PESERTA DIDIK;JIWA;2023/2024 GENAP;L;SMP;170
449;15;JAMBI;1508;150802;PESERTA DIDIK;JIWA;2023/2024 GENAP;L;SMA;239
450;15;JAMBI;1508;150802;PESERTA DIDIK;JIWA;2023/2024 GENAP;L;SMK;0
451;15;JAMBI;1508;150802;PESERTA DIDIK;JIWA;2023/2024 GENAP;L;SLB;0
452;15;JAMBI;1508;150802;PESERTA DIDIK;JIWA;2023/2024 GENAP;P;TK;31
453;15;JAMBI;1508;150802;PESERTA DIDIK;JIWA;2023/2024 GENAP;P;KB;180
454;15;JAMBI;1508;150802;PESERTA DIDIK;JIWA;2023/2024 GENAP;P;TPA;0
455;15;JAMBI;1508;150802;PESERTA DIDIK;JIWA;2023/2024 GENAP;P;SPS;0
456;15;JAMBI;1508;150802;PESERTA DIDIK;JIWA;2023/2024 GENAP;P;PKBM;40
457;15;JAMBI;1508;150802;PESERTA DIDIK;JIWA;2023/2024 GENAP;P;SKB;0
458;15;JAMBI;1508;150802;PESERTA DIDIK;JIWA;2023/2024 GENAP;P;SD;571
459;15;JAMBI;1508;150802;PESERTA DIDIK;JIWA;2023/2024 GENAP;P;SMP;142
460;15;JAMBI;1508;150802;PESERTA DIDIK;JIWA;2023/2024 GENAP;P;SMA;240
461;15;JAMBI;1508;150802;PESERTA DIDIK;JIWA;2023/2024 GENAP;P;SMK;0
462;15;JAMBI;1508;150802;PESERTA DIDIK;JIWA;2023/2024 GENAP;P;SLB;0
463;15;JAMBI;1508;150813;PESERTA DIDIK;JIWA;2023/2024 GENAP;L;TK;118
464;15;JAMBI;1508;150813;PESERTA DIDIK;JIWA;2023/2024 GENAP;L;KB;219
465;15;JAMBI;1508;150813;PESERTA DIDIK;JIWA;2023/2024 GENAP;L;TPA;9
466;15;JAMBI;1508;150813;PESERTA DIDIK;JIWA;2023/2024 GENAP;L;SPS;0
467;15;JAMBI;1508;150813;PESERTA DIDIK;JIWA;2023/2024 GENAP;L;PKBM;115
468;15;JAMBI;1508;150813;PESERTA DIDIK;JIWA;2023/2024 GENAP;L;SKB;0
469;15;JAMBI;1508;150813;PESERTA DIDIK;JIWA;2023/2024 GENAP;L;SD;2.268
470;15;JAMBI;1508;150813;PESERTA DIDIK;JIWA;2023/2024 GENAP;L;SMP;633
471;15;JAMBI;1508;150813;PESERTA DIDIK;JIWA;2023/2024 GENAP;L;SMA;1.286
472;15;JAMBI;1508;150813;PESERTA DIDIK;JIWA;2023/2024 GENAP;L;SMK;364
473;15;JAMBI;1508;150813;PESERTA DIDIK;JIWA;2023/2024 GENAP;L;SLB;110
474;15;JAMBI;1508;150813;PESERTA DIDIK;JIWA;2023/2024 GENAP;P;TK;93
475;15;JAMBI;1508;150813;PESERTA DIDIK;JIWA;2023/2024 GENAP;P;KB;241
476;15;JAMBI;1508;150813;PESERTA DIDIK;JIWA;2023/2024 GENAP;P;TPA;9
477;15;JAMBI;1508;150813;PESERTA DIDIK;JIWA;2023/2024 GENAP;P;SPS;0
478;15;JAMBI;1508;150813;PESERTA DIDIK;JIWA;2023/2024 GENAP;P;PKBM;98
479;15;JAMBI;1508;150813;PESERTA DIDIK;JIWA;2023/2024 GENAP;P;SKB;0
480;15;JAMBI;1508;150813;PESERTA DIDIK;JIWA;2023/2024 GENAP;P;SD;1.938
481;15;JAMBI;1508;150813;PESERTA DIDIK;JIWA;2023/2024 GENAP;P;SMP;554
482;15;JAMBI;1508;150813;PESERTA DIDIK;JIWA;2023/2024 GENAP;P;SMA;1.448
483;15;JAMBI;1508;150813;PESERTA DIDIK;JIWA;2023/2024 GENAP;P;SMK;233
484;15;JAMBI;1508;150813;PESERTA DIDIK;JIWA;2023/2024 GENAP;P;SLB;72
485;15;JAMBI;1508;150805;PESERTA DIDIK;JIWA;2023/2024 GENAP;L;TK;109
486;15;JAMBI;1508;150805;PESERTA DIDIK;JIWA;2023/2024 GENAP;L;KB;111
487;15;JAMBI;1508;150805;PESERTA DIDIK;JIWA;2023/2024 GENAP;L;TPA;0
488;15;JAMBI;1508;150805;PESERTA DIDIK;JIWA;2023/2024 GENAP;L;SPS;0
489;15;JAMBI;1508;150805;PESERTA DIDIK;JIWA;2023/2024 GENAP;L;PKBM;19
490;15;JAMBI;1508;150805;PESERTA DIDIK;JIWA;2023/2024 GENAP;L;SKB;0
491;15;JAMBI;1508;150805;PESERTA DIDIK;JIWA;2023/2024 GENAP;L;SD;1.129
492;15;JAMBI;1508;150805;PESERTA DIDIK;JIWA;2023/2024 GENAP;L;SMP;296
493;15;JAMBI;1508;150805;PESERTA DIDIK;JIWA;2023/2024 GENAP;L;SMA;108
494;15;JAMBI;1508;150805;PESERTA DIDIK;JIWA;2023/2024 GENAP;L;SMK;282
495;15;JAMBI;1508;150805;PESERTA DIDIK;JIWA;2023/2024 GENAP;L;SLB;0
496;15;JAMBI;1508;150805;PESERTA DIDIK;JIWA;2023/2024 GENAP;P;TK;94
497;15;JAMBI;1508;150805;PESERTA DIDIK;JIWA;2023/2024 GENAP;P;KB;107
498;15;JAMBI;1508;150805;PESERTA DIDIK;JIWA;2023/2024 GENAP;P;TPA;0
499;15;JAMBI;1508;150805;PESERTA DIDIK;JIWA;2023/2024 GENAP;P;SPS;0
500;15;JAMBI;1508;150805;PESERTA DIDIK;JIWA;2023/2024 GENAP;P;PKBM;19
501;15;JAMBI;1508;150805;PESERTA DIDIK;JIWA;2023/2024 GENAP;P;SKB;0
502;15;JAMBI;1508;150805;PESERTA DIDIK;JIWA;2023/2024 GENAP;P;SD;989
503;15;JAMBI;1508;150805;PESERTA DIDIK;JIWA;2023/2024 GENAP;P;SMP;324
504;15;JAMBI;1508;150805;PESERTA DIDIK;JIWA;2023/2024 GENAP;P;SMA;73
505;15;JAMBI;1508;150805;PESERTA DIDIK;JIWA;2023/2024 GENAP;P;SMK;109
506;15;JAMBI;1508;150805;PESERTA DIDIK;JIWA;2023/2024 GENAP;P;SLB;0
507;15;JAMBI;1508;150817;PESERTA DIDIK;JIWA;2023/2024 GENAP;L;TK;36
508;15;JAMBI;1508;150817;PESERTA DIDIK;JIWA;2023/2024 GENAP;L;KB;452
509;15;JAMBI;1508;150817;PESERTA DIDIK;JIWA;2023/2024 GENAP;L;TPA;0
510;15;JAMBI;1508;150817;PESERTA DIDIK;JIWA;2023/2024 GENAP;L;SPS;11
511;15;JAMBI;1508;150817;PESERTA DIDIK;JIWA;2023/2024 GENAP;L;PKBM;201
512;15;JAMBI;1508;150817;PESERTA DIDIK;JIWA;2023/2024 GENAP;L;SKB;0
513;15;JAMBI;1508;150817;PESERTA DIDIK;JIWA;2023/2024 GENAP;L;SD;1.263
514;15;JAMBI;1508;150817;PESERTA DIDIK;JIWA;2023/2024 GENAP;L;SMP;306
515;15;JAMBI;1508;150817;PESERTA DIDIK;JIWA;2023/2024 GENAP;L;SMA;372
516;15;JAMBI;1508;150817;PESERTA DIDIK;JIWA;2023/2024 GENAP;L;SMK;15
517;15;JAMBI;1508;150817;PESERTA DIDIK;JIWA;2023/2024 GENAP;L;SLB;0
518;15;JAMBI;1508;150817;PESERTA DIDIK;JIWA;2023/2024 GENAP;P;TK;28
519;15;JAMBI;1508;150817;PESERTA DIDIK;JIWA;2023/2024 GENAP;P;KB;408
520;15;JAMBI;1508;150817;PESERTA DIDIK;JIWA;2023/2024 GENAP;P;TPA;0
521;15;JAMBI;1508;150817;PESERTA DIDIK;JIWA;2023/2024 GENAP;P;SPS;10
522;15;JAMBI;1508;150817;PESERTA DIDIK;JIWA;2023/2024 GENAP;P;PKBM;117
523;15;JAMBI;1508;150817;PESERTA DIDIK;JIWA;2023/2024 GENAP;P;SKB;0
524;15;JAMBI;1508;150817;PESERTA DIDIK;JIWA;2023/2024 GENAP;P;SD;1.066
525;15;JAMBI;1508;150817;PESERTA DIDIK;JIWA;2023/2024 GENAP;P;SMP;320
526;15;JAMBI;1508;150817;PESERTA DIDIK;JIWA;2023/2024 GENAP;P;SMA;460
527;15;JAMBI;1508;150817;PESERTA DIDIK;JIWA;2023/2024 GENAP;P;SMK;35
528;15;JAMBI;1508;150817;PESERTA DIDIK;JIWA;2023/2024 GENAP;P;SLB;0
529;15;JAMBI;1508;150801;PESERTA DIDIK;JIWA;2023/2024 GENAP;L;TK;45
530;15;JAMBI;1508;150801;PESERTA DIDIK;JIWA;2023/2024 GENAP;L;KB;301
531;15;JAMBI;1508;150801;PESERTA DIDIK;JIWA;2023/2024 GENAP;L;TPA;0
532;15;JAMBI;1508;150801;PESERTA DIDIK;JIWA;2023/2024 GENAP;L;SPS;0
533;15;JAMBI;1508;150801;PESERTA DIDIK;JIWA;2023/2024 GENAP;L;PKBM;53
534;15;JAMBI;1508;150801;PESERTA DIDIK;JIWA;2023/2024 GENAP;L;SKB;0
535;15;JAMBI;1508;150801;PESERTA DIDIK;JIWA;2023/2024 GENAP;L;SD;802
536;15;JAMBI;1508;150801;PESERTA DIDIK;JIWA;2023/2024 GENAP;L;SMP;158
537;15;JAMBI;1508;150801;PESERTA DIDIK;JIWA;2023/2024 GENAP;L;SMA;174
538;15;JAMBI;1508;150801;PESERTA DIDIK;JIWA;2023/2024 GENAP;L;SMK;0
539;15;JAMBI;1508;150801;PESERTA DIDIK;JIWA;2023/2024 GENAP;L;SLB;0
540;15;JAMBI;1508;150801;PESERTA DIDIK;JIWA;2023/2024 GENAP;P;TK;37
541;15;JAMBI;1508;150801;PESERTA DIDIK;JIWA;2023/2024 GENAP;P;KB;282
542;15;JAMBI;1508;150801;PESERTA DIDIK;JIWA;2023/2024 GENAP;P;TPA;0
543;15;JAMBI;1508;150801;PESERTA DIDIK;JIWA;2023/2024 GENAP;P;SPS;0
544;15;JAMBI;1508;150801;PESERTA DIDIK;JIWA;2023/2024 GENAP;P;PKBM;42
545;15;JAMBI;1508;150801;PESERTA DIDIK;JIWA;2023/2024 GENAP;P;SKB;0
546;15;JAMBI;1508;150801;PESERTA DIDIK;JIWA;2023/2024 GENAP;P;SD;708
547;15;JAMBI;1508;150801;PESERTA DIDIK;JIWA;2023/2024 GENAP;P;SMP;143
548;15;JAMBI;1508;150801;PESERTA DIDIK;JIWA;2023/2024 GENAP;P;SMA;229
549;15;JAMBI;1508;150801;PESERTA DIDIK;JIWA;2023/2024 GENAP;P;SMK;0
550;15;JAMBI;1508;150801;PESERTA DIDIK;JIWA;2023/2024 GENAP;P;SLB;0
551;15;JAMBI;1501;150105;PESERTA DIDIK;JIWA;2023/2024 GENAP;L;TK;107
552;15;JAMBI;1501;150105;PESERTA DIDIK;JIWA;2023/2024 GENAP;L;KB;177
553;15;JAMBI;1501;150105;PESERTA DIDIK;JIWA;2023/2024 GENAP;L;TPA;0
554;15;JAMBI;1501;150105;PESERTA DIDIK;JIWA;2023/2024 GENAP;L;SPS;29
555;15;JAMBI;1501;150105;PESERTA DIDIK;JIWA;2023/2024 GENAP;L;PKBM;99
556;15;JAMBI;1501;150105;PESERTA DIDIK;JIWA;2023/2024 GENAP;L;SKB;9
557;15;JAMBI;1501;150105;PESERTA DIDIK;JIWA;2023/2024 GENAP;L;SD;396
558;15;JAMBI;1501;150105;PESERTA DIDIK;JIWA;2023/2024 GENAP;L;SMP;37
559;15;JAMBI;1501;150105;PESERTA DIDIK;JIWA;2023/2024 GENAP;L;SMA;0
560;15;JAMBI;1501;150105;PESERTA DIDIK;JIWA;2023/2024 GENAP;L;SMK;0
561;15;JAMBI;1501;150105;PESERTA DIDIK;JIWA;2023/2024 GENAP;L;SLB;0
562;15;JAMBI;1501;150105;PESERTA DIDIK;JIWA;2023/2024 GENAP;P;TK;74
563;15;JAMBI;1501;150105;PESERTA DIDIK;JIWA;2023/2024 GENAP;P;KB;149
564;15;JAMBI;1501;150105;PESERTA DIDIK;JIWA;2023/2024 GENAP;P;TPA;0
565;15;JAMBI;1501;150105;PESERTA DIDIK;JIWA;2023/2024 GENAP;P;SPS;33
566;15;JAMBI;1501;150105;PESERTA DIDIK;JIWA;2023/2024 GENAP;P;PKBM;53
567;15;JAMBI;1501;150105;PESERTA DIDIK;JIWA;2023/2024 GENAP;P;SKB;2
568;15;JAMBI;1501;150105;PESERTA DIDIK;JIWA;2023/2024 GENAP;P;SD;389
569;15;JAMBI;1501;150105;PESERTA DIDIK;JIWA;2023/2024 GENAP;P;SMP;25
570;15;JAMBI;1501;150105;PESERTA DIDIK;JIWA;2023/2024 GENAP;P;SMA;0
571;15;JAMBI;1501;150105;PESERTA DIDIK;JIWA;2023/2024 GENAP;P;SMK;0
572;15;JAMBI;1501;150105;PESERTA DIDIK;JIWA;2023/2024 GENAP;P;SLB;0
573;15;JAMBI;1501;150121;PESERTA DIDIK;JIWA;2023/2024 GENAP;L;TK;60
574;15;JAMBI;1501;150121;PESERTA DIDIK;JIWA;2023/2024 GENAP;L;KB;231
575;15;JAMBI;1501;150121;PESERTA DIDIK;JIWA;2023/2024 GENAP;L;TPA;0
576;15;JAMBI;1501;150121;PESERTA DIDIK;JIWA;2023/2024 GENAP;L;SPS;24
577;15;JAMBI;1501;150121;PESERTA DIDIK;JIWA;2023/2024 GENAP;L;PKBM;0
578;15;JAMBI;1501;150121;PESERTA DIDIK;JIWA;2023/2024 GENAP;L;SKB;0
579;15;JAMBI;1501;150121;PESERTA DIDIK;JIWA;2023/2024 GENAP;L;SD;457
580;15;JAMBI;1501;150121;PESERTA DIDIK;JIWA;2023/2024 GENAP;L;SMP;507
581;15;JAMBI;1501;150121;PESERTA DIDIK;JIWA;2023/2024 GENAP;L;SMA;368
582;15;JAMBI;1501;150121;PESERTA DIDIK;JIWA;2023/2024 GENAP;L;SMK;49
583;15;JAMBI;1501;150121;PESERTA DIDIK;JIWA;2023/2024 GENAP;L;SLB;0
584;15;JAMBI;1501;150121;PESERTA DIDIK;JIWA;2023/2024 GENAP;P;TK;53
585;15;JAMBI;1501;150121;PESERTA DIDIK;JIWA;2023/2024 GENAP;P;KB;186
586;15;JAMBI;1501;150121;PESERTA DIDIK;JIWA;2023/2024 GENAP;P;TPA;0
587;15;JAMBI;1501;150121;PESERTA DIDIK;JIWA;2023/2024 GENAP;P;SPS;27
588;15;JAMBI;1501;150121;PESERTA DIDIK;JIWA;2023/2024 GENAP;P;PKBM;0
589;15;JAMBI;1501;150121;PESERTA DIDIK;JIWA;2023/2024 GENAP;P;SKB;0
590;15;JAMBI;1501;150121;PESERTA DIDIK;JIWA;2023/2024 GENAP;P;SD;416
591;15;JAMBI;1501;150121;PESERTA DIDIK;JIWA;2023/2024 GENAP;P;SMP;480
592;15;JAMBI;1501;150121;PESERTA DIDIK;JIWA;2023/2024 GENAP;P;SMA;438
593;15;JAMBI;1501;150121;PESERTA DIDIK;JIWA;2023/2024 GENAP;P;SMK;7
594;15;JAMBI;1501;150121;PESERTA DIDIK;JIWA;2023/2024 GENAP;P;SLB;0
595;15;JAMBI;1501;150111;PESERTA DIDIK;JIWA;2023/2024 GENAP;L;TK;141
596;15;JAMBI;1501;150111;PESERTA DIDIK;JIWA;2023/2024 GENAP;L;KB;299
597;15;JAMBI;1501;150111;PESERTA DIDIK;JIWA;2023/2024 GENAP;L;TPA;0
598;15;JAMBI;1501;150111;PESERTA DIDIK;JIWA;2023/2024 GENAP;L;SPS;153
599;15;JAMBI;1501;150111;PESERTA DIDIK;JIWA;2023/2024 GENAP;L;PKBM;14
600;15;JAMBI;1501;150111;PESERTA DIDIK;JIWA;2023/2024 GENAP;L;SKB;0
601;15;JAMBI;1501;150111;PESERTA DIDIK;JIWA;2023/2024 GENAP;L;SD;832
602;15;JAMBI;1501;150111;PESERTA DIDIK;JIWA;2023/2024 GENAP;L;SMP;186
603;15;JAMBI;1501;150111;PESERTA DIDIK;JIWA;2023/2024 GENAP;L;SMA;138
604;15;JAMBI;1501;150111;PESERTA DIDIK;JIWA;2023/2024 GENAP;L;SMK;0
605;15;JAMBI;1501;150111;PESERTA DIDIK;JIWA;2023/2024 GENAP;L;SLB;85
606;15;JAMBI;1501;150111;PESERTA DIDIK;JIWA;2023/2024 GENAP;P;TK;105
607;15;JAMBI;1501;150111;PESERTA DIDIK;JIWA;2023/2024 GENAP;P;KB;280
608;15;JAMBI;1501;150111;PESERTA DIDIK;JIWA;2023/2024 GENAP;P;TPA;0
609;15;JAMBI;1501;150111;PESERTA DIDIK;JIWA;2023/2024 GENAP;P;SPS;136
610;15;JAMBI;1501;150111;PESERTA DIDIK;JIWA;2023/2024 GENAP;P;PKBM;28
611;15;JAMBI;1501;150111;PESERTA DIDIK;JIWA;2023/2024 GENAP;P;SKB;0
612;15;JAMBI;1501;150111;PESERTA DIDIK;JIWA;2023/2024 GENAP;P;SD;760
613;15;JAMBI;1501;150111;PESERTA DIDIK;JIWA;2023/2024 GENAP;P;SMP;178
614;15;JAMBI;1501;150111;PESERTA DIDIK;JIWA;2023/2024 GENAP;P;SMA;168
615;15;JAMBI;1501;150111;PESERTA DIDIK;JIWA;2023/2024 GENAP;P;SMK;0
616;15;JAMBI;1501;150111;PESERTA DIDIK;JIWA;2023/2024 GENAP;P;SLB;47
617;15;JAMBI;1501;150107;PESERTA DIDIK;JIWA;2023/2024 GENAP;L;TK;52
618;15;JAMBI;1501;150107;PESERTA DIDIK;JIWA;2023/2024 GENAP;L;KB;51
619;15;JAMBI;1501;150107;PESERTA DIDIK;JIWA;2023/2024 GENAP;L;TPA;0
620;15;JAMBI;1501;150107;PESERTA DIDIK;JIWA;2023/2024 GENAP;L;SPS;0
621;15;JAMBI;1501;150107;PESERTA DIDIK;JIWA;2023/2024 GENAP;L;PKBM;0
622;15;JAMBI;1501;150107;PESERTA DIDIK;JIWA;2023/2024 GENAP;L;SKB;0
623;15;JAMBI;1501;150107;PESERTA DIDIK;JIWA;2023/2024 GENAP;L;SD;651
624;15;JAMBI;1501;150107;PESERTA DIDIK;JIWA;2023/2024 GENAP;L;SMP;236
625;15;JAMBI;1501;150107;PESERTA DIDIK;JIWA;2023/2024 GENAP;L;SMA;197
626;15;JAMBI;1501;150107;PESERTA DIDIK;JIWA;2023/2024 GENAP;L;SMK;0
627;15;JAMBI;1501;150107;PESERTA DIDIK;JIWA;2023/2024 GENAP;L;SLB;0
628;15;JAMBI;1501;150107;PESERTA DIDIK;JIWA;2023/2024 GENAP;P;TK;48
629;15;JAMBI;1501;150107;PESERTA DIDIK;JIWA;2023/2024 GENAP;P;KB;49
630;15;JAMBI;1501;150107;PESERTA DIDIK;JIWA;2023/2024 GENAP;P;TPA;0
631;15;JAMBI;1501;150107;PESERTA DIDIK;JIWA;2023/2024 GENAP;P;SPS;0
632;15;JAMBI;1501;150107;PESERTA DIDIK;JIWA;2023/2024 GENAP;P;PKBM;0
633;15;JAMBI;1501;150107;PESERTA DIDIK;JIWA;2023/2024 GENAP;P;SKB;0
634;15;JAMBI;1501;150107;PESERTA DIDIK;JIWA;2023/2024 GENAP;P;SD;696
635;15;JAMBI;1501;150107;PESERTA DIDIK;JIWA;2023/2024 GENAP;P;SMP;224
636;15;JAMBI;1501;150107;PESERTA DIDIK;JIWA;2023/2024 GENAP;P;SMA;197
637;15;JAMBI;1501;150107;PESERTA DIDIK;JIWA;2023/2024 GENAP;P;SMK;0
638;15;JAMBI;1501;150107;PESERTA DIDIK;JIWA;2023/2024 GENAP;P;SLB;0
639;15;JAMBI;1501;150120;PESERTA DIDIK;JIWA;2023/2024 GENAP;L;TK;71
640;15;JAMBI;1501;150120;PESERTA DIDIK;JIWA;2023/2024 GENAP;L;KB;194
641;15;JAMBI;1501;150120;PESERTA DIDIK;JIWA;2023/2024 GENAP;L;TPA;0
642;15;JAMBI;1501;150120;PESERTA DIDIK;JIWA;2023/2024 GENAP;L;SPS;0
643;15;JAMBI;1501;150120;PESERTA DIDIK;JIWA;2023/2024 GENAP;L;PKBM;0
644;15;JAMBI;1501;150120;PESERTA DIDIK;JIWA;2023/2024 GENAP;L;SKB;0
645;15;JAMBI;1501;150120;PESERTA DIDIK;JIWA;2023/2024 GENAP;L;SD;616
646;15;JAMBI;1501;150120;PESERTA DIDIK;JIWA;2023/2024 GENAP;L;SMP;108
647;15;JAMBI;1501;150120;PESERTA DIDIK;JIWA;2023/2024 GENAP;L;SMA;109
648;15;JAMBI;1501;150120;PESERTA DIDIK;JIWA;2023/2024 GENAP;L;SMK;0
649;15;JAMBI;1501;150120;PESERTA DIDIK;JIWA;2023/2024 GENAP;L;SLB;0
650;15;JAMBI;1501;150120;PESERTA DIDIK;JIWA;2023/2024 GENAP;P;TK;66
651;15;JAMBI;1501;150120;PESERTA DIDIK;JIWA;2023/2024 GENAP;P;KB;148
652;15;JAMBI;1501;150120;PESERTA DIDIK;JIWA;2023/2024 GENAP;P;TPA;0
653;15;JAMBI;1501;150120;PESERTA DIDIK;JIWA;2023/2024 GENAP;P;SPS;0
654;15;JAMBI;1501;150120;PESERTA DIDIK;JIWA;2023/2024 GENAP;P;PKBM;0
655;15;JAMBI;1501;150120;PESERTA DIDIK;JIWA;2023/2024 GENAP;P;SKB;0
656;15;JAMBI;1501;150120;PESERTA DIDIK;JIWA;2023/2024 GENAP;P;SD;518
657;15;JAMBI;1501;150120;PESERTA DIDIK;JIWA;2023/2024 GENAP;P;SMP;142
658;15;JAMBI;1501;150120;PESERTA DIDIK;JIWA;2023/2024 GENAP;P;SMA;103
659;15;JAMBI;1501;150120;PESERTA DIDIK;JIWA;2023/2024 GENAP;P;SMK;0
660;15;JAMBI;1501;150120;PESERTA DIDIK;JIWA;2023/2024 GENAP;P;SLB;0
661;15;JAMBI;1501;150102;PESERTA DIDIK;JIWA;2023/2024 GENAP;L;TK;69
662;15;JAMBI;1501;150102;PESERTA DIDIK;JIWA;2023/2024 GENAP;L;KB;197
663;15;JAMBI;1501;150102;PESERTA DIDIK;JIWA;2023/2024 GENAP;L;TPA;0
664;15;JAMBI;1501;150102;PESERTA DIDIK;JIWA;2023/2024 GENAP;L;SPS;0
665;15;JAMBI;1501;150102;PESERTA DIDIK;JIWA;2023/2024 GENAP;L;PKBM;28
666;15;JAMBI;1501;150102;PESERTA DIDIK;JIWA;2023/2024 GENAP;L;SKB;0
667;15;JAMBI;1501;150102;PESERTA DIDIK;JIWA;2023/2024 GENAP;L;SD;753
668;15;JAMBI;1501;150102;PESERTA DIDIK;JIWA;2023/2024 GENAP;L;SMP;308
669;15;JAMBI;1501;150102;PESERTA DIDIK;JIWA;2023/2024 GENAP;L;SMA;254
670;15;JAMBI;1501;150102;PESERTA DIDIK;JIWA;2023/2024 GENAP;L;SMK;108
671;15;JAMBI;1501;150102;PESERTA DIDIK;JIWA;2023/2024 GENAP;L;SLB;0
672;15;JAMBI;1501;150102;PESERTA DIDIK;JIWA;2023/2024 GENAP;P;TK;75
673;15;JAMBI;1501;150102;PESERTA DIDIK;JIWA;2023/2024 GENAP;P;KB;181
674;15;JAMBI;1501;150102;PESERTA DIDIK;JIWA;2023/2024 GENAP;P;TPA;0
675;15;JAMBI;1501;150102;PESERTA DIDIK;JIWA;2023/2024 GENAP;P;SPS;0
676;15;JAMBI;1501;150102;PESERTA DIDIK;JIWA;2023/2024 GENAP;P;PKBM;25
677;15;JAMBI;1501;150102;PESERTA DIDIK;JIWA;2023/2024 GENAP;P;SKB;0
678;15;JAMBI;1501;150102;PESERTA DIDIK;JIWA;2023/2024 GENAP;P;SD;599
679;15;JAMBI;1501;150102;PESERTA DIDIK;JIWA;2023/2024 GENAP;P;SMP;320
680;15;JAMBI;1501;150102;PESERTA DIDIK;JIWA;2023/2024 GENAP;P;SMA;261
681;15;JAMBI;1501;150102;PESERTA DIDIK;JIWA;2023/2024 GENAP;P;SMK;50
682;15;JAMBI;1501;150102;PESERTA DIDIK;JIWA;2023/2024 GENAP;P;SLB;0
683;15;JAMBI;1501;150117;PESERTA DIDIK;JIWA;2023/2024 GENAP;L;TK;87
684;15;JAMBI;1501;150117;PESERTA DIDIK;JIWA;2023/2024 GENAP;L;KB;342
685;15;JAMBI;1501;150117;PESERTA DIDIK;JIWA;2023/2024 GENAP;L;TPA;0
686;15;JAMBI;1501;150117;PESERTA DIDIK;JIWA;2023/2024 GENAP;L;SPS;64
687;15;JAMBI;1501;150117;PESERTA DIDIK;JIWA;2023/2024 GENAP;L;PKBM;20
688;15;JAMBI;1501;150117;PESERTA DIDIK;JIWA;2023/2024 GENAP;L;SKB;0
689;15;JAMBI;1501;150117;PESERTA DIDIK;JIWA;2023/2024 GENAP;L;SD;606
690;15;JAMBI;1501;150117;PESERTA DIDIK;JIWA;2023/2024 GENAP;L;SMP;95
691;15;JAMBI;1501;150117;PESERTA DIDIK;JIWA;2023/2024 GENAP;L;SMA;0
692;15;JAMBI;1501;150117;PESERTA DIDIK;JIWA;2023/2024 GENAP;L;SMK;33
693;15;JAMBI;1501;150117;PESERTA DIDIK;JIWA;2023/2024 GENAP;L;SLB;0
694;15;JAMBI;1501;150117;PESERTA DIDIK;JIWA;2023/2024 GENAP;P;TK;99
695;15;JAMBI;1501;150117;PESERTA DIDIK;JIWA;2023/2024 GENAP;P;KB;336
696;15;JAMBI;1501;150117;PESERTA DIDIK;JIWA;2023/2024 GENAP;P;TPA;0
697;15;JAMBI;1501;150117;PESERTA DIDIK;JIWA;2023/2024 GENAP;P;SPS;67
698;15;JAMBI;1501;150117;PESERTA DIDIK;JIWA;2023/2024 GENAP;P;PKBM;41
699;15;JAMBI;1501;150117;PESERTA DIDIK;JIWA;2023/2024 GENAP;P;SKB;0
700;15;JAMBI;1501;150117;PESERTA DIDIK;JIWA;2023/2024 GENAP;P;SD;580
701;15;JAMBI;1501;150117;PESERTA DIDIK;JIWA;2023/2024 GENAP;P;SMP;61
702;15;JAMBI;1501;150117;PESERTA DIDIK;JIWA;2023/2024 GENAP;P;SMA;0
703;15;JAMBI;1501;150117;PESERTA DIDIK;JIWA;2023/2024 GENAP;P;SMK;62
704;15;JAMBI;1501;150117;PESERTA DIDIK;JIWA;2023/2024 GENAP;P;SLB;0
705;15;JAMBI;1501;150106;PESERTA DIDIK;JIWA;2023/2024 GENAP;L;TK;13
706;15;JAMBI;1501;150106;PESERTA DIDIK;JIWA;2023/2024 GENAP;L;KB;379
707;15;JAMBI;1501;150106;PESERTA DIDIK;JIWA;2023/2024 GENAP;L;TPA;0
708;15;JAMBI;1501;150106;PESERTA DIDIK;JIWA;2023/2024 GENAP;L;SPS;0
709;15;JAMBI;1501;150106;PESERTA DIDIK;JIWA;2023/2024 GENAP;L;PKBM;193
710;15;JAMBI;1501;150106;PESERTA DIDIK;JIWA;2023/2024 GENAP;L;SKB;0
711;15;JAMBI;1501;150106;PESERTA DIDIK;JIWA;2023/2024 GENAP;L;SD;635
712;15;JAMBI;1501;150106;PESERTA DIDIK;JIWA;2023/2024 GENAP;L;SMP;191
713;15;JAMBI;1501;150106;PESERTA DIDIK;JIWA;2023/2024 GENAP;L;SMA;100
714;15;JAMBI;1501;150106;PESERTA DIDIK;JIWA;2023/2024 GENAP;L;SMK;0
715;15;JAMBI;1501;150106;PESERTA DIDIK;JIWA;2023/2024 GENAP;L;SLB;14
716;15;JAMBI;1501;150106;PESERTA DIDIK;JIWA;2023/2024 GENAP;P;TK;18
717;15;JAMBI;1501;150106;PESERTA DIDIK;JIWA;2023/2024 GENAP;P;KB;322
718;15;JAMBI;1501;150106;PESERTA DIDIK;JIWA;2023/2024 GENAP;P;TPA;0
719;15;JAMBI;1501;150106;PESERTA DIDIK;JIWA;2023/2024 GENAP;P;SPS;0
720;15;JAMBI;1501;150106;PESERTA DIDIK;JIWA;2023/2024 GENAP;P;PKBM;145
721;15;JAMBI;1501;150106;PESERTA DIDIK;JIWA;2023/2024 GENAP;P;SKB;0
722;15;JAMBI;1501;150106;PESERTA DIDIK;JIWA;2023/2024 GENAP;P;SD;559
723;15;JAMBI;1501;150106;PESERTA DIDIK;JIWA;2023/2024 GENAP;P;SMP;162
724;15;JAMBI;1501;150106;PESERTA DIDIK;JIWA;2023/2024 GENAP;P;SMA;111
725;15;JAMBI;1501;150106;PESERTA DIDIK;JIWA;2023/2024 GENAP;P;SMK;0
726;15;JAMBI;1501;150106;PESERTA DIDIK;JIWA;2023/2024 GENAP;P;SLB;12
727;15;JAMBI;1501;150101;PESERTA DIDIK;JIWA;2023/2024 GENAP;L;TK;47
728;15;JAMBI;1501;150101;PESERTA DIDIK;JIWA;2023/2024 GENAP;L;KB;69
729;15;JAMBI;1501;150101;PESERTA DIDIK;JIWA;2023/2024 GENAP;L;TPA;0
730;15;JAMBI;1501;150101;PESERTA DIDIK;JIWA;2023/2024 GENAP;L;SPS;0
731;15;JAMBI;1501;150101;PESERTA DIDIK;JIWA;2023/2024 GENAP;L;PKBM;0
732;15;JAMBI;1501;150101;PESERTA DIDIK;JIWA;2023/2024 GENAP;L;SKB;0
733;15;JAMBI;1501;150101;PESERTA DIDIK;JIWA;2023/2024 GENAP;L;SD;472
734;15;JAMBI;1501;150101;PESERTA DIDIK;JIWA;2023/2024 GENAP;L;SMP;124
735;15;JAMBI;1501;150101;PESERTA DIDIK;JIWA;2023/2024 GENAP;L;SMA;97
736;15;JAMBI;1501;150101;PESERTA DIDIK;JIWA;2023/2024 GENAP;L;SMK;0
737;15;JAMBI;1501;150101;PESERTA DIDIK;JIWA;2023/2024 GENAP;L;SLB;0
738;15;JAMBI;1501;150101;PESERTA DIDIK;JIWA;2023/2024 GENAP;P;TK;41
739;15;JAMBI;1501;150101;PESERTA DIDIK;JIWA;2023/2024 GENAP;P;KB;72
740;15;JAMBI;1501;150101;PESERTA DIDIK;JIWA;2023/2024 GENAP;P;TPA;0
741;15;JAMBI;1501;150101;PESERTA DIDIK;JIWA;2023/2024 GENAP;P;SPS;0
742;15;JAMBI;1501;150101;PESERTA DIDIK;JIWA;2023/2024 GENAP;P;PKBM;0
743;15;JAMBI;1501;150101;PESERTA DIDIK;JIWA;2023/2024 GENAP;P;SKB;0
744;15;JAMBI;1501;150101;PESERTA DIDIK;JIWA;2023/2024 GENAP;P;SD;417
745;15;JAMBI;1501;150101;PESERTA DIDIK;JIWA;2023/2024 GENAP;P;SMP;135
746;15;JAMBI;1501;150101;PESERTA DIDIK;JIWA;2023/2024 GENAP;P;SMA;89
747;15;JAMBI;1501;150101;PESERTA DIDIK;JIWA;2023/2024 GENAP;P;SMK;0
748;15;JAMBI;1501;150101;PESERTA DIDIK;JIWA;2023/2024 GENAP;P;SLB;0
749;15;JAMBI;1501;150115;PESERTA DIDIK;JIWA;2023/2024 GENAP;L;TK;38
750;15;JAMBI;1501;150115;PESERTA DIDIK;JIWA;2023/2024 GENAP;L;KB;71
751;15;JAMBI;1501;150115;PESERTA DIDIK;JIWA;2023/2024 GENAP;L;TPA;0
752;15;JAMBI;1501;150115;PESERTA DIDIK;JIWA;2023/2024 GENAP;L;SPS;0
753;15;JAMBI;1501;150115;PESERTA DIDIK;JIWA;2023/2024 GENAP;L;PKBM;83
754;15;JAMBI;1501;150115;PESERTA DIDIK;JIWA;2023/2024 GENAP;L;SKB;0
755;15;JAMBI;1501;150115;PESERTA DIDIK;JIWA;2023/2024 GENAP;L;SD;1.100
756;15;JAMBI;1501;150115;PESERTA DIDIK;JIWA;2023/2024 GENAP;L;SMP;228
757;15;JAMBI;1501;150115;PESERTA DIDIK;JIWA;2023/2024 GENAP;L;SMA;0
758;15;JAMBI;1501;150115;PESERTA DIDIK;JIWA;2023/2024 GENAP;L;SMK;107
759;15;JAMBI;1501;150115;PESERTA DIDIK;JIWA;2023/2024 GENAP;L;SLB;0
760;15;JAMBI;1501;150115;PESERTA DIDIK;JIWA;2023/2024 GENAP;P;TK;39
761;15;JAMBI;1501;150115;PESERTA DIDIK;JIWA;2023/2024 GENAP;P;KB;79
762;15;JAMBI;1501;150115;PESERTA DIDIK;JIWA;2023/2024 GENAP;P;TPA;0
763;15;JAMBI;1501;150115;PESERTA DIDIK;JIWA;2023/2024 GENAP;P;SPS;0
764;15;JAMBI;1501;150115;PESERTA DIDIK;JIWA;2023/2024 GENAP;P;PKBM;62
765;15;JAMBI;1501;150115;PESERTA DIDIK;JIWA;2023/2024 GENAP;P;SKB;0
766;15;JAMBI;1501;150115;PESERTA DIDIK;JIWA;2023/2024 GENAP;P;SD;1.045
767;15;JAMBI;1501;150115;PESERTA DIDIK;JIWA;2023/2024 GENAP;P;SMP;220
768;15;JAMBI;1501;150115;PESERTA DIDIK;JIWA;2023/2024 GENAP;P;SMA;0
769;15;JAMBI;1501;150115;PESERTA DIDIK;JIWA;2023/2024 GENAP;P;SMK;71
770;15;JAMBI;1501;150115;PESERTA DIDIK;JIWA;2023/2024 GENAP;P;SLB;0
771;15;JAMBI;1501;150109;PESERTA DIDIK;JIWA;2023/2024 GENAP;L;TK;173
772;15;JAMBI;1501;150109;PESERTA DIDIK;JIWA;2023/2024 GENAP;L;KB;171
773;15;JAMBI;1501;150109;PESERTA DIDIK;JIWA;2023/2024 GENAP;L;TPA;0
774;15;JAMBI;1501;150109;PESERTA DIDIK;JIWA;2023/2024 GENAP;L;SPS;0
775;15;JAMBI;1501;150109;PESERTA DIDIK;JIWA;2023/2024 GENAP;L;PKBM;28
776;15;JAMBI;1501;150109;PESERTA DIDIK;JIWA;2023/2024 GENAP;L;SKB;0
777;15;JAMBI;1501;150109;PESERTA DIDIK;JIWA;2023/2024 GENAP;L;SD;1.035
778;15;JAMBI;1501;150109;PESERTA DIDIK;JIWA;2023/2024 GENAP;L;SMP;413
779;15;JAMBI;1501;150109;PESERTA DIDIK;JIWA;2023/2024 GENAP;L;SMA;359
780;15;JAMBI;1501;150109;PESERTA DIDIK;JIWA;2023/2024 GENAP;L;SMK;140
781;15;JAMBI;1501;150109;PESERTA DIDIK;JIWA;2023/2024 GENAP;L;SLB;0
782;15;JAMBI;1501;150109;PESERTA DIDIK;JIWA;2023/2024 GENAP;P;TK;175
783;15;JAMBI;1501;150109;PESERTA DIDIK;JIWA;2023/2024 GENAP;P;KB;222
784;15;JAMBI;1501;150109;PESERTA DIDIK;JIWA;2023/2024 GENAP;P;TPA;0
785;15;JAMBI;1501;150109;PESERTA DIDIK;JIWA;2023/2024 GENAP;P;SPS;0
786;15;JAMBI;1501;150109;PESERTA DIDIK;JIWA;2023/2024 GENAP;P;PKBM;29
787;15;JAMBI;1501;150109;PESERTA DIDIK;JIWA;2023/2024 GENAP;P;SKB;0
788;15;JAMBI;1501;150109;PESERTA DIDIK;JIWA;2023/2024 GENAP;P;SD;892
789;15;JAMBI;1501;150109;PESERTA DIDIK;JIWA;2023/2024 GENAP;P;SMP;334
790;15;JAMBI;1501;150109;PESERTA DIDIK;JIWA;2023/2024 GENAP;P;SMA;582
791;15;JAMBI;1501;150109;PESERTA DIDIK;JIWA;2023/2024 GENAP;P;SMK;87
792;15;JAMBI;1501;150109;PESERTA DIDIK;JIWA;2023/2024 GENAP;P;SLB;0
793;15;JAMBI;1501;150119;PESERTA DIDIK;JIWA;2023/2024 GENAP;L;TK;59
794;15;JAMBI;1501;150119;PESERTA DIDIK;JIWA;2023/2024 GENAP;L;KB;199
795;15;JAMBI;1501;150119;PESERTA DIDIK;JIWA;2023/2024 GENAP;L;TPA;0
796;15;JAMBI;1501;150119;PESERTA DIDIK;JIWA;2023/2024 GENAP;L;SPS;0
797;15;JAMBI;1501;150119;PESERTA DIDIK;JIWA;2023/2024 GENAP;L;PKBM;0
798;15;JAMBI;1501;150119;PESERTA DIDIK;JIWA;2023/2024 GENAP;L;SKB;0
799;15;JAMBI;1501;150119;PESERTA DIDIK;JIWA;2023/2024 GENAP;L;SD;964
800;15;JAMBI;1501;150119;PESERTA DIDIK;JIWA;2023/2024 GENAP;L;SMP;517
801;15;JAMBI;1501;150119;PESERTA DIDIK;JIWA;2023/2024 GENAP;L;SMA;0
802;15;JAMBI;1501;150119;PESERTA DIDIK;JIWA;2023/2024 GENAP;L;SMK;401
803;15;JAMBI;1501;150119;PESERTA DIDIK;JIWA;2023/2024 GENAP;L;SLB;0
804;15;JAMBI;1501;150119;PESERTA DIDIK;JIWA;2023/2024 GENAP;P;TK;49
805;15;JAMBI;1501;150119;PESERTA DIDIK;JIWA;2023/2024 GENAP;P;KB;201
806;15;JAMBI;1501;150119;PESERTA DIDIK;JIWA;2023/2024 GENAP;P;TPA;0
807;15;JAMBI;1501;150119;PESERTA DIDIK;JIWA;2023/2024 GENAP;P;SPS;0
808;15;JAMBI;1501;150119;PESERTA DIDIK;JIWA;2023/2024 GENAP;P;PKBM;0
809;15;JAMBI;1501;150119;PESERTA DIDIK;JIWA;2023/2024 GENAP;P;SKB;0
810;15;JAMBI;1501;150119;PESERTA DIDIK;JIWA;2023/2024 GENAP;P;SD;910
811;15;JAMBI;1501;150119;PESERTA DIDIK;JIWA;2023/2024 GENAP;P;SMP;422
812;15;JAMBI;1501;150119;PESERTA DIDIK;JIWA;2023/2024 GENAP;P;SMA;0
813;15;JAMBI;1501;150119;PESERTA DIDIK;JIWA;2023/2024 GENAP;P;SMK;232
814;15;JAMBI;1501;150119;PESERTA DIDIK;JIWA;2023/2024 GENAP;P;SLB;0
815;15;JAMBI;1501;150108;PESERTA DIDIK;JIWA;2023/2024 GENAP;L;TK;112
816;15;JAMBI;1501;150108;PESERTA DIDIK;JIWA;2023/2024 GENAP;L;KB;209
817;15;JAMBI;1501;150108;PESERTA DIDIK;JIWA;2023/2024 GENAP;L;TPA;0
818;15;JAMBI;1501;150108;PESERTA DIDIK;JIWA;2023/2024 GENAP;L;SPS;25
819;15;JAMBI;1501;150108;PESERTA DIDIK;JIWA;2023/2024 GENAP;L;PKBM;66
820;15;JAMBI;1501;150108;PESERTA DIDIK;JIWA;2023/2024 GENAP;L;SKB;0
821;15;JAMBI;1501;150108;PESERTA DIDIK;JIWA;2023/2024 GENAP;L;SD;929
822;15;JAMBI;1501;150108;PESERTA DIDIK;JIWA;2023/2024 GENAP;L;SMP;255
823;15;JAMBI;1501;150108;PESERTA DIDIK;JIWA;2023/2024 GENAP;L;SMA;132
824;15;JAMBI;1501;150108;PESERTA DIDIK;JIWA;2023/2024 GENAP;L;SMK;79
825;15;JAMBI;1501;150108;PESERTA DIDIK;JIWA;2023/2024 GENAP;L;SLB;0
826;15;JAMBI;1501;150108;PESERTA DIDIK;JIWA;2023/2024 GENAP;P;TK;99
827;15;JAMBI;1501;150108;PESERTA DIDIK;JIWA;2023/2024 GENAP;P;KB;193
828;15;JAMBI;1501;150108;PESERTA DIDIK;JIWA;2023/2024 GENAP;P;TPA;0
829;15;JAMBI;1501;150108;PESERTA DIDIK;JIWA;2023/2024 GENAP;P;SPS;25
830;15;JAMBI;1501;150108;PESERTA DIDIK;JIWA;2023/2024 GENAP;P;PKBM;31
831;15;JAMBI;1501;150108;PESERTA DIDIK;JIWA;2023/2024 GENAP;P;SKB;0
832;15;JAMBI;1501;150108;PESERTA DIDIK;JIWA;2023/2024 GENAP;P;SD;891
833;15;JAMBI;1501;150108;PESERTA DIDIK;JIWA;2023/2024 GENAP;P;SMP;200
834;15;JAMBI;1501;150108;PESERTA DIDIK;JIWA;2023/2024 GENAP;P;SMA;153
835;15;JAMBI;1501;150108;PESERTA DIDIK;JIWA;2023/2024 GENAP;P;SMK;40
836;15;JAMBI;1501;150108;PESERTA DIDIK;JIWA;2023/2024 GENAP;P;SLB;0
837;15;JAMBI;1501;150104;PESERTA DIDIK;JIWA;2023/2024 GENAP;L;TK;59
838;15;JAMBI;1501;150104;PESERTA DIDIK;JIWA;2023/2024 GENAP;L;KB;134
839;15;JAMBI;1501;150104;PESERTA DIDIK;JIWA;2023/2024 GENAP;L;TPA;0
840;15;JAMBI;1501;150104;PESERTA DIDIK;JIWA;2023/2024 GENAP;L;SPS;0
841;15;JAMBI;1501;150104;PESERTA DIDIK;JIWA;2023/2024 GENAP;L;PKBM;65
842;15;JAMBI;1501;150104;PESERTA DIDIK;JIWA;2023/2024 GENAP;L;SKB;0
843;15;JAMBI;1501;150104;PESERTA DIDIK;JIWA;2023/2024 GENAP;L;SD;463
844;15;JAMBI;1501;150104;PESERTA DIDIK;JIWA;2023/2024 GENAP;L;SMP;103
845;15;JAMBI;1501;150104;PESERTA DIDIK;JIWA;2023/2024 GENAP;L;SMA;157
846;15;JAMBI;1501;150104;PESERTA DIDIK;JIWA;2023/2024 GENAP;L;SMK;0
847;15;JAMBI;1501;150104;PESERTA DIDIK;JIWA;2023/2024 GENAP;L;SLB;0
848;15;JAMBI;1501;150104;PESERTA DIDIK;JIWA;2023/2024 GENAP;P;TK;56
849;15;JAMBI;1501;150104;PESERTA DIDIK;JIWA;2023/2024 GENAP;P;KB;120
850;15;JAMBI;1501;150104;PESERTA DIDIK;JIWA;2023/2024 GENAP;P;TPA;0
851;15;JAMBI;1501;150104;PESERTA DIDIK;JIWA;2023/2024 GENAP;P;SPS;0
852;15;JAMBI;1501;150104;PESERTA DIDIK;JIWA;2023/2024 GENAP;P;PKBM;19
853;15;JAMBI;1501;150104;PESERTA DIDIK;JIWA;2023/2024 GENAP;P;SKB;0
854;15;JAMBI;1501;150104;PESERTA DIDIK;JIWA;2023/2024 GENAP;P;SD;382
855;15;JAMBI;1501;150104;PESERTA DIDIK;JIWA;2023/2024 GENAP;P;SMP;116
856;15;JAMBI;1501;150104;PESERTA DIDIK;JIWA;2023/2024 GENAP;P;SMA;162
857;15;JAMBI;1501;150104;PESERTA DIDIK;JIWA;2023/2024 GENAP;P;SMK;0
858;15;JAMBI;1501;150104;PESERTA DIDIK;JIWA;2023/2024 GENAP;P;SLB;0
859;15;JAMBI;1501;150116;PESERTA DIDIK;JIWA;2023/2024 GENAP;L;TK;143
860;15;JAMBI;1501;150116;PESERTA DIDIK;JIWA;2023/2024 GENAP;L;KB;545
861;15;JAMBI;1501;150116;PESERTA DIDIK;JIWA;2023/2024 GENAP;L;TPA;0
862;15;JAMBI;1501;150116;PESERTA DIDIK;JIWA;2023/2024 GENAP;L;SPS;88
863;15;JAMBI;1501;150116;PESERTA DIDIK;JIWA;2023/2024 GENAP;L;PKBM;137
864;15;JAMBI;1501;150116;PESERTA DIDIK;JIWA;2023/2024 GENAP;L;SKB;0
865;15;JAMBI;1501;150116;PESERTA DIDIK;JIWA;2023/2024 GENAP;L;SD;927
866;15;JAMBI;1501;150116;PESERTA DIDIK;JIWA;2023/2024 GENAP;L;SMP;292
867;15;JAMBI;1501;150116;PESERTA DIDIK;JIWA;2023/2024 GENAP;L;SMA;321
868;15;JAMBI;1501;150116;PESERTA DIDIK;JIWA;2023/2024 GENAP;L;SMK;0
869;15;JAMBI;1501;150116;PESERTA DIDIK;JIWA;2023/2024 GENAP;L;SLB;0
870;15;JAMBI;1501;150116;PESERTA DIDIK;JIWA;2023/2024 GENAP;P;TK;129
871;15;JAMBI;1501;150116;PESERTA DIDIK;JIWA;2023/2024 GENAP;P;KB;500
872;15;JAMBI;1501;150116;PESERTA DIDIK;JIWA;2023/2024 GENAP;P;TPA;0
873;15;JAMBI;1501;150116;PESERTA DIDIK;JIWA;2023/2024 GENAP;P;SPS;93
874;15;JAMBI;1501;150116;PESERTA DIDIK;JIWA;2023/2024 GENAP;P;PKBM;150
875;15;JAMBI;1501;150116;PESERTA DIDIK;JIWA;2023/2024 GENAP;P;SKB;0
876;15;JAMBI;1501;150116;PESERTA DIDIK;JIWA;2023/2024 GENAP;P;SD;919
877;15;JAMBI;1501;150116;PESERTA DIDIK;JIWA;2023/2024 GENAP;P;SMP;295
878;15;JAMBI;1501;150116;PESERTA DIDIK;JIWA;2023/2024 GENAP;P;SMA;400
879;15;JAMBI;1501;150116;PESERTA DIDIK;JIWA;2023/2024 GENAP;P;SMK;0
880;15;JAMBI;1501;150116;PESERTA DIDIK;JIWA;2023/2024 GENAP;P;SLB;0
881;15;JAMBI;1501;150118;PESERTA DIDIK;JIWA;2023/2024 GENAP;L;TK;119
882;15;JAMBI;1501;150118;PESERTA DIDIK;JIWA;2023/2024 GENAP;L;KB;151
883;15;JAMBI;1501;150118;PESERTA DIDIK;JIWA;2023/2024 GENAP;L;TPA;16
884;15;JAMBI;1501;150118;PESERTA DIDIK;JIWA;2023/2024 GENAP;L;SPS;0
885;15;JAMBI;1501;150118;PESERTA DIDIK;JIWA;2023/2024 GENAP;L;PKBM;122
886;15;JAMBI;1501;150118;PESERTA DIDIK;JIWA;2023/2024 GENAP;L;SKB;0
887;15;JAMBI;1501;150118;PESERTA DIDIK;JIWA;2023/2024 GENAP;L;SD;482
888;15;JAMBI;1501;150118;PESERTA DIDIK;JIWA;2023/2024 GENAP;L;SMP;192
889;15;JAMBI;1501;150118;PESERTA DIDIK;JIWA;2023/2024 GENAP;L;SMA;49
890;15;JAMBI;1501;150118;PESERTA DIDIK;JIWA;2023/2024 GENAP;L;SMK;172
891;15;JAMBI;1501;150118;PESERTA DIDIK;JIWA;2023/2024 GENAP;L;SLB;0
892;15;JAMBI;1501;150118;PESERTA DIDIK;JIWA;2023/2024 GENAP;P;TK;113
893;15;JAMBI;1501;150118;PESERTA DIDIK;JIWA;2023/2024 GENAP;P;KB;140
894;15;JAMBI;1501;150118;PESERTA DIDIK;JIWA;2023/2024 GENAP;P;TPA;17
895;15;JAMBI;1501;150118;PESERTA DIDIK;JIWA;2023/2024 GENAP;P;SPS;0
896;15;JAMBI;1501;150118;PESERTA DIDIK;JIWA;2023/2024 GENAP;P;PKBM;110
897;15;JAMBI;1501;150118;PESERTA DIDIK;JIWA;2023/2024 GENAP;P;SKB;0
898;15;JAMBI;1501;150118;PESERTA DIDIK;JIWA;2023/2024 GENAP;P;SD;451
899;15;JAMBI;1501;150118;PESERTA DIDIK;JIWA;2023/2024 GENAP;P;SMP;157
900;15;JAMBI;1501;150118;PESERTA DIDIK;JIWA;2023/2024 GENAP;P;SMA;46
901;15;JAMBI;1501;150118;PESERTA DIDIK;JIWA;2023/2024 GENAP;P;SMK;48
902;15;JAMBI;1501;150118;PESERTA DIDIK;JIWA;2023/2024 GENAP;P;SLB;0
903;15;JAMBI;1501;150122;PESERTA DIDIK;JIWA;2023/2024 GENAP;L;TK;0
904;15;JAMBI;1501;150122;PESERTA DIDIK;JIWA;2023/2024 GENAP;L;KB;101
905;15;JAMBI;1501;150122;PESERTA DIDIK;JIWA;2023/2024 GENAP;L;TPA;0
906;15;JAMBI;1501;150122;PESERTA DIDIK;JIWA;2023/2024 GENAP;L;SPS;0
907;15;JAMBI;1501;150122;PESERTA DIDIK;JIWA;2023/2024 GENAP;L;PKBM;0
908;15;JAMBI;1501;150122;PESERTA DIDIK;JIWA;2023/2024 GENAP;L;SKB;0
909;15;JAMBI;1501;150122;PESERTA DIDIK;JIWA;2023/2024 GENAP;L;SD;0
910;15;JAMBI;1501;150122;PESERTA DIDIK;JIWA;2023/2024 GENAP;L;SMP;0
911;15;JAMBI;1501;150122;PESERTA DIDIK;JIWA;2023/2024 GENAP;L;SMA;0
912;15;JAMBI;1501;150122;PESERTA DIDIK;JIWA;2023/2024 GENAP;L;SMK;0
913;15;JAMBI;1501;150122;PESERTA DIDIK;JIWA;2023/2024 GENAP;L;SLB;0
914;15;JAMBI;1501;150122;PESERTA DIDIK;JIWA;2023/2024 GENAP;P;TK;0
915;15;JAMBI;1501;150122;PESERTA DIDIK;JIWA;2023/2024 GENAP;P;KB;89
916;15;JAMBI;1501;150122;PESERTA DIDIK;JIWA;2023/2024 GENAP;P;TPA;0
917;15;JAMBI;1501;150122;PESERTA DIDIK;JIWA;2023/2024 GENAP;P;SPS;0
918;15;JAMBI;1501;150122;PESERTA DIDIK;JIWA;2023/2024 GENAP;P;PKBM;0
919;15;JAMBI;1501;150122;PESERTA DIDIK;JIWA;2023/2024 GENAP;P;SKB;0
920;15;JAMBI;1501;150122;PESERTA DIDIK;JIWA;2023/2024 GENAP;P;SD;0
921;15;JAMBI;1501;150122;PESERTA DIDIK;JIWA;2023/2024 GENAP;P;SMP;0
922;15;JAMBI;1501;150122;PESERTA DIDIK;JIWA;2023/2024 GENAP;P;SMA;0
923;15;JAMBI;1501;150122;PESERTA DIDIK;JIWA;2023/2024 GENAP;P;SMK;0
924;15;JAMBI;1501;150122;PESERTA DIDIK;JIWA;2023/2024 GENAP;P;SLB;0
925;15;JAMBI;1571;157109;PESERTA DIDIK;JIWA;2023/2024 GENAP;L;TK;719
926;15;JAMBI;1571;157109;PESERTA DIDIK;JIWA;2023/2024 GENAP;L;KB;240
927;15;JAMBI;1571;157109;PESERTA DIDIK;JIWA;2023/2024 GENAP;L;TPA;47
928;15;JAMBI;1571;157109;PESERTA DIDIK;JIWA;2023/2024 GENAP;L;SPS;54
929;15;JAMBI;1571;157109;PESERTA DIDIK;JIWA;2023/2024 GENAP;L;PKBM;0
930;15;JAMBI;1571;157109;PESERTA DIDIK;JIWA;2023/2024 GENAP;L;SKB;0
931;15;JAMBI;1571;157109;PESERTA DIDIK;JIWA;2023/2024 GENAP;L;SD;4.300
932;15;JAMBI;1571;157109;PESERTA DIDIK;JIWA;2023/2024 GENAP;L;SMP;1.400
933;15;JAMBI;1571;157109;PESERTA DIDIK;JIWA;2023/2024 GENAP;L;SMA;1.313
934;15;JAMBI;1571;157109;PESERTA DIDIK;JIWA;2023/2024 GENAP;L;SMK;1.655
935;15;JAMBI;1571;157109;PESERTA DIDIK;JIWA;2023/2024 GENAP;L;SLB;6
936;15;JAMBI;1571;157109;PESERTA DIDIK;JIWA;2023/2024 GENAP;P;TK;706
937;15;JAMBI;1571;157109;PESERTA DIDIK;JIWA;2023/2024 GENAP;P;KB;254
938;15;JAMBI;1571;157109;PESERTA DIDIK;JIWA;2023/2024 GENAP;P;TPA;51
939;15;JAMBI;1571;157109;PESERTA DIDIK;JIWA;2023/2024 GENAP;P;SPS;71
940;15;JAMBI;1571;157109;PESERTA DIDIK;JIWA;2023/2024 GENAP;P;PKBM;0
941;15;JAMBI;1571;157109;PESERTA DIDIK;JIWA;2023/2024 GENAP;P;SKB;0
942;15;JAMBI;1571;157109;PESERTA DIDIK;JIWA;2023/2024 GENAP;P;SD;3.799
943;15;JAMBI;1571;157109;PESERTA DIDIK;JIWA;2023/2024 GENAP;P;SMP;1.423
944;15;JAMBI;1571;157109;PESERTA DIDIK;JIWA;2023/2024 GENAP;P;SMA;1.290
945;15;JAMBI;1571;157109;PESERTA DIDIK;JIWA;2023/2024 GENAP;P;SMK;90
946;15;JAMBI;1571;157109;PESERTA DIDIK;JIWA;2023/2024 GENAP;P;SLB;3
947;15;JAMBI;1571;157110;PESERTA DIDIK;JIWA;2023/2024 GENAP;L;TK;396
948;15;JAMBI;1571;157110;PESERTA DIDIK;JIWA;2023/2024 GENAP;L;KB;145
949;15;JAMBI;1571;157110;PESERTA DIDIK;JIWA;2023/2024 GENAP;L;TPA;5
950;15;JAMBI;1571;157110;PESERTA DIDIK;JIWA;2023/2024 GENAP;L;SPS;9
951;15;JAMBI;1571;157110;PESERTA DIDIK;JIWA;2023/2024 GENAP;L;PKBM;0
952;15;JAMBI;1571;157110;PESERTA DIDIK;JIWA;2023/2024 GENAP;L;SKB;0
953;15;JAMBI;1571;157110;PESERTA DIDIK;JIWA;2023/2024 GENAP;L;SD;1.801
954;15;JAMBI;1571;157110;PESERTA DIDIK;JIWA;2023/2024 GENAP;L;SMP;905
955;15;JAMBI;1571;157110;PESERTA DIDIK;JIWA;2023/2024 GENAP;L;SMA;1.109
956;15;JAMBI;1571;157110;PESERTA DIDIK;JIWA;2023/2024 GENAP;L;SMK;592
957;15;JAMBI;1571;157110;PESERTA DIDIK;JIWA;2023/2024 GENAP;L;SLB;87
958;15;JAMBI;1571;157110;PESERTA DIDIK;JIWA;2023/2024 GENAP;P;TK;370
959;15;JAMBI;1571;157110;PESERTA DIDIK;JIWA;2023/2024 GENAP;P;KB;166
960;15;JAMBI;1571;157110;PESERTA DIDIK;JIWA;2023/2024 GENAP;P;TPA;8
961;15;JAMBI;1571;157110;PESERTA DIDIK;JIWA;2023/2024 GENAP;P;SPS;10
962;15;JAMBI;1571;157110;PESERTA DIDIK;JIWA;2023/2024 GENAP;P;PKBM;0
963;15;JAMBI;1571;157110;PESERTA DIDIK;JIWA;2023/2024 GENAP;P;SKB;0
964;15;JAMBI;1571;157110;PESERTA DIDIK;JIWA;2023/2024 GENAP;P;SD;1.701
965;15;JAMBI;1571;157110;PESERTA DIDIK;JIWA;2023/2024 GENAP;P;SMP;993
966;15;JAMBI;1571;157110;PESERTA DIDIK;JIWA;2023/2024 GENAP;P;SMA;1.159
967;15;JAMBI;1571;157110;PESERTA DIDIK;JIWA;2023/2024 GENAP;P;SMK;1.363
968;15;JAMBI;1571;157110;PESERTA DIDIK;JIWA;2023/2024 GENAP;P;SLB;47
969;15;JAMBI;1571;157106;PESERTA DIDIK;JIWA;2023/2024 GENAP;L;TK;26
970;15;JAMBI;1571;157106;PESERTA DIDIK;JIWA;2023/2024 GENAP;L;KB;43
971;15;JAMBI;1571;157106;PESERTA DIDIK;JIWA;2023/2024 GENAP;L;TPA;0
972;15;JAMBI;1571;157106;PESERTA DIDIK;JIWA;2023/2024 GENAP;L;SPS;0
973;15;JAMBI;1571;157106;PESERTA DIDIK;JIWA;2023/2024 GENAP;L;PKBM;0
974;15;JAMBI;1571;157106;PESERTA DIDIK;JIWA;2023/2024 GENAP;L;SKB;0
975;15;JAMBI;1571;157106;PESERTA DIDIK;JIWA;2023/2024 GENAP;L;SD;522
976;15;JAMBI;1571;157106;PESERTA DIDIK;JIWA;2023/2024 GENAP;L;SMP;146
977;15;JAMBI;1571;157106;PESERTA DIDIK;JIWA;2023/2024 GENAP;L;SMA;213
978;15;JAMBI;1571;157106;PESERTA DIDIK;JIWA;2023/2024 GENAP;L;SMK;310
979;15;JAMBI;1571;157106;PESERTA DIDIK;JIWA;2023/2024 GENAP;L;SLB;0
980;15;JAMBI;1571;157106;PESERTA DIDIK;JIWA;2023/2024 GENAP;P;TK;36
981;15;JAMBI;1571;157106;PESERTA DIDIK;JIWA;2023/2024 GENAP;P;KB;42
982;15;JAMBI;1571;157106;PESERTA DIDIK;JIWA;2023/2024 GENAP;P;TPA;0
983;15;JAMBI;1571;157106;PESERTA DIDIK;JIWA;2023/2024 GENAP;P;SPS;0
984;15;JAMBI;1571;157106;PESERTA DIDIK;JIWA;2023/2024 GENAP;P;PKBM;0
985;15;JAMBI;1571;157106;PESERTA DIDIK;JIWA;2023/2024 GENAP;P;SKB;0
986;15;JAMBI;1571;157106;PESERTA DIDIK;JIWA;2023/2024 GENAP;P;SD;510
987;15;JAMBI;1571;157106;PESERTA DIDIK;JIWA;2023/2024 GENAP;P;SMP;178
988;15;JAMBI;1571;157106;PESERTA DIDIK;JIWA;2023/2024 GENAP;P;SMA;250
989;15;JAMBI;1571;157106;PESERTA DIDIK;JIWA;2023/2024 GENAP;P;SMK;177
990;15;JAMBI;1571;157106;PESERTA DIDIK;JIWA;2023/2024 GENAP;P;SLB;0
991;15;JAMBI;1571;157102;PESERTA DIDIK;JIWA;2023/2024 GENAP;L;TK;472
992;15;JAMBI;1571;157102;PESERTA DIDIK;JIWA;2023/2024 GENAP;L;KB;193
993;15;JAMBI;1571;157102;PESERTA DIDIK;JIWA;2023/2024 GENAP;L;TPA;0
994;15;JAMBI;1571;157102;PESERTA DIDIK;JIWA;2023/2024 GENAP;L;SPS;1
995;15;JAMBI;1571;157102;PESERTA DIDIK;JIWA;2023/2024 GENAP;L;PKBM;49
996;15;JAMBI;1571;157102;PESERTA DIDIK;JIWA;2023/2024 GENAP;L;SKB;131
997;15;JAMBI;1571;157102;PESERTA DIDIK;JIWA;2023/2024 GENAP;L;SD;3.850
998;15;JAMBI;1571;157102;PESERTA DIDIK;JIWA;2023/2024 GENAP;L;SMP;1.267
999;15;JAMBI;1571;157102;PESERTA DIDIK;JIWA;2023/2024 GENAP;L;SMA;696
1000;15;JAMBI;1571;157102;PESERTA DIDIK;JIWA;2023/2024 GENAP;L;SMK;1.421
1001;15;JAMBI;1571;157102;PESERTA DIDIK;JIWA;2023/2024 GENAP;L;SLB;239
1002;15;JAMBI;1571;157102;PESERTA DIDIK;JIWA;2023/2024 GENAP;P;TK;433
1003;15;JAMBI;1571;157102;PESERTA DIDIK;JIWA;2023/2024 GENAP;P;KB;186
1004;15;JAMBI;1571;157102;PESERTA DIDIK;JIWA;2023/2024 GENAP;P;TPA;0
1005;15;JAMBI;1571;157102;PESERTA DIDIK;JIWA;2023/2024 GENAP;P;SPS;3
1006;15;JAMBI;1571;157102;PESERTA DIDIK;JIWA;2023/2024 GENAP;P;PKBM;48
1007;15;JAMBI;1571;157102;PESERTA DIDIK;JIWA;2023/2024 GENAP;P;SKB;66
1008;15;JAMBI;1571;157102;PESERTA DIDIK;JIWA;2023/2024 GENAP;P;SD;3.614
1009;15;JAMBI;1571;157102;PESERTA DIDIK;JIWA;2023/2024 GENAP;P;SMP;1.218
1010;15;JAMBI;1571;157102;PESERTA DIDIK;JIWA;2023/2024 GENAP;P;SMA;630
1011;15;JAMBI;1571;157102;PESERTA DIDIK;JIWA;2023/2024 GENAP;P;SMK;1.436
1012;15;JAMBI;1571;157102;PESERTA DIDIK;JIWA;2023/2024 GENAP;P;SLB;131
1013;15;JAMBI;1571;157103;PESERTA DIDIK;JIWA;2023/2024 GENAP;L;TK;427
1014;15;JAMBI;1571;157103;PESERTA DIDIK;JIWA;2023/2024 GENAP;L;KB;111
1015;15;JAMBI;1571;157103;PESERTA DIDIK;JIWA;2023/2024 GENAP;L;TPA;0
1016;15;JAMBI;1571;157103;PESERTA DIDIK;JIWA;2023/2024 GENAP;L;SPS;0
1017;15;JAMBI;1571;157103;PESERTA DIDIK;JIWA;2023/2024 GENAP;L;PKBM;208
1018;15;JAMBI;1571;157103;PESERTA DIDIK;JIWA;2023/2024 GENAP;L;SKB;0
1019;15;JAMBI;1571;157103;PESERTA DIDIK;JIWA;2023/2024 GENAP;L;SD;3.771
1020;15;JAMBI;1571;157103;PESERTA DIDIK;JIWA;2023/2024 GENAP;L;SMP;1.729
1021;15;JAMBI;1571;157103;PESERTA DIDIK;JIWA;2023/2024 GENAP;L;SMA;934
1022;15;JAMBI;1571;157103;PESERTA DIDIK;JIWA;2023/2024 GENAP;L;SMK;564
1023;15;JAMBI;1571;157103;PESERTA DIDIK;JIWA;2023/2024 GENAP;L;SLB;37
1024;15;JAMBI;1571;157103;PESERTA DIDIK;JIWA;2023/2024 GENAP;P;TK;370
1025;15;JAMBI;1571;157103;PESERTA DIDIK;JIWA;2023/2024 GENAP;P;KB;118
1026;15;JAMBI;1571;157103;PESERTA DIDIK;JIWA;2023/2024 GENAP;P;TPA;0
1027;15;JAMBI;1571;157103;PESERTA DIDIK;JIWA;2023/2024 GENAP;P;SPS;0
1028;15;JAMBI;1571;157103;PESERTA DIDIK;JIWA;2023/2024 GENAP;P;PKBM;120
1029;15;JAMBI;1571;157103;PESERTA DIDIK;JIWA;2023/2024 GENAP;P;SKB;0
1030;15;JAMBI;1571;157103;PESERTA DIDIK;JIWA;2023/2024 GENAP;P;SD;3.575
1031;15;JAMBI;1571;157103;PESERTA DIDIK;JIWA;2023/2024 GENAP;P;SMP;1.579
1032;15;JAMBI;1571;157103;PESERTA DIDIK;JIWA;2023/2024 GENAP;P;SMA;1.174
1033;15;JAMBI;1571;157103;PESERTA DIDIK;JIWA;2023/2024 GENAP;P;SMK;495
1034;15;JAMBI;1571;157103;PESERTA DIDIK;JIWA;2023/2024 GENAP;P;SLB;15
1035;15;JAMBI;1571;157108;PESERTA DIDIK;JIWA;2023/2024 GENAP;L;TK;400
1036;15;JAMBI;1571;157108;PESERTA DIDIK;JIWA;2023/2024 GENAP;L;KB;205
1037;15;JAMBI;1571;157108;PESERTA DIDIK;JIWA;2023/2024 GENAP;L;TPA;3
1038;15;JAMBI;1571;157108;PESERTA DIDIK;JIWA;2023/2024 GENAP;L;SPS;8
1039;15;JAMBI;1571;157108;PESERTA DIDIK;JIWA;2023/2024 GENAP;L;PKBM;520
1040;15;JAMBI;1571;157108;PESERTA DIDIK;JIWA;2023/2024 GENAP;L;SKB;0
1041;15;JAMBI;1571;157108;PESERTA DIDIK;JIWA;2023/2024 GENAP;L;SD;2.972
1042;15;JAMBI;1571;157108;PESERTA DIDIK;JIWA;2023/2024 GENAP;L;SMP;1.016
1043;15;JAMBI;1571;157108;PESERTA DIDIK;JIWA;2023/2024 GENAP;L;SMA;845
1044;15;JAMBI;1571;157108;PESERTA DIDIK;JIWA;2023/2024 GENAP;L;SMK;61
1045;15;JAMBI;1571;157108;PESERTA DIDIK;JIWA;2023/2024 GENAP;L;SLB;0
1046;15;JAMBI;1571;157108;PESERTA DIDIK;JIWA;2023/2024 GENAP;P;TK;424
1047;15;JAMBI;1571;157108;PESERTA DIDIK;JIWA;2023/2024 GENAP;P;KB;199
1048;15;JAMBI;1571;157108;PESERTA DIDIK;JIWA;2023/2024 GENAP;P;TPA;10
1049;15;JAMBI;1571;157108;PESERTA DIDIK;JIWA;2023/2024 GENAP;P;SPS;9
1050;15;JAMBI;1571;157108;PESERTA DIDIK;JIWA;2023/2024 GENAP;P;PKBM;342
1051;15;JAMBI;1571;157108;PESERTA DIDIK;JIWA;2023/2024 GENAP;P;SKB;0
1052;15;JAMBI;1571;157108;PESERTA DIDIK;JIWA;2023/2024 GENAP;P;SD;2.951
1053;15;JAMBI;1571;157108;PESERTA DIDIK;JIWA;2023/2024 GENAP;P;SMP;950
1054;15;JAMBI;1571;157108;PESERTA DIDIK;JIWA;2023/2024 GENAP;P;SMA;1.046
1055;15;JAMBI;1571;157108;PESERTA DIDIK;JIWA;2023/2024 GENAP;P;SMK;33
1056;15;JAMBI;1571;157108;PESERTA DIDIK;JIWA;2023/2024 GENAP;P;SLB;0
1057;15;JAMBI;1571;157107;PESERTA DIDIK;JIWA;2023/2024 GENAP;L;TK;655
1058;15;JAMBI;1571;157107;PESERTA DIDIK;JIWA;2023/2024 GENAP;L;KB;272
1059;15;JAMBI;1571;157107;PESERTA DIDIK;JIWA;2023/2024 GENAP;L;TPA;93
1060;15;JAMBI;1571;157107;PESERTA DIDIK;JIWA;2023/2024 GENAP;L;SPS;40
1061;15;JAMBI;1571;157107;PESERTA DIDIK;JIWA;2023/2024 GENAP;L;PKBM;87
1062;15;JAMBI;1571;157107;PESERTA DIDIK;JIWA;2023/2024 GENAP;L;SKB;0
1063;15;JAMBI;1571;157107;PESERTA DIDIK;JIWA;2023/2024 GENAP;L;SD;4.105
1064;15;JAMBI;1571;157107;PESERTA DIDIK;JIWA;2023/2024 GENAP;L;SMP;2.214
1065;15;JAMBI;1571;157107;PESERTA DIDIK;JIWA;2023/2024 GENAP;L;SMA;1.558
1066;15;JAMBI;1571;157107;PESERTA DIDIK;JIWA;2023/2024 GENAP;L;SMK;445
1067;15;JAMBI;1571;157107;PESERTA DIDIK;JIWA;2023/2024 GENAP;L;SLB;0
1068;15;JAMBI;1571;157107;PESERTA DIDIK;JIWA;2023/2024 GENAP;P;TK;612
1069;15;JAMBI;1571;157107;PESERTA DIDIK;JIWA;2023/2024 GENAP;P;KB;268
1070;15;JAMBI;1571;157107;PESERTA DIDIK;JIWA;2023/2024 GENAP;P;TPA;59
1071;15;JAMBI;1571;157107;PESERTA DIDIK;JIWA;2023/2024 GENAP;P;SPS;46
1072;15;JAMBI;1571;157107;PESERTA DIDIK;JIWA;2023/2024 GENAP;P;PKBM;38
1073;15;JAMBI;1571;157107;PESERTA DIDIK;JIWA;2023/2024 GENAP;P;SKB;0
1074;15;JAMBI;1571;157107;PESERTA DIDIK;JIWA;2023/2024 GENAP;P;SD;3.844
1075;15;JAMBI;1571;157107;PESERTA DIDIK;JIWA;2023/2024 GENAP;P;SMP;2.049
1076;15;JAMBI;1571;157107;PESERTA DIDIK;JIWA;2023/2024 GENAP;P;SMA;1.957
1077;15;JAMBI;1571;157107;PESERTA DIDIK;JIWA;2023/2024 GENAP;P;SMK;369
1078;15;JAMBI;1571;157107;PESERTA DIDIK;JIWA;2023/2024 GENAP;P;SLB;0
1079;15;JAMBI;1571;157111;PESERTA DIDIK;JIWA;2023/2024 GENAP;L;TK;417
1080;15;JAMBI;1571;157111;PESERTA DIDIK;JIWA;2023/2024 GENAP;L;KB;407
1081;15;JAMBI;1571;157111;PESERTA DIDIK;JIWA;2023/2024 GENAP;L;TPA;0
1082;15;JAMBI;1571;157111;PESERTA DIDIK;JIWA;2023/2024 GENAP;L;SPS;19
1083;15;JAMBI;1571;157111;PESERTA DIDIK;JIWA;2023/2024 GENAP;L;PKBM;347
1084;15;JAMBI;1571;157111;PESERTA DIDIK;JIWA;2023/2024 GENAP;L;SKB;0
1085;15;JAMBI;1571;157111;PESERTA DIDIK;JIWA;2023/2024 GENAP;L;SD;3.468
1086;15;JAMBI;1571;157111;PESERTA DIDIK;JIWA;2023/2024 GENAP;L;SMP;1.494
1087;15;JAMBI;1571;157111;PESERTA DIDIK;JIWA;2023/2024 GENAP;L;SMA;1.002
1088;15;JAMBI;1571;157111;PESERTA DIDIK;JIWA;2023/2024 GENAP;L;SMK;1.577
1089;15;JAMBI;1571;157111;PESERTA DIDIK;JIWA;2023/2024 GENAP;L;SLB;0
1090;15;JAMBI;1571;157111;PESERTA DIDIK;JIWA;2023/2024 GENAP;P;TK;413
1091;15;JAMBI;1571;157111;PESERTA DIDIK;JIWA;2023/2024 GENAP;P;KB;401
1092;15;JAMBI;1571;157111;PESERTA DIDIK;JIWA;2023/2024 GENAP;P;TPA;0
1093;15;JAMBI;1571;157111;PESERTA DIDIK;JIWA;2023/2024 GENAP;P;SPS;15
1094;15;JAMBI;1571;157111;PESERTA DIDIK;JIWA;2023/2024 GENAP;P;PKBM;166
1095;15;JAMBI;1571;157111;PESERTA DIDIK;JIWA;2023/2024 GENAP;P;SKB;0
1096;15;JAMBI;1571;157111;PESERTA DIDIK;JIWA;2023/2024 GENAP;P;SD;3.372
1097;15;JAMBI;1571;157111;PESERTA DIDIK;JIWA;2023/2024 GENAP;P;SMP;1.398
1098;15;JAMBI;1571;157111;PESERTA DIDIK;JIWA;2023/2024 GENAP;P;SMA;1.005
1099;15;JAMBI;1571;157111;PESERTA DIDIK;JIWA;2023/2024 GENAP;P;SMK;1.375
1100;15;JAMBI;1571;157111;PESERTA DIDIK;JIWA;2023/2024 GENAP;P;SLB;0
1101;15;JAMBI;1571;157104;PESERTA DIDIK;JIWA;2023/2024 GENAP;L;TK;91
1102;15;JAMBI;1571;157104;PESERTA DIDIK;JIWA;2023/2024 GENAP;L;KB;113
1103;15;JAMBI;1571;157104;PESERTA DIDIK;JIWA;2023/2024 GENAP;L;TPA;0
1104;15;JAMBI;1571;157104;PESERTA DIDIK;JIWA;2023/2024 GENAP;L;SPS;0
1105;15;JAMBI;1571;157104;PESERTA DIDIK;JIWA;2023/2024 GENAP;L;PKBM;0
1106;15;JAMBI;1571;157104;PESERTA DIDIK;JIWA;2023/2024 GENAP;L;SKB;0
1107;15;JAMBI;1571;157104;PESERTA DIDIK;JIWA;2023/2024 GENAP;L;SD;455
1108;15;JAMBI;1571;157104;PESERTA DIDIK;JIWA;2023/2024 GENAP;L;SMP;820
1109;15;JAMBI;1571;157104;PESERTA DIDIK;JIWA;2023/2024 GENAP;L;SMA;0
1110;15;JAMBI;1571;157104;PESERTA DIDIK;JIWA;2023/2024 GENAP;L;SMK;47
1111;15;JAMBI;1571;157104;PESERTA DIDIK;JIWA;2023/2024 GENAP;L;SLB;0
1112;15;JAMBI;1571;157104;PESERTA DIDIK;JIWA;2023/2024 GENAP;P;TK;69
1113;15;JAMBI;1571;157104;PESERTA DIDIK;JIWA;2023/2024 GENAP;P;KB;91
1114;15;JAMBI;1571;157104;PESERTA DIDIK;JIWA;2023/2024 GENAP;P;TPA;0
1115;15;JAMBI;1571;157104;PESERTA DIDIK;JIWA;2023/2024 GENAP;P;SPS;0
1116;15;JAMBI;1571;157104;PESERTA DIDIK;JIWA;2023/2024 GENAP;P;PKBM;0
1117;15;JAMBI;1571;157104;PESERTA DIDIK;JIWA;2023/2024 GENAP;P;SKB;0
1118;15;JAMBI;1571;157104;PESERTA DIDIK;JIWA;2023/2024 GENAP;P;SD;421
1119;15;JAMBI;1571;157104;PESERTA DIDIK;JIWA;2023/2024 GENAP;P;SMP;912
1120;15;JAMBI;1571;157104;PESERTA DIDIK;JIWA;2023/2024 GENAP;P;SMA;0
1121;15;JAMBI;1571;157104;PESERTA DIDIK;JIWA;2023/2024 GENAP;P;SMK;2
1122;15;JAMBI;1571;157104;PESERTA DIDIK;JIWA;2023/2024 GENAP;P;SLB;0
1123;15;JAMBI;1571;157105;PESERTA DIDIK;JIWA;2023/2024 GENAP;L;TK;39
1124;15;JAMBI;1571;157105;PESERTA DIDIK;JIWA;2023/2024 GENAP;L;KB;98
1125;15;JAMBI;1571;157105;PESERTA DIDIK;JIWA;2023/2024 GENAP;L;TPA;0
1126;15;JAMBI;1571;157105;PESERTA DIDIK;JIWA;2023/2024 GENAP;L;SPS;4
1127;15;JAMBI;1571;157105;PESERTA DIDIK;JIWA;2023/2024 GENAP;L;PKBM;0
1128;15;JAMBI;1571;157105;PESERTA DIDIK;JIWA;2023/2024 GENAP;L;SKB;0
1129;15;JAMBI;1571;157105;PESERTA DIDIK;JIWA;2023/2024 GENAP;L;SD;536
1130;15;JAMBI;1571;157105;PESERTA DIDIK;JIWA;2023/2024 GENAP;L;SMP;0
1131;15;JAMBI;1571;157105;PESERTA DIDIK;JIWA;2023/2024 GENAP;L;SMA;0
1132;15;JAMBI;1571;157105;PESERTA DIDIK;JIWA;2023/2024 GENAP;L;SMK;0
1133;15;JAMBI;1571;157105;PESERTA DIDIK;JIWA;2023/2024 GENAP;L;SLB;0
1134;15;JAMBI;1571;157105;PESERTA DIDIK;JIWA;2023/2024 GENAP;P;TK;43
1135;15;JAMBI;1571;157105;PESERTA DIDIK;JIWA;2023/2024 GENAP;P;KB;85
1136;15;JAMBI;1571;157105;PESERTA DIDIK;JIWA;2023/2024 GENAP;P;TPA;0
1137;15;JAMBI;1571;157105;PESERTA DIDIK;JIWA;2023/2024 GENAP;P;SPS;11
1138;15;JAMBI;1571;157105;PESERTA DIDIK;JIWA;2023/2024 GENAP;P;PKBM;0
1139;15;JAMBI;1571;157105;PESERTA DIDIK;JIWA;2023/2024 GENAP;P;SKB;0
1140;15;JAMBI;1571;157105;PESERTA DIDIK;JIWA;2023/2024 GENAP;P;SD;495
1141;15;JAMBI;1571;157105;PESERTA DIDIK;JIWA;2023/2024 GENAP;P;SMP;0
1142;15;JAMBI;1571;157105;PESERTA DIDIK;JIWA;2023/2024 GENAP;P;SMA;0
1143;15;JAMBI;1571;157105;PESERTA DIDIK;JIWA;2023/2024 GENAP;P;SMK;0
1144;15;JAMBI;1571;157105;PESERTA DIDIK;JIWA;2023/2024 GENAP;P;SLB;0
1145;15;JAMBI;1571;157101;PESERTA DIDIK;JIWA;2023/2024 GENAP;L;TK;460
1146;15;JAMBI;1571;157101;PESERTA DIDIK;JIWA;2023/2024 GENAP;L;KB;53
1147;15;JAMBI;1571;157101;PESERTA DIDIK;JIWA;2023/2024 GENAP;L;TPA;87
1148;15;JAMBI;1571;157101;PESERTA DIDIK;JIWA;2023/2024 GENAP;L;SPS;25
1149;15;JAMBI;1571;157101;PESERTA DIDIK;JIWA;2023/2024 GENAP;L;PKBM;140
1150;15;JAMBI;1571;157101;PESERTA DIDIK;JIWA;2023/2024 GENAP;L;SKB;0
1151;15;JAMBI;1571;157101;PESERTA DIDIK;JIWA;2023/2024 GENAP;L;SD;3.761
1152;15;JAMBI;1571;157101;PESERTA DIDIK;JIWA;2023/2024 GENAP;L;SMP;2.091
1153;15;JAMBI;1571;157101;PESERTA DIDIK;JIWA;2023/2024 GENAP;L;SMA;1.129
1154;15;JAMBI;1571;157101;PESERTA DIDIK;JIWA;2023/2024 GENAP;L;SMK;851
1155;15;JAMBI;1571;157101;PESERTA DIDIK;JIWA;2023/2024 GENAP;L;SLB;219
1156;15;JAMBI;1571;157101;PESERTA DIDIK;JIWA;2023/2024 GENAP;P;TK;381
1157;15;JAMBI;1571;157101;PESERTA DIDIK;JIWA;2023/2024 GENAP;P;KB;51
1158;15;JAMBI;1571;157101;PESERTA DIDIK;JIWA;2023/2024 GENAP;P;TPA;85
1159;15;JAMBI;1571;157101;PESERTA DIDIK;JIWA;2023/2024 GENAP;P;SPS;10
1160;15;JAMBI;1571;157101;PESERTA DIDIK;JIWA;2023/2024 GENAP;P;PKBM;72
1161;15;JAMBI;1571;157101;PESERTA DIDIK;JIWA;2023/2024 GENAP;P;SKB;0
1162;15;JAMBI;1571;157101;PESERTA DIDIK;JIWA;2023/2024 GENAP;P;SD;3.530
1163;15;JAMBI;1571;157101;PESERTA DIDIK;JIWA;2023/2024 GENAP;P;SMP;2.061
1164;15;JAMBI;1571;157101;PESERTA DIDIK;JIWA;2023/2024 GENAP;P;SMA;1.472
1165;15;JAMBI;1571;157101;PESERTA DIDIK;JIWA;2023/2024 GENAP;P;SMK;903
1166;15;JAMBI;1571;157101;PESERTA DIDIK;JIWA;2023/2024 GENAP;P;SLB;122
1167;15;JAMBI;1572;157203;PESERTA DIDIK;JIWA;2023/2024 GENAP;L;TK;87
1168;15;JAMBI;1572;157203;PESERTA DIDIK;JIWA;2023/2024 GENAP;L;KB;243
1169;15;JAMBI;1572;157203;PESERTA DIDIK;JIWA;2023/2024 GENAP;L;TPA;0
1170;15;JAMBI;1572;157203;PESERTA DIDIK;JIWA;2023/2024 GENAP;L;SPS;111
1171;15;JAMBI;1572;157203;PESERTA DIDIK;JIWA;2023/2024 GENAP;L;PKBM;47
1172;15;JAMBI;1572;157203;PESERTA DIDIK;JIWA;2023/2024 GENAP;L;SKB;0
1173;15;JAMBI;1572;157203;PESERTA DIDIK;JIWA;2023/2024 GENAP;L;SD;470
1174;15;JAMBI;1572;157203;PESERTA DIDIK;JIWA;2023/2024 GENAP;L;SMP;174
1175;15;JAMBI;1572;157203;PESERTA DIDIK;JIWA;2023/2024 GENAP;L;SMA;117
1176;15;JAMBI;1572;157203;PESERTA DIDIK;JIWA;2023/2024 GENAP;L;SMK;0
1177;15;JAMBI;1572;157203;PESERTA DIDIK;JIWA;2023/2024 GENAP;L;SLB;0
1178;15;JAMBI;1572;157203;PESERTA DIDIK;JIWA;2023/2024 GENAP;P;TK;100
1179;15;JAMBI;1572;157203;PESERTA DIDIK;JIWA;2023/2024 GENAP;P;KB;228
1180;15;JAMBI;1572;157203;PESERTA DIDIK;JIWA;2023/2024 GENAP;P;TPA;0
1181;15;JAMBI;1572;157203;PESERTA DIDIK;JIWA;2023/2024 GENAP;P;SPS;108
1182;15;JAMBI;1572;157203;PESERTA DIDIK;JIWA;2023/2024 GENAP;P;PKBM;23
1183;15;JAMBI;1572;157203;PESERTA DIDIK;JIWA;2023/2024 GENAP;P;SKB;0
1184;15;JAMBI;1572;157203;PESERTA DIDIK;JIWA;2023/2024 GENAP;P;SD;410
1185;15;JAMBI;1572;157203;PESERTA DIDIK;JIWA;2023/2024 GENAP;P;SMP;141
1186;15;JAMBI;1572;157203;PESERTA DIDIK;JIWA;2023/2024 GENAP;P;SMA;65
1187;15;JAMBI;1572;157203;PESERTA DIDIK;JIWA;2023/2024 GENAP;P;SMK;0
1188;15;JAMBI;1572;157203;PESERTA DIDIK;JIWA;2023/2024 GENAP;P;SLB;0
1189;15;JAMBI;1572;157207;PESERTA DIDIK;JIWA;2023/2024 GENAP;L;TK;109
1190;15;JAMBI;1572;157207;PESERTA DIDIK;JIWA;2023/2024 GENAP;L;KB;277
1191;15;JAMBI;1572;157207;PESERTA DIDIK;JIWA;2023/2024 GENAP;L;TPA;0
1192;15;JAMBI;1572;157207;PESERTA DIDIK;JIWA;2023/2024 GENAP;L;SPS;17
1193;15;JAMBI;1572;157207;PESERTA DIDIK;JIWA;2023/2024 GENAP;L;PKBM;49
1194;15;JAMBI;1572;157207;PESERTA DIDIK;JIWA;2023/2024 GENAP;L;SKB;0
1195;15;JAMBI;1572;157207;PESERTA DIDIK;JIWA;2023/2024 GENAP;L;SD;230
1196;15;JAMBI;1572;157207;PESERTA DIDIK;JIWA;2023/2024 GENAP;L;SMP;73
1197;15;JAMBI;1572;157207;PESERTA DIDIK;JIWA;2023/2024 GENAP;L;SMA;227
1198;15;JAMBI;1572;157207;PESERTA DIDIK;JIWA;2023/2024 GENAP;L;SMK;0
1199;15;JAMBI;1572;157207;PESERTA DIDIK;JIWA;2023/2024 GENAP;L;SLB;0
1200;15;JAMBI;1572;157207;PESERTA DIDIK;JIWA;2023/2024 GENAP;P;TK;89
1201;15;JAMBI;1572;157207;PESERTA DIDIK;JIWA;2023/2024 GENAP;P;KB;257
1202;15;JAMBI;1572;157207;PESERTA DIDIK;JIWA;2023/2024 GENAP;P;TPA;0
1203;15;JAMBI;1572;157207;PESERTA DIDIK;JIWA;2023/2024 GENAP;P;SPS;20
1204;15;JAMBI;1572;157207;PESERTA DIDIK;JIWA;2023/2024 GENAP;P;PKBM;61
1205;15;JAMBI;1572;157207;PESERTA DIDIK;JIWA;2023/2024 GENAP;P;SKB;0
1206;15;JAMBI;1572;157207;PESERTA DIDIK;JIWA;2023/2024 GENAP;P;SD;205
1207;15;JAMBI;1572;157207;PESERTA DIDIK;JIWA;2023/2024 GENAP;P;SMP;48
1208;15;JAMBI;1572;157207;PESERTA DIDIK;JIWA;2023/2024 GENAP;P;SMA;331
1209;15;JAMBI;1572;157207;PESERTA DIDIK;JIWA;2023/2024 GENAP;P;SMK;0
1210;15;JAMBI;1572;157207;PESERTA DIDIK;JIWA;2023/2024 GENAP;P;SLB;0
1211;15;JAMBI;1572;157205;PESERTA DIDIK;JIWA;2023/2024 GENAP;L;TK;35
1212;15;JAMBI;1572;157205;PESERTA DIDIK;JIWA;2023/2024 GENAP;L;KB;72
1213;15;JAMBI;1572;157205;PESERTA DIDIK;JIWA;2023/2024 GENAP;L;TPA;0
1214;15;JAMBI;1572;157205;PESERTA DIDIK;JIWA;2023/2024 GENAP;L;SPS;63
1215;15;JAMBI;1572;157205;PESERTA DIDIK;JIWA;2023/2024 GENAP;L;PKBM;68
1216;15;JAMBI;1572;157205;PESERTA DIDIK;JIWA;2023/2024 GENAP;L;SKB;0
1217;15;JAMBI;1572;157205;PESERTA DIDIK;JIWA;2023/2024 GENAP;L;SD;309
1218;15;JAMBI;1572;157205;PESERTA DIDIK;JIWA;2023/2024 GENAP;L;SMP;67
1219;15;JAMBI;1572;157205;PESERTA DIDIK;JIWA;2023/2024 GENAP;L;SMA;0
1220;15;JAMBI;1572;157205;PESERTA DIDIK;JIWA;2023/2024 GENAP;L;SMK;245
1221;15;JAMBI;1572;157205;PESERTA DIDIK;JIWA;2023/2024 GENAP;L;SLB;112
1222;15;JAMBI;1572;157205;PESERTA DIDIK;JIWA;2023/2024 GENAP;P;TK;26
1223;15;JAMBI;1572;157205;PESERTA DIDIK;JIWA;2023/2024 GENAP;P;KB;56
1224;15;JAMBI;1572;157205;PESERTA DIDIK;JIWA;2023/2024 GENAP;P;TPA;0
1225;15;JAMBI;1572;157205;PESERTA DIDIK;JIWA;2023/2024 GENAP;P;SPS;69
1226;15;JAMBI;1572;157205;PESERTA DIDIK;JIWA;2023/2024 GENAP;P;PKBM;30
1227;15;JAMBI;1572;157205;PESERTA DIDIK;JIWA;2023/2024 GENAP;P;SKB;0
1228;15;JAMBI;1572;157205;PESERTA DIDIK;JIWA;2023/2024 GENAP;P;SD;284
1229;15;JAMBI;1572;157205;PESERTA DIDIK;JIWA;2023/2024 GENAP;P;SMP;80
1230;15;JAMBI;1572;157205;PESERTA DIDIK;JIWA;2023/2024 GENAP;P;SMA;0
1231;15;JAMBI;1572;157205;PESERTA DIDIK;JIWA;2023/2024 GENAP;P;SMK;432
1232;15;JAMBI;1572;157205;PESERTA DIDIK;JIWA;2023/2024 GENAP;P;SLB;57
1233;15;JAMBI;1572;157202;PESERTA DIDIK;JIWA;2023/2024 GENAP;L;TK;92
1234;15;JAMBI;1572;157202;PESERTA DIDIK;JIWA;2023/2024 GENAP;L;KB;108
1235;15;JAMBI;1572;157202;PESERTA DIDIK;JIWA;2023/2024 GENAP;L;TPA;22
1236;15;JAMBI;1572;157202;PESERTA DIDIK;JIWA;2023/2024 GENAP;L;SPS;136
1237;15;JAMBI;1572;157202;PESERTA DIDIK;JIWA;2023/2024 GENAP;L;PKBM;66
1238;15;JAMBI;1572;157202;PESERTA DIDIK;JIWA;2023/2024 GENAP;L;SKB;0
1239;15;JAMBI;1572;157202;PESERTA DIDIK;JIWA;2023/2024 GENAP;L;SD;534
1240;15;JAMBI;1572;157202;PESERTA DIDIK;JIWA;2023/2024 GENAP;L;SMP;71
1241;15;JAMBI;1572;157202;PESERTA DIDIK;JIWA;2023/2024 GENAP;L;SMA;0
1242;15;JAMBI;1572;157202;PESERTA DIDIK;JIWA;2023/2024 GENAP;L;SMK;759
1243;15;JAMBI;1572;157202;PESERTA DIDIK;JIWA;2023/2024 GENAP;L;SLB;0
1244;15;JAMBI;1572;157202;PESERTA DIDIK;JIWA;2023/2024 GENAP;P;TK;73
1245;15;JAMBI;1572;157202;PESERTA DIDIK;JIWA;2023/2024 GENAP;P;KB;128
1246;15;JAMBI;1572;157202;PESERTA DIDIK;JIWA;2023/2024 GENAP;P;TPA;15
1247;15;JAMBI;1572;157202;PESERTA DIDIK;JIWA;2023/2024 GENAP;P;SPS;145
1248;15;JAMBI;1572;157202;PESERTA DIDIK;JIWA;2023/2024 GENAP;P;PKBM;23
1249;15;JAMBI;1572;157202;PESERTA DIDIK;JIWA;2023/2024 GENAP;P;SKB;0
1250;15;JAMBI;1572;157202;PESERTA DIDIK;JIWA;2023/2024 GENAP;P;SD;471
1251;15;JAMBI;1572;157202;PESERTA DIDIK;JIWA;2023/2024 GENAP;P;SMP;76
1252;15;JAMBI;1572;157202;PESERTA DIDIK;JIWA;2023/2024 GENAP;P;SMA;0
1253;15;JAMBI;1572;157202;PESERTA DIDIK;JIWA;2023/2024 GENAP;P;SMK;185
1254;15;JAMBI;1572;157202;PESERTA DIDIK;JIWA;2023/2024 GENAP;P;SLB;0
1255;15;JAMBI;1572;157206;PESERTA DIDIK;JIWA;2023/2024 GENAP;L;TK;159
1256;15;JAMBI;1572;157206;PESERTA DIDIK;JIWA;2023/2024 GENAP;L;KB;102
1257;15;JAMBI;1572;157206;PESERTA DIDIK;JIWA;2023/2024 GENAP;L;TPA;7
1258;15;JAMBI;1572;157206;PESERTA DIDIK;JIWA;2023/2024 GENAP;L;SPS;13
1259;15;JAMBI;1572;157206;PESERTA DIDIK;JIWA;2023/2024 GENAP;L;PKBM;0
1260;15;JAMBI;1572;157206;PESERTA DIDIK;JIWA;2023/2024 GENAP;L;SKB;0
1261;15;JAMBI;1572;157206;PESERTA DIDIK;JIWA;2023/2024 GENAP;L;SD;610
1262;15;JAMBI;1572;157206;PESERTA DIDIK;JIWA;2023/2024 GENAP;L;SMP;187
1263;15;JAMBI;1572;157206;PESERTA DIDIK;JIWA;2023/2024 GENAP;L;SMA;432
1264;15;JAMBI;1572;157206;PESERTA DIDIK;JIWA;2023/2024 GENAP;L;SMK;0
1265;15;JAMBI;1572;157206;PESERTA DIDIK;JIWA;2023/2024 GENAP;L;SLB;0
1266;15;JAMBI;1572;157206;PESERTA DIDIK;JIWA;2023/2024 GENAP;P;TK;117
1267;15;JAMBI;1572;157206;PESERTA DIDIK;JIWA;2023/2024 GENAP;P;KB;116
1268;15;JAMBI;1572;157206;PESERTA DIDIK;JIWA;2023/2024 GENAP;P;TPA;10
1269;15;JAMBI;1572;157206;PESERTA DIDIK;JIWA;2023/2024 GENAP;P;SPS;15
1270;15;JAMBI;1572;157206;PESERTA DIDIK;JIWA;2023/2024 GENAP;P;PKBM;0
1271;15;JAMBI;1572;157206;PESERTA DIDIK;JIWA;2023/2024 GENAP;P;SKB;0
1272;15;JAMBI;1572;157206;PESERTA DIDIK;JIWA;2023/2024 GENAP;P;SD;541
1273;15;JAMBI;1572;157206;PESERTA DIDIK;JIWA;2023/2024 GENAP;P;SMP;167
1274;15;JAMBI;1572;157206;PESERTA DIDIK;JIWA;2023/2024 GENAP;P;SMA;618
1275;15;JAMBI;1572;157206;PESERTA DIDIK;JIWA;2023/2024 GENAP;P;SMK;0
1276;15;JAMBI;1572;157206;PESERTA DIDIK;JIWA;2023/2024 GENAP;P;SLB;0
1277;15;JAMBI;1572;157208;PESERTA DIDIK;JIWA;2023/2024 GENAP;L;TK;132
1278;15;JAMBI;1572;157208;PESERTA DIDIK;JIWA;2023/2024 GENAP;L;KB;36
1279;15;JAMBI;1572;157208;PESERTA DIDIK;JIWA;2023/2024 GENAP;L;TPA;0
1280;15;JAMBI;1572;157208;PESERTA DIDIK;JIWA;2023/2024 GENAP;L;SPS;26
1281;15;JAMBI;1572;157208;PESERTA DIDIK;JIWA;2023/2024 GENAP;L;PKBM;67
1282;15;JAMBI;1572;157208;PESERTA DIDIK;JIWA;2023/2024 GENAP;L;SKB;0
1283;15;JAMBI;1572;157208;PESERTA DIDIK;JIWA;2023/2024 GENAP;L;SD;680
1284;15;JAMBI;1572;157208;PESERTA DIDIK;JIWA;2023/2024 GENAP;L;SMP;403
1285;15;JAMBI;1572;157208;PESERTA DIDIK;JIWA;2023/2024 GENAP;L;SMA;0
1286;15;JAMBI;1572;157208;PESERTA DIDIK;JIWA;2023/2024 GENAP;L;SMK;0
1287;15;JAMBI;1572;157208;PESERTA DIDIK;JIWA;2023/2024 GENAP;L;SLB;0
1288;15;JAMBI;1572;157208;PESERTA DIDIK;JIWA;2023/2024 GENAP;P;TK;123
1289;15;JAMBI;1572;157208;PESERTA DIDIK;JIWA;2023/2024 GENAP;P;KB;32
1290;15;JAMBI;1572;157208;PESERTA DIDIK;JIWA;2023/2024 GENAP;P;TPA;0
1291;15;JAMBI;1572;157208;PESERTA DIDIK;JIWA;2023/2024 GENAP;P;SPS;23
1292;15;JAMBI;1572;157208;PESERTA DIDIK;JIWA;2023/2024 GENAP;P;PKBM;39
1293;15;JAMBI;1572;157208;PESERTA DIDIK;JIWA;2023/2024 GENAP;P;SKB;0
1294;15;JAMBI;1572;157208;PESERTA DIDIK;JIWA;2023/2024 GENAP;P;SD;629
1295;15;JAMBI;1572;157208;PESERTA DIDIK;JIWA;2023/2024 GENAP;P;SMP;395
1296;15;JAMBI;1572;157208;PESERTA DIDIK;JIWA;2023/2024 GENAP;P;SMA;0
1297;15;JAMBI;1572;157208;PESERTA DIDIK;JIWA;2023/2024 GENAP;P;SMK;0
1298;15;JAMBI;1572;157208;PESERTA DIDIK;JIWA;2023/2024 GENAP;P;SLB;0
1299;15;JAMBI;1572;157201;PESERTA DIDIK;JIWA;2023/2024 GENAP;L;TK;212
1300;15;JAMBI;1572;157201;PESERTA DIDIK;JIWA;2023/2024 GENAP;L;KB;19
1301;15;JAMBI;1572;157201;PESERTA DIDIK;JIWA;2023/2024 GENAP;L;TPA;0
1302;15;JAMBI;1572;157201;PESERTA DIDIK;JIWA;2023/2024 GENAP;L;SPS;0
1303;15;JAMBI;1572;157201;PESERTA DIDIK;JIWA;2023/2024 GENAP;L;PKBM;0
1304;15;JAMBI;1572;157201;PESERTA DIDIK;JIWA;2023/2024 GENAP;L;SKB;0
1305;15;JAMBI;1572;157201;PESERTA DIDIK;JIWA;2023/2024 GENAP;L;SD;1.248
1306;15;JAMBI;1572;157201;PESERTA DIDIK;JIWA;2023/2024 GENAP;L;SMP;889
1307;15;JAMBI;1572;157201;PESERTA DIDIK;JIWA;2023/2024 GENAP;L;SMA;914
1308;15;JAMBI;1572;157201;PESERTA DIDIK;JIWA;2023/2024 GENAP;L;SMK;0
1309;15;JAMBI;1572;157201;PESERTA DIDIK;JIWA;2023/2024 GENAP;L;SLB;0
1310;15;JAMBI;1572;157201;PESERTA DIDIK;JIWA;2023/2024 GENAP;P;TK;225
1311;15;JAMBI;1572;157201;PESERTA DIDIK;JIWA;2023/2024 GENAP;P;KB;15
1312;15;JAMBI;1572;157201;PESERTA DIDIK;JIWA;2023/2024 GENAP;P;TPA;0
1313;15;JAMBI;1572;157201;PESERTA DIDIK;JIWA;2023/2024 GENAP;P;SPS;0
1314;15;JAMBI;1572;157201;PESERTA DIDIK;JIWA;2023/2024 GENAP;P;PKBM;0
1315;15;JAMBI;1572;157201;PESERTA DIDIK;JIWA;2023/2024 GENAP;P;SKB;0
1316;15;JAMBI;1572;157201;PESERTA DIDIK;JIWA;2023/2024 GENAP;P;SD;1.205
1317;15;JAMBI;1572;157201;PESERTA DIDIK;JIWA;2023/2024 GENAP;P;SMP;836
1318;15;JAMBI;1572;157201;PESERTA DIDIK;JIWA;2023/2024 GENAP;P;SMA;1.151
1319;15;JAMBI;1572;157201;PESERTA DIDIK;JIWA;2023/2024 GENAP;P;SMK;0
1320;15;JAMBI;1572;157201;PESERTA DIDIK;JIWA;2023/2024 GENAP;P;SLB;0
1321;15;JAMBI;1572;157204;PESERTA DIDIK;JIWA;2023/2024 GENAP;L;TK;32
1322;15;JAMBI;1572;157204;PESERTA DIDIK;JIWA;2023/2024 GENAP;L;KB;175
1323;15;JAMBI;1572;157204;PESERTA DIDIK;JIWA;2023/2024 GENAP;L;TPA;0
1324;15;JAMBI;1572;157204;PESERTA DIDIK;JIWA;2023/2024 GENAP;L;SPS;0
1325;15;JAMBI;1572;157204;PESERTA DIDIK;JIWA;2023/2024 GENAP;L;PKBM;39
1326;15;JAMBI;1572;157204;PESERTA DIDIK;JIWA;2023/2024 GENAP;L;SKB;0
1327;15;JAMBI;1572;157204;PESERTA DIDIK;JIWA;2023/2024 GENAP;L;SD;360
1328;15;JAMBI;1572;157204;PESERTA DIDIK;JIWA;2023/2024 GENAP;L;SMP;115
1329;15;JAMBI;1572;157204;PESERTA DIDIK;JIWA;2023/2024 GENAP;L;SMA;0
1330;15;JAMBI;1572;157204;PESERTA DIDIK;JIWA;2023/2024 GENAP;L;SMK;246
1331;15;JAMBI;1572;157204;PESERTA DIDIK;JIWA;2023/2024 GENAP;L;SLB;0
1332;15;JAMBI;1572;157204;PESERTA DIDIK;JIWA;2023/2024 GENAP;P;TK;31
1333;15;JAMBI;1572;157204;PESERTA DIDIK;JIWA;2023/2024 GENAP;P;KB;184
1334;15;JAMBI;1572;157204;PESERTA DIDIK;JIWA;2023/2024 GENAP;P;TPA;0
1335;15;JAMBI;1572;157204;PESERTA DIDIK;JIWA;2023/2024 GENAP;P;SPS;0
1336;15;JAMBI;1572;157204;PESERTA DIDIK;JIWA;2023/2024 GENAP;P;PKBM;10
1337;15;JAMBI;1572;157204;PESERTA DIDIK;JIWA;2023/2024 GENAP;P;SKB;0
1338;15;JAMBI;1572;157204;PESERTA DIDIK;JIWA;2023/2024 GENAP;P;SD;298
1339;15;JAMBI;1572;157204;PESERTA DIDIK;JIWA;2023/2024 GENAP;P;SMP;91
1340;15;JAMBI;1572;157204;PESERTA DIDIK;JIWA;2023/2024 GENAP;P;SMA;0
1341;15;JAMBI;1572;157204;PESERTA DIDIK;JIWA;2023/2024 GENAP;P;SMK;42
1342;15;JAMBI;1572;157204;PESERTA DIDIK;JIWA;2023/2024 GENAP;P;SLB;0
1343;15;JAMBI;1502;150202;PESERTA DIDIK;JIWA;2023/2024 GENAP;L;TK;432
1344;15;JAMBI;1502;150202;PESERTA DIDIK;JIWA;2023/2024 GENAP;L;KB;60
1345;15;JAMBI;1502;150202;PESERTA DIDIK;JIWA;2023/2024 GENAP;L;TPA;3
1346;15;JAMBI;1502;150202;PESERTA DIDIK;JIWA;2023/2024 GENAP;L;SPS;0
1347;15;JAMBI;1502;150202;PESERTA DIDIK;JIWA;2023/2024 GENAP;L;PKBM;157
1348;15;JAMBI;1502;150202;PESERTA DIDIK;JIWA;2023/2024 GENAP;L;SKB;0
1349;15;JAMBI;1502;150202;PESERTA DIDIK;JIWA;2023/2024 GENAP;L;SD;3.105
1350;15;JAMBI;1502;150202;PESERTA DIDIK;JIWA;2023/2024 GENAP;L;SMP;1.267
1351;15;JAMBI;1502;150202;PESERTA DIDIK;JIWA;2023/2024 GENAP;L;SMA;554
1352;15;JAMBI;1502;150202;PESERTA DIDIK;JIWA;2023/2024 GENAP;L;SMK;507
1353;15;JAMBI;1502;150202;PESERTA DIDIK;JIWA;2023/2024 GENAP;L;SLB;60
1354;15;JAMBI;1502;150202;PESERTA DIDIK;JIWA;2023/2024 GENAP;P;TK;457
1355;15;JAMBI;1502;150202;PESERTA DIDIK;JIWA;2023/2024 GENAP;P;KB;70
1356;15;JAMBI;1502;150202;PESERTA DIDIK;JIWA;2023/2024 GENAP;P;TPA;8
1357;15;JAMBI;1502;150202;PESERTA DIDIK;JIWA;2023/2024 GENAP;P;SPS;0
1358;15;JAMBI;1502;150202;PESERTA DIDIK;JIWA;2023/2024 GENAP;P;PKBM;84
1359;15;JAMBI;1502;150202;PESERTA DIDIK;JIWA;2023/2024 GENAP;P;SKB;0
1360;15;JAMBI;1502;150202;PESERTA DIDIK;JIWA;2023/2024 GENAP;P;SD;2.839
1361;15;JAMBI;1502;150202;PESERTA DIDIK;JIWA;2023/2024 GENAP;P;SMP;1.274
1362;15;JAMBI;1502;150202;PESERTA DIDIK;JIWA;2023/2024 GENAP;P;SMA;669
1363;15;JAMBI;1502;150202;PESERTA DIDIK;JIWA;2023/2024 GENAP;P;SMK;548
1364;15;JAMBI;1502;150202;PESERTA DIDIK;JIWA;2023/2024 GENAP;P;SLB;37
1365;15;JAMBI;1502;150210;PESERTA DIDIK;JIWA;2023/2024 GENAP;L;TK;78
1366;15;JAMBI;1502;150210;PESERTA DIDIK;JIWA;2023/2024 GENAP;L;KB;72
1367;15;JAMBI;1502;150210;PESERTA DIDIK;JIWA;2023/2024 GENAP;L;TPA;0
1368;15;JAMBI;1502;150210;PESERTA DIDIK;JIWA;2023/2024 GENAP;L;SPS;0
1369;15;JAMBI;1502;150210;PESERTA DIDIK;JIWA;2023/2024 GENAP;L;PKBM;49
1370;15;JAMBI;1502;150210;PESERTA DIDIK;JIWA;2023/2024 GENAP;L;SKB;0
1371;15;JAMBI;1502;150210;PESERTA DIDIK;JIWA;2023/2024 GENAP;L;SD;600
1372;15;JAMBI;1502;150210;PESERTA DIDIK;JIWA;2023/2024 GENAP;L;SMP;69
1373;15;JAMBI;1502;150210;PESERTA DIDIK;JIWA;2023/2024 GENAP;L;SMA;0
1374;15;JAMBI;1502;150210;PESERTA DIDIK;JIWA;2023/2024 GENAP;L;SMK;0
1375;15;JAMBI;1502;150210;PESERTA DIDIK;JIWA;2023/2024 GENAP;L;SLB;0
1376;15;JAMBI;1502;150210;PESERTA DIDIK;JIWA;2023/2024 GENAP;P;TK;74
1377;15;JAMBI;1502;150210;PESERTA DIDIK;JIWA;2023/2024 GENAP;P;KB;75
1378;15;JAMBI;1502;150210;PESERTA DIDIK;JIWA;2023/2024 GENAP;P;TPA;0
1379;15;JAMBI;1502;150210;PESERTA DIDIK;JIWA;2023/2024 GENAP;P;SPS;0
1380;15;JAMBI;1502;150210;PESERTA DIDIK;JIWA;2023/2024 GENAP;P;PKBM;39
1381;15;JAMBI;1502;150210;PESERTA DIDIK;JIWA;2023/2024 GENAP;P;SKB;0
1382;15;JAMBI;1502;150210;PESERTA DIDIK;JIWA;2023/2024 GENAP;P;SD;596
1383;15;JAMBI;1502;150210;PESERTA DIDIK;JIWA;2023/2024 GENAP;P;SMP;51
1384;15;JAMBI;1502;150210;PESERTA DIDIK;JIWA;2023/2024 GENAP;P;SMA;0
1385;15;JAMBI;1502;150210;PESERTA DIDIK;JIWA;2023/2024 GENAP;P;SMK;0
1386;15;JAMBI;1502;150210;PESERTA DIDIK;JIWA;2023/2024 GENAP;P;SLB;0
1387;15;JAMBI;1502;150212;PESERTA DIDIK;JIWA;2023/2024 GENAP;L;TK;52
1388;15;JAMBI;1502;150212;PESERTA DIDIK;JIWA;2023/2024 GENAP;L;KB;132
1389;15;JAMBI;1502;150212;PESERTA DIDIK;JIWA;2023/2024 GENAP;L;TPA;0
1390;15;JAMBI;1502;150212;PESERTA DIDIK;JIWA;2023/2024 GENAP;L;SPS;0
1391;15;JAMBI;1502;150212;PESERTA DIDIK;JIWA;2023/2024 GENAP;L;PKBM;119
1392;15;JAMBI;1502;150212;PESERTA DIDIK;JIWA;2023/2024 GENAP;L;SKB;0
1393;15;JAMBI;1502;150212;PESERTA DIDIK;JIWA;2023/2024 GENAP;L;SD;820
1394;15;JAMBI;1502;150212;PESERTA DIDIK;JIWA;2023/2024 GENAP;L;SMP;106
1395;15;JAMBI;1502;150212;PESERTA DIDIK;JIWA;2023/2024 GENAP;L;SMA;67
1396;15;JAMBI;1502;150212;PESERTA DIDIK;JIWA;2023/2024 GENAP;L;SMK;51
1397;15;JAMBI;1502;150212;PESERTA DIDIK;JIWA;2023/2024 GENAP;L;SLB;0
1398;15;JAMBI;1502;150212;PESERTA DIDIK;JIWA;2023/2024 GENAP;P;TK;48
1399;15;JAMBI;1502;150212;PESERTA DIDIK;JIWA;2023/2024 GENAP;P;KB;132
1400;15;JAMBI;1502;150212;PESERTA DIDIK;JIWA;2023/2024 GENAP;P;TPA;0
1401;15;JAMBI;1502;150212;PESERTA DIDIK;JIWA;2023/2024 GENAP;P;SPS;0
1402;15;JAMBI;1502;150212;PESERTA DIDIK;JIWA;2023/2024 GENAP;P;PKBM;85
1403;15;JAMBI;1502;150212;PESERTA DIDIK;JIWA;2023/2024 GENAP;P;SKB;0
1404;15;JAMBI;1502;150212;PESERTA DIDIK;JIWA;2023/2024 GENAP;P;SD;751
1405;15;JAMBI;1502;150212;PESERTA DIDIK;JIWA;2023/2024 GENAP;P;SMP;108
1406;15;JAMBI;1502;150212;PESERTA DIDIK;JIWA;2023/2024 GENAP;P;SMA;48
1407;15;JAMBI;1502;150212;PESERTA DIDIK;JIWA;2023/2024 GENAP;P;SMK;29
1408;15;JAMBI;1502;150212;PESERTA DIDIK;JIWA;2023/2024 GENAP;P;SLB;0
1409;15;JAMBI;1502;150201;PESERTA DIDIK;JIWA;2023/2024 GENAP;L;TK;77
1410;15;JAMBI;1502;150201;PESERTA DIDIK;JIWA;2023/2024 GENAP;L;KB;20
1411;15;JAMBI;1502;150201;PESERTA DIDIK;JIWA;2023/2024 GENAP;L;TPA;0
1412;15;JAMBI;1502;150201;PESERTA DIDIK;JIWA;2023/2024 GENAP;L;SPS;0
1413;15;JAMBI;1502;150201;PESERTA DIDIK;JIWA;2023/2024 GENAP;L;PKBM;38
1414;15;JAMBI;1502;150201;PESERTA DIDIK;JIWA;2023/2024 GENAP;L;SKB;0
1415;15;JAMBI;1502;150201;PESERTA DIDIK;JIWA;2023/2024 GENAP;L;SD;607
1416;15;JAMBI;1502;150201;PESERTA DIDIK;JIWA;2023/2024 GENAP;L;SMP;181
1417;15;JAMBI;1502;150201;PESERTA DIDIK;JIWA;2023/2024 GENAP;L;SMA;111
1418;15;JAMBI;1502;150201;PESERTA DIDIK;JIWA;2023/2024 GENAP;L;SMK;41
1419;15;JAMBI;1502;150201;PESERTA DIDIK;JIWA;2023/2024 GENAP;L;SLB;0
1420;15;JAMBI;1502;150201;PESERTA DIDIK;JIWA;2023/2024 GENAP;P;TK;67
1421;15;JAMBI;1502;150201;PESERTA DIDIK;JIWA;2023/2024 GENAP;P;KB;26
1422;15;JAMBI;1502;150201;PESERTA DIDIK;JIWA;2023/2024 GENAP;P;TPA;0
1423;15;JAMBI;1502;150201;PESERTA DIDIK;JIWA;2023/2024 GENAP;P;SPS;0
1424;15;JAMBI;1502;150201;PESERTA DIDIK;JIWA;2023/2024 GENAP;P;PKBM;14
1425;15;JAMBI;1502;150201;PESERTA DIDIK;JIWA;2023/2024 GENAP;P;SKB;0
1426;15;JAMBI;1502;150201;PESERTA DIDIK;JIWA;2023/2024 GENAP;P;SD;576
1427;15;JAMBI;1502;150201;PESERTA DIDIK;JIWA;2023/2024 GENAP;P;SMP;107
1428;15;JAMBI;1502;150201;PESERTA DIDIK;JIWA;2023/2024 GENAP;P;SMA;111
1429;15;JAMBI;1502;150201;PESERTA DIDIK;JIWA;2023/2024 GENAP;P;SMK;16
1430;15;JAMBI;1502;150201;PESERTA DIDIK;JIWA;2023/2024 GENAP;P;SLB;0
1431;15;JAMBI;1502;150218;PESERTA DIDIK;JIWA;2023/2024 GENAP;L;TK;100
1432;15;JAMBI;1502;150218;PESERTA DIDIK;JIWA;2023/2024 GENAP;L;KB;51
1433;15;JAMBI;1502;150218;PESERTA DIDIK;JIWA;2023/2024 GENAP;L;TPA;0
1434;15;JAMBI;1502;150218;PESERTA DIDIK;JIWA;2023/2024 GENAP;L;SPS;0
1435;15;JAMBI;1502;150218;PESERTA DIDIK;JIWA;2023/2024 GENAP;L;PKBM;0
1436;15;JAMBI;1502;150218;PESERTA DIDIK;JIWA;2023/2024 GENAP;L;SKB;0
1437;15;JAMBI;1502;150218;PESERTA DIDIK;JIWA;2023/2024 GENAP;L;SD;737
1438;15;JAMBI;1502;150218;PESERTA DIDIK;JIWA;2023/2024 GENAP;L;SMP;91
1439;15;JAMBI;1502;150218;PESERTA DIDIK;JIWA;2023/2024 GENAP;L;SMA;90
1440;15;JAMBI;1502;150218;PESERTA DIDIK;JIWA;2023/2024 GENAP;L;SMK;0
1441;15;JAMBI;1502;150218;PESERTA DIDIK;JIWA;2023/2024 GENAP;L;SLB;0
1442;15;JAMBI;1502;150218;PESERTA DIDIK;JIWA;2023/2024 GENAP;P;TK;99
1443;15;JAMBI;1502;150218;PESERTA DIDIK;JIWA;2023/2024 GENAP;P;KB;60
1444;15;JAMBI;1502;150218;PESERTA DIDIK;JIWA;2023/2024 GENAP;P;TPA;0
1445;15;JAMBI;1502;150218;PESERTA DIDIK;JIWA;2023/2024 GENAP;P;SPS;0
1446;15;JAMBI;1502;150218;PESERTA DIDIK;JIWA;2023/2024 GENAP;P;PKBM;0
1447;15;JAMBI;1502;150218;PESERTA DIDIK;JIWA;2023/2024 GENAP;P;SKB;0
1448;15;JAMBI;1502;150218;PESERTA DIDIK;JIWA;2023/2024 GENAP;P;SD;651
1449;15;JAMBI;1502;150218;PESERTA DIDIK;JIWA;2023/2024 GENAP;P;SMP;68
1450;15;JAMBI;1502;150218;PESERTA DIDIK;JIWA;2023/2024 GENAP;P;SMA;65
1451;15;JAMBI;1502;150218;PESERTA DIDIK;JIWA;2023/2024 GENAP;P;SMK;0
1452;15;JAMBI;1502;150218;PESERTA DIDIK;JIWA;2023/2024 GENAP;P;SLB;0
1453;15;JAMBI;1502;150209;PESERTA DIDIK;JIWA;2023/2024 GENAP;L;TK;240
1454;15;JAMBI;1502;150209;PESERTA DIDIK;JIWA;2023/2024 GENAP;L;KB;50
1455;15;JAMBI;1502;150209;PESERTA DIDIK;JIWA;2023/2024 GENAP;L;TPA;0
1456;15;JAMBI;1502;150209;PESERTA DIDIK;JIWA;2023/2024 GENAP;L;SPS;64
1457;15;JAMBI;1502;150209;PESERTA DIDIK;JIWA;2023/2024 GENAP;L;PKBM;152
1458;15;JAMBI;1502;150209;PESERTA DIDIK;JIWA;2023/2024 GENAP;L;SKB;0
1459;15;JAMBI;1502;150209;PESERTA DIDIK;JIWA;2023/2024 GENAP;L;SD;1.110
1460;15;JAMBI;1502;150209;PESERTA DIDIK;JIWA;2023/2024 GENAP;L;SMP;217
1461;15;JAMBI;1502;150209;PESERTA DIDIK;JIWA;2023/2024 GENAP;L;SMA;77
1462;15;JAMBI;1502;150209;PESERTA DIDIK;JIWA;2023/2024 GENAP;L;SMK;72
1463;15;JAMBI;1502;150209;PESERTA DIDIK;JIWA;2023/2024 GENAP;L;SLB;0
1464;15;JAMBI;1502;150209;PESERTA DIDIK;JIWA;2023/2024 GENAP;P;TK;222
1465;15;JAMBI;1502;150209;PESERTA DIDIK;JIWA;2023/2024 GENAP;P;KB;48
1466;15;JAMBI;1502;150209;PESERTA DIDIK;JIWA;2023/2024 GENAP;P;TPA;0
1467;15;JAMBI;1502;150209;PESERTA DIDIK;JIWA;2023/2024 GENAP;P;SPS;96
1468;15;JAMBI;1502;150209;PESERTA DIDIK;JIWA;2023/2024 GENAP;P;PKBM;62
1469;15;JAMBI;1502;150209;PESERTA DIDIK;JIWA;2023/2024 GENAP;P;SKB;0
1470;15;JAMBI;1502;150209;PESERTA DIDIK;JIWA;2023/2024 GENAP;P;SD;1.083
1471;15;JAMBI;1502;150209;PESERTA DIDIK;JIWA;2023/2024 GENAP;P;SMP;178
1472;15;JAMBI;1502;150209;PESERTA DIDIK;JIWA;2023/2024 GENAP;P;SMA;55
1473;15;JAMBI;1502;150209;PESERTA DIDIK;JIWA;2023/2024 GENAP;P;SMK;49
1474;15;JAMBI;1502;150209;PESERTA DIDIK;JIWA;2023/2024 GENAP;P;SLB;0
1475;15;JAMBI;1502;150221;PESERTA DIDIK;JIWA;2023/2024 GENAP;L;TK;141
1476;15;JAMBI;1502;150221;PESERTA DIDIK;JIWA;2023/2024 GENAP;L;KB;17
1477;15;JAMBI;1502;150221;PESERTA DIDIK;JIWA;2023/2024 GENAP;L;TPA;0
1478;15;JAMBI;1502;150221;PESERTA DIDIK;JIWA;2023/2024 GENAP;L;SPS;0
1479;15;JAMBI;1502;150221;PESERTA DIDIK;JIWA;2023/2024 GENAP;L;PKBM;0
1480;15;JAMBI;1502;150221;PESERTA DIDIK;JIWA;2023/2024 GENAP;L;SKB;0
1481;15;JAMBI;1502;150221;PESERTA DIDIK;JIWA;2023/2024 GENAP;L;SD;797
1482;15;JAMBI;1502;150221;PESERTA DIDIK;JIWA;2023/2024 GENAP;L;SMP;266
1483;15;JAMBI;1502;150221;PESERTA DIDIK;JIWA;2023/2024 GENAP;L;SMA;144
1484;15;JAMBI;1502;150221;PESERTA DIDIK;JIWA;2023/2024 GENAP;L;SMK;16
1485;15;JAMBI;1502;150221;PESERTA DIDIK;JIWA;2023/2024 GENAP;L;SLB;0
1486;15;JAMBI;1502;150221;PESERTA DIDIK;JIWA;2023/2024 GENAP;P;TK;129
1487;15;JAMBI;1502;150221;PESERTA DIDIK;JIWA;2023/2024 GENAP;P;KB;30
1488;15;JAMBI;1502;150221;PESERTA DIDIK;JIWA;2023/2024 GENAP;P;TPA;0
1489;15;JAMBI;1502;150221;PESERTA DIDIK;JIWA;2023/2024 GENAP;P;SPS;0
1490;15;JAMBI;1502;150221;PESERTA DIDIK;JIWA;2023/2024 GENAP;P;PKBM;0
1491;15;JAMBI;1502;150221;PESERTA DIDIK;JIWA;2023/2024 GENAP;P;SKB;0
1492;15;JAMBI;1502;150221;PESERTA DIDIK;JIWA;2023/2024 GENAP;P;SD;725
1493;15;JAMBI;1502;150221;PESERTA DIDIK;JIWA;2023/2024 GENAP;P;SMP;295
1494;15;JAMBI;1502;150221;PESERTA DIDIK;JIWA;2023/2024 GENAP;P;SMA;253
1495;15;JAMBI;1502;150221;PESERTA DIDIK;JIWA;2023/2024 GENAP;P;SMK;31
1496;15;JAMBI;1502;150221;PESERTA DIDIK;JIWA;2023/2024 GENAP;P;SLB;0
1497;15;JAMBI;1502;150203;PESERTA DIDIK;JIWA;2023/2024 GENAP;L;TK;82
1498;15;JAMBI;1502;150203;PESERTA DIDIK;JIWA;2023/2024 GENAP;L;KB;174
1499;15;JAMBI;1502;150203;PESERTA DIDIK;JIWA;2023/2024 GENAP;L;TPA;0
1500;15;JAMBI;1502;150203;PESERTA DIDIK;JIWA;2023/2024 GENAP;L;SPS;0
1501;15;JAMBI;1502;150203;PESERTA DIDIK;JIWA;2023/2024 GENAP;L;PKBM;28
1502;15;JAMBI;1502;150203;PESERTA DIDIK;JIWA;2023/2024 GENAP;L;SKB;0
1503;15;JAMBI;1502;150203;PESERTA DIDIK;JIWA;2023/2024 GENAP;L;SD;588
1504;15;JAMBI;1502;150203;PESERTA DIDIK;JIWA;2023/2024 GENAP;L;SMP;106
1505;15;JAMBI;1502;150203;PESERTA DIDIK;JIWA;2023/2024 GENAP;L;SMA;81
1506;15;JAMBI;1502;150203;PESERTA DIDIK;JIWA;2023/2024 GENAP;L;SMK;0
1507;15;JAMBI;1502;150203;PESERTA DIDIK;JIWA;2023/2024 GENAP;L;SLB;0
1508;15;JAMBI;1502;150203;PESERTA DIDIK;JIWA;2023/2024 GENAP;P;TK;61
1509;15;JAMBI;1502;150203;PESERTA DIDIK;JIWA;2023/2024 GENAP;P;KB;144
1510;15;JAMBI;1502;150203;PESERTA DIDIK;JIWA;2023/2024 GENAP;P;TPA;0
1511;15;JAMBI;1502;150203;PESERTA DIDIK;JIWA;2023/2024 GENAP;P;SPS;0
1512;15;JAMBI;1502;150203;PESERTA DIDIK;JIWA;2023/2024 GENAP;P;PKBM;44
1513;15;JAMBI;1502;150203;PESERTA DIDIK;JIWA;2023/2024 GENAP;P;SKB;0
1514;15;JAMBI;1502;150203;PESERTA DIDIK;JIWA;2023/2024 GENAP;P;SD;522
1515;15;JAMBI;1502;150203;PESERTA DIDIK;JIWA;2023/2024 GENAP;P;SMP;87
1516;15;JAMBI;1502;150203;PESERTA DIDIK;JIWA;2023/2024 GENAP;P;SMA;82
1517;15;JAMBI;1502;150203;PESERTA DIDIK;JIWA;2023/2024 GENAP;P;SMK;0
1518;15;JAMBI;1502;150203;PESERTA DIDIK;JIWA;2023/2024 GENAP;P;SLB;0
1519;15;JAMBI;1502;150211;PESERTA DIDIK;JIWA;2023/2024 GENAP;L;TK;135
1520;15;JAMBI;1502;150211;PESERTA DIDIK;JIWA;2023/2024 GENAP;L;KB;53
1521;15;JAMBI;1502;150211;PESERTA DIDIK;JIWA;2023/2024 GENAP;L;TPA;0
1522;15;JAMBI;1502;150211;PESERTA DIDIK;JIWA;2023/2024 GENAP;L;SPS;29
1523;15;JAMBI;1502;150211;PESERTA DIDIK;JIWA;2023/2024 GENAP;L;PKBM;342
1524;15;JAMBI;1502;150211;PESERTA DIDIK;JIWA;2023/2024 GENAP;L;SKB;0
1525;15;JAMBI;1502;150211;PESERTA DIDIK;JIWA;2023/2024 GENAP;L;SD;824
1526;15;JAMBI;1502;150211;PESERTA DIDIK;JIWA;2023/2024 GENAP;L;SMP;255
1527;15;JAMBI;1502;150211;PESERTA DIDIK;JIWA;2023/2024 GENAP;L;SMA;434
1528;15;JAMBI;1502;150211;PESERTA DIDIK;JIWA;2023/2024 GENAP;L;SMK;531
1529;15;JAMBI;1502;150211;PESERTA DIDIK;JIWA;2023/2024 GENAP;L;SLB;0
1530;15;JAMBI;1502;150211;PESERTA DIDIK;JIWA;2023/2024 GENAP;P;TK;124
1531;15;JAMBI;1502;150211;PESERTA DIDIK;JIWA;2023/2024 GENAP;P;KB;44
1532;15;JAMBI;1502;150211;PESERTA DIDIK;JIWA;2023/2024 GENAP;P;TPA;0
1533;15;JAMBI;1502;150211;PESERTA DIDIK;JIWA;2023/2024 GENAP;P;SPS;18
1534;15;JAMBI;1502;150211;PESERTA DIDIK;JIWA;2023/2024 GENAP;P;PKBM;161
1535;15;JAMBI;1502;150211;PESERTA DIDIK;JIWA;2023/2024 GENAP;P;SKB;0
1536;15;JAMBI;1502;150211;PESERTA DIDIK;JIWA;2023/2024 GENAP;P;SD;794
1537;15;JAMBI;1502;150211;PESERTA DIDIK;JIWA;2023/2024 GENAP;P;SMP;227
1538;15;JAMBI;1502;150211;PESERTA DIDIK;JIWA;2023/2024 GENAP;P;SMA;581
1539;15;JAMBI;1502;150211;PESERTA DIDIK;JIWA;2023/2024 GENAP;P;SMK;112
1540;15;JAMBI;1502;150211;PESERTA DIDIK;JIWA;2023/2024 GENAP;P;SLB;0
1541;15;JAMBI;1502;150206;PESERTA DIDIK;JIWA;2023/2024 GENAP;L;TK;274
1542;15;JAMBI;1502;150206;PESERTA DIDIK;JIWA;2023/2024 GENAP;L;KB;252
1543;15;JAMBI;1502;150206;PESERTA DIDIK;JIWA;2023/2024 GENAP;L;TPA;0
1544;15;JAMBI;1502;150206;PESERTA DIDIK;JIWA;2023/2024 GENAP;L;SPS;20
1545;15;JAMBI;1502;150206;PESERTA DIDIK;JIWA;2023/2024 GENAP;L;PKBM;299
1546;15;JAMBI;1502;150206;PESERTA DIDIK;JIWA;2023/2024 GENAP;L;SKB;0
1547;15;JAMBI;1502;150206;PESERTA DIDIK;JIWA;2023/2024 GENAP;L;SD;1.880
1548;15;JAMBI;1502;150206;PESERTA DIDIK;JIWA;2023/2024 GENAP;L;SMP;391
1549;15;JAMBI;1502;150206;PESERTA DIDIK;JIWA;2023/2024 GENAP;L;SMA;260
1550;15;JAMBI;1502;150206;PESERTA DIDIK;JIWA;2023/2024 GENAP;L;SMK;342
1551;15;JAMBI;1502;150206;PESERTA DIDIK;JIWA;2023/2024 GENAP;L;SLB;0
1552;15;JAMBI;1502;150206;PESERTA DIDIK;JIWA;2023/2024 GENAP;P;TK;230
1553;15;JAMBI;1502;150206;PESERTA DIDIK;JIWA;2023/2024 GENAP;P;KB;231
1554;15;JAMBI;1502;150206;PESERTA DIDIK;JIWA;2023/2024 GENAP;P;TPA;0
1555;15;JAMBI;1502;150206;PESERTA DIDIK;JIWA;2023/2024 GENAP;P;SPS;20
1556;15;JAMBI;1502;150206;PESERTA DIDIK;JIWA;2023/2024 GENAP;P;PKBM;222
1557;15;JAMBI;1502;150206;PESERTA DIDIK;JIWA;2023/2024 GENAP;P;SKB;0
1558;15;JAMBI;1502;150206;PESERTA DIDIK;JIWA;2023/2024 GENAP;P;SD;1.739
1559;15;JAMBI;1502;150206;PESERTA DIDIK;JIWA;2023/2024 GENAP;P;SMP;393
1560;15;JAMBI;1502;150206;PESERTA DIDIK;JIWA;2023/2024 GENAP;P;SMA;319
1561;15;JAMBI;1502;150206;PESERTA DIDIK;JIWA;2023/2024 GENAP;P;SMK;218
1562;15;JAMBI;1502;150206;PESERTA DIDIK;JIWA;2023/2024 GENAP;P;SLB;0
1563;15;JAMBI;1502;150213;PESERTA DIDIK;JIWA;2023/2024 GENAP;L;TK;171
1564;15;JAMBI;1502;150213;PESERTA DIDIK;JIWA;2023/2024 GENAP;L;KB;97
1565;15;JAMBI;1502;150213;PESERTA DIDIK;JIWA;2023/2024 GENAP;L;TPA;0
1566;15;JAMBI;1502;150213;PESERTA DIDIK;JIWA;2023/2024 GENAP;L;SPS;41
1567;15;JAMBI;1502;150213;PESERTA DIDIK;JIWA;2023/2024 GENAP;L;PKBM;133
1568;15;JAMBI;1502;150213;PESERTA DIDIK;JIWA;2023/2024 GENAP;L;SKB;0
1569;15;JAMBI;1502;150213;PESERTA DIDIK;JIWA;2023/2024 GENAP;L;SD;1.013
1570;15;JAMBI;1502;150213;PESERTA DIDIK;JIWA;2023/2024 GENAP;L;SMP;192
1571;15;JAMBI;1502;150213;PESERTA DIDIK;JIWA;2023/2024 GENAP;L;SMA;566
1572;15;JAMBI;1502;150213;PESERTA DIDIK;JIWA;2023/2024 GENAP;L;SMK;65
1573;15;JAMBI;1502;150213;PESERTA DIDIK;JIWA;2023/2024 GENAP;L;SLB;28
1574;15;JAMBI;1502;150213;PESERTA DIDIK;JIWA;2023/2024 GENAP;P;TK;157
1575;15;JAMBI;1502;150213;PESERTA DIDIK;JIWA;2023/2024 GENAP;P;KB;96
1576;15;JAMBI;1502;150213;PESERTA DIDIK;JIWA;2023/2024 GENAP;P;TPA;0
1577;15;JAMBI;1502;150213;PESERTA DIDIK;JIWA;2023/2024 GENAP;P;SPS;39
1578;15;JAMBI;1502;150213;PESERTA DIDIK;JIWA;2023/2024 GENAP;P;PKBM;136
1579;15;JAMBI;1502;150213;PESERTA DIDIK;JIWA;2023/2024 GENAP;P;SKB;0
1580;15;JAMBI;1502;150213;PESERTA DIDIK;JIWA;2023/2024 GENAP;P;SD;942
1581;15;JAMBI;1502;150213;PESERTA DIDIK;JIWA;2023/2024 GENAP;P;SMP;166
1582;15;JAMBI;1502;150213;PESERTA DIDIK;JIWA;2023/2024 GENAP;P;SMA;471
1583;15;JAMBI;1502;150213;PESERTA DIDIK;JIWA;2023/2024 GENAP;P;SMK;35
1584;15;JAMBI;1502;150213;PESERTA DIDIK;JIWA;2023/2024 GENAP;P;SLB;16
1585;15;JAMBI;1502;150220;PESERTA DIDIK;JIWA;2023/2024 GENAP;L;TK;77
1586;15;JAMBI;1502;150220;PESERTA DIDIK;JIWA;2023/2024 GENAP;L;KB;23
1587;15;JAMBI;1502;150220;PESERTA DIDIK;JIWA;2023/2024 GENAP;L;TPA;0
1588;15;JAMBI;1502;150220;PESERTA DIDIK;JIWA;2023/2024 GENAP;L;SPS;0
1589;15;JAMBI;1502;150220;PESERTA DIDIK;JIWA;2023/2024 GENAP;L;PKBM;0
1590;15;JAMBI;1502;150220;PESERTA DIDIK;JIWA;2023/2024 GENAP;L;SKB;0
1591;15;JAMBI;1502;150220;PESERTA DIDIK;JIWA;2023/2024 GENAP;L;SD;680
1592;15;JAMBI;1502;150220;PESERTA DIDIK;JIWA;2023/2024 GENAP;L;SMP;293
1593;15;JAMBI;1502;150220;PESERTA DIDIK;JIWA;2023/2024 GENAP;L;SMA;17
1594;15;JAMBI;1502;150220;PESERTA DIDIK;JIWA;2023/2024 GENAP;L;SMK;131
1595;15;JAMBI;1502;150220;PESERTA DIDIK;JIWA;2023/2024 GENAP;L;SLB;0
1596;15;JAMBI;1502;150220;PESERTA DIDIK;JIWA;2023/2024 GENAP;P;TK;95
1597;15;JAMBI;1502;150220;PESERTA DIDIK;JIWA;2023/2024 GENAP;P;KB;23
1598;15;JAMBI;1502;150220;PESERTA DIDIK;JIWA;2023/2024 GENAP;P;TPA;0
1599;15;JAMBI;1502;150220;PESERTA DIDIK;JIWA;2023/2024 GENAP;P;SPS;0
1600;15;JAMBI;1502;150220;PESERTA DIDIK;JIWA;2023/2024 GENAP;P;PKBM;0
1601;15;JAMBI;1502;150220;PESERTA DIDIK;JIWA;2023/2024 GENAP;P;SKB;0
1602;15;JAMBI;1502;150220;PESERTA DIDIK;JIWA;2023/2024 GENAP;P;SD;629
1603;15;JAMBI;1502;150220;PESERTA DIDIK;JIWA;2023/2024 GENAP;P;SMP;278
1604;15;JAMBI;1502;150220;PESERTA DIDIK;JIWA;2023/2024 GENAP;P;SMA;27
1605;15;JAMBI;1502;150220;PESERTA DIDIK;JIWA;2023/2024 GENAP;P;SMK;179
1606;15;JAMBI;1502;150220;PESERTA DIDIK;JIWA;2023/2024 GENAP;P;SLB;0
1607;15;JAMBI;1502;150217;PESERTA DIDIK;JIWA;2023/2024 GENAP;L;TK;175
1608;15;JAMBI;1502;150217;PESERTA DIDIK;JIWA;2023/2024 GENAP;L;KB;164
1609;15;JAMBI;1502;150217;PESERTA DIDIK;JIWA;2023/2024 GENAP;L;TPA;0
1610;15;JAMBI;1502;150217;PESERTA DIDIK;JIWA;2023/2024 GENAP;L;SPS;98
1611;15;JAMBI;1502;150217;PESERTA DIDIK;JIWA;2023/2024 GENAP;L;PKBM;114
1612;15;JAMBI;1502;150217;PESERTA DIDIK;JIWA;2023/2024 GENAP;L;SKB;0
1613;15;JAMBI;1502;150217;PESERTA DIDIK;JIWA;2023/2024 GENAP;L;SD;455
1614;15;JAMBI;1502;150217;PESERTA DIDIK;JIWA;2023/2024 GENAP;L;SMP;15
1615;15;JAMBI;1502;150217;PESERTA DIDIK;JIWA;2023/2024 GENAP;L;SMA;0
1616;15;JAMBI;1502;150217;PESERTA DIDIK;JIWA;2023/2024 GENAP;L;SMK;117
1617;15;JAMBI;1502;150217;PESERTA DIDIK;JIWA;2023/2024 GENAP;L;SLB;0
1618;15;JAMBI;1502;150217;PESERTA DIDIK;JIWA;2023/2024 GENAP;P;TK;173
1619;15;JAMBI;1502;150217;PESERTA DIDIK;JIWA;2023/2024 GENAP;P;KB;178
1620;15;JAMBI;1502;150217;PESERTA DIDIK;JIWA;2023/2024 GENAP;P;TPA;0
1621;15;JAMBI;1502;150217;PESERTA DIDIK;JIWA;2023/2024 GENAP;P;SPS;89
1622;15;JAMBI;1502;150217;PESERTA DIDIK;JIWA;2023/2024 GENAP;P;PKBM;37
1623;15;JAMBI;1502;150217;PESERTA DIDIK;JIWA;2023/2024 GENAP;P;SKB;0
1624;15;JAMBI;1502;150217;PESERTA DIDIK;JIWA;2023/2024 GENAP;P;SD;421
1625;15;JAMBI;1502;150217;PESERTA DIDIK;JIWA;2023/2024 GENAP;P;SMP;12
1626;15;JAMBI;1502;150217;PESERTA DIDIK;JIWA;2023/2024 GENAP;P;SMA;0
1627;15;JAMBI;1502;150217;PESERTA DIDIK;JIWA;2023/2024 GENAP;P;SMK;79
1628;15;JAMBI;1502;150217;PESERTA DIDIK;JIWA;2023/2024 GENAP;P;SLB;0
1629;15;JAMBI;1502;150219;PESERTA DIDIK;JIWA;2023/2024 GENAP;L;TK;105
1630;15;JAMBI;1502;150219;PESERTA DIDIK;JIWA;2023/2024 GENAP;L;KB;75
1631;15;JAMBI;1502;150219;PESERTA DIDIK;JIWA;2023/2024 GENAP;L;TPA;0
1632;15;JAMBI;1502;150219;PESERTA DIDIK;JIWA;2023/2024 GENAP;L;SPS;0
1633;15;JAMBI;1502;150219;PESERTA DIDIK;JIWA;2023/2024 GENAP;L;PKBM;0
1634;15;JAMBI;1502;150219;PESERTA DIDIK;JIWA;2023/2024 GENAP;L;SKB;0
1635;15;JAMBI;1502;150219;PESERTA DIDIK;JIWA;2023/2024 GENAP;L;SD;629
1636;15;JAMBI;1502;150219;PESERTA DIDIK;JIWA;2023/2024 GENAP;L;SMP;187
1637;15;JAMBI;1502;150219;PESERTA DIDIK;JIWA;2023/2024 GENAP;L;SMA;264
1638;15;JAMBI;1502;150219;PESERTA DIDIK;JIWA;2023/2024 GENAP;L;SMK;143
1639;15;JAMBI;1502;150219;PESERTA DIDIK;JIWA;2023/2024 GENAP;L;SLB;0
1640;15;JAMBI;1502;150219;PESERTA DIDIK;JIWA;2023/2024 GENAP;P;TK;85
1641;15;JAMBI;1502;150219;PESERTA DIDIK;JIWA;2023/2024 GENAP;P;KB;66
1642;15;JAMBI;1502;150219;PESERTA DIDIK;JIWA;2023/2024 GENAP;P;TPA;0
1643;15;JAMBI;1502;150219;PESERTA DIDIK;JIWA;2023/2024 GENAP;P;SPS;0
1644;15;JAMBI;1502;150219;PESERTA DIDIK;JIWA;2023/2024 GENAP;P;PKBM;0
1645;15;JAMBI;1502;150219;PESERTA DIDIK;JIWA;2023/2024 GENAP;P;SKB;0
1646;15;JAMBI;1502;150219;PESERTA DIDIK;JIWA;2023/2024 GENAP;P;SD;560
1647;15;JAMBI;1502;150219;PESERTA DIDIK;JIWA;2023/2024 GENAP;P;SMP;157
1648;15;JAMBI;1502;150219;PESERTA DIDIK;JIWA;2023/2024 GENAP;P;SMA;290
1649;15;JAMBI;1502;150219;PESERTA DIDIK;JIWA;2023/2024 GENAP;P;SMK;156
1650;15;JAMBI;1502;150219;PESERTA DIDIK;JIWA;2023/2024 GENAP;P;SLB;0
1651;15;JAMBI;1502;150216;PESERTA DIDIK;JIWA;2023/2024 GENAP;L;TK;116
1652;15;JAMBI;1502;150216;PESERTA DIDIK;JIWA;2023/2024 GENAP;L;KB;210
1653;15;JAMBI;1502;150216;PESERTA DIDIK;JIWA;2023/2024 GENAP;L;TPA;17
1654;15;JAMBI;1502;150216;PESERTA DIDIK;JIWA;2023/2024 GENAP;L;SPS;49
1655;15;JAMBI;1502;150216;PESERTA DIDIK;JIWA;2023/2024 GENAP;L;PKBM;0
1656;15;JAMBI;1502;150216;PESERTA DIDIK;JIWA;2023/2024 GENAP;L;SKB;0
1657;15;JAMBI;1502;150216;PESERTA DIDIK;JIWA;2023/2024 GENAP;L;SD;821
1658;15;JAMBI;1502;150216;PESERTA DIDIK;JIWA;2023/2024 GENAP;L;SMP;98
1659;15;JAMBI;1502;150216;PESERTA DIDIK;JIWA;2023/2024 GENAP;L;SMA;62
1660;15;JAMBI;1502;150216;PESERTA DIDIK;JIWA;2023/2024 GENAP;L;SMK;0
1661;15;JAMBI;1502;150216;PESERTA DIDIK;JIWA;2023/2024 GENAP;L;SLB;0
1662;15;JAMBI;1502;150216;PESERTA DIDIK;JIWA;2023/2024 GENAP;P;TK;118
1663;15;JAMBI;1502;150216;PESERTA DIDIK;JIWA;2023/2024 GENAP;P;KB;194
1664;15;JAMBI;1502;150216;PESERTA DIDIK;JIWA;2023/2024 GENAP;P;TPA;22
1665;15;JAMBI;1502;150216;PESERTA DIDIK;JIWA;2023/2024 GENAP;P;SPS;43
1666;15;JAMBI;1502;150216;PESERTA DIDIK;JIWA;2023/2024 GENAP;P;PKBM;0
1667;15;JAMBI;1502;150216;PESERTA DIDIK;JIWA;2023/2024 GENAP;P;SKB;0
1668;15;JAMBI;1502;150216;PESERTA DIDIK;JIWA;2023/2024 GENAP;P;SD;756
1669;15;JAMBI;1502;150216;PESERTA DIDIK;JIWA;2023/2024 GENAP;P;SMP;104
1670;15;JAMBI;1502;150216;PESERTA DIDIK;JIWA;2023/2024 GENAP;P;SMA;62
1671;15;JAMBI;1502;150216;PESERTA DIDIK;JIWA;2023/2024 GENAP;P;SMK;0
1672;15;JAMBI;1502;150216;PESERTA DIDIK;JIWA;2023/2024 GENAP;P;SLB;0
1673;15;JAMBI;1502;150204;PESERTA DIDIK;JIWA;2023/2024 GENAP;L;TK;156
1674;15;JAMBI;1502;150204;PESERTA DIDIK;JIWA;2023/2024 GENAP;L;KB;331
1675;15;JAMBI;1502;150204;PESERTA DIDIK;JIWA;2023/2024 GENAP;L;TPA;0
1676;15;JAMBI;1502;150204;PESERTA DIDIK;JIWA;2023/2024 GENAP;L;SPS;190
1677;15;JAMBI;1502;150204;PESERTA DIDIK;JIWA;2023/2024 GENAP;L;PKBM;108
1678;15;JAMBI;1502;150204;PESERTA DIDIK;JIWA;2023/2024 GENAP;L;SKB;0
1679;15;JAMBI;1502;150204;PESERTA DIDIK;JIWA;2023/2024 GENAP;L;SD;671
1680;15;JAMBI;1502;150204;PESERTA DIDIK;JIWA;2023/2024 GENAP;L;SMP;88
1681;15;JAMBI;1502;150204;PESERTA DIDIK;JIWA;2023/2024 GENAP;L;SMA;117
1682;15;JAMBI;1502;150204;PESERTA DIDIK;JIWA;2023/2024 GENAP;L;SMK;0
1683;15;JAMBI;1502;150204;PESERTA DIDIK;JIWA;2023/2024 GENAP;L;SLB;0
1684;15;JAMBI;1502;150204;PESERTA DIDIK;JIWA;2023/2024 GENAP;P;TK;134
1685;15;JAMBI;1502;150204;PESERTA DIDIK;JIWA;2023/2024 GENAP;P;KB;337
1686;15;JAMBI;1502;150204;PESERTA DIDIK;JIWA;2023/2024 GENAP;P;TPA;0
1687;15;JAMBI;1502;150204;PESERTA DIDIK;JIWA;2023/2024 GENAP;P;SPS;201
1688;15;JAMBI;1502;150204;PESERTA DIDIK;JIWA;2023/2024 GENAP;P;PKBM;64
1689;15;JAMBI;1502;150204;PESERTA DIDIK;JIWA;2023/2024 GENAP;P;SKB;0
1690;15;JAMBI;1502;150204;PESERTA DIDIK;JIWA;2023/2024 GENAP;P;SD;674
1691;15;JAMBI;1502;150204;PESERTA DIDIK;JIWA;2023/2024 GENAP;P;SMP;83
1692;15;JAMBI;1502;150204;PESERTA DIDIK;JIWA;2023/2024 GENAP;P;SMA;110
1693;15;JAMBI;1502;150204;PESERTA DIDIK;JIWA;2023/2024 GENAP;P;SMK;0
1694;15;JAMBI;1502;150204;PESERTA DIDIK;JIWA;2023/2024 GENAP;P;SLB;0
1695;15;JAMBI;1502;150205;PESERTA DIDIK;JIWA;2023/2024 GENAP;L;TK;159
1696;15;JAMBI;1502;150205;PESERTA DIDIK;JIWA;2023/2024 GENAP;L;KB;0
1697;15;JAMBI;1502;150205;PESERTA DIDIK;JIWA;2023/2024 GENAP;L;TPA;0
1698;15;JAMBI;1502;150205;PESERTA DIDIK;JIWA;2023/2024 GENAP;L;SPS;0
1699;15;JAMBI;1502;150205;PESERTA DIDIK;JIWA;2023/2024 GENAP;L;PKBM;0
1700;15;JAMBI;1502;150205;PESERTA DIDIK;JIWA;2023/2024 GENAP;L;SKB;301
1701;15;JAMBI;1502;150205;PESERTA DIDIK;JIWA;2023/2024 GENAP;L;SD;2.155
1702;15;JAMBI;1502;150205;PESERTA DIDIK;JIWA;2023/2024 GENAP;L;SMP;331
1703;15;JAMBI;1502;150205;PESERTA DIDIK;JIWA;2023/2024 GENAP;L;SMA;172
1704;15;JAMBI;1502;150205;PESERTA DIDIK;JIWA;2023/2024 GENAP;L;SMK;0
1705;15;JAMBI;1502;150205;PESERTA DIDIK;JIWA;2023/2024 GENAP;L;SLB;0
1706;15;JAMBI;1502;150205;PESERTA DIDIK;JIWA;2023/2024 GENAP;P;TK;148
1707;15;JAMBI;1502;150205;PESERTA DIDIK;JIWA;2023/2024 GENAP;P;KB;0
1708;15;JAMBI;1502;150205;PESERTA DIDIK;JIWA;2023/2024 GENAP;P;TPA;0
1709;15;JAMBI;1502;150205;PESERTA DIDIK;JIWA;2023/2024 GENAP;P;SPS;0
1710;15;JAMBI;1502;150205;PESERTA DIDIK;JIWA;2023/2024 GENAP;P;PKBM;0
1711;15;JAMBI;1502;150205;PESERTA DIDIK;JIWA;2023/2024 GENAP;P;SKB;184
1712;15;JAMBI;1502;150205;PESERTA DIDIK;JIWA;2023/2024 GENAP;P;SD;1.971
1713;15;JAMBI;1502;150205;PESERTA DIDIK;JIWA;2023/2024 GENAP;P;SMP;274
1714;15;JAMBI;1502;150205;PESERTA DIDIK;JIWA;2023/2024 GENAP;P;SMA;229
1715;15;JAMBI;1502;150205;PESERTA DIDIK;JIWA;2023/2024 GENAP;P;SMK;0
1716;15;JAMBI;1502;150205;PESERTA DIDIK;JIWA;2023/2024 GENAP;P;SLB;0
1717;15;JAMBI;1502;150223;PESERTA DIDIK;JIWA;2023/2024 GENAP;L;TK;143
1718;15;JAMBI;1502;150223;PESERTA DIDIK;JIWA;2023/2024 GENAP;L;KB;36
1719;15;JAMBI;1502;150223;PESERTA DIDIK;JIWA;2023/2024 GENAP;L;TPA;0
1720;15;JAMBI;1502;150223;PESERTA DIDIK;JIWA;2023/2024 GENAP;L;SPS;0
1721;15;JAMBI;1502;150223;PESERTA DIDIK;JIWA;2023/2024 GENAP;L;PKBM;108
1722;15;JAMBI;1502;150223;PESERTA DIDIK;JIWA;2023/2024 GENAP;L;SKB;0
1723;15;JAMBI;1502;150223;PESERTA DIDIK;JIWA;2023/2024 GENAP;L;SD;599
1724;15;JAMBI;1502;150223;PESERTA DIDIK;JIWA;2023/2024 GENAP;L;SMP;81
1725;15;JAMBI;1502;150223;PESERTA DIDIK;JIWA;2023/2024 GENAP;L;SMA;11
1726;15;JAMBI;1502;150223;PESERTA DIDIK;JIWA;2023/2024 GENAP;L;SMK;63
1727;15;JAMBI;1502;150223;PESERTA DIDIK;JIWA;2023/2024 GENAP;L;SLB;0
1728;15;JAMBI;1502;150223;PESERTA DIDIK;JIWA;2023/2024 GENAP;P;TK;117
1729;15;JAMBI;1502;150223;PESERTA DIDIK;JIWA;2023/2024 GENAP;P;KB;54
1730;15;JAMBI;1502;150223;PESERTA DIDIK;JIWA;2023/2024 GENAP;P;TPA;0
1731;15;JAMBI;1502;150223;PESERTA DIDIK;JIWA;2023/2024 GENAP;P;SPS;0
1732;15;JAMBI;1502;150223;PESERTA DIDIK;JIWA;2023/2024 GENAP;P;PKBM;77
1733;15;JAMBI;1502;150223;PESERTA DIDIK;JIWA;2023/2024 GENAP;P;SKB;0
1734;15;JAMBI;1502;150223;PESERTA DIDIK;JIWA;2023/2024 GENAP;P;SD;534
1735;15;JAMBI;1502;150223;PESERTA DIDIK;JIWA;2023/2024 GENAP;P;SMP;66
1736;15;JAMBI;1502;150223;PESERTA DIDIK;JIWA;2023/2024 GENAP;P;SMA;17
1737;15;JAMBI;1502;150223;PESERTA DIDIK;JIWA;2023/2024 GENAP;P;SMK;44
1738;15;JAMBI;1502;150223;PESERTA DIDIK;JIWA;2023/2024 GENAP;P;SLB;0
1739;15;JAMBI;1502;150214;PESERTA DIDIK;JIWA;2023/2024 GENAP;L;TK;65
1740;15;JAMBI;1502;150214;PESERTA DIDIK;JIWA;2023/2024 GENAP;L;KB;98
1741;15;JAMBI;1502;150214;PESERTA DIDIK;JIWA;2023/2024 GENAP;L;TPA;0
1742;15;JAMBI;1502;150214;PESERTA DIDIK;JIWA;2023/2024 GENAP;L;SPS;68
1743;15;JAMBI;1502;150214;PESERTA DIDIK;JIWA;2023/2024 GENAP;L;PKBM;167
1744;15;JAMBI;1502;150214;PESERTA DIDIK;JIWA;2023/2024 GENAP;L;SKB;0
1745;15;JAMBI;1502;150214;PESERTA DIDIK;JIWA;2023/2024 GENAP;L;SD;539
1746;15;JAMBI;1502;150214;PESERTA DIDIK;JIWA;2023/2024 GENAP;L;SMP;135
1747;15;JAMBI;1502;150214;PESERTA DIDIK;JIWA;2023/2024 GENAP;L;SMA;0
1748;15;JAMBI;1502;150214;PESERTA DIDIK;JIWA;2023/2024 GENAP;L;SMK;40
1749;15;JAMBI;1502;150214;PESERTA DIDIK;JIWA;2023/2024 GENAP;L;SLB;0
1750;15;JAMBI;1502;150214;PESERTA DIDIK;JIWA;2023/2024 GENAP;P;TK;59
1751;15;JAMBI;1502;150214;PESERTA DIDIK;JIWA;2023/2024 GENAP;P;KB;102
1752;15;JAMBI;1502;150214;PESERTA DIDIK;JIWA;2023/2024 GENAP;P;TPA;0
1753;15;JAMBI;1502;150214;PESERTA DIDIK;JIWA;2023/2024 GENAP;P;SPS;80
1754;15;JAMBI;1502;150214;PESERTA DIDIK;JIWA;2023/2024 GENAP;P;PKBM;121
1755;15;JAMBI;1502;150214;PESERTA DIDIK;JIWA;2023/2024 GENAP;P;SKB;0
1756;15;JAMBI;1502;150214;PESERTA DIDIK;JIWA;2023/2024 GENAP;P;SD;520
1757;15;JAMBI;1502;150214;PESERTA DIDIK;JIWA;2023/2024 GENAP;P;SMP;131
1758;15;JAMBI;1502;150214;PESERTA DIDIK;JIWA;2023/2024 GENAP;P;SMA;0
1759;15;JAMBI;1502;150214;PESERTA DIDIK;JIWA;2023/2024 GENAP;P;SMK;24
1760;15;JAMBI;1502;150214;PESERTA DIDIK;JIWA;2023/2024 GENAP;P;SLB;0
1761;15;JAMBI;1502;150222;PESERTA DIDIK;JIWA;2023/2024 GENAP;L;TK;78
1762;15;JAMBI;1502;150222;PESERTA DIDIK;JIWA;2023/2024 GENAP;L;KB;13
1763;15;JAMBI;1502;150222;PESERTA DIDIK;JIWA;2023/2024 GENAP;L;TPA;0
1764;15;JAMBI;1502;150222;PESERTA DIDIK;JIWA;2023/2024 GENAP;L;SPS;0
1765;15;JAMBI;1502;150222;PESERTA DIDIK;JIWA;2023/2024 GENAP;L;PKBM;0
1766;15;JAMBI;1502;150222;PESERTA DIDIK;JIWA;2023/2024 GENAP;L;SKB;0
1767;15;JAMBI;1502;150222;PESERTA DIDIK;JIWA;2023/2024 GENAP;L;SD;518
1768;15;JAMBI;1502;150222;PESERTA DIDIK;JIWA;2023/2024 GENAP;L;SMP;60
1769;15;JAMBI;1502;150222;PESERTA DIDIK;JIWA;2023/2024 GENAP;L;SMA;44
1770;15;JAMBI;1502;150222;PESERTA DIDIK;JIWA;2023/2024 GENAP;L;SMK;132
1771;15;JAMBI;1502;150222;PESERTA DIDIK;JIWA;2023/2024 GENAP;L;SLB;0
1772;15;JAMBI;1502;150222;PESERTA DIDIK;JIWA;2023/2024 GENAP;P;TK;73
1773;15;JAMBI;1502;150222;PESERTA DIDIK;JIWA;2023/2024 GENAP;P;KB;16
1774;15;JAMBI;1502;150222;PESERTA DIDIK;JIWA;2023/2024 GENAP;P;TPA;0
1775;15;JAMBI;1502;150222;PESERTA DIDIK;JIWA;2023/2024 GENAP;P;SPS;0
1776;15;JAMBI;1502;150222;PESERTA DIDIK;JIWA;2023/2024 GENAP;P;PKBM;0
1777;15;JAMBI;1502;150222;PESERTA DIDIK;JIWA;2023/2024 GENAP;P;SKB;0
1778;15;JAMBI;1502;150222;PESERTA DIDIK;JIWA;2023/2024 GENAP;P;SD;450
1779;15;JAMBI;1502;150222;PESERTA DIDIK;JIWA;2023/2024 GENAP;P;SMP;62
1780;15;JAMBI;1502;150222;PESERTA DIDIK;JIWA;2023/2024 GENAP;P;SMA;30
1781;15;JAMBI;1502;150222;PESERTA DIDIK;JIWA;2023/2024 GENAP;P;SMK;79
1782;15;JAMBI;1502;150222;PESERTA DIDIK;JIWA;2023/2024 GENAP;P;SLB;0
1783;15;JAMBI;1502;150208;PESERTA DIDIK;JIWA;2023/2024 GENAP;L;TK;329
1784;15;JAMBI;1502;150208;PESERTA DIDIK;JIWA;2023/2024 GENAP;L;KB;48
1785;15;JAMBI;1502;150208;PESERTA DIDIK;JIWA;2023/2024 GENAP;L;TPA;0
1786;15;JAMBI;1502;150208;PESERTA DIDIK;JIWA;2023/2024 GENAP;L;SPS;15
1787;15;JAMBI;1502;150208;PESERTA DIDIK;JIWA;2023/2024 GENAP;L;PKBM;85
1788;15;JAMBI;1502;150208;PESERTA DIDIK;JIWA;2023/2024 GENAP;L;SKB;0
1789;15;JAMBI;1502;150208;PESERTA DIDIK;JIWA;2023/2024 GENAP;L;SD;1.813
1790;15;JAMBI;1502;150208;PESERTA DIDIK;JIWA;2023/2024 GENAP;L;SMP;482
1791;15;JAMBI;1502;150208;PESERTA DIDIK;JIWA;2023/2024 GENAP;L;SMA;270
1792;15;JAMBI;1502;150208;PESERTA DIDIK;JIWA;2023/2024 GENAP;L;SMK;267
1793;15;JAMBI;1502;150208;PESERTA DIDIK;JIWA;2023/2024 GENAP;L;SLB;0
1794;15;JAMBI;1502;150208;PESERTA DIDIK;JIWA;2023/2024 GENAP;P;TK;327
1795;15;JAMBI;1502;150208;PESERTA DIDIK;JIWA;2023/2024 GENAP;P;KB;67
1796;15;JAMBI;1502;150208;PESERTA DIDIK;JIWA;2023/2024 GENAP;P;TPA;0
1797;15;JAMBI;1502;150208;PESERTA DIDIK;JIWA;2023/2024 GENAP;P;SPS;7
1798;15;JAMBI;1502;150208;PESERTA DIDIK;JIWA;2023/2024 GENAP;P;PKBM;34
1799;15;JAMBI;1502;150208;PESERTA DIDIK;JIWA;2023/2024 GENAP;P;SKB;0
1800;15;JAMBI;1502;150208;PESERTA DIDIK;JIWA;2023/2024 GENAP;P;SD;1.680
1801;15;JAMBI;1502;150208;PESERTA DIDIK;JIWA;2023/2024 GENAP;P;SMP;403
1802;15;JAMBI;1502;150208;PESERTA DIDIK;JIWA;2023/2024 GENAP;P;SMA;387
1803;15;JAMBI;1502;150208;PESERTA DIDIK;JIWA;2023/2024 GENAP;P;SMK;168
1804;15;JAMBI;1502;150208;PESERTA DIDIK;JIWA;2023/2024 GENAP;P;SLB;0
1805;15;JAMBI;1502;150215;PESERTA DIDIK;JIWA;2023/2024 GENAP;L;TK;31
1806;15;JAMBI;1502;150215;PESERTA DIDIK;JIWA;2023/2024 GENAP;L;KB;107
1807;15;JAMBI;1502;150215;PESERTA DIDIK;JIWA;2023/2024 GENAP;L;TPA;0
1808;15;JAMBI;1502;150215;PESERTA DIDIK;JIWA;2023/2024 GENAP;L;SPS;0
1809;15;JAMBI;1502;150215;PESERTA DIDIK;JIWA;2023/2024 GENAP;L;PKBM;0
1810;15;JAMBI;1502;150215;PESERTA DIDIK;JIWA;2023/2024 GENAP;L;SKB;0
1811;15;JAMBI;1502;150215;PESERTA DIDIK;JIWA;2023/2024 GENAP;L;SD;455
1812;15;JAMBI;1502;150215;PESERTA DIDIK;JIWA;2023/2024 GENAP;L;SMP;91
1813;15;JAMBI;1502;150215;PESERTA DIDIK;JIWA;2023/2024 GENAP;L;SMA;0
1814;15;JAMBI;1502;150215;PESERTA DIDIK;JIWA;2023/2024 GENAP;L;SMK;122
1815;15;JAMBI;1502;150215;PESERTA DIDIK;JIWA;2023/2024 GENAP;L;SLB;0
1816;15;JAMBI;1502;150215;PESERTA DIDIK;JIWA;2023/2024 GENAP;P;TK;31
1817;15;JAMBI;1502;150215;PESERTA DIDIK;JIWA;2023/2024 GENAP;P;KB;89
1818;15;JAMBI;1502;150215;PESERTA DIDIK;JIWA;2023/2024 GENAP;P;TPA;0
1819;15;JAMBI;1502;150215;PESERTA DIDIK;JIWA;2023/2024 GENAP;P;SPS;0
1820;15;JAMBI;1502;150215;PESERTA DIDIK;JIWA;2023/2024 GENAP;P;PKBM;0
1821;15;JAMBI;1502;150215;PESERTA DIDIK;JIWA;2023/2024 GENAP;P;SKB;0
1822;15;JAMBI;1502;150215;PESERTA DIDIK;JIWA;2023/2024 GENAP;P;SD;439
1823;15;JAMBI;1502;150215;PESERTA DIDIK;JIWA;2023/2024 GENAP;P;SMP;55
1824;15;JAMBI;1502;150215;PESERTA DIDIK;JIWA;2023/2024 GENAP;P;SMA;0
1825;15;JAMBI;1502;150215;PESERTA DIDIK;JIWA;2023/2024 GENAP;P;SMK;128
1826;15;JAMBI;1502;150215;PESERTA DIDIK;JIWA;2023/2024 GENAP;P;SLB;0
1827;15;JAMBI;1502;150207;PESERTA DIDIK;JIWA;2023/2024 GENAP;L;TK;79
1828;15;JAMBI;1502;150207;PESERTA DIDIK;JIWA;2023/2024 GENAP;L;KB;62
1829;15;JAMBI;1502;150207;PESERTA DIDIK;JIWA;2023/2024 GENAP;L;TPA;0
1830;15;JAMBI;1502;150207;PESERTA DIDIK;JIWA;2023/2024 GENAP;L;SPS;0
1831;15;JAMBI;1502;150207;PESERTA DIDIK;JIWA;2023/2024 GENAP;L;PKBM;0
1832;15;JAMBI;1502;150207;PESERTA DIDIK;JIWA;2023/2024 GENAP;L;SKB;0
1833;15;JAMBI;1502;150207;PESERTA DIDIK;JIWA;2023/2024 GENAP;L;SD;414
1834;15;JAMBI;1502;150207;PESERTA DIDIK;JIWA;2023/2024 GENAP;L;SMP;78
1835;15;JAMBI;1502;150207;PESERTA DIDIK;JIWA;2023/2024 GENAP;L;SMA;69
1836;15;JAMBI;1502;150207;PESERTA DIDIK;JIWA;2023/2024 GENAP;L;SMK;0
1837;15;JAMBI;1502;150207;PESERTA DIDIK;JIWA;2023/2024 GENAP;L;SLB;0
1838;15;JAMBI;1502;150207;PESERTA DIDIK;JIWA;2023/2024 GENAP;P;TK;98
1839;15;JAMBI;1502;150207;PESERTA DIDIK;JIWA;2023/2024 GENAP;P;KB;55
1840;15;JAMBI;1502;150207;PESERTA DIDIK;JIWA;2023/2024 GENAP;P;TPA;0
1841;15;JAMBI;1502;150207;PESERTA DIDIK;JIWA;2023/2024 GENAP;P;SPS;0
1842;15;JAMBI;1502;150207;PESERTA DIDIK;JIWA;2023/2024 GENAP;P;PKBM;0
1843;15;JAMBI;1502;150207;PESERTA DIDIK;JIWA;2023/2024 GENAP;P;SKB;0
1844;15;JAMBI;1502;150207;PESERTA DIDIK;JIWA;2023/2024 GENAP;P;SD;381
1845;15;JAMBI;1502;150207;PESERTA DIDIK;JIWA;2023/2024 GENAP;P;SMP;98
1846;15;JAMBI;1502;150207;PESERTA DIDIK;JIWA;2023/2024 GENAP;P;SMA;87
1847;15;JAMBI;1502;150207;PESERTA DIDIK;JIWA;2023/2024 GENAP;P;SMK;0
1848;15;JAMBI;1502;150207;PESERTA DIDIK;JIWA;2023/2024 GENAP;P;SLB;0
1849;15;JAMBI;1502;150224;PESERTA DIDIK;JIWA;2023/2024 GENAP;L;TK;0
1850;15;JAMBI;1502;150224;PESERTA DIDIK;JIWA;2023/2024 GENAP;L;KB;72
1851;15;JAMBI;1502;150224;PESERTA DIDIK;JIWA;2023/2024 GENAP;L;TPA;0
1852;15;JAMBI;1502;150224;PESERTA DIDIK;JIWA;2023/2024 GENAP;L;SPS;0
1853;15;JAMBI;1502;150224;PESERTA DIDIK;JIWA;2023/2024 GENAP;L;PKBM;0
1854;15;JAMBI;1502;150224;PESERTA DIDIK;JIWA;2023/2024 GENAP;L;SKB;0
1855;15;JAMBI;1502;150224;PESERTA DIDIK;JIWA;2023/2024 GENAP;L;SD;237
1856;15;JAMBI;1502;150224;PESERTA DIDIK;JIWA;2023/2024 GENAP;L;SMP;43
1857;15;JAMBI;1502;150224;PESERTA DIDIK;JIWA;2023/2024 GENAP;L;SMA;41
1858;15;JAMBI;1502;150224;PESERTA DIDIK;JIWA;2023/2024 GENAP;L;SMK;0
1859;15;JAMBI;1502;150224;PESERTA DIDIK;JIWA;2023/2024 GENAP;L;SLB;0
1860;15;JAMBI;1502;150224;PESERTA DIDIK;JIWA;2023/2024 GENAP;P;TK;0
1861;15;JAMBI;1502;150224;PESERTA DIDIK;JIWA;2023/2024 GENAP;P;KB;81
1862;15;JAMBI;1502;150224;PESERTA DIDIK;JIWA;2023/2024 GENAP;P;TPA;0
1863;15;JAMBI;1502;150224;PESERTA DIDIK;JIWA;2023/2024 GENAP;P;SPS;0
1864;15;JAMBI;1502;150224;PESERTA DIDIK;JIWA;2023/2024 GENAP;P;PKBM;0
1865;15;JAMBI;1502;150224;PESERTA DIDIK;JIWA;2023/2024 GENAP;P;SKB;0
1866;15;JAMBI;1502;150224;PESERTA DIDIK;JIWA;2023/2024 GENAP;P;SD;234
1867;15;JAMBI;1502;150224;PESERTA DIDIK;JIWA;2023/2024 GENAP;P;SMP;40
1868;15;JAMBI;1502;150224;PESERTA DIDIK;JIWA;2023/2024 GENAP;P;SMA;28
1869;15;JAMBI;1502;150224;PESERTA DIDIK;JIWA;2023/2024 GENAP;P;SMK;0
1870;15;JAMBI;1502;150224;PESERTA DIDIK;JIWA;2023/2024 GENAP;P;SLB;0
1871;15;JAMBI;1505;150510;PESERTA DIDIK;JIWA;2023/2024 GENAP;L;TK;215
1872;15;JAMBI;1505;150510;PESERTA DIDIK;JIWA;2023/2024 GENAP;L;KB;79
1873;15;JAMBI;1505;150510;PESERTA DIDIK;JIWA;2023/2024 GENAP;L;TPA;0
1874;15;JAMBI;1505;150510;PESERTA DIDIK;JIWA;2023/2024 GENAP;L;SPS;22
1875;15;JAMBI;1505;150510;PESERTA DIDIK;JIWA;2023/2024 GENAP;L;PKBM;0
1876;15;JAMBI;1505;150510;PESERTA DIDIK;JIWA;2023/2024 GENAP;L;SKB;0
1877;15;JAMBI;1505;150510;PESERTA DIDIK;JIWA;2023/2024 GENAP;L;SD;1.266
1878;15;JAMBI;1505;150510;PESERTA DIDIK;JIWA;2023/2024 GENAP;L;SMP;300
1879;15;JAMBI;1505;150510;PESERTA DIDIK;JIWA;2023/2024 GENAP;L;SMA;78
1880;15;JAMBI;1505;150510;PESERTA DIDIK;JIWA;2023/2024 GENAP;L;SMK;0
1881;15;JAMBI;1505;150510;PESERTA DIDIK;JIWA;2023/2024 GENAP;L;SLB;0
1882;15;JAMBI;1505;150510;PESERTA DIDIK;JIWA;2023/2024 GENAP;P;TK;208
1883;15;JAMBI;1505;150510;PESERTA DIDIK;JIWA;2023/2024 GENAP;P;KB;71
1884;15;JAMBI;1505;150510;PESERTA DIDIK;JIWA;2023/2024 GENAP;P;TPA;0
1885;15;JAMBI;1505;150510;PESERTA DIDIK;JIWA;2023/2024 GENAP;P;SPS;14
1886;15;JAMBI;1505;150510;PESERTA DIDIK;JIWA;2023/2024 GENAP;P;PKBM;0
1887;15;JAMBI;1505;150510;PESERTA DIDIK;JIWA;2023/2024 GENAP;P;SKB;0
1888;15;JAMBI;1505;150510;PESERTA DIDIK;JIWA;2023/2024 GENAP;P;SD;1.149
1889;15;JAMBI;1505;150510;PESERTA DIDIK;JIWA;2023/2024 GENAP;P;SMP;245
1890;15;JAMBI;1505;150510;PESERTA DIDIK;JIWA;2023/2024 GENAP;P;SMA;73
1891;15;JAMBI;1505;150510;PESERTA DIDIK;JIWA;2023/2024 GENAP;P;SMK;0
1892;15;JAMBI;1505;150510;PESERTA DIDIK;JIWA;2023/2024 GENAP;P;SLB;0
1893;15;JAMBI;1505;150509;PESERTA DIDIK;JIWA;2023/2024 GENAP;L;TK;110
1894;15;JAMBI;1505;150509;PESERTA DIDIK;JIWA;2023/2024 GENAP;L;KB;44
1895;15;JAMBI;1505;150509;PESERTA DIDIK;JIWA;2023/2024 GENAP;L;TPA;0
1896;15;JAMBI;1505;150509;PESERTA DIDIK;JIWA;2023/2024 GENAP;L;SPS;0
1897;15;JAMBI;1505;150509;PESERTA DIDIK;JIWA;2023/2024 GENAP;L;PKBM;0
1898;15;JAMBI;1505;150509;PESERTA DIDIK;JIWA;2023/2024 GENAP;L;SKB;0
1899;15;JAMBI;1505;150509;PESERTA DIDIK;JIWA;2023/2024 GENAP;L;SD;761
1900;15;JAMBI;1505;150509;PESERTA DIDIK;JIWA;2023/2024 GENAP;L;SMP;256
1901;15;JAMBI;1505;150509;PESERTA DIDIK;JIWA;2023/2024 GENAP;L;SMA;19
1902;15;JAMBI;1505;150509;PESERTA DIDIK;JIWA;2023/2024 GENAP;L;SMK;87
1903;15;JAMBI;1505;150509;PESERTA DIDIK;JIWA;2023/2024 GENAP;L;SLB;0
1904;15;JAMBI;1505;150509;PESERTA DIDIK;JIWA;2023/2024 GENAP;P;TK;122
1905;15;JAMBI;1505;150509;PESERTA DIDIK;JIWA;2023/2024 GENAP;P;KB;51
1906;15;JAMBI;1505;150509;PESERTA DIDIK;JIWA;2023/2024 GENAP;P;TPA;0
1907;15;JAMBI;1505;150509;PESERTA DIDIK;JIWA;2023/2024 GENAP;P;SPS;0
1908;15;JAMBI;1505;150509;PESERTA DIDIK;JIWA;2023/2024 GENAP;P;PKBM;0
1909;15;JAMBI;1505;150509;PESERTA DIDIK;JIWA;2023/2024 GENAP;P;SKB;0
1910;15;JAMBI;1505;150509;PESERTA DIDIK;JIWA;2023/2024 GENAP;P;SD;688
1911;15;JAMBI;1505;150509;PESERTA DIDIK;JIWA;2023/2024 GENAP;P;SMP;220
1912;15;JAMBI;1505;150509;PESERTA DIDIK;JIWA;2023/2024 GENAP;P;SMA;28
1913;15;JAMBI;1505;150509;PESERTA DIDIK;JIWA;2023/2024 GENAP;P;SMK;75
1914;15;JAMBI;1505;150509;PESERTA DIDIK;JIWA;2023/2024 GENAP;P;SLB;0
1915;15;JAMBI;1505;150501;PESERTA DIDIK;JIWA;2023/2024 GENAP;L;TK;588
1916;15;JAMBI;1505;150501;PESERTA DIDIK;JIWA;2023/2024 GENAP;L;KB;139
1917;15;JAMBI;1505;150501;PESERTA DIDIK;JIWA;2023/2024 GENAP;L;TPA;31
1918;15;JAMBI;1505;150501;PESERTA DIDIK;JIWA;2023/2024 GENAP;L;SPS;13
1919;15;JAMBI;1505;150501;PESERTA DIDIK;JIWA;2023/2024 GENAP;L;PKBM;132
1920;15;JAMBI;1505;150501;PESERTA DIDIK;JIWA;2023/2024 GENAP;L;SKB;0
1921;15;JAMBI;1505;150501;PESERTA DIDIK;JIWA;2023/2024 GENAP;L;SD;3.117
1922;15;JAMBI;1505;150501;PESERTA DIDIK;JIWA;2023/2024 GENAP;L;SMP;965
1923;15;JAMBI;1505;150501;PESERTA DIDIK;JIWA;2023/2024 GENAP;L;SMA;1.305
1924;15;JAMBI;1505;150501;PESERTA DIDIK;JIWA;2023/2024 GENAP;L;SMK;392
1925;15;JAMBI;1505;150501;PESERTA DIDIK;JIWA;2023/2024 GENAP;L;SLB;14
1926;15;JAMBI;1505;150501;PESERTA DIDIK;JIWA;2023/2024 GENAP;P;TK;557
1927;15;JAMBI;1505;150501;PESERTA DIDIK;JIWA;2023/2024 GENAP;P;KB;146
1928;15;JAMBI;1505;150501;PESERTA DIDIK;JIWA;2023/2024 GENAP;P;TPA;35
1929;15;JAMBI;1505;150501;PESERTA DIDIK;JIWA;2023/2024 GENAP;P;SPS;17
1930;15;JAMBI;1505;150501;PESERTA DIDIK;JIWA;2023/2024 GENAP;P;PKBM;43
1931;15;JAMBI;1505;150501;PESERTA DIDIK;JIWA;2023/2024 GENAP;P;SKB;0
1932;15;JAMBI;1505;150501;PESERTA DIDIK;JIWA;2023/2024 GENAP;P;SD;2.940
1933;15;JAMBI;1505;150501;PESERTA DIDIK;JIWA;2023/2024 GENAP;P;SMP;1.003
1934;15;JAMBI;1505;150501;PESERTA DIDIK;JIWA;2023/2024 GENAP;P;SMA;1.490
1935;15;JAMBI;1505;150501;PESERTA DIDIK;JIWA;2023/2024 GENAP;P;SMK;185
1936;15;JAMBI;1505;150501;PESERTA DIDIK;JIWA;2023/2024 GENAP;P;SLB;7
1937;15;JAMBI;1505;150503;PESERTA DIDIK;JIWA;2023/2024 GENAP;L;TK;208
1938;15;JAMBI;1505;150503;PESERTA DIDIK;JIWA;2023/2024 GENAP;L;KB;155
1939;15;JAMBI;1505;150503;PESERTA DIDIK;JIWA;2023/2024 GENAP;L;TPA;0
1940;15;JAMBI;1505;150503;PESERTA DIDIK;JIWA;2023/2024 GENAP;L;SPS;6
1941;15;JAMBI;1505;150503;PESERTA DIDIK;JIWA;2023/2024 GENAP;L;PKBM;0
1942;15;JAMBI;1505;150503;PESERTA DIDIK;JIWA;2023/2024 GENAP;L;SKB;0
1943;15;JAMBI;1505;150503;PESERTA DIDIK;JIWA;2023/2024 GENAP;L;SD;1.527
1944;15;JAMBI;1505;150503;PESERTA DIDIK;JIWA;2023/2024 GENAP;L;SMP;311
1945;15;JAMBI;1505;150503;PESERTA DIDIK;JIWA;2023/2024 GENAP;L;SMA;129
1946;15;JAMBI;1505;150503;PESERTA DIDIK;JIWA;2023/2024 GENAP;L;SMK;212
1947;15;JAMBI;1505;150503;PESERTA DIDIK;JIWA;2023/2024 GENAP;L;SLB;0
1948;15;JAMBI;1505;150503;PESERTA DIDIK;JIWA;2023/2024 GENAP;P;TK;172
1949;15;JAMBI;1505;150503;PESERTA DIDIK;JIWA;2023/2024 GENAP;P;KB;152
1950;15;JAMBI;1505;150503;PESERTA DIDIK;JIWA;2023/2024 GENAP;P;TPA;0
1951;15;JAMBI;1505;150503;PESERTA DIDIK;JIWA;2023/2024 GENAP;P;SPS;6
1952;15;JAMBI;1505;150503;PESERTA DIDIK;JIWA;2023/2024 GENAP;P;PKBM;0
1953;15;JAMBI;1505;150503;PESERTA DIDIK;JIWA;2023/2024 GENAP;P;SKB;0
1954;15;JAMBI;1505;150503;PESERTA DIDIK;JIWA;2023/2024 GENAP;P;SD;1.408
1955;15;JAMBI;1505;150503;PESERTA DIDIK;JIWA;2023/2024 GENAP;P;SMP;285
1956;15;JAMBI;1505;150503;PESERTA DIDIK;JIWA;2023/2024 GENAP;P;SMA;152
1957;15;JAMBI;1505;150503;PESERTA DIDIK;JIWA;2023/2024 GENAP;P;SMK;181
1958;15;JAMBI;1505;150503;PESERTA DIDIK;JIWA;2023/2024 GENAP;P;SLB;0
1959;15;JAMBI;1505;150506;PESERTA DIDIK;JIWA;2023/2024 GENAP;L;TK;175
1960;15;JAMBI;1505;150506;PESERTA DIDIK;JIWA;2023/2024 GENAP;L;KB;471
1961;15;JAMBI;1505;150506;PESERTA DIDIK;JIWA;2023/2024 GENAP;L;TPA;0
1962;15;JAMBI;1505;150506;PESERTA DIDIK;JIWA;2023/2024 GENAP;L;SPS;28
1963;15;JAMBI;1505;150506;PESERTA DIDIK;JIWA;2023/2024 GENAP;L;PKBM;0
1964;15;JAMBI;1505;150506;PESERTA DIDIK;JIWA;2023/2024 GENAP;L;SKB;0
1965;15;JAMBI;1505;150506;PESERTA DIDIK;JIWA;2023/2024 GENAP;L;SD;2.583
1966;15;JAMBI;1505;150506;PESERTA DIDIK;JIWA;2023/2024 GENAP;L;SMP;681
1967;15;JAMBI;1505;150506;PESERTA DIDIK;JIWA;2023/2024 GENAP;L;SMA;324
1968;15;JAMBI;1505;150506;PESERTA DIDIK;JIWA;2023/2024 GENAP;L;SMK;49
1969;15;JAMBI;1505;150506;PESERTA DIDIK;JIWA;2023/2024 GENAP;L;SLB;0
1970;15;JAMBI;1505;150506;PESERTA DIDIK;JIWA;2023/2024 GENAP;P;TK;135
1971;15;JAMBI;1505;150506;PESERTA DIDIK;JIWA;2023/2024 GENAP;P;KB;429
1972;15;JAMBI;1505;150506;PESERTA DIDIK;JIWA;2023/2024 GENAP;P;TPA;0
1973;15;JAMBI;1505;150506;PESERTA DIDIK;JIWA;2023/2024 GENAP;P;SPS;21
1974;15;JAMBI;1505;150506;PESERTA DIDIK;JIWA;2023/2024 GENAP;P;PKBM;0
1975;15;JAMBI;1505;150506;PESERTA DIDIK;JIWA;2023/2024 GENAP;P;SKB;0
1976;15;JAMBI;1505;150506;PESERTA DIDIK;JIWA;2023/2024 GENAP;P;SD;2.363
1977;15;JAMBI;1505;150506;PESERTA DIDIK;JIWA;2023/2024 GENAP;P;SMP;611
1978;15;JAMBI;1505;150506;PESERTA DIDIK;JIWA;2023/2024 GENAP;P;SMA;377
1979;15;JAMBI;1505;150506;PESERTA DIDIK;JIWA;2023/2024 GENAP;P;SMK;51
1980;15;JAMBI;1505;150506;PESERTA DIDIK;JIWA;2023/2024 GENAP;P;SLB;0
1981;15;JAMBI;1505;150504;PESERTA DIDIK;JIWA;2023/2024 GENAP;L;TK;180
1982;15;JAMBI;1505;150504;PESERTA DIDIK;JIWA;2023/2024 GENAP;L;KB;41
1983;15;JAMBI;1505;150504;PESERTA DIDIK;JIWA;2023/2024 GENAP;L;TPA;0
1984;15;JAMBI;1505;150504;PESERTA DIDIK;JIWA;2023/2024 GENAP;L;SPS;0
1985;15;JAMBI;1505;150504;PESERTA DIDIK;JIWA;2023/2024 GENAP;L;PKBM;86
1986;15;JAMBI;1505;150504;PESERTA DIDIK;JIWA;2023/2024 GENAP;L;SKB;0
1987;15;JAMBI;1505;150504;PESERTA DIDIK;JIWA;2023/2024 GENAP;L;SD;1.291
1988;15;JAMBI;1505;150504;PESERTA DIDIK;JIWA;2023/2024 GENAP;L;SMP;307
1989;15;JAMBI;1505;150504;PESERTA DIDIK;JIWA;2023/2024 GENAP;L;SMA;244
1990;15;JAMBI;1505;150504;PESERTA DIDIK;JIWA;2023/2024 GENAP;L;SMK;47
1991;15;JAMBI;1505;150504;PESERTA DIDIK;JIWA;2023/2024 GENAP;L;SLB;0
1992;15;JAMBI;1505;150504;PESERTA DIDIK;JIWA;2023/2024 GENAP;P;TK;160
1993;15;JAMBI;1505;150504;PESERTA DIDIK;JIWA;2023/2024 GENAP;P;KB;36
1994;15;JAMBI;1505;150504;PESERTA DIDIK;JIWA;2023/2024 GENAP;P;TPA;0
1995;15;JAMBI;1505;150504;PESERTA DIDIK;JIWA;2023/2024 GENAP;P;SPS;0
1996;15;JAMBI;1505;150504;PESERTA DIDIK;JIWA;2023/2024 GENAP;P;PKBM;59
1997;15;JAMBI;1505;150504;PESERTA DIDIK;JIWA;2023/2024 GENAP;P;SKB;0
1998;15;JAMBI;1505;150504;PESERTA DIDIK;JIWA;2023/2024 GENAP;P;SD;1.201
1999;15;JAMBI;1505;150504;PESERTA DIDIK;JIWA;2023/2024 GENAP;P;SMP;375
2000;15;JAMBI;1505;150504;PESERTA DIDIK;JIWA;2023/2024 GENAP;P;SMA;284
2001;15;JAMBI;1505;150504;PESERTA DIDIK;JIWA;2023/2024 GENAP;P;SMK;39
2002;15;JAMBI;1505;150504;PESERTA DIDIK;JIWA;2023/2024 GENAP;P;SLB;0
2003;15;JAMBI;1505;150505;PESERTA DIDIK;JIWA;2023/2024 GENAP;L;TK;288
2004;15;JAMBI;1505;150505;PESERTA DIDIK;JIWA;2023/2024 GENAP;L;KB;166
2005;15;JAMBI;1505;150505;PESERTA DIDIK;JIWA;2023/2024 GENAP;L;TPA;0
2006;15;JAMBI;1505;150505;PESERTA DIDIK;JIWA;2023/2024 GENAP;L;SPS;0
2007;15;JAMBI;1505;150505;PESERTA DIDIK;JIWA;2023/2024 GENAP;L;PKBM;0
2008;15;JAMBI;1505;150505;PESERTA DIDIK;JIWA;2023/2024 GENAP;L;SKB;0
2009;15;JAMBI;1505;150505;PESERTA DIDIK;JIWA;2023/2024 GENAP;L;SD;2.095
2010;15;JAMBI;1505;150505;PESERTA DIDIK;JIWA;2023/2024 GENAP;L;SMP;1.151
2011;15;JAMBI;1505;150505;PESERTA DIDIK;JIWA;2023/2024 GENAP;L;SMA;624
2012;15;JAMBI;1505;150505;PESERTA DIDIK;JIWA;2023/2024 GENAP;L;SMK;442
2013;15;JAMBI;1505;150505;PESERTA DIDIK;JIWA;2023/2024 GENAP;L;SLB;0
2014;15;JAMBI;1505;150505;PESERTA DIDIK;JIWA;2023/2024 GENAP;P;TK;283
2015;15;JAMBI;1505;150505;PESERTA DIDIK;JIWA;2023/2024 GENAP;P;KB;148
2016;15;JAMBI;1505;150505;PESERTA DIDIK;JIWA;2023/2024 GENAP;P;TPA;0
2017;15;JAMBI;1505;150505;PESERTA DIDIK;JIWA;2023/2024 GENAP;P;SPS;0
2018;15;JAMBI;1505;150505;PESERTA DIDIK;JIWA;2023/2024 GENAP;P;PKBM;0
2019;15;JAMBI;1505;150505;PESERTA DIDIK;JIWA;2023/2024 GENAP;P;SKB;0
2020;15;JAMBI;1505;150505;PESERTA DIDIK;JIWA;2023/2024 GENAP;P;SD;1.871
2021;15;JAMBI;1505;150505;PESERTA DIDIK;JIWA;2023/2024 GENAP;P;SMP;1.130
2022;15;JAMBI;1505;150505;PESERTA DIDIK;JIWA;2023/2024 GENAP;P;SMA;804
2023;15;JAMBI;1505;150505;PESERTA DIDIK;JIWA;2023/2024 GENAP;P;SMK;316
2024;15;JAMBI;1505;150505;PESERTA DIDIK;JIWA;2023/2024 GENAP;P;SLB;0
2025;15;JAMBI;1505;150502;PESERTA DIDIK;JIWA;2023/2024 GENAP;L;TK;395
2026;15;JAMBI;1505;150502;PESERTA DIDIK;JIWA;2023/2024 GENAP;L;KB;24
2027;15;JAMBI;1505;150502;PESERTA DIDIK;JIWA;2023/2024 GENAP;L;TPA;0
2028;15;JAMBI;1505;150502;PESERTA DIDIK;JIWA;2023/2024 GENAP;L;SPS;0
2029;15;JAMBI;1505;150502;PESERTA DIDIK;JIWA;2023/2024 GENAP;L;PKBM;147
2030;15;JAMBI;1505;150502;PESERTA DIDIK;JIWA;2023/2024 GENAP;L;SKB;55
2031;15;JAMBI;1505;150502;PESERTA DIDIK;JIWA;2023/2024 GENAP;L;SD;2.646
2032;15;JAMBI;1505;150502;PESERTA DIDIK;JIWA;2023/2024 GENAP;L;SMP;1.010
2033;15;JAMBI;1505;150502;PESERTA DIDIK;JIWA;2023/2024 GENAP;L;SMA;444
2034;15;JAMBI;1505;150502;PESERTA DIDIK;JIWA;2023/2024 GENAP;L;SMK;383
2035;15;JAMBI;1505;150502;PESERTA DIDIK;JIWA;2023/2024 GENAP;L;SLB;77
2036;15;JAMBI;1505;150502;PESERTA DIDIK;JIWA;2023/2024 GENAP;P;TK;369
2037;15;JAMBI;1505;150502;PESERTA DIDIK;JIWA;2023/2024 GENAP;P;KB;44
2038;15;JAMBI;1505;150502;PESERTA DIDIK;JIWA;2023/2024 GENAP;P;TPA;0
2039;15;JAMBI;1505;150502;PESERTA DIDIK;JIWA;2023/2024 GENAP;P;SPS;0
2040;15;JAMBI;1505;150502;PESERTA DIDIK;JIWA;2023/2024 GENAP;P;PKBM;79
2041;15;JAMBI;1505;150502;PESERTA DIDIK;JIWA;2023/2024 GENAP;P;SKB;20
2042;15;JAMBI;1505;150502;PESERTA DIDIK;JIWA;2023/2024 GENAP;P;SD;2.553
2043;15;JAMBI;1505;150502;PESERTA DIDIK;JIWA;2023/2024 GENAP;P;SMP;972
2044;15;JAMBI;1505;150502;PESERTA DIDIK;JIWA;2023/2024 GENAP;P;SMA;518
2045;15;JAMBI;1505;150502;PESERTA DIDIK;JIWA;2023/2024 GENAP;P;SMK;214
2046;15;JAMBI;1505;150502;PESERTA DIDIK;JIWA;2023/2024 GENAP;P;SLB;40
2047;15;JAMBI;1505;150507;PESERTA DIDIK;JIWA;2023/2024 GENAP;L;TK;359
2048;15;JAMBI;1505;150507;PESERTA DIDIK;JIWA;2023/2024 GENAP;L;KB;63
2049;15;JAMBI;1505;150507;PESERTA DIDIK;JIWA;2023/2024 GENAP;L;TPA;0
2050;15;JAMBI;1505;150507;PESERTA DIDIK;JIWA;2023/2024 GENAP;L;SPS;0
2051;15;JAMBI;1505;150507;PESERTA DIDIK;JIWA;2023/2024 GENAP;L;PKBM;0
2052;15;JAMBI;1505;150507;PESERTA DIDIK;JIWA;2023/2024 GENAP;L;SKB;0
2053;15;JAMBI;1505;150507;PESERTA DIDIK;JIWA;2023/2024 GENAP;L;SD;1.950
2054;15;JAMBI;1505;150507;PESERTA DIDIK;JIWA;2023/2024 GENAP;L;SMP;714
2055;15;JAMBI;1505;150507;PESERTA DIDIK;JIWA;2023/2024 GENAP;L;SMA;270
2056;15;JAMBI;1505;150507;PESERTA DIDIK;JIWA;2023/2024 GENAP;L;SMK;863
2057;15;JAMBI;1505;150507;PESERTA DIDIK;JIWA;2023/2024 GENAP;L;SLB;12
2058;15;JAMBI;1505;150507;PESERTA DIDIK;JIWA;2023/2024 GENAP;P;TK;366
2059;15;JAMBI;1505;150507;PESERTA DIDIK;JIWA;2023/2024 GENAP;P;KB;55
2060;15;JAMBI;1505;150507;PESERTA DIDIK;JIWA;2023/2024 GENAP;P;TPA;0
2061;15;JAMBI;1505;150507;PESERTA DIDIK;JIWA;2023/2024 GENAP;P;SPS;0
2062;15;JAMBI;1505;150507;PESERTA DIDIK;JIWA;2023/2024 GENAP;P;PKBM;0
2063;15;JAMBI;1505;150507;PESERTA DIDIK;JIWA;2023/2024 GENAP;P;SKB;0
2064;15;JAMBI;1505;150507;PESERTA DIDIK;JIWA;2023/2024 GENAP;P;SD;1.782
2065;15;JAMBI;1505;150507;PESERTA DIDIK;JIWA;2023/2024 GENAP;P;SMP;672
2066;15;JAMBI;1505;150507;PESERTA DIDIK;JIWA;2023/2024 GENAP;P;SMA;441
2067;15;JAMBI;1505;150507;PESERTA DIDIK;JIWA;2023/2024 GENAP;P;SMK;630
2068;15;JAMBI;1505;150507;PESERTA DIDIK;JIWA;2023/2024 GENAP;P;SLB;9
2069;15;JAMBI;1505;150508;PESERTA DIDIK;JIWA;2023/2024 GENAP;L;TK;516
2070;15;JAMBI;1505;150508;PESERTA DIDIK;JIWA;2023/2024 GENAP;L;KB;27
2071;15;JAMBI;1505;150508;PESERTA DIDIK;JIWA;2023/2024 GENAP;L;TPA;0
2072;15;JAMBI;1505;150508;PESERTA DIDIK;JIWA;2023/2024 GENAP;L;SPS;0
2073;15;JAMBI;1505;150508;PESERTA DIDIK;JIWA;2023/2024 GENAP;L;PKBM;25
2074;15;JAMBI;1505;150508;PESERTA DIDIK;JIWA;2023/2024 GENAP;L;SKB;0
2075;15;JAMBI;1505;150508;PESERTA DIDIK;JIWA;2023/2024 GENAP;L;SD;3.254
2076;15;JAMBI;1505;150508;PESERTA DIDIK;JIWA;2023/2024 GENAP;L;SMP;971
2077;15;JAMBI;1505;150508;PESERTA DIDIK;JIWA;2023/2024 GENAP;L;SMA;504
2078;15;JAMBI;1505;150508;PESERTA DIDIK;JIWA;2023/2024 GENAP;L;SMK;289
2079;15;JAMBI;1505;150508;PESERTA DIDIK;JIWA;2023/2024 GENAP;L;SLB;0
2080;15;JAMBI;1505;150508;PESERTA DIDIK;JIWA;2023/2024 GENAP;P;TK;482
2081;15;JAMBI;1505;150508;PESERTA DIDIK;JIWA;2023/2024 GENAP;P;KB;28
2082;15;JAMBI;1505;150508;PESERTA DIDIK;JIWA;2023/2024 GENAP;P;TPA;0
2083;15;JAMBI;1505;150508;PESERTA DIDIK;JIWA;2023/2024 GENAP;P;SPS;0
2084;15;JAMBI;1505;150508;PESERTA DIDIK;JIWA;2023/2024 GENAP;P;PKBM;31
2085;15;JAMBI;1505;150508;PESERTA DIDIK;JIWA;2023/2024 GENAP;P;SKB;0
2086;15;JAMBI;1505;150508;PESERTA DIDIK;JIWA;2023/2024 GENAP;P;SD;3.129
2087;15;JAMBI;1505;150508;PESERTA DIDIK;JIWA;2023/2024 GENAP;P;SMP;919
2088;15;JAMBI;1505;150508;PESERTA DIDIK;JIWA;2023/2024 GENAP;P;SMA;536
2089;15;JAMBI;1505;150508;PESERTA DIDIK;JIWA;2023/2024 GENAP;P;SMK;158
2090;15;JAMBI;1505;150508;PESERTA DIDIK;JIWA;2023/2024 GENAP;P;SLB;0
2091;15;JAMBI;1505;150511;PESERTA DIDIK;JIWA;2023/2024 GENAP;L;TK;107
2092;15;JAMBI;1505;150511;PESERTA DIDIK;JIWA;2023/2024 GENAP;L;KB;59
2093;15;JAMBI;1505;150511;PESERTA DIDIK;JIWA;2023/2024 GENAP;L;TPA;0
2094;15;JAMBI;1505;150511;PESERTA DIDIK;JIWA;2023/2024 GENAP;L;SPS;0
2095;15;JAMBI;1505;150511;PESERTA DIDIK;JIWA;2023/2024 GENAP;L;PKBM;0
2096;15;JAMBI;1505;150511;PESERTA DIDIK;JIWA;2023/2024 GENAP;L;SKB;0
2097;15;JAMBI;1505;150511;PESERTA DIDIK;JIWA;2023/2024 GENAP;L;SD;722
2098;15;JAMBI;1505;150511;PESERTA DIDIK;JIWA;2023/2024 GENAP;L;SMP;141
2099;15;JAMBI;1505;150511;PESERTA DIDIK;JIWA;2023/2024 GENAP;L;SMA;0
2100;15;JAMBI;1505;150511;PESERTA DIDIK;JIWA;2023/2024 GENAP;L;SMK;126
2101;15;JAMBI;1505;150511;PESERTA DIDIK;JIWA;2023/2024 GENAP;L;SLB;0
2102;15;JAMBI;1505;150511;PESERTA DIDIK;JIWA;2023/2024 GENAP;P;TK;96
2103;15;JAMBI;1505;150511;PESERTA DIDIK;JIWA;2023/2024 GENAP;P;KB;71
2104;15;JAMBI;1505;150511;PESERTA DIDIK;JIWA;2023/2024 GENAP;P;TPA;0
2105;15;JAMBI;1505;150511;PESERTA DIDIK;JIWA;2023/2024 GENAP;P;SPS;0
2106;15;JAMBI;1505;150511;PESERTA DIDIK;JIWA;2023/2024 GENAP;P;PKBM;0
2107;15;JAMBI;1505;150511;PESERTA DIDIK;JIWA;2023/2024 GENAP;P;SKB;0
2108;15;JAMBI;1505;150511;PESERTA DIDIK;JIWA;2023/2024 GENAP;P;SD;720
2109;15;JAMBI;1505;150511;PESERTA DIDIK;JIWA;2023/2024 GENAP;P;SMP;119
2110;15;JAMBI;1505;150511;PESERTA DIDIK;JIWA;2023/2024 GENAP;P;SMA;0
2111;15;JAMBI;1505;150511;PESERTA DIDIK;JIWA;2023/2024 GENAP;P;SMK;111
2112;15;JAMBI;1505;150511;PESERTA DIDIK;JIWA;2023/2024 GENAP;P;SLB;0
2113;15;JAMBI;1503;150307;PESERTA DIDIK;JIWA;2023/2024 GENAP;L;TK;183
2114;15;JAMBI;1503;150307;PESERTA DIDIK;JIWA;2023/2024 GENAP;L;KB;355
2115;15;JAMBI;1503;150307;PESERTA DIDIK;JIWA;2023/2024 GENAP;L;TPA;0
2116;15;JAMBI;1503;150307;PESERTA DIDIK;JIWA;2023/2024 GENAP;L;SPS;0
2117;15;JAMBI;1503;150307;PESERTA DIDIK;JIWA;2023/2024 GENAP;L;PKBM;161
2118;15;JAMBI;1503;150307;PESERTA DIDIK;JIWA;2023/2024 GENAP;L;SKB;0
2119;15;JAMBI;1503;150307;PESERTA DIDIK;JIWA;2023/2024 GENAP;L;SD;1.378
2120;15;JAMBI;1503;150307;PESERTA DIDIK;JIWA;2023/2024 GENAP;L;SMP;387
2121;15;JAMBI;1503;150307;PESERTA DIDIK;JIWA;2023/2024 GENAP;L;SMA;86
2122;15;JAMBI;1503;150307;PESERTA DIDIK;JIWA;2023/2024 GENAP;L;SMK;193
2123;15;JAMBI;1503;150307;PESERTA DIDIK;JIWA;2023/2024 GENAP;L;SLB;0
2124;15;JAMBI;1503;150307;PESERTA DIDIK;JIWA;2023/2024 GENAP;P;TK;178
2125;15;JAMBI;1503;150307;PESERTA DIDIK;JIWA;2023/2024 GENAP;P;KB;320
2126;15;JAMBI;1503;150307;PESERTA DIDIK;JIWA;2023/2024 GENAP;P;TPA;0
2127;15;JAMBI;1503;150307;PESERTA DIDIK;JIWA;2023/2024 GENAP;P;SPS;0
2128;15;JAMBI;1503;150307;PESERTA DIDIK;JIWA;2023/2024 GENAP;P;PKBM;107
2129;15;JAMBI;1503;150307;PESERTA DIDIK;JIWA;2023/2024 GENAP;P;SKB;0
2130;15;JAMBI;1503;150307;PESERTA DIDIK;JIWA;2023/2024 GENAP;P;SD;1.256
2131;15;JAMBI;1503;150307;PESERTA DIDIK;JIWA;2023/2024 GENAP;P;SMP;338
2132;15;JAMBI;1503;150307;PESERTA DIDIK;JIWA;2023/2024 GENAP;P;SMA;108
2133;15;JAMBI;1503;150307;PESERTA DIDIK;JIWA;2023/2024 GENAP;P;SMK;198
2134;15;JAMBI;1503;150307;PESERTA DIDIK;JIWA;2023/2024 GENAP;P;SLB;0
2135;15;JAMBI;1503;150301;PESERTA DIDIK;JIWA;2023/2024 GENAP;L;TK;161
2136;15;JAMBI;1503;150301;PESERTA DIDIK;JIWA;2023/2024 GENAP;L;KB;523
2137;15;JAMBI;1503;150301;PESERTA DIDIK;JIWA;2023/2024 GENAP;L;TPA;0
2138;15;JAMBI;1503;150301;PESERTA DIDIK;JIWA;2023/2024 GENAP;L;SPS;7
2139;15;JAMBI;1503;150301;PESERTA DIDIK;JIWA;2023/2024 GENAP;L;PKBM;99
2140;15;JAMBI;1503;150301;PESERTA DIDIK;JIWA;2023/2024 GENAP;L;SKB;0
2141;15;JAMBI;1503;150301;PESERTA DIDIK;JIWA;2023/2024 GENAP;L;SD;1.371
2142;15;JAMBI;1503;150301;PESERTA DIDIK;JIWA;2023/2024 GENAP;L;SMP;275
2143;15;JAMBI;1503;150301;PESERTA DIDIK;JIWA;2023/2024 GENAP;L;SMA;84
2144;15;JAMBI;1503;150301;PESERTA DIDIK;JIWA;2023/2024 GENAP;L;SMK;62
2145;15;JAMBI;1503;150301;PESERTA DIDIK;JIWA;2023/2024 GENAP;L;SLB;0
2146;15;JAMBI;1503;150301;PESERTA DIDIK;JIWA;2023/2024 GENAP;P;TK;147
2147;15;JAMBI;1503;150301;PESERTA DIDIK;JIWA;2023/2024 GENAP;P;KB;481
2148;15;JAMBI;1503;150301;PESERTA DIDIK;JIWA;2023/2024 GENAP;P;TPA;0
2149;15;JAMBI;1503;150301;PESERTA DIDIK;JIWA;2023/2024 GENAP;P;SPS;13
2150;15;JAMBI;1503;150301;PESERTA DIDIK;JIWA;2023/2024 GENAP;P;PKBM;90
2151;15;JAMBI;1503;150301;PESERTA DIDIK;JIWA;2023/2024 GENAP;P;SKB;0
2152;15;JAMBI;1503;150301;PESERTA DIDIK;JIWA;2023/2024 GENAP;P;SD;1.220
2153;15;JAMBI;1503;150301;PESERTA DIDIK;JIWA;2023/2024 GENAP;P;SMP;314
2154;15;JAMBI;1503;150301;PESERTA DIDIK;JIWA;2023/2024 GENAP;P;SMA;108
2155;15;JAMBI;1503;150301;PESERTA DIDIK;JIWA;2023/2024 GENAP;P;SMK;77
2156;15;JAMBI;1503;150301;PESERTA DIDIK;JIWA;2023/2024 GENAP;P;SLB;0
2157;15;JAMBI;1503;150308;PESERTA DIDIK;JIWA;2023/2024 GENAP;L;TK;277
2158;15;JAMBI;1503;150308;PESERTA DIDIK;JIWA;2023/2024 GENAP;L;KB;315
2159;15;JAMBI;1503;150308;PESERTA DIDIK;JIWA;2023/2024 GENAP;L;TPA;0
2160;15;JAMBI;1503;150308;PESERTA DIDIK;JIWA;2023/2024 GENAP;L;SPS;50
2161;15;JAMBI;1503;150308;PESERTA DIDIK;JIWA;2023/2024 GENAP;L;PKBM;0
2162;15;JAMBI;1503;150308;PESERTA DIDIK;JIWA;2023/2024 GENAP;L;SKB;0
2163;15;JAMBI;1503;150308;PESERTA DIDIK;JIWA;2023/2024 GENAP;L;SD;1.350
2164;15;JAMBI;1503;150308;PESERTA DIDIK;JIWA;2023/2024 GENAP;L;SMP;290
2165;15;JAMBI;1503;150308;PESERTA DIDIK;JIWA;2023/2024 GENAP;L;SMA;157
2166;15;JAMBI;1503;150308;PESERTA DIDIK;JIWA;2023/2024 GENAP;L;SMK;12
2167;15;JAMBI;1503;150308;PESERTA DIDIK;JIWA;2023/2024 GENAP;L;SLB;0
2168;15;JAMBI;1503;150308;PESERTA DIDIK;JIWA;2023/2024 GENAP;P;TK;247
2169;15;JAMBI;1503;150308;PESERTA DIDIK;JIWA;2023/2024 GENAP;P;KB;291
2170;15;JAMBI;1503;150308;PESERTA DIDIK;JIWA;2023/2024 GENAP;P;TPA;0
2171;15;JAMBI;1503;150308;PESERTA DIDIK;JIWA;2023/2024 GENAP;P;SPS;40
2172;15;JAMBI;1503;150308;PESERTA DIDIK;JIWA;2023/2024 GENAP;P;PKBM;0
2173;15;JAMBI;1503;150308;PESERTA DIDIK;JIWA;2023/2024 GENAP;P;SKB;0
2174;15;JAMBI;1503;150308;PESERTA DIDIK;JIWA;2023/2024 GENAP;P;SD;1.202
2175;15;JAMBI;1503;150308;PESERTA DIDIK;JIWA;2023/2024 GENAP;P;SMP;248
2176;15;JAMBI;1503;150308;PESERTA DIDIK;JIWA;2023/2024 GENAP;P;SMA;141
2177;15;JAMBI;1503;150308;PESERTA DIDIK;JIWA;2023/2024 GENAP;P;SMK;8
2178;15;JAMBI;1503;150308;PESERTA DIDIK;JIWA;2023/2024 GENAP;P;SLB;0
2179;15;JAMBI;1503;150310;PESERTA DIDIK;JIWA;2023/2024 GENAP;L;TK;183
2180;15;JAMBI;1503;150310;PESERTA DIDIK;JIWA;2023/2024 GENAP;L;KB;278
2181;15;JAMBI;1503;150310;PESERTA DIDIK;JIWA;2023/2024 GENAP;L;TPA;0
2182;15;JAMBI;1503;150310;PESERTA DIDIK;JIWA;2023/2024 GENAP;L;SPS;0
2183;15;JAMBI;1503;150310;PESERTA DIDIK;JIWA;2023/2024 GENAP;L;PKBM;188
2184;15;JAMBI;1503;150310;PESERTA DIDIK;JIWA;2023/2024 GENAP;L;SKB;0
2185;15;JAMBI;1503;150310;PESERTA DIDIK;JIWA;2023/2024 GENAP;L;SD;911
2186;15;JAMBI;1503;150310;PESERTA DIDIK;JIWA;2023/2024 GENAP;L;SMP;178
2187;15;JAMBI;1503;150310;PESERTA DIDIK;JIWA;2023/2024 GENAP;L;SMA;102
2188;15;JAMBI;1503;150310;PESERTA DIDIK;JIWA;2023/2024 GENAP;L;SMK;39
2189;15;JAMBI;1503;150310;PESERTA DIDIK;JIWA;2023/2024 GENAP;L;SLB;0
2190;15;JAMBI;1503;150310;PESERTA DIDIK;JIWA;2023/2024 GENAP;P;TK;145
2191;15;JAMBI;1503;150310;PESERTA DIDIK;JIWA;2023/2024 GENAP;P;KB;227
2192;15;JAMBI;1503;150310;PESERTA DIDIK;JIWA;2023/2024 GENAP;P;TPA;0
2193;15;JAMBI;1503;150310;PESERTA DIDIK;JIWA;2023/2024 GENAP;P;SPS;0
2194;15;JAMBI;1503;150310;PESERTA DIDIK;JIWA;2023/2024 GENAP;P;PKBM;120
2195;15;JAMBI;1503;150310;PESERTA DIDIK;JIWA;2023/2024 GENAP;P;SKB;0
2196;15;JAMBI;1503;150310;PESERTA DIDIK;JIWA;2023/2024 GENAP;P;SD;858
2197;15;JAMBI;1503;150310;PESERTA DIDIK;JIWA;2023/2024 GENAP;P;SMP;158
2198;15;JAMBI;1503;150310;PESERTA DIDIK;JIWA;2023/2024 GENAP;P;SMA;85
2199;15;JAMBI;1503;150310;PESERTA DIDIK;JIWA;2023/2024 GENAP;P;SMK;27
2200;15;JAMBI;1503;150310;PESERTA DIDIK;JIWA;2023/2024 GENAP;P;SLB;0
2201;15;JAMBI;1503;150302;PESERTA DIDIK;JIWA;2023/2024 GENAP;L;TK;75
2202;15;JAMBI;1503;150302;PESERTA DIDIK;JIWA;2023/2024 GENAP;L;KB;179
2203;15;JAMBI;1503;150302;PESERTA DIDIK;JIWA;2023/2024 GENAP;L;TPA;0
2204;15;JAMBI;1503;150302;PESERTA DIDIK;JIWA;2023/2024 GENAP;L;SPS;0
2205;15;JAMBI;1503;150302;PESERTA DIDIK;JIWA;2023/2024 GENAP;L;PKBM;156
2206;15;JAMBI;1503;150302;PESERTA DIDIK;JIWA;2023/2024 GENAP;L;SKB;0
2207;15;JAMBI;1503;150302;PESERTA DIDIK;JIWA;2023/2024 GENAP;L;SD;1.163
2208;15;JAMBI;1503;150302;PESERTA DIDIK;JIWA;2023/2024 GENAP;L;SMP;163
2209;15;JAMBI;1503;150302;PESERTA DIDIK;JIWA;2023/2024 GENAP;L;SMA;190
2210;15;JAMBI;1503;150302;PESERTA DIDIK;JIWA;2023/2024 GENAP;L;SMK;33
2211;15;JAMBI;1503;150302;PESERTA DIDIK;JIWA;2023/2024 GENAP;L;SLB;0
2212;15;JAMBI;1503;150302;PESERTA DIDIK;JIWA;2023/2024 GENAP;P;TK;66
2213;15;JAMBI;1503;150302;PESERTA DIDIK;JIWA;2023/2024 GENAP;P;KB;173
2214;15;JAMBI;1503;150302;PESERTA DIDIK;JIWA;2023/2024 GENAP;P;TPA;0
2215;15;JAMBI;1503;150302;PESERTA DIDIK;JIWA;2023/2024 GENAP;P;SPS;0
2216;15;JAMBI;1503;150302;PESERTA DIDIK;JIWA;2023/2024 GENAP;P;PKBM;70
2217;15;JAMBI;1503;150302;PESERTA DIDIK;JIWA;2023/2024 GENAP;P;SKB;0
2218;15;JAMBI;1503;150302;PESERTA DIDIK;JIWA;2023/2024 GENAP;P;SD;1.106
2219;15;JAMBI;1503;150302;PESERTA DIDIK;JIWA;2023/2024 GENAP;P;SMP;178
2220;15;JAMBI;1503;150302;PESERTA DIDIK;JIWA;2023/2024 GENAP;P;SMA;187
2221;15;JAMBI;1503;150302;PESERTA DIDIK;JIWA;2023/2024 GENAP;P;SMK;27
2222;15;JAMBI;1503;150302;PESERTA DIDIK;JIWA;2023/2024 GENAP;P;SLB;0
2223;15;JAMBI;1503;150306;PESERTA DIDIK;JIWA;2023/2024 GENAP;L;TK;378
2224;15;JAMBI;1503;150306;PESERTA DIDIK;JIWA;2023/2024 GENAP;L;KB;345
2225;15;JAMBI;1503;150306;PESERTA DIDIK;JIWA;2023/2024 GENAP;L;TPA;0
2226;15;JAMBI;1503;150306;PESERTA DIDIK;JIWA;2023/2024 GENAP;L;SPS;60
2227;15;JAMBI;1503;150306;PESERTA DIDIK;JIWA;2023/2024 GENAP;L;PKBM;0
2228;15;JAMBI;1503;150306;PESERTA DIDIK;JIWA;2023/2024 GENAP;L;SKB;0
2229;15;JAMBI;1503;150306;PESERTA DIDIK;JIWA;2023/2024 GENAP;L;SD;1.507
2230;15;JAMBI;1503;150306;PESERTA DIDIK;JIWA;2023/2024 GENAP;L;SMP;427
2231;15;JAMBI;1503;150306;PESERTA DIDIK;JIWA;2023/2024 GENAP;L;SMA;280
2232;15;JAMBI;1503;150306;PESERTA DIDIK;JIWA;2023/2024 GENAP;L;SMK;301
2233;15;JAMBI;1503;150306;PESERTA DIDIK;JIWA;2023/2024 GENAP;L;SLB;0
2234;15;JAMBI;1503;150306;PESERTA DIDIK;JIWA;2023/2024 GENAP;P;TK;342
2235;15;JAMBI;1503;150306;PESERTA DIDIK;JIWA;2023/2024 GENAP;P;KB;331
2236;15;JAMBI;1503;150306;PESERTA DIDIK;JIWA;2023/2024 GENAP;P;TPA;0
2237;15;JAMBI;1503;150306;PESERTA DIDIK;JIWA;2023/2024 GENAP;P;SPS;55
2238;15;JAMBI;1503;150306;PESERTA DIDIK;JIWA;2023/2024 GENAP;P;PKBM;0
2239;15;JAMBI;1503;150306;PESERTA DIDIK;JIWA;2023/2024 GENAP;P;SKB;0
2240;15;JAMBI;1503;150306;PESERTA DIDIK;JIWA;2023/2024 GENAP;P;SD;1.332
2241;15;JAMBI;1503;150306;PESERTA DIDIK;JIWA;2023/2024 GENAP;P;SMP;443
2242;15;JAMBI;1503;150306;PESERTA DIDIK;JIWA;2023/2024 GENAP;P;SMA;323
2243;15;JAMBI;1503;150306;PESERTA DIDIK;JIWA;2023/2024 GENAP;P;SMK;235
2244;15;JAMBI;1503;150306;PESERTA DIDIK;JIWA;2023/2024 GENAP;P;SLB;0
2245;15;JAMBI;1503;150311;PESERTA DIDIK;JIWA;2023/2024 GENAP;L;TK;180
2246;15;JAMBI;1503;150311;PESERTA DIDIK;JIWA;2023/2024 GENAP;L;KB;147
2247;15;JAMBI;1503;150311;PESERTA DIDIK;JIWA;2023/2024 GENAP;L;TPA;0
2248;15;JAMBI;1503;150311;PESERTA DIDIK;JIWA;2023/2024 GENAP;L;SPS;10
2249;15;JAMBI;1503;150311;PESERTA DIDIK;JIWA;2023/2024 GENAP;L;PKBM;156
2250;15;JAMBI;1503;150311;PESERTA DIDIK;JIWA;2023/2024 GENAP;L;SKB;0
2251;15;JAMBI;1503;150311;PESERTA DIDIK;JIWA;2023/2024 GENAP;L;SD;815
2252;15;JAMBI;1503;150311;PESERTA DIDIK;JIWA;2023/2024 GENAP;L;SMP;225
2253;15;JAMBI;1503;150311;PESERTA DIDIK;JIWA;2023/2024 GENAP;L;SMA;0
2254;15;JAMBI;1503;150311;PESERTA DIDIK;JIWA;2023/2024 GENAP;L;SMK;0
2255;15;JAMBI;1503;150311;PESERTA DIDIK;JIWA;2023/2024 GENAP;L;SLB;0
2256;15;JAMBI;1503;150311;PESERTA DIDIK;JIWA;2023/2024 GENAP;P;TK;181
2257;15;JAMBI;1503;150311;PESERTA DIDIK;JIWA;2023/2024 GENAP;P;KB;159
2258;15;JAMBI;1503;150311;PESERTA DIDIK;JIWA;2023/2024 GENAP;P;TPA;0
2259;15;JAMBI;1503;150311;PESERTA DIDIK;JIWA;2023/2024 GENAP;P;SPS;4
2260;15;JAMBI;1503;150311;PESERTA DIDIK;JIWA;2023/2024 GENAP;P;PKBM;79
2261;15;JAMBI;1503;150311;PESERTA DIDIK;JIWA;2023/2024 GENAP;P;SKB;0
2262;15;JAMBI;1503;150311;PESERTA DIDIK;JIWA;2023/2024 GENAP;P;SD;704
2263;15;JAMBI;1503;150311;PESERTA DIDIK;JIWA;2023/2024 GENAP;P;SMP;218
2264;15;JAMBI;1503;150311;PESERTA DIDIK;JIWA;2023/2024 GENAP;P;SMA;0
2265;15;JAMBI;1503;150311;PESERTA DIDIK;JIWA;2023/2024 GENAP;P;SMK;0
2266;15;JAMBI;1503;150311;PESERTA DIDIK;JIWA;2023/2024 GENAP;P;SLB;0
2267;15;JAMBI;1503;150304;PESERTA DIDIK;JIWA;2023/2024 GENAP;L;TK;231
2268;15;JAMBI;1503;150304;PESERTA DIDIK;JIWA;2023/2024 GENAP;L;KB;470
2269;15;JAMBI;1503;150304;PESERTA DIDIK;JIWA;2023/2024 GENAP;L;TPA;0
2270;15;JAMBI;1503;150304;PESERTA DIDIK;JIWA;2023/2024 GENAP;L;SPS;0
2271;15;JAMBI;1503;150304;PESERTA DIDIK;JIWA;2023/2024 GENAP;L;PKBM;150
2272;15;JAMBI;1503;150304;PESERTA DIDIK;JIWA;2023/2024 GENAP;L;SKB;0
2273;15;JAMBI;1503;150304;PESERTA DIDIK;JIWA;2023/2024 GENAP;L;SD;1.570
2274;15;JAMBI;1503;150304;PESERTA DIDIK;JIWA;2023/2024 GENAP;L;SMP;433
2275;15;JAMBI;1503;150304;PESERTA DIDIK;JIWA;2023/2024 GENAP;L;SMA;201
2276;15;JAMBI;1503;150304;PESERTA DIDIK;JIWA;2023/2024 GENAP;L;SMK;220
2277;15;JAMBI;1503;150304;PESERTA DIDIK;JIWA;2023/2024 GENAP;L;SLB;0
2278;15;JAMBI;1503;150304;PESERTA DIDIK;JIWA;2023/2024 GENAP;P;TK;277
2279;15;JAMBI;1503;150304;PESERTA DIDIK;JIWA;2023/2024 GENAP;P;KB;502
2280;15;JAMBI;1503;150304;PESERTA DIDIK;JIWA;2023/2024 GENAP;P;TPA;0
2281;15;JAMBI;1503;150304;PESERTA DIDIK;JIWA;2023/2024 GENAP;P;SPS;0
2282;15;JAMBI;1503;150304;PESERTA DIDIK;JIWA;2023/2024 GENAP;P;PKBM;96
2283;15;JAMBI;1503;150304;PESERTA DIDIK;JIWA;2023/2024 GENAP;P;SKB;0
2284;15;JAMBI;1503;150304;PESERTA DIDIK;JIWA;2023/2024 GENAP;P;SD;1.412
2285;15;JAMBI;1503;150304;PESERTA DIDIK;JIWA;2023/2024 GENAP;P;SMP;520
2286;15;JAMBI;1503;150304;PESERTA DIDIK;JIWA;2023/2024 GENAP;P;SMA;265
2287;15;JAMBI;1503;150304;PESERTA DIDIK;JIWA;2023/2024 GENAP;P;SMK;171
2288;15;JAMBI;1503;150304;PESERTA DIDIK;JIWA;2023/2024 GENAP;P;SLB;0
2289;15;JAMBI;1503;150305;PESERTA DIDIK;JIWA;2023/2024 GENAP;L;TK;290
2290;15;JAMBI;1503;150305;PESERTA DIDIK;JIWA;2023/2024 GENAP;L;KB;207
2291;15;JAMBI;1503;150305;PESERTA DIDIK;JIWA;2023/2024 GENAP;L;TPA;0
2292;15;JAMBI;1503;150305;PESERTA DIDIK;JIWA;2023/2024 GENAP;L;SPS;0
2293;15;JAMBI;1503;150305;PESERTA DIDIK;JIWA;2023/2024 GENAP;L;PKBM;135
2294;15;JAMBI;1503;150305;PESERTA DIDIK;JIWA;2023/2024 GENAP;L;SKB;0
2295;15;JAMBI;1503;150305;PESERTA DIDIK;JIWA;2023/2024 GENAP;L;SD;1.685
2296;15;JAMBI;1503;150305;PESERTA DIDIK;JIWA;2023/2024 GENAP;L;SMP;386
2297;15;JAMBI;1503;150305;PESERTA DIDIK;JIWA;2023/2024 GENAP;L;SMA;144
2298;15;JAMBI;1503;150305;PESERTA DIDIK;JIWA;2023/2024 GENAP;L;SMK;255
2299;15;JAMBI;1503;150305;PESERTA DIDIK;JIWA;2023/2024 GENAP;L;SLB;0
2300;15;JAMBI;1503;150305;PESERTA DIDIK;JIWA;2023/2024 GENAP;P;TK;271
2301;15;JAMBI;1503;150305;PESERTA DIDIK;JIWA;2023/2024 GENAP;P;KB;224
2302;15;JAMBI;1503;150305;PESERTA DIDIK;JIWA;2023/2024 GENAP;P;TPA;0
2303;15;JAMBI;1503;150305;PESERTA DIDIK;JIWA;2023/2024 GENAP;P;SPS;0
2304;15;JAMBI;1503;150305;PESERTA DIDIK;JIWA;2023/2024 GENAP;P;PKBM;94
2305;15;JAMBI;1503;150305;PESERTA DIDIK;JIWA;2023/2024 GENAP;P;SKB;0
2306;15;JAMBI;1503;150305;PESERTA DIDIK;JIWA;2023/2024 GENAP;P;SD;1.558
2307;15;JAMBI;1503;150305;PESERTA DIDIK;JIWA;2023/2024 GENAP;P;SMP;380
2308;15;JAMBI;1503;150305;PESERTA DIDIK;JIWA;2023/2024 GENAP;P;SMA;193
2309;15;JAMBI;1503;150305;PESERTA DIDIK;JIWA;2023/2024 GENAP;P;SMK;253
2310;15;JAMBI;1503;150305;PESERTA DIDIK;JIWA;2023/2024 GENAP;P;SLB;0
2311;15;JAMBI;1503;150303;PESERTA DIDIK;JIWA;2023/2024 GENAP;L;TK;682
2312;15;JAMBI;1503;150303;PESERTA DIDIK;JIWA;2023/2024 GENAP;L;KB;474
2313;15;JAMBI;1503;150303;PESERTA DIDIK;JIWA;2023/2024 GENAP;L;TPA;41
2314;15;JAMBI;1503;150303;PESERTA DIDIK;JIWA;2023/2024 GENAP;L;SPS;63
2315;15;JAMBI;1503;150303;PESERTA DIDIK;JIWA;2023/2024 GENAP;L;PKBM;45
2316;15;JAMBI;1503;150303;PESERTA DIDIK;JIWA;2023/2024 GENAP;L;SKB;83
2317;15;JAMBI;1503;150303;PESERTA DIDIK;JIWA;2023/2024 GENAP;L;SD;3.430
2318;15;JAMBI;1503;150303;PESERTA DIDIK;JIWA;2023/2024 GENAP;L;SMP;1.257
2319;15;JAMBI;1503;150303;PESERTA DIDIK;JIWA;2023/2024 GENAP;L;SMA;853
2320;15;JAMBI;1503;150303;PESERTA DIDIK;JIWA;2023/2024 GENAP;L;SMK;615
2321;15;JAMBI;1503;150303;PESERTA DIDIK;JIWA;2023/2024 GENAP;L;SLB;47
2322;15;JAMBI;1503;150303;PESERTA DIDIK;JIWA;2023/2024 GENAP;P;TK;640
2323;15;JAMBI;1503;150303;PESERTA DIDIK;JIWA;2023/2024 GENAP;P;KB;427
2324;15;JAMBI;1503;150303;PESERTA DIDIK;JIWA;2023/2024 GENAP;P;TPA;32
2325;15;JAMBI;1503;150303;PESERTA DIDIK;JIWA;2023/2024 GENAP;P;SPS;60
2326;15;JAMBI;1503;150303;PESERTA DIDIK;JIWA;2023/2024 GENAP;P;PKBM;25
2327;15;JAMBI;1503;150303;PESERTA DIDIK;JIWA;2023/2024 GENAP;P;SKB;23
2328;15;JAMBI;1503;150303;PESERTA DIDIK;JIWA;2023/2024 GENAP;P;SD;3.192
2329;15;JAMBI;1503;150303;PESERTA DIDIK;JIWA;2023/2024 GENAP;P;SMP;1.255
2330;15;JAMBI;1503;150303;PESERTA DIDIK;JIWA;2023/2024 GENAP;P;SMA;1.038
2331;15;JAMBI;1503;150303;PESERTA DIDIK;JIWA;2023/2024 GENAP;P;SMK;674
2332;15;JAMBI;1503;150303;PESERTA DIDIK;JIWA;2023/2024 GENAP;P;SLB;41
2333;15;JAMBI;1503;150309;PESERTA DIDIK;JIWA;2023/2024 GENAP;L;TK;411
2334;15;JAMBI;1503;150309;PESERTA DIDIK;JIWA;2023/2024 GENAP;L;KB;273
2335;15;JAMBI;1503;150309;PESERTA DIDIK;JIWA;2023/2024 GENAP;L;TPA;17
2336;15;JAMBI;1503;150309;PESERTA DIDIK;JIWA;2023/2024 GENAP;L;SPS;32
2337;15;JAMBI;1503;150309;PESERTA DIDIK;JIWA;2023/2024 GENAP;L;PKBM;108
2338;15;JAMBI;1503;150309;PESERTA DIDIK;JIWA;2023/2024 GENAP;L;SKB;0
2339;15;JAMBI;1503;150309;PESERTA DIDIK;JIWA;2023/2024 GENAP;L;SD;2.063
2340;15;JAMBI;1503;150309;PESERTA DIDIK;JIWA;2023/2024 GENAP;L;SMP;1.107
2341;15;JAMBI;1503;150309;PESERTA DIDIK;JIWA;2023/2024 GENAP;L;SMA;550
2342;15;JAMBI;1503;150309;PESERTA DIDIK;JIWA;2023/2024 GENAP;L;SMK;667
2343;15;JAMBI;1503;150309;PESERTA DIDIK;JIWA;2023/2024 GENAP;L;SLB;0
2344;15;JAMBI;1503;150309;PESERTA DIDIK;JIWA;2023/2024 GENAP;P;TK;404
2345;15;JAMBI;1503;150309;PESERTA DIDIK;JIWA;2023/2024 GENAP;P;KB;284
2346;15;JAMBI;1503;150309;PESERTA DIDIK;JIWA;2023/2024 GENAP;P;TPA;19
2347;15;JAMBI;1503;150309;PESERTA DIDIK;JIWA;2023/2024 GENAP;P;SPS;27
2348;15;JAMBI;1503;150309;PESERTA DIDIK;JIWA;2023/2024 GENAP;P;PKBM;17
2349;15;JAMBI;1503;150309;PESERTA DIDIK;JIWA;2023/2024 GENAP;P;SKB;0
2350;15;JAMBI;1503;150309;PESERTA DIDIK;JIWA;2023/2024 GENAP;P;SD;1.925
2351;15;JAMBI;1503;150309;PESERTA DIDIK;JIWA;2023/2024 GENAP;P;SMP;1.074
2352;15;JAMBI;1503;150309;PESERTA DIDIK;JIWA;2023/2024 GENAP;P;SMA;734
2353;15;JAMBI;1503;150309;PESERTA DIDIK;JIWA;2023/2024 GENAP;P;SMK;452
2354;15;JAMBI;1503;150309;PESERTA DIDIK;JIWA;2023/2024 GENAP;P;SLB;0
2355;15;JAMBI;1506;150607;PESERTA DIDIK;JIWA;2023/2024 GENAP;L;TK;278
2356;15;JAMBI;1506;150607;PESERTA DIDIK;JIWA;2023/2024 GENAP;L;KB;85
2357;15;JAMBI;1506;150607;PESERTA DIDIK;JIWA;2023/2024 GENAP;L;TPA;52
2358;15;JAMBI;1506;150607;PESERTA DIDIK;JIWA;2023/2024 GENAP;L;SPS;0
2359;15;JAMBI;1506;150607;PESERTA DIDIK;JIWA;2023/2024 GENAP;L;PKBM;75
2360;15;JAMBI;1506;150607;PESERTA DIDIK;JIWA;2023/2024 GENAP;L;SKB;0
2361;15;JAMBI;1506;150607;PESERTA DIDIK;JIWA;2023/2024 GENAP;L;SD;2.611
2362;15;JAMBI;1506;150607;PESERTA DIDIK;JIWA;2023/2024 GENAP;L;SMP;824
2363;15;JAMBI;1506;150607;PESERTA DIDIK;JIWA;2023/2024 GENAP;L;SMA;322
2364;15;JAMBI;1506;150607;PESERTA DIDIK;JIWA;2023/2024 GENAP;L;SMK;76
2365;15;JAMBI;1506;150607;PESERTA DIDIK;JIWA;2023/2024 GENAP;L;SLB;0
2366;15;JAMBI;1506;150607;PESERTA DIDIK;JIWA;2023/2024 GENAP;P;TK;269
2367;15;JAMBI;1506;150607;PESERTA DIDIK;JIWA;2023/2024 GENAP;P;KB;96
2368;15;JAMBI;1506;150607;PESERTA DIDIK;JIWA;2023/2024 GENAP;P;TPA;62
2369;15;JAMBI;1506;150607;PESERTA DIDIK;JIWA;2023/2024 GENAP;P;SPS;0
2370;15;JAMBI;1506;150607;PESERTA DIDIK;JIWA;2023/2024 GENAP;P;PKBM;75
2371;15;JAMBI;1506;150607;PESERTA DIDIK;JIWA;2023/2024 GENAP;P;SKB;0
2372;15;JAMBI;1506;150607;PESERTA DIDIK;JIWA;2023/2024 GENAP;P;SD;2.323
2373;15;JAMBI;1506;150607;PESERTA DIDIK;JIWA;2023/2024 GENAP;P;SMP;760
2374;15;JAMBI;1506;150607;PESERTA DIDIK;JIWA;2023/2024 GENAP;P;SMA;392
2375;15;JAMBI;1506;150607;PESERTA DIDIK;JIWA;2023/2024 GENAP;P;SMK;77
2376;15;JAMBI;1506;150607;PESERTA DIDIK;JIWA;2023/2024 GENAP;P;SLB;0
2377;15;JAMBI;1506;150604;PESERTA DIDIK;JIWA;2023/2024 GENAP;L;TK;47
2378;15;JAMBI;1506;150604;PESERTA DIDIK;JIWA;2023/2024 GENAP;L;KB;242
2379;15;JAMBI;1506;150604;PESERTA DIDIK;JIWA;2023/2024 GENAP;L;TPA;0
2380;15;JAMBI;1506;150604;PESERTA DIDIK;JIWA;2023/2024 GENAP;L;SPS;81
2381;15;JAMBI;1506;150604;PESERTA DIDIK;JIWA;2023/2024 GENAP;L;PKBM;0
2382;15;JAMBI;1506;150604;PESERTA DIDIK;JIWA;2023/2024 GENAP;L;SKB;0
2383;15;JAMBI;1506;150604;PESERTA DIDIK;JIWA;2023/2024 GENAP;L;SD;1.826
2384;15;JAMBI;1506;150604;PESERTA DIDIK;JIWA;2023/2024 GENAP;L;SMP;503
2385;15;JAMBI;1506;150604;PESERTA DIDIK;JIWA;2023/2024 GENAP;L;SMA;323
2386;15;JAMBI;1506;150604;PESERTA DIDIK;JIWA;2023/2024 GENAP;L;SMK;230
2387;15;JAMBI;1506;150604;PESERTA DIDIK;JIWA;2023/2024 GENAP;L;SLB;0
2388;15;JAMBI;1506;150604;PESERTA DIDIK;JIWA;2023/2024 GENAP;P;TK;48
2389;15;JAMBI;1506;150604;PESERTA DIDIK;JIWA;2023/2024 GENAP;P;KB;204
2390;15;JAMBI;1506;150604;PESERTA DIDIK;JIWA;2023/2024 GENAP;P;TPA;0
2391;15;JAMBI;1506;150604;PESERTA DIDIK;JIWA;2023/2024 GENAP;P;SPS;67
2392;15;JAMBI;1506;150604;PESERTA DIDIK;JIWA;2023/2024 GENAP;P;PKBM;0
2393;15;JAMBI;1506;150604;PESERTA DIDIK;JIWA;2023/2024 GENAP;P;SKB;0
2394;15;JAMBI;1506;150604;PESERTA DIDIK;JIWA;2023/2024 GENAP;P;SD;1.791
2395;15;JAMBI;1506;150604;PESERTA DIDIK;JIWA;2023/2024 GENAP;P;SMP;556
2396;15;JAMBI;1506;150604;PESERTA DIDIK;JIWA;2023/2024 GENAP;P;SMA;429
2397;15;JAMBI;1506;150604;PESERTA DIDIK;JIWA;2023/2024 GENAP;P;SMK;147
2398;15;JAMBI;1506;150604;PESERTA DIDIK;JIWA;2023/2024 GENAP;P;SLB;0
2399;15;JAMBI;1506;150611;PESERTA DIDIK;JIWA;2023/2024 GENAP;L;TK;55
2400;15;JAMBI;1506;150611;PESERTA DIDIK;JIWA;2023/2024 GENAP;L;KB;177
2401;15;JAMBI;1506;150611;PESERTA DIDIK;JIWA;2023/2024 GENAP;L;TPA;0
2402;15;JAMBI;1506;150611;PESERTA DIDIK;JIWA;2023/2024 GENAP;L;SPS;49
2403;15;JAMBI;1506;150611;PESERTA DIDIK;JIWA;2023/2024 GENAP;L;PKBM;19
2404;15;JAMBI;1506;150611;PESERTA DIDIK;JIWA;2023/2024 GENAP;L;SKB;0
2405;15;JAMBI;1506;150611;PESERTA DIDIK;JIWA;2023/2024 GENAP;L;SD;805
2406;15;JAMBI;1506;150611;PESERTA DIDIK;JIWA;2023/2024 GENAP;L;SMP;34
2407;15;JAMBI;1506;150611;PESERTA DIDIK;JIWA;2023/2024 GENAP;L;SMA;49
2408;15;JAMBI;1506;150611;PESERTA DIDIK;JIWA;2023/2024 GENAP;L;SMK;0
2409;15;JAMBI;1506;150611;PESERTA DIDIK;JIWA;2023/2024 GENAP;L;SLB;0
2410;15;JAMBI;1506;150611;PESERTA DIDIK;JIWA;2023/2024 GENAP;P;TK;43
2411;15;JAMBI;1506;150611;PESERTA DIDIK;JIWA;2023/2024 GENAP;P;KB;153
2412;15;JAMBI;1506;150611;PESERTA DIDIK;JIWA;2023/2024 GENAP;P;TPA;0
2413;15;JAMBI;1506;150611;PESERTA DIDIK;JIWA;2023/2024 GENAP;P;SPS;33
2414;15;JAMBI;1506;150611;PESERTA DIDIK;JIWA;2023/2024 GENAP;P;PKBM;17
2415;15;JAMBI;1506;150611;PESERTA DIDIK;JIWA;2023/2024 GENAP;P;SKB;0
2416;15;JAMBI;1506;150611;PESERTA DIDIK;JIWA;2023/2024 GENAP;P;SD;698
2417;15;JAMBI;1506;150611;PESERTA DIDIK;JIWA;2023/2024 GENAP;P;SMP;37
2418;15;JAMBI;1506;150611;PESERTA DIDIK;JIWA;2023/2024 GENAP;P;SMA;52
2419;15;JAMBI;1506;150611;PESERTA DIDIK;JIWA;2023/2024 GENAP;P;SMK;0
2420;15;JAMBI;1506;150611;PESERTA DIDIK;JIWA;2023/2024 GENAP;P;SLB;0
2421;15;JAMBI;1506;150612;PESERTA DIDIK;JIWA;2023/2024 GENAP;L;TK;0
2422;15;JAMBI;1506;150612;PESERTA DIDIK;JIWA;2023/2024 GENAP;L;KB;161
2423;15;JAMBI;1506;150612;PESERTA DIDIK;JIWA;2023/2024 GENAP;L;TPA;0
2424;15;JAMBI;1506;150612;PESERTA DIDIK;JIWA;2023/2024 GENAP;L;SPS;94
2425;15;JAMBI;1506;150612;PESERTA DIDIK;JIWA;2023/2024 GENAP;L;PKBM;40
2426;15;JAMBI;1506;150612;PESERTA DIDIK;JIWA;2023/2024 GENAP;L;SKB;0
2427;15;JAMBI;1506;150612;PESERTA DIDIK;JIWA;2023/2024 GENAP;L;SD;580
2428;15;JAMBI;1506;150612;PESERTA DIDIK;JIWA;2023/2024 GENAP;L;SMP;100
2429;15;JAMBI;1506;150612;PESERTA DIDIK;JIWA;2023/2024 GENAP;L;SMA;37
2430;15;JAMBI;1506;150612;PESERTA DIDIK;JIWA;2023/2024 GENAP;L;SMK;0
2431;15;JAMBI;1506;150612;PESERTA DIDIK;JIWA;2023/2024 GENAP;L;SLB;0
2432;15;JAMBI;1506;150612;PESERTA DIDIK;JIWA;2023/2024 GENAP;P;TK;0
2433;15;JAMBI;1506;150612;PESERTA DIDIK;JIWA;2023/2024 GENAP;P;KB;175
2434;15;JAMBI;1506;150612;PESERTA DIDIK;JIWA;2023/2024 GENAP;P;TPA;0
2435;15;JAMBI;1506;150612;PESERTA DIDIK;JIWA;2023/2024 GENAP;P;SPS;111
2436;15;JAMBI;1506;150612;PESERTA DIDIK;JIWA;2023/2024 GENAP;P;PKBM;15
2437;15;JAMBI;1506;150612;PESERTA DIDIK;JIWA;2023/2024 GENAP;P;SKB;0
2438;15;JAMBI;1506;150612;PESERTA DIDIK;JIWA;2023/2024 GENAP;P;SD;528
2439;15;JAMBI;1506;150612;PESERTA DIDIK;JIWA;2023/2024 GENAP;P;SMP;102
2440;15;JAMBI;1506;150612;PESERTA DIDIK;JIWA;2023/2024 GENAP;P;SMA;42
2441;15;JAMBI;1506;150612;PESERTA DIDIK;JIWA;2023/2024 GENAP;P;SMK;0
2442;15;JAMBI;1506;150612;PESERTA DIDIK;JIWA;2023/2024 GENAP;P;SLB;0
2443;15;JAMBI;1506;150605;PESERTA DIDIK;JIWA;2023/2024 GENAP;L;TK;196
2444;15;JAMBI;1506;150605;PESERTA DIDIK;JIWA;2023/2024 GENAP;L;KB;51
2445;15;JAMBI;1506;150605;PESERTA DIDIK;JIWA;2023/2024 GENAP;L;TPA;18
2446;15;JAMBI;1506;150605;PESERTA DIDIK;JIWA;2023/2024 GENAP;L;SPS;45
2447;15;JAMBI;1506;150605;PESERTA DIDIK;JIWA;2023/2024 GENAP;L;PKBM;0
2448;15;JAMBI;1506;150605;PESERTA DIDIK;JIWA;2023/2024 GENAP;L;SKB;0
2449;15;JAMBI;1506;150605;PESERTA DIDIK;JIWA;2023/2024 GENAP;L;SD;1.022
2450;15;JAMBI;1506;150605;PESERTA DIDIK;JIWA;2023/2024 GENAP;L;SMP;349
2451;15;JAMBI;1506;150605;PESERTA DIDIK;JIWA;2023/2024 GENAP;L;SMA;222
2452;15;JAMBI;1506;150605;PESERTA DIDIK;JIWA;2023/2024 GENAP;L;SMK;178
2453;15;JAMBI;1506;150605;PESERTA DIDIK;JIWA;2023/2024 GENAP;L;SLB;21
2454;15;JAMBI;1506;150605;PESERTA DIDIK;JIWA;2023/2024 GENAP;P;TK;161
2455;15;JAMBI;1506;150605;PESERTA DIDIK;JIWA;2023/2024 GENAP;P;KB;69
2456;15;JAMBI;1506;150605;PESERTA DIDIK;JIWA;2023/2024 GENAP;P;TPA;20
2457;15;JAMBI;1506;150605;PESERTA DIDIK;JIWA;2023/2024 GENAP;P;SPS;82
2458;15;JAMBI;1506;150605;PESERTA DIDIK;JIWA;2023/2024 GENAP;P;PKBM;0
2459;15;JAMBI;1506;150605;PESERTA DIDIK;JIWA;2023/2024 GENAP;P;SKB;0
2460;15;JAMBI;1506;150605;PESERTA DIDIK;JIWA;2023/2024 GENAP;P;SD;963
2461;15;JAMBI;1506;150605;PESERTA DIDIK;JIWA;2023/2024 GENAP;P;SMP;294
2462;15;JAMBI;1506;150605;PESERTA DIDIK;JIWA;2023/2024 GENAP;P;SMA;319
2463;15;JAMBI;1506;150605;PESERTA DIDIK;JIWA;2023/2024 GENAP;P;SMK;73
2464;15;JAMBI;1506;150605;PESERTA DIDIK;JIWA;2023/2024 GENAP;P;SLB;9
2465;15;JAMBI;1506;150609;PESERTA DIDIK;JIWA;2023/2024 GENAP;L;TK;75
2466;15;JAMBI;1506;150609;PESERTA DIDIK;JIWA;2023/2024 GENAP;L;KB;137
2467;15;JAMBI;1506;150609;PESERTA DIDIK;JIWA;2023/2024 GENAP;L;TPA;0
2468;15;JAMBI;1506;150609;PESERTA DIDIK;JIWA;2023/2024 GENAP;L;SPS;0
2469;15;JAMBI;1506;150609;PESERTA DIDIK;JIWA;2023/2024 GENAP;L;PKBM;0
2470;15;JAMBI;1506;150609;PESERTA DIDIK;JIWA;2023/2024 GENAP;L;SKB;0
2471;15;JAMBI;1506;150609;PESERTA DIDIK;JIWA;2023/2024 GENAP;L;SD;579
2472;15;JAMBI;1506;150609;PESERTA DIDIK;JIWA;2023/2024 GENAP;L;SMP;128
2473;15;JAMBI;1506;150609;PESERTA DIDIK;JIWA;2023/2024 GENAP;L;SMA;74
2474;15;JAMBI;1506;150609;PESERTA DIDIK;JIWA;2023/2024 GENAP;L;SMK;0
2475;15;JAMBI;1506;150609;PESERTA DIDIK;JIWA;2023/2024 GENAP;L;SLB;0
2476;15;JAMBI;1506;150609;PESERTA DIDIK;JIWA;2023/2024 GENAP;P;TK;65
2477;15;JAMBI;1506;150609;PESERTA DIDIK;JIWA;2023/2024 GENAP;P;KB;131
2478;15;JAMBI;1506;150609;PESERTA DIDIK;JIWA;2023/2024 GENAP;P;TPA;0
2479;15;JAMBI;1506;150609;PESERTA DIDIK;JIWA;2023/2024 GENAP;P;SPS;0
2480;15;JAMBI;1506;150609;PESERTA DIDIK;JIWA;2023/2024 GENAP;P;PKBM;0
2481;15;JAMBI;1506;150609;PESERTA DIDIK;JIWA;2023/2024 GENAP;P;SKB;0
2482;15;JAMBI;1506;150609;PESERTA DIDIK;JIWA;2023/2024 GENAP;P;SD;552
2483;15;JAMBI;1506;150609;PESERTA DIDIK;JIWA;2023/2024 GENAP;P;SMP;124
2484;15;JAMBI;1506;150609;PESERTA DIDIK;JIWA;2023/2024 GENAP;P;SMA;84
2485;15;JAMBI;1506;150609;PESERTA DIDIK;JIWA;2023/2024 GENAP;P;SMK;0
2486;15;JAMBI;1506;150609;PESERTA DIDIK;JIWA;2023/2024 GENAP;P;SLB;0
2487;15;JAMBI;1506;150603;PESERTA DIDIK;JIWA;2023/2024 GENAP;L;TK;7
2488;15;JAMBI;1506;150603;PESERTA DIDIK;JIWA;2023/2024 GENAP;L;KB;315
2489;15;JAMBI;1506;150603;PESERTA DIDIK;JIWA;2023/2024 GENAP;L;TPA;0
2490;15;JAMBI;1506;150603;PESERTA DIDIK;JIWA;2023/2024 GENAP;L;SPS;64
2491;15;JAMBI;1506;150603;PESERTA DIDIK;JIWA;2023/2024 GENAP;L;PKBM;302
2492;15;JAMBI;1506;150603;PESERTA DIDIK;JIWA;2023/2024 GENAP;L;SKB;0
2493;15;JAMBI;1506;150603;PESERTA DIDIK;JIWA;2023/2024 GENAP;L;SD;1.219
2494;15;JAMBI;1506;150603;PESERTA DIDIK;JIWA;2023/2024 GENAP;L;SMP;163
2495;15;JAMBI;1506;150603;PESERTA DIDIK;JIWA;2023/2024 GENAP;L;SMA;231
2496;15;JAMBI;1506;150603;PESERTA DIDIK;JIWA;2023/2024 GENAP;L;SMK;99
2497;15;JAMBI;1506;150603;PESERTA DIDIK;JIWA;2023/2024 GENAP;L;SLB;0
2498;15;JAMBI;1506;150603;PESERTA DIDIK;JIWA;2023/2024 GENAP;P;TK;13
2499;15;JAMBI;1506;150603;PESERTA DIDIK;JIWA;2023/2024 GENAP;P;KB;241
2500;15;JAMBI;1506;150603;PESERTA DIDIK;JIWA;2023/2024 GENAP;P;TPA;0
2501;15;JAMBI;1506;150603;PESERTA DIDIK;JIWA;2023/2024 GENAP;P;SPS;47
2502;15;JAMBI;1506;150603;PESERTA DIDIK;JIWA;2023/2024 GENAP;P;PKBM;217
2503;15;JAMBI;1506;150603;PESERTA DIDIK;JIWA;2023/2024 GENAP;P;SKB;0
2504;15;JAMBI;1506;150603;PESERTA DIDIK;JIWA;2023/2024 GENAP;P;SD;1.087
2505;15;JAMBI;1506;150603;PESERTA DIDIK;JIWA;2023/2024 GENAP;P;SMP;134
2506;15;JAMBI;1506;150603;PESERTA DIDIK;JIWA;2023/2024 GENAP;P;SMA;234
2507;15;JAMBI;1506;150603;PESERTA DIDIK;JIWA;2023/2024 GENAP;P;SMK;44
2508;15;JAMBI;1506;150603;PESERTA DIDIK;JIWA;2023/2024 GENAP;P;SLB;0
2509;15;JAMBI;1506;150608;PESERTA DIDIK;JIWA;2023/2024 GENAP;L;TK;63
2510;15;JAMBI;1506;150608;PESERTA DIDIK;JIWA;2023/2024 GENAP;L;KB;124
2511;15;JAMBI;1506;150608;PESERTA DIDIK;JIWA;2023/2024 GENAP;L;TPA;0
2512;15;JAMBI;1506;150608;PESERTA DIDIK;JIWA;2023/2024 GENAP;L;SPS;0
2513;15;JAMBI;1506;150608;PESERTA DIDIK;JIWA;2023/2024 GENAP;L;PKBM;0
2514;15;JAMBI;1506;150608;PESERTA DIDIK;JIWA;2023/2024 GENAP;L;SKB;0
2515;15;JAMBI;1506;150608;PESERTA DIDIK;JIWA;2023/2024 GENAP;L;SD;1.107
2516;15;JAMBI;1506;150608;PESERTA DIDIK;JIWA;2023/2024 GENAP;L;SMP;280
2517;15;JAMBI;1506;150608;PESERTA DIDIK;JIWA;2023/2024 GENAP;L;SMA;167
2518;15;JAMBI;1506;150608;PESERTA DIDIK;JIWA;2023/2024 GENAP;L;SMK;62
2519;15;JAMBI;1506;150608;PESERTA DIDIK;JIWA;2023/2024 GENAP;L;SLB;0
2520;15;JAMBI;1506;150608;PESERTA DIDIK;JIWA;2023/2024 GENAP;P;TK;66
2521;15;JAMBI;1506;150608;PESERTA DIDIK;JIWA;2023/2024 GENAP;P;KB;102
2522;15;JAMBI;1506;150608;PESERTA DIDIK;JIWA;2023/2024 GENAP;P;TPA;0
2523;15;JAMBI;1506;150608;PESERTA DIDIK;JIWA;2023/2024 GENAP;P;SPS;0
2524;15;JAMBI;1506;150608;PESERTA DIDIK;JIWA;2023/2024 GENAP;P;PKBM;0
2525;15;JAMBI;1506;150608;PESERTA DIDIK;JIWA;2023/2024 GENAP;P;SKB;0
2526;15;JAMBI;1506;150608;PESERTA DIDIK;JIWA;2023/2024 GENAP;P;SD;991
2527;15;JAMBI;1506;150608;PESERTA DIDIK;JIWA;2023/2024 GENAP;P;SMP;236
2528;15;JAMBI;1506;150608;PESERTA DIDIK;JIWA;2023/2024 GENAP;P;SMA;165
2529;15;JAMBI;1506;150608;PESERTA DIDIK;JIWA;2023/2024 GENAP;P;SMK;61
2530;15;JAMBI;1506;150608;PESERTA DIDIK;JIWA;2023/2024 GENAP;P;SLB;0
2531;15;JAMBI;1506;150610;PESERTA DIDIK;JIWA;2023/2024 GENAP;L;TK;0
2532;15;JAMBI;1506;150610;PESERTA DIDIK;JIWA;2023/2024 GENAP;L;KB;139
2533;15;JAMBI;1506;150610;PESERTA DIDIK;JIWA;2023/2024 GENAP;L;TPA;0
2534;15;JAMBI;1506;150610;PESERTA DIDIK;JIWA;2023/2024 GENAP;L;SPS;8
2535;15;JAMBI;1506;150610;PESERTA DIDIK;JIWA;2023/2024 GENAP;L;PKBM;0
2536;15;JAMBI;1506;150610;PESERTA DIDIK;JIWA;2023/2024 GENAP;L;SKB;0
2537;15;JAMBI;1506;150610;PESERTA DIDIK;JIWA;2023/2024 GENAP;L;SD;444
2538;15;JAMBI;1506;150610;PESERTA DIDIK;JIWA;2023/2024 GENAP;L;SMP;60
2539;15;JAMBI;1506;150610;PESERTA DIDIK;JIWA;2023/2024 GENAP;L;SMA;0
2540;15;JAMBI;1506;150610;PESERTA DIDIK;JIWA;2023/2024 GENAP;L;SMK;8
2541;15;JAMBI;1506;150610;PESERTA DIDIK;JIWA;2023/2024 GENAP;L;SLB;0
2542;15;JAMBI;1506;150610;PESERTA DIDIK;JIWA;2023/2024 GENAP;P;TK;0
2543;15;JAMBI;1506;150610;PESERTA DIDIK;JIWA;2023/2024 GENAP;P;KB;138
2544;15;JAMBI;1506;150610;PESERTA DIDIK;JIWA;2023/2024 GENAP;P;TPA;0
2545;15;JAMBI;1506;150610;PESERTA DIDIK;JIWA;2023/2024 GENAP;P;SPS;13
2546;15;JAMBI;1506;150610;PESERTA DIDIK;JIWA;2023/2024 GENAP;P;PKBM;0
2547;15;JAMBI;1506;150610;PESERTA DIDIK;JIWA;2023/2024 GENAP;P;SKB;0
2548;15;JAMBI;1506;150610;PESERTA DIDIK;JIWA;2023/2024 GENAP;P;SD;386
2549;15;JAMBI;1506;150610;PESERTA DIDIK;JIWA;2023/2024 GENAP;P;SMP;56
2550;15;JAMBI;1506;150610;PESERTA DIDIK;JIWA;2023/2024 GENAP;P;SMA;0
2551;15;JAMBI;1506;150610;PESERTA DIDIK;JIWA;2023/2024 GENAP;P;SMK;6
2552;15;JAMBI;1506;150610;PESERTA DIDIK;JIWA;2023/2024 GENAP;P;SLB;0
2553;15;JAMBI;1506;150613;PESERTA DIDIK;JIWA;2023/2024 GENAP;L;TK;15
2554;15;JAMBI;1506;150613;PESERTA DIDIK;JIWA;2023/2024 GENAP;L;KB;363
2555;15;JAMBI;1506;150613;PESERTA DIDIK;JIWA;2023/2024 GENAP;L;TPA;0
2556;15;JAMBI;1506;150613;PESERTA DIDIK;JIWA;2023/2024 GENAP;L;SPS;0
2557;15;JAMBI;1506;150613;PESERTA DIDIK;JIWA;2023/2024 GENAP;L;PKBM;0
2558;15;JAMBI;1506;150613;PESERTA DIDIK;JIWA;2023/2024 GENAP;L;SKB;0
2559;15;JAMBI;1506;150613;PESERTA DIDIK;JIWA;2023/2024 GENAP;L;SD;1.192
2560;15;JAMBI;1506;150613;PESERTA DIDIK;JIWA;2023/2024 GENAP;L;SMP;260
2561;15;JAMBI;1506;150613;PESERTA DIDIK;JIWA;2023/2024 GENAP;L;SMA;201
2562;15;JAMBI;1506;150613;PESERTA DIDIK;JIWA;2023/2024 GENAP;L;SMK;0
2563;15;JAMBI;1506;150613;PESERTA DIDIK;JIWA;2023/2024 GENAP;L;SLB;0
2564;15;JAMBI;1506;150613;PESERTA DIDIK;JIWA;2023/2024 GENAP;P;TK;7
2565;15;JAMBI;1506;150613;PESERTA DIDIK;JIWA;2023/2024 GENAP;P;KB;388
2566;15;JAMBI;1506;150613;PESERTA DIDIK;JIWA;2023/2024 GENAP;P;TPA;0
2567;15;JAMBI;1506;150613;PESERTA DIDIK;JIWA;2023/2024 GENAP;P;SPS;0
2568;15;JAMBI;1506;150613;PESERTA DIDIK;JIWA;2023/2024 GENAP;P;PKBM;0
2569;15;JAMBI;1506;150613;PESERTA DIDIK;JIWA;2023/2024 GENAP;P;SKB;0
2570;15;JAMBI;1506;150613;PESERTA DIDIK;JIWA;2023/2024 GENAP;P;SD;1.224
2571;15;JAMBI;1506;150613;PESERTA DIDIK;JIWA;2023/2024 GENAP;P;SMP;222
2572;15;JAMBI;1506;150613;PESERTA DIDIK;JIWA;2023/2024 GENAP;P;SMA;219
2573;15;JAMBI;1506;150613;PESERTA DIDIK;JIWA;2023/2024 GENAP;P;SMK;0
2574;15;JAMBI;1506;150613;PESERTA DIDIK;JIWA;2023/2024 GENAP;P;SLB;0
2575;15;JAMBI;1506;150606;PESERTA DIDIK;JIWA;2023/2024 GENAP;L;TK;297
2576;15;JAMBI;1506;150606;PESERTA DIDIK;JIWA;2023/2024 GENAP;L;KB;90
2577;15;JAMBI;1506;150606;PESERTA DIDIK;JIWA;2023/2024 GENAP;L;TPA;14
2578;15;JAMBI;1506;150606;PESERTA DIDIK;JIWA;2023/2024 GENAP;L;SPS;0
2579;15;JAMBI;1506;150606;PESERTA DIDIK;JIWA;2023/2024 GENAP;L;PKBM;0
2580;15;JAMBI;1506;150606;PESERTA DIDIK;JIWA;2023/2024 GENAP;L;SKB;0
2581;15;JAMBI;1506;150606;PESERTA DIDIK;JIWA;2023/2024 GENAP;L;SD;2.096
2582;15;JAMBI;1506;150606;PESERTA DIDIK;JIWA;2023/2024 GENAP;L;SMP;788
2583;15;JAMBI;1506;150606;PESERTA DIDIK;JIWA;2023/2024 GENAP;L;SMA;425
2584;15;JAMBI;1506;150606;PESERTA DIDIK;JIWA;2023/2024 GENAP;L;SMK;330
2585;15;JAMBI;1506;150606;PESERTA DIDIK;JIWA;2023/2024 GENAP;L;SLB;0
2586;15;JAMBI;1506;150606;PESERTA DIDIK;JIWA;2023/2024 GENAP;P;TK;295
2587;15;JAMBI;1506;150606;PESERTA DIDIK;JIWA;2023/2024 GENAP;P;KB;98
2588;15;JAMBI;1506;150606;PESERTA DIDIK;JIWA;2023/2024 GENAP;P;TPA;13
2589;15;JAMBI;1506;150606;PESERTA DIDIK;JIWA;2023/2024 GENAP;P;SPS;0
2590;15;JAMBI;1506;150606;PESERTA DIDIK;JIWA;2023/2024 GENAP;P;PKBM;0
2591;15;JAMBI;1506;150606;PESERTA DIDIK;JIWA;2023/2024 GENAP;P;SKB;0
2592;15;JAMBI;1506;150606;PESERTA DIDIK;JIWA;2023/2024 GENAP;P;SD;1.757
2593;15;JAMBI;1506;150606;PESERTA DIDIK;JIWA;2023/2024 GENAP;P;SMP;706
2594;15;JAMBI;1506;150606;PESERTA DIDIK;JIWA;2023/2024 GENAP;P;SMA;495
2595;15;JAMBI;1506;150606;PESERTA DIDIK;JIWA;2023/2024 GENAP;P;SMK;260
2596;15;JAMBI;1506;150606;PESERTA DIDIK;JIWA;2023/2024 GENAP;P;SLB;0
2597;15;JAMBI;1506;150602;PESERTA DIDIK;JIWA;2023/2024 GENAP;L;TK;375
2598;15;JAMBI;1506;150602;PESERTA DIDIK;JIWA;2023/2024 GENAP;L;KB;336
2599;15;JAMBI;1506;150602;PESERTA DIDIK;JIWA;2023/2024 GENAP;L;TPA;81
2600;15;JAMBI;1506;150602;PESERTA DIDIK;JIWA;2023/2024 GENAP;L;SPS;174
2601;15;JAMBI;1506;150602;PESERTA DIDIK;JIWA;2023/2024 GENAP;L;PKBM;645
2602;15;JAMBI;1506;150602;PESERTA DIDIK;JIWA;2023/2024 GENAP;L;SKB;0
2603;15;JAMBI;1506;150602;PESERTA DIDIK;JIWA;2023/2024 GENAP;L;SD;3.752
2604;15;JAMBI;1506;150602;PESERTA DIDIK;JIWA;2023/2024 GENAP;L;SMP;956
2605;15;JAMBI;1506;150602;PESERTA DIDIK;JIWA;2023/2024 GENAP;L;SMA;803
2606;15;JAMBI;1506;150602;PESERTA DIDIK;JIWA;2023/2024 GENAP;L;SMK;432
2607;15;JAMBI;1506;150602;PESERTA DIDIK;JIWA;2023/2024 GENAP;L;SLB;79
2608;15;JAMBI;1506;150602;PESERTA DIDIK;JIWA;2023/2024 GENAP;P;TK;339
2609;15;JAMBI;1506;150602;PESERTA DIDIK;JIWA;2023/2024 GENAP;P;KB;356
2610;15;JAMBI;1506;150602;PESERTA DIDIK;JIWA;2023/2024 GENAP;P;TPA;41
2611;15;JAMBI;1506;150602;PESERTA DIDIK;JIWA;2023/2024 GENAP;P;SPS;146
2612;15;JAMBI;1506;150602;PESERTA DIDIK;JIWA;2023/2024 GENAP;P;PKBM;411
2613;15;JAMBI;1506;150602;PESERTA DIDIK;JIWA;2023/2024 GENAP;P;SKB;0
2614;15;JAMBI;1506;150602;PESERTA DIDIK;JIWA;2023/2024 GENAP;P;SD;3.469
2615;15;JAMBI;1506;150602;PESERTA DIDIK;JIWA;2023/2024 GENAP;P;SMP;1.038
2616;15;JAMBI;1506;150602;PESERTA DIDIK;JIWA;2023/2024 GENAP;P;SMA;920
2617;15;JAMBI;1506;150602;PESERTA DIDIK;JIWA;2023/2024 GENAP;P;SMK;485
2618;15;JAMBI;1506;150602;PESERTA DIDIK;JIWA;2023/2024 GENAP;P;SLB;38
2619;15;JAMBI;1506;150601;PESERTA DIDIK;JIWA;2023/2024 GENAP;L;TK;102
2620;15;JAMBI;1506;150601;PESERTA DIDIK;JIWA;2023/2024 GENAP;L;KB;155
2621;15;JAMBI;1506;150601;PESERTA DIDIK;JIWA;2023/2024 GENAP;L;TPA;0
2622;15;JAMBI;1506;150601;PESERTA DIDIK;JIWA;2023/2024 GENAP;L;SPS;0
2623;15;JAMBI;1506;150601;PESERTA DIDIK;JIWA;2023/2024 GENAP;L;PKBM;105
2624;15;JAMBI;1506;150601;PESERTA DIDIK;JIWA;2023/2024 GENAP;L;SKB;65
2625;15;JAMBI;1506;150601;PESERTA DIDIK;JIWA;2023/2024 GENAP;L;SD;880
2626;15;JAMBI;1506;150601;PESERTA DIDIK;JIWA;2023/2024 GENAP;L;SMP;184
2627;15;JAMBI;1506;150601;PESERTA DIDIK;JIWA;2023/2024 GENAP;L;SMA;134
2628;15;JAMBI;1506;150601;PESERTA DIDIK;JIWA;2023/2024 GENAP;L;SMK;236
2629;15;JAMBI;1506;150601;PESERTA DIDIK;JIWA;2023/2024 GENAP;L;SLB;0
2630;15;JAMBI;1506;150601;PESERTA DIDIK;JIWA;2023/2024 GENAP;P;TK;106
2631;15;JAMBI;1506;150601;PESERTA DIDIK;JIWA;2023/2024 GENAP;P;KB;127
2632;15;JAMBI;1506;150601;PESERTA DIDIK;JIWA;2023/2024 GENAP;P;TPA;0
2633;15;JAMBI;1506;150601;PESERTA DIDIK;JIWA;2023/2024 GENAP;P;SPS;0
2634;15;JAMBI;1506;150601;PESERTA DIDIK;JIWA;2023/2024 GENAP;P;PKBM;52
2635;15;JAMBI;1506;150601;PESERTA DIDIK;JIWA;2023/2024 GENAP;P;SKB;41
2636;15;JAMBI;1506;150601;PESERTA DIDIK;JIWA;2023/2024 GENAP;P;SD;806
2637;15;JAMBI;1506;150601;PESERTA DIDIK;JIWA;2023/2024 GENAP;P;SMP;197
2638;15;JAMBI;1506;150601;PESERTA DIDIK;JIWA;2023/2024 GENAP;P;SMA;143
2639;15;JAMBI;1506;150601;PESERTA DIDIK;JIWA;2023/2024 GENAP;P;SMK;170
2640;15;JAMBI;1506;150601;PESERTA DIDIK;JIWA;2023/2024 GENAP;P;SLB;0
2641;15;JAMBI;1507;150711;PESERTA DIDIK;JIWA;2023/2024 GENAP;L;TK;51
2642;15;JAMBI;1507;150711;PESERTA DIDIK;JIWA;2023/2024 GENAP;L;KB;149
2643;15;JAMBI;1507;150711;PESERTA DIDIK;JIWA;2023/2024 GENAP;L;TPA;0
2644;15;JAMBI;1507;150711;PESERTA DIDIK;JIWA;2023/2024 GENAP;L;SPS;0
2645;15;JAMBI;1507;150711;PESERTA DIDIK;JIWA;2023/2024 GENAP;L;PKBM;132
2646;15;JAMBI;1507;150711;PESERTA DIDIK;JIWA;2023/2024 GENAP;L;SKB;0
2647;15;JAMBI;1507;150711;PESERTA DIDIK;JIWA;2023/2024 GENAP;L;SD;435
2648;15;JAMBI;1507;150711;PESERTA DIDIK;JIWA;2023/2024 GENAP;L;SMP;208
2649;15;JAMBI;1507;150711;PESERTA DIDIK;JIWA;2023/2024 GENAP;L;SMA;50
2650;15;JAMBI;1507;150711;PESERTA DIDIK;JIWA;2023/2024 GENAP;L;SMK;58
2651;15;JAMBI;1507;150711;PESERTA DIDIK;JIWA;2023/2024 GENAP;L;SLB;0
2652;15;JAMBI;1507;150711;PESERTA DIDIK;JIWA;2023/2024 GENAP;P;TK;24
2653;15;JAMBI;1507;150711;PESERTA DIDIK;JIWA;2023/2024 GENAP;P;KB;129
2654;15;JAMBI;1507;150711;PESERTA DIDIK;JIWA;2023/2024 GENAP;P;TPA;0
2655;15;JAMBI;1507;150711;PESERTA DIDIK;JIWA;2023/2024 GENAP;P;SPS;0
2656;15;JAMBI;1507;150711;PESERTA DIDIK;JIWA;2023/2024 GENAP;P;PKBM;84
2657;15;JAMBI;1507;150711;PESERTA DIDIK;JIWA;2023/2024 GENAP;P;SKB;0
2658;15;JAMBI;1507;150711;PESERTA DIDIK;JIWA;2023/2024 GENAP;P;SD;365
2659;15;JAMBI;1507;150711;PESERTA DIDIK;JIWA;2023/2024 GENAP;P;SMP;196
2660;15;JAMBI;1507;150711;PESERTA DIDIK;JIWA;2023/2024 GENAP;P;SMA;34
2661;15;JAMBI;1507;150711;PESERTA DIDIK;JIWA;2023/2024 GENAP;P;SMK;71
2662;15;JAMBI;1507;150711;PESERTA DIDIK;JIWA;2023/2024 GENAP;P;SLB;0
2663;15;JAMBI;1507;150706;PESERTA DIDIK;JIWA;2023/2024 GENAP;L;TK;51
2664;15;JAMBI;1507;150706;PESERTA DIDIK;JIWA;2023/2024 GENAP;L;KB;165
2665;15;JAMBI;1507;150706;PESERTA DIDIK;JIWA;2023/2024 GENAP;L;TPA;0
2666;15;JAMBI;1507;150706;PESERTA DIDIK;JIWA;2023/2024 GENAP;L;SPS;0
2667;15;JAMBI;1507;150706;PESERTA DIDIK;JIWA;2023/2024 GENAP;L;PKBM;27
2668;15;JAMBI;1507;150706;PESERTA DIDIK;JIWA;2023/2024 GENAP;L;SKB;0
2669;15;JAMBI;1507;150706;PESERTA DIDIK;JIWA;2023/2024 GENAP;L;SD;688
2670;15;JAMBI;1507;150706;PESERTA DIDIK;JIWA;2023/2024 GENAP;L;SMP;218
2671;15;JAMBI;1507;150706;PESERTA DIDIK;JIWA;2023/2024 GENAP;L;SMA;102
2672;15;JAMBI;1507;150706;PESERTA DIDIK;JIWA;2023/2024 GENAP;L;SMK;138
2673;15;JAMBI;1507;150706;PESERTA DIDIK;JIWA;2023/2024 GENAP;L;SLB;0
2674;15;JAMBI;1507;150706;PESERTA DIDIK;JIWA;2023/2024 GENAP;P;TK;48
2675;15;JAMBI;1507;150706;PESERTA DIDIK;JIWA;2023/2024 GENAP;P;KB;169
2676;15;JAMBI;1507;150706;PESERTA DIDIK;JIWA;2023/2024 GENAP;P;TPA;0
2677;15;JAMBI;1507;150706;PESERTA DIDIK;JIWA;2023/2024 GENAP;P;SPS;0
2678;15;JAMBI;1507;150706;PESERTA DIDIK;JIWA;2023/2024 GENAP;P;PKBM;29
2679;15;JAMBI;1507;150706;PESERTA DIDIK;JIWA;2023/2024 GENAP;P;SKB;0
2680;15;JAMBI;1507;150706;PESERTA DIDIK;JIWA;2023/2024 GENAP;P;SD;673
2681;15;JAMBI;1507;150706;PESERTA DIDIK;JIWA;2023/2024 GENAP;P;SMP;224
2682;15;JAMBI;1507;150706;PESERTA DIDIK;JIWA;2023/2024 GENAP;P;SMA;157
2683;15;JAMBI;1507;150706;PESERTA DIDIK;JIWA;2023/2024 GENAP;P;SMK;50
2684;15;JAMBI;1507;150706;PESERTA DIDIK;JIWA;2023/2024 GENAP;P;SLB;0
2685;15;JAMBI;1507;150710;PESERTA DIDIK;JIWA;2023/2024 GENAP;L;TK;127
2686;15;JAMBI;1507;150710;PESERTA DIDIK;JIWA;2023/2024 GENAP;L;KB;291
2687;15;JAMBI;1507;150710;PESERTA DIDIK;JIWA;2023/2024 GENAP;L;TPA;0
2688;15;JAMBI;1507;150710;PESERTA DIDIK;JIWA;2023/2024 GENAP;L;SPS;0
2689;15;JAMBI;1507;150710;PESERTA DIDIK;JIWA;2023/2024 GENAP;L;PKBM;0
2690;15;JAMBI;1507;150710;PESERTA DIDIK;JIWA;2023/2024 GENAP;L;SKB;0
2691;15;JAMBI;1507;150710;PESERTA DIDIK;JIWA;2023/2024 GENAP;L;SD;1.404
2692;15;JAMBI;1507;150710;PESERTA DIDIK;JIWA;2023/2024 GENAP;L;SMP;471
2693;15;JAMBI;1507;150710;PESERTA DIDIK;JIWA;2023/2024 GENAP;L;SMA;388
2694;15;JAMBI;1507;150710;PESERTA DIDIK;JIWA;2023/2024 GENAP;L;SMK;0
2695;15;JAMBI;1507;150710;PESERTA DIDIK;JIWA;2023/2024 GENAP;L;SLB;0
2696;15;JAMBI;1507;150710;PESERTA DIDIK;JIWA;2023/2024 GENAP;P;TK;138
2697;15;JAMBI;1507;150710;PESERTA DIDIK;JIWA;2023/2024 GENAP;P;KB;335
2698;15;JAMBI;1507;150710;PESERTA DIDIK;JIWA;2023/2024 GENAP;P;TPA;0
2699;15;JAMBI;1507;150710;PESERTA DIDIK;JIWA;2023/2024 GENAP;P;SPS;0
2700;15;JAMBI;1507;150710;PESERTA DIDIK;JIWA;2023/2024 GENAP;P;PKBM;0
2701;15;JAMBI;1507;150710;PESERTA DIDIK;JIWA;2023/2024 GENAP;P;SKB;0
2702;15;JAMBI;1507;150710;PESERTA DIDIK;JIWA;2023/2024 GENAP;P;SD;1.417
2703;15;JAMBI;1507;150710;PESERTA DIDIK;JIWA;2023/2024 GENAP;P;SMP;417
2704;15;JAMBI;1507;150710;PESERTA DIDIK;JIWA;2023/2024 GENAP;P;SMA;463
2705;15;JAMBI;1507;150710;PESERTA DIDIK;JIWA;2023/2024 GENAP;P;SMK;0
2706;15;JAMBI;1507;150710;PESERTA DIDIK;JIWA;2023/2024 GENAP;P;SLB;0
2707;15;JAMBI;1507;150708;PESERTA DIDIK;JIWA;2023/2024 GENAP;L;TK;76
2708;15;JAMBI;1507;150708;PESERTA DIDIK;JIWA;2023/2024 GENAP;L;KB;65
2709;15;JAMBI;1507;150708;PESERTA DIDIK;JIWA;2023/2024 GENAP;L;TPA;0
2710;15;JAMBI;1507;150708;PESERTA DIDIK;JIWA;2023/2024 GENAP;L;SPS;0
2711;15;JAMBI;1507;150708;PESERTA DIDIK;JIWA;2023/2024 GENAP;L;PKBM;0
2712;15;JAMBI;1507;150708;PESERTA DIDIK;JIWA;2023/2024 GENAP;L;SKB;0
2713;15;JAMBI;1507;150708;PESERTA DIDIK;JIWA;2023/2024 GENAP;L;SD;728
2714;15;JAMBI;1507;150708;PESERTA DIDIK;JIWA;2023/2024 GENAP;L;SMP;219
2715;15;JAMBI;1507;150708;PESERTA DIDIK;JIWA;2023/2024 GENAP;L;SMA;190
2716;15;JAMBI;1507;150708;PESERTA DIDIK;JIWA;2023/2024 GENAP;L;SMK;0
2717;15;JAMBI;1507;150708;PESERTA DIDIK;JIWA;2023/2024 GENAP;L;SLB;0
2718;15;JAMBI;1507;150708;PESERTA DIDIK;JIWA;2023/2024 GENAP;P;TK;85
2719;15;JAMBI;1507;150708;PESERTA DIDIK;JIWA;2023/2024 GENAP;P;KB;62
2720;15;JAMBI;1507;150708;PESERTA DIDIK;JIWA;2023/2024 GENAP;P;TPA;0
2721;15;JAMBI;1507;150708;PESERTA DIDIK;JIWA;2023/2024 GENAP;P;SPS;0
2722;15;JAMBI;1507;150708;PESERTA DIDIK;JIWA;2023/2024 GENAP;P;PKBM;0
2723;15;JAMBI;1507;150708;PESERTA DIDIK;JIWA;2023/2024 GENAP;P;SKB;0
2724;15;JAMBI;1507;150708;PESERTA DIDIK;JIWA;2023/2024 GENAP;P;SD;675
2725;15;JAMBI;1507;150708;PESERTA DIDIK;JIWA;2023/2024 GENAP;P;SMP;225
2726;15;JAMBI;1507;150708;PESERTA DIDIK;JIWA;2023/2024 GENAP;P;SMA;237
2727;15;JAMBI;1507;150708;PESERTA DIDIK;JIWA;2023/2024 GENAP;P;SMK;0
2728;15;JAMBI;1507;150708;PESERTA DIDIK;JIWA;2023/2024 GENAP;P;SLB;0
2729;15;JAMBI;1507;150703;PESERTA DIDIK;JIWA;2023/2024 GENAP;L;TK;100
2730;15;JAMBI;1507;150703;PESERTA DIDIK;JIWA;2023/2024 GENAP;L;KB;351
2731;15;JAMBI;1507;150703;PESERTA DIDIK;JIWA;2023/2024 GENAP;L;TPA;0
2732;15;JAMBI;1507;150703;PESERTA DIDIK;JIWA;2023/2024 GENAP;L;SPS;0
2733;15;JAMBI;1507;150703;PESERTA DIDIK;JIWA;2023/2024 GENAP;L;PKBM;0
2734;15;JAMBI;1507;150703;PESERTA DIDIK;JIWA;2023/2024 GENAP;L;SKB;0
2735;15;JAMBI;1507;150703;PESERTA DIDIK;JIWA;2023/2024 GENAP;L;SD;1.090
2736;15;JAMBI;1507;150703;PESERTA DIDIK;JIWA;2023/2024 GENAP;L;SMP;172
2737;15;JAMBI;1507;150703;PESERTA DIDIK;JIWA;2023/2024 GENAP;L;SMA;138
2738;15;JAMBI;1507;150703;PESERTA DIDIK;JIWA;2023/2024 GENAP;L;SMK;0
2739;15;JAMBI;1507;150703;PESERTA DIDIK;JIWA;2023/2024 GENAP;L;SLB;0
2740;15;JAMBI;1507;150703;PESERTA DIDIK;JIWA;2023/2024 GENAP;P;TK;88
2741;15;JAMBI;1507;150703;PESERTA DIDIK;JIWA;2023/2024 GENAP;P;KB;337
2742;15;JAMBI;1507;150703;PESERTA DIDIK;JIWA;2023/2024 GENAP;P;TPA;0
2743;15;JAMBI;1507;150703;PESERTA DIDIK;JIWA;2023/2024 GENAP;P;SPS;0
2744;15;JAMBI;1507;150703;PESERTA DIDIK;JIWA;2023/2024 GENAP;P;PKBM;0
2745;15;JAMBI;1507;150703;PESERTA DIDIK;JIWA;2023/2024 GENAP;P;SKB;0
2746;15;JAMBI;1507;150703;PESERTA DIDIK;JIWA;2023/2024 GENAP;P;SD;975
2747;15;JAMBI;1507;150703;PESERTA DIDIK;JIWA;2023/2024 GENAP;P;SMP;155
2748;15;JAMBI;1507;150703;PESERTA DIDIK;JIWA;2023/2024 GENAP;P;SMA;167
2749;15;JAMBI;1507;150703;PESERTA DIDIK;JIWA;2023/2024 GENAP;P;SMK;0
2750;15;JAMBI;1507;150703;PESERTA DIDIK;JIWA;2023/2024 GENAP;P;SLB;0
2751;15;JAMBI;1507;150709;PESERTA DIDIK;JIWA;2023/2024 GENAP;L;TK;32
2752;15;JAMBI;1507;150709;PESERTA DIDIK;JIWA;2023/2024 GENAP;L;KB;235
2753;15;JAMBI;1507;150709;PESERTA DIDIK;JIWA;2023/2024 GENAP;L;TPA;16
2754;15;JAMBI;1507;150709;PESERTA DIDIK;JIWA;2023/2024 GENAP;L;SPS;0
2755;15;JAMBI;1507;150709;PESERTA DIDIK;JIWA;2023/2024 GENAP;L;PKBM;0
2756;15;JAMBI;1507;150709;PESERTA DIDIK;JIWA;2023/2024 GENAP;L;SKB;0
2757;15;JAMBI;1507;150709;PESERTA DIDIK;JIWA;2023/2024 GENAP;L;SD;994
2758;15;JAMBI;1507;150709;PESERTA DIDIK;JIWA;2023/2024 GENAP;L;SMP;289
2759;15;JAMBI;1507;150709;PESERTA DIDIK;JIWA;2023/2024 GENAP;L;SMA;0
2760;15;JAMBI;1507;150709;PESERTA DIDIK;JIWA;2023/2024 GENAP;L;SMK;145
2761;15;JAMBI;1507;150709;PESERTA DIDIK;JIWA;2023/2024 GENAP;L;SLB;0
2762;15;JAMBI;1507;150709;PESERTA DIDIK;JIWA;2023/2024 GENAP;P;TK;31
2763;15;JAMBI;1507;150709;PESERTA DIDIK;JIWA;2023/2024 GENAP;P;KB;224
2764;15;JAMBI;1507;150709;PESERTA DIDIK;JIWA;2023/2024 GENAP;P;TPA;18
2765;15;JAMBI;1507;150709;PESERTA DIDIK;JIWA;2023/2024 GENAP;P;SPS;0
2766;15;JAMBI;1507;150709;PESERTA DIDIK;JIWA;2023/2024 GENAP;P;PKBM;0
2767;15;JAMBI;1507;150709;PESERTA DIDIK;JIWA;2023/2024 GENAP;P;SKB;0
2768;15;JAMBI;1507;150709;PESERTA DIDIK;JIWA;2023/2024 GENAP;P;SD;897
2769;15;JAMBI;1507;150709;PESERTA DIDIK;JIWA;2023/2024 GENAP;P;SMP;338
2770;15;JAMBI;1507;150709;PESERTA DIDIK;JIWA;2023/2024 GENAP;P;SMA;0
2771;15;JAMBI;1507;150709;PESERTA DIDIK;JIWA;2023/2024 GENAP;P;SMK;173
2772;15;JAMBI;1507;150709;PESERTA DIDIK;JIWA;2023/2024 GENAP;P;SLB;0
2773;15;JAMBI;1507;150707;PESERTA DIDIK;JIWA;2023/2024 GENAP;L;TK;187
2774;15;JAMBI;1507;150707;PESERTA DIDIK;JIWA;2023/2024 GENAP;L;KB;181
2775;15;JAMBI;1507;150707;PESERTA DIDIK;JIWA;2023/2024 GENAP;L;TPA;6
2776;15;JAMBI;1507;150707;PESERTA DIDIK;JIWA;2023/2024 GENAP;L;SPS;0
2777;15;JAMBI;1507;150707;PESERTA DIDIK;JIWA;2023/2024 GENAP;L;PKBM;0
2778;15;JAMBI;1507;150707;PESERTA DIDIK;JIWA;2023/2024 GENAP;L;SKB;0
2779;15;JAMBI;1507;150707;PESERTA DIDIK;JIWA;2023/2024 GENAP;L;SD;1.387
2780;15;JAMBI;1507;150707;PESERTA DIDIK;JIWA;2023/2024 GENAP;L;SMP;536
2781;15;JAMBI;1507;150707;PESERTA DIDIK;JIWA;2023/2024 GENAP;L;SMA;274
2782;15;JAMBI;1507;150707;PESERTA DIDIK;JIWA;2023/2024 GENAP;L;SMK;247
2783;15;JAMBI;1507;150707;PESERTA DIDIK;JIWA;2023/2024 GENAP;L;SLB;82
2784;15;JAMBI;1507;150707;PESERTA DIDIK;JIWA;2023/2024 GENAP;P;TK;187
2785;15;JAMBI;1507;150707;PESERTA DIDIK;JIWA;2023/2024 GENAP;P;KB;191
2786;15;JAMBI;1507;150707;PESERTA DIDIK;JIWA;2023/2024 GENAP;P;TPA;6
2787;15;JAMBI;1507;150707;PESERTA DIDIK;JIWA;2023/2024 GENAP;P;SPS;0
2788;15;JAMBI;1507;150707;PESERTA DIDIK;JIWA;2023/2024 GENAP;P;PKBM;0
2789;15;JAMBI;1507;150707;PESERTA DIDIK;JIWA;2023/2024 GENAP;P;SKB;0
2790;15;JAMBI;1507;150707;PESERTA DIDIK;JIWA;2023/2024 GENAP;P;SD;1.313
2791;15;JAMBI;1507;150707;PESERTA DIDIK;JIWA;2023/2024 GENAP;P;SMP;556
2792;15;JAMBI;1507;150707;PESERTA DIDIK;JIWA;2023/2024 GENAP;P;SMA;324
2793;15;JAMBI;1507;150707;PESERTA DIDIK;JIWA;2023/2024 GENAP;P;SMK;131
2794;15;JAMBI;1507;150707;PESERTA DIDIK;JIWA;2023/2024 GENAP;P;SLB;43
2795;15;JAMBI;1507;150701;PESERTA DIDIK;JIWA;2023/2024 GENAP;L;TK;156
2796;15;JAMBI;1507;150701;PESERTA DIDIK;JIWA;2023/2024 GENAP;L;KB;378
2797;15;JAMBI;1507;150701;PESERTA DIDIK;JIWA;2023/2024 GENAP;L;TPA;0
2798;15;JAMBI;1507;150701;PESERTA DIDIK;JIWA;2023/2024 GENAP;L;SPS;53
2799;15;JAMBI;1507;150701;PESERTA DIDIK;JIWA;2023/2024 GENAP;L;PKBM;35
2800;15;JAMBI;1507;150701;PESERTA DIDIK;JIWA;2023/2024 GENAP;L;SKB;145
2801;15;JAMBI;1507;150701;PESERTA DIDIK;JIWA;2023/2024 GENAP;L;SD;1.778
2802;15;JAMBI;1507;150701;PESERTA DIDIK;JIWA;2023/2024 GENAP;L;SMP;427
2803;15;JAMBI;1507;150701;PESERTA DIDIK;JIWA;2023/2024 GENAP;L;SMA;175
2804;15;JAMBI;1507;150701;PESERTA DIDIK;JIWA;2023/2024 GENAP;L;SMK;133
2805;15;JAMBI;1507;150701;PESERTA DIDIK;JIWA;2023/2024 GENAP;L;SLB;0
2806;15;JAMBI;1507;150701;PESERTA DIDIK;JIWA;2023/2024 GENAP;P;TK;145
2807;15;JAMBI;1507;150701;PESERTA DIDIK;JIWA;2023/2024 GENAP;P;KB;311
2808;15;JAMBI;1507;150701;PESERTA DIDIK;JIWA;2023/2024 GENAP;P;TPA;0
2809;15;JAMBI;1507;150701;PESERTA DIDIK;JIWA;2023/2024 GENAP;P;SPS;32
2810;15;JAMBI;1507;150701;PESERTA DIDIK;JIWA;2023/2024 GENAP;P;PKBM;22
2811;15;JAMBI;1507;150701;PESERTA DIDIK;JIWA;2023/2024 GENAP;P;SKB;76
2812;15;JAMBI;1507;150701;PESERTA DIDIK;JIWA;2023/2024 GENAP;P;SD;1.581
2813;15;JAMBI;1507;150701;PESERTA DIDIK;JIWA;2023/2024 GENAP;P;SMP;474
2814;15;JAMBI;1507;150701;PESERTA DIDIK;JIWA;2023/2024 GENAP;P;SMA;267
2815;15;JAMBI;1507;150701;PESERTA DIDIK;JIWA;2023/2024 GENAP;P;SMK;100
2816;15;JAMBI;1507;150701;PESERTA DIDIK;JIWA;2023/2024 GENAP;P;SLB;0
2817;15;JAMBI;1507;150702;PESERTA DIDIK;JIWA;2023/2024 GENAP;L;TK;100
2818;15;JAMBI;1507;150702;PESERTA DIDIK;JIWA;2023/2024 GENAP;L;KB;275
2819;15;JAMBI;1507;150702;PESERTA DIDIK;JIWA;2023/2024 GENAP;L;TPA;0
2820;15;JAMBI;1507;150702;PESERTA DIDIK;JIWA;2023/2024 GENAP;L;SPS;13
2821;15;JAMBI;1507;150702;PESERTA DIDIK;JIWA;2023/2024 GENAP;L;PKBM;12
2822;15;JAMBI;1507;150702;PESERTA DIDIK;JIWA;2023/2024 GENAP;L;SKB;0
2823;15;JAMBI;1507;150702;PESERTA DIDIK;JIWA;2023/2024 GENAP;L;SD;1.449
2824;15;JAMBI;1507;150702;PESERTA DIDIK;JIWA;2023/2024 GENAP;L;SMP;361
2825;15;JAMBI;1507;150702;PESERTA DIDIK;JIWA;2023/2024 GENAP;L;SMA;202
2826;15;JAMBI;1507;150702;PESERTA DIDIK;JIWA;2023/2024 GENAP;L;SMK;92
2827;15;JAMBI;1507;150702;PESERTA DIDIK;JIWA;2023/2024 GENAP;L;SLB;0
2828;15;JAMBI;1507;150702;PESERTA DIDIK;JIWA;2023/2024 GENAP;P;TK;102
2829;15;JAMBI;1507;150702;PESERTA DIDIK;JIWA;2023/2024 GENAP;P;KB;283
2830;15;JAMBI;1507;150702;PESERTA DIDIK;JIWA;2023/2024 GENAP;P;TPA;0
2831;15;JAMBI;1507;150702;PESERTA DIDIK;JIWA;2023/2024 GENAP;P;SPS;7
2832;15;JAMBI;1507;150702;PESERTA DIDIK;JIWA;2023/2024 GENAP;P;PKBM;2
2833;15;JAMBI;1507;150702;PESERTA DIDIK;JIWA;2023/2024 GENAP;P;SKB;0
2834;15;JAMBI;1507;150702;PESERTA DIDIK;JIWA;2023/2024 GENAP;P;SD;1.297
2835;15;JAMBI;1507;150702;PESERTA DIDIK;JIWA;2023/2024 GENAP;P;SMP;382
2836;15;JAMBI;1507;150702;PESERTA DIDIK;JIWA;2023/2024 GENAP;P;SMA;215
2837;15;JAMBI;1507;150702;PESERTA DIDIK;JIWA;2023/2024 GENAP;P;SMK;55
2838;15;JAMBI;1507;150702;PESERTA DIDIK;JIWA;2023/2024 GENAP;P;SLB;0
2839;15;JAMBI;1507;150704;PESERTA DIDIK;JIWA;2023/2024 GENAP;L;TK;96
2840;15;JAMBI;1507;150704;PESERTA DIDIK;JIWA;2023/2024 GENAP;L;KB;362
2841;15;JAMBI;1507;150704;PESERTA DIDIK;JIWA;2023/2024 GENAP;L;TPA;0
2842;15;JAMBI;1507;150704;PESERTA DIDIK;JIWA;2023/2024 GENAP;L;SPS;0
2843;15;JAMBI;1507;150704;PESERTA DIDIK;JIWA;2023/2024 GENAP;L;PKBM;59
2844;15;JAMBI;1507;150704;PESERTA DIDIK;JIWA;2023/2024 GENAP;L;SKB;0
2845;15;JAMBI;1507;150704;PESERTA DIDIK;JIWA;2023/2024 GENAP;L;SD;1.156
2846;15;JAMBI;1507;150704;PESERTA DIDIK;JIWA;2023/2024 GENAP;L;SMP;524
2847;15;JAMBI;1507;150704;PESERTA DIDIK;JIWA;2023/2024 GENAP;L;SMA;301
2848;15;JAMBI;1507;150704;PESERTA DIDIK;JIWA;2023/2024 GENAP;L;SMK;80
2849;15;JAMBI;1507;150704;PESERTA DIDIK;JIWA;2023/2024 GENAP;L;SLB;0
2850;15;JAMBI;1507;150704;PESERTA DIDIK;JIWA;2023/2024 GENAP;P;TK;104
2851;15;JAMBI;1507;150704;PESERTA DIDIK;JIWA;2023/2024 GENAP;P;KB;346
2852;15;JAMBI;1507;150704;PESERTA DIDIK;JIWA;2023/2024 GENAP;P;TPA;0
2853;15;JAMBI;1507;150704;PESERTA DIDIK;JIWA;2023/2024 GENAP;P;SPS;0
2854;15;JAMBI;1507;150704;PESERTA DIDIK;JIWA;2023/2024 GENAP;P;PKBM;25
2855;15;JAMBI;1507;150704;PESERTA DIDIK;JIWA;2023/2024 GENAP;P;SKB;0
2856;15;JAMBI;1507;150704;PESERTA DIDIK;JIWA;2023/2024 GENAP;P;SD;1.100
2857;15;JAMBI;1507;150704;PESERTA DIDIK;JIWA;2023/2024 GENAP;P;SMP;475
2858;15;JAMBI;1507;150704;PESERTA DIDIK;JIWA;2023/2024 GENAP;P;SMA;456
2859;15;JAMBI;1507;150704;PESERTA DIDIK;JIWA;2023/2024 GENAP;P;SMK;30
2860;15;JAMBI;1507;150704;PESERTA DIDIK;JIWA;2023/2024 GENAP;P;SLB;0
2861;15;JAMBI;1507;150705;PESERTA DIDIK;JIWA;2023/2024 GENAP;L;TK;31
2862;15;JAMBI;1507;150705;PESERTA DIDIK;JIWA;2023/2024 GENAP;L;KB;230
2863;15;JAMBI;1507;150705;PESERTA DIDIK;JIWA;2023/2024 GENAP;L;TPA;0
2864;15;JAMBI;1507;150705;PESERTA DIDIK;JIWA;2023/2024 GENAP;L;SPS;0
2865;15;JAMBI;1507;150705;PESERTA DIDIK;JIWA;2023/2024 GENAP;L;PKBM;58
2866;15;JAMBI;1507;150705;PESERTA DIDIK;JIWA;2023/2024 GENAP;L;SKB;0
2867;15;JAMBI;1507;150705;PESERTA DIDIK;JIWA;2023/2024 GENAP;L;SD;877
2868;15;JAMBI;1507;150705;PESERTA DIDIK;JIWA;2023/2024 GENAP;L;SMP;213
2869;15;JAMBI;1507;150705;PESERTA DIDIK;JIWA;2023/2024 GENAP;L;SMA;118
2870;15;JAMBI;1507;150705;PESERTA DIDIK;JIWA;2023/2024 GENAP;L;SMK;0
2871;15;JAMBI;1507;150705;PESERTA DIDIK;JIWA;2023/2024 GENAP;L;SLB;0
2872;15;JAMBI;1507;150705;PESERTA DIDIK;JIWA;2023/2024 GENAP;P;TK;29
2873;15;JAMBI;1507;150705;PESERTA DIDIK;JIWA;2023/2024 GENAP;P;KB;221
2874;15;JAMBI;1507;150705;PESERTA DIDIK;JIWA;2023/2024 GENAP;P;TPA;0
2875;15;JAMBI;1507;150705;PESERTA DIDIK;JIWA;2023/2024 GENAP;P;SPS;0
2876;15;JAMBI;1507;150705;PESERTA DIDIK;JIWA;2023/2024 GENAP;P;PKBM;47
2877;15;JAMBI;1507;150705;PESERTA DIDIK;JIWA;2023/2024 GENAP;P;SKB;0
2878;15;JAMBI;1507;150705;PESERTA DIDIK;JIWA;2023/2024 GENAP;P;SD;791
2879;15;JAMBI;1507;150705;PESERTA DIDIK;JIWA;2023/2024 GENAP;P;SMP;184
2880;15;JAMBI;1507;150705;PESERTA DIDIK;JIWA;2023/2024 GENAP;P;SMA;183
2881;15;JAMBI;1507;150705;PESERTA DIDIK;JIWA;2023/2024 GENAP;P;SMK;0
2882;15;JAMBI;1507;150705;PESERTA DIDIK;JIWA;2023/2024 GENAP;P;SLB;0
2883;15;JAMBI;1509;150912;PESERTA DIDIK;JIWA;2023/2024 GENAP;L;TK;97
2884;15;JAMBI;1509;150912;PESERTA DIDIK;JIWA;2023/2024 GENAP;L;KB;138
2885;15;JAMBI;1509;150912;PESERTA DIDIK;JIWA;2023/2024 GENAP;L;TPA;0
2886;15;JAMBI;1509;150912;PESERTA DIDIK;JIWA;2023/2024 GENAP;L;SPS;0
2887;15;JAMBI;1509;150912;PESERTA DIDIK;JIWA;2023/2024 GENAP;L;PKBM;244
2888;15;JAMBI;1509;150912;PESERTA DIDIK;JIWA;2023/2024 GENAP;L;SKB;0
2889;15;JAMBI;1509;150912;PESERTA DIDIK;JIWA;2023/2024 GENAP;L;SD;1.199
2890;15;JAMBI;1509;150912;PESERTA DIDIK;JIWA;2023/2024 GENAP;L;SMP;254
2891;15;JAMBI;1509;150912;PESERTA DIDIK;JIWA;2023/2024 GENAP;L;SMA;106
2892;15;JAMBI;1509;150912;PESERTA DIDIK;JIWA;2023/2024 GENAP;L;SMK;26
2893;15;JAMBI;1509;150912;PESERTA DIDIK;JIWA;2023/2024 GENAP;L;SLB;0
2894;15;JAMBI;1509;150912;PESERTA DIDIK;JIWA;2023/2024 GENAP;P;TK;73
2895;15;JAMBI;1509;150912;PESERTA DIDIK;JIWA;2023/2024 GENAP;P;KB;143
2896;15;JAMBI;1509;150912;PESERTA DIDIK;JIWA;2023/2024 GENAP;P;TPA;0
2897;15;JAMBI;1509;150912;PESERTA DIDIK;JIWA;2023/2024 GENAP;P;SPS;0
2898;15;JAMBI;1509;150912;PESERTA DIDIK;JIWA;2023/2024 GENAP;P;PKBM;154
2899;15;JAMBI;1509;150912;PESERTA DIDIK;JIWA;2023/2024 GENAP;P;SKB;0
2900;15;JAMBI;1509;150912;PESERTA DIDIK;JIWA;2023/2024 GENAP;P;SD;1.010
2901;15;JAMBI;1509;150912;PESERTA DIDIK;JIWA;2023/2024 GENAP;P;SMP;235
2902;15;JAMBI;1509;150912;PESERTA DIDIK;JIWA;2023/2024 GENAP;P;SMA;150
2903;15;JAMBI;1509;150912;PESERTA DIDIK;JIWA;2023/2024 GENAP;P;SMK;28
2904;15;JAMBI;1509;150912;PESERTA DIDIK;JIWA;2023/2024 GENAP;P;SLB;0
2905;15;JAMBI;1509;150904;PESERTA DIDIK;JIWA;2023/2024 GENAP;L;TK;385
2906;15;JAMBI;1509;150904;PESERTA DIDIK;JIWA;2023/2024 GENAP;L;KB;255
2907;15;JAMBI;1509;150904;PESERTA DIDIK;JIWA;2023/2024 GENAP;L;TPA;17
2908;15;JAMBI;1509;150904;PESERTA DIDIK;JIWA;2023/2024 GENAP;L;SPS;73
2909;15;JAMBI;1509;150904;PESERTA DIDIK;JIWA;2023/2024 GENAP;L;PKBM;307
2910;15;JAMBI;1509;150904;PESERTA DIDIK;JIWA;2023/2024 GENAP;L;SKB;0
2911;15;JAMBI;1509;150904;PESERTA DIDIK;JIWA;2023/2024 GENAP;L;SD;3.164
2912;15;JAMBI;1509;150904;PESERTA DIDIK;JIWA;2023/2024 GENAP;L;SMP;1.604
2913;15;JAMBI;1509;150904;PESERTA DIDIK;JIWA;2023/2024 GENAP;L;SMA;571
2914;15;JAMBI;1509;150904;PESERTA DIDIK;JIWA;2023/2024 GENAP;L;SMK;1.138
2915;15;JAMBI;1509;150904;PESERTA DIDIK;JIWA;2023/2024 GENAP;L;SLB;77
2916;15;JAMBI;1509;150904;PESERTA DIDIK;JIWA;2023/2024 GENAP;P;TK;343
2917;15;JAMBI;1509;150904;PESERTA DIDIK;JIWA;2023/2024 GENAP;P;KB;219
2918;15;JAMBI;1509;150904;PESERTA DIDIK;JIWA;2023/2024 GENAP;P;TPA;15
2919;15;JAMBI;1509;150904;PESERTA DIDIK;JIWA;2023/2024 GENAP;P;SPS;82
2920;15;JAMBI;1509;150904;PESERTA DIDIK;JIWA;2023/2024 GENAP;P;PKBM;166
2921;15;JAMBI;1509;150904;PESERTA DIDIK;JIWA;2023/2024 GENAP;P;SKB;0
2922;15;JAMBI;1509;150904;PESERTA DIDIK;JIWA;2023/2024 GENAP;P;SD;2.896
2923;15;JAMBI;1509;150904;PESERTA DIDIK;JIWA;2023/2024 GENAP;P;SMP;1.451
2924;15;JAMBI;1509;150904;PESERTA DIDIK;JIWA;2023/2024 GENAP;P;SMA;951
2925;15;JAMBI;1509;150904;PESERTA DIDIK;JIWA;2023/2024 GENAP;P;SMK;900
2926;15;JAMBI;1509;150904;PESERTA DIDIK;JIWA;2023/2024 GENAP;P;SLB;50
2927;15;JAMBI;1509;150908;PESERTA DIDIK;JIWA;2023/2024 GENAP;L;TK;185
2928;15;JAMBI;1509;150908;PESERTA DIDIK;JIWA;2023/2024 GENAP;L;KB;53
2929;15;JAMBI;1509;150908;PESERTA DIDIK;JIWA;2023/2024 GENAP;L;TPA;0
2930;15;JAMBI;1509;150908;PESERTA DIDIK;JIWA;2023/2024 GENAP;L;SPS;0
2931;15;JAMBI;1509;150908;PESERTA DIDIK;JIWA;2023/2024 GENAP;L;PKBM;0
2932;15;JAMBI;1509;150908;PESERTA DIDIK;JIWA;2023/2024 GENAP;L;SKB;0
2933;15;JAMBI;1509;150908;PESERTA DIDIK;JIWA;2023/2024 GENAP;L;SD;1.069
2934;15;JAMBI;1509;150908;PESERTA DIDIK;JIWA;2023/2024 GENAP;L;SMP;463
2935;15;JAMBI;1509;150908;PESERTA DIDIK;JIWA;2023/2024 GENAP;L;SMA;229
2936;15;JAMBI;1509;150908;PESERTA DIDIK;JIWA;2023/2024 GENAP;L;SMK;257
2937;15;JAMBI;1509;150908;PESERTA DIDIK;JIWA;2023/2024 GENAP;L;SLB;0
2938;15;JAMBI;1509;150908;PESERTA DIDIK;JIWA;2023/2024 GENAP;P;TK;172
2939;15;JAMBI;1509;150908;PESERTA DIDIK;JIWA;2023/2024 GENAP;P;KB;62
2940;15;JAMBI;1509;150908;PESERTA DIDIK;JIWA;2023/2024 GENAP;P;TPA;0
2941;15;JAMBI;1509;150908;PESERTA DIDIK;JIWA;2023/2024 GENAP;P;SPS;0
2942;15;JAMBI;1509;150908;PESERTA DIDIK;JIWA;2023/2024 GENAP;P;PKBM;0
2943;15;JAMBI;1509;150908;PESERTA DIDIK;JIWA;2023/2024 GENAP;P;SKB;0
2944;15;JAMBI;1509;150908;PESERTA DIDIK;JIWA;2023/2024 GENAP;P;SD;969
2945;15;JAMBI;1509;150908;PESERTA DIDIK;JIWA;2023/2024 GENAP;P;SMP;414
2946;15;JAMBI;1509;150908;PESERTA DIDIK;JIWA;2023/2024 GENAP;P;SMA;284
2947;15;JAMBI;1509;150908;PESERTA DIDIK;JIWA;2023/2024 GENAP;P;SMK;144
2948;15;JAMBI;1509;150908;PESERTA DIDIK;JIWA;2023/2024 GENAP;P;SLB;0
2949;15;JAMBI;1509;150907;PESERTA DIDIK;JIWA;2023/2024 GENAP;L;TK;325
2950;15;JAMBI;1509;150907;PESERTA DIDIK;JIWA;2023/2024 GENAP;L;KB;5
2951;15;JAMBI;1509;150907;PESERTA DIDIK;JIWA;2023/2024 GENAP;L;TPA;21
2952;15;JAMBI;1509;150907;PESERTA DIDIK;JIWA;2023/2024 GENAP;L;SPS;0
2953;15;JAMBI;1509;150907;PESERTA DIDIK;JIWA;2023/2024 GENAP;L;PKBM;547
2954;15;JAMBI;1509;150907;PESERTA DIDIK;JIWA;2023/2024 GENAP;L;SKB;0
2955;15;JAMBI;1509;150907;PESERTA DIDIK;JIWA;2023/2024 GENAP;L;SD;1.811
2956;15;JAMBI;1509;150907;PESERTA DIDIK;JIWA;2023/2024 GENAP;L;SMP;736
2957;15;JAMBI;1509;150907;PESERTA DIDIK;JIWA;2023/2024 GENAP;L;SMA;414
2958;15;JAMBI;1509;150907;PESERTA DIDIK;JIWA;2023/2024 GENAP;L;SMK;195
2959;15;JAMBI;1509;150907;PESERTA DIDIK;JIWA;2023/2024 GENAP;L;SLB;0
2960;15;JAMBI;1509;150907;PESERTA DIDIK;JIWA;2023/2024 GENAP;P;TK;301
2961;15;JAMBI;1509;150907;PESERTA DIDIK;JIWA;2023/2024 GENAP;P;KB;11
2962;15;JAMBI;1509;150907;PESERTA DIDIK;JIWA;2023/2024 GENAP;P;TPA;19
2963;15;JAMBI;1509;150907;PESERTA DIDIK;JIWA;2023/2024 GENAP;P;SPS;0
2964;15;JAMBI;1509;150907;PESERTA DIDIK;JIWA;2023/2024 GENAP;P;PKBM;393
2965;15;JAMBI;1509;150907;PESERTA DIDIK;JIWA;2023/2024 GENAP;P;SKB;0
2966;15;JAMBI;1509;150907;PESERTA DIDIK;JIWA;2023/2024 GENAP;P;SD;1.602
2967;15;JAMBI;1509;150907;PESERTA DIDIK;JIWA;2023/2024 GENAP;P;SMP;654
2968;15;JAMBI;1509;150907;PESERTA DIDIK;JIWA;2023/2024 GENAP;P;SMA;617
2969;15;JAMBI;1509;150907;PESERTA DIDIK;JIWA;2023/2024 GENAP;P;SMK;135
2970;15;JAMBI;1509;150907;PESERTA DIDIK;JIWA;2023/2024 GENAP;P;SLB;0
2971;15;JAMBI;1509;150910;PESERTA DIDIK;JIWA;2023/2024 GENAP;L;TK;90
2972;15;JAMBI;1509;150910;PESERTA DIDIK;JIWA;2023/2024 GENAP;L;KB;89
2973;15;JAMBI;1509;150910;PESERTA DIDIK;JIWA;2023/2024 GENAP;L;TPA;0
2974;15;JAMBI;1509;150910;PESERTA DIDIK;JIWA;2023/2024 GENAP;L;SPS;0
2975;15;JAMBI;1509;150910;PESERTA DIDIK;JIWA;2023/2024 GENAP;L;PKBM;0
2976;15;JAMBI;1509;150910;PESERTA DIDIK;JIWA;2023/2024 GENAP;L;SKB;0
2977;15;JAMBI;1509;150910;PESERTA DIDIK;JIWA;2023/2024 GENAP;L;SD;617
2978;15;JAMBI;1509;150910;PESERTA DIDIK;JIWA;2023/2024 GENAP;L;SMP;98
2979;15;JAMBI;1509;150910;PESERTA DIDIK;JIWA;2023/2024 GENAP;L;SMA;72
2980;15;JAMBI;1509;150910;PESERTA DIDIK;JIWA;2023/2024 GENAP;L;SMK;0
2981;15;JAMBI;1509;150910;PESERTA DIDIK;JIWA;2023/2024 GENAP;L;SLB;0
2982;15;JAMBI;1509;150910;PESERTA DIDIK;JIWA;2023/2024 GENAP;P;TK;91
2983;15;JAMBI;1509;150910;PESERTA DIDIK;JIWA;2023/2024 GENAP;P;KB;96
2984;15;JAMBI;1509;150910;PESERTA DIDIK;JIWA;2023/2024 GENAP;P;TPA;0
2985;15;JAMBI;1509;150910;PESERTA DIDIK;JIWA;2023/2024 GENAP;P;SPS;0
2986;15;JAMBI;1509;150910;PESERTA DIDIK;JIWA;2023/2024 GENAP;P;PKBM;0
2987;15;JAMBI;1509;150910;PESERTA DIDIK;JIWA;2023/2024 GENAP;P;SKB;0
2988;15;JAMBI;1509;150910;PESERTA DIDIK;JIWA;2023/2024 GENAP;P;SD;569
2989;15;JAMBI;1509;150910;PESERTA DIDIK;JIWA;2023/2024 GENAP;P;SMP;75
2990;15;JAMBI;1509;150910;PESERTA DIDIK;JIWA;2023/2024 GENAP;P;SMA;63
2991;15;JAMBI;1509;150910;PESERTA DIDIK;JIWA;2023/2024 GENAP;P;SMK;0
2992;15;JAMBI;1509;150910;PESERTA DIDIK;JIWA;2023/2024 GENAP;P;SLB;0
2993;15;JAMBI;1509;150905;PESERTA DIDIK;JIWA;2023/2024 GENAP;L;TK;131
2994;15;JAMBI;1509;150905;PESERTA DIDIK;JIWA;2023/2024 GENAP;L;KB;175
2995;15;JAMBI;1509;150905;PESERTA DIDIK;JIWA;2023/2024 GENAP;L;TPA;0
2996;15;JAMBI;1509;150905;PESERTA DIDIK;JIWA;2023/2024 GENAP;L;SPS;0
2997;15;JAMBI;1509;150905;PESERTA DIDIK;JIWA;2023/2024 GENAP;L;PKBM;285
2998;15;JAMBI;1509;150905;PESERTA DIDIK;JIWA;2023/2024 GENAP;L;SKB;0
2999;15;JAMBI;1509;150905;PESERTA DIDIK;JIWA;2023/2024 GENAP;L;SD;1.726
3000;15;JAMBI;1509;150905;PESERTA DIDIK;JIWA;2023/2024 GENAP;L;SMP;285
3001;15;JAMBI;1509;150905;PESERTA DIDIK;JIWA;2023/2024 GENAP;L;SMA;160
3002;15;JAMBI;1509;150905;PESERTA DIDIK;JIWA;2023/2024 GENAP;L;SMK;36
3003;15;JAMBI;1509;150905;PESERTA DIDIK;JIWA;2023/2024 GENAP;L;SLB;0
3004;15;JAMBI;1509;150905;PESERTA DIDIK;JIWA;2023/2024 GENAP;P;TK;120
3005;15;JAMBI;1509;150905;PESERTA DIDIK;JIWA;2023/2024 GENAP;P;KB;186
3006;15;JAMBI;1509;150905;PESERTA DIDIK;JIWA;2023/2024 GENAP;P;TPA;0
3007;15;JAMBI;1509;150905;PESERTA DIDIK;JIWA;2023/2024 GENAP;P;SPS;0
3008;15;JAMBI;1509;150905;PESERTA DIDIK;JIWA;2023/2024 GENAP;P;PKBM;159
3009;15;JAMBI;1509;150905;PESERTA DIDIK;JIWA;2023/2024 GENAP;P;SKB;0
3010;15;JAMBI;1509;150905;PESERTA DIDIK;JIWA;2023/2024 GENAP;P;SD;1.545
3011;15;JAMBI;1509;150905;PESERTA DIDIK;JIWA;2023/2024 GENAP;P;SMP;280
3012;15;JAMBI;1509;150905;PESERTA DIDIK;JIWA;2023/2024 GENAP;P;SMA;186
3013;15;JAMBI;1509;150905;PESERTA DIDIK;JIWA;2023/2024 GENAP;P;SMK;20
3014;15;JAMBI;1509;150905;PESERTA DIDIK;JIWA;2023/2024 GENAP;P;SLB;0
3015;15;JAMBI;1509;150902;PESERTA DIDIK;JIWA;2023/2024 GENAP;L;TK;215
3016;15;JAMBI;1509;150902;PESERTA DIDIK;JIWA;2023/2024 GENAP;L;KB;121
3017;15;JAMBI;1509;150902;PESERTA DIDIK;JIWA;2023/2024 GENAP;L;TPA;0
3018;15;JAMBI;1509;150902;PESERTA DIDIK;JIWA;2023/2024 GENAP;L;SPS;45
3019;15;JAMBI;1509;150902;PESERTA DIDIK;JIWA;2023/2024 GENAP;L;PKBM;0
3020;15;JAMBI;1509;150902;PESERTA DIDIK;JIWA;2023/2024 GENAP;L;SKB;0
3021;15;JAMBI;1509;150902;PESERTA DIDIK;JIWA;2023/2024 GENAP;L;SD;1.662
3022;15;JAMBI;1509;150902;PESERTA DIDIK;JIWA;2023/2024 GENAP;L;SMP;357
3023;15;JAMBI;1509;150902;PESERTA DIDIK;JIWA;2023/2024 GENAP;L;SMA;266
3024;15;JAMBI;1509;150902;PESERTA DIDIK;JIWA;2023/2024 GENAP;L;SMK;47
3025;15;JAMBI;1509;150902;PESERTA DIDIK;JIWA;2023/2024 GENAP;L;SLB;0
3026;15;JAMBI;1509;150902;PESERTA DIDIK;JIWA;2023/2024 GENAP;P;TK;210
3027;15;JAMBI;1509;150902;PESERTA DIDIK;JIWA;2023/2024 GENAP;P;KB;139
3028;15;JAMBI;1509;150902;PESERTA DIDIK;JIWA;2023/2024 GENAP;P;TPA;0
3029;15;JAMBI;1509;150902;PESERTA DIDIK;JIWA;2023/2024 GENAP;P;SPS;52
3030;15;JAMBI;1509;150902;PESERTA DIDIK;JIWA;2023/2024 GENAP;P;PKBM;0
3031;15;JAMBI;1509;150902;PESERTA DIDIK;JIWA;2023/2024 GENAP;P;SKB;0
3032;15;JAMBI;1509;150902;PESERTA DIDIK;JIWA;2023/2024 GENAP;P;SD;1.487
3033;15;JAMBI;1509;150902;PESERTA DIDIK;JIWA;2023/2024 GENAP;P;SMP;329
3034;15;JAMBI;1509;150902;PESERTA DIDIK;JIWA;2023/2024 GENAP;P;SMA;251
3035;15;JAMBI;1509;150902;PESERTA DIDIK;JIWA;2023/2024 GENAP;P;SMK;58
3036;15;JAMBI;1509;150902;PESERTA DIDIK;JIWA;2023/2024 GENAP;P;SLB;0
3037;15;JAMBI;1509;150901;PESERTA DIDIK;JIWA;2023/2024 GENAP;L;TK;294
3038;15;JAMBI;1509;150901;PESERTA DIDIK;JIWA;2023/2024 GENAP;L;KB;211
3039;15;JAMBI;1509;150901;PESERTA DIDIK;JIWA;2023/2024 GENAP;L;TPA;40
3040;15;JAMBI;1509;150901;PESERTA DIDIK;JIWA;2023/2024 GENAP;L;SPS;0
3041;15;JAMBI;1509;150901;PESERTA DIDIK;JIWA;2023/2024 GENAP;L;PKBM;202
3042;15;JAMBI;1509;150901;PESERTA DIDIK;JIWA;2023/2024 GENAP;L;SKB;66
3043;15;JAMBI;1509;150901;PESERTA DIDIK;JIWA;2023/2024 GENAP;L;SD;2.159
3044;15;JAMBI;1509;150901;PESERTA DIDIK;JIWA;2023/2024 GENAP;L;SMP;776
3045;15;JAMBI;1509;150901;PESERTA DIDIK;JIWA;2023/2024 GENAP;L;SMA;429
3046;15;JAMBI;1509;150901;PESERTA DIDIK;JIWA;2023/2024 GENAP;L;SMK;436
3047;15;JAMBI;1509;150901;PESERTA DIDIK;JIWA;2023/2024 GENAP;L;SLB;0
3048;15;JAMBI;1509;150901;PESERTA DIDIK;JIWA;2023/2024 GENAP;P;TK;262
3049;15;JAMBI;1509;150901;PESERTA DIDIK;JIWA;2023/2024 GENAP;P;KB;218
3050;15;JAMBI;1509;150901;PESERTA DIDIK;JIWA;2023/2024 GENAP;P;TPA;32
3051;15;JAMBI;1509;150901;PESERTA DIDIK;JIWA;2023/2024 GENAP;P;SPS;0
3052;15;JAMBI;1509;150901;PESERTA DIDIK;JIWA;2023/2024 GENAP;P;PKBM;91
3053;15;JAMBI;1509;150901;PESERTA DIDIK;JIWA;2023/2024 GENAP;P;SKB;59
3054;15;JAMBI;1509;150901;PESERTA DIDIK;JIWA;2023/2024 GENAP;P;SD;2.014
3055;15;JAMBI;1509;150901;PESERTA DIDIK;JIWA;2023/2024 GENAP;P;SMP;717
3056;15;JAMBI;1509;150901;PESERTA DIDIK;JIWA;2023/2024 GENAP;P;SMA;558
3057;15;JAMBI;1509;150901;PESERTA DIDIK;JIWA;2023/2024 GENAP;P;SMK;319
3058;15;JAMBI;1509;150901;PESERTA DIDIK;JIWA;2023/2024 GENAP;P;SLB;0
3059;15;JAMBI;1509;150903;PESERTA DIDIK;JIWA;2023/2024 GENAP;L;TK;149
3060;15;JAMBI;1509;150903;PESERTA DIDIK;JIWA;2023/2024 GENAP;L;KB;184
3061;15;JAMBI;1509;150903;PESERTA DIDIK;JIWA;2023/2024 GENAP;L;TPA;0
3062;15;JAMBI;1509;150903;PESERTA DIDIK;JIWA;2023/2024 GENAP;L;SPS;0
3063;15;JAMBI;1509;150903;PESERTA DIDIK;JIWA;2023/2024 GENAP;L;PKBM;354
3064;15;JAMBI;1509;150903;PESERTA DIDIK;JIWA;2023/2024 GENAP;L;SKB;0
3065;15;JAMBI;1509;150903;PESERTA DIDIK;JIWA;2023/2024 GENAP;L;SD;1.635
3066;15;JAMBI;1509;150903;PESERTA DIDIK;JIWA;2023/2024 GENAP;L;SMP;418
3067;15;JAMBI;1509;150903;PESERTA DIDIK;JIWA;2023/2024 GENAP;L;SMA;378
3068;15;JAMBI;1509;150903;PESERTA DIDIK;JIWA;2023/2024 GENAP;L;SMK;89
3069;15;JAMBI;1509;150903;PESERTA DIDIK;JIWA;2023/2024 GENAP;L;SLB;0
3070;15;JAMBI;1509;150903;PESERTA DIDIK;JIWA;2023/2024 GENAP;P;TK;130
3071;15;JAMBI;1509;150903;PESERTA DIDIK;JIWA;2023/2024 GENAP;P;KB;175
3072;15;JAMBI;1509;150903;PESERTA DIDIK;JIWA;2023/2024 GENAP;P;TPA;0
3073;15;JAMBI;1509;150903;PESERTA DIDIK;JIWA;2023/2024 GENAP;P;SPS;0
3074;15;JAMBI;1509;150903;PESERTA DIDIK;JIWA;2023/2024 GENAP;P;PKBM;183
3075;15;JAMBI;1509;150903;PESERTA DIDIK;JIWA;2023/2024 GENAP;P;SKB;0
3076;15;JAMBI;1509;150903;PESERTA DIDIK;JIWA;2023/2024 GENAP;P;SD;1.451
3077;15;JAMBI;1509;150903;PESERTA DIDIK;JIWA;2023/2024 GENAP;P;SMP;433
3078;15;JAMBI;1509;150903;PESERTA DIDIK;JIWA;2023/2024 GENAP;P;SMA;413
3079;15;JAMBI;1509;150903;PESERTA DIDIK;JIWA;2023/2024 GENAP;P;SMK;49
3080;15;JAMBI;1509;150903;PESERTA DIDIK;JIWA;2023/2024 GENAP;P;SLB;0
3081;15;JAMBI;1509;150909;PESERTA DIDIK;JIWA;2023/2024 GENAP;L;TK;191
3082;15;JAMBI;1509;150909;PESERTA DIDIK;JIWA;2023/2024 GENAP;L;KB;128
3083;15;JAMBI;1509;150909;PESERTA DIDIK;JIWA;2023/2024 GENAP;L;TPA;0
3084;15;JAMBI;1509;150909;PESERTA DIDIK;JIWA;2023/2024 GENAP;L;SPS;10
3085;15;JAMBI;1509;150909;PESERTA DIDIK;JIWA;2023/2024 GENAP;L;PKBM;196
3086;15;JAMBI;1509;150909;PESERTA DIDIK;JIWA;2023/2024 GENAP;L;SKB;0
3087;15;JAMBI;1509;150909;PESERTA DIDIK;JIWA;2023/2024 GENAP;L;SD;2.091
3088;15;JAMBI;1509;150909;PESERTA DIDIK;JIWA;2023/2024 GENAP;L;SMP;440
3089;15;JAMBI;1509;150909;PESERTA DIDIK;JIWA;2023/2024 GENAP;L;SMA;133
3090;15;JAMBI;1509;150909;PESERTA DIDIK;JIWA;2023/2024 GENAP;L;SMK;252
3091;15;JAMBI;1509;150909;PESERTA DIDIK;JIWA;2023/2024 GENAP;L;SLB;0
3092;15;JAMBI;1509;150909;PESERTA DIDIK;JIWA;2023/2024 GENAP;P;TK;195
3093;15;JAMBI;1509;150909;PESERTA DIDIK;JIWA;2023/2024 GENAP;P;KB;131
3094;15;JAMBI;1509;150909;PESERTA DIDIK;JIWA;2023/2024 GENAP;P;TPA;0
3095;15;JAMBI;1509;150909;PESERTA DIDIK;JIWA;2023/2024 GENAP;P;SPS;12
3096;15;JAMBI;1509;150909;PESERTA DIDIK;JIWA;2023/2024 GENAP;P;PKBM;100
3097;15;JAMBI;1509;150909;PESERTA DIDIK;JIWA;2023/2024 GENAP;P;SKB;0
3098;15;JAMBI;1509;150909;PESERTA DIDIK;JIWA;2023/2024 GENAP;P;SD;1.829
3099;15;JAMBI;1509;150909;PESERTA DIDIK;JIWA;2023/2024 GENAP;P;SMP;390
3100;15;JAMBI;1509;150909;PESERTA DIDIK;JIWA;2023/2024 GENAP;P;SMA;181
3101;15;JAMBI;1509;150909;PESERTA DIDIK;JIWA;2023/2024 GENAP;P;SMK;138
3102;15;JAMBI;1509;150909;PESERTA DIDIK;JIWA;2023/2024 GENAP;P;SLB;0
3103;15;JAMBI;1509;150906;PESERTA DIDIK;JIWA;2023/2024 GENAP;L;TK;92
3104;15;JAMBI;1509;150906;PESERTA DIDIK;JIWA;2023/2024 GENAP;L;KB;169
3105;15;JAMBI;1509;150906;PESERTA DIDIK;JIWA;2023/2024 GENAP;L;TPA;0
3106;15;JAMBI;1509;150906;PESERTA DIDIK;JIWA;2023/2024 GENAP;L;SPS;0
3107;15;JAMBI;1509;150906;PESERTA DIDIK;JIWA;2023/2024 GENAP;L;PKBM;0
3108;15;JAMBI;1509;150906;PESERTA DIDIK;JIWA;2023/2024 GENAP;L;SKB;0
3109;15;JAMBI;1509;150906;PESERTA DIDIK;JIWA;2023/2024 GENAP;L;SD;1.477
3110;15;JAMBI;1509;150906;PESERTA DIDIK;JIWA;2023/2024 GENAP;L;SMP;242
3111;15;JAMBI;1509;150906;PESERTA DIDIK;JIWA;2023/2024 GENAP;L;SMA;136
3112;15;JAMBI;1509;150906;PESERTA DIDIK;JIWA;2023/2024 GENAP;L;SMK;0
3113;15;JAMBI;1509;150906;PESERTA DIDIK;JIWA;2023/2024 GENAP;L;SLB;0
3114;15;JAMBI;1509;150906;PESERTA DIDIK;JIWA;2023/2024 GENAP;P;TK;73
3115;15;JAMBI;1509;150906;PESERTA DIDIK;JIWA;2023/2024 GENAP;P;KB;168
3116;15;JAMBI;1509;150906;PESERTA DIDIK;JIWA;2023/2024 GENAP;P;TPA;0
3117;15;JAMBI;1509;150906;PESERTA DIDIK;JIWA;2023/2024 GENAP;P;SPS;0
3118;15;JAMBI;1509;150906;PESERTA DIDIK;JIWA;2023/2024 GENAP;P;PKBM;0
3119;15;JAMBI;1509;150906;PESERTA DIDIK;JIWA;2023/2024 GENAP;P;SKB;0
3120;15;JAMBI;1509;150906;PESERTA DIDIK;JIWA;2023/2024 GENAP;P;SD;1.393
3121;15;JAMBI;1509;150906;PESERTA DIDIK;JIWA;2023/2024 GENAP;P;SMP;277
3122;15;JAMBI;1509;150906;PESERTA DIDIK;JIWA;2023/2024 GENAP;P;SMA;127
3123;15;JAMBI;1509;150906;PESERTA DIDIK;JIWA;2023/2024 GENAP;P;SMK;0
3124;15;JAMBI;1509;150906;PESERTA DIDIK;JIWA;2023/2024 GENAP;P;SLB;0
3125;15;JAMBI;1509;150911;PESERTA DIDIK;JIWA;2023/2024 GENAP;L;TK;225
3126;15;JAMBI;1509;150911;PESERTA DIDIK;JIWA;2023/2024 GENAP;L;KB;82
3127;15;JAMBI;1509;150911;PESERTA DIDIK;JIWA;2023/2024 GENAP;L;TPA;0
3128;15;JAMBI;1509;150911;PESERTA DIDIK;JIWA;2023/2024 GENAP;L;SPS;0
3129;15;JAMBI;1509;150911;PESERTA DIDIK;JIWA;2023/2024 GENAP;L;PKBM;0
3130;15;JAMBI;1509;150911;PESERTA DIDIK;JIWA;2023/2024 GENAP;L;SKB;0
3131;15;JAMBI;1509;150911;PESERTA DIDIK;JIWA;2023/2024 GENAP;L;SD;1.267
3132;15;JAMBI;1509;150911;PESERTA DIDIK;JIWA;2023/2024 GENAP;L;SMP;331
3133;15;JAMBI;1509;150911;PESERTA DIDIK;JIWA;2023/2024 GENAP;L;SMA;0
3134;15;JAMBI;1509;150911;PESERTA DIDIK;JIWA;2023/2024 GENAP;L;SMK;139
3135;15;JAMBI;1509;150911;PESERTA DIDIK;JIWA;2023/2024 GENAP;L;SLB;0
3136;15;JAMBI;1509;150911;PESERTA DIDIK;JIWA;2023/2024 GENAP;P;TK;186
3137;15;JAMBI;1509;150911;PESERTA DIDIK;JIWA;2023/2024 GENAP;P;KB;85
3138;15;JAMBI;1509;150911;PESERTA DIDIK;JIWA;2023/2024 GENAP;P;TPA;0
3139;15;JAMBI;1509;150911;PESERTA DIDIK;JIWA;2023/2024 GENAP;P;SPS;0
3140;15;JAMBI;1509;150911;PESERTA DIDIK;JIWA;2023/2024 GENAP;P;PKBM;0
3141;15;JAMBI;1509;150911;PESERTA DIDIK;JIWA;2023/2024 GENAP;P;SKB;0
3142;15;JAMBI;1509;150911;PESERTA DIDIK;JIWA;2023/2024 GENAP;P;SD;1.165
3143;15;JAMBI;1509;150911;PESERTA DIDIK;JIWA;2023/2024 GENAP;P;SMP;320
3144;15;JAMBI;1509;150911;PESERTA DIDIK;JIWA;2023/2024 GENAP;P;SMA;0
3145;15;JAMBI;1509;150911;PESERTA DIDIK;JIWA;2023/2024 GENAP;P;SMK;171
3146;15;JAMBI;1509;150911;PESERTA DIDIK;JIWA;2023/2024 GENAP;P;SLB;0
3147;15;JAMBI;1501;150123;PESERTA DIDIK;JIWA;2023/2024 GENAP;L;TK;0
3148;15;JAMBI;1501;150123;PESERTA DIDIK;JIWA;2023/2024 GENAP;L;KB;0
3149;15;JAMBI;1501;150123;PESERTA DIDIK;JIWA;2023/2024 GENAP;L;TPA;0
3150;15;JAMBI;1501;150123;PESERTA DIDIK;JIWA;2023/2024 GENAP;L;SPS;0
3151;15;JAMBI;1501;150123;PESERTA DIDIK;JIWA;2023/2024 GENAP;L;PKBM;0
3152;15;JAMBI;1501;150123;PESERTA DIDIK;JIWA;2023/2024 GENAP;L;SKB;0
3153;15;JAMBI;1501;150123;PESERTA DIDIK;JIWA;2023/2024 GENAP;L;SD;0
3154;15;JAMBI;1501;150123;PESERTA DIDIK;JIWA;2023/2024 GENAP;L;SMP;0
3155;15;JAMBI;1501;150123;PESERTA DIDIK;JIWA;2023/2024 GENAP;L;SMA;0
3156;15;JAMBI;1501;150123;PESERTA DIDIK;JIWA;2023/2024 GENAP;L;SMK;0
3157;15;JAMBI;1501;150123;PESERTA DIDIK;JIWA;2023/2024 GENAP;L;SLB;0
3158;15;JAMBI;1501;150123;PESERTA DIDIK;JIWA;2023/2024 GENAP;P;TK;0
3159;15;JAMBI;1501;150123;PESERTA DIDIK;JIWA;2023/2024 GENAP;P;KB;0
3160;15;JAMBI;1501;150123;PESERTA DIDIK;JIWA;2023/2024 GENAP;P;TPA;0
3161;15;JAMBI;1501;150123;PESERTA DIDIK;JIWA;2023/2024 GENAP;P;SPS;0
3162;15;JAMBI;1501;150123;PESERTA DIDIK;JIWA;2023/2024 GENAP;P;PKBM;0
3163;15;JAMBI;1501;150123;PESERTA DIDIK;JIWA;2023/2024 GENAP;P;SKB;0
3164;15;JAMBI;1501;150123;PESERTA DIDIK;JIWA;2023/2024 GENAP;P;SD;0
3165;15;JAMBI;1501;150123;PESERTA DIDIK;JIWA;2023/2024 GENAP;P;SMP;0
3166;15;JAMBI;1501;150123;PESERTA DIDIK;JIWA;2023/2024 GENAP;P;SMA;0
3167;15;JAMBI;1501;150123;PESERTA DIDIK;JIWA;2023/2024 GENAP;P;SMK;0
3168;15;JAMBI;1501;150123;PESERTA DIDIK;JIWA;2023/2024 GENAP;P;SLB;0
3169;15;JAMBI;1501;150105;PESERTA DIDIK;JIWA;2023/2024 GANJIL;L;TK;120
3170;15;JAMBI;1501;150105;PESERTA DIDIK;JIWA;2023/2024 GANJIL;L;KB;216
3171;15;JAMBI;1501;150105;PESERTA DIDIK;JIWA;2023/2024 GANJIL;L;TPA;0
3172;15;JAMBI;1501;150105;PESERTA DIDIK;JIWA;2023/2024 GANJIL;L;SPS;30
3173;15;JAMBI;1501;150105;PESERTA DIDIK;JIWA;2023/2024 GANJIL;L;PKBM;101
3174;15;JAMBI;1501;150105;PESERTA DIDIK;JIWA;2023/2024 GANJIL;L;SKB;9
3175;15;JAMBI;1501;150105;PESERTA DIDIK;JIWA;2023/2024 GANJIL;L;SD;400
3176;15;JAMBI;1501;150105;PESERTA DIDIK;JIWA;2023/2024 GANJIL;L;SMP;36
3177;15;JAMBI;1501;150105;PESERTA DIDIK;JIWA;2023/2024 GANJIL;L;SMA;0
3178;15;JAMBI;1501;150105;PESERTA DIDIK;JIWA;2023/2024 GANJIL;L;SMK;0
3179;15;JAMBI;1501;150105;PESERTA DIDIK;JIWA;2023/2024 GANJIL;L;SLB;0
3180;15;JAMBI;1501;150105;PESERTA DIDIK;JIWA;2023/2024 GANJIL;P;TK;84
3181;15;JAMBI;1501;150105;PESERTA DIDIK;JIWA;2023/2024 GANJIL;P;KB;177
3182;15;JAMBI;1501;150105;PESERTA DIDIK;JIWA;2023/2024 GANJIL;P;TPA;0
3183;15;JAMBI;1501;150105;PESERTA DIDIK;JIWA;2023/2024 GANJIL;P;SPS;34
3184;15;JAMBI;1501;150105;PESERTA DIDIK;JIWA;2023/2024 GANJIL;P;PKBM;52
3185;15;JAMBI;1501;150105;PESERTA DIDIK;JIWA;2023/2024 GANJIL;P;SKB;2
3186;15;JAMBI;1501;150105;PESERTA DIDIK;JIWA;2023/2024 GANJIL;P;SD;398
3187;15;JAMBI;1501;150105;PESERTA DIDIK;JIWA;2023/2024 GANJIL;P;SMP;22
3188;15;JAMBI;1501;150105;PESERTA DIDIK;JIWA;2023/2024 GANJIL;P;SMA;0
3189;15;JAMBI;1501;150105;PESERTA DIDIK;JIWA;2023/2024 GANJIL;P;SMK;0
3190;15;JAMBI;1501;150105;PESERTA DIDIK;JIWA;2023/2024 GANJIL;P;SLB;0
3191;15;JAMBI;1501;150121;PESERTA DIDIK;JIWA;2023/2024 GANJIL;L;TK;48
3192;15;JAMBI;1501;150121;PESERTA DIDIK;JIWA;2023/2024 GANJIL;L;KB;274
3193;15;JAMBI;1501;150121;PESERTA DIDIK;JIWA;2023/2024 GANJIL;L;TPA;0
3194;15;JAMBI;1501;150121;PESERTA DIDIK;JIWA;2023/2024 GANJIL;L;SPS;32
3195;15;JAMBI;1501;150121;PESERTA DIDIK;JIWA;2023/2024 GANJIL;L;PKBM;0
3196;15;JAMBI;1501;150121;PESERTA DIDIK;JIWA;2023/2024 GANJIL;L;SKB;0
3197;15;JAMBI;1501;150121;PESERTA DIDIK;JIWA;2023/2024 GANJIL;L;SD;466
3198;15;JAMBI;1501;150121;PESERTA DIDIK;JIWA;2023/2024 GANJIL;L;SMP;520
3199;15;JAMBI;1501;150121;PESERTA DIDIK;JIWA;2023/2024 GANJIL;L;SMA;371
3200;15;JAMBI;1501;150121;PESERTA DIDIK;JIWA;2023/2024 GANJIL;L;SMK;49
3201;15;JAMBI;1501;150121;PESERTA DIDIK;JIWA;2023/2024 GANJIL;L;SLB;0
3202;15;JAMBI;1501;150121;PESERTA DIDIK;JIWA;2023/2024 GANJIL;P;TK;46
3203;15;JAMBI;1501;150121;PESERTA DIDIK;JIWA;2023/2024 GANJIL;P;KB;224
3204;15;JAMBI;1501;150121;PESERTA DIDIK;JIWA;2023/2024 GANJIL;P;TPA;0
3205;15;JAMBI;1501;150121;PESERTA DIDIK;JIWA;2023/2024 GANJIL;P;SPS;50
3206;15;JAMBI;1501;150121;PESERTA DIDIK;JIWA;2023/2024 GANJIL;P;PKBM;0
3207;15;JAMBI;1501;150121;PESERTA DIDIK;JIWA;2023/2024 GANJIL;P;SKB;0
3208;15;JAMBI;1501;150121;PESERTA DIDIK;JIWA;2023/2024 GANJIL;P;SD;417
3209;15;JAMBI;1501;150121;PESERTA DIDIK;JIWA;2023/2024 GANJIL;P;SMP;480
3210;15;JAMBI;1501;150121;PESERTA DIDIK;JIWA;2023/2024 GANJIL;P;SMA;439
3211;15;JAMBI;1501;150121;PESERTA DIDIK;JIWA;2023/2024 GANJIL;P;SMK;7
3212;15;JAMBI;1501;150121;PESERTA DIDIK;JIWA;2023/2024 GANJIL;P;SLB;0
3213;15;JAMBI;1501;150111;PESERTA DIDIK;JIWA;2023/2024 GANJIL;L;TK;143
3214;15;JAMBI;1501;150111;PESERTA DIDIK;JIWA;2023/2024 GANJIL;L;KB;299
3215;15;JAMBI;1501;150111;PESERTA DIDIK;JIWA;2023/2024 GANJIL;L;TPA;0
3216;15;JAMBI;1501;150111;PESERTA DIDIK;JIWA;2023/2024 GANJIL;L;SPS;150
3217;15;JAMBI;1501;150111;PESERTA DIDIK;JIWA;2023/2024 GANJIL;L;PKBM;14
3218;15;JAMBI;1501;150111;PESERTA DIDIK;JIWA;2023/2024 GANJIL;L;SKB;0
3219;15;JAMBI;1501;150111;PESERTA DIDIK;JIWA;2023/2024 GANJIL;L;SD;836
3220;15;JAMBI;1501;150111;PESERTA DIDIK;JIWA;2023/2024 GANJIL;L;SMP;187
3221;15;JAMBI;1501;150111;PESERTA DIDIK;JIWA;2023/2024 GANJIL;L;SMA;143
3222;15;JAMBI;1501;150111;PESERTA DIDIK;JIWA;2023/2024 GANJIL;L;SMK;0
3223;15;JAMBI;1501;150111;PESERTA DIDIK;JIWA;2023/2024 GANJIL;L;SLB;86
3224;15;JAMBI;1501;150111;PESERTA DIDIK;JIWA;2023/2024 GANJIL;P;TK;105
3225;15;JAMBI;1501;150111;PESERTA DIDIK;JIWA;2023/2024 GANJIL;P;KB;277
3226;15;JAMBI;1501;150111;PESERTA DIDIK;JIWA;2023/2024 GANJIL;P;TPA;0
3227;15;JAMBI;1501;150111;PESERTA DIDIK;JIWA;2023/2024 GANJIL;P;SPS;132
3228;15;JAMBI;1501;150111;PESERTA DIDIK;JIWA;2023/2024 GANJIL;P;PKBM;30
3229;15;JAMBI;1501;150111;PESERTA DIDIK;JIWA;2023/2024 GANJIL;P;SKB;0
3230;15;JAMBI;1501;150111;PESERTA DIDIK;JIWA;2023/2024 GANJIL;P;SD;770
3231;15;JAMBI;1501;150111;PESERTA DIDIK;JIWA;2023/2024 GANJIL;P;SMP;183
3232;15;JAMBI;1501;150111;PESERTA DIDIK;JIWA;2023/2024 GANJIL;P;SMA;170
3233;15;JAMBI;1501;150111;PESERTA DIDIK;JIWA;2023/2024 GANJIL;P;SMK;0
3234;15;JAMBI;1501;150111;PESERTA DIDIK;JIWA;2023/2024 GANJIL;P;SLB;46
3235;15;JAMBI;1503;150307;PESERTA DIDIK;JIWA;2023/2024 GANJIL;L;TK;200
3236;15;JAMBI;1503;150307;PESERTA DIDIK;JIWA;2023/2024 GANJIL;L;KB;362
3237;15;JAMBI;1503;150307;PESERTA DIDIK;JIWA;2023/2024 GANJIL;L;TPA;0
3238;15;JAMBI;1503;150307;PESERTA DIDIK;JIWA;2023/2024 GANJIL;L;SPS;0
3239;15;JAMBI;1503;150307;PESERTA DIDIK;JIWA;2023/2024 GANJIL;L;PKBM;146
3240;15;JAMBI;1503;150307;PESERTA DIDIK;JIWA;2023/2024 GANJIL;L;SKB;0
3241;15;JAMBI;1503;150307;PESERTA DIDIK;JIWA;2023/2024 GANJIL;L;SD;1.379
3242;15;JAMBI;1503;150307;PESERTA DIDIK;JIWA;2023/2024 GANJIL;L;SMP;386
3243;15;JAMBI;1503;150307;PESERTA DIDIK;JIWA;2023/2024 GANJIL;L;SMA;97
3244;15;JAMBI;1503;150307;PESERTA DIDIK;JIWA;2023/2024 GANJIL;L;SMK;190
3245;15;JAMBI;1503;150307;PESERTA DIDIK;JIWA;2023/2024 GANJIL;L;SLB;0
3246;15;JAMBI;1503;150307;PESERTA DIDIK;JIWA;2023/2024 GANJIL;P;TK;186
3247;15;JAMBI;1503;150307;PESERTA DIDIK;JIWA;2023/2024 GANJIL;P;KB;327
3248;15;JAMBI;1503;150307;PESERTA DIDIK;JIWA;2023/2024 GANJIL;P;TPA;0
3249;15;JAMBI;1503;150307;PESERTA DIDIK;JIWA;2023/2024 GANJIL;P;SPS;0
3250;15;JAMBI;1503;150307;PESERTA DIDIK;JIWA;2023/2024 GANJIL;P;PKBM;77
3251;15;JAMBI;1503;150307;PESERTA DIDIK;JIWA;2023/2024 GANJIL;P;SKB;0
3252;15;JAMBI;1503;150307;PESERTA DIDIK;JIWA;2023/2024 GANJIL;P;SD;1.268
3253;15;JAMBI;1503;150307;PESERTA DIDIK;JIWA;2023/2024 GANJIL;P;SMP;334
3254;15;JAMBI;1503;150307;PESERTA DIDIK;JIWA;2023/2024 GANJIL;P;SMA;118
3255;15;JAMBI;1503;150307;PESERTA DIDIK;JIWA;2023/2024 GANJIL;P;SMK;193
3256;15;JAMBI;1503;150307;PESERTA DIDIK;JIWA;2023/2024 GANJIL;P;SLB;0
3257;15;JAMBI;1571;157109;PESERTA DIDIK;JIWA;2023/2024 GANJIL;L;TK;708
3258;15;JAMBI;1571;157109;PESERTA DIDIK;JIWA;2023/2024 GANJIL;L;KB;239
3259;15;JAMBI;1571;157109;PESERTA DIDIK;JIWA;2023/2024 GANJIL;L;TPA;43
3260;15;JAMBI;1571;157109;PESERTA DIDIK;JIWA;2023/2024 GANJIL;L;SPS;51
3261;15;JAMBI;1571;157109;PESERTA DIDIK;JIWA;2023/2024 GANJIL;L;PKBM;0
3262;15;JAMBI;1571;157109;PESERTA DIDIK;JIWA;2023/2024 GANJIL;L;SKB;0
3263;15;JAMBI;1571;157109;PESERTA DIDIK;JIWA;2023/2024 GANJIL;L;SD;4.288
3264;15;JAMBI;1571;157109;PESERTA DIDIK;JIWA;2023/2024 GANJIL;L;SMP;1.397
3265;15;JAMBI;1571;157109;PESERTA DIDIK;JIWA;2023/2024 GANJIL;L;SMA;1.324
3266;15;JAMBI;1571;157109;PESERTA DIDIK;JIWA;2023/2024 GANJIL;L;SMK;1.656
3267;15;JAMBI;1571;157109;PESERTA DIDIK;JIWA;2023/2024 GANJIL;L;SLB;7
3268;15;JAMBI;1571;157109;PESERTA DIDIK;JIWA;2023/2024 GANJIL;P;TK;693
3269;15;JAMBI;1571;157109;PESERTA DIDIK;JIWA;2023/2024 GANJIL;P;KB;249
3270;15;JAMBI;1571;157109;PESERTA DIDIK;JIWA;2023/2024 GANJIL;P;TPA;50
3271;15;JAMBI;1571;157109;PESERTA DIDIK;JIWA;2023/2024 GANJIL;P;SPS;69
3272;15;JAMBI;1571;157109;PESERTA DIDIK;JIWA;2023/2024 GANJIL;P;PKBM;0
3273;15;JAMBI;1571;157109;PESERTA DIDIK;JIWA;2023/2024 GANJIL;P;SKB;0
3274;15;JAMBI;1571;157109;PESERTA DIDIK;JIWA;2023/2024 GANJIL;P;SD;3.809
3275;15;JAMBI;1571;157109;PESERTA DIDIK;JIWA;2023/2024 GANJIL;P;SMP;1.424
3276;15;JAMBI;1571;157109;PESERTA DIDIK;JIWA;2023/2024 GANJIL;P;SMA;1.298
3277;15;JAMBI;1571;157109;PESERTA DIDIK;JIWA;2023/2024 GANJIL;P;SMK;93
3278;15;JAMBI;1571;157109;PESERTA DIDIK;JIWA;2023/2024 GANJIL;P;SLB;3
3279;15;JAMBI;1505;150510;PESERTA DIDIK;JIWA;2023/2024 GANJIL;L;TK;215
3280;15;JAMBI;1505;150510;PESERTA DIDIK;JIWA;2023/2024 GANJIL;L;KB;78
3281;15;JAMBI;1505;150510;PESERTA DIDIK;JIWA;2023/2024 GANJIL;L;TPA;0
3282;15;JAMBI;1505;150510;PESERTA DIDIK;JIWA;2023/2024 GANJIL;L;SPS;22
3283;15;JAMBI;1505;150510;PESERTA DIDIK;JIWA;2023/2024 GANJIL;L;PKBM;0
3284;15;JAMBI;1505;150510;PESERTA DIDIK;JIWA;2023/2024 GANJIL;L;SKB;0
3285;15;JAMBI;1505;150510;PESERTA DIDIK;JIWA;2023/2024 GANJIL;L;SD;1.268
3286;15;JAMBI;1505;150510;PESERTA DIDIK;JIWA;2023/2024 GANJIL;L;SMP;289
3287;15;JAMBI;1505;150510;PESERTA DIDIK;JIWA;2023/2024 GANJIL;L;SMA;82
3288;15;JAMBI;1505;150510;PESERTA DIDIK;JIWA;2023/2024 GANJIL;L;SMK;0
3289;15;JAMBI;1505;150510;PESERTA DIDIK;JIWA;2023/2024 GANJIL;L;SLB;0
3290;15;JAMBI;1505;150510;PESERTA DIDIK;JIWA;2023/2024 GANJIL;P;TK;208
3291;15;JAMBI;1505;150510;PESERTA DIDIK;JIWA;2023/2024 GANJIL;P;KB;70
3292;15;JAMBI;1505;150510;PESERTA DIDIK;JIWA;2023/2024 GANJIL;P;TPA;0
3293;15;JAMBI;1505;150510;PESERTA DIDIK;JIWA;2023/2024 GANJIL;P;SPS;14
3294;15;JAMBI;1505;150510;PESERTA DIDIK;JIWA;2023/2024 GANJIL;P;PKBM;0
3295;15;JAMBI;1505;150510;PESERTA DIDIK;JIWA;2023/2024 GANJIL;P;SKB;0
3296;15;JAMBI;1505;150510;PESERTA DIDIK;JIWA;2023/2024 GANJIL;P;SD;1.143
3297;15;JAMBI;1505;150510;PESERTA DIDIK;JIWA;2023/2024 GANJIL;P;SMP;240
3298;15;JAMBI;1505;150510;PESERTA DIDIK;JIWA;2023/2024 GANJIL;P;SMA;74
3299;15;JAMBI;1505;150510;PESERTA DIDIK;JIWA;2023/2024 GANJIL;P;SMK;0
3300;15;JAMBI;1505;150510;PESERTA DIDIK;JIWA;2023/2024 GANJIL;P;SLB;0
3301;15;JAMBI;1505;150509;PESERTA DIDIK;JIWA;2023/2024 GANJIL;L;TK;111
3302;15;JAMBI;1505;150509;PESERTA DIDIK;JIWA;2023/2024 GANJIL;L;KB;44
3303;15;JAMBI;1505;150509;PESERTA DIDIK;JIWA;2023/2024 GANJIL;L;TPA;0
3304;15;JAMBI;1505;150509;PESERTA DIDIK;JIWA;2023/2024 GANJIL;L;SPS;0
3305;15;JAMBI;1505;150509;PESERTA DIDIK;JIWA;2023/2024 GANJIL;L;PKBM;0
3306;15;JAMBI;1505;150509;PESERTA DIDIK;JIWA;2023/2024 GANJIL;L;SKB;0
3307;15;JAMBI;1505;150509;PESERTA DIDIK;JIWA;2023/2024 GANJIL;L;SD;758
3308;15;JAMBI;1505;150509;PESERTA DIDIK;JIWA;2023/2024 GANJIL;L;SMP;254
3309;15;JAMBI;1505;150509;PESERTA DIDIK;JIWA;2023/2024 GANJIL;L;SMA;18
3310;15;JAMBI;1505;150509;PESERTA DIDIK;JIWA;2023/2024 GANJIL;L;SMK;86
3311;15;JAMBI;1505;150509;PESERTA DIDIK;JIWA;2023/2024 GANJIL;L;SLB;0
3312;15;JAMBI;1505;150509;PESERTA DIDIK;JIWA;2023/2024 GANJIL;P;TK;122
3313;15;JAMBI;1505;150509;PESERTA DIDIK;JIWA;2023/2024 GANJIL;P;KB;51
3314;15;JAMBI;1505;150509;PESERTA DIDIK;JIWA;2023/2024 GANJIL;P;TPA;0
3315;15;JAMBI;1505;150509;PESERTA DIDIK;JIWA;2023/2024 GANJIL;P;SPS;0
3316;15;JAMBI;1505;150509;PESERTA DIDIK;JIWA;2023/2024 GANJIL;P;PKBM;0
3317;15;JAMBI;1505;150509;PESERTA DIDIK;JIWA;2023/2024 GANJIL;P;SKB;0
3318;15;JAMBI;1505;150509;PESERTA DIDIK;JIWA;2023/2024 GANJIL;P;SD;690
3319;15;JAMBI;1505;150509;PESERTA DIDIK;JIWA;2023/2024 GANJIL;P;SMP;220
3320;15;JAMBI;1505;150509;PESERTA DIDIK;JIWA;2023/2024 GANJIL;P;SMA;28
3321;15;JAMBI;1505;150509;PESERTA DIDIK;JIWA;2023/2024 GANJIL;P;SMK;77
3322;15;JAMBI;1505;150509;PESERTA DIDIK;JIWA;2023/2024 GANJIL;P;SLB;0
3323;15;JAMBI;1504;150407;PESERTA DIDIK;JIWA;2023/2024 GANJIL;L;TK;391
3324;15;JAMBI;1504;150407;PESERTA DIDIK;JIWA;2023/2024 GANJIL;L;KB;327
3325;15;JAMBI;1504;150407;PESERTA DIDIK;JIWA;2023/2024 GANJIL;L;TPA;0
3326;15;JAMBI;1504;150407;PESERTA DIDIK;JIWA;2023/2024 GANJIL;L;SPS;18
3327;15;JAMBI;1504;150407;PESERTA DIDIK;JIWA;2023/2024 GANJIL;L;PKBM;138
3328;15;JAMBI;1504;150407;PESERTA DIDIK;JIWA;2023/2024 GANJIL;L;SKB;0
3329;15;JAMBI;1504;150407;PESERTA DIDIK;JIWA;2023/2024 GANJIL;L;SD;2.346
3330;15;JAMBI;1504;150407;PESERTA DIDIK;JIWA;2023/2024 GANJIL;L;SMP;583
3331;15;JAMBI;1504;150407;PESERTA DIDIK;JIWA;2023/2024 GANJIL;L;SMA;276
3332;15;JAMBI;1504;150407;PESERTA DIDIK;JIWA;2023/2024 GANJIL;L;SMK;49
3333;15;JAMBI;1504;150407;PESERTA DIDIK;JIWA;2023/2024 GANJIL;L;SLB;0
3334;15;JAMBI;1504;150407;PESERTA DIDIK;JIWA;2023/2024 GANJIL;P;TK;346
3335;15;JAMBI;1504;150407;PESERTA DIDIK;JIWA;2023/2024 GANJIL;P;KB;329
3336;15;JAMBI;1504;150407;PESERTA DIDIK;JIWA;2023/2024 GANJIL;P;TPA;0
3337;15;JAMBI;1504;150407;PESERTA DIDIK;JIWA;2023/2024 GANJIL;P;SPS;17
3338;15;JAMBI;1504;150407;PESERTA DIDIK;JIWA;2023/2024 GANJIL;P;PKBM;91
3339;15;JAMBI;1504;150407;PESERTA DIDIK;JIWA;2023/2024 GANJIL;P;SKB;0
3340;15;JAMBI;1504;150407;PESERTA DIDIK;JIWA;2023/2024 GANJIL;P;SD;2.191
3341;15;JAMBI;1504;150407;PESERTA DIDIK;JIWA;2023/2024 GANJIL;P;SMP;572
3342;15;JAMBI;1504;150407;PESERTA DIDIK;JIWA;2023/2024 GANJIL;P;SMA;227
3343;15;JAMBI;1504;150407;PESERTA DIDIK;JIWA;2023/2024 GANJIL;P;SMK;28
3344;15;JAMBI;1504;150407;PESERTA DIDIK;JIWA;2023/2024 GANJIL;P;SLB;0
3345;15;JAMBI;1502;150202;PESERTA DIDIK;JIWA;2023/2024 GANJIL;L;TK;521
3346;15;JAMBI;1502;150202;PESERTA DIDIK;JIWA;2023/2024 GANJIL;L;KB;151
3347;15;JAMBI;1502;150202;PESERTA DIDIK;JIWA;2023/2024 GANJIL;L;TPA;3
3348;15;JAMBI;1502;150202;PESERTA DIDIK;JIWA;2023/2024 GANJIL;L;SPS;22
3349;15;JAMBI;1502;150202;PESERTA DIDIK;JIWA;2023/2024 GANJIL;L;PKBM;135
3350;15;JAMBI;1502;150202;PESERTA DIDIK;JIWA;2023/2024 GANJIL;L;SKB;0
3351;15;JAMBI;1502;150202;PESERTA DIDIK;JIWA;2023/2024 GANJIL;L;SD;3.111
3352;15;JAMBI;1502;150202;PESERTA DIDIK;JIWA;2023/2024 GANJIL;L;SMP;1.271
3353;15;JAMBI;1502;150202;PESERTA DIDIK;JIWA;2023/2024 GANJIL;L;SMA;566
3354;15;JAMBI;1502;150202;PESERTA DIDIK;JIWA;2023/2024 GANJIL;L;SMK;509
3355;15;JAMBI;1502;150202;PESERTA DIDIK;JIWA;2023/2024 GANJIL;L;SLB;60
3356;15;JAMBI;1502;150202;PESERTA DIDIK;JIWA;2023/2024 GANJIL;P;TK;567
3357;15;JAMBI;1502;150202;PESERTA DIDIK;JIWA;2023/2024 GANJIL;P;KB;148
3358;15;JAMBI;1502;150202;PESERTA DIDIK;JIWA;2023/2024 GANJIL;P;TPA;8
3359;15;JAMBI;1502;150202;PESERTA DIDIK;JIWA;2023/2024 GANJIL;P;SPS;14
3360;15;JAMBI;1502;150202;PESERTA DIDIK;JIWA;2023/2024 GANJIL;P;PKBM;74
3361;15;JAMBI;1502;150202;PESERTA DIDIK;JIWA;2023/2024 GANJIL;P;SKB;0
3362;15;JAMBI;1502;150202;PESERTA DIDIK;JIWA;2023/2024 GANJIL;P;SD;2.837
3363;15;JAMBI;1502;150202;PESERTA DIDIK;JIWA;2023/2024 GANJIL;P;SMP;1.283
3364;15;JAMBI;1502;150202;PESERTA DIDIK;JIWA;2023/2024 GANJIL;P;SMA;669
3365;15;JAMBI;1502;150202;PESERTA DIDIK;JIWA;2023/2024 GANJIL;P;SMK;552
3366;15;JAMBI;1502;150202;PESERTA DIDIK;JIWA;2023/2024 GANJIL;P;SLB;35
3367;15;JAMBI;1502;150210;PESERTA DIDIK;JIWA;2023/2024 GANJIL;L;TK;78
3368;15;JAMBI;1502;150210;PESERTA DIDIK;JIWA;2023/2024 GANJIL;L;KB;79
3369;15;JAMBI;1502;150210;PESERTA DIDIK;JIWA;2023/2024 GANJIL;L;TPA;0
3370;15;JAMBI;1502;150210;PESERTA DIDIK;JIWA;2023/2024 GANJIL;L;SPS;0
3371;15;JAMBI;1502;150210;PESERTA DIDIK;JIWA;2023/2024 GANJIL;L;PKBM;63
3372;15;JAMBI;1502;150210;PESERTA DIDIK;JIWA;2023/2024 GANJIL;L;SKB;0
3373;15;JAMBI;1502;150210;PESERTA DIDIK;JIWA;2023/2024 GANJIL;L;SD;603
3374;15;JAMBI;1502;150210;PESERTA DIDIK;JIWA;2023/2024 GANJIL;L;SMP;68
3375;15;JAMBI;1502;150210;PESERTA DIDIK;JIWA;2023/2024 GANJIL;L;SMA;0
3376;15;JAMBI;1502;150210;PESERTA DIDIK;JIWA;2023/2024 GANJIL;L;SMK;0
3377;15;JAMBI;1502;150210;PESERTA DIDIK;JIWA;2023/2024 GANJIL;L;SLB;0
3378;15;JAMBI;1502;150210;PESERTA DIDIK;JIWA;2023/2024 GANJIL;P;TK;73
3379;15;JAMBI;1502;150210;PESERTA DIDIK;JIWA;2023/2024 GANJIL;P;KB;86
3380;15;JAMBI;1502;150210;PESERTA DIDIK;JIWA;2023/2024 GANJIL;P;TPA;0
3381;15;JAMBI;1502;150210;PESERTA DIDIK;JIWA;2023/2024 GANJIL;P;SPS;0
3382;15;JAMBI;1502;150210;PESERTA DIDIK;JIWA;2023/2024 GANJIL;P;PKBM;47
3383;15;JAMBI;1502;150210;PESERTA DIDIK;JIWA;2023/2024 GANJIL;P;SKB;0
3384;15;JAMBI;1502;150210;PESERTA DIDIK;JIWA;2023/2024 GANJIL;P;SD;599
3385;15;JAMBI;1502;150210;PESERTA DIDIK;JIWA;2023/2024 GANJIL;P;SMP;51
3386;15;JAMBI;1502;150210;PESERTA DIDIK;JIWA;2023/2024 GANJIL;P;SMA;0
3387;15;JAMBI;1502;150210;PESERTA DIDIK;JIWA;2023/2024 GANJIL;P;SMK;0
3388;15;JAMBI;1502;150210;PESERTA DIDIK;JIWA;2023/2024 GANJIL;P;SLB;0
3389;15;JAMBI;1503;150301;PESERTA DIDIK;JIWA;2023/2024 GANJIL;L;TK;332
3390;15;JAMBI;1503;150301;PESERTA DIDIK;JIWA;2023/2024 GANJIL;L;KB;781
3391;15;JAMBI;1503;150301;PESERTA DIDIK;JIWA;2023/2024 GANJIL;L;TPA;9
3392;15;JAMBI;1503;150301;PESERTA DIDIK;JIWA;2023/2024 GANJIL;L;SPS;7
3393;15;JAMBI;1503;150301;PESERTA DIDIK;JIWA;2023/2024 GANJIL;L;PKBM;99
3394;15;JAMBI;1503;150301;PESERTA DIDIK;JIWA;2023/2024 GANJIL;L;SKB;0
3395;15;JAMBI;1503;150301;PESERTA DIDIK;JIWA;2023/2024 GANJIL;L;SD;1.364
3396;15;JAMBI;1503;150301;PESERTA DIDIK;JIWA;2023/2024 GANJIL;L;SMP;277
3397;15;JAMBI;1503;150301;PESERTA DIDIK;JIWA;2023/2024 GANJIL;L;SMA;86
3398;15;JAMBI;1503;150301;PESERTA DIDIK;JIWA;2023/2024 GANJIL;L;SMK;54
3399;15;JAMBI;1503;150301;PESERTA DIDIK;JIWA;2023/2024 GANJIL;L;SLB;0
3400;15;JAMBI;1503;150301;PESERTA DIDIK;JIWA;2023/2024 GANJIL;P;TK;328
3401;15;JAMBI;1503;150301;PESERTA DIDIK;JIWA;2023/2024 GANJIL;P;KB;685
3402;15;JAMBI;1503;150301;PESERTA DIDIK;JIWA;2023/2024 GANJIL;P;TPA;8
3403;15;JAMBI;1503;150301;PESERTA DIDIK;JIWA;2023/2024 GANJIL;P;SPS;13
3404;15;JAMBI;1503;150301;PESERTA DIDIK;JIWA;2023/2024 GANJIL;P;PKBM;90
3405;15;JAMBI;1503;150301;PESERTA DIDIK;JIWA;2023/2024 GANJIL;P;SKB;0
3406;15;JAMBI;1503;150301;PESERTA DIDIK;JIWA;2023/2024 GANJIL;P;SD;1.219
3407;15;JAMBI;1503;150301;PESERTA DIDIK;JIWA;2023/2024 GANJIL;P;SMP;314
3408;15;JAMBI;1503;150301;PESERTA DIDIK;JIWA;2023/2024 GANJIL;P;SMA;106
3409;15;JAMBI;1503;150301;PESERTA DIDIK;JIWA;2023/2024 GANJIL;P;SMK;75
3410;15;JAMBI;1503;150301;PESERTA DIDIK;JIWA;2023/2024 GANJIL;P;SLB;0
3411;15;JAMBI;1506;150607;PESERTA DIDIK;JIWA;2023/2024 GANJIL;L;TK;299
3412;15;JAMBI;1506;150607;PESERTA DIDIK;JIWA;2023/2024 GANJIL;L;KB;119
3413;15;JAMBI;1506;150607;PESERTA DIDIK;JIWA;2023/2024 GANJIL;L;TPA;53
3414;15;JAMBI;1506;150607;PESERTA DIDIK;JIWA;2023/2024 GANJIL;L;SPS;0
3415;15;JAMBI;1506;150607;PESERTA DIDIK;JIWA;2023/2024 GANJIL;L;PKBM;52
3416;15;JAMBI;1506;150607;PESERTA DIDIK;JIWA;2023/2024 GANJIL;L;SKB;0
3417;15;JAMBI;1506;150607;PESERTA DIDIK;JIWA;2023/2024 GANJIL;L;SD;2.614
3418;15;JAMBI;1506;150607;PESERTA DIDIK;JIWA;2023/2024 GANJIL;L;SMP;815
3419;15;JAMBI;1506;150607;PESERTA DIDIK;JIWA;2023/2024 GANJIL;L;SMA;324
3420;15;JAMBI;1506;150607;PESERTA DIDIK;JIWA;2023/2024 GANJIL;L;SMK;94
3421;15;JAMBI;1506;150607;PESERTA DIDIK;JIWA;2023/2024 GANJIL;L;SLB;0
3422;15;JAMBI;1506;150607;PESERTA DIDIK;JIWA;2023/2024 GANJIL;P;TK;297
3423;15;JAMBI;1506;150607;PESERTA DIDIK;JIWA;2023/2024 GANJIL;P;KB;130
3424;15;JAMBI;1506;150607;PESERTA DIDIK;JIWA;2023/2024 GANJIL;P;TPA;61
3425;15;JAMBI;1506;150607;PESERTA DIDIK;JIWA;2023/2024 GANJIL;P;SPS;0
3426;15;JAMBI;1506;150607;PESERTA DIDIK;JIWA;2023/2024 GANJIL;P;PKBM;54
3427;15;JAMBI;1506;150607;PESERTA DIDIK;JIWA;2023/2024 GANJIL;P;SKB;0
3428;15;JAMBI;1506;150607;PESERTA DIDIK;JIWA;2023/2024 GANJIL;P;SD;2.312
3429;15;JAMBI;1506;150607;PESERTA DIDIK;JIWA;2023/2024 GANJIL;P;SMP;752
3430;15;JAMBI;1506;150607;PESERTA DIDIK;JIWA;2023/2024 GANJIL;P;SMA;392
3431;15;JAMBI;1506;150607;PESERTA DIDIK;JIWA;2023/2024 GANJIL;P;SMK;85
3432;15;JAMBI;1506;150607;PESERTA DIDIK;JIWA;2023/2024 GANJIL;P;SLB;0
3433;15;JAMBI;1502;150212;PESERTA DIDIK;JIWA;2023/2024 GANJIL;L;TK;51
3434;15;JAMBI;1502;150212;PESERTA DIDIK;JIWA;2023/2024 GANJIL;L;KB;132
3435;15;JAMBI;1502;150212;PESERTA DIDIK;JIWA;2023/2024 GANJIL;L;TPA;0
3436;15;JAMBI;1502;150212;PESERTA DIDIK;JIWA;2023/2024 GANJIL;L;SPS;0
3437;15;JAMBI;1502;150212;PESERTA DIDIK;JIWA;2023/2024 GANJIL;L;PKBM;113
3438;15;JAMBI;1502;150212;PESERTA DIDIK;JIWA;2023/2024 GANJIL;L;SKB;0
3439;15;JAMBI;1502;150212;PESERTA DIDIK;JIWA;2023/2024 GANJIL;L;SD;822
3440;15;JAMBI;1502;150212;PESERTA DIDIK;JIWA;2023/2024 GANJIL;L;SMP;110
3441;15;JAMBI;1502;150212;PESERTA DIDIK;JIWA;2023/2024 GANJIL;L;SMA;72
3442;15;JAMBI;1502;150212;PESERTA DIDIK;JIWA;2023/2024 GANJIL;L;SMK;52
3443;15;JAMBI;1502;150212;PESERTA DIDIK;JIWA;2023/2024 GANJIL;L;SLB;0
3444;15;JAMBI;1502;150212;PESERTA DIDIK;JIWA;2023/2024 GANJIL;P;TK;48
3445;15;JAMBI;1502;150212;PESERTA DIDIK;JIWA;2023/2024 GANJIL;P;KB;132
3446;15;JAMBI;1502;150212;PESERTA DIDIK;JIWA;2023/2024 GANJIL;P;TPA;0
3447;15;JAMBI;1502;150212;PESERTA DIDIK;JIWA;2023/2024 GANJIL;P;SPS;0
3448;15;JAMBI;1502;150212;PESERTA DIDIK;JIWA;2023/2024 GANJIL;P;PKBM;86
3449;15;JAMBI;1502;150212;PESERTA DIDIK;JIWA;2023/2024 GANJIL;P;SKB;0
3450;15;JAMBI;1502;150212;PESERTA DIDIK;JIWA;2023/2024 GANJIL;P;SD;756
3451;15;JAMBI;1502;150212;PESERTA DIDIK;JIWA;2023/2024 GANJIL;P;SMP;108
3452;15;JAMBI;1502;150212;PESERTA DIDIK;JIWA;2023/2024 GANJIL;P;SMA;47
3453;15;JAMBI;1502;150212;PESERTA DIDIK;JIWA;2023/2024 GANJIL;P;SMK;30
3454;15;JAMBI;1502;150212;PESERTA DIDIK;JIWA;2023/2024 GANJIL;P;SLB;0
3455;15;JAMBI;1501;150107;PESERTA DIDIK;JIWA;2023/2024 GANJIL;L;TK;65
3456;15;JAMBI;1501;150107;PESERTA DIDIK;JIWA;2023/2024 GANJIL;L;KB;244
3457;15;JAMBI;1501;150107;PESERTA DIDIK;JIWA;2023/2024 GANJIL;L;TPA;0
3458;15;JAMBI;1501;150107;PESERTA DIDIK;JIWA;2023/2024 GANJIL;L;SPS;0
3459;15;JAMBI;1501;150107;PESERTA DIDIK;JIWA;2023/2024 GANJIL;L;PKBM;0
3460;15;JAMBI;1501;150107;PESERTA DIDIK;JIWA;2023/2024 GANJIL;L;SKB;0
3461;15;JAMBI;1501;150107;PESERTA DIDIK;JIWA;2023/2024 GANJIL;L;SD;657
3462;15;JAMBI;1501;150107;PESERTA DIDIK;JIWA;2023/2024 GANJIL;L;SMP;239
3463;15;JAMBI;1501;150107;PESERTA DIDIK;JIWA;2023/2024 GANJIL;L;SMA;196
3464;15;JAMBI;1501;150107;PESERTA DIDIK;JIWA;2023/2024 GANJIL;L;SMK;0
3465;15;JAMBI;1501;150107;PESERTA DIDIK;JIWA;2023/2024 GANJIL;L;SLB;0
3466;15;JAMBI;1501;150107;PESERTA DIDIK;JIWA;2023/2024 GANJIL;P;TK;62
3467;15;JAMBI;1501;150107;PESERTA DIDIK;JIWA;2023/2024 GANJIL;P;KB;266
3468;15;JAMBI;1501;150107;PESERTA DIDIK;JIWA;2023/2024 GANJIL;P;TPA;0
3469;15;JAMBI;1501;150107;PESERTA DIDIK;JIWA;2023/2024 GANJIL;P;SPS;0
3470;15;JAMBI;1501;150107;PESERTA DIDIK;JIWA;2023/2024 GANJIL;P;PKBM;0
3471;15;JAMBI;1501;150107;PESERTA DIDIK;JIWA;2023/2024 GANJIL;P;SKB;0
3472;15;JAMBI;1501;150107;PESERTA DIDIK;JIWA;2023/2024 GANJIL;P;SD;702
3473;15;JAMBI;1501;150107;PESERTA DIDIK;JIWA;2023/2024 GANJIL;P;SMP;221
3474;15;JAMBI;1501;150107;PESERTA DIDIK;JIWA;2023/2024 GANJIL;P;SMA;193
3475;15;JAMBI;1501;150107;PESERTA DIDIK;JIWA;2023/2024 GANJIL;P;SMK;0
3476;15;JAMBI;1501;150107;PESERTA DIDIK;JIWA;2023/2024 GANJIL;P;SLB;0
3477;15;JAMBI;1508;150815;PESERTA DIDIK;JIWA;2023/2024 GANJIL;L;TK;108
3478;15;JAMBI;1508;150815;PESERTA DIDIK;JIWA;2023/2024 GANJIL;L;KB;124
3479;15;JAMBI;1508;150815;PESERTA DIDIK;JIWA;2023/2024 GANJIL;L;TPA;0
3480;15;JAMBI;1508;150815;PESERTA DIDIK;JIWA;2023/2024 GANJIL;L;SPS;0
3481;15;JAMBI;1508;150815;PESERTA DIDIK;JIWA;2023/2024 GANJIL;L;PKBM;0
3482;15;JAMBI;1508;150815;PESERTA DIDIK;JIWA;2023/2024 GANJIL;L;SKB;0
3483;15;JAMBI;1508;150815;PESERTA DIDIK;JIWA;2023/2024 GANJIL;L;SD;604
3484;15;JAMBI;1508;150815;PESERTA DIDIK;JIWA;2023/2024 GANJIL;L;SMP;139
3485;15;JAMBI;1508;150815;PESERTA DIDIK;JIWA;2023/2024 GANJIL;L;SMA;83
3486;15;JAMBI;1508;150815;PESERTA DIDIK;JIWA;2023/2024 GANJIL;L;SMK;0
3487;15;JAMBI;1508;150815;PESERTA DIDIK;JIWA;2023/2024 GANJIL;L;SLB;0
3488;15;JAMBI;1508;150815;PESERTA DIDIK;JIWA;2023/2024 GANJIL;P;TK;82
3489;15;JAMBI;1508;150815;PESERTA DIDIK;JIWA;2023/2024 GANJIL;P;KB;116
3490;15;JAMBI;1508;150815;PESERTA DIDIK;JIWA;2023/2024 GANJIL;P;TPA;0
3491;15;JAMBI;1508;150815;PESERTA DIDIK;JIWA;2023/2024 GANJIL;P;SPS;0
3492;15;JAMBI;1508;150815;PESERTA DIDIK;JIWA;2023/2024 GANJIL;P;PKBM;0
3493;15;JAMBI;1508;150815;PESERTA DIDIK;JIWA;2023/2024 GANJIL;P;SKB;0
3494;15;JAMBI;1508;150815;PESERTA DIDIK;JIWA;2023/2024 GANJIL;P;SD;552
3495;15;JAMBI;1508;150815;PESERTA DIDIK;JIWA;2023/2024 GANJIL;P;SMP;114
3496;15;JAMBI;1508;150815;PESERTA DIDIK;JIWA;2023/2024 GANJIL;P;SMA;79
3497;15;JAMBI;1508;150815;PESERTA DIDIK;JIWA;2023/2024 GANJIL;P;SMK;0
3498;15;JAMBI;1508;150815;PESERTA DIDIK;JIWA;2023/2024 GANJIL;P;SLB;0
3499;15;JAMBI;1508;150811;PESERTA DIDIK;JIWA;2023/2024 GANJIL;L;TK;80
3500;15;JAMBI;1508;150811;PESERTA DIDIK;JIWA;2023/2024 GANJIL;L;KB;145
3501;15;JAMBI;1508;150811;PESERTA DIDIK;JIWA;2023/2024 GANJIL;L;TPA;0
3502;15;JAMBI;1508;150811;PESERTA DIDIK;JIWA;2023/2024 GANJIL;L;SPS;11
3503;15;JAMBI;1508;150811;PESERTA DIDIK;JIWA;2023/2024 GANJIL;L;PKBM;170
3504;15;JAMBI;1508;150811;PESERTA DIDIK;JIWA;2023/2024 GANJIL;L;SKB;106
3505;15;JAMBI;1508;150811;PESERTA DIDIK;JIWA;2023/2024 GANJIL;L;SD;1.362
3506;15;JAMBI;1508;150811;PESERTA DIDIK;JIWA;2023/2024 GANJIL;L;SMP;491
3507;15;JAMBI;1508;150811;PESERTA DIDIK;JIWA;2023/2024 GANJIL;L;SMA;112
3508;15;JAMBI;1508;150811;PESERTA DIDIK;JIWA;2023/2024 GANJIL;L;SMK;485
3509;15;JAMBI;1508;150811;PESERTA DIDIK;JIWA;2023/2024 GANJIL;L;SLB;0
3510;15;JAMBI;1508;150811;PESERTA DIDIK;JIWA;2023/2024 GANJIL;P;TK;81
3511;15;JAMBI;1508;150811;PESERTA DIDIK;JIWA;2023/2024 GANJIL;P;KB;151
3512;15;JAMBI;1508;150811;PESERTA DIDIK;JIWA;2023/2024 GANJIL;P;TPA;1
3513;15;JAMBI;1508;150811;PESERTA DIDIK;JIWA;2023/2024 GANJIL;P;SPS;9
3514;15;JAMBI;1508;150811;PESERTA DIDIK;JIWA;2023/2024 GANJIL;P;PKBM;119
3515;15;JAMBI;1508;150811;PESERTA DIDIK;JIWA;2023/2024 GANJIL;P;SKB;89
3516;15;JAMBI;1508;150811;PESERTA DIDIK;JIWA;2023/2024 GANJIL;P;SD;1.230
3517;15;JAMBI;1508;150811;PESERTA DIDIK;JIWA;2023/2024 GANJIL;P;SMP;481
3518;15;JAMBI;1508;150811;PESERTA DIDIK;JIWA;2023/2024 GANJIL;P;SMA;101
3519;15;JAMBI;1508;150811;PESERTA DIDIK;JIWA;2023/2024 GANJIL;P;SMK;563
3520;15;JAMBI;1508;150811;PESERTA DIDIK;JIWA;2023/2024 GANJIL;P;SLB;0
3521;15;JAMBI;1508;150814;PESERTA DIDIK;JIWA;2023/2024 GANJIL;L;TK;26
3522;15;JAMBI;1508;150814;PESERTA DIDIK;JIWA;2023/2024 GANJIL;L;KB;163
3523;15;JAMBI;1508;150814;PESERTA DIDIK;JIWA;2023/2024 GANJIL;L;TPA;0
3524;15;JAMBI;1508;150814;PESERTA DIDIK;JIWA;2023/2024 GANJIL;L;SPS;13
3525;15;JAMBI;1508;150814;PESERTA DIDIK;JIWA;2023/2024 GANJIL;L;PKBM;21
3526;15;JAMBI;1508;150814;PESERTA DIDIK;JIWA;2023/2024 GANJIL;L;SKB;0
3527;15;JAMBI;1508;150814;PESERTA DIDIK;JIWA;2023/2024 GANJIL;L;SD;511
3528;15;JAMBI;1508;150814;PESERTA DIDIK;JIWA;2023/2024 GANJIL;L;SMP;66
3529;15;JAMBI;1508;150814;PESERTA DIDIK;JIWA;2023/2024 GANJIL;L;SMA;0
3530;15;JAMBI;1508;150814;PESERTA DIDIK;JIWA;2023/2024 GANJIL;L;SMK;62
3531;15;JAMBI;1508;150814;PESERTA DIDIK;JIWA;2023/2024 GANJIL;L;SLB;0
3532;15;JAMBI;1508;150814;PESERTA DIDIK;JIWA;2023/2024 GANJIL;P;TK;17
3533;15;JAMBI;1508;150814;PESERTA DIDIK;JIWA;2023/2024 GANJIL;P;KB;173
3534;15;JAMBI;1508;150814;PESERTA DIDIK;JIWA;2023/2024 GANJIL;P;TPA;0
3535;15;JAMBI;1508;150814;PESERTA DIDIK;JIWA;2023/2024 GANJIL;P;SPS;15
3536;15;JAMBI;1508;150814;PESERTA DIDIK;JIWA;2023/2024 GANJIL;P;PKBM;26
3537;15;JAMBI;1508;150814;PESERTA DIDIK;JIWA;2023/2024 GANJIL;P;SKB;0
3538;15;JAMBI;1508;150814;PESERTA DIDIK;JIWA;2023/2024 GANJIL;P;SD;504
3539;15;JAMBI;1508;150814;PESERTA DIDIK;JIWA;2023/2024 GANJIL;P;SMP;46
3540;15;JAMBI;1508;150814;PESERTA DIDIK;JIWA;2023/2024 GANJIL;P;SMA;0
3541;15;JAMBI;1508;150814;PESERTA DIDIK;JIWA;2023/2024 GANJIL;P;SMK;42
3542;15;JAMBI;1508;150814;PESERTA DIDIK;JIWA;2023/2024 GANJIL;P;SLB;0
3543;15;JAMBI;1503;150308;PESERTA DIDIK;JIWA;2023/2024 GANJIL;L;TK;283
3544;15;JAMBI;1503;150308;PESERTA DIDIK;JIWA;2023/2024 GANJIL;L;KB;317
3545;15;JAMBI;1503;150308;PESERTA DIDIK;JIWA;2023/2024 GANJIL;L;TPA;0
3546;15;JAMBI;1503;150308;PESERTA DIDIK;JIWA;2023/2024 GANJIL;L;SPS;50
3547;15;JAMBI;1503;150308;PESERTA DIDIK;JIWA;2023/2024 GANJIL;L;PKBM;0
3548;15;JAMBI;1503;150308;PESERTA DIDIK;JIWA;2023/2024 GANJIL;L;SKB;0
3549;15;JAMBI;1503;150308;PESERTA DIDIK;JIWA;2023/2024 GANJIL;L;SD;1.359
3550;15;JAMBI;1503;150308;PESERTA DIDIK;JIWA;2023/2024 GANJIL;L;SMP;302
3551;15;JAMBI;1503;150308;PESERTA DIDIK;JIWA;2023/2024 GANJIL;L;SMA;173
3552;15;JAMBI;1503;150308;PESERTA DIDIK;JIWA;2023/2024 GANJIL;L;SMK;14
3553;15;JAMBI;1503;150308;PESERTA DIDIK;JIWA;2023/2024 GANJIL;L;SLB;0
3554;15;JAMBI;1503;150308;PESERTA DIDIK;JIWA;2023/2024 GANJIL;P;TK;261
3555;15;JAMBI;1503;150308;PESERTA DIDIK;JIWA;2023/2024 GANJIL;P;KB;293
3556;15;JAMBI;1503;150308;PESERTA DIDIK;JIWA;2023/2024 GANJIL;P;TPA;0
3557;15;JAMBI;1503;150308;PESERTA DIDIK;JIWA;2023/2024 GANJIL;P;SPS;40
3558;15;JAMBI;1503;150308;PESERTA DIDIK;JIWA;2023/2024 GANJIL;P;PKBM;0
3559;15;JAMBI;1503;150308;PESERTA DIDIK;JIWA;2023/2024 GANJIL;P;SKB;0
3560;15;JAMBI;1503;150308;PESERTA DIDIK;JIWA;2023/2024 GANJIL;P;SD;1.214
3561;15;JAMBI;1503;150308;PESERTA DIDIK;JIWA;2023/2024 GANJIL;P;SMP;256
3562;15;JAMBI;1503;150308;PESERTA DIDIK;JIWA;2023/2024 GANJIL;P;SMA;155
3563;15;JAMBI;1503;150308;PESERTA DIDIK;JIWA;2023/2024 GANJIL;P;SMK;8
3564;15;JAMBI;1503;150308;PESERTA DIDIK;JIWA;2023/2024 GANJIL;P;SLB;0
3565;15;JAMBI;1508;150810;PESERTA DIDIK;JIWA;2023/2024 GANJIL;L;TK;38
3566;15;JAMBI;1508;150810;PESERTA DIDIK;JIWA;2023/2024 GANJIL;L;KB;142
3567;15;JAMBI;1508;150810;PESERTA DIDIK;JIWA;2023/2024 GANJIL;L;TPA;0
3568;15;JAMBI;1508;150810;PESERTA DIDIK;JIWA;2023/2024 GANJIL;L;SPS;0
3569;15;JAMBI;1508;150810;PESERTA DIDIK;JIWA;2023/2024 GANJIL;L;PKBM;6
3570;15;JAMBI;1508;150810;PESERTA DIDIK;JIWA;2023/2024 GANJIL;L;SKB;0
3571;15;JAMBI;1508;150810;PESERTA DIDIK;JIWA;2023/2024 GANJIL;L;SD;461
3572;15;JAMBI;1508;150810;PESERTA DIDIK;JIWA;2023/2024 GANJIL;L;SMP;100
3573;15;JAMBI;1508;150810;PESERTA DIDIK;JIWA;2023/2024 GANJIL;L;SMA;12
3574;15;JAMBI;1508;150810;PESERTA DIDIK;JIWA;2023/2024 GANJIL;L;SMK;88
3575;15;JAMBI;1508;150810;PESERTA DIDIK;JIWA;2023/2024 GANJIL;L;SLB;0
3576;15;JAMBI;1508;150810;PESERTA DIDIK;JIWA;2023/2024 GANJIL;P;TK;28
3577;15;JAMBI;1508;150810;PESERTA DIDIK;JIWA;2023/2024 GANJIL;P;KB;148
3578;15;JAMBI;1508;150810;PESERTA DIDIK;JIWA;2023/2024 GANJIL;P;TPA;0
3579;15;JAMBI;1508;150810;PESERTA DIDIK;JIWA;2023/2024 GANJIL;P;SPS;0
3580;15;JAMBI;1508;150810;PESERTA DIDIK;JIWA;2023/2024 GANJIL;P;PKBM;5
3581;15;JAMBI;1508;150810;PESERTA DIDIK;JIWA;2023/2024 GANJIL;P;SKB;0
3582;15;JAMBI;1508;150810;PESERTA DIDIK;JIWA;2023/2024 GANJIL;P;SD;479
3583;15;JAMBI;1508;150810;PESERTA DIDIK;JIWA;2023/2024 GANJIL;P;SMP;93
3584;15;JAMBI;1508;150810;PESERTA DIDIK;JIWA;2023/2024 GANJIL;P;SMA;12
3585;15;JAMBI;1508;150810;PESERTA DIDIK;JIWA;2023/2024 GANJIL;P;SMK;64
3586;15;JAMBI;1508;150810;PESERTA DIDIK;JIWA;2023/2024 GANJIL;P;SLB;0
3587;15;JAMBI;1504;150404;PESERTA DIDIK;JIWA;2023/2024 GANJIL;L;TK;331
3588;15;JAMBI;1504;150404;PESERTA DIDIK;JIWA;2023/2024 GANJIL;L;KB;298
3589;15;JAMBI;1504;150404;PESERTA DIDIK;JIWA;2023/2024 GANJIL;L;TPA;0
3590;15;JAMBI;1504;150404;PESERTA DIDIK;JIWA;2023/2024 GANJIL;L;SPS;0
3591;15;JAMBI;1504;150404;PESERTA DIDIK;JIWA;2023/2024 GANJIL;L;PKBM;226
3592;15;JAMBI;1504;150404;PESERTA DIDIK;JIWA;2023/2024 GANJIL;L;SKB;0
3593;15;JAMBI;1504;150404;PESERTA DIDIK;JIWA;2023/2024 GANJIL;L;SD;1.843
3594;15;JAMBI;1504;150404;PESERTA DIDIK;JIWA;2023/2024 GANJIL;L;SMP;452
3595;15;JAMBI;1504;150404;PESERTA DIDIK;JIWA;2023/2024 GANJIL;L;SMA;375
3596;15;JAMBI;1504;150404;PESERTA DIDIK;JIWA;2023/2024 GANJIL;L;SMK;157
3597;15;JAMBI;1504;150404;PESERTA DIDIK;JIWA;2023/2024 GANJIL;L;SLB;0
3598;15;JAMBI;1504;150404;PESERTA DIDIK;JIWA;2023/2024 GANJIL;P;TK;336
3599;15;JAMBI;1504;150404;PESERTA DIDIK;JIWA;2023/2024 GANJIL;P;KB;305
3600;15;JAMBI;1504;150404;PESERTA DIDIK;JIWA;2023/2024 GANJIL;P;TPA;0
3601;15;JAMBI;1504;150404;PESERTA DIDIK;JIWA;2023/2024 GANJIL;P;SPS;0
3602;15;JAMBI;1504;150404;PESERTA DIDIK;JIWA;2023/2024 GANJIL;P;PKBM;197
3603;15;JAMBI;1504;150404;PESERTA DIDIK;JIWA;2023/2024 GANJIL;P;SKB;0
3604;15;JAMBI;1504;150404;PESERTA DIDIK;JIWA;2023/2024 GANJIL;P;SD;1.740
3605;15;JAMBI;1504;150404;PESERTA DIDIK;JIWA;2023/2024 GANJIL;P;SMP;529
3606;15;JAMBI;1504;150404;PESERTA DIDIK;JIWA;2023/2024 GANJIL;P;SMA;384
3607;15;JAMBI;1504;150404;PESERTA DIDIK;JIWA;2023/2024 GANJIL;P;SMK;98
3608;15;JAMBI;1504;150404;PESERTA DIDIK;JIWA;2023/2024 GANJIL;P;SLB;0
3609;15;JAMBI;1507;150711;PESERTA DIDIK;JIWA;2023/2024 GANJIL;L;TK;51
3610;15;JAMBI;1507;150711;PESERTA DIDIK;JIWA;2023/2024 GANJIL;L;KB;211
3611;15;JAMBI;1507;150711;PESERTA DIDIK;JIWA;2023/2024 GANJIL;L;TPA;0
3612;15;JAMBI;1507;150711;PESERTA DIDIK;JIWA;2023/2024 GANJIL;L;SPS;0
3613;15;JAMBI;1507;150711;PESERTA DIDIK;JIWA;2023/2024 GANJIL;L;PKBM;133
3614;15;JAMBI;1507;150711;PESERTA DIDIK;JIWA;2023/2024 GANJIL;L;SKB;0
3615;15;JAMBI;1507;150711;PESERTA DIDIK;JIWA;2023/2024 GANJIL;L;SD;438
3616;15;JAMBI;1507;150711;PESERTA DIDIK;JIWA;2023/2024 GANJIL;L;SMP;205
3617;15;JAMBI;1507;150711;PESERTA DIDIK;JIWA;2023/2024 GANJIL;L;SMA;50
3618;15;JAMBI;1507;150711;PESERTA DIDIK;JIWA;2023/2024 GANJIL;L;SMK;69
3619;15;JAMBI;1507;150711;PESERTA DIDIK;JIWA;2023/2024 GANJIL;L;SLB;0
3620;15;JAMBI;1507;150711;PESERTA DIDIK;JIWA;2023/2024 GANJIL;P;TK;24
3621;15;JAMBI;1507;150711;PESERTA DIDIK;JIWA;2023/2024 GANJIL;P;KB;180
3622;15;JAMBI;1507;150711;PESERTA DIDIK;JIWA;2023/2024 GANJIL;P;TPA;0
3623;15;JAMBI;1507;150711;PESERTA DIDIK;JIWA;2023/2024 GANJIL;P;SPS;0
3624;15;JAMBI;1507;150711;PESERTA DIDIK;JIWA;2023/2024 GANJIL;P;PKBM;82
3625;15;JAMBI;1507;150711;PESERTA DIDIK;JIWA;2023/2024 GANJIL;P;SKB;0
3626;15;JAMBI;1507;150711;PESERTA DIDIK;JIWA;2023/2024 GANJIL;P;SD;365
3627;15;JAMBI;1507;150711;PESERTA DIDIK;JIWA;2023/2024 GANJIL;P;SMP;193
3628;15;JAMBI;1507;150711;PESERTA DIDIK;JIWA;2023/2024 GANJIL;P;SMA;34
3629;15;JAMBI;1507;150711;PESERTA DIDIK;JIWA;2023/2024 GANJIL;P;SMK;85
3630;15;JAMBI;1507;150711;PESERTA DIDIK;JIWA;2023/2024 GANJIL;P;SLB;0
3631;15;JAMBI;1506;150604;PESERTA DIDIK;JIWA;2023/2024 GANJIL;L;TK;43
3632;15;JAMBI;1506;150604;PESERTA DIDIK;JIWA;2023/2024 GANJIL;L;KB;272
3633;15;JAMBI;1506;150604;PESERTA DIDIK;JIWA;2023/2024 GANJIL;L;TPA;0
3634;15;JAMBI;1506;150604;PESERTA DIDIK;JIWA;2023/2024 GANJIL;L;SPS;81
3635;15;JAMBI;1506;150604;PESERTA DIDIK;JIWA;2023/2024 GANJIL;L;PKBM;0
3636;15;JAMBI;1506;150604;PESERTA DIDIK;JIWA;2023/2024 GANJIL;L;SKB;0
3637;15;JAMBI;1506;150604;PESERTA DIDIK;JIWA;2023/2024 GANJIL;L;SD;1.830
3638;15;JAMBI;1506;150604;PESERTA DIDIK;JIWA;2023/2024 GANJIL;L;SMP;499
3639;15;JAMBI;1506;150604;PESERTA DIDIK;JIWA;2023/2024 GANJIL;L;SMA;332
3640;15;JAMBI;1506;150604;PESERTA DIDIK;JIWA;2023/2024 GANJIL;L;SMK;234
3641;15;JAMBI;1506;150604;PESERTA DIDIK;JIWA;2023/2024 GANJIL;L;SLB;0
3642;15;JAMBI;1506;150604;PESERTA DIDIK;JIWA;2023/2024 GANJIL;P;TK;47
3643;15;JAMBI;1506;150604;PESERTA DIDIK;JIWA;2023/2024 GANJIL;P;KB;231
3644;15;JAMBI;1506;150604;PESERTA DIDIK;JIWA;2023/2024 GANJIL;P;TPA;0
3645;15;JAMBI;1506;150604;PESERTA DIDIK;JIWA;2023/2024 GANJIL;P;SPS;67
3646;15;JAMBI;1506;150604;PESERTA DIDIK;JIWA;2023/2024 GANJIL;P;PKBM;0
3647;15;JAMBI;1506;150604;PESERTA DIDIK;JIWA;2023/2024 GANJIL;P;SKB;0
3648;15;JAMBI;1506;150604;PESERTA DIDIK;JIWA;2023/2024 GANJIL;P;SD;1.780
3649;15;JAMBI;1506;150604;PESERTA DIDIK;JIWA;2023/2024 GANJIL;P;SMP;548
3650;15;JAMBI;1506;150604;PESERTA DIDIK;JIWA;2023/2024 GANJIL;P;SMA;437
3651;15;JAMBI;1506;150604;PESERTA DIDIK;JIWA;2023/2024 GANJIL;P;SMK;147
3652;15;JAMBI;1506;150604;PESERTA DIDIK;JIWA;2023/2024 GANJIL;P;SLB;0
3653;15;JAMBI;1506;150611;PESERTA DIDIK;JIWA;2023/2024 GANJIL;L;TK;55
3654;15;JAMBI;1506;150611;PESERTA DIDIK;JIWA;2023/2024 GANJIL;L;KB;175
3655;15;JAMBI;1506;150611;PESERTA DIDIK;JIWA;2023/2024 GANJIL;L;TPA;0
3656;15;JAMBI;1506;150611;PESERTA DIDIK;JIWA;2023/2024 GANJIL;L;SPS;49
3657;15;JAMBI;1506;150611;PESERTA DIDIK;JIWA;2023/2024 GANJIL;L;PKBM;31
3658;15;JAMBI;1506;150611;PESERTA DIDIK;JIWA;2023/2024 GANJIL;L;SKB;0
3659;15;JAMBI;1506;150611;PESERTA DIDIK;JIWA;2023/2024 GANJIL;L;SD;807
3660;15;JAMBI;1506;150611;PESERTA DIDIK;JIWA;2023/2024 GANJIL;L;SMP;34
3661;15;JAMBI;1506;150611;PESERTA DIDIK;JIWA;2023/2024 GANJIL;L;SMA;49
3662;15;JAMBI;1506;150611;PESERTA DIDIK;JIWA;2023/2024 GANJIL;L;SMK;0
3663;15;JAMBI;1506;150611;PESERTA DIDIK;JIWA;2023/2024 GANJIL;L;SLB;0
3664;15;JAMBI;1506;150611;PESERTA DIDIK;JIWA;2023/2024 GANJIL;P;TK;43
3665;15;JAMBI;1506;150611;PESERTA DIDIK;JIWA;2023/2024 GANJIL;P;KB;151
3666;15;JAMBI;1506;150611;PESERTA DIDIK;JIWA;2023/2024 GANJIL;P;TPA;0
3667;15;JAMBI;1506;150611;PESERTA DIDIK;JIWA;2023/2024 GANJIL;P;SPS;33
3668;15;JAMBI;1506;150611;PESERTA DIDIK;JIWA;2023/2024 GANJIL;P;PKBM;27
3669;15;JAMBI;1506;150611;PESERTA DIDIK;JIWA;2023/2024 GANJIL;P;SKB;0
3670;15;JAMBI;1506;150611;PESERTA DIDIK;JIWA;2023/2024 GANJIL;P;SD;702
3671;15;JAMBI;1506;150611;PESERTA DIDIK;JIWA;2023/2024 GANJIL;P;SMP;36
3672;15;JAMBI;1506;150611;PESERTA DIDIK;JIWA;2023/2024 GANJIL;P;SMA;52
3673;15;JAMBI;1506;150611;PESERTA DIDIK;JIWA;2023/2024 GANJIL;P;SMK;0
3674;15;JAMBI;1506;150611;PESERTA DIDIK;JIWA;2023/2024 GANJIL;P;SLB;0
3675;15;JAMBI;1501;150120;PESERTA DIDIK;JIWA;2023/2024 GANJIL;L;TK;71
3676;15;JAMBI;1501;150120;PESERTA DIDIK;JIWA;2023/2024 GANJIL;L;KB;338
3677;15;JAMBI;1501;150120;PESERTA DIDIK;JIWA;2023/2024 GANJIL;L;TPA;0
3678;15;JAMBI;1501;150120;PESERTA DIDIK;JIWA;2023/2024 GANJIL;L;SPS;0
3679;15;JAMBI;1501;150120;PESERTA DIDIK;JIWA;2023/2024 GANJIL;L;PKBM;0
3680;15;JAMBI;1501;150120;PESERTA DIDIK;JIWA;2023/2024 GANJIL;L;SKB;0
3681;15;JAMBI;1501;150120;PESERTA DIDIK;JIWA;2023/2024 GANJIL;L;SD;617
3682;15;JAMBI;1501;150120;PESERTA DIDIK;JIWA;2023/2024 GANJIL;L;SMP;110
3683;15;JAMBI;1501;150120;PESERTA DIDIK;JIWA;2023/2024 GANJIL;L;SMA;114
3684;15;JAMBI;1501;150120;PESERTA DIDIK;JIWA;2023/2024 GANJIL;L;SMK;0
3685;15;JAMBI;1501;150120;PESERTA DIDIK;JIWA;2023/2024 GANJIL;L;SLB;0
3686;15;JAMBI;1501;150120;PESERTA DIDIK;JIWA;2023/2024 GANJIL;P;TK;66
3687;15;JAMBI;1501;150120;PESERTA DIDIK;JIWA;2023/2024 GANJIL;P;KB;297
3688;15;JAMBI;1501;150120;PESERTA DIDIK;JIWA;2023/2024 GANJIL;P;TPA;0
3689;15;JAMBI;1501;150120;PESERTA DIDIK;JIWA;2023/2024 GANJIL;P;SPS;0
3690;15;JAMBI;1501;150120;PESERTA DIDIK;JIWA;2023/2024 GANJIL;P;PKBM;0
3691;15;JAMBI;1501;150120;PESERTA DIDIK;JIWA;2023/2024 GANJIL;P;SKB;0
3692;15;JAMBI;1501;150120;PESERTA DIDIK;JIWA;2023/2024 GANJIL;P;SD;527
3693;15;JAMBI;1501;150120;PESERTA DIDIK;JIWA;2023/2024 GANJIL;P;SMP;143
3694;15;JAMBI;1501;150120;PESERTA DIDIK;JIWA;2023/2024 GANJIL;P;SMA;106
3695;15;JAMBI;1501;150120;PESERTA DIDIK;JIWA;2023/2024 GANJIL;P;SMK;0
3696;15;JAMBI;1501;150120;PESERTA DIDIK;JIWA;2023/2024 GANJIL;P;SLB;0
3697;15;JAMBI;1508;150812;PESERTA DIDIK;JIWA;2023/2024 GANJIL;L;TK;163
3698;15;JAMBI;1508;150812;PESERTA DIDIK;JIWA;2023/2024 GANJIL;L;KB;188
3699;15;JAMBI;1508;150812;PESERTA DIDIK;JIWA;2023/2024 GANJIL;L;TPA;0
3700;15;JAMBI;1508;150812;PESERTA DIDIK;JIWA;2023/2024 GANJIL;L;SPS;57
3701;15;JAMBI;1508;150812;PESERTA DIDIK;JIWA;2023/2024 GANJIL;L;PKBM;336
3702;15;JAMBI;1508;150812;PESERTA DIDIK;JIWA;2023/2024 GANJIL;L;SKB;0
3703;15;JAMBI;1508;150812;PESERTA DIDIK;JIWA;2023/2024 GANJIL;L;SD;1.416
3704;15;JAMBI;1508;150812;PESERTA DIDIK;JIWA;2023/2024 GANJIL;L;SMP;382
3705;15;JAMBI;1508;150812;PESERTA DIDIK;JIWA;2023/2024 GANJIL;L;SMA;0
3706;15;JAMBI;1508;150812;PESERTA DIDIK;JIWA;2023/2024 GANJIL;L;SMK;227
3707;15;JAMBI;1508;150812;PESERTA DIDIK;JIWA;2023/2024 GANJIL;L;SLB;0
3708;15;JAMBI;1508;150812;PESERTA DIDIK;JIWA;2023/2024 GANJIL;P;TK;152
3709;15;JAMBI;1508;150812;PESERTA DIDIK;JIWA;2023/2024 GANJIL;P;KB;176
3710;15;JAMBI;1508;150812;PESERTA DIDIK;JIWA;2023/2024 GANJIL;P;TPA;0
3711;15;JAMBI;1508;150812;PESERTA DIDIK;JIWA;2023/2024 GANJIL;P;SPS;55
3712;15;JAMBI;1508;150812;PESERTA DIDIK;JIWA;2023/2024 GANJIL;P;PKBM;240
3713;15;JAMBI;1508;150812;PESERTA DIDIK;JIWA;2023/2024 GANJIL;P;SKB;0
3714;15;JAMBI;1508;150812;PESERTA DIDIK;JIWA;2023/2024 GANJIL;P;SD;1.316
3715;15;JAMBI;1508;150812;PESERTA DIDIK;JIWA;2023/2024 GANJIL;P;SMP;423
3716;15;JAMBI;1508;150812;PESERTA DIDIK;JIWA;2023/2024 GANJIL;P;SMA;0
3717;15;JAMBI;1508;150812;PESERTA DIDIK;JIWA;2023/2024 GANJIL;P;SMK;366
3718;15;JAMBI;1508;150812;PESERTA DIDIK;JIWA;2023/2024 GANJIL;P;SLB;0
3719;15;JAMBI;1503;150310;PESERTA DIDIK;JIWA;2023/2024 GANJIL;L;TK;187
3720;15;JAMBI;1503;150310;PESERTA DIDIK;JIWA;2023/2024 GANJIL;L;KB;313
3721;15;JAMBI;1503;150310;PESERTA DIDIK;JIWA;2023/2024 GANJIL;L;TPA;0
3722;15;JAMBI;1503;150310;PESERTA DIDIK;JIWA;2023/2024 GANJIL;L;SPS;0
3723;15;JAMBI;1503;150310;PESERTA DIDIK;JIWA;2023/2024 GANJIL;L;PKBM;194
3724;15;JAMBI;1503;150310;PESERTA DIDIK;JIWA;2023/2024 GANJIL;L;SKB;0
3725;15;JAMBI;1503;150310;PESERTA DIDIK;JIWA;2023/2024 GANJIL;L;SD;915
3726;15;JAMBI;1503;150310;PESERTA DIDIK;JIWA;2023/2024 GANJIL;L;SMP;179
3727;15;JAMBI;1503;150310;PESERTA DIDIK;JIWA;2023/2024 GANJIL;L;SMA;101
3728;15;JAMBI;1503;150310;PESERTA DIDIK;JIWA;2023/2024 GANJIL;L;SMK;39
3729;15;JAMBI;1503;150310;PESERTA DIDIK;JIWA;2023/2024 GANJIL;L;SLB;0
3730;15;JAMBI;1503;150310;PESERTA DIDIK;JIWA;2023/2024 GANJIL;P;TK;147
3731;15;JAMBI;1503;150310;PESERTA DIDIK;JIWA;2023/2024 GANJIL;P;KB;290
3732;15;JAMBI;1503;150310;PESERTA DIDIK;JIWA;2023/2024 GANJIL;P;TPA;0
3733;15;JAMBI;1503;150310;PESERTA DIDIK;JIWA;2023/2024 GANJIL;P;SPS;0
3734;15;JAMBI;1503;150310;PESERTA DIDIK;JIWA;2023/2024 GANJIL;P;PKBM;122
3735;15;JAMBI;1503;150310;PESERTA DIDIK;JIWA;2023/2024 GANJIL;P;SKB;0
3736;15;JAMBI;1503;150310;PESERTA DIDIK;JIWA;2023/2024 GANJIL;P;SD;864
3737;15;JAMBI;1503;150310;PESERTA DIDIK;JIWA;2023/2024 GANJIL;P;SMP;147
3738;15;JAMBI;1503;150310;PESERTA DIDIK;JIWA;2023/2024 GANJIL;P;SMA;81
3739;15;JAMBI;1503;150310;PESERTA DIDIK;JIWA;2023/2024 GANJIL;P;SMK;26
3740;15;JAMBI;1503;150310;PESERTA DIDIK;JIWA;2023/2024 GANJIL;P;SLB;0
3741;15;JAMBI;1501;150102;PESERTA DIDIK;JIWA;2023/2024 GANJIL;L;TK;76
3742;15;JAMBI;1501;150102;PESERTA DIDIK;JIWA;2023/2024 GANJIL;L;KB;228
3743;15;JAMBI;1501;150102;PESERTA DIDIK;JIWA;2023/2024 GANJIL;L;TPA;0
3744;15;JAMBI;1501;150102;PESERTA DIDIK;JIWA;2023/2024 GANJIL;L;SPS;0
3745;15;JAMBI;1501;150102;PESERTA DIDIK;JIWA;2023/2024 GANJIL;L;PKBM;29
3746;15;JAMBI;1501;150102;PESERTA DIDIK;JIWA;2023/2024 GANJIL;L;SKB;0
3747;15;JAMBI;1501;150102;PESERTA DIDIK;JIWA;2023/2024 GANJIL;L;SD;758
3748;15;JAMBI;1501;150102;PESERTA DIDIK;JIWA;2023/2024 GANJIL;L;SMP;298
3749;15;JAMBI;1501;150102;PESERTA DIDIK;JIWA;2023/2024 GANJIL;L;SMA;252
3750;15;JAMBI;1501;150102;PESERTA DIDIK;JIWA;2023/2024 GANJIL;L;SMK;107
3751;15;JAMBI;1501;150102;PESERTA DIDIK;JIWA;2023/2024 GANJIL;L;SLB;0
3752;15;JAMBI;1501;150102;PESERTA DIDIK;JIWA;2023/2024 GANJIL;P;TK;82
3753;15;JAMBI;1501;150102;PESERTA DIDIK;JIWA;2023/2024 GANJIL;P;KB;222
3754;15;JAMBI;1501;150102;PESERTA DIDIK;JIWA;2023/2024 GANJIL;P;TPA;0
3755;15;JAMBI;1501;150102;PESERTA DIDIK;JIWA;2023/2024 GANJIL;P;SPS;0
3756;15;JAMBI;1501;150102;PESERTA DIDIK;JIWA;2023/2024 GANJIL;P;PKBM;25
3757;15;JAMBI;1501;150102;PESERTA DIDIK;JIWA;2023/2024 GANJIL;P;SKB;0
3758;15;JAMBI;1501;150102;PESERTA DIDIK;JIWA;2023/2024 GANJIL;P;SD;599
3759;15;JAMBI;1501;150102;PESERTA DIDIK;JIWA;2023/2024 GANJIL;P;SMP;305
3760;15;JAMBI;1501;150102;PESERTA DIDIK;JIWA;2023/2024 GANJIL;P;SMA;261
3761;15;JAMBI;1501;150102;PESERTA DIDIK;JIWA;2023/2024 GANJIL;P;SMK;51
3762;15;JAMBI;1501;150102;PESERTA DIDIK;JIWA;2023/2024 GANJIL;P;SLB;0
3763;15;JAMBI;1571;157110;PESERTA DIDIK;JIWA;2023/2024 GANJIL;L;TK;395
3764;15;JAMBI;1571;157110;PESERTA DIDIK;JIWA;2023/2024 GANJIL;L;KB;144
3765;15;JAMBI;1571;157110;PESERTA DIDIK;JIWA;2023/2024 GANJIL;L;TPA;12
3766;15;JAMBI;1571;157110;PESERTA DIDIK;JIWA;2023/2024 GANJIL;L;SPS;20
3767;15;JAMBI;1571;157110;PESERTA DIDIK;JIWA;2023/2024 GANJIL;L;PKBM;0
3768;15;JAMBI;1571;157110;PESERTA DIDIK;JIWA;2023/2024 GANJIL;L;SKB;0
3769;15;JAMBI;1571;157110;PESERTA DIDIK;JIWA;2023/2024 GANJIL;L;SD;1.819
3770;15;JAMBI;1571;157110;PESERTA DIDIK;JIWA;2023/2024 GANJIL;L;SMP;918
3771;15;JAMBI;1571;157110;PESERTA DIDIK;JIWA;2023/2024 GANJIL;L;SMA;1.112
3772;15;JAMBI;1571;157110;PESERTA DIDIK;JIWA;2023/2024 GANJIL;L;SMK;618
3773;15;JAMBI;1571;157110;PESERTA DIDIK;JIWA;2023/2024 GANJIL;L;SLB;85
3774;15;JAMBI;1571;157110;PESERTA DIDIK;JIWA;2023/2024 GANJIL;P;TK;368
3775;15;JAMBI;1571;157110;PESERTA DIDIK;JIWA;2023/2024 GANJIL;P;KB;161
3776;15;JAMBI;1571;157110;PESERTA DIDIK;JIWA;2023/2024 GANJIL;P;TPA;13
3777;15;JAMBI;1571;157110;PESERTA DIDIK;JIWA;2023/2024 GANJIL;P;SPS;24
3778;15;JAMBI;1571;157110;PESERTA DIDIK;JIWA;2023/2024 GANJIL;P;PKBM;0
3779;15;JAMBI;1571;157110;PESERTA DIDIK;JIWA;2023/2024 GANJIL;P;SKB;0
3780;15;JAMBI;1571;157110;PESERTA DIDIK;JIWA;2023/2024 GANJIL;P;SD;1.697
3781;15;JAMBI;1571;157110;PESERTA DIDIK;JIWA;2023/2024 GANJIL;P;SMP;995
3782;15;JAMBI;1571;157110;PESERTA DIDIK;JIWA;2023/2024 GANJIL;P;SMA;1.155
3783;15;JAMBI;1571;157110;PESERTA DIDIK;JIWA;2023/2024 GANJIL;P;SMK;1.378
3784;15;JAMBI;1571;157110;PESERTA DIDIK;JIWA;2023/2024 GANJIL;P;SLB;47
3785;15;JAMBI;1571;157106;PESERTA DIDIK;JIWA;2023/2024 GANJIL;L;TK;26
3786;15;JAMBI;1571;157106;PESERTA DIDIK;JIWA;2023/2024 GANJIL;L;KB;56
3787;15;JAMBI;1571;157106;PESERTA DIDIK;JIWA;2023/2024 GANJIL;L;TPA;0
3788;15;JAMBI;1571;157106;PESERTA DIDIK;JIWA;2023/2024 GANJIL;L;SPS;0
3789;15;JAMBI;1571;157106;PESERTA DIDIK;JIWA;2023/2024 GANJIL;L;PKBM;0
3790;15;JAMBI;1571;157106;PESERTA DIDIK;JIWA;2023/2024 GANJIL;L;SKB;0
3791;15;JAMBI;1571;157106;PESERTA DIDIK;JIWA;2023/2024 GANJIL;L;SD;520
3792;15;JAMBI;1571;157106;PESERTA DIDIK;JIWA;2023/2024 GANJIL;L;SMP;151
3793;15;JAMBI;1571;157106;PESERTA DIDIK;JIWA;2023/2024 GANJIL;L;SMA;219
3794;15;JAMBI;1571;157106;PESERTA DIDIK;JIWA;2023/2024 GANJIL;L;SMK;318
3795;15;JAMBI;1571;157106;PESERTA DIDIK;JIWA;2023/2024 GANJIL;L;SLB;0
3796;15;JAMBI;1571;157106;PESERTA DIDIK;JIWA;2023/2024 GANJIL;P;TK;37
3797;15;JAMBI;1571;157106;PESERTA DIDIK;JIWA;2023/2024 GANJIL;P;KB;60
3798;15;JAMBI;1571;157106;PESERTA DIDIK;JIWA;2023/2024 GANJIL;P;TPA;0
3799;15;JAMBI;1571;157106;PESERTA DIDIK;JIWA;2023/2024 GANJIL;P;SPS;0
3800;15;JAMBI;1571;157106;PESERTA DIDIK;JIWA;2023/2024 GANJIL;P;PKBM;0
3801;15;JAMBI;1571;157106;PESERTA DIDIK;JIWA;2023/2024 GANJIL;P;SKB;0
3802;15;JAMBI;1571;157106;PESERTA DIDIK;JIWA;2023/2024 GANJIL;P;SD;506
3803;15;JAMBI;1571;157106;PESERTA DIDIK;JIWA;2023/2024 GANJIL;P;SMP;179
3804;15;JAMBI;1571;157106;PESERTA DIDIK;JIWA;2023/2024 GANJIL;P;SMA;251
3805;15;JAMBI;1571;157106;PESERTA DIDIK;JIWA;2023/2024 GANJIL;P;SMK;183
3806;15;JAMBI;1571;157106;PESERTA DIDIK;JIWA;2023/2024 GANJIL;P;SLB;0
3807;15;JAMBI;1507;150706;PESERTA DIDIK;JIWA;2023/2024 GANJIL;L;TK;75
3808;15;JAMBI;1507;150706;PESERTA DIDIK;JIWA;2023/2024 GANJIL;L;KB;238
3809;15;JAMBI;1507;150706;PESERTA DIDIK;JIWA;2023/2024 GANJIL;L;TPA;0
3810;15;JAMBI;1507;150706;PESERTA DIDIK;JIWA;2023/2024 GANJIL;L;SPS;0
3811;15;JAMBI;1507;150706;PESERTA DIDIK;JIWA;2023/2024 GANJIL;L;PKBM;21
3812;15;JAMBI;1507;150706;PESERTA DIDIK;JIWA;2023/2024 GANJIL;L;SKB;0
3813;15;JAMBI;1507;150706;PESERTA DIDIK;JIWA;2023/2024 GANJIL;L;SD;701
3814;15;JAMBI;1507;150706;PESERTA DIDIK;JIWA;2023/2024 GANJIL;L;SMP;220
3815;15;JAMBI;1507;150706;PESERTA DIDIK;JIWA;2023/2024 GANJIL;L;SMA;100
3816;15;JAMBI;1507;150706;PESERTA DIDIK;JIWA;2023/2024 GANJIL;L;SMK;138
3817;15;JAMBI;1507;150706;PESERTA DIDIK;JIWA;2023/2024 GANJIL;L;SLB;0
3818;15;JAMBI;1507;150706;PESERTA DIDIK;JIWA;2023/2024 GANJIL;P;TK;62
3819;15;JAMBI;1507;150706;PESERTA DIDIK;JIWA;2023/2024 GANJIL;P;KB;253
3820;15;JAMBI;1507;150706;PESERTA DIDIK;JIWA;2023/2024 GANJIL;P;TPA;0
3821;15;JAMBI;1507;150706;PESERTA DIDIK;JIWA;2023/2024 GANJIL;P;SPS;0
3822;15;JAMBI;1507;150706;PESERTA DIDIK;JIWA;2023/2024 GANJIL;P;PKBM;24
3823;15;JAMBI;1507;150706;PESERTA DIDIK;JIWA;2023/2024 GANJIL;P;SKB;0
3824;15;JAMBI;1507;150706;PESERTA DIDIK;JIWA;2023/2024 GANJIL;P;SD;681
3825;15;JAMBI;1507;150706;PESERTA DIDIK;JIWA;2023/2024 GANJIL;P;SMP;229
3826;15;JAMBI;1507;150706;PESERTA DIDIK;JIWA;2023/2024 GANJIL;P;SMA;157
3827;15;JAMBI;1507;150706;PESERTA DIDIK;JIWA;2023/2024 GANJIL;P;SMK;50
3828;15;JAMBI;1507;150706;PESERTA DIDIK;JIWA;2023/2024 GANJIL;P;SLB;0
3829;15;JAMBI;1501;150117;PESERTA DIDIK;JIWA;2023/2024 GANJIL;L;TK;89
3830;15;JAMBI;1501;150117;PESERTA DIDIK;JIWA;2023/2024 GANJIL;L;KB;361
3831;15;JAMBI;1501;150117;PESERTA DIDIK;JIWA;2023/2024 GANJIL;L;TPA;0
3832;15;JAMBI;1501;150117;PESERTA DIDIK;JIWA;2023/2024 GANJIL;L;SPS;64
3833;15;JAMBI;1501;150117;PESERTA DIDIK;JIWA;2023/2024 GANJIL;L;PKBM;27
3834;15;JAMBI;1501;150117;PESERTA DIDIK;JIWA;2023/2024 GANJIL;L;SKB;0
3835;15;JAMBI;1501;150117;PESERTA DIDIK;JIWA;2023/2024 GANJIL;L;SD;611
3836;15;JAMBI;1501;150117;PESERTA DIDIK;JIWA;2023/2024 GANJIL;L;SMP;92
3837;15;JAMBI;1501;150117;PESERTA DIDIK;JIWA;2023/2024 GANJIL;L;SMA;0
3838;15;JAMBI;1501;150117;PESERTA DIDIK;JIWA;2023/2024 GANJIL;L;SMK;40
3839;15;JAMBI;1501;150117;PESERTA DIDIK;JIWA;2023/2024 GANJIL;L;SLB;0
3840;15;JAMBI;1501;150117;PESERTA DIDIK;JIWA;2023/2024 GANJIL;P;TK;102
3841;15;JAMBI;1501;150117;PESERTA DIDIK;JIWA;2023/2024 GANJIL;P;KB;360
3842;15;JAMBI;1501;150117;PESERTA DIDIK;JIWA;2023/2024 GANJIL;P;TPA;0
3843;15;JAMBI;1501;150117;PESERTA DIDIK;JIWA;2023/2024 GANJIL;P;SPS;67
3844;15;JAMBI;1501;150117;PESERTA DIDIK;JIWA;2023/2024 GANJIL;P;PKBM;47
3845;15;JAMBI;1501;150117;PESERTA DIDIK;JIWA;2023/2024 GANJIL;P;SKB;0
3846;15;JAMBI;1501;150117;PESERTA DIDIK;JIWA;2023/2024 GANJIL;P;SD;584
3847;15;JAMBI;1501;150117;PESERTA DIDIK;JIWA;2023/2024 GANJIL;P;SMP;61
3848;15;JAMBI;1501;150117;PESERTA DIDIK;JIWA;2023/2024 GANJIL;P;SMA;0
3849;15;JAMBI;1501;150117;PESERTA DIDIK;JIWA;2023/2024 GANJIL;P;SMK;62
3850;15;JAMBI;1501;150117;PESERTA DIDIK;JIWA;2023/2024 GANJIL;P;SLB;0
3851;15;JAMBI;1507;150710;PESERTA DIDIK;JIWA;2023/2024 GANJIL;L;TK;125
3852;15;JAMBI;1507;150710;PESERTA DIDIK;JIWA;2023/2024 GANJIL;L;KB;284
3853;15;JAMBI;1507;150710;PESERTA DIDIK;JIWA;2023/2024 GANJIL;L;TPA;0
3854;15;JAMBI;1507;150710;PESERTA DIDIK;JIWA;2023/2024 GANJIL;L;SPS;0
3855;15;JAMBI;1507;150710;PESERTA DIDIK;JIWA;2023/2024 GANJIL;L;PKBM;0
3856;15;JAMBI;1507;150710;PESERTA DIDIK;JIWA;2023/2024 GANJIL;L;SKB;0
3857;15;JAMBI;1507;150710;PESERTA DIDIK;JIWA;2023/2024 GANJIL;L;SD;1.402
3858;15;JAMBI;1507;150710;PESERTA DIDIK;JIWA;2023/2024 GANJIL;L;SMP;461
3859;15;JAMBI;1507;150710;PESERTA DIDIK;JIWA;2023/2024 GANJIL;L;SMA;389
3860;15;JAMBI;1507;150710;PESERTA DIDIK;JIWA;2023/2024 GANJIL;L;SMK;0
3861;15;JAMBI;1507;150710;PESERTA DIDIK;JIWA;2023/2024 GANJIL;L;SLB;0
3862;15;JAMBI;1507;150710;PESERTA DIDIK;JIWA;2023/2024 GANJIL;P;TK;131
3863;15;JAMBI;1507;150710;PESERTA DIDIK;JIWA;2023/2024 GANJIL;P;KB;331
3864;15;JAMBI;1507;150710;PESERTA DIDIK;JIWA;2023/2024 GANJIL;P;TPA;0
3865;15;JAMBI;1507;150710;PESERTA DIDIK;JIWA;2023/2024 GANJIL;P;SPS;0
3866;15;JAMBI;1507;150710;PESERTA DIDIK;JIWA;2023/2024 GANJIL;P;PKBM;0
3867;15;JAMBI;1507;150710;PESERTA DIDIK;JIWA;2023/2024 GANJIL;P;SKB;0
3868;15;JAMBI;1507;150710;PESERTA DIDIK;JIWA;2023/2024 GANJIL;P;SD;1.426
3869;15;JAMBI;1507;150710;PESERTA DIDIK;JIWA;2023/2024 GANJIL;P;SMP;410
3870;15;JAMBI;1507;150710;PESERTA DIDIK;JIWA;2023/2024 GANJIL;P;SMA;462
3871;15;JAMBI;1507;150710;PESERTA DIDIK;JIWA;2023/2024 GANJIL;P;SMK;0
3872;15;JAMBI;1507;150710;PESERTA DIDIK;JIWA;2023/2024 GANJIL;P;SLB;0
3873;15;JAMBI;1501;150106;PESERTA DIDIK;JIWA;2023/2024 GANJIL;L;TK;13
3874;15;JAMBI;1501;150106;PESERTA DIDIK;JIWA;2023/2024 GANJIL;L;KB;487
3875;15;JAMBI;1501;150106;PESERTA DIDIK;JIWA;2023/2024 GANJIL;L;TPA;0
3876;15;JAMBI;1501;150106;PESERTA DIDIK;JIWA;2023/2024 GANJIL;L;SPS;0
3877;15;JAMBI;1501;150106;PESERTA DIDIK;JIWA;2023/2024 GANJIL;L;PKBM;201
3878;15;JAMBI;1501;150106;PESERTA DIDIK;JIWA;2023/2024 GANJIL;L;SKB;0
3879;15;JAMBI;1501;150106;PESERTA DIDIK;JIWA;2023/2024 GANJIL;L;SD;640
3880;15;JAMBI;1501;150106;PESERTA DIDIK;JIWA;2023/2024 GANJIL;L;SMP;196
3881;15;JAMBI;1501;150106;PESERTA DIDIK;JIWA;2023/2024 GANJIL;L;SMA;100
3882;15;JAMBI;1501;150106;PESERTA DIDIK;JIWA;2023/2024 GANJIL;L;SMK;0
3883;15;JAMBI;1501;150106;PESERTA DIDIK;JIWA;2023/2024 GANJIL;L;SLB;14
3884;15;JAMBI;1501;150106;PESERTA DIDIK;JIWA;2023/2024 GANJIL;P;TK;18
3885;15;JAMBI;1501;150106;PESERTA DIDIK;JIWA;2023/2024 GANJIL;P;KB;421
3886;15;JAMBI;1501;150106;PESERTA DIDIK;JIWA;2023/2024 GANJIL;P;TPA;0
3887;15;JAMBI;1501;150106;PESERTA DIDIK;JIWA;2023/2024 GANJIL;P;SPS;0
3888;15;JAMBI;1501;150106;PESERTA DIDIK;JIWA;2023/2024 GANJIL;P;PKBM;177
3889;15;JAMBI;1501;150106;PESERTA DIDIK;JIWA;2023/2024 GANJIL;P;SKB;0
3890;15;JAMBI;1501;150106;PESERTA DIDIK;JIWA;2023/2024 GANJIL;P;SD;566
3891;15;JAMBI;1501;150106;PESERTA DIDIK;JIWA;2023/2024 GANJIL;P;SMP;161
3892;15;JAMBI;1501;150106;PESERTA DIDIK;JIWA;2023/2024 GANJIL;P;SMA;108
3893;15;JAMBI;1501;150106;PESERTA DIDIK;JIWA;2023/2024 GANJIL;P;SMK;0
3894;15;JAMBI;1501;150106;PESERTA DIDIK;JIWA;2023/2024 GANJIL;P;SLB;12
3895;15;JAMBI;1501;150101;PESERTA DIDIK;JIWA;2023/2024 GANJIL;L;TK;47
3896;15;JAMBI;1501;150101;PESERTA DIDIK;JIWA;2023/2024 GANJIL;L;KB;166
3897;15;JAMBI;1501;150101;PESERTA DIDIK;JIWA;2023/2024 GANJIL;L;TPA;0
3898;15;JAMBI;1501;150101;PESERTA DIDIK;JIWA;2023/2024 GANJIL;L;SPS;27
3899;15;JAMBI;1501;150101;PESERTA DIDIK;JIWA;2023/2024 GANJIL;L;PKBM;0
3900;15;JAMBI;1501;150101;PESERTA DIDIK;JIWA;2023/2024 GANJIL;L;SKB;0
3901;15;JAMBI;1501;150101;PESERTA DIDIK;JIWA;2023/2024 GANJIL;L;SD;474
3902;15;JAMBI;1501;150101;PESERTA DIDIK;JIWA;2023/2024 GANJIL;L;SMP;127
3903;15;JAMBI;1501;150101;PESERTA DIDIK;JIWA;2023/2024 GANJIL;L;SMA;96
3904;15;JAMBI;1501;150101;PESERTA DIDIK;JIWA;2023/2024 GANJIL;L;SMK;0
3905;15;JAMBI;1501;150101;PESERTA DIDIK;JIWA;2023/2024 GANJIL;L;SLB;0
3906;15;JAMBI;1501;150101;PESERTA DIDIK;JIWA;2023/2024 GANJIL;P;TK;41
3907;15;JAMBI;1501;150101;PESERTA DIDIK;JIWA;2023/2024 GANJIL;P;KB;163
3908;15;JAMBI;1501;150101;PESERTA DIDIK;JIWA;2023/2024 GANJIL;P;TPA;0
3909;15;JAMBI;1501;150101;PESERTA DIDIK;JIWA;2023/2024 GANJIL;P;SPS;34
3910;15;JAMBI;1501;150101;PESERTA DIDIK;JIWA;2023/2024 GANJIL;P;PKBM;0
3911;15;JAMBI;1501;150101;PESERTA DIDIK;JIWA;2023/2024 GANJIL;P;SKB;0
3912;15;JAMBI;1501;150101;PESERTA DIDIK;JIWA;2023/2024 GANJIL;P;SD;413
3913;15;JAMBI;1501;150101;PESERTA DIDIK;JIWA;2023/2024 GANJIL;P;SMP;134
3914;15;JAMBI;1501;150101;PESERTA DIDIK;JIWA;2023/2024 GANJIL;P;SMA;90
3915;15;JAMBI;1501;150101;PESERTA DIDIK;JIWA;2023/2024 GANJIL;P;SMK;0
3916;15;JAMBI;1501;150101;PESERTA DIDIK;JIWA;2023/2024 GANJIL;P;SLB;0
3917;15;JAMBI;1501;150115;PESERTA DIDIK;JIWA;2023/2024 GANJIL;L;TK;38
3918;15;JAMBI;1501;150115;PESERTA DIDIK;JIWA;2023/2024 GANJIL;L;KB;296
3919;15;JAMBI;1501;150115;PESERTA DIDIK;JIWA;2023/2024 GANJIL;L;TPA;0
3920;15;JAMBI;1501;150115;PESERTA DIDIK;JIWA;2023/2024 GANJIL;L;SPS;0
3921;15;JAMBI;1501;150115;PESERTA DIDIK;JIWA;2023/2024 GANJIL;L;PKBM;81
3922;15;JAMBI;1501;150115;PESERTA DIDIK;JIWA;2023/2024 GANJIL;L;SKB;0
3923;15;JAMBI;1501;150115;PESERTA DIDIK;JIWA;2023/2024 GANJIL;L;SD;1.094
3924;15;JAMBI;1501;150115;PESERTA DIDIK;JIWA;2023/2024 GANJIL;L;SMP;249
3925;15;JAMBI;1501;150115;PESERTA DIDIK;JIWA;2023/2024 GANJIL;L;SMA;0
3926;15;JAMBI;1501;150115;PESERTA DIDIK;JIWA;2023/2024 GANJIL;L;SMK;112
3927;15;JAMBI;1501;150115;PESERTA DIDIK;JIWA;2023/2024 GANJIL;L;SLB;0
3928;15;JAMBI;1501;150115;PESERTA DIDIK;JIWA;2023/2024 GANJIL;P;TK;39
3929;15;JAMBI;1501;150115;PESERTA DIDIK;JIWA;2023/2024 GANJIL;P;KB;294
3930;15;JAMBI;1501;150115;PESERTA DIDIK;JIWA;2023/2024 GANJIL;P;TPA;0
3931;15;JAMBI;1501;150115;PESERTA DIDIK;JIWA;2023/2024 GANJIL;P;SPS;0
3932;15;JAMBI;1501;150115;PESERTA DIDIK;JIWA;2023/2024 GANJIL;P;PKBM;68
3933;15;JAMBI;1501;150115;PESERTA DIDIK;JIWA;2023/2024 GANJIL;P;SKB;0
3934;15;JAMBI;1501;150115;PESERTA DIDIK;JIWA;2023/2024 GANJIL;P;SD;1.044
3935;15;JAMBI;1501;150115;PESERTA DIDIK;JIWA;2023/2024 GANJIL;P;SMP;230
3936;15;JAMBI;1501;150115;PESERTA DIDIK;JIWA;2023/2024 GANJIL;P;SMA;0
3937;15;JAMBI;1501;150115;PESERTA DIDIK;JIWA;2023/2024 GANJIL;P;SMK;74
3938;15;JAMBI;1501;150115;PESERTA DIDIK;JIWA;2023/2024 GANJIL;P;SLB;0
3939;15;JAMBI;1572;157203;PESERTA DIDIK;JIWA;2023/2024 GANJIL;L;TK;83
3940;15;JAMBI;1572;157203;PESERTA DIDIK;JIWA;2023/2024 GANJIL;L;KB;263
3941;15;JAMBI;1572;157203;PESERTA DIDIK;JIWA;2023/2024 GANJIL;L;TPA;0
3942;15;JAMBI;1572;157203;PESERTA DIDIK;JIWA;2023/2024 GANJIL;L;SPS;126
3943;15;JAMBI;1572;157203;PESERTA DIDIK;JIWA;2023/2024 GANJIL;L;PKBM;49
3944;15;JAMBI;1572;157203;PESERTA DIDIK;JIWA;2023/2024 GANJIL;L;SKB;0
3945;15;JAMBI;1572;157203;PESERTA DIDIK;JIWA;2023/2024 GANJIL;L;SD;467
3946;15;JAMBI;1572;157203;PESERTA DIDIK;JIWA;2023/2024 GANJIL;L;SMP;183
3947;15;JAMBI;1572;157203;PESERTA DIDIK;JIWA;2023/2024 GANJIL;L;SMA;118
3948;15;JAMBI;1572;157203;PESERTA DIDIK;JIWA;2023/2024 GANJIL;L;SMK;0
3949;15;JAMBI;1572;157203;PESERTA DIDIK;JIWA;2023/2024 GANJIL;L;SLB;0
3950;15;JAMBI;1572;157203;PESERTA DIDIK;JIWA;2023/2024 GANJIL;P;TK;95
3951;15;JAMBI;1572;157203;PESERTA DIDIK;JIWA;2023/2024 GANJIL;P;KB;246
3952;15;JAMBI;1572;157203;PESERTA DIDIK;JIWA;2023/2024 GANJIL;P;TPA;0
3953;15;JAMBI;1572;157203;PESERTA DIDIK;JIWA;2023/2024 GANJIL;P;SPS;122
3954;15;JAMBI;1572;157203;PESERTA DIDIK;JIWA;2023/2024 GANJIL;P;PKBM;31
3955;15;JAMBI;1572;157203;PESERTA DIDIK;JIWA;2023/2024 GANJIL;P;SKB;0
3956;15;JAMBI;1572;157203;PESERTA DIDIK;JIWA;2023/2024 GANJIL;P;SD;420
3957;15;JAMBI;1572;157203;PESERTA DIDIK;JIWA;2023/2024 GANJIL;P;SMP;147
3958;15;JAMBI;1572;157203;PESERTA DIDIK;JIWA;2023/2024 GANJIL;P;SMA;64
3959;15;JAMBI;1572;157203;PESERTA DIDIK;JIWA;2023/2024 GANJIL;P;SMK;0
3960;15;JAMBI;1572;157203;PESERTA DIDIK;JIWA;2023/2024 GANJIL;P;SLB;0
3961;15;JAMBI;1505;150501;PESERTA DIDIK;JIWA;2023/2024 GANJIL;L;TK;617
3962;15;JAMBI;1505;150501;PESERTA DIDIK;JIWA;2023/2024 GANJIL;L;KB;153
3963;15;JAMBI;1505;150501;PESERTA DIDIK;JIWA;2023/2024 GANJIL;L;TPA;29
3964;15;JAMBI;1505;150501;PESERTA DIDIK;JIWA;2023/2024 GANJIL;L;SPS;31
3965;15;JAMBI;1505;150501;PESERTA DIDIK;JIWA;2023/2024 GANJIL;L;PKBM;127
3966;15;JAMBI;1505;150501;PESERTA DIDIK;JIWA;2023/2024 GANJIL;L;SKB;0
3967;15;JAMBI;1505;150501;PESERTA DIDIK;JIWA;2023/2024 GANJIL;L;SD;3.113
3968;15;JAMBI;1505;150501;PESERTA DIDIK;JIWA;2023/2024 GANJIL;L;SMP;954
3969;15;JAMBI;1505;150501;PESERTA DIDIK;JIWA;2023/2024 GANJIL;L;SMA;1.319
3970;15;JAMBI;1505;150501;PESERTA DIDIK;JIWA;2023/2024 GANJIL;L;SMK;391
3971;15;JAMBI;1505;150501;PESERTA DIDIK;JIWA;2023/2024 GANJIL;L;SLB;13
3972;15;JAMBI;1505;150501;PESERTA DIDIK;JIWA;2023/2024 GANJIL;P;TK;574
3973;15;JAMBI;1505;150501;PESERTA DIDIK;JIWA;2023/2024 GANJIL;P;KB;161
3974;15;JAMBI;1505;150501;PESERTA DIDIK;JIWA;2023/2024 GANJIL;P;TPA;30
3975;15;JAMBI;1505;150501;PESERTA DIDIK;JIWA;2023/2024 GANJIL;P;SPS;39
3976;15;JAMBI;1505;150501;PESERTA DIDIK;JIWA;2023/2024 GANJIL;P;PKBM;44
3977;15;JAMBI;1505;150501;PESERTA DIDIK;JIWA;2023/2024 GANJIL;P;SKB;0
3978;15;JAMBI;1505;150501;PESERTA DIDIK;JIWA;2023/2024 GANJIL;P;SD;2.940
3979;15;JAMBI;1505;150501;PESERTA DIDIK;JIWA;2023/2024 GANJIL;P;SMP;1.003
3980;15;JAMBI;1505;150501;PESERTA DIDIK;JIWA;2023/2024 GANJIL;P;SMA;1.498
3981;15;JAMBI;1505;150501;PESERTA DIDIK;JIWA;2023/2024 GANJIL;P;SMK;183
3982;15;JAMBI;1505;150501;PESERTA DIDIK;JIWA;2023/2024 GANJIL;P;SLB;6
3983;15;JAMBI;1571;157102;PESERTA DIDIK;JIWA;2023/2024 GANJIL;L;TK;462
3984;15;JAMBI;1571;157102;PESERTA DIDIK;JIWA;2023/2024 GANJIL;L;KB;221
3985;15;JAMBI;1571;157102;PESERTA DIDIK;JIWA;2023/2024 GANJIL;L;TPA;0
3986;15;JAMBI;1571;157102;PESERTA DIDIK;JIWA;2023/2024 GANJIL;L;SPS;3
3987;15;JAMBI;1571;157102;PESERTA DIDIK;JIWA;2023/2024 GANJIL;L;PKBM;54
3988;15;JAMBI;1571;157102;PESERTA DIDIK;JIWA;2023/2024 GANJIL;L;SKB;126
3989;15;JAMBI;1571;157102;PESERTA DIDIK;JIWA;2023/2024 GANJIL;L;SD;3.880
3990;15;JAMBI;1571;157102;PESERTA DIDIK;JIWA;2023/2024 GANJIL;L;SMP;1.273
3991;15;JAMBI;1571;157102;PESERTA DIDIK;JIWA;2023/2024 GANJIL;L;SMA;692
3992;15;JAMBI;1571;157102;PESERTA DIDIK;JIWA;2023/2024 GANJIL;L;SMK;1.419
3993;15;JAMBI;1571;157102;PESERTA DIDIK;JIWA;2023/2024 GANJIL;L;SLB;243
3994;15;JAMBI;1571;157102;PESERTA DIDIK;JIWA;2023/2024 GANJIL;P;TK;423
3995;15;JAMBI;1571;157102;PESERTA DIDIK;JIWA;2023/2024 GANJIL;P;KB;221
3996;15;JAMBI;1571;157102;PESERTA DIDIK;JIWA;2023/2024 GANJIL;P;TPA;0
3997;15;JAMBI;1571;157102;PESERTA DIDIK;JIWA;2023/2024 GANJIL;P;SPS;4
3998;15;JAMBI;1571;157102;PESERTA DIDIK;JIWA;2023/2024 GANJIL;P;PKBM;59
3999;15;JAMBI;1571;157102;PESERTA DIDIK;JIWA;2023/2024 GANJIL;P;SKB;66
4000;15;JAMBI;1571;157102;PESERTA DIDIK;JIWA;2023/2024 GANJIL;P;SD;3.617
4001;15;JAMBI;1571;157102;PESERTA DIDIK;JIWA;2023/2024 GANJIL;P;SMP;1.218
4002;15;JAMBI;1571;157102;PESERTA DIDIK;JIWA;2023/2024 GANJIL;P;SMA;633
4003;15;JAMBI;1571;157102;PESERTA DIDIK;JIWA;2023/2024 GANJIL;P;SMK;1.431
4004;15;JAMBI;1571;157102;PESERTA DIDIK;JIWA;2023/2024 GANJIL;P;SLB;132
4005;15;JAMBI;1571;157103;PESERTA DIDIK;JIWA;2023/2024 GANJIL;L;TK;430
4006;15;JAMBI;1571;157103;PESERTA DIDIK;JIWA;2023/2024 GANJIL;L;KB;109
4007;15;JAMBI;1571;157103;PESERTA DIDIK;JIWA;2023/2024 GANJIL;L;TPA;0
4008;15;JAMBI;1571;157103;PESERTA DIDIK;JIWA;2023/2024 GANJIL;L;SPS;0
4009;15;JAMBI;1571;157103;PESERTA DIDIK;JIWA;2023/2024 GANJIL;L;PKBM;205
4010;15;JAMBI;1571;157103;PESERTA DIDIK;JIWA;2023/2024 GANJIL;L;SKB;0
4011;15;JAMBI;1571;157103;PESERTA DIDIK;JIWA;2023/2024 GANJIL;L;SD;3.777
4012;15;JAMBI;1571;157103;PESERTA DIDIK;JIWA;2023/2024 GANJIL;L;SMP;1.730
4013;15;JAMBI;1571;157103;PESERTA DIDIK;JIWA;2023/2024 GANJIL;L;SMA;939
4014;15;JAMBI;1571;157103;PESERTA DIDIK;JIWA;2023/2024 GANJIL;L;SMK;567
4015;15;JAMBI;1571;157103;PESERTA DIDIK;JIWA;2023/2024 GANJIL;L;SLB;37
4016;15;JAMBI;1571;157103;PESERTA DIDIK;JIWA;2023/2024 GANJIL;P;TK;374
4017;15;JAMBI;1571;157103;PESERTA DIDIK;JIWA;2023/2024 GANJIL;P;KB;117
4018;15;JAMBI;1571;157103;PESERTA DIDIK;JIWA;2023/2024 GANJIL;P;TPA;0
4019;15;JAMBI;1571;157103;PESERTA DIDIK;JIWA;2023/2024 GANJIL;P;SPS;0
4020;15;JAMBI;1571;157103;PESERTA DIDIK;JIWA;2023/2024 GANJIL;P;PKBM;117
4021;15;JAMBI;1571;157103;PESERTA DIDIK;JIWA;2023/2024 GANJIL;P;SKB;0
4022;15;JAMBI;1571;157103;PESERTA DIDIK;JIWA;2023/2024 GANJIL;P;SD;3.586
4023;15;JAMBI;1571;157103;PESERTA DIDIK;JIWA;2023/2024 GANJIL;P;SMP;1.582
4024;15;JAMBI;1571;157103;PESERTA DIDIK;JIWA;2023/2024 GANJIL;P;SMA;1.170
4025;15;JAMBI;1571;157103;PESERTA DIDIK;JIWA;2023/2024 GANJIL;P;SMK;497
4026;15;JAMBI;1571;157103;PESERTA DIDIK;JIWA;2023/2024 GANJIL;P;SLB;15
4027;15;JAMBI;1502;150201;PESERTA DIDIK;JIWA;2023/2024 GANJIL;L;TK;105
4028;15;JAMBI;1502;150201;PESERTA DIDIK;JIWA;2023/2024 GANJIL;L;KB;20
4029;15;JAMBI;1502;150201;PESERTA DIDIK;JIWA;2023/2024 GANJIL;L;TPA;0
4030;15;JAMBI;1502;150201;PESERTA DIDIK;JIWA;2023/2024 GANJIL;L;SPS;0
4031;15;JAMBI;1502;150201;PESERTA DIDIK;JIWA;2023/2024 GANJIL;L;PKBM;31
4032;15;JAMBI;1502;150201;PESERTA DIDIK;JIWA;2023/2024 GANJIL;L;SKB;0
4033;15;JAMBI;1502;150201;PESERTA DIDIK;JIWA;2023/2024 GANJIL;L;SD;608
4034;15;JAMBI;1502;150201;PESERTA DIDIK;JIWA;2023/2024 GANJIL;L;SMP;178
4035;15;JAMBI;1502;150201;PESERTA DIDIK;JIWA;2023/2024 GANJIL;L;SMA;109
4036;15;JAMBI;1502;150201;PESERTA DIDIK;JIWA;2023/2024 GANJIL;L;SMK;47
4037;15;JAMBI;1502;150201;PESERTA DIDIK;JIWA;2023/2024 GANJIL;L;SLB;0
4038;15;JAMBI;1502;150201;PESERTA DIDIK;JIWA;2023/2024 GANJIL;P;TK;95
4039;15;JAMBI;1502;150201;PESERTA DIDIK;JIWA;2023/2024 GANJIL;P;KB;26
4040;15;JAMBI;1502;150201;PESERTA DIDIK;JIWA;2023/2024 GANJIL;P;TPA;0
4041;15;JAMBI;1502;150201;PESERTA DIDIK;JIWA;2023/2024 GANJIL;P;SPS;0
4042;15;JAMBI;1502;150201;PESERTA DIDIK;JIWA;2023/2024 GANJIL;P;PKBM;14
4043;15;JAMBI;1502;150201;PESERTA DIDIK;JIWA;2023/2024 GANJIL;P;SKB;0
4044;15;JAMBI;1502;150201;PESERTA DIDIK;JIWA;2023/2024 GANJIL;P;SD;571
4045;15;JAMBI;1502;150201;PESERTA DIDIK;JIWA;2023/2024 GANJIL;P;SMP;105
4046;15;JAMBI;1502;150201;PESERTA DIDIK;JIWA;2023/2024 GANJIL;P;SMA;108
4047;15;JAMBI;1502;150201;PESERTA DIDIK;JIWA;2023/2024 GANJIL;P;SMK;20
4048;15;JAMBI;1502;150201;PESERTA DIDIK;JIWA;2023/2024 GANJIL;P;SLB;0
4049;15;JAMBI;1502;150218;PESERTA DIDIK;JIWA;2023/2024 GANJIL;L;TK;122
4050;15;JAMBI;1502;150218;PESERTA DIDIK;JIWA;2023/2024 GANJIL;L;KB;51
4051;15;JAMBI;1502;150218;PESERTA DIDIK;JIWA;2023/2024 GANJIL;L;TPA;0
4052;15;JAMBI;1502;150218;PESERTA DIDIK;JIWA;2023/2024 GANJIL;L;SPS;0
4053;15;JAMBI;1502;150218;PESERTA DIDIK;JIWA;2023/2024 GANJIL;L;PKBM;0
4054;15;JAMBI;1502;150218;PESERTA DIDIK;JIWA;2023/2024 GANJIL;L;SKB;0
4055;15;JAMBI;1502;150218;PESERTA DIDIK;JIWA;2023/2024 GANJIL;L;SD;739
4056;15;JAMBI;1502;150218;PESERTA DIDIK;JIWA;2023/2024 GANJIL;L;SMP;96
4057;15;JAMBI;1502;150218;PESERTA DIDIK;JIWA;2023/2024 GANJIL;L;SMA;93
4058;15;JAMBI;1502;150218;PESERTA DIDIK;JIWA;2023/2024 GANJIL;L;SMK;0
4059;15;JAMBI;1502;150218;PESERTA DIDIK;JIWA;2023/2024 GANJIL;L;SLB;0
4060;15;JAMBI;1502;150218;PESERTA DIDIK;JIWA;2023/2024 GANJIL;P;TK;123
4061;15;JAMBI;1502;150218;PESERTA DIDIK;JIWA;2023/2024 GANJIL;P;KB;60
4062;15;JAMBI;1502;150218;PESERTA DIDIK;JIWA;2023/2024 GANJIL;P;TPA;0
4063;15;JAMBI;1502;150218;PESERTA DIDIK;JIWA;2023/2024 GANJIL;P;SPS;0
4064;15;JAMBI;1502;150218;PESERTA DIDIK;JIWA;2023/2024 GANJIL;P;PKBM;0
4065;15;JAMBI;1502;150218;PESERTA DIDIK;JIWA;2023/2024 GANJIL;P;SKB;0
4066;15;JAMBI;1502;150218;PESERTA DIDIK;JIWA;2023/2024 GANJIL;P;SD;648
4067;15;JAMBI;1502;150218;PESERTA DIDIK;JIWA;2023/2024 GANJIL;P;SMP;71
4068;15;JAMBI;1502;150218;PESERTA DIDIK;JIWA;2023/2024 GANJIL;P;SMA;64
4069;15;JAMBI;1502;150218;PESERTA DIDIK;JIWA;2023/2024 GANJIL;P;SMK;0
4070;15;JAMBI;1502;150218;PESERTA DIDIK;JIWA;2023/2024 GANJIL;P;SLB;0
4071;15;JAMBI;1571;157108;PESERTA DIDIK;JIWA;2023/2024 GANJIL;L;TK;388
4072;15;JAMBI;1571;157108;PESERTA DIDIK;JIWA;2023/2024 GANJIL;L;KB;201
4073;15;JAMBI;1571;157108;PESERTA DIDIK;JIWA;2023/2024 GANJIL;L;TPA;4
4074;15;JAMBI;1571;157108;PESERTA DIDIK;JIWA;2023/2024 GANJIL;L;SPS;8
4075;15;JAMBI;1571;157108;PESERTA DIDIK;JIWA;2023/2024 GANJIL;L;PKBM;492
4076;15;JAMBI;1571;157108;PESERTA DIDIK;JIWA;2023/2024 GANJIL;L;SKB;0
4077;15;JAMBI;1571;157108;PESERTA DIDIK;JIWA;2023/2024 GANJIL;L;SD;2.977
4078;15;JAMBI;1571;157108;PESERTA DIDIK;JIWA;2023/2024 GANJIL;L;SMP;1.022
4079;15;JAMBI;1571;157108;PESERTA DIDIK;JIWA;2023/2024 GANJIL;L;SMA;847
4080;15;JAMBI;1571;157108;PESERTA DIDIK;JIWA;2023/2024 GANJIL;L;SMK;61
4081;15;JAMBI;1571;157108;PESERTA DIDIK;JIWA;2023/2024 GANJIL;L;SLB;0
4082;15;JAMBI;1571;157108;PESERTA DIDIK;JIWA;2023/2024 GANJIL;P;TK;402
4083;15;JAMBI;1571;157108;PESERTA DIDIK;JIWA;2023/2024 GANJIL;P;KB;198
4084;15;JAMBI;1571;157108;PESERTA DIDIK;JIWA;2023/2024 GANJIL;P;TPA;13
4085;15;JAMBI;1571;157108;PESERTA DIDIK;JIWA;2023/2024 GANJIL;P;SPS;9
4086;15;JAMBI;1571;157108;PESERTA DIDIK;JIWA;2023/2024 GANJIL;P;PKBM;304
4087;15;JAMBI;1571;157108;PESERTA DIDIK;JIWA;2023/2024 GANJIL;P;SKB;0
4088;15;JAMBI;1571;157108;PESERTA DIDIK;JIWA;2023/2024 GANJIL;P;SD;2.969
4089;15;JAMBI;1571;157108;PESERTA DIDIK;JIWA;2023/2024 GANJIL;P;SMP;952
4090;15;JAMBI;1571;157108;PESERTA DIDIK;JIWA;2023/2024 GANJIL;P;SMA;1.046
4091;15;JAMBI;1571;157108;PESERTA DIDIK;JIWA;2023/2024 GANJIL;P;SMK;34
4092;15;JAMBI;1571;157108;PESERTA DIDIK;JIWA;2023/2024 GANJIL;P;SLB;0
4093;15;JAMBI;1508;150804;PESERTA DIDIK;JIWA;2023/2024 GANJIL;L;TK;43
4094;15;JAMBI;1508;150804;PESERTA DIDIK;JIWA;2023/2024 GANJIL;L;KB;158
4095;15;JAMBI;1508;150804;PESERTA DIDIK;JIWA;2023/2024 GANJIL;L;TPA;0
4096;15;JAMBI;1508;150804;PESERTA DIDIK;JIWA;2023/2024 GANJIL;L;SPS;0
4097;15;JAMBI;1508;150804;PESERTA DIDIK;JIWA;2023/2024 GANJIL;L;PKBM;0
4098;15;JAMBI;1508;150804;PESERTA DIDIK;JIWA;2023/2024 GANJIL;L;SKB;0
4099;15;JAMBI;1508;150804;PESERTA DIDIK;JIWA;2023/2024 GANJIL;L;SD;1.032
4100;15;JAMBI;1508;150804;PESERTA DIDIK;JIWA;2023/2024 GANJIL;L;SMP;208
4101;15;JAMBI;1508;150804;PESERTA DIDIK;JIWA;2023/2024 GANJIL;L;SMA;78
4102;15;JAMBI;1508;150804;PESERTA DIDIK;JIWA;2023/2024 GANJIL;L;SMK;190
4103;15;JAMBI;1508;150804;PESERTA DIDIK;JIWA;2023/2024 GANJIL;L;SLB;0
4104;15;JAMBI;1508;150804;PESERTA DIDIK;JIWA;2023/2024 GANJIL;P;TK;29
4105;15;JAMBI;1508;150804;PESERTA DIDIK;JIWA;2023/2024 GANJIL;P;KB;152
4106;15;JAMBI;1508;150804;PESERTA DIDIK;JIWA;2023/2024 GANJIL;P;TPA;0
4107;15;JAMBI;1508;150804;PESERTA DIDIK;JIWA;2023/2024 GANJIL;P;SPS;0
4108;15;JAMBI;1508;150804;PESERTA DIDIK;JIWA;2023/2024 GANJIL;P;PKBM;0
4109;15;JAMBI;1508;150804;PESERTA DIDIK;JIWA;2023/2024 GANJIL;P;SKB;0
4110;15;JAMBI;1508;150804;PESERTA DIDIK;JIWA;2023/2024 GANJIL;P;SD;973
4111;15;JAMBI;1508;150804;PESERTA DIDIK;JIWA;2023/2024 GANJIL;P;SMP;224
4112;15;JAMBI;1508;150804;PESERTA DIDIK;JIWA;2023/2024 GANJIL;P;SMA;155
4113;15;JAMBI;1508;150804;PESERTA DIDIK;JIWA;2023/2024 GANJIL;P;SMK;103
4114;15;JAMBI;1508;150804;PESERTA DIDIK;JIWA;2023/2024 GANJIL;P;SLB;0
4115;15;JAMBI;1508;150816;PESERTA DIDIK;JIWA;2023/2024 GANJIL;L;TK;27
4116;15;JAMBI;1508;150816;PESERTA DIDIK;JIWA;2023/2024 GANJIL;L;KB;111
4117;15;JAMBI;1508;150816;PESERTA DIDIK;JIWA;2023/2024 GANJIL;L;TPA;0
4118;15;JAMBI;1508;150816;PESERTA DIDIK;JIWA;2023/2024 GANJIL;L;SPS;11
4119;15;JAMBI;1508;150816;PESERTA DIDIK;JIWA;2023/2024 GANJIL;L;PKBM;30
4120;15;JAMBI;1508;150816;PESERTA DIDIK;JIWA;2023/2024 GANJIL;L;SKB;0
4121;15;JAMBI;1508;150816;PESERTA DIDIK;JIWA;2023/2024 GANJIL;L;SD;432
4122;15;JAMBI;1508;150816;PESERTA DIDIK;JIWA;2023/2024 GANJIL;L;SMP;121
4123;15;JAMBI;1508;150816;PESERTA DIDIK;JIWA;2023/2024 GANJIL;L;SMA;106
4124;15;JAMBI;1508;150816;PESERTA DIDIK;JIWA;2023/2024 GANJIL;L;SMK;0
4125;15;JAMBI;1508;150816;PESERTA DIDIK;JIWA;2023/2024 GANJIL;L;SLB;0
4126;15;JAMBI;1508;150816;PESERTA DIDIK;JIWA;2023/2024 GANJIL;P;TK;18
4127;15;JAMBI;1508;150816;PESERTA DIDIK;JIWA;2023/2024 GANJIL;P;KB;86
4128;15;JAMBI;1508;150816;PESERTA DIDIK;JIWA;2023/2024 GANJIL;P;TPA;0
4129;15;JAMBI;1508;150816;PESERTA DIDIK;JIWA;2023/2024 GANJIL;P;SPS;3
4130;15;JAMBI;1508;150816;PESERTA DIDIK;JIWA;2023/2024 GANJIL;P;PKBM;16
4131;15;JAMBI;1508;150816;PESERTA DIDIK;JIWA;2023/2024 GANJIL;P;SKB;0
4132;15;JAMBI;1508;150816;PESERTA DIDIK;JIWA;2023/2024 GANJIL;P;SD;397
4133;15;JAMBI;1508;150816;PESERTA DIDIK;JIWA;2023/2024 GANJIL;P;SMP;99
4134;15;JAMBI;1508;150816;PESERTA DIDIK;JIWA;2023/2024 GANJIL;P;SMA;103
4135;15;JAMBI;1508;150816;PESERTA DIDIK;JIWA;2023/2024 GANJIL;P;SMK;0
4136;15;JAMBI;1508;150816;PESERTA DIDIK;JIWA;2023/2024 GANJIL;P;SLB;0
4137;15;JAMBI;1501;150109;PESERTA DIDIK;JIWA;2023/2024 GANJIL;L;TK;224
4138;15;JAMBI;1501;150109;PESERTA DIDIK;JIWA;2023/2024 GANJIL;L;KB;254
4139;15;JAMBI;1501;150109;PESERTA DIDIK;JIWA;2023/2024 GANJIL;L;TPA;0
4140;15;JAMBI;1501;150109;PESERTA DIDIK;JIWA;2023/2024 GANJIL;L;SPS;24
4141;15;JAMBI;1501;150109;PESERTA DIDIK;JIWA;2023/2024 GANJIL;L;PKBM;25
4142;15;JAMBI;1501;150109;PESERTA DIDIK;JIWA;2023/2024 GANJIL;L;SKB;0
4143;15;JAMBI;1501;150109;PESERTA DIDIK;JIWA;2023/2024 GANJIL;L;SD;1.039
4144;15;JAMBI;1501;150109;PESERTA DIDIK;JIWA;2023/2024 GANJIL;L;SMP;409
4145;15;JAMBI;1501;150109;PESERTA DIDIK;JIWA;2023/2024 GANJIL;L;SMA;382
4146;15;JAMBI;1501;150109;PESERTA DIDIK;JIWA;2023/2024 GANJIL;L;SMK;158
4147;15;JAMBI;1501;150109;PESERTA DIDIK;JIWA;2023/2024 GANJIL;L;SLB;0
4148;15;JAMBI;1501;150109;PESERTA DIDIK;JIWA;2023/2024 GANJIL;P;TK;224
4149;15;JAMBI;1501;150109;PESERTA DIDIK;JIWA;2023/2024 GANJIL;P;KB;303
4150;15;JAMBI;1501;150109;PESERTA DIDIK;JIWA;2023/2024 GANJIL;P;TPA;0
4151;15;JAMBI;1501;150109;PESERTA DIDIK;JIWA;2023/2024 GANJIL;P;SPS;7
4152;15;JAMBI;1501;150109;PESERTA DIDIK;JIWA;2023/2024 GANJIL;P;PKBM;26
4153;15;JAMBI;1501;150109;PESERTA DIDIK;JIWA;2023/2024 GANJIL;P;SKB;0
4154;15;JAMBI;1501;150109;PESERTA DIDIK;JIWA;2023/2024 GANJIL;P;SD;890
4155;15;JAMBI;1501;150109;PESERTA DIDIK;JIWA;2023/2024 GANJIL;P;SMP;337
4156;15;JAMBI;1501;150109;PESERTA DIDIK;JIWA;2023/2024 GANJIL;P;SMA;585
4157;15;JAMBI;1501;150109;PESERTA DIDIK;JIWA;2023/2024 GANJIL;P;SMK;100
4158;15;JAMBI;1501;150109;PESERTA DIDIK;JIWA;2023/2024 GANJIL;P;SLB;0
4159;15;JAMBI;1501;150119;PESERTA DIDIK;JIWA;2023/2024 GANJIL;L;TK;59
4160;15;JAMBI;1501;150119;PESERTA DIDIK;JIWA;2023/2024 GANJIL;L;KB;230
4161;15;JAMBI;1501;150119;PESERTA DIDIK;JIWA;2023/2024 GANJIL;L;TPA;0
4162;15;JAMBI;1501;150119;PESERTA DIDIK;JIWA;2023/2024 GANJIL;L;SPS;0
4163;15;JAMBI;1501;150119;PESERTA DIDIK;JIWA;2023/2024 GANJIL;L;PKBM;0
4164;15;JAMBI;1501;150119;PESERTA DIDIK;JIWA;2023/2024 GANJIL;L;SKB;0
4165;15;JAMBI;1501;150119;PESERTA DIDIK;JIWA;2023/2024 GANJIL;L;SD;960
4166;15;JAMBI;1501;150119;PESERTA DIDIK;JIWA;2023/2024 GANJIL;L;SMP;522
4167;15;JAMBI;1501;150119;PESERTA DIDIK;JIWA;2023/2024 GANJIL;L;SMA;0
4168;15;JAMBI;1501;150119;PESERTA DIDIK;JIWA;2023/2024 GANJIL;L;SMK;393
4169;15;JAMBI;1501;150119;PESERTA DIDIK;JIWA;2023/2024 GANJIL;L;SLB;0
4170;15;JAMBI;1501;150119;PESERTA DIDIK;JIWA;2023/2024 GANJIL;P;TK;49
4171;15;JAMBI;1501;150119;PESERTA DIDIK;JIWA;2023/2024 GANJIL;P;KB;236
4172;15;JAMBI;1501;150119;PESERTA DIDIK;JIWA;2023/2024 GANJIL;P;TPA;0
4173;15;JAMBI;1501;150119;PESERTA DIDIK;JIWA;2023/2024 GANJIL;P;SPS;0
4174;15;JAMBI;1501;150119;PESERTA DIDIK;JIWA;2023/2024 GANJIL;P;PKBM;0
4175;15;JAMBI;1501;150119;PESERTA DIDIK;JIWA;2023/2024 GANJIL;P;SKB;0
4176;15;JAMBI;1501;150119;PESERTA DIDIK;JIWA;2023/2024 GANJIL;P;SD;905
4177;15;JAMBI;1501;150119;PESERTA DIDIK;JIWA;2023/2024 GANJIL;P;SMP;423
4178;15;JAMBI;1501;150119;PESERTA DIDIK;JIWA;2023/2024 GANJIL;P;SMA;0
4179;15;JAMBI;1501;150119;PESERTA DIDIK;JIWA;2023/2024 GANJIL;P;SMK;231
4180;15;JAMBI;1501;150119;PESERTA DIDIK;JIWA;2023/2024 GANJIL;P;SLB;0
4181;15;JAMBI;1501;150108;PESERTA DIDIK;JIWA;2023/2024 GANJIL;L;TK;134
4182;15;JAMBI;1501;150108;PESERTA DIDIK;JIWA;2023/2024 GANJIL;L;KB;341
4183;15;JAMBI;1501;150108;PESERTA DIDIK;JIWA;2023/2024 GANJIL;L;TPA;0
4184;15;JAMBI;1501;150108;PESERTA DIDIK;JIWA;2023/2024 GANJIL;L;SPS;48
4185;15;JAMBI;1501;150108;PESERTA DIDIK;JIWA;2023/2024 GANJIL;L;PKBM;55
4186;15;JAMBI;1501;150108;PESERTA DIDIK;JIWA;2023/2024 GANJIL;L;SKB;0
4187;15;JAMBI;1501;150108;PESERTA DIDIK;JIWA;2023/2024 GANJIL;L;SD;935
4188;15;JAMBI;1501;150108;PESERTA DIDIK;JIWA;2023/2024 GANJIL;L;SMP;271
4189;15;JAMBI;1501;150108;PESERTA DIDIK;JIWA;2023/2024 GANJIL;L;SMA;148
4190;15;JAMBI;1501;150108;PESERTA DIDIK;JIWA;2023/2024 GANJIL;L;SMK;78
4191;15;JAMBI;1501;150108;PESERTA DIDIK;JIWA;2023/2024 GANJIL;L;SLB;0
4192;15;JAMBI;1501;150108;PESERTA DIDIK;JIWA;2023/2024 GANJIL;P;TK;123
4193;15;JAMBI;1501;150108;PESERTA DIDIK;JIWA;2023/2024 GANJIL;P;KB;306
4194;15;JAMBI;1501;150108;PESERTA DIDIK;JIWA;2023/2024 GANJIL;P;TPA;0
4195;15;JAMBI;1501;150108;PESERTA DIDIK;JIWA;2023/2024 GANJIL;P;SPS;55
4196;15;JAMBI;1501;150108;PESERTA DIDIK;JIWA;2023/2024 GANJIL;P;PKBM;27
4197;15;JAMBI;1501;150108;PESERTA DIDIK;JIWA;2023/2024 GANJIL;P;SKB;0
4198;15;JAMBI;1501;150108;PESERTA DIDIK;JIWA;2023/2024 GANJIL;P;SD;890
4199;15;JAMBI;1501;150108;PESERTA DIDIK;JIWA;2023/2024 GANJIL;P;SMP;236
4200;15;JAMBI;1501;150108;PESERTA DIDIK;JIWA;2023/2024 GANJIL;P;SMA;161
4201;15;JAMBI;1501;150108;PESERTA DIDIK;JIWA;2023/2024 GANJIL;P;SMK;41
4202;15;JAMBI;1501;150108;PESERTA DIDIK;JIWA;2023/2024 GANJIL;P;SLB;0
4203;15;JAMBI;1571;157107;PESERTA DIDIK;JIWA;2023/2024 GANJIL;L;TK;650
4204;15;JAMBI;1571;157107;PESERTA DIDIK;JIWA;2023/2024 GANJIL;L;KB;268
4205;15;JAMBI;1571;157107;PESERTA DIDIK;JIWA;2023/2024 GANJIL;L;TPA;86
4206;15;JAMBI;1571;157107;PESERTA DIDIK;JIWA;2023/2024 GANJIL;L;SPS;40
4207;15;JAMBI;1571;157107;PESERTA DIDIK;JIWA;2023/2024 GANJIL;L;PKBM;87
4208;15;JAMBI;1571;157107;PESERTA DIDIK;JIWA;2023/2024 GANJIL;L;SKB;0
4209;15;JAMBI;1571;157107;PESERTA DIDIK;JIWA;2023/2024 GANJIL;L;SD;4.093
4210;15;JAMBI;1571;157107;PESERTA DIDIK;JIWA;2023/2024 GANJIL;L;SMP;2.222
4211;15;JAMBI;1571;157107;PESERTA DIDIK;JIWA;2023/2024 GANJIL;L;SMA;1.550
4212;15;JAMBI;1571;157107;PESERTA DIDIK;JIWA;2023/2024 GANJIL;L;SMK;463
4213;15;JAMBI;1571;157107;PESERTA DIDIK;JIWA;2023/2024 GANJIL;L;SLB;0
4214;15;JAMBI;1571;157107;PESERTA DIDIK;JIWA;2023/2024 GANJIL;P;TK;605
4215;15;JAMBI;1571;157107;PESERTA DIDIK;JIWA;2023/2024 GANJIL;P;KB;263
4216;15;JAMBI;1571;157107;PESERTA DIDIK;JIWA;2023/2024 GANJIL;P;TPA;55
4217;15;JAMBI;1571;157107;PESERTA DIDIK;JIWA;2023/2024 GANJIL;P;SPS;46
4218;15;JAMBI;1571;157107;PESERTA DIDIK;JIWA;2023/2024 GANJIL;P;PKBM;38
4219;15;JAMBI;1571;157107;PESERTA DIDIK;JIWA;2023/2024 GANJIL;P;SKB;0
4220;15;JAMBI;1571;157107;PESERTA DIDIK;JIWA;2023/2024 GANJIL;P;SD;3.827
4221;15;JAMBI;1571;157107;PESERTA DIDIK;JIWA;2023/2024 GANJIL;P;SMP;2.052
4222;15;JAMBI;1571;157107;PESERTA DIDIK;JIWA;2023/2024 GANJIL;P;SMA;1.953
4223;15;JAMBI;1571;157107;PESERTA DIDIK;JIWA;2023/2024 GANJIL;P;SMK;376
4224;15;JAMBI;1571;157107;PESERTA DIDIK;JIWA;2023/2024 GANJIL;P;SLB;0
4225;15;JAMBI;1572;157207;PESERTA DIDIK;JIWA;2023/2024 GANJIL;L;TK;113
4226;15;JAMBI;1572;157207;PESERTA DIDIK;JIWA;2023/2024 GANJIL;L;KB;277
4227;15;JAMBI;1572;157207;PESERTA DIDIK;JIWA;2023/2024 GANJIL;L;TPA;0
4228;15;JAMBI;1572;157207;PESERTA DIDIK;JIWA;2023/2024 GANJIL;L;SPS;17
4229;15;JAMBI;1572;157207;PESERTA DIDIK;JIWA;2023/2024 GANJIL;L;PKBM;46
4230;15;JAMBI;1572;157207;PESERTA DIDIK;JIWA;2023/2024 GANJIL;L;SKB;0
4231;15;JAMBI;1572;157207;PESERTA DIDIK;JIWA;2023/2024 GANJIL;L;SD;229
4232;15;JAMBI;1572;157207;PESERTA DIDIK;JIWA;2023/2024 GANJIL;L;SMP;78
4233;15;JAMBI;1572;157207;PESERTA DIDIK;JIWA;2023/2024 GANJIL;L;SMA;234
4234;15;JAMBI;1572;157207;PESERTA DIDIK;JIWA;2023/2024 GANJIL;L;SMK;0
4235;15;JAMBI;1572;157207;PESERTA DIDIK;JIWA;2023/2024 GANJIL;L;SLB;0
4236;15;JAMBI;1572;157207;PESERTA DIDIK;JIWA;2023/2024 GANJIL;P;TK;97
4237;15;JAMBI;1572;157207;PESERTA DIDIK;JIWA;2023/2024 GANJIL;P;KB;259
4238;15;JAMBI;1572;157207;PESERTA DIDIK;JIWA;2023/2024 GANJIL;P;TPA;0
4239;15;JAMBI;1572;157207;PESERTA DIDIK;JIWA;2023/2024 GANJIL;P;SPS;20
4240;15;JAMBI;1572;157207;PESERTA DIDIK;JIWA;2023/2024 GANJIL;P;PKBM;62
4241;15;JAMBI;1572;157207;PESERTA DIDIK;JIWA;2023/2024 GANJIL;P;SKB;0
4242;15;JAMBI;1572;157207;PESERTA DIDIK;JIWA;2023/2024 GANJIL;P;SD;203
4243;15;JAMBI;1572;157207;PESERTA DIDIK;JIWA;2023/2024 GANJIL;P;SMP;51
4244;15;JAMBI;1572;157207;PESERTA DIDIK;JIWA;2023/2024 GANJIL;P;SMA;338
4245;15;JAMBI;1572;157207;PESERTA DIDIK;JIWA;2023/2024 GANJIL;P;SMK;0
4246;15;JAMBI;1572;157207;PESERTA DIDIK;JIWA;2023/2024 GANJIL;P;SLB;0
4247;15;JAMBI;1506;150612;PESERTA DIDIK;JIWA;2023/2024 GANJIL;L;TK;0
4248;15;JAMBI;1506;150612;PESERTA DIDIK;JIWA;2023/2024 GANJIL;L;KB;166
4249;15;JAMBI;1506;150612;PESERTA DIDIK;JIWA;2023/2024 GANJIL;L;TPA;0
4250;15;JAMBI;1506;150612;PESERTA DIDIK;JIWA;2023/2024 GANJIL;L;SPS;94
4251;15;JAMBI;1506;150612;PESERTA DIDIK;JIWA;2023/2024 GANJIL;L;PKBM;36
4252;15;JAMBI;1506;150612;PESERTA DIDIK;JIWA;2023/2024 GANJIL;L;SKB;0
4253;15;JAMBI;1506;150612;PESERTA DIDIK;JIWA;2023/2024 GANJIL;L;SD;579
4254;15;JAMBI;1506;150612;PESERTA DIDIK;JIWA;2023/2024 GANJIL;L;SMP;101
4255;15;JAMBI;1506;150612;PESERTA DIDIK;JIWA;2023/2024 GANJIL;L;SMA;37
4256;15;JAMBI;1506;150612;PESERTA DIDIK;JIWA;2023/2024 GANJIL;L;SMK;0
4257;15;JAMBI;1506;150612;PESERTA DIDIK;JIWA;2023/2024 GANJIL;L;SLB;0
4258;15;JAMBI;1506;150612;PESERTA DIDIK;JIWA;2023/2024 GANJIL;P;TK;0
4259;15;JAMBI;1506;150612;PESERTA DIDIK;JIWA;2023/2024 GANJIL;P;KB;182
4260;15;JAMBI;1506;150612;PESERTA DIDIK;JIWA;2023/2024 GANJIL;P;TPA;0
4261;15;JAMBI;1506;150612;PESERTA DIDIK;JIWA;2023/2024 GANJIL;P;SPS;108
4262;15;JAMBI;1506;150612;PESERTA DIDIK;JIWA;2023/2024 GANJIL;P;PKBM;18
4263;15;JAMBI;1506;150612;PESERTA DIDIK;JIWA;2023/2024 GANJIL;P;SKB;0
4264;15;JAMBI;1506;150612;PESERTA DIDIK;JIWA;2023/2024 GANJIL;P;SD;533
4265;15;JAMBI;1506;150612;PESERTA DIDIK;JIWA;2023/2024 GANJIL;P;SMP;103
4266;15;JAMBI;1506;150612;PESERTA DIDIK;JIWA;2023/2024 GANJIL;P;SMA;43
4267;15;JAMBI;1506;150612;PESERTA DIDIK;JIWA;2023/2024 GANJIL;P;SMK;0
4268;15;JAMBI;1506;150612;PESERTA DIDIK;JIWA;2023/2024 GANJIL;P;SLB;0
4269;15;JAMBI;1507;150708;PESERTA DIDIK;JIWA;2023/2024 GANJIL;L;TK;110
4270;15;JAMBI;1507;150708;PESERTA DIDIK;JIWA;2023/2024 GANJIL;L;KB;95
4271;15;JAMBI;1507;150708;PESERTA DIDIK;JIWA;2023/2024 GANJIL;L;TPA;0
4272;15;JAMBI;1507;150708;PESERTA DIDIK;JIWA;2023/2024 GANJIL;L;SPS;0
4273;15;JAMBI;1507;150708;PESERTA DIDIK;JIWA;2023/2024 GANJIL;L;PKBM;0
4274;15;JAMBI;1507;150708;PESERTA DIDIK;JIWA;2023/2024 GANJIL;L;SKB;0
4275;15;JAMBI;1507;150708;PESERTA DIDIK;JIWA;2023/2024 GANJIL;L;SD;735
4276;15;JAMBI;1507;150708;PESERTA DIDIK;JIWA;2023/2024 GANJIL;L;SMP;222
4277;15;JAMBI;1507;150708;PESERTA DIDIK;JIWA;2023/2024 GANJIL;L;SMA;195
4278;15;JAMBI;1507;150708;PESERTA DIDIK;JIWA;2023/2024 GANJIL;L;SMK;0
4279;15;JAMBI;1507;150708;PESERTA DIDIK;JIWA;2023/2024 GANJIL;L;SLB;0
4280;15;JAMBI;1507;150708;PESERTA DIDIK;JIWA;2023/2024 GANJIL;P;TK;110
4281;15;JAMBI;1507;150708;PESERTA DIDIK;JIWA;2023/2024 GANJIL;P;KB;96
4282;15;JAMBI;1507;150708;PESERTA DIDIK;JIWA;2023/2024 GANJIL;P;TPA;0
4283;15;JAMBI;1507;150708;PESERTA DIDIK;JIWA;2023/2024 GANJIL;P;SPS;0
4284;15;JAMBI;1507;150708;PESERTA DIDIK;JIWA;2023/2024 GANJIL;P;PKBM;0
4285;15;JAMBI;1507;150708;PESERTA DIDIK;JIWA;2023/2024 GANJIL;P;SKB;0
4286;15;JAMBI;1507;150708;PESERTA DIDIK;JIWA;2023/2024 GANJIL;P;SD;678
4287;15;JAMBI;1507;150708;PESERTA DIDIK;JIWA;2023/2024 GANJIL;P;SMP;225
4288;15;JAMBI;1507;150708;PESERTA DIDIK;JIWA;2023/2024 GANJIL;P;SMA;239
4289;15;JAMBI;1507;150708;PESERTA DIDIK;JIWA;2023/2024 GANJIL;P;SMK;0
4290;15;JAMBI;1507;150708;PESERTA DIDIK;JIWA;2023/2024 GANJIL;P;SLB;0
4291;15;JAMBI;1505;150503;PESERTA DIDIK;JIWA;2023/2024 GANJIL;L;TK;180
4292;15;JAMBI;1505;150503;PESERTA DIDIK;JIWA;2023/2024 GANJIL;L;KB;174
4293;15;JAMBI;1505;150503;PESERTA DIDIK;JIWA;2023/2024 GANJIL;L;TPA;0
4294;15;JAMBI;1505;150503;PESERTA DIDIK;JIWA;2023/2024 GANJIL;L;SPS;40
4295;15;JAMBI;1505;150503;PESERTA DIDIK;JIWA;2023/2024 GANJIL;L;PKBM;0
4296;15;JAMBI;1505;150503;PESERTA DIDIK;JIWA;2023/2024 GANJIL;L;SKB;0
4297;15;JAMBI;1505;150503;PESERTA DIDIK;JIWA;2023/2024 GANJIL;L;SD;1.518
4298;15;JAMBI;1505;150503;PESERTA DIDIK;JIWA;2023/2024 GANJIL;L;SMP;304
4299;15;JAMBI;1505;150503;PESERTA DIDIK;JIWA;2023/2024 GANJIL;L;SMA;127
4300;15;JAMBI;1505;150503;PESERTA DIDIK;JIWA;2023/2024 GANJIL;L;SMK;215
4301;15;JAMBI;1505;150503;PESERTA DIDIK;JIWA;2023/2024 GANJIL;L;SLB;0
4302;15;JAMBI;1505;150503;PESERTA DIDIK;JIWA;2023/2024 GANJIL;P;TK;146
4303;15;JAMBI;1505;150503;PESERTA DIDIK;JIWA;2023/2024 GANJIL;P;KB;172
4304;15;JAMBI;1505;150503;PESERTA DIDIK;JIWA;2023/2024 GANJIL;P;TPA;0
4305;15;JAMBI;1505;150503;PESERTA DIDIK;JIWA;2023/2024 GANJIL;P;SPS;46
4306;15;JAMBI;1505;150503;PESERTA DIDIK;JIWA;2023/2024 GANJIL;P;PKBM;0
4307;15;JAMBI;1505;150503;PESERTA DIDIK;JIWA;2023/2024 GANJIL;P;SKB;0
4308;15;JAMBI;1505;150503;PESERTA DIDIK;JIWA;2023/2024 GANJIL;P;SD;1.386
4309;15;JAMBI;1505;150503;PESERTA DIDIK;JIWA;2023/2024 GANJIL;P;SMP;287
4310;15;JAMBI;1505;150503;PESERTA DIDIK;JIWA;2023/2024 GANJIL;P;SMA;150
4311;15;JAMBI;1505;150503;PESERTA DIDIK;JIWA;2023/2024 GANJIL;P;SMK;181
4312;15;JAMBI;1505;150503;PESERTA DIDIK;JIWA;2023/2024 GANJIL;P;SLB;0
4313;15;JAMBI;1505;150506;PESERTA DIDIK;JIWA;2023/2024 GANJIL;L;TK;189
4314;15;JAMBI;1505;150506;PESERTA DIDIK;JIWA;2023/2024 GANJIL;L;KB;471
4315;15;JAMBI;1505;150506;PESERTA DIDIK;JIWA;2023/2024 GANJIL;L;TPA;0
4316;15;JAMBI;1505;150506;PESERTA DIDIK;JIWA;2023/2024 GANJIL;L;SPS;28
4317;15;JAMBI;1505;150506;PESERTA DIDIK;JIWA;2023/2024 GANJIL;L;PKBM;0
4318;15;JAMBI;1505;150506;PESERTA DIDIK;JIWA;2023/2024 GANJIL;L;SKB;0
4319;15;JAMBI;1505;150506;PESERTA DIDIK;JIWA;2023/2024 GANJIL;L;SD;2.566
4320;15;JAMBI;1505;150506;PESERTA DIDIK;JIWA;2023/2024 GANJIL;L;SMP;674
4321;15;JAMBI;1505;150506;PESERTA DIDIK;JIWA;2023/2024 GANJIL;L;SMA;324
4322;15;JAMBI;1505;150506;PESERTA DIDIK;JIWA;2023/2024 GANJIL;L;SMK;49
4323;15;JAMBI;1505;150506;PESERTA DIDIK;JIWA;2023/2024 GANJIL;L;SLB;0
4324;15;JAMBI;1505;150506;PESERTA DIDIK;JIWA;2023/2024 GANJIL;P;TK;147
4325;15;JAMBI;1505;150506;PESERTA DIDIK;JIWA;2023/2024 GANJIL;P;KB;423
4326;15;JAMBI;1505;150506;PESERTA DIDIK;JIWA;2023/2024 GANJIL;P;TPA;0
4327;15;JAMBI;1505;150506;PESERTA DIDIK;JIWA;2023/2024 GANJIL;P;SPS;21
4328;15;JAMBI;1505;150506;PESERTA DIDIK;JIWA;2023/2024 GANJIL;P;PKBM;0
4329;15;JAMBI;1505;150506;PESERTA DIDIK;JIWA;2023/2024 GANJIL;P;SKB;0
4330;15;JAMBI;1505;150506;PESERTA DIDIK;JIWA;2023/2024 GANJIL;P;SD;2.343
4331;15;JAMBI;1505;150506;PESERTA DIDIK;JIWA;2023/2024 GANJIL;P;SMP;602
4332;15;JAMBI;1505;150506;PESERTA DIDIK;JIWA;2023/2024 GANJIL;P;SMA;378
4333;15;JAMBI;1505;150506;PESERTA DIDIK;JIWA;2023/2024 GANJIL;P;SMK;51
4334;15;JAMBI;1505;150506;PESERTA DIDIK;JIWA;2023/2024 GANJIL;P;SLB;0
4335;15;JAMBI;1572;157205;PESERTA DIDIK;JIWA;2023/2024 GANJIL;L;TK;39
4336;15;JAMBI;1572;157205;PESERTA DIDIK;JIWA;2023/2024 GANJIL;L;KB;128
4337;15;JAMBI;1572;157205;PESERTA DIDIK;JIWA;2023/2024 GANJIL;L;TPA;0
4338;15;JAMBI;1572;157205;PESERTA DIDIK;JIWA;2023/2024 GANJIL;L;SPS;78
4339;15;JAMBI;1572;157205;PESERTA DIDIK;JIWA;2023/2024 GANJIL;L;PKBM;66
4340;15;JAMBI;1572;157205;PESERTA DIDIK;JIWA;2023/2024 GANJIL;L;SKB;0
4341;15;JAMBI;1572;157205;PESERTA DIDIK;JIWA;2023/2024 GANJIL;L;SD;308
4342;15;JAMBI;1572;157205;PESERTA DIDIK;JIWA;2023/2024 GANJIL;L;SMP;68
4343;15;JAMBI;1572;157205;PESERTA DIDIK;JIWA;2023/2024 GANJIL;L;SMA;0
4344;15;JAMBI;1572;157205;PESERTA DIDIK;JIWA;2023/2024 GANJIL;L;SMK;247
4345;15;JAMBI;1572;157205;PESERTA DIDIK;JIWA;2023/2024 GANJIL;L;SLB;112
4346;15;JAMBI;1572;157205;PESERTA DIDIK;JIWA;2023/2024 GANJIL;P;TK;29
4347;15;JAMBI;1572;157205;PESERTA DIDIK;JIWA;2023/2024 GANJIL;P;KB;107
4348;15;JAMBI;1572;157205;PESERTA DIDIK;JIWA;2023/2024 GANJIL;P;TPA;0
4349;15;JAMBI;1572;157205;PESERTA DIDIK;JIWA;2023/2024 GANJIL;P;SPS;83
4350;15;JAMBI;1572;157205;PESERTA DIDIK;JIWA;2023/2024 GANJIL;P;PKBM;30
4351;15;JAMBI;1572;157205;PESERTA DIDIK;JIWA;2023/2024 GANJIL;P;SKB;0
4352;15;JAMBI;1572;157205;PESERTA DIDIK;JIWA;2023/2024 GANJIL;P;SD;287
4353;15;JAMBI;1572;157205;PESERTA DIDIK;JIWA;2023/2024 GANJIL;P;SMP;81
4354;15;JAMBI;1572;157205;PESERTA DIDIK;JIWA;2023/2024 GANJIL;P;SMA;0
4355;15;JAMBI;1572;157205;PESERTA DIDIK;JIWA;2023/2024 GANJIL;P;SMK;436
4356;15;JAMBI;1572;157205;PESERTA DIDIK;JIWA;2023/2024 GANJIL;P;SLB;57
4357;15;JAMBI;1502;150209;PESERTA DIDIK;JIWA;2023/2024 GANJIL;L;TK;239
4358;15;JAMBI;1502;150209;PESERTA DIDIK;JIWA;2023/2024 GANJIL;L;KB;50
4359;15;JAMBI;1502;150209;PESERTA DIDIK;JIWA;2023/2024 GANJIL;L;TPA;0
4360;15;JAMBI;1502;150209;PESERTA DIDIK;JIWA;2023/2024 GANJIL;L;SPS;64
4361;15;JAMBI;1502;150209;PESERTA DIDIK;JIWA;2023/2024 GANJIL;L;PKBM;170
4362;15;JAMBI;1502;150209;PESERTA DIDIK;JIWA;2023/2024 GANJIL;L;SKB;0
4363;15;JAMBI;1502;150209;PESERTA DIDIK;JIWA;2023/2024 GANJIL;L;SD;1.118
4364;15;JAMBI;1502;150209;PESERTA DIDIK;JIWA;2023/2024 GANJIL;L;SMP;225
4365;15;JAMBI;1502;150209;PESERTA DIDIK;JIWA;2023/2024 GANJIL;L;SMA;75
4366;15;JAMBI;1502;150209;PESERTA DIDIK;JIWA;2023/2024 GANJIL;L;SMK;70
4367;15;JAMBI;1502;150209;PESERTA DIDIK;JIWA;2023/2024 GANJIL;L;SLB;0
4368;15;JAMBI;1502;150209;PESERTA DIDIK;JIWA;2023/2024 GANJIL;P;TK;222
4369;15;JAMBI;1502;150209;PESERTA DIDIK;JIWA;2023/2024 GANJIL;P;KB;48
4370;15;JAMBI;1502;150209;PESERTA DIDIK;JIWA;2023/2024 GANJIL;P;TPA;0
4371;15;JAMBI;1502;150209;PESERTA DIDIK;JIWA;2023/2024 GANJIL;P;SPS;96
4372;15;JAMBI;1502;150209;PESERTA DIDIK;JIWA;2023/2024 GANJIL;P;PKBM;74
4373;15;JAMBI;1502;150209;PESERTA DIDIK;JIWA;2023/2024 GANJIL;P;SKB;0
4374;15;JAMBI;1502;150209;PESERTA DIDIK;JIWA;2023/2024 GANJIL;P;SD;1.092
4375;15;JAMBI;1502;150209;PESERTA DIDIK;JIWA;2023/2024 GANJIL;P;SMP;179
4376;15;JAMBI;1502;150209;PESERTA DIDIK;JIWA;2023/2024 GANJIL;P;SMA;56
4377;15;JAMBI;1502;150209;PESERTA DIDIK;JIWA;2023/2024 GANJIL;P;SMK;50
4378;15;JAMBI;1502;150209;PESERTA DIDIK;JIWA;2023/2024 GANJIL;P;SLB;0
4379;15;JAMBI;1508;150807;PESERTA DIDIK;JIWA;2023/2024 GANJIL;L;TK;144
4380;15;JAMBI;1508;150807;PESERTA DIDIK;JIWA;2023/2024 GANJIL;L;KB;356
4381;15;JAMBI;1508;150807;PESERTA DIDIK;JIWA;2023/2024 GANJIL;L;TPA;0
4382;15;JAMBI;1508;150807;PESERTA DIDIK;JIWA;2023/2024 GANJIL;L;SPS;0
4383;15;JAMBI;1508;150807;PESERTA DIDIK;JIWA;2023/2024 GANJIL;L;PKBM;0
4384;15;JAMBI;1508;150807;PESERTA DIDIK;JIWA;2023/2024 GANJIL;L;SKB;0
4385;15;JAMBI;1508;150807;PESERTA DIDIK;JIWA;2023/2024 GANJIL;L;SD;957
4386;15;JAMBI;1508;150807;PESERTA DIDIK;JIWA;2023/2024 GANJIL;L;SMP;191
4387;15;JAMBI;1508;150807;PESERTA DIDIK;JIWA;2023/2024 GANJIL;L;SMA;172
4388;15;JAMBI;1508;150807;PESERTA DIDIK;JIWA;2023/2024 GANJIL;L;SMK;72
4389;15;JAMBI;1508;150807;PESERTA DIDIK;JIWA;2023/2024 GANJIL;L;SLB;0
4390;15;JAMBI;1508;150807;PESERTA DIDIK;JIWA;2023/2024 GANJIL;P;TK;163
4391;15;JAMBI;1508;150807;PESERTA DIDIK;JIWA;2023/2024 GANJIL;P;KB;337
4392;15;JAMBI;1508;150807;PESERTA DIDIK;JIWA;2023/2024 GANJIL;P;TPA;0
4393;15;JAMBI;1508;150807;PESERTA DIDIK;JIWA;2023/2024 GANJIL;P;SPS;0
4394;15;JAMBI;1508;150807;PESERTA DIDIK;JIWA;2023/2024 GANJIL;P;PKBM;0
4395;15;JAMBI;1508;150807;PESERTA DIDIK;JIWA;2023/2024 GANJIL;P;SKB;0
4396;15;JAMBI;1508;150807;PESERTA DIDIK;JIWA;2023/2024 GANJIL;P;SD;851
4397;15;JAMBI;1508;150807;PESERTA DIDIK;JIWA;2023/2024 GANJIL;P;SMP;192
4398;15;JAMBI;1508;150807;PESERTA DIDIK;JIWA;2023/2024 GANJIL;P;SMA;147
4399;15;JAMBI;1508;150807;PESERTA DIDIK;JIWA;2023/2024 GANJIL;P;SMK;48
4400;15;JAMBI;1508;150807;PESERTA DIDIK;JIWA;2023/2024 GANJIL;P;SLB;0
4401;15;JAMBI;1503;150302;PESERTA DIDIK;JIWA;2023/2024 GANJIL;L;TK;89
4402;15;JAMBI;1503;150302;PESERTA DIDIK;JIWA;2023/2024 GANJIL;L;KB;328
4403;15;JAMBI;1503;150302;PESERTA DIDIK;JIWA;2023/2024 GANJIL;L;TPA;0
4404;15;JAMBI;1503;150302;PESERTA DIDIK;JIWA;2023/2024 GANJIL;L;SPS;0
4405;15;JAMBI;1503;150302;PESERTA DIDIK;JIWA;2023/2024 GANJIL;L;PKBM;151
4406;15;JAMBI;1503;150302;PESERTA DIDIK;JIWA;2023/2024 GANJIL;L;SKB;0
4407;15;JAMBI;1503;150302;PESERTA DIDIK;JIWA;2023/2024 GANJIL;L;SD;1.165
4408;15;JAMBI;1503;150302;PESERTA DIDIK;JIWA;2023/2024 GANJIL;L;SMP;159
4409;15;JAMBI;1503;150302;PESERTA DIDIK;JIWA;2023/2024 GANJIL;L;SMA;194
4410;15;JAMBI;1503;150302;PESERTA DIDIK;JIWA;2023/2024 GANJIL;L;SMK;34
4411;15;JAMBI;1503;150302;PESERTA DIDIK;JIWA;2023/2024 GANJIL;L;SLB;0
4412;15;JAMBI;1503;150302;PESERTA DIDIK;JIWA;2023/2024 GANJIL;P;TK;85
4413;15;JAMBI;1503;150302;PESERTA DIDIK;JIWA;2023/2024 GANJIL;P;KB;291
4414;15;JAMBI;1503;150302;PESERTA DIDIK;JIWA;2023/2024 GANJIL;P;TPA;0
4415;15;JAMBI;1503;150302;PESERTA DIDIK;JIWA;2023/2024 GANJIL;P;SPS;0
4416;15;JAMBI;1503;150302;PESERTA DIDIK;JIWA;2023/2024 GANJIL;P;PKBM;69
4417;15;JAMBI;1503;150302;PESERTA DIDIK;JIWA;2023/2024 GANJIL;P;SKB;0
4418;15;JAMBI;1503;150302;PESERTA DIDIK;JIWA;2023/2024 GANJIL;P;SD;1.106
4419;15;JAMBI;1503;150302;PESERTA DIDIK;JIWA;2023/2024 GANJIL;P;SMP;164
4420;15;JAMBI;1503;150302;PESERTA DIDIK;JIWA;2023/2024 GANJIL;P;SMA;186
4421;15;JAMBI;1503;150302;PESERTA DIDIK;JIWA;2023/2024 GANJIL;P;SMK;25
4422;15;JAMBI;1503;150302;PESERTA DIDIK;JIWA;2023/2024 GANJIL;P;SLB;0
4423;15;JAMBI;1503;150306;PESERTA DIDIK;JIWA;2023/2024 GANJIL;L;TK;406
4424;15;JAMBI;1503;150306;PESERTA DIDIK;JIWA;2023/2024 GANJIL;L;KB;354
4425;15;JAMBI;1503;150306;PESERTA DIDIK;JIWA;2023/2024 GANJIL;L;TPA;0
4426;15;JAMBI;1503;150306;PESERTA DIDIK;JIWA;2023/2024 GANJIL;L;SPS;71
4427;15;JAMBI;1503;150306;PESERTA DIDIK;JIWA;2023/2024 GANJIL;L;PKBM;0
4428;15;JAMBI;1503;150306;PESERTA DIDIK;JIWA;2023/2024 GANJIL;L;SKB;0
4429;15;JAMBI;1503;150306;PESERTA DIDIK;JIWA;2023/2024 GANJIL;L;SD;1.503
4430;15;JAMBI;1503;150306;PESERTA DIDIK;JIWA;2023/2024 GANJIL;L;SMP;423
4431;15;JAMBI;1503;150306;PESERTA DIDIK;JIWA;2023/2024 GANJIL;L;SMA;287
4432;15;JAMBI;1503;150306;PESERTA DIDIK;JIWA;2023/2024 GANJIL;L;SMK;299
4433;15;JAMBI;1503;150306;PESERTA DIDIK;JIWA;2023/2024 GANJIL;L;SLB;0
4434;15;JAMBI;1503;150306;PESERTA DIDIK;JIWA;2023/2024 GANJIL;P;TK;375
4435;15;JAMBI;1503;150306;PESERTA DIDIK;JIWA;2023/2024 GANJIL;P;KB;342
4436;15;JAMBI;1503;150306;PESERTA DIDIK;JIWA;2023/2024 GANJIL;P;TPA;0
4437;15;JAMBI;1503;150306;PESERTA DIDIK;JIWA;2023/2024 GANJIL;P;SPS;74
4438;15;JAMBI;1503;150306;PESERTA DIDIK;JIWA;2023/2024 GANJIL;P;PKBM;0
4439;15;JAMBI;1503;150306;PESERTA DIDIK;JIWA;2023/2024 GANJIL;P;SKB;0
4440;15;JAMBI;1503;150306;PESERTA DIDIK;JIWA;2023/2024 GANJIL;P;SD;1.333
4441;15;JAMBI;1503;150306;PESERTA DIDIK;JIWA;2023/2024 GANJIL;P;SMP;440
4442;15;JAMBI;1503;150306;PESERTA DIDIK;JIWA;2023/2024 GANJIL;P;SMA;325
4443;15;JAMBI;1503;150306;PESERTA DIDIK;JIWA;2023/2024 GANJIL;P;SMK;241
4444;15;JAMBI;1503;150306;PESERTA DIDIK;JIWA;2023/2024 GANJIL;P;SLB;0
4445;15;JAMBI;1503;150311;PESERTA DIDIK;JIWA;2023/2024 GANJIL;L;TK;192
4446;15;JAMBI;1503;150311;PESERTA DIDIK;JIWA;2023/2024 GANJIL;L;KB;175
4447;15;JAMBI;1503;150311;PESERTA DIDIK;JIWA;2023/2024 GANJIL;L;TPA;0
4448;15;JAMBI;1503;150311;PESERTA DIDIK;JIWA;2023/2024 GANJIL;L;SPS;10
4449;15;JAMBI;1503;150311;PESERTA DIDIK;JIWA;2023/2024 GANJIL;L;PKBM;107
4450;15;JAMBI;1503;150311;PESERTA DIDIK;JIWA;2023/2024 GANJIL;L;SKB;0
4451;15;JAMBI;1503;150311;PESERTA DIDIK;JIWA;2023/2024 GANJIL;L;SD;817
4452;15;JAMBI;1503;150311;PESERTA DIDIK;JIWA;2023/2024 GANJIL;L;SMP;224
4453;15;JAMBI;1503;150311;PESERTA DIDIK;JIWA;2023/2024 GANJIL;L;SMA;0
4454;15;JAMBI;1503;150311;PESERTA DIDIK;JIWA;2023/2024 GANJIL;L;SMK;0
4455;15;JAMBI;1503;150311;PESERTA DIDIK;JIWA;2023/2024 GANJIL;L;SLB;0
4456;15;JAMBI;1503;150311;PESERTA DIDIK;JIWA;2023/2024 GANJIL;P;TK;195
4457;15;JAMBI;1503;150311;PESERTA DIDIK;JIWA;2023/2024 GANJIL;P;KB;188
4458;15;JAMBI;1503;150311;PESERTA DIDIK;JIWA;2023/2024 GANJIL;P;TPA;0
4459;15;JAMBI;1503;150311;PESERTA DIDIK;JIWA;2023/2024 GANJIL;P;SPS;4
4460;15;JAMBI;1503;150311;PESERTA DIDIK;JIWA;2023/2024 GANJIL;P;PKBM;60
4461;15;JAMBI;1503;150311;PESERTA DIDIK;JIWA;2023/2024 GANJIL;P;SKB;0
4462;15;JAMBI;1503;150311;PESERTA DIDIK;JIWA;2023/2024 GANJIL;P;SD;711
4463;15;JAMBI;1503;150311;PESERTA DIDIK;JIWA;2023/2024 GANJIL;P;SMP;215
4464;15;JAMBI;1503;150311;PESERTA DIDIK;JIWA;2023/2024 GANJIL;P;SMA;0
4465;15;JAMBI;1503;150311;PESERTA DIDIK;JIWA;2023/2024 GANJIL;P;SMK;0
4466;15;JAMBI;1503;150311;PESERTA DIDIK;JIWA;2023/2024 GANJIL;P;SLB;0
4467;15;JAMBI;1502;150221;PESERTA DIDIK;JIWA;2023/2024 GANJIL;L;TK;141
4468;15;JAMBI;1502;150221;PESERTA DIDIK;JIWA;2023/2024 GANJIL;L;KB;17
4469;15;JAMBI;1502;150221;PESERTA DIDIK;JIWA;2023/2024 GANJIL;L;TPA;1
4470;15;JAMBI;1502;150221;PESERTA DIDIK;JIWA;2023/2024 GANJIL;L;SPS;0
4471;15;JAMBI;1502;150221;PESERTA DIDIK;JIWA;2023/2024 GANJIL;L;PKBM;0
4472;15;JAMBI;1502;150221;PESERTA DIDIK;JIWA;2023/2024 GANJIL;L;SKB;0
4473;15;JAMBI;1502;150221;PESERTA DIDIK;JIWA;2023/2024 GANJIL;L;SD;792
4474;15;JAMBI;1502;150221;PESERTA DIDIK;JIWA;2023/2024 GANJIL;L;SMP;284
4475;15;JAMBI;1502;150221;PESERTA DIDIK;JIWA;2023/2024 GANJIL;L;SMA;150
4476;15;JAMBI;1502;150221;PESERTA DIDIK;JIWA;2023/2024 GANJIL;L;SMK;18
4477;15;JAMBI;1502;150221;PESERTA DIDIK;JIWA;2023/2024 GANJIL;L;SLB;0
4478;15;JAMBI;1502;150221;PESERTA DIDIK;JIWA;2023/2024 GANJIL;P;TK;131
4479;15;JAMBI;1502;150221;PESERTA DIDIK;JIWA;2023/2024 GANJIL;P;KB;30
4480;15;JAMBI;1502;150221;PESERTA DIDIK;JIWA;2023/2024 GANJIL;P;TPA;1
4481;15;JAMBI;1502;150221;PESERTA DIDIK;JIWA;2023/2024 GANJIL;P;SPS;0
4482;15;JAMBI;1502;150221;PESERTA DIDIK;JIWA;2023/2024 GANJIL;P;PKBM;0
4483;15;JAMBI;1502;150221;PESERTA DIDIK;JIWA;2023/2024 GANJIL;P;SKB;0
4484;15;JAMBI;1502;150221;PESERTA DIDIK;JIWA;2023/2024 GANJIL;P;SD;727
4485;15;JAMBI;1502;150221;PESERTA DIDIK;JIWA;2023/2024 GANJIL;P;SMP;307
4486;15;JAMBI;1502;150221;PESERTA DIDIK;JIWA;2023/2024 GANJIL;P;SMA;258
4487;15;JAMBI;1502;150221;PESERTA DIDIK;JIWA;2023/2024 GANJIL;P;SMK;34
4488;15;JAMBI;1502;150221;PESERTA DIDIK;JIWA;2023/2024 GANJIL;P;SLB;0
4489;15;JAMBI;1505;150504;PESERTA DIDIK;JIWA;2023/2024 GANJIL;L;TK;191
4490;15;JAMBI;1505;150504;PESERTA DIDIK;JIWA;2023/2024 GANJIL;L;KB;59
4491;15;JAMBI;1505;150504;PESERTA DIDIK;JIWA;2023/2024 GANJIL;L;TPA;0
4492;15;JAMBI;1505;150504;PESERTA DIDIK;JIWA;2023/2024 GANJIL;L;SPS;0
4493;15;JAMBI;1505;150504;PESERTA DIDIK;JIWA;2023/2024 GANJIL;L;PKBM;86
4494;15;JAMBI;1505;150504;PESERTA DIDIK;JIWA;2023/2024 GANJIL;L;SKB;0
4495;15;JAMBI;1505;150504;PESERTA DIDIK;JIWA;2023/2024 GANJIL;L;SD;1.293
4496;15;JAMBI;1505;150504;PESERTA DIDIK;JIWA;2023/2024 GANJIL;L;SMP;307
4497;15;JAMBI;1505;150504;PESERTA DIDIK;JIWA;2023/2024 GANJIL;L;SMA;245
4498;15;JAMBI;1505;150504;PESERTA DIDIK;JIWA;2023/2024 GANJIL;L;SMK;47
4499;15;JAMBI;1505;150504;PESERTA DIDIK;JIWA;2023/2024 GANJIL;L;SLB;0
4500;15;JAMBI;1505;150504;PESERTA DIDIK;JIWA;2023/2024 GANJIL;P;TK;167
4501;15;JAMBI;1505;150504;PESERTA DIDIK;JIWA;2023/2024 GANJIL;P;KB;50
4502;15;JAMBI;1505;150504;PESERTA DIDIK;JIWA;2023/2024 GANJIL;P;TPA;0
4503;15;JAMBI;1505;150504;PESERTA DIDIK;JIWA;2023/2024 GANJIL;P;SPS;0
4504;15;JAMBI;1505;150504;PESERTA DIDIK;JIWA;2023/2024 GANJIL;P;PKBM;69
4505;15;JAMBI;1505;150504;PESERTA DIDIK;JIWA;2023/2024 GANJIL;P;SKB;0
4506;15;JAMBI;1505;150504;PESERTA DIDIK;JIWA;2023/2024 GANJIL;P;SD;1.199
4507;15;JAMBI;1505;150504;PESERTA DIDIK;JIWA;2023/2024 GANJIL;P;SMP;381
4508;15;JAMBI;1505;150504;PESERTA DIDIK;JIWA;2023/2024 GANJIL;P;SMA;285
4509;15;JAMBI;1505;150504;PESERTA DIDIK;JIWA;2023/2024 GANJIL;P;SMK;39
4510;15;JAMBI;1505;150504;PESERTA DIDIK;JIWA;2023/2024 GANJIL;P;SLB;0
4511;15;JAMBI;1504;150408;PESERTA DIDIK;JIWA;2023/2024 GANJIL;L;TK;181
4512;15;JAMBI;1504;150408;PESERTA DIDIK;JIWA;2023/2024 GANJIL;L;KB;149
4513;15;JAMBI;1504;150408;PESERTA DIDIK;JIWA;2023/2024 GANJIL;L;TPA;14
4514;15;JAMBI;1504;150408;PESERTA DIDIK;JIWA;2023/2024 GANJIL;L;SPS;0
4515;15;JAMBI;1504;150408;PESERTA DIDIK;JIWA;2023/2024 GANJIL;L;PKBM;0
4516;15;JAMBI;1504;150408;PESERTA DIDIK;JIWA;2023/2024 GANJIL;L;SKB;0
4517;15;JAMBI;1504;150408;PESERTA DIDIK;JIWA;2023/2024 GANJIL;L;SD;865
4518;15;JAMBI;1504;150408;PESERTA DIDIK;JIWA;2023/2024 GANJIL;L;SMP;231
4519;15;JAMBI;1504;150408;PESERTA DIDIK;JIWA;2023/2024 GANJIL;L;SMA;114
4520;15;JAMBI;1504;150408;PESERTA DIDIK;JIWA;2023/2024 GANJIL;L;SMK;68
4521;15;JAMBI;1504;150408;PESERTA DIDIK;JIWA;2023/2024 GANJIL;L;SLB;0
4522;15;JAMBI;1504;150408;PESERTA DIDIK;JIWA;2023/2024 GANJIL;P;TK;169
4523;15;JAMBI;1504;150408;PESERTA DIDIK;JIWA;2023/2024 GANJIL;P;KB;145
4524;15;JAMBI;1504;150408;PESERTA DIDIK;JIWA;2023/2024 GANJIL;P;TPA;10
4525;15;JAMBI;1504;150408;PESERTA DIDIK;JIWA;2023/2024 GANJIL;P;SPS;0
4526;15;JAMBI;1504;150408;PESERTA DIDIK;JIWA;2023/2024 GANJIL;P;PKBM;0
4527;15;JAMBI;1504;150408;PESERTA DIDIK;JIWA;2023/2024 GANJIL;P;SKB;0
4528;15;JAMBI;1504;150408;PESERTA DIDIK;JIWA;2023/2024 GANJIL;P;SD;782
4529;15;JAMBI;1504;150408;PESERTA DIDIK;JIWA;2023/2024 GANJIL;P;SMP;204
4530;15;JAMBI;1504;150408;PESERTA DIDIK;JIWA;2023/2024 GANJIL;P;SMA;76
4531;15;JAMBI;1504;150408;PESERTA DIDIK;JIWA;2023/2024 GANJIL;P;SMK;31
4532;15;JAMBI;1504;150408;PESERTA DIDIK;JIWA;2023/2024 GANJIL;P;SLB;0
4533;15;JAMBI;1504;150406;PESERTA DIDIK;JIWA;2023/2024 GANJIL;L;TK;493
4534;15;JAMBI;1504;150406;PESERTA DIDIK;JIWA;2023/2024 GANJIL;L;KB;437
4535;15;JAMBI;1504;150406;PESERTA DIDIK;JIWA;2023/2024 GANJIL;L;TPA;0
4536;15;JAMBI;1504;150406;PESERTA DIDIK;JIWA;2023/2024 GANJIL;L;SPS;16
4537;15;JAMBI;1504;150406;PESERTA DIDIK;JIWA;2023/2024 GANJIL;L;PKBM;168
4538;15;JAMBI;1504;150406;PESERTA DIDIK;JIWA;2023/2024 GANJIL;L;SKB;0
4539;15;JAMBI;1504;150406;PESERTA DIDIK;JIWA;2023/2024 GANJIL;L;SD;2.103
4540;15;JAMBI;1504;150406;PESERTA DIDIK;JIWA;2023/2024 GANJIL;L;SMP;507
4541;15;JAMBI;1504;150406;PESERTA DIDIK;JIWA;2023/2024 GANJIL;L;SMA;385
4542;15;JAMBI;1504;150406;PESERTA DIDIK;JIWA;2023/2024 GANJIL;L;SMK;199
4543;15;JAMBI;1504;150406;PESERTA DIDIK;JIWA;2023/2024 GANJIL;L;SLB;0
4544;15;JAMBI;1504;150406;PESERTA DIDIK;JIWA;2023/2024 GANJIL;P;TK;428
4545;15;JAMBI;1504;150406;PESERTA DIDIK;JIWA;2023/2024 GANJIL;P;KB;393
4546;15;JAMBI;1504;150406;PESERTA DIDIK;JIWA;2023/2024 GANJIL;P;TPA;0
4547;15;JAMBI;1504;150406;PESERTA DIDIK;JIWA;2023/2024 GANJIL;P;SPS;10
4548;15;JAMBI;1504;150406;PESERTA DIDIK;JIWA;2023/2024 GANJIL;P;PKBM;79
4549;15;JAMBI;1504;150406;PESERTA DIDIK;JIWA;2023/2024 GANJIL;P;SKB;0
4550;15;JAMBI;1504;150406;PESERTA DIDIK;JIWA;2023/2024 GANJIL;P;SD;1.911
4551;15;JAMBI;1504;150406;PESERTA DIDIK;JIWA;2023/2024 GANJIL;P;SMP;438
4552;15;JAMBI;1504;150406;PESERTA DIDIK;JIWA;2023/2024 GANJIL;P;SMA;408
4553;15;JAMBI;1504;150406;PESERTA DIDIK;JIWA;2023/2024 GANJIL;P;SMK;225
4554;15;JAMBI;1504;150406;PESERTA DIDIK;JIWA;2023/2024 GANJIL;P;SLB;0
4555;15;JAMBI;1507;150703;PESERTA DIDIK;JIWA;2023/2024 GANJIL;L;TK;104
4556;15;JAMBI;1507;150703;PESERTA DIDIK;JIWA;2023/2024 GANJIL;L;KB;365
4557;15;JAMBI;1507;150703;PESERTA DIDIK;JIWA;2023/2024 GANJIL;L;TPA;0
4558;15;JAMBI;1507;150703;PESERTA DIDIK;JIWA;2023/2024 GANJIL;L;SPS;0
4559;15;JAMBI;1507;150703;PESERTA DIDIK;JIWA;2023/2024 GANJIL;L;PKBM;0
4560;15;JAMBI;1507;150703;PESERTA DIDIK;JIWA;2023/2024 GANJIL;L;SKB;0
4561;15;JAMBI;1507;150703;PESERTA DIDIK;JIWA;2023/2024 GANJIL;L;SD;1.095
4562;15;JAMBI;1507;150703;PESERTA DIDIK;JIWA;2023/2024 GANJIL;L;SMP;170
4563;15;JAMBI;1507;150703;PESERTA DIDIK;JIWA;2023/2024 GANJIL;L;SMA;139
4564;15;JAMBI;1507;150703;PESERTA DIDIK;JIWA;2023/2024 GANJIL;L;SMK;0
4565;15;JAMBI;1507;150703;PESERTA DIDIK;JIWA;2023/2024 GANJIL;L;SLB;0
4566;15;JAMBI;1507;150703;PESERTA DIDIK;JIWA;2023/2024 GANJIL;P;TK;99
4567;15;JAMBI;1507;150703;PESERTA DIDIK;JIWA;2023/2024 GANJIL;P;KB;349
4568;15;JAMBI;1507;150703;PESERTA DIDIK;JIWA;2023/2024 GANJIL;P;TPA;0
4569;15;JAMBI;1507;150703;PESERTA DIDIK;JIWA;2023/2024 GANJIL;P;SPS;0
4570;15;JAMBI;1507;150703;PESERTA DIDIK;JIWA;2023/2024 GANJIL;P;PKBM;0
4571;15;JAMBI;1507;150703;PESERTA DIDIK;JIWA;2023/2024 GANJIL;P;SKB;0
4572;15;JAMBI;1507;150703;PESERTA DIDIK;JIWA;2023/2024 GANJIL;P;SD;979
4573;15;JAMBI;1507;150703;PESERTA DIDIK;JIWA;2023/2024 GANJIL;P;SMP;156
4574;15;JAMBI;1507;150703;PESERTA DIDIK;JIWA;2023/2024 GANJIL;P;SMA;165
4575;15;JAMBI;1507;150703;PESERTA DIDIK;JIWA;2023/2024 GANJIL;P;SMK;0
4576;15;JAMBI;1507;150703;PESERTA DIDIK;JIWA;2023/2024 GANJIL;P;SLB;0
4577;15;JAMBI;1507;150709;PESERTA DIDIK;JIWA;2023/2024 GANJIL;L;TK;40
4578;15;JAMBI;1507;150709;PESERTA DIDIK;JIWA;2023/2024 GANJIL;L;KB;234
4579;15;JAMBI;1507;150709;PESERTA DIDIK;JIWA;2023/2024 GANJIL;L;TPA;16
4580;15;JAMBI;1507;150709;PESERTA DIDIK;JIWA;2023/2024 GANJIL;L;SPS;0
4581;15;JAMBI;1507;150709;PESERTA DIDIK;JIWA;2023/2024 GANJIL;L;PKBM;0
4582;15;JAMBI;1507;150709;PESERTA DIDIK;JIWA;2023/2024 GANJIL;L;SKB;0
4583;15;JAMBI;1507;150709;PESERTA DIDIK;JIWA;2023/2024 GANJIL;L;SD;1.001
4584;15;JAMBI;1507;150709;PESERTA DIDIK;JIWA;2023/2024 GANJIL;L;SMP;283
4585;15;JAMBI;1507;150709;PESERTA DIDIK;JIWA;2023/2024 GANJIL;L;SMA;0
4586;15;JAMBI;1507;150709;PESERTA DIDIK;JIWA;2023/2024 GANJIL;L;SMK;144
4587;15;JAMBI;1507;150709;PESERTA DIDIK;JIWA;2023/2024 GANJIL;L;SLB;0
4588;15;JAMBI;1507;150709;PESERTA DIDIK;JIWA;2023/2024 GANJIL;P;TK;33
4589;15;JAMBI;1507;150709;PESERTA DIDIK;JIWA;2023/2024 GANJIL;P;KB;223
4590;15;JAMBI;1507;150709;PESERTA DIDIK;JIWA;2023/2024 GANJIL;P;TPA;18
4591;15;JAMBI;1507;150709;PESERTA DIDIK;JIWA;2023/2024 GANJIL;P;SPS;0
4592;15;JAMBI;1507;150709;PESERTA DIDIK;JIWA;2023/2024 GANJIL;P;PKBM;0
4593;15;JAMBI;1507;150709;PESERTA DIDIK;JIWA;2023/2024 GANJIL;P;SKB;0
4594;15;JAMBI;1507;150709;PESERTA DIDIK;JIWA;2023/2024 GANJIL;P;SD;897
4595;15;JAMBI;1507;150709;PESERTA DIDIK;JIWA;2023/2024 GANJIL;P;SMP;330
4596;15;JAMBI;1507;150709;PESERTA DIDIK;JIWA;2023/2024 GANJIL;P;SMA;0
4597;15;JAMBI;1507;150709;PESERTA DIDIK;JIWA;2023/2024 GANJIL;P;SMK;170
4598;15;JAMBI;1507;150709;PESERTA DIDIK;JIWA;2023/2024 GANJIL;P;SLB;0
4599;15;JAMBI;1506;150605;PESERTA DIDIK;JIWA;2023/2024 GANJIL;L;TK;193
4600;15;JAMBI;1506;150605;PESERTA DIDIK;JIWA;2023/2024 GANJIL;L;KB;71
4601;15;JAMBI;1506;150605;PESERTA DIDIK;JIWA;2023/2024 GANJIL;L;TPA;18
4602;15;JAMBI;1506;150605;PESERTA DIDIK;JIWA;2023/2024 GANJIL;L;SPS;45
4603;15;JAMBI;1506;150605;PESERTA DIDIK;JIWA;2023/2024 GANJIL;L;PKBM;0
4604;15;JAMBI;1506;150605;PESERTA DIDIK;JIWA;2023/2024 GANJIL;L;SKB;0
4605;15;JAMBI;1506;150605;PESERTA DIDIK;JIWA;2023/2024 GANJIL;L;SD;1.012
4606;15;JAMBI;1506;150605;PESERTA DIDIK;JIWA;2023/2024 GANJIL;L;SMP;347
4607;15;JAMBI;1506;150605;PESERTA DIDIK;JIWA;2023/2024 GANJIL;L;SMA;222
4608;15;JAMBI;1506;150605;PESERTA DIDIK;JIWA;2023/2024 GANJIL;L;SMK;186
4609;15;JAMBI;1506;150605;PESERTA DIDIK;JIWA;2023/2024 GANJIL;L;SLB;22
4610;15;JAMBI;1506;150605;PESERTA DIDIK;JIWA;2023/2024 GANJIL;P;TK;161
4611;15;JAMBI;1506;150605;PESERTA DIDIK;JIWA;2023/2024 GANJIL;P;KB;88
4612;15;JAMBI;1506;150605;PESERTA DIDIK;JIWA;2023/2024 GANJIL;P;TPA;20
4613;15;JAMBI;1506;150605;PESERTA DIDIK;JIWA;2023/2024 GANJIL;P;SPS;82
4614;15;JAMBI;1506;150605;PESERTA DIDIK;JIWA;2023/2024 GANJIL;P;PKBM;0
4615;15;JAMBI;1506;150605;PESERTA DIDIK;JIWA;2023/2024 GANJIL;P;SKB;0
4616;15;JAMBI;1506;150605;PESERTA DIDIK;JIWA;2023/2024 GANJIL;P;SD;963
4617;15;JAMBI;1506;150605;PESERTA DIDIK;JIWA;2023/2024 GANJIL;P;SMP;295
4618;15;JAMBI;1506;150605;PESERTA DIDIK;JIWA;2023/2024 GANJIL;P;SMA;321
4619;15;JAMBI;1506;150605;PESERTA DIDIK;JIWA;2023/2024 GANJIL;P;SMK;79
4620;15;JAMBI;1506;150605;PESERTA DIDIK;JIWA;2023/2024 GANJIL;P;SLB;9
4621;15;JAMBI;1504;150401;PESERTA DIDIK;JIWA;2023/2024 GANJIL;L;TK;381
4622;15;JAMBI;1504;150401;PESERTA DIDIK;JIWA;2023/2024 GANJIL;L;KB;365
4623;15;JAMBI;1504;150401;PESERTA DIDIK;JIWA;2023/2024 GANJIL;L;TPA;0
4624;15;JAMBI;1504;150401;PESERTA DIDIK;JIWA;2023/2024 GANJIL;L;SPS;0
4625;15;JAMBI;1504;150401;PESERTA DIDIK;JIWA;2023/2024 GANJIL;L;PKBM;115
4626;15;JAMBI;1504;150401;PESERTA DIDIK;JIWA;2023/2024 GANJIL;L;SKB;0
4627;15;JAMBI;1504;150401;PESERTA DIDIK;JIWA;2023/2024 GANJIL;L;SD;1.718
4628;15;JAMBI;1504;150401;PESERTA DIDIK;JIWA;2023/2024 GANJIL;L;SMP;335
4629;15;JAMBI;1504;150401;PESERTA DIDIK;JIWA;2023/2024 GANJIL;L;SMA;218
4630;15;JAMBI;1504;150401;PESERTA DIDIK;JIWA;2023/2024 GANJIL;L;SMK;100
4631;15;JAMBI;1504;150401;PESERTA DIDIK;JIWA;2023/2024 GANJIL;L;SLB;0
4632;15;JAMBI;1504;150401;PESERTA DIDIK;JIWA;2023/2024 GANJIL;P;TK;344
4633;15;JAMBI;1504;150401;PESERTA DIDIK;JIWA;2023/2024 GANJIL;P;KB;399
4634;15;JAMBI;1504;150401;PESERTA DIDIK;JIWA;2023/2024 GANJIL;P;TPA;0
4635;15;JAMBI;1504;150401;PESERTA DIDIK;JIWA;2023/2024 GANJIL;P;SPS;0
4636;15;JAMBI;1504;150401;PESERTA DIDIK;JIWA;2023/2024 GANJIL;P;PKBM;131
4637;15;JAMBI;1504;150401;PESERTA DIDIK;JIWA;2023/2024 GANJIL;P;SKB;0
4638;15;JAMBI;1504;150401;PESERTA DIDIK;JIWA;2023/2024 GANJIL;P;SD;1.571
4639;15;JAMBI;1504;150401;PESERTA DIDIK;JIWA;2023/2024 GANJIL;P;SMP;342
4640;15;JAMBI;1504;150401;PESERTA DIDIK;JIWA;2023/2024 GANJIL;P;SMA;211
4641;15;JAMBI;1504;150401;PESERTA DIDIK;JIWA;2023/2024 GANJIL;P;SMK;42
4642;15;JAMBI;1504;150401;PESERTA DIDIK;JIWA;2023/2024 GANJIL;P;SLB;0
4643;15;JAMBI;1505;150505;PESERTA DIDIK;JIWA;2023/2024 GANJIL;L;TK;289
4644;15;JAMBI;1505;150505;PESERTA DIDIK;JIWA;2023/2024 GANJIL;L;KB;154
4645;15;JAMBI;1505;150505;PESERTA DIDIK;JIWA;2023/2024 GANJIL;L;TPA;0
4646;15;JAMBI;1505;150505;PESERTA DIDIK;JIWA;2023/2024 GANJIL;L;SPS;0
4647;15;JAMBI;1505;150505;PESERTA DIDIK;JIWA;2023/2024 GANJIL;L;PKBM;0
4648;15;JAMBI;1505;150505;PESERTA DIDIK;JIWA;2023/2024 GANJIL;L;SKB;0
4649;15;JAMBI;1505;150505;PESERTA DIDIK;JIWA;2023/2024 GANJIL;L;SD;2.107
4650;15;JAMBI;1505;150505;PESERTA DIDIK;JIWA;2023/2024 GANJIL;L;SMP;1.170
4651;15;JAMBI;1505;150505;PESERTA DIDIK;JIWA;2023/2024 GANJIL;L;SMA;622
4652;15;JAMBI;1505;150505;PESERTA DIDIK;JIWA;2023/2024 GANJIL;L;SMK;452
4653;15;JAMBI;1505;150505;PESERTA DIDIK;JIWA;2023/2024 GANJIL;L;SLB;0
4654;15;JAMBI;1505;150505;PESERTA DIDIK;JIWA;2023/2024 GANJIL;P;TK;283
4655;15;JAMBI;1505;150505;PESERTA DIDIK;JIWA;2023/2024 GANJIL;P;KB;143
4656;15;JAMBI;1505;150505;PESERTA DIDIK;JIWA;2023/2024 GANJIL;P;TPA;0
4657;15;JAMBI;1505;150505;PESERTA DIDIK;JIWA;2023/2024 GANJIL;P;SPS;0
4658;15;JAMBI;1505;150505;PESERTA DIDIK;JIWA;2023/2024 GANJIL;P;PKBM;0
4659;15;JAMBI;1505;150505;PESERTA DIDIK;JIWA;2023/2024 GANJIL;P;SKB;0
4660;15;JAMBI;1505;150505;PESERTA DIDIK;JIWA;2023/2024 GANJIL;P;SD;1.884
4661;15;JAMBI;1505;150505;PESERTA DIDIK;JIWA;2023/2024 GANJIL;P;SMP;1.145
4662;15;JAMBI;1505;150505;PESERTA DIDIK;JIWA;2023/2024 GANJIL;P;SMA;801
4663;15;JAMBI;1505;150505;PESERTA DIDIK;JIWA;2023/2024 GANJIL;P;SMK;322
4664;15;JAMBI;1505;150505;PESERTA DIDIK;JIWA;2023/2024 GANJIL;P;SLB;0
4665;15;JAMBI;1504;150403;PESERTA DIDIK;JIWA;2023/2024 GANJIL;L;TK;742
4666;15;JAMBI;1504;150403;PESERTA DIDIK;JIWA;2023/2024 GANJIL;L;KB;418
4667;15;JAMBI;1504;150403;PESERTA DIDIK;JIWA;2023/2024 GANJIL;L;TPA;27
4668;15;JAMBI;1504;150403;PESERTA DIDIK;JIWA;2023/2024 GANJIL;L;SPS;52
4669;15;JAMBI;1504;150403;PESERTA DIDIK;JIWA;2023/2024 GANJIL;L;PKBM;832
4670;15;JAMBI;1504;150403;PESERTA DIDIK;JIWA;2023/2024 GANJIL;L;SKB;59
4671;15;JAMBI;1504;150403;PESERTA DIDIK;JIWA;2023/2024 GANJIL;L;SD;3.275
4672;15;JAMBI;1504;150403;PESERTA DIDIK;JIWA;2023/2024 GANJIL;L;SMP;1.647
4673;15;JAMBI;1504;150403;PESERTA DIDIK;JIWA;2023/2024 GANJIL;L;SMA;1.300
4674;15;JAMBI;1504;150403;PESERTA DIDIK;JIWA;2023/2024 GANJIL;L;SMK;833
4675;15;JAMBI;1504;150403;PESERTA DIDIK;JIWA;2023/2024 GANJIL;L;SLB;112
4676;15;JAMBI;1504;150403;PESERTA DIDIK;JIWA;2023/2024 GANJIL;P;TK;669
4677;15;JAMBI;1504;150403;PESERTA DIDIK;JIWA;2023/2024 GANJIL;P;KB;405
4678;15;JAMBI;1504;150403;PESERTA DIDIK;JIWA;2023/2024 GANJIL;P;TPA;25
4679;15;JAMBI;1504;150403;PESERTA DIDIK;JIWA;2023/2024 GANJIL;P;SPS;52
4680;15;JAMBI;1504;150403;PESERTA DIDIK;JIWA;2023/2024 GANJIL;P;PKBM;535
4681;15;JAMBI;1504;150403;PESERTA DIDIK;JIWA;2023/2024 GANJIL;P;SKB;21
4682;15;JAMBI;1504;150403;PESERTA DIDIK;JIWA;2023/2024 GANJIL;P;SD;3.067
4683;15;JAMBI;1504;150403;PESERTA DIDIK;JIWA;2023/2024 GANJIL;P;SMP;1.504
4684;15;JAMBI;1504;150403;PESERTA DIDIK;JIWA;2023/2024 GANJIL;P;SMA;1.489
4685;15;JAMBI;1504;150403;PESERTA DIDIK;JIWA;2023/2024 GANJIL;P;SMK;786
4686;15;JAMBI;1504;150403;PESERTA DIDIK;JIWA;2023/2024 GANJIL;P;SLB;59
4687;15;JAMBI;1506;150609;PESERTA DIDIK;JIWA;2023/2024 GANJIL;L;TK;75
4688;15;JAMBI;1506;150609;PESERTA DIDIK;JIWA;2023/2024 GANJIL;L;KB;138
4689;15;JAMBI;1506;150609;PESERTA DIDIK;JIWA;2023/2024 GANJIL;L;TPA;0
4690;15;JAMBI;1506;150609;PESERTA DIDIK;JIWA;2023/2024 GANJIL;L;SPS;0
4691;15;JAMBI;1506;150609;PESERTA DIDIK;JIWA;2023/2024 GANJIL;L;PKBM;0
4692;15;JAMBI;1506;150609;PESERTA DIDIK;JIWA;2023/2024 GANJIL;L;SKB;0
4693;15;JAMBI;1506;150609;PESERTA DIDIK;JIWA;2023/2024 GANJIL;L;SD;580
4694;15;JAMBI;1506;150609;PESERTA DIDIK;JIWA;2023/2024 GANJIL;L;SMP;129
4695;15;JAMBI;1506;150609;PESERTA DIDIK;JIWA;2023/2024 GANJIL;L;SMA;74
4696;15;JAMBI;1506;150609;PESERTA DIDIK;JIWA;2023/2024 GANJIL;L;SMK;0
4697;15;JAMBI;1506;150609;PESERTA DIDIK;JIWA;2023/2024 GANJIL;L;SLB;0
4698;15;JAMBI;1506;150609;PESERTA DIDIK;JIWA;2023/2024 GANJIL;P;TK;65
4699;15;JAMBI;1506;150609;PESERTA DIDIK;JIWA;2023/2024 GANJIL;P;KB;132
4700;15;JAMBI;1506;150609;PESERTA DIDIK;JIWA;2023/2024 GANJIL;P;TPA;0
4701;15;JAMBI;1506;150609;PESERTA DIDIK;JIWA;2023/2024 GANJIL;P;SPS;0
4702;15;JAMBI;1506;150609;PESERTA DIDIK;JIWA;2023/2024 GANJIL;P;PKBM;0
4703;15;JAMBI;1506;150609;PESERTA DIDIK;JIWA;2023/2024 GANJIL;P;SKB;0
4704;15;JAMBI;1506;150609;PESERTA DIDIK;JIWA;2023/2024 GANJIL;P;SD;549
4705;15;JAMBI;1506;150609;PESERTA DIDIK;JIWA;2023/2024 GANJIL;P;SMP;121
4706;15;JAMBI;1506;150609;PESERTA DIDIK;JIWA;2023/2024 GANJIL;P;SMA;84
4707;15;JAMBI;1506;150609;PESERTA DIDIK;JIWA;2023/2024 GANJIL;P;SMK;0
4708;15;JAMBI;1506;150609;PESERTA DIDIK;JIWA;2023/2024 GANJIL;P;SLB;0
4709;15;JAMBI;1507;150707;PESERTA DIDIK;JIWA;2023/2024 GANJIL;L;TK;160
4710;15;JAMBI;1507;150707;PESERTA DIDIK;JIWA;2023/2024 GANJIL;L;KB;250
4711;15;JAMBI;1507;150707;PESERTA DIDIK;JIWA;2023/2024 GANJIL;L;TPA;6
4712;15;JAMBI;1507;150707;PESERTA DIDIK;JIWA;2023/2024 GANJIL;L;SPS;0
4713;15;JAMBI;1507;150707;PESERTA DIDIK;JIWA;2023/2024 GANJIL;L;PKBM;0
4714;15;JAMBI;1507;150707;PESERTA DIDIK;JIWA;2023/2024 GANJIL;L;SKB;0
4715;15;JAMBI;1507;150707;PESERTA DIDIK;JIWA;2023/2024 GANJIL;L;SD;1.372
4716;15;JAMBI;1507;150707;PESERTA DIDIK;JIWA;2023/2024 GANJIL;L;SMP;541
4717;15;JAMBI;1507;150707;PESERTA DIDIK;JIWA;2023/2024 GANJIL;L;SMA;284
4718;15;JAMBI;1507;150707;PESERTA DIDIK;JIWA;2023/2024 GANJIL;L;SMK;249
4719;15;JAMBI;1507;150707;PESERTA DIDIK;JIWA;2023/2024 GANJIL;L;SLB;81
4720;15;JAMBI;1507;150707;PESERTA DIDIK;JIWA;2023/2024 GANJIL;P;TK;164
4721;15;JAMBI;1507;150707;PESERTA DIDIK;JIWA;2023/2024 GANJIL;P;KB;266
4722;15;JAMBI;1507;150707;PESERTA DIDIK;JIWA;2023/2024 GANJIL;P;TPA;7
4723;15;JAMBI;1507;150707;PESERTA DIDIK;JIWA;2023/2024 GANJIL;P;SPS;0
4724;15;JAMBI;1507;150707;PESERTA DIDIK;JIWA;2023/2024 GANJIL;P;PKBM;0
4725;15;JAMBI;1507;150707;PESERTA DIDIK;JIWA;2023/2024 GANJIL;P;SKB;0
4726;15;JAMBI;1507;150707;PESERTA DIDIK;JIWA;2023/2024 GANJIL;P;SD;1.306
4727;15;JAMBI;1507;150707;PESERTA DIDIK;JIWA;2023/2024 GANJIL;P;SMP;550
4728;15;JAMBI;1507;150707;PESERTA DIDIK;JIWA;2023/2024 GANJIL;P;SMA;323
4729;15;JAMBI;1507;150707;PESERTA DIDIK;JIWA;2023/2024 GANJIL;P;SMK;131
4730;15;JAMBI;1507;150707;PESERTA DIDIK;JIWA;2023/2024 GANJIL;P;SLB;43
4731;15;JAMBI;1507;150701;PESERTA DIDIK;JIWA;2023/2024 GANJIL;L;TK;146
4732;15;JAMBI;1507;150701;PESERTA DIDIK;JIWA;2023/2024 GANJIL;L;KB;402
4733;15;JAMBI;1507;150701;PESERTA DIDIK;JIWA;2023/2024 GANJIL;L;TPA;24
4734;15;JAMBI;1507;150701;PESERTA DIDIK;JIWA;2023/2024 GANJIL;L;SPS;53
4735;15;JAMBI;1507;150701;PESERTA DIDIK;JIWA;2023/2024 GANJIL;L;PKBM;16
4736;15;JAMBI;1507;150701;PESERTA DIDIK;JIWA;2023/2024 GANJIL;L;SKB;143
4737;15;JAMBI;1507;150701;PESERTA DIDIK;JIWA;2023/2024 GANJIL;L;SD;1.798
4738;15;JAMBI;1507;150701;PESERTA DIDIK;JIWA;2023/2024 GANJIL;L;SMP;438
4739;15;JAMBI;1507;150701;PESERTA DIDIK;JIWA;2023/2024 GANJIL;L;SMA;176
4740;15;JAMBI;1507;150701;PESERTA DIDIK;JIWA;2023/2024 GANJIL;L;SMK;134
4741;15;JAMBI;1507;150701;PESERTA DIDIK;JIWA;2023/2024 GANJIL;L;SLB;0
4742;15;JAMBI;1507;150701;PESERTA DIDIK;JIWA;2023/2024 GANJIL;P;TK;135
4743;15;JAMBI;1507;150701;PESERTA DIDIK;JIWA;2023/2024 GANJIL;P;KB;333
4744;15;JAMBI;1507;150701;PESERTA DIDIK;JIWA;2023/2024 GANJIL;P;TPA;22
4745;15;JAMBI;1507;150701;PESERTA DIDIK;JIWA;2023/2024 GANJIL;P;SPS;32
4746;15;JAMBI;1507;150701;PESERTA DIDIK;JIWA;2023/2024 GANJIL;P;PKBM;5
4747;15;JAMBI;1507;150701;PESERTA DIDIK;JIWA;2023/2024 GANJIL;P;SKB;76
4748;15;JAMBI;1507;150701;PESERTA DIDIK;JIWA;2023/2024 GANJIL;P;SD;1.582
4749;15;JAMBI;1507;150701;PESERTA DIDIK;JIWA;2023/2024 GANJIL;P;SMP;483
4750;15;JAMBI;1507;150701;PESERTA DIDIK;JIWA;2023/2024 GANJIL;P;SMA;265
4751;15;JAMBI;1507;150701;PESERTA DIDIK;JIWA;2023/2024 GANJIL;P;SMK;101
4752;15;JAMBI;1507;150701;PESERTA DIDIK;JIWA;2023/2024 GANJIL;P;SLB;0
4753;15;JAMBI;1502;150203;PESERTA DIDIK;JIWA;2023/2024 GANJIL;L;TK;89
4754;15;JAMBI;1502;150203;PESERTA DIDIK;JIWA;2023/2024 GANJIL;L;KB;191
4755;15;JAMBI;1502;150203;PESERTA DIDIK;JIWA;2023/2024 GANJIL;L;TPA;0
4756;15;JAMBI;1502;150203;PESERTA DIDIK;JIWA;2023/2024 GANJIL;L;SPS;0
4757;15;JAMBI;1502;150203;PESERTA DIDIK;JIWA;2023/2024 GANJIL;L;PKBM;31
4758;15;JAMBI;1502;150203;PESERTA DIDIK;JIWA;2023/2024 GANJIL;L;SKB;0
4759;15;JAMBI;1502;150203;PESERTA DIDIK;JIWA;2023/2024 GANJIL;L;SD;588
4760;15;JAMBI;1502;150203;PESERTA DIDIK;JIWA;2023/2024 GANJIL;L;SMP;104
4761;15;JAMBI;1502;150203;PESERTA DIDIK;JIWA;2023/2024 GANJIL;L;SMA;81
4762;15;JAMBI;1502;150203;PESERTA DIDIK;JIWA;2023/2024 GANJIL;L;SMK;0
4763;15;JAMBI;1502;150203;PESERTA DIDIK;JIWA;2023/2024 GANJIL;L;SLB;0
4764;15;JAMBI;1502;150203;PESERTA DIDIK;JIWA;2023/2024 GANJIL;P;TK;68
4765;15;JAMBI;1502;150203;PESERTA DIDIK;JIWA;2023/2024 GANJIL;P;KB;164
4766;15;JAMBI;1502;150203;PESERTA DIDIK;JIWA;2023/2024 GANJIL;P;TPA;0
4767;15;JAMBI;1502;150203;PESERTA DIDIK;JIWA;2023/2024 GANJIL;P;SPS;0
4768;15;JAMBI;1502;150203;PESERTA DIDIK;JIWA;2023/2024 GANJIL;P;PKBM;48
4769;15;JAMBI;1502;150203;PESERTA DIDIK;JIWA;2023/2024 GANJIL;P;SKB;0
4770;15;JAMBI;1502;150203;PESERTA DIDIK;JIWA;2023/2024 GANJIL;P;SD;521
4771;15;JAMBI;1502;150203;PESERTA DIDIK;JIWA;2023/2024 GANJIL;P;SMP;85
4772;15;JAMBI;1502;150203;PESERTA DIDIK;JIWA;2023/2024 GANJIL;P;SMA;81
4773;15;JAMBI;1502;150203;PESERTA DIDIK;JIWA;2023/2024 GANJIL;P;SMK;0
4774;15;JAMBI;1502;150203;PESERTA DIDIK;JIWA;2023/2024 GANJIL;P;SLB;0
4775;15;JAMBI;1509;150912;PESERTA DIDIK;JIWA;2023/2024 GANJIL;L;TK;98
4776;15;JAMBI;1509;150912;PESERTA DIDIK;JIWA;2023/2024 GANJIL;L;KB;137
4777;15;JAMBI;1509;150912;PESERTA DIDIK;JIWA;2023/2024 GANJIL;L;TPA;0
4778;15;JAMBI;1509;150912;PESERTA DIDIK;JIWA;2023/2024 GANJIL;L;SPS;0
4779;15;JAMBI;1509;150912;PESERTA DIDIK;JIWA;2023/2024 GANJIL;L;PKBM;175
4780;15;JAMBI;1509;150912;PESERTA DIDIK;JIWA;2023/2024 GANJIL;L;SKB;0
4781;15;JAMBI;1509;150912;PESERTA DIDIK;JIWA;2023/2024 GANJIL;L;SD;1.191
4782;15;JAMBI;1509;150912;PESERTA DIDIK;JIWA;2023/2024 GANJIL;L;SMP;251
4783;15;JAMBI;1509;150912;PESERTA DIDIK;JIWA;2023/2024 GANJIL;L;SMA;103
4784;15;JAMBI;1509;150912;PESERTA DIDIK;JIWA;2023/2024 GANJIL;L;SMK;26
4785;15;JAMBI;1509;150912;PESERTA DIDIK;JIWA;2023/2024 GANJIL;L;SLB;0
4786;15;JAMBI;1509;150912;PESERTA DIDIK;JIWA;2023/2024 GANJIL;P;TK;74
4787;15;JAMBI;1509;150912;PESERTA DIDIK;JIWA;2023/2024 GANJIL;P;KB;142
4788;15;JAMBI;1509;150912;PESERTA DIDIK;JIWA;2023/2024 GANJIL;P;TPA;0
4789;15;JAMBI;1509;150912;PESERTA DIDIK;JIWA;2023/2024 GANJIL;P;SPS;0
4790;15;JAMBI;1509;150912;PESERTA DIDIK;JIWA;2023/2024 GANJIL;P;PKBM;116
4791;15;JAMBI;1509;150912;PESERTA DIDIK;JIWA;2023/2024 GANJIL;P;SKB;0
4792;15;JAMBI;1509;150912;PESERTA DIDIK;JIWA;2023/2024 GANJIL;P;SD;1.011
4793;15;JAMBI;1509;150912;PESERTA DIDIK;JIWA;2023/2024 GANJIL;P;SMP;232
4794;15;JAMBI;1509;150912;PESERTA DIDIK;JIWA;2023/2024 GANJIL;P;SMA;146
4795;15;JAMBI;1509;150912;PESERTA DIDIK;JIWA;2023/2024 GANJIL;P;SMK;27
4796;15;JAMBI;1509;150912;PESERTA DIDIK;JIWA;2023/2024 GANJIL;P;SLB;0
4797;15;JAMBI;1504;150402;PESERTA DIDIK;JIWA;2023/2024 GANJIL;L;TK;359
4798;15;JAMBI;1504;150402;PESERTA DIDIK;JIWA;2023/2024 GANJIL;L;KB;347
4799;15;JAMBI;1504;150402;PESERTA DIDIK;JIWA;2023/2024 GANJIL;L;TPA;22
4800;15;JAMBI;1504;150402;PESERTA DIDIK;JIWA;2023/2024 GANJIL;L;SPS;152
4801;15;JAMBI;1504;150402;PESERTA DIDIK;JIWA;2023/2024 GANJIL;L;PKBM;406
4802;15;JAMBI;1504;150402;PESERTA DIDIK;JIWA;2023/2024 GANJIL;L;SKB;0
4803;15;JAMBI;1504;150402;PESERTA DIDIK;JIWA;2023/2024 GANJIL;L;SD;1.980
4804;15;JAMBI;1504;150402;PESERTA DIDIK;JIWA;2023/2024 GANJIL;L;SMP;614
4805;15;JAMBI;1504;150402;PESERTA DIDIK;JIWA;2023/2024 GANJIL;L;SMA;318
4806;15;JAMBI;1504;150402;PESERTA DIDIK;JIWA;2023/2024 GANJIL;L;SMK;0
4807;15;JAMBI;1504;150402;PESERTA DIDIK;JIWA;2023/2024 GANJIL;L;SLB;0
4808;15;JAMBI;1504;150402;PESERTA DIDIK;JIWA;2023/2024 GANJIL;P;TK;312
4809;15;JAMBI;1504;150402;PESERTA DIDIK;JIWA;2023/2024 GANJIL;P;KB;352
4810;15;JAMBI;1504;150402;PESERTA DIDIK;JIWA;2023/2024 GANJIL;P;TPA;18
4811;15;JAMBI;1504;150402;PESERTA DIDIK;JIWA;2023/2024 GANJIL;P;SPS;150
4812;15;JAMBI;1504;150402;PESERTA DIDIK;JIWA;2023/2024 GANJIL;P;PKBM;342
4813;15;JAMBI;1504;150402;PESERTA DIDIK;JIWA;2023/2024 GANJIL;P;SKB;0
4814;15;JAMBI;1504;150402;PESERTA DIDIK;JIWA;2023/2024 GANJIL;P;SD;1.851
4815;15;JAMBI;1504;150402;PESERTA DIDIK;JIWA;2023/2024 GANJIL;P;SMP;625
4816;15;JAMBI;1504;150402;PESERTA DIDIK;JIWA;2023/2024 GANJIL;P;SMA;391
4817;15;JAMBI;1504;150402;PESERTA DIDIK;JIWA;2023/2024 GANJIL;P;SMK;0
4818;15;JAMBI;1504;150402;PESERTA DIDIK;JIWA;2023/2024 GANJIL;P;SLB;0
4819;15;JAMBI;1508;150808;PESERTA DIDIK;JIWA;2023/2024 GANJIL;L;TK;45
4820;15;JAMBI;1508;150808;PESERTA DIDIK;JIWA;2023/2024 GANJIL;L;KB;216
4821;15;JAMBI;1508;150808;PESERTA DIDIK;JIWA;2023/2024 GANJIL;L;TPA;0
4822;15;JAMBI;1508;150808;PESERTA DIDIK;JIWA;2023/2024 GANJIL;L;SPS;30
4823;15;JAMBI;1508;150808;PESERTA DIDIK;JIWA;2023/2024 GANJIL;L;PKBM;185
4824;15;JAMBI;1508;150808;PESERTA DIDIK;JIWA;2023/2024 GANJIL;L;SKB;0
4825;15;JAMBI;1508;150808;PESERTA DIDIK;JIWA;2023/2024 GANJIL;L;SD;676
4826;15;JAMBI;1508;150808;PESERTA DIDIK;JIWA;2023/2024 GANJIL;L;SMP;89
4827;15;JAMBI;1508;150808;PESERTA DIDIK;JIWA;2023/2024 GANJIL;L;SMA;26
4828;15;JAMBI;1508;150808;PESERTA DIDIK;JIWA;2023/2024 GANJIL;L;SMK;142
4829;15;JAMBI;1508;150808;PESERTA DIDIK;JIWA;2023/2024 GANJIL;L;SLB;0
4830;15;JAMBI;1508;150808;PESERTA DIDIK;JIWA;2023/2024 GANJIL;P;TK;54
4831;15;JAMBI;1508;150808;PESERTA DIDIK;JIWA;2023/2024 GANJIL;P;KB;228
4832;15;JAMBI;1508;150808;PESERTA DIDIK;JIWA;2023/2024 GANJIL;P;TPA;0
4833;15;JAMBI;1508;150808;PESERTA DIDIK;JIWA;2023/2024 GANJIL;P;SPS;23
4834;15;JAMBI;1508;150808;PESERTA DIDIK;JIWA;2023/2024 GANJIL;P;PKBM;150
4835;15;JAMBI;1508;150808;PESERTA DIDIK;JIWA;2023/2024 GANJIL;P;SKB;0
4836;15;JAMBI;1508;150808;PESERTA DIDIK;JIWA;2023/2024 GANJIL;P;SD;667
4837;15;JAMBI;1508;150808;PESERTA DIDIK;JIWA;2023/2024 GANJIL;P;SMP;90
4838;15;JAMBI;1508;150808;PESERTA DIDIK;JIWA;2023/2024 GANJIL;P;SMA;28
4839;15;JAMBI;1508;150808;PESERTA DIDIK;JIWA;2023/2024 GANJIL;P;SMK;27
4840;15;JAMBI;1508;150808;PESERTA DIDIK;JIWA;2023/2024 GANJIL;P;SLB;0
4841;15;JAMBI;1502;150211;PESERTA DIDIK;JIWA;2023/2024 GANJIL;L;TK;132
4842;15;JAMBI;1502;150211;PESERTA DIDIK;JIWA;2023/2024 GANJIL;L;KB;57
4843;15;JAMBI;1502;150211;PESERTA DIDIK;JIWA;2023/2024 GANJIL;L;TPA;0
4844;15;JAMBI;1502;150211;PESERTA DIDIK;JIWA;2023/2024 GANJIL;L;SPS;43
4845;15;JAMBI;1502;150211;PESERTA DIDIK;JIWA;2023/2024 GANJIL;L;PKBM;352
4846;15;JAMBI;1502;150211;PESERTA DIDIK;JIWA;2023/2024 GANJIL;L;SKB;0
4847;15;JAMBI;1502;150211;PESERTA DIDIK;JIWA;2023/2024 GANJIL;L;SD;822
4848;15;JAMBI;1502;150211;PESERTA DIDIK;JIWA;2023/2024 GANJIL;L;SMP;251
4849;15;JAMBI;1502;150211;PESERTA DIDIK;JIWA;2023/2024 GANJIL;L;SMA;435
4850;15;JAMBI;1502;150211;PESERTA DIDIK;JIWA;2023/2024 GANJIL;L;SMK;533
4851;15;JAMBI;1502;150211;PESERTA DIDIK;JIWA;2023/2024 GANJIL;L;SLB;0
4852;15;JAMBI;1502;150211;PESERTA DIDIK;JIWA;2023/2024 GANJIL;P;TK;124
4853;15;JAMBI;1502;150211;PESERTA DIDIK;JIWA;2023/2024 GANJIL;P;KB;45
4854;15;JAMBI;1502;150211;PESERTA DIDIK;JIWA;2023/2024 GANJIL;P;TPA;0
4855;15;JAMBI;1502;150211;PESERTA DIDIK;JIWA;2023/2024 GANJIL;P;SPS;36
4856;15;JAMBI;1502;150211;PESERTA DIDIK;JIWA;2023/2024 GANJIL;P;PKBM;162
4857;15;JAMBI;1502;150211;PESERTA DIDIK;JIWA;2023/2024 GANJIL;P;SKB;0
4858;15;JAMBI;1502;150211;PESERTA DIDIK;JIWA;2023/2024 GANJIL;P;SD;794
4859;15;JAMBI;1502;150211;PESERTA DIDIK;JIWA;2023/2024 GANJIL;P;SMP;218
4860;15;JAMBI;1502;150211;PESERTA DIDIK;JIWA;2023/2024 GANJIL;P;SMA;581
4861;15;JAMBI;1502;150211;PESERTA DIDIK;JIWA;2023/2024 GANJIL;P;SMK;111
4862;15;JAMBI;1502;150211;PESERTA DIDIK;JIWA;2023/2024 GANJIL;P;SLB;0
4863;15;JAMBI;1507;150702;PESERTA DIDIK;JIWA;2023/2024 GANJIL;L;TK;123
4864;15;JAMBI;1507;150702;PESERTA DIDIK;JIWA;2023/2024 GANJIL;L;KB;286
4865;15;JAMBI;1507;150702;PESERTA DIDIK;JIWA;2023/2024 GANJIL;L;TPA;0
4866;15;JAMBI;1507;150702;PESERTA DIDIK;JIWA;2023/2024 GANJIL;L;SPS;13
4867;15;JAMBI;1507;150702;PESERTA DIDIK;JIWA;2023/2024 GANJIL;L;PKBM;49
4868;15;JAMBI;1507;150702;PESERTA DIDIK;JIWA;2023/2024 GANJIL;L;SKB;0
4869;15;JAMBI;1507;150702;PESERTA DIDIK;JIWA;2023/2024 GANJIL;L;SD;1.443
4870;15;JAMBI;1507;150702;PESERTA DIDIK;JIWA;2023/2024 GANJIL;L;SMP;355
4871;15;JAMBI;1507;150702;PESERTA DIDIK;JIWA;2023/2024 GANJIL;L;SMA;202
4872;15;JAMBI;1507;150702;PESERTA DIDIK;JIWA;2023/2024 GANJIL;L;SMK;92
4873;15;JAMBI;1507;150702;PESERTA DIDIK;JIWA;2023/2024 GANJIL;L;SLB;0
4874;15;JAMBI;1507;150702;PESERTA DIDIK;JIWA;2023/2024 GANJIL;P;TK;123
4875;15;JAMBI;1507;150702;PESERTA DIDIK;JIWA;2023/2024 GANJIL;P;KB;286
4876;15;JAMBI;1507;150702;PESERTA DIDIK;JIWA;2023/2024 GANJIL;P;TPA;0
4877;15;JAMBI;1507;150702;PESERTA DIDIK;JIWA;2023/2024 GANJIL;P;SPS;7
4878;15;JAMBI;1507;150702;PESERTA DIDIK;JIWA;2023/2024 GANJIL;P;PKBM;38
4879;15;JAMBI;1507;150702;PESERTA DIDIK;JIWA;2023/2024 GANJIL;P;SKB;0
4880;15;JAMBI;1507;150702;PESERTA DIDIK;JIWA;2023/2024 GANJIL;P;SD;1.302
4881;15;JAMBI;1507;150702;PESERTA DIDIK;JIWA;2023/2024 GANJIL;P;SMP;379
4882;15;JAMBI;1507;150702;PESERTA DIDIK;JIWA;2023/2024 GANJIL;P;SMA;218
4883;15;JAMBI;1507;150702;PESERTA DIDIK;JIWA;2023/2024 GANJIL;P;SMK;57
4884;15;JAMBI;1507;150702;PESERTA DIDIK;JIWA;2023/2024 GANJIL;P;SLB;0
4885;15;JAMBI;1571;157111;PESERTA DIDIK;JIWA;2023/2024 GANJIL;L;TK;419
4886;15;JAMBI;1571;157111;PESERTA DIDIK;JIWA;2023/2024 GANJIL;L;KB;402
4887;15;JAMBI;1571;157111;PESERTA DIDIK;JIWA;2023/2024 GANJIL;L;TPA;0
4888;15;JAMBI;1571;157111;PESERTA DIDIK;JIWA;2023/2024 GANJIL;L;SPS;20
4889;15;JAMBI;1571;157111;PESERTA DIDIK;JIWA;2023/2024 GANJIL;L;PKBM;347
4890;15;JAMBI;1571;157111;PESERTA DIDIK;JIWA;2023/2024 GANJIL;L;SKB;0
4891;15;JAMBI;1571;157111;PESERTA DIDIK;JIWA;2023/2024 GANJIL;L;SD;3.486
4892;15;JAMBI;1571;157111;PESERTA DIDIK;JIWA;2023/2024 GANJIL;L;SMP;1.504
4893;15;JAMBI;1571;157111;PESERTA DIDIK;JIWA;2023/2024 GANJIL;L;SMA;1.018
4894;15;JAMBI;1571;157111;PESERTA DIDIK;JIWA;2023/2024 GANJIL;L;SMK;1.625
4895;15;JAMBI;1571;157111;PESERTA DIDIK;JIWA;2023/2024 GANJIL;L;SLB;0
4896;15;JAMBI;1571;157111;PESERTA DIDIK;JIWA;2023/2024 GANJIL;P;TK;412
4897;15;JAMBI;1571;157111;PESERTA DIDIK;JIWA;2023/2024 GANJIL;P;KB;397
4898;15;JAMBI;1571;157111;PESERTA DIDIK;JIWA;2023/2024 GANJIL;P;TPA;0
4899;15;JAMBI;1571;157111;PESERTA DIDIK;JIWA;2023/2024 GANJIL;P;SPS;15
4900;15;JAMBI;1571;157111;PESERTA DIDIK;JIWA;2023/2024 GANJIL;P;PKBM;165
4901;15;JAMBI;1571;157111;PESERTA DIDIK;JIWA;2023/2024 GANJIL;P;SKB;0
4902;15;JAMBI;1571;157111;PESERTA DIDIK;JIWA;2023/2024 GANJIL;P;SD;3.375
4903;15;JAMBI;1571;157111;PESERTA DIDIK;JIWA;2023/2024 GANJIL;P;SMP;1.421
4904;15;JAMBI;1571;157111;PESERTA DIDIK;JIWA;2023/2024 GANJIL;P;SMA;1.015
4905;15;JAMBI;1571;157111;PESERTA DIDIK;JIWA;2023/2024 GANJIL;P;SMK;1.396
4906;15;JAMBI;1571;157111;PESERTA DIDIK;JIWA;2023/2024 GANJIL;P;SLB;0
4907;15;JAMBI;1502;150206;PESERTA DIDIK;JIWA;2023/2024 GANJIL;L;TK;273
4908;15;JAMBI;1502;150206;PESERTA DIDIK;JIWA;2023/2024 GANJIL;L;KB;264
4909;15;JAMBI;1502;150206;PESERTA DIDIK;JIWA;2023/2024 GANJIL;L;TPA;0
4910;15;JAMBI;1502;150206;PESERTA DIDIK;JIWA;2023/2024 GANJIL;L;SPS;20
4911;15;JAMBI;1502;150206;PESERTA DIDIK;JIWA;2023/2024 GANJIL;L;PKBM;264
4912;15;JAMBI;1502;150206;PESERTA DIDIK;JIWA;2023/2024 GANJIL;L;SKB;0
4913;15;JAMBI;1502;150206;PESERTA DIDIK;JIWA;2023/2024 GANJIL;L;SD;1.886
4914;15;JAMBI;1502;150206;PESERTA DIDIK;JIWA;2023/2024 GANJIL;L;SMP;382
4915;15;JAMBI;1502;150206;PESERTA DIDIK;JIWA;2023/2024 GANJIL;L;SMA;259
4916;15;JAMBI;1502;150206;PESERTA DIDIK;JIWA;2023/2024 GANJIL;L;SMK;351
4917;15;JAMBI;1502;150206;PESERTA DIDIK;JIWA;2023/2024 GANJIL;L;SLB;0
4918;15;JAMBI;1502;150206;PESERTA DIDIK;JIWA;2023/2024 GANJIL;P;TK;228
4919;15;JAMBI;1502;150206;PESERTA DIDIK;JIWA;2023/2024 GANJIL;P;KB;242
4920;15;JAMBI;1502;150206;PESERTA DIDIK;JIWA;2023/2024 GANJIL;P;TPA;0
4921;15;JAMBI;1502;150206;PESERTA DIDIK;JIWA;2023/2024 GANJIL;P;SPS;20
4922;15;JAMBI;1502;150206;PESERTA DIDIK;JIWA;2023/2024 GANJIL;P;PKBM;173
4923;15;JAMBI;1502;150206;PESERTA DIDIK;JIWA;2023/2024 GANJIL;P;SKB;0
4924;15;JAMBI;1502;150206;PESERTA DIDIK;JIWA;2023/2024 GANJIL;P;SD;1.744
4925;15;JAMBI;1502;150206;PESERTA DIDIK;JIWA;2023/2024 GANJIL;P;SMP;377
4926;15;JAMBI;1502;150206;PESERTA DIDIK;JIWA;2023/2024 GANJIL;P;SMA;318
4927;15;JAMBI;1502;150206;PESERTA DIDIK;JIWA;2023/2024 GANJIL;P;SMK;219
4928;15;JAMBI;1502;150206;PESERTA DIDIK;JIWA;2023/2024 GANJIL;P;SLB;0
4929;15;JAMBI;1502;150213;PESERTA DIDIK;JIWA;2023/2024 GANJIL;L;TK;172
4930;15;JAMBI;1502;150213;PESERTA DIDIK;JIWA;2023/2024 GANJIL;L;KB;97
4931;15;JAMBI;1502;150213;PESERTA DIDIK;JIWA;2023/2024 GANJIL;L;TPA;0
4932;15;JAMBI;1502;150213;PESERTA DIDIK;JIWA;2023/2024 GANJIL;L;SPS;41
4933;15;JAMBI;1502;150213;PESERTA DIDIK;JIWA;2023/2024 GANJIL;L;PKBM;133
4934;15;JAMBI;1502;150213;PESERTA DIDIK;JIWA;2023/2024 GANJIL;L;SKB;0
4935;15;JAMBI;1502;150213;PESERTA DIDIK;JIWA;2023/2024 GANJIL;L;SD;1.018
4936;15;JAMBI;1502;150213;PESERTA DIDIK;JIWA;2023/2024 GANJIL;L;SMP;193
4937;15;JAMBI;1502;150213;PESERTA DIDIK;JIWA;2023/2024 GANJIL;L;SMA;569
4938;15;JAMBI;1502;150213;PESERTA DIDIK;JIWA;2023/2024 GANJIL;L;SMK;65
4939;15;JAMBI;1502;150213;PESERTA DIDIK;JIWA;2023/2024 GANJIL;L;SLB;26
4940;15;JAMBI;1502;150213;PESERTA DIDIK;JIWA;2023/2024 GANJIL;P;TK;157
4941;15;JAMBI;1502;150213;PESERTA DIDIK;JIWA;2023/2024 GANJIL;P;KB;96
4942;15;JAMBI;1502;150213;PESERTA DIDIK;JIWA;2023/2024 GANJIL;P;TPA;0
4943;15;JAMBI;1502;150213;PESERTA DIDIK;JIWA;2023/2024 GANJIL;P;SPS;39
4944;15;JAMBI;1502;150213;PESERTA DIDIK;JIWA;2023/2024 GANJIL;P;PKBM;136
4945;15;JAMBI;1502;150213;PESERTA DIDIK;JIWA;2023/2024 GANJIL;P;SKB;0
4946;15;JAMBI;1502;150213;PESERTA DIDIK;JIWA;2023/2024 GANJIL;P;SD;947
4947;15;JAMBI;1502;150213;PESERTA DIDIK;JIWA;2023/2024 GANJIL;P;SMP;166
4948;15;JAMBI;1502;150213;PESERTA DIDIK;JIWA;2023/2024 GANJIL;P;SMA;463
4949;15;JAMBI;1502;150213;PESERTA DIDIK;JIWA;2023/2024 GANJIL;P;SMK;33
4950;15;JAMBI;1502;150213;PESERTA DIDIK;JIWA;2023/2024 GANJIL;P;SLB;16
4951;15;JAMBI;1502;150220;PESERTA DIDIK;JIWA;2023/2024 GANJIL;L;TK;78
4952;15;JAMBI;1502;150220;PESERTA DIDIK;JIWA;2023/2024 GANJIL;L;KB;35
4953;15;JAMBI;1502;150220;PESERTA DIDIK;JIWA;2023/2024 GANJIL;L;TPA;0
4954;15;JAMBI;1502;150220;PESERTA DIDIK;JIWA;2023/2024 GANJIL;L;SPS;0
4955;15;JAMBI;1502;150220;PESERTA DIDIK;JIWA;2023/2024 GANJIL;L;PKBM;0
4956;15;JAMBI;1502;150220;PESERTA DIDIK;JIWA;2023/2024 GANJIL;L;SKB;0
4957;15;JAMBI;1502;150220;PESERTA DIDIK;JIWA;2023/2024 GANJIL;L;SD;684
4958;15;JAMBI;1502;150220;PESERTA DIDIK;JIWA;2023/2024 GANJIL;L;SMP;291
4959;15;JAMBI;1502;150220;PESERTA DIDIK;JIWA;2023/2024 GANJIL;L;SMA;16
4960;15;JAMBI;1502;150220;PESERTA DIDIK;JIWA;2023/2024 GANJIL;L;SMK;135
4961;15;JAMBI;1502;150220;PESERTA DIDIK;JIWA;2023/2024 GANJIL;L;SLB;0
4962;15;JAMBI;1502;150220;PESERTA DIDIK;JIWA;2023/2024 GANJIL;P;TK;97
4963;15;JAMBI;1502;150220;PESERTA DIDIK;JIWA;2023/2024 GANJIL;P;KB;29
4964;15;JAMBI;1502;150220;PESERTA DIDIK;JIWA;2023/2024 GANJIL;P;TPA;0
4965;15;JAMBI;1502;150220;PESERTA DIDIK;JIWA;2023/2024 GANJIL;P;SPS;0
4966;15;JAMBI;1502;150220;PESERTA DIDIK;JIWA;2023/2024 GANJIL;P;PKBM;0
4967;15;JAMBI;1502;150220;PESERTA DIDIK;JIWA;2023/2024 GANJIL;P;SKB;0
4968;15;JAMBI;1502;150220;PESERTA DIDIK;JIWA;2023/2024 GANJIL;P;SD;634
4969;15;JAMBI;1502;150220;PESERTA DIDIK;JIWA;2023/2024 GANJIL;P;SMP;277
4970;15;JAMBI;1502;150220;PESERTA DIDIK;JIWA;2023/2024 GANJIL;P;SMA;27
4971;15;JAMBI;1502;150220;PESERTA DIDIK;JIWA;2023/2024 GANJIL;P;SMK;182
4972;15;JAMBI;1502;150220;PESERTA DIDIK;JIWA;2023/2024 GANJIL;P;SLB;0
4973;15;JAMBI;1502;150217;PESERTA DIDIK;JIWA;2023/2024 GANJIL;L;TK;175
4974;15;JAMBI;1502;150217;PESERTA DIDIK;JIWA;2023/2024 GANJIL;L;KB;186
4975;15;JAMBI;1502;150217;PESERTA DIDIK;JIWA;2023/2024 GANJIL;L;TPA;0
4976;15;JAMBI;1502;150217;PESERTA DIDIK;JIWA;2023/2024 GANJIL;L;SPS;122
4977;15;JAMBI;1502;150217;PESERTA DIDIK;JIWA;2023/2024 GANJIL;L;PKBM;114
4978;15;JAMBI;1502;150217;PESERTA DIDIK;JIWA;2023/2024 GANJIL;L;SKB;0
4979;15;JAMBI;1502;150217;PESERTA DIDIK;JIWA;2023/2024 GANJIL;L;SD;456
4980;15;JAMBI;1502;150217;PESERTA DIDIK;JIWA;2023/2024 GANJIL;L;SMP;19
4981;15;JAMBI;1502;150217;PESERTA DIDIK;JIWA;2023/2024 GANJIL;L;SMA;0
4982;15;JAMBI;1502;150217;PESERTA DIDIK;JIWA;2023/2024 GANJIL;L;SMK;117
4983;15;JAMBI;1502;150217;PESERTA DIDIK;JIWA;2023/2024 GANJIL;L;SLB;0
4984;15;JAMBI;1502;150217;PESERTA DIDIK;JIWA;2023/2024 GANJIL;P;TK;173
4985;15;JAMBI;1502;150217;PESERTA DIDIK;JIWA;2023/2024 GANJIL;P;KB;208
4986;15;JAMBI;1502;150217;PESERTA DIDIK;JIWA;2023/2024 GANJIL;P;TPA;0
4987;15;JAMBI;1502;150217;PESERTA DIDIK;JIWA;2023/2024 GANJIL;P;SPS;104
4988;15;JAMBI;1502;150217;PESERTA DIDIK;JIWA;2023/2024 GANJIL;P;PKBM;37
4989;15;JAMBI;1502;150217;PESERTA DIDIK;JIWA;2023/2024 GANJIL;P;SKB;0
4990;15;JAMBI;1502;150217;PESERTA DIDIK;JIWA;2023/2024 GANJIL;P;SD;421
4991;15;JAMBI;1502;150217;PESERTA DIDIK;JIWA;2023/2024 GANJIL;P;SMP;14
4992;15;JAMBI;1502;150217;PESERTA DIDIK;JIWA;2023/2024 GANJIL;P;SMA;0
4993;15;JAMBI;1502;150217;PESERTA DIDIK;JIWA;2023/2024 GANJIL;P;SMK;79
4994;15;JAMBI;1502;150217;PESERTA DIDIK;JIWA;2023/2024 GANJIL;P;SLB;0
4995;15;JAMBI;1571;157104;PESERTA DIDIK;JIWA;2023/2024 GANJIL;L;TK;83
4996;15;JAMBI;1571;157104;PESERTA DIDIK;JIWA;2023/2024 GANJIL;L;KB;111
4997;15;JAMBI;1571;157104;PESERTA DIDIK;JIWA;2023/2024 GANJIL;L;TPA;0
4998;15;JAMBI;1571;157104;PESERTA DIDIK;JIWA;2023/2024 GANJIL;L;SPS;8
4999;15;JAMBI;1571;157104;PESERTA DIDIK;JIWA;2023/2024 GANJIL;L;PKBM;0
5000;15;JAMBI;1571;157104;PESERTA DIDIK;JIWA;2023/2024 GANJIL;L;SKB;0
5001;15;JAMBI;1571;157104;PESERTA DIDIK;JIWA;2023/2024 GANJIL;L;SD;457
5002;15;JAMBI;1571;157104;PESERTA DIDIK;JIWA;2023/2024 GANJIL;L;SMP;819
5003;15;JAMBI;1571;157104;PESERTA DIDIK;JIWA;2023/2024 GANJIL;L;SMA;0
5004;15;JAMBI;1571;157104;PESERTA DIDIK;JIWA;2023/2024 GANJIL;L;SMK;47
5005;15;JAMBI;1571;157104;PESERTA DIDIK;JIWA;2023/2024 GANJIL;L;SLB;0
5006;15;JAMBI;1571;157104;PESERTA DIDIK;JIWA;2023/2024 GANJIL;P;TK;62
5007;15;JAMBI;1571;157104;PESERTA DIDIK;JIWA;2023/2024 GANJIL;P;KB;94
5008;15;JAMBI;1571;157104;PESERTA DIDIK;JIWA;2023/2024 GANJIL;P;TPA;0
5009;15;JAMBI;1571;157104;PESERTA DIDIK;JIWA;2023/2024 GANJIL;P;SPS;12
5010;15;JAMBI;1571;157104;PESERTA DIDIK;JIWA;2023/2024 GANJIL;P;PKBM;0
5011;15;JAMBI;1571;157104;PESERTA DIDIK;JIWA;2023/2024 GANJIL;P;SKB;0
5012;15;JAMBI;1571;157104;PESERTA DIDIK;JIWA;2023/2024 GANJIL;P;SD;417
5013;15;JAMBI;1571;157104;PESERTA DIDIK;JIWA;2023/2024 GANJIL;P;SMP;911
5014;15;JAMBI;1571;157104;PESERTA DIDIK;JIWA;2023/2024 GANJIL;P;SMA;0
5015;15;JAMBI;1571;157104;PESERTA DIDIK;JIWA;2023/2024 GANJIL;P;SMK;2
5016;15;JAMBI;1571;157104;PESERTA DIDIK;JIWA;2023/2024 GANJIL;P;SLB;0
5017;15;JAMBI;1508;150803;PESERTA DIDIK;JIWA;2023/2024 GANJIL;L;TK;197
5018;15;JAMBI;1508;150803;PESERTA DIDIK;JIWA;2023/2024 GANJIL;L;KB;29
5019;15;JAMBI;1508;150803;PESERTA DIDIK;JIWA;2023/2024 GANJIL;L;TPA;0
5020;15;JAMBI;1508;150803;PESERTA DIDIK;JIWA;2023/2024 GANJIL;L;SPS;0
5021;15;JAMBI;1508;150803;PESERTA DIDIK;JIWA;2023/2024 GANJIL;L;PKBM;0
5022;15;JAMBI;1508;150803;PESERTA DIDIK;JIWA;2023/2024 GANJIL;L;SKB;0
5023;15;JAMBI;1508;150803;PESERTA DIDIK;JIWA;2023/2024 GANJIL;L;SD;959
5024;15;JAMBI;1508;150803;PESERTA DIDIK;JIWA;2023/2024 GANJIL;L;SMP;742
5025;15;JAMBI;1508;150803;PESERTA DIDIK;JIWA;2023/2024 GANJIL;L;SMA;0
5026;15;JAMBI;1508;150803;PESERTA DIDIK;JIWA;2023/2024 GANJIL;L;SMK;0
5027;15;JAMBI;1508;150803;PESERTA DIDIK;JIWA;2023/2024 GANJIL;L;SLB;0
5028;15;JAMBI;1508;150803;PESERTA DIDIK;JIWA;2023/2024 GANJIL;P;TK;193
5029;15;JAMBI;1508;150803;PESERTA DIDIK;JIWA;2023/2024 GANJIL;P;KB;22
5030;15;JAMBI;1508;150803;PESERTA DIDIK;JIWA;2023/2024 GANJIL;P;TPA;0
5031;15;JAMBI;1508;150803;PESERTA DIDIK;JIWA;2023/2024 GANJIL;P;SPS;0
5032;15;JAMBI;1508;150803;PESERTA DIDIK;JIWA;2023/2024 GANJIL;P;PKBM;0
5033;15;JAMBI;1508;150803;PESERTA DIDIK;JIWA;2023/2024 GANJIL;P;SKB;0
5034;15;JAMBI;1508;150803;PESERTA DIDIK;JIWA;2023/2024 GANJIL;P;SD;904
5035;15;JAMBI;1508;150803;PESERTA DIDIK;JIWA;2023/2024 GANJIL;P;SMP;775
5036;15;JAMBI;1508;150803;PESERTA DIDIK;JIWA;2023/2024 GANJIL;P;SMA;0
5037;15;JAMBI;1508;150803;PESERTA DIDIK;JIWA;2023/2024 GANJIL;P;SMK;0
5038;15;JAMBI;1508;150803;PESERTA DIDIK;JIWA;2023/2024 GANJIL;P;SLB;0
5039;15;JAMBI;1503;150304;PESERTA DIDIK;JIWA;2023/2024 GANJIL;L;TK;353
5040;15;JAMBI;1503;150304;PESERTA DIDIK;JIWA;2023/2024 GANJIL;L;KB;558
5041;15;JAMBI;1503;150304;PESERTA DIDIK;JIWA;2023/2024 GANJIL;L;TPA;0
5042;15;JAMBI;1503;150304;PESERTA DIDIK;JIWA;2023/2024 GANJIL;L;SPS;40
5043;15;JAMBI;1503;150304;PESERTA DIDIK;JIWA;2023/2024 GANJIL;L;PKBM;154
5044;15;JAMBI;1503;150304;PESERTA DIDIK;JIWA;2023/2024 GANJIL;L;SKB;0
5045;15;JAMBI;1503;150304;PESERTA DIDIK;JIWA;2023/2024 GANJIL;L;SD;1.558
5046;15;JAMBI;1503;150304;PESERTA DIDIK;JIWA;2023/2024 GANJIL;L;SMP;439
5047;15;JAMBI;1503;150304;PESERTA DIDIK;JIWA;2023/2024 GANJIL;L;SMA;202
5048;15;JAMBI;1503;150304;PESERTA DIDIK;JIWA;2023/2024 GANJIL;L;SMK;218
5049;15;JAMBI;1503;150304;PESERTA DIDIK;JIWA;2023/2024 GANJIL;L;SLB;0
5050;15;JAMBI;1503;150304;PESERTA DIDIK;JIWA;2023/2024 GANJIL;P;TK;373
5051;15;JAMBI;1503;150304;PESERTA DIDIK;JIWA;2023/2024 GANJIL;P;KB;603
5052;15;JAMBI;1503;150304;PESERTA DIDIK;JIWA;2023/2024 GANJIL;P;TPA;0
5053;15;JAMBI;1503;150304;PESERTA DIDIK;JIWA;2023/2024 GANJIL;P;SPS;25
5054;15;JAMBI;1503;150304;PESERTA DIDIK;JIWA;2023/2024 GANJIL;P;PKBM;101
5055;15;JAMBI;1503;150304;PESERTA DIDIK;JIWA;2023/2024 GANJIL;P;SKB;0
5056;15;JAMBI;1503;150304;PESERTA DIDIK;JIWA;2023/2024 GANJIL;P;SD;1.394
5057;15;JAMBI;1503;150304;PESERTA DIDIK;JIWA;2023/2024 GANJIL;P;SMP;523
5058;15;JAMBI;1503;150304;PESERTA DIDIK;JIWA;2023/2024 GANJIL;P;SMA;266
5059;15;JAMBI;1503;150304;PESERTA DIDIK;JIWA;2023/2024 GANJIL;P;SMK;173
5060;15;JAMBI;1503;150304;PESERTA DIDIK;JIWA;2023/2024 GANJIL;P;SLB;0
5061;15;JAMBI;1503;150305;PESERTA DIDIK;JIWA;2023/2024 GANJIL;L;TK;327
5062;15;JAMBI;1503;150305;PESERTA DIDIK;JIWA;2023/2024 GANJIL;L;KB;221
5063;15;JAMBI;1503;150305;PESERTA DIDIK;JIWA;2023/2024 GANJIL;L;TPA;0
5064;15;JAMBI;1503;150305;PESERTA DIDIK;JIWA;2023/2024 GANJIL;L;SPS;0
5065;15;JAMBI;1503;150305;PESERTA DIDIK;JIWA;2023/2024 GANJIL;L;PKBM;133
5066;15;JAMBI;1503;150305;PESERTA DIDIK;JIWA;2023/2024 GANJIL;L;SKB;0
5067;15;JAMBI;1503;150305;PESERTA DIDIK;JIWA;2023/2024 GANJIL;L;SD;1.683
5068;15;JAMBI;1503;150305;PESERTA DIDIK;JIWA;2023/2024 GANJIL;L;SMP;384
5069;15;JAMBI;1503;150305;PESERTA DIDIK;JIWA;2023/2024 GANJIL;L;SMA;144
5070;15;JAMBI;1503;150305;PESERTA DIDIK;JIWA;2023/2024 GANJIL;L;SMK;253
5071;15;JAMBI;1503;150305;PESERTA DIDIK;JIWA;2023/2024 GANJIL;L;SLB;0
5072;15;JAMBI;1503;150305;PESERTA DIDIK;JIWA;2023/2024 GANJIL;P;TK;302
5073;15;JAMBI;1503;150305;PESERTA DIDIK;JIWA;2023/2024 GANJIL;P;KB;228
5074;15;JAMBI;1503;150305;PESERTA DIDIK;JIWA;2023/2024 GANJIL;P;TPA;0
5075;15;JAMBI;1503;150305;PESERTA DIDIK;JIWA;2023/2024 GANJIL;P;SPS;0
5076;15;JAMBI;1503;150305;PESERTA DIDIK;JIWA;2023/2024 GANJIL;P;PKBM;93
5077;15;JAMBI;1503;150305;PESERTA DIDIK;JIWA;2023/2024 GANJIL;P;SKB;0
5078;15;JAMBI;1503;150305;PESERTA DIDIK;JIWA;2023/2024 GANJIL;P;SD;1.557
5079;15;JAMBI;1503;150305;PESERTA DIDIK;JIWA;2023/2024 GANJIL;P;SMP;389
5080;15;JAMBI;1503;150305;PESERTA DIDIK;JIWA;2023/2024 GANJIL;P;SMA;195
5081;15;JAMBI;1503;150305;PESERTA DIDIK;JIWA;2023/2024 GANJIL;P;SMK;258
5082;15;JAMBI;1503;150305;PESERTA DIDIK;JIWA;2023/2024 GANJIL;P;SLB;0
5083;15;JAMBI;1571;157105;PESERTA DIDIK;JIWA;2023/2024 GANJIL;L;TK;40
5084;15;JAMBI;1571;157105;PESERTA DIDIK;JIWA;2023/2024 GANJIL;L;KB;97
5085;15;JAMBI;1571;157105;PESERTA DIDIK;JIWA;2023/2024 GANJIL;L;TPA;0
5086;15;JAMBI;1571;157105;PESERTA DIDIK;JIWA;2023/2024 GANJIL;L;SPS;5
5087;15;JAMBI;1571;157105;PESERTA DIDIK;JIWA;2023/2024 GANJIL;L;PKBM;0
5088;15;JAMBI;1571;157105;PESERTA DIDIK;JIWA;2023/2024 GANJIL;L;SKB;0
5089;15;JAMBI;1571;157105;PESERTA DIDIK;JIWA;2023/2024 GANJIL;L;SD;535
5090;15;JAMBI;1571;157105;PESERTA DIDIK;JIWA;2023/2024 GANJIL;L;SMP;0
5091;15;JAMBI;1571;157105;PESERTA DIDIK;JIWA;2023/2024 GANJIL;L;SMA;0
5092;15;JAMBI;1571;157105;PESERTA DIDIK;JIWA;2023/2024 GANJIL;L;SMK;0
5093;15;JAMBI;1571;157105;PESERTA DIDIK;JIWA;2023/2024 GANJIL;L;SLB;0
5094;15;JAMBI;1571;157105;PESERTA DIDIK;JIWA;2023/2024 GANJIL;P;TK;44
5095;15;JAMBI;1571;157105;PESERTA DIDIK;JIWA;2023/2024 GANJIL;P;KB;87
5096;15;JAMBI;1571;157105;PESERTA DIDIK;JIWA;2023/2024 GANJIL;P;TPA;0
5097;15;JAMBI;1571;157105;PESERTA DIDIK;JIWA;2023/2024 GANJIL;P;SPS;10
5098;15;JAMBI;1571;157105;PESERTA DIDIK;JIWA;2023/2024 GANJIL;P;PKBM;0
5099;15;JAMBI;1571;157105;PESERTA DIDIK;JIWA;2023/2024 GANJIL;P;SKB;0
5100;15;JAMBI;1571;157105;PESERTA DIDIK;JIWA;2023/2024 GANJIL;P;SD;494
5101;15;JAMBI;1571;157105;PESERTA DIDIK;JIWA;2023/2024 GANJIL;P;SMP;0
5102;15;JAMBI;1571;157105;PESERTA DIDIK;JIWA;2023/2024 GANJIL;P;SMA;0
5103;15;JAMBI;1571;157105;PESERTA DIDIK;JIWA;2023/2024 GANJIL;P;SMK;0
5104;15;JAMBI;1571;157105;PESERTA DIDIK;JIWA;2023/2024 GANJIL;P;SLB;0
5105;15;JAMBI;1508;150806;PESERTA DIDIK;JIWA;2023/2024 GANJIL;L;TK;262
5106;15;JAMBI;1508;150806;PESERTA DIDIK;JIWA;2023/2024 GANJIL;L;KB;235
5107;15;JAMBI;1508;150806;PESERTA DIDIK;JIWA;2023/2024 GANJIL;L;TPA;0
5108;15;JAMBI;1508;150806;PESERTA DIDIK;JIWA;2023/2024 GANJIL;L;SPS;14
5109;15;JAMBI;1508;150806;PESERTA DIDIK;JIWA;2023/2024 GANJIL;L;PKBM;40
5110;15;JAMBI;1508;150806;PESERTA DIDIK;JIWA;2023/2024 GANJIL;L;SKB;0
5111;15;JAMBI;1508;150806;PESERTA DIDIK;JIWA;2023/2024 GANJIL;L;SD;2.177
5112;15;JAMBI;1508;150806;PESERTA DIDIK;JIWA;2023/2024 GANJIL;L;SMP;478
5113;15;JAMBI;1508;150806;PESERTA DIDIK;JIWA;2023/2024 GANJIL;L;SMA;56
5114;15;JAMBI;1508;150806;PESERTA DIDIK;JIWA;2023/2024 GANJIL;L;SMK;440
5115;15;JAMBI;1508;150806;PESERTA DIDIK;JIWA;2023/2024 GANJIL;L;SLB;0
5116;15;JAMBI;1508;150806;PESERTA DIDIK;JIWA;2023/2024 GANJIL;P;TK;227
5117;15;JAMBI;1508;150806;PESERTA DIDIK;JIWA;2023/2024 GANJIL;P;KB;260
5118;15;JAMBI;1508;150806;PESERTA DIDIK;JIWA;2023/2024 GANJIL;P;TPA;0
5119;15;JAMBI;1508;150806;PESERTA DIDIK;JIWA;2023/2024 GANJIL;P;SPS;10
5120;15;JAMBI;1508;150806;PESERTA DIDIK;JIWA;2023/2024 GANJIL;P;PKBM;67
5121;15;JAMBI;1508;150806;PESERTA DIDIK;JIWA;2023/2024 GANJIL;P;SKB;0
5122;15;JAMBI;1508;150806;PESERTA DIDIK;JIWA;2023/2024 GANJIL;P;SD;1.963
5123;15;JAMBI;1508;150806;PESERTA DIDIK;JIWA;2023/2024 GANJIL;P;SMP;540
5124;15;JAMBI;1508;150806;PESERTA DIDIK;JIWA;2023/2024 GANJIL;P;SMA;80
5125;15;JAMBI;1508;150806;PESERTA DIDIK;JIWA;2023/2024 GANJIL;P;SMK;378
5126;15;JAMBI;1508;150806;PESERTA DIDIK;JIWA;2023/2024 GANJIL;P;SLB;0
5127;15;JAMBI;1508;150809;PESERTA DIDIK;JIWA;2023/2024 GANJIL;L;TK;349
5128;15;JAMBI;1508;150809;PESERTA DIDIK;JIWA;2023/2024 GANJIL;L;KB;348
5129;15;JAMBI;1508;150809;PESERTA DIDIK;JIWA;2023/2024 GANJIL;L;TPA;10
5130;15;JAMBI;1508;150809;PESERTA DIDIK;JIWA;2023/2024 GANJIL;L;SPS;11
5131;15;JAMBI;1508;150809;PESERTA DIDIK;JIWA;2023/2024 GANJIL;L;PKBM;171
5132;15;JAMBI;1508;150809;PESERTA DIDIK;JIWA;2023/2024 GANJIL;L;SKB;0
5133;15;JAMBI;1508;150809;PESERTA DIDIK;JIWA;2023/2024 GANJIL;L;SD;2.765
5134;15;JAMBI;1508;150809;PESERTA DIDIK;JIWA;2023/2024 GANJIL;L;SMP;838
5135;15;JAMBI;1508;150809;PESERTA DIDIK;JIWA;2023/2024 GANJIL;L;SMA;358
5136;15;JAMBI;1508;150809;PESERTA DIDIK;JIWA;2023/2024 GANJIL;L;SMK;490
5137;15;JAMBI;1508;150809;PESERTA DIDIK;JIWA;2023/2024 GANJIL;L;SLB;0
5138;15;JAMBI;1508;150809;PESERTA DIDIK;JIWA;2023/2024 GANJIL;P;TK;323
5139;15;JAMBI;1508;150809;PESERTA DIDIK;JIWA;2023/2024 GANJIL;P;KB;331
5140;15;JAMBI;1508;150809;PESERTA DIDIK;JIWA;2023/2024 GANJIL;P;TPA;6
5141;15;JAMBI;1508;150809;PESERTA DIDIK;JIWA;2023/2024 GANJIL;P;SPS;7
5142;15;JAMBI;1508;150809;PESERTA DIDIK;JIWA;2023/2024 GANJIL;P;PKBM;121
5143;15;JAMBI;1508;150809;PESERTA DIDIK;JIWA;2023/2024 GANJIL;P;SKB;0
5144;15;JAMBI;1508;150809;PESERTA DIDIK;JIWA;2023/2024 GANJIL;P;SD;2.622
5145;15;JAMBI;1508;150809;PESERTA DIDIK;JIWA;2023/2024 GANJIL;P;SMP;803
5146;15;JAMBI;1508;150809;PESERTA DIDIK;JIWA;2023/2024 GANJIL;P;SMA;609
5147;15;JAMBI;1508;150809;PESERTA DIDIK;JIWA;2023/2024 GANJIL;P;SMK;275
5148;15;JAMBI;1508;150809;PESERTA DIDIK;JIWA;2023/2024 GANJIL;P;SLB;0
5149;15;JAMBI;1504;150405;PESERTA DIDIK;JIWA;2023/2024 GANJIL;L;TK;380
5150;15;JAMBI;1504;150405;PESERTA DIDIK;JIWA;2023/2024 GANJIL;L;KB;268
5151;15;JAMBI;1504;150405;PESERTA DIDIK;JIWA;2023/2024 GANJIL;L;TPA;0
5152;15;JAMBI;1504;150405;PESERTA DIDIK;JIWA;2023/2024 GANJIL;L;SPS;0
5153;15;JAMBI;1504;150405;PESERTA DIDIK;JIWA;2023/2024 GANJIL;L;PKBM;591
5154;15;JAMBI;1504;150405;PESERTA DIDIK;JIWA;2023/2024 GANJIL;L;SKB;0
5155;15;JAMBI;1504;150405;PESERTA DIDIK;JIWA;2023/2024 GANJIL;L;SD;1.977
5156;15;JAMBI;1504;150405;PESERTA DIDIK;JIWA;2023/2024 GANJIL;L;SMP;918
5157;15;JAMBI;1504;150405;PESERTA DIDIK;JIWA;2023/2024 GANJIL;L;SMA;357
5158;15;JAMBI;1504;150405;PESERTA DIDIK;JIWA;2023/2024 GANJIL;L;SMK;227
5159;15;JAMBI;1504;150405;PESERTA DIDIK;JIWA;2023/2024 GANJIL;L;SLB;0
5160;15;JAMBI;1504;150405;PESERTA DIDIK;JIWA;2023/2024 GANJIL;P;TK;369
5161;15;JAMBI;1504;150405;PESERTA DIDIK;JIWA;2023/2024 GANJIL;P;KB;288
5162;15;JAMBI;1504;150405;PESERTA DIDIK;JIWA;2023/2024 GANJIL;P;TPA;0
5163;15;JAMBI;1504;150405;PESERTA DIDIK;JIWA;2023/2024 GANJIL;P;SPS;0
5164;15;JAMBI;1504;150405;PESERTA DIDIK;JIWA;2023/2024 GANJIL;P;PKBM;432
5165;15;JAMBI;1504;150405;PESERTA DIDIK;JIWA;2023/2024 GANJIL;P;SKB;0
5166;15;JAMBI;1504;150405;PESERTA DIDIK;JIWA;2023/2024 GANJIL;P;SD;1.817
5167;15;JAMBI;1504;150405;PESERTA DIDIK;JIWA;2023/2024 GANJIL;P;SMP;938
5168;15;JAMBI;1504;150405;PESERTA DIDIK;JIWA;2023/2024 GANJIL;P;SMA;422
5169;15;JAMBI;1504;150405;PESERTA DIDIK;JIWA;2023/2024 GANJIL;P;SMK;189
5170;15;JAMBI;1504;150405;PESERTA DIDIK;JIWA;2023/2024 GANJIL;P;SLB;0
5171;15;JAMBI;1506;150603;PESERTA DIDIK;JIWA;2023/2024 GANJIL;L;TK;7
5172;15;JAMBI;1506;150603;PESERTA DIDIK;JIWA;2023/2024 GANJIL;L;KB;314
5173;15;JAMBI;1506;150603;PESERTA DIDIK;JIWA;2023/2024 GANJIL;L;TPA;0
5174;15;JAMBI;1506;150603;PESERTA DIDIK;JIWA;2023/2024 GANJIL;L;SPS;65
5175;15;JAMBI;1506;150603;PESERTA DIDIK;JIWA;2023/2024 GANJIL;L;PKBM;270
5176;15;JAMBI;1506;150603;PESERTA DIDIK;JIWA;2023/2024 GANJIL;L;SKB;0
5177;15;JAMBI;1506;150603;PESERTA DIDIK;JIWA;2023/2024 GANJIL;L;SD;1.216
5178;15;JAMBI;1506;150603;PESERTA DIDIK;JIWA;2023/2024 GANJIL;L;SMP;163
5179;15;JAMBI;1506;150603;PESERTA DIDIK;JIWA;2023/2024 GANJIL;L;SMA;232
5180;15;JAMBI;1506;150603;PESERTA DIDIK;JIWA;2023/2024 GANJIL;L;SMK;99
5181;15;JAMBI;1506;150603;PESERTA DIDIK;JIWA;2023/2024 GANJIL;L;SLB;0
5182;15;JAMBI;1506;150603;PESERTA DIDIK;JIWA;2023/2024 GANJIL;P;TK;13
5183;15;JAMBI;1506;150603;PESERTA DIDIK;JIWA;2023/2024 GANJIL;P;KB;249
5184;15;JAMBI;1506;150603;PESERTA DIDIK;JIWA;2023/2024 GANJIL;P;TPA;0
5185;15;JAMBI;1506;150603;PESERTA DIDIK;JIWA;2023/2024 GANJIL;P;SPS;46
5186;15;JAMBI;1506;150603;PESERTA DIDIK;JIWA;2023/2024 GANJIL;P;PKBM;179
5187;15;JAMBI;1506;150603;PESERTA DIDIK;JIWA;2023/2024 GANJIL;P;SKB;0
5188;15;JAMBI;1506;150603;PESERTA DIDIK;JIWA;2023/2024 GANJIL;P;SD;1.088
5189;15;JAMBI;1506;150603;PESERTA DIDIK;JIWA;2023/2024 GANJIL;P;SMP;134
5190;15;JAMBI;1506;150603;PESERTA DIDIK;JIWA;2023/2024 GANJIL;P;SMA;236
5191;15;JAMBI;1506;150603;PESERTA DIDIK;JIWA;2023/2024 GANJIL;P;SMK;44
5192;15;JAMBI;1506;150603;PESERTA DIDIK;JIWA;2023/2024 GANJIL;P;SLB;0
5193;15;JAMBI;1572;157202;PESERTA DIDIK;JIWA;2023/2024 GANJIL;L;TK;94
5194;15;JAMBI;1572;157202;PESERTA DIDIK;JIWA;2023/2024 GANJIL;L;KB;110
5195;15;JAMBI;1572;157202;PESERTA DIDIK;JIWA;2023/2024 GANJIL;L;TPA;22
5196;15;JAMBI;1572;157202;PESERTA DIDIK;JIWA;2023/2024 GANJIL;L;SPS;139
5197;15;JAMBI;1572;157202;PESERTA DIDIK;JIWA;2023/2024 GANJIL;L;PKBM;63
5198;15;JAMBI;1572;157202;PESERTA DIDIK;JIWA;2023/2024 GANJIL;L;SKB;0
5199;15;JAMBI;1572;157202;PESERTA DIDIK;JIWA;2023/2024 GANJIL;L;SD;532
5200;15;JAMBI;1572;157202;PESERTA DIDIK;JIWA;2023/2024 GANJIL;L;SMP;72
5201;15;JAMBI;1572;157202;PESERTA DIDIK;JIWA;2023/2024 GANJIL;L;SMA;0
5202;15;JAMBI;1572;157202;PESERTA DIDIK;JIWA;2023/2024 GANJIL;L;SMK;794
5203;15;JAMBI;1572;157202;PESERTA DIDIK;JIWA;2023/2024 GANJIL;L;SLB;0
5204;15;JAMBI;1572;157202;PESERTA DIDIK;JIWA;2023/2024 GANJIL;P;TK;75
5205;15;JAMBI;1572;157202;PESERTA DIDIK;JIWA;2023/2024 GANJIL;P;KB;133
5206;15;JAMBI;1572;157202;PESERTA DIDIK;JIWA;2023/2024 GANJIL;P;TPA;15
5207;15;JAMBI;1572;157202;PESERTA DIDIK;JIWA;2023/2024 GANJIL;P;SPS;147
5208;15;JAMBI;1572;157202;PESERTA DIDIK;JIWA;2023/2024 GANJIL;P;PKBM;24
5209;15;JAMBI;1572;157202;PESERTA DIDIK;JIWA;2023/2024 GANJIL;P;SKB;0
5210;15;JAMBI;1572;157202;PESERTA DIDIK;JIWA;2023/2024 GANJIL;P;SD;471
5211;15;JAMBI;1572;157202;PESERTA DIDIK;JIWA;2023/2024 GANJIL;P;SMP;76
5212;15;JAMBI;1572;157202;PESERTA DIDIK;JIWA;2023/2024 GANJIL;P;SMA;0
5213;15;JAMBI;1572;157202;PESERTA DIDIK;JIWA;2023/2024 GANJIL;P;SMK;184
5214;15;JAMBI;1572;157202;PESERTA DIDIK;JIWA;2023/2024 GANJIL;P;SLB;0
5215;15;JAMBI;1572;157206;PESERTA DIDIK;JIWA;2023/2024 GANJIL;L;TK;159
5216;15;JAMBI;1572;157206;PESERTA DIDIK;JIWA;2023/2024 GANJIL;L;KB;103
5217;15;JAMBI;1572;157206;PESERTA DIDIK;JIWA;2023/2024 GANJIL;L;TPA;7
5218;15;JAMBI;1572;157206;PESERTA DIDIK;JIWA;2023/2024 GANJIL;L;SPS;13
5219;15;JAMBI;1572;157206;PESERTA DIDIK;JIWA;2023/2024 GANJIL;L;PKBM;2
5220;15;JAMBI;1572;157206;PESERTA DIDIK;JIWA;2023/2024 GANJIL;L;SKB;0
5221;15;JAMBI;1572;157206;PESERTA DIDIK;JIWA;2023/2024 GANJIL;L;SD;614
5222;15;JAMBI;1572;157206;PESERTA DIDIK;JIWA;2023/2024 GANJIL;L;SMP;188
5223;15;JAMBI;1572;157206;PESERTA DIDIK;JIWA;2023/2024 GANJIL;L;SMA;441
5224;15;JAMBI;1572;157206;PESERTA DIDIK;JIWA;2023/2024 GANJIL;L;SMK;0
5225;15;JAMBI;1572;157206;PESERTA DIDIK;JIWA;2023/2024 GANJIL;L;SLB;0
5226;15;JAMBI;1572;157206;PESERTA DIDIK;JIWA;2023/2024 GANJIL;P;TK;118
5227;15;JAMBI;1572;157206;PESERTA DIDIK;JIWA;2023/2024 GANJIL;P;KB;116
5228;15;JAMBI;1572;157206;PESERTA DIDIK;JIWA;2023/2024 GANJIL;P;TPA;10
5229;15;JAMBI;1572;157206;PESERTA DIDIK;JIWA;2023/2024 GANJIL;P;SPS;15
5230;15;JAMBI;1572;157206;PESERTA DIDIK;JIWA;2023/2024 GANJIL;P;PKBM;8
5231;15;JAMBI;1572;157206;PESERTA DIDIK;JIWA;2023/2024 GANJIL;P;SKB;0
5232;15;JAMBI;1572;157206;PESERTA DIDIK;JIWA;2023/2024 GANJIL;P;SD;544
5233;15;JAMBI;1572;157206;PESERTA DIDIK;JIWA;2023/2024 GANJIL;P;SMP;166
5234;15;JAMBI;1572;157206;PESERTA DIDIK;JIWA;2023/2024 GANJIL;P;SMA;618
5235;15;JAMBI;1572;157206;PESERTA DIDIK;JIWA;2023/2024 GANJIL;P;SMK;0
5236;15;JAMBI;1572;157206;PESERTA DIDIK;JIWA;2023/2024 GANJIL;P;SLB;0
5237;15;JAMBI;1508;150802;PESERTA DIDIK;JIWA;2023/2024 GANJIL;L;TK;32
5238;15;JAMBI;1508;150802;PESERTA DIDIK;JIWA;2023/2024 GANJIL;L;KB;230
5239;15;JAMBI;1508;150802;PESERTA DIDIK;JIWA;2023/2024 GANJIL;L;TPA;0
5240;15;JAMBI;1508;150802;PESERTA DIDIK;JIWA;2023/2024 GANJIL;L;SPS;0
5241;15;JAMBI;1508;150802;PESERTA DIDIK;JIWA;2023/2024 GANJIL;L;PKBM;77
5242;15;JAMBI;1508;150802;PESERTA DIDIK;JIWA;2023/2024 GANJIL;L;SKB;0
5243;15;JAMBI;1508;150802;PESERTA DIDIK;JIWA;2023/2024 GANJIL;L;SD;647
5244;15;JAMBI;1508;150802;PESERTA DIDIK;JIWA;2023/2024 GANJIL;L;SMP;165
5245;15;JAMBI;1508;150802;PESERTA DIDIK;JIWA;2023/2024 GANJIL;L;SMA;235
5246;15;JAMBI;1508;150802;PESERTA DIDIK;JIWA;2023/2024 GANJIL;L;SMK;0
5247;15;JAMBI;1508;150802;PESERTA DIDIK;JIWA;2023/2024 GANJIL;L;SLB;0
5248;15;JAMBI;1508;150802;PESERTA DIDIK;JIWA;2023/2024 GANJIL;P;TK;31
5249;15;JAMBI;1508;150802;PESERTA DIDIK;JIWA;2023/2024 GANJIL;P;KB;181
5250;15;JAMBI;1508;150802;PESERTA DIDIK;JIWA;2023/2024 GANJIL;P;TPA;0
5251;15;JAMBI;1508;150802;PESERTA DIDIK;JIWA;2023/2024 GANJIL;P;SPS;0
5252;15;JAMBI;1508;150802;PESERTA DIDIK;JIWA;2023/2024 GANJIL;P;PKBM;40
5253;15;JAMBI;1508;150802;PESERTA DIDIK;JIWA;2023/2024 GANJIL;P;SKB;0
5254;15;JAMBI;1508;150802;PESERTA DIDIK;JIWA;2023/2024 GANJIL;P;SD;569
5255;15;JAMBI;1508;150802;PESERTA DIDIK;JIWA;2023/2024 GANJIL;P;SMP;143
5256;15;JAMBI;1508;150802;PESERTA DIDIK;JIWA;2023/2024 GANJIL;P;SMA;240
5257;15;JAMBI;1508;150802;PESERTA DIDIK;JIWA;2023/2024 GANJIL;P;SMK;0
5258;15;JAMBI;1508;150802;PESERTA DIDIK;JIWA;2023/2024 GANJIL;P;SLB;0
5259;15;JAMBI;1507;150704;PESERTA DIDIK;JIWA;2023/2024 GANJIL;L;TK;97
5260;15;JAMBI;1507;150704;PESERTA DIDIK;JIWA;2023/2024 GANJIL;L;KB;361
5261;15;JAMBI;1507;150704;PESERTA DIDIK;JIWA;2023/2024 GANJIL;L;TPA;0
5262;15;JAMBI;1507;150704;PESERTA DIDIK;JIWA;2023/2024 GANJIL;L;SPS;0
5263;15;JAMBI;1507;150704;PESERTA DIDIK;JIWA;2023/2024 GANJIL;L;PKBM;55
5264;15;JAMBI;1507;150704;PESERTA DIDIK;JIWA;2023/2024 GANJIL;L;SKB;0
5265;15;JAMBI;1507;150704;PESERTA DIDIK;JIWA;2023/2024 GANJIL;L;SD;1.163
5266;15;JAMBI;1507;150704;PESERTA DIDIK;JIWA;2023/2024 GANJIL;L;SMP;529
5267;15;JAMBI;1507;150704;PESERTA DIDIK;JIWA;2023/2024 GANJIL;L;SMA;314
5268;15;JAMBI;1507;150704;PESERTA DIDIK;JIWA;2023/2024 GANJIL;L;SMK;81
5269;15;JAMBI;1507;150704;PESERTA DIDIK;JIWA;2023/2024 GANJIL;L;SLB;0
5270;15;JAMBI;1507;150704;PESERTA DIDIK;JIWA;2023/2024 GANJIL;P;TK;102
5271;15;JAMBI;1507;150704;PESERTA DIDIK;JIWA;2023/2024 GANJIL;P;KB;346
5272;15;JAMBI;1507;150704;PESERTA DIDIK;JIWA;2023/2024 GANJIL;P;TPA;0
5273;15;JAMBI;1507;150704;PESERTA DIDIK;JIWA;2023/2024 GANJIL;P;SPS;0
5274;15;JAMBI;1507;150704;PESERTA DIDIK;JIWA;2023/2024 GANJIL;P;PKBM;23
5275;15;JAMBI;1507;150704;PESERTA DIDIK;JIWA;2023/2024 GANJIL;P;SKB;0
5276;15;JAMBI;1507;150704;PESERTA DIDIK;JIWA;2023/2024 GANJIL;P;SD;1.098
5277;15;JAMBI;1507;150704;PESERTA DIDIK;JIWA;2023/2024 GANJIL;P;SMP;481
5278;15;JAMBI;1507;150704;PESERTA DIDIK;JIWA;2023/2024 GANJIL;P;SMA;461
5279;15;JAMBI;1507;150704;PESERTA DIDIK;JIWA;2023/2024 GANJIL;P;SMK;30
5280;15;JAMBI;1507;150704;PESERTA DIDIK;JIWA;2023/2024 GANJIL;P;SLB;0
5281;15;JAMBI;1506;150608;PESERTA DIDIK;JIWA;2023/2024 GANJIL;L;TK;80
5282;15;JAMBI;1506;150608;PESERTA DIDIK;JIWA;2023/2024 GANJIL;L;KB;124
5283;15;JAMBI;1506;150608;PESERTA DIDIK;JIWA;2023/2024 GANJIL;L;TPA;0
5284;15;JAMBI;1506;150608;PESERTA DIDIK;JIWA;2023/2024 GANJIL;L;SPS;0
5285;15;JAMBI;1506;150608;PESERTA DIDIK;JIWA;2023/2024 GANJIL;L;PKBM;0
5286;15;JAMBI;1506;150608;PESERTA DIDIK;JIWA;2023/2024 GANJIL;L;SKB;0
5287;15;JAMBI;1506;150608;PESERTA DIDIK;JIWA;2023/2024 GANJIL;L;SD;1.107
5288;15;JAMBI;1506;150608;PESERTA DIDIK;JIWA;2023/2024 GANJIL;L;SMP;279
5289;15;JAMBI;1506;150608;PESERTA DIDIK;JIWA;2023/2024 GANJIL;L;SMA;168
5290;15;JAMBI;1506;150608;PESERTA DIDIK;JIWA;2023/2024 GANJIL;L;SMK;60
5291;15;JAMBI;1506;150608;PESERTA DIDIK;JIWA;2023/2024 GANJIL;L;SLB;0
5292;15;JAMBI;1506;150608;PESERTA DIDIK;JIWA;2023/2024 GANJIL;P;TK;79
5293;15;JAMBI;1506;150608;PESERTA DIDIK;JIWA;2023/2024 GANJIL;P;KB;102
5294;15;JAMBI;1506;150608;PESERTA DIDIK;JIWA;2023/2024 GANJIL;P;TPA;0
5295;15;JAMBI;1506;150608;PESERTA DIDIK;JIWA;2023/2024 GANJIL;P;SPS;0
5296;15;JAMBI;1506;150608;PESERTA DIDIK;JIWA;2023/2024 GANJIL;P;PKBM;0
5297;15;JAMBI;1506;150608;PESERTA DIDIK;JIWA;2023/2024 GANJIL;P;SKB;0
5298;15;JAMBI;1506;150608;PESERTA DIDIK;JIWA;2023/2024 GANJIL;P;SD;990
5299;15;JAMBI;1506;150608;PESERTA DIDIK;JIWA;2023/2024 GANJIL;P;SMP;230
5300;15;JAMBI;1506;150608;PESERTA DIDIK;JIWA;2023/2024 GANJIL;P;SMA;165
5301;15;JAMBI;1506;150608;PESERTA DIDIK;JIWA;2023/2024 GANJIL;P;SMK;61
5302;15;JAMBI;1506;150608;PESERTA DIDIK;JIWA;2023/2024 GANJIL;P;SLB;0
5303;15;JAMBI;1502;150219;PESERTA DIDIK;JIWA;2023/2024 GANJIL;L;TK;105
5304;15;JAMBI;1502;150219;PESERTA DIDIK;JIWA;2023/2024 GANJIL;L;KB;74
5305;15;JAMBI;1502;150219;PESERTA DIDIK;JIWA;2023/2024 GANJIL;L;TPA;0
5306;15;JAMBI;1502;150219;PESERTA DIDIK;JIWA;2023/2024 GANJIL;L;SPS;0
5307;15;JAMBI;1502;150219;PESERTA DIDIK;JIWA;2023/2024 GANJIL;L;PKBM;0
5308;15;JAMBI;1502;150219;PESERTA DIDIK;JIWA;2023/2024 GANJIL;L;SKB;0
5309;15;JAMBI;1502;150219;PESERTA DIDIK;JIWA;2023/2024 GANJIL;L;SD;633
5310;15;JAMBI;1502;150219;PESERTA DIDIK;JIWA;2023/2024 GANJIL;L;SMP;194
5311;15;JAMBI;1502;150219;PESERTA DIDIK;JIWA;2023/2024 GANJIL;L;SMA;266
5312;15;JAMBI;1502;150219;PESERTA DIDIK;JIWA;2023/2024 GANJIL;L;SMK;150
5313;15;JAMBI;1502;150219;PESERTA DIDIK;JIWA;2023/2024 GANJIL;L;SLB;0
5314;15;JAMBI;1502;150219;PESERTA DIDIK;JIWA;2023/2024 GANJIL;P;TK;85
5315;15;JAMBI;1502;150219;PESERTA DIDIK;JIWA;2023/2024 GANJIL;P;KB;66
5316;15;JAMBI;1502;150219;PESERTA DIDIK;JIWA;2023/2024 GANJIL;P;TPA;0
5317;15;JAMBI;1502;150219;PESERTA DIDIK;JIWA;2023/2024 GANJIL;P;SPS;0
5318;15;JAMBI;1502;150219;PESERTA DIDIK;JIWA;2023/2024 GANJIL;P;PKBM;0
5319;15;JAMBI;1502;150219;PESERTA DIDIK;JIWA;2023/2024 GANJIL;P;SKB;0
5320;15;JAMBI;1502;150219;PESERTA DIDIK;JIWA;2023/2024 GANJIL;P;SD;560
5321;15;JAMBI;1502;150219;PESERTA DIDIK;JIWA;2023/2024 GANJIL;P;SMP;161
5322;15;JAMBI;1502;150219;PESERTA DIDIK;JIWA;2023/2024 GANJIL;P;SMA;288
5323;15;JAMBI;1502;150219;PESERTA DIDIK;JIWA;2023/2024 GANJIL;P;SMK;161
5324;15;JAMBI;1502;150219;PESERTA DIDIK;JIWA;2023/2024 GANJIL;P;SLB;0
5325;15;JAMBI;1502;150216;PESERTA DIDIK;JIWA;2023/2024 GANJIL;L;TK;117
5326;15;JAMBI;1502;150216;PESERTA DIDIK;JIWA;2023/2024 GANJIL;L;KB;210
5327;15;JAMBI;1502;150216;PESERTA DIDIK;JIWA;2023/2024 GANJIL;L;TPA;17
5328;15;JAMBI;1502;150216;PESERTA DIDIK;JIWA;2023/2024 GANJIL;L;SPS;49
5329;15;JAMBI;1502;150216;PESERTA DIDIK;JIWA;2023/2024 GANJIL;L;PKBM;0
5330;15;JAMBI;1502;150216;PESERTA DIDIK;JIWA;2023/2024 GANJIL;L;SKB;0
5331;15;JAMBI;1502;150216;PESERTA DIDIK;JIWA;2023/2024 GANJIL;L;SD;831
5332;15;JAMBI;1502;150216;PESERTA DIDIK;JIWA;2023/2024 GANJIL;L;SMP;96
5333;15;JAMBI;1502;150216;PESERTA DIDIK;JIWA;2023/2024 GANJIL;L;SMA;61
5334;15;JAMBI;1502;150216;PESERTA DIDIK;JIWA;2023/2024 GANJIL;L;SMK;0
5335;15;JAMBI;1502;150216;PESERTA DIDIK;JIWA;2023/2024 GANJIL;L;SLB;0
5336;15;JAMBI;1502;150216;PESERTA DIDIK;JIWA;2023/2024 GANJIL;P;TK;117
5337;15;JAMBI;1502;150216;PESERTA DIDIK;JIWA;2023/2024 GANJIL;P;KB;194
5338;15;JAMBI;1502;150216;PESERTA DIDIK;JIWA;2023/2024 GANJIL;P;TPA;22
5339;15;JAMBI;1502;150216;PESERTA DIDIK;JIWA;2023/2024 GANJIL;P;SPS;43
5340;15;JAMBI;1502;150216;PESERTA DIDIK;JIWA;2023/2024 GANJIL;P;PKBM;0
5341;15;JAMBI;1502;150216;PESERTA DIDIK;JIWA;2023/2024 GANJIL;P;SKB;0
5342;15;JAMBI;1502;150216;PESERTA DIDIK;JIWA;2023/2024 GANJIL;P;SD;757
5343;15;JAMBI;1502;150216;PESERTA DIDIK;JIWA;2023/2024 GANJIL;P;SMP;101
5344;15;JAMBI;1502;150216;PESERTA DIDIK;JIWA;2023/2024 GANJIL;P;SMA;59
5345;15;JAMBI;1502;150216;PESERTA DIDIK;JIWA;2023/2024 GANJIL;P;SMK;0
5346;15;JAMBI;1502;150216;PESERTA DIDIK;JIWA;2023/2024 GANJIL;P;SLB;0
5347;15;JAMBI;1509;150904;PESERTA DIDIK;JIWA;2023/2024 GANJIL;L;TK;392
5348;15;JAMBI;1509;150904;PESERTA DIDIK;JIWA;2023/2024 GANJIL;L;KB;256
5349;15;JAMBI;1509;150904;PESERTA DIDIK;JIWA;2023/2024 GANJIL;L;TPA;17
5350;15;JAMBI;1509;150904;PESERTA DIDIK;JIWA;2023/2024 GANJIL;L;SPS;73
5351;15;JAMBI;1509;150904;PESERTA DIDIK;JIWA;2023/2024 GANJIL;L;PKBM;296
5352;15;JAMBI;1509;150904;PESERTA DIDIK;JIWA;2023/2024 GANJIL;L;SKB;0
5353;15;JAMBI;1509;150904;PESERTA DIDIK;JIWA;2023/2024 GANJIL;L;SD;3.162
5354;15;JAMBI;1509;150904;PESERTA DIDIK;JIWA;2023/2024 GANJIL;L;SMP;1.609
5355;15;JAMBI;1509;150904;PESERTA DIDIK;JIWA;2023/2024 GANJIL;L;SMA;566
5356;15;JAMBI;1509;150904;PESERTA DIDIK;JIWA;2023/2024 GANJIL;L;SMK;1.162
5357;15;JAMBI;1509;150904;PESERTA DIDIK;JIWA;2023/2024 GANJIL;L;SLB;74
5358;15;JAMBI;1509;150904;PESERTA DIDIK;JIWA;2023/2024 GANJIL;P;TK;351
5359;15;JAMBI;1509;150904;PESERTA DIDIK;JIWA;2023/2024 GANJIL;P;KB;220
5360;15;JAMBI;1509;150904;PESERTA DIDIK;JIWA;2023/2024 GANJIL;P;TPA;15
5361;15;JAMBI;1509;150904;PESERTA DIDIK;JIWA;2023/2024 GANJIL;P;SPS;82
5362;15;JAMBI;1509;150904;PESERTA DIDIK;JIWA;2023/2024 GANJIL;P;PKBM;141
5363;15;JAMBI;1509;150904;PESERTA DIDIK;JIWA;2023/2024 GANJIL;P;SKB;0
5364;15;JAMBI;1509;150904;PESERTA DIDIK;JIWA;2023/2024 GANJIL;P;SD;2.883
5365;15;JAMBI;1509;150904;PESERTA DIDIK;JIWA;2023/2024 GANJIL;P;SMP;1.455
5366;15;JAMBI;1509;150904;PESERTA DIDIK;JIWA;2023/2024 GANJIL;P;SMA;956
5367;15;JAMBI;1509;150904;PESERTA DIDIK;JIWA;2023/2024 GANJIL;P;SMK;902
5368;15;JAMBI;1509;150904;PESERTA DIDIK;JIWA;2023/2024 GANJIL;P;SLB;49
5369;15;JAMBI;1509;150908;PESERTA DIDIK;JIWA;2023/2024 GANJIL;L;TK;185
5370;15;JAMBI;1509;150908;PESERTA DIDIK;JIWA;2023/2024 GANJIL;L;KB;54
5371;15;JAMBI;1509;150908;PESERTA DIDIK;JIWA;2023/2024 GANJIL;L;TPA;0
5372;15;JAMBI;1509;150908;PESERTA DIDIK;JIWA;2023/2024 GANJIL;L;SPS;0
5373;15;JAMBI;1509;150908;PESERTA DIDIK;JIWA;2023/2024 GANJIL;L;PKBM;0
5374;15;JAMBI;1509;150908;PESERTA DIDIK;JIWA;2023/2024 GANJIL;L;SKB;0
5375;15;JAMBI;1509;150908;PESERTA DIDIK;JIWA;2023/2024 GANJIL;L;SD;1.067
5376;15;JAMBI;1509;150908;PESERTA DIDIK;JIWA;2023/2024 GANJIL;L;SMP;464
5377;15;JAMBI;1509;150908;PESERTA DIDIK;JIWA;2023/2024 GANJIL;L;SMA;232
5378;15;JAMBI;1509;150908;PESERTA DIDIK;JIWA;2023/2024 GANJIL;L;SMK;264
5379;15;JAMBI;1509;150908;PESERTA DIDIK;JIWA;2023/2024 GANJIL;L;SLB;0
5380;15;JAMBI;1509;150908;PESERTA DIDIK;JIWA;2023/2024 GANJIL;P;TK;172
5381;15;JAMBI;1509;150908;PESERTA DIDIK;JIWA;2023/2024 GANJIL;P;KB;65
5382;15;JAMBI;1509;150908;PESERTA DIDIK;JIWA;2023/2024 GANJIL;P;TPA;0
5383;15;JAMBI;1509;150908;PESERTA DIDIK;JIWA;2023/2024 GANJIL;P;SPS;0
5384;15;JAMBI;1509;150908;PESERTA DIDIK;JIWA;2023/2024 GANJIL;P;PKBM;0
5385;15;JAMBI;1509;150908;PESERTA DIDIK;JIWA;2023/2024 GANJIL;P;SKB;0
5386;15;JAMBI;1509;150908;PESERTA DIDIK;JIWA;2023/2024 GANJIL;P;SD;969
5387;15;JAMBI;1509;150908;PESERTA DIDIK;JIWA;2023/2024 GANJIL;P;SMP;410
5388;15;JAMBI;1509;150908;PESERTA DIDIK;JIWA;2023/2024 GANJIL;P;SMA;283
5389;15;JAMBI;1509;150908;PESERTA DIDIK;JIWA;2023/2024 GANJIL;P;SMK;146
5390;15;JAMBI;1509;150908;PESERTA DIDIK;JIWA;2023/2024 GANJIL;P;SLB;0
5391;15;JAMBI;1508;150813;PESERTA DIDIK;JIWA;2023/2024 GANJIL;L;TK;117
5392;15;JAMBI;1508;150813;PESERTA DIDIK;JIWA;2023/2024 GANJIL;L;KB;217
5393;15;JAMBI;1508;150813;PESERTA DIDIK;JIWA;2023/2024 GANJIL;L;TPA;9
5394;15;JAMBI;1508;150813;PESERTA DIDIK;JIWA;2023/2024 GANJIL;L;SPS;0
5395;15;JAMBI;1508;150813;PESERTA DIDIK;JIWA;2023/2024 GANJIL;L;PKBM;116
5396;15;JAMBI;1508;150813;PESERTA DIDIK;JIWA;2023/2024 GANJIL;L;SKB;0
5397;15;JAMBI;1508;150813;PESERTA DIDIK;JIWA;2023/2024 GANJIL;L;SD;2.288
5398;15;JAMBI;1508;150813;PESERTA DIDIK;JIWA;2023/2024 GANJIL;L;SMP;631
5399;15;JAMBI;1508;150813;PESERTA DIDIK;JIWA;2023/2024 GANJIL;L;SMA;1.294
5400;15;JAMBI;1508;150813;PESERTA DIDIK;JIWA;2023/2024 GANJIL;L;SMK;378
5401;15;JAMBI;1508;150813;PESERTA DIDIK;JIWA;2023/2024 GANJIL;L;SLB;116
5402;15;JAMBI;1508;150813;PESERTA DIDIK;JIWA;2023/2024 GANJIL;P;TK;91
5403;15;JAMBI;1508;150813;PESERTA DIDIK;JIWA;2023/2024 GANJIL;P;KB;238
5404;15;JAMBI;1508;150813;PESERTA DIDIK;JIWA;2023/2024 GANJIL;P;TPA;9
5405;15;JAMBI;1508;150813;PESERTA DIDIK;JIWA;2023/2024 GANJIL;P;SPS;0
5406;15;JAMBI;1508;150813;PESERTA DIDIK;JIWA;2023/2024 GANJIL;P;PKBM;97
5407;15;JAMBI;1508;150813;PESERTA DIDIK;JIWA;2023/2024 GANJIL;P;SKB;0
5408;15;JAMBI;1508;150813;PESERTA DIDIK;JIWA;2023/2024 GANJIL;P;SD;1.943
5409;15;JAMBI;1508;150813;PESERTA DIDIK;JIWA;2023/2024 GANJIL;P;SMP;557
5410;15;JAMBI;1508;150813;PESERTA DIDIK;JIWA;2023/2024 GANJIL;P;SMA;1.450
5411;15;JAMBI;1508;150813;PESERTA DIDIK;JIWA;2023/2024 GANJIL;P;SMK;233
5412;15;JAMBI;1508;150813;PESERTA DIDIK;JIWA;2023/2024 GANJIL;P;SLB;72
5413;15;JAMBI;1509;150907;PESERTA DIDIK;JIWA;2023/2024 GANJIL;L;TK;323
5414;15;JAMBI;1509;150907;PESERTA DIDIK;JIWA;2023/2024 GANJIL;L;KB;5
5415;15;JAMBI;1509;150907;PESERTA DIDIK;JIWA;2023/2024 GANJIL;L;TPA;21
5416;15;JAMBI;1509;150907;PESERTA DIDIK;JIWA;2023/2024 GANJIL;L;SPS;0
5417;15;JAMBI;1509;150907;PESERTA DIDIK;JIWA;2023/2024 GANJIL;L;PKBM;595
5418;15;JAMBI;1509;150907;PESERTA DIDIK;JIWA;2023/2024 GANJIL;L;SKB;0
5419;15;JAMBI;1509;150907;PESERTA DIDIK;JIWA;2023/2024 GANJIL;L;SD;1.806
5420;15;JAMBI;1509;150907;PESERTA DIDIK;JIWA;2023/2024 GANJIL;L;SMP;730
5421;15;JAMBI;1509;150907;PESERTA DIDIK;JIWA;2023/2024 GANJIL;L;SMA;423
5422;15;JAMBI;1509;150907;PESERTA DIDIK;JIWA;2023/2024 GANJIL;L;SMK;197
5423;15;JAMBI;1509;150907;PESERTA DIDIK;JIWA;2023/2024 GANJIL;L;SLB;0
5424;15;JAMBI;1509;150907;PESERTA DIDIK;JIWA;2023/2024 GANJIL;P;TK;300
5425;15;JAMBI;1509;150907;PESERTA DIDIK;JIWA;2023/2024 GANJIL;P;KB;11
5426;15;JAMBI;1509;150907;PESERTA DIDIK;JIWA;2023/2024 GANJIL;P;TPA;19
5427;15;JAMBI;1509;150907;PESERTA DIDIK;JIWA;2023/2024 GANJIL;P;SPS;0
5428;15;JAMBI;1509;150907;PESERTA DIDIK;JIWA;2023/2024 GANJIL;P;PKBM;409
5429;15;JAMBI;1509;150907;PESERTA DIDIK;JIWA;2023/2024 GANJIL;P;SKB;0
5430;15;JAMBI;1509;150907;PESERTA DIDIK;JIWA;2023/2024 GANJIL;P;SD;1.596
5431;15;JAMBI;1509;150907;PESERTA DIDIK;JIWA;2023/2024 GANJIL;P;SMP;653
5432;15;JAMBI;1509;150907;PESERTA DIDIK;JIWA;2023/2024 GANJIL;P;SMA;618
5433;15;JAMBI;1509;150907;PESERTA DIDIK;JIWA;2023/2024 GANJIL;P;SMK;135
5434;15;JAMBI;1509;150907;PESERTA DIDIK;JIWA;2023/2024 GANJIL;P;SLB;0
5435;15;JAMBI;1507;150705;PESERTA DIDIK;JIWA;2023/2024 GANJIL;L;TK;48
5436;15;JAMBI;1507;150705;PESERTA DIDIK;JIWA;2023/2024 GANJIL;L;KB;241
5437;15;JAMBI;1507;150705;PESERTA DIDIK;JIWA;2023/2024 GANJIL;L;TPA;0
5438;15;JAMBI;1507;150705;PESERTA DIDIK;JIWA;2023/2024 GANJIL;L;SPS;0
5439;15;JAMBI;1507;150705;PESERTA DIDIK;JIWA;2023/2024 GANJIL;L;PKBM;58
5440;15;JAMBI;1507;150705;PESERTA DIDIK;JIWA;2023/2024 GANJIL;L;SKB;0
5441;15;JAMBI;1507;150705;PESERTA DIDIK;JIWA;2023/2024 GANJIL;L;SD;886
5442;15;JAMBI;1507;150705;PESERTA DIDIK;JIWA;2023/2024 GANJIL;L;SMP;216
5443;15;JAMBI;1507;150705;PESERTA DIDIK;JIWA;2023/2024 GANJIL;L;SMA;119
5444;15;JAMBI;1507;150705;PESERTA DIDIK;JIWA;2023/2024 GANJIL;L;SMK;0
5445;15;JAMBI;1507;150705;PESERTA DIDIK;JIWA;2023/2024 GANJIL;L;SLB;0
5446;15;JAMBI;1507;150705;PESERTA DIDIK;JIWA;2023/2024 GANJIL;P;TK;52
5447;15;JAMBI;1507;150705;PESERTA DIDIK;JIWA;2023/2024 GANJIL;P;KB;234
5448;15;JAMBI;1507;150705;PESERTA DIDIK;JIWA;2023/2024 GANJIL;P;TPA;0
5449;15;JAMBI;1507;150705;PESERTA DIDIK;JIWA;2023/2024 GANJIL;P;SPS;0
5450;15;JAMBI;1507;150705;PESERTA DIDIK;JIWA;2023/2024 GANJIL;P;PKBM;47
5451;15;JAMBI;1507;150705;PESERTA DIDIK;JIWA;2023/2024 GANJIL;P;SKB;0
5452;15;JAMBI;1507;150705;PESERTA DIDIK;JIWA;2023/2024 GANJIL;P;SD;799
5453;15;JAMBI;1507;150705;PESERTA DIDIK;JIWA;2023/2024 GANJIL;P;SMP;185
5454;15;JAMBI;1507;150705;PESERTA DIDIK;JIWA;2023/2024 GANJIL;P;SMA;182
5455;15;JAMBI;1507;150705;PESERTA DIDIK;JIWA;2023/2024 GANJIL;P;SMK;0
5456;15;JAMBI;1507;150705;PESERTA DIDIK;JIWA;2023/2024 GANJIL;P;SLB;0
5457;15;JAMBI;1503;150303;PESERTA DIDIK;JIWA;2023/2024 GANJIL;L;TK;671
5458;15;JAMBI;1503;150303;PESERTA DIDIK;JIWA;2023/2024 GANJIL;L;KB;477
5459;15;JAMBI;1503;150303;PESERTA DIDIK;JIWA;2023/2024 GANJIL;L;TPA;40
5460;15;JAMBI;1503;150303;PESERTA DIDIK;JIWA;2023/2024 GANJIL;L;SPS;63
5461;15;JAMBI;1503;150303;PESERTA DIDIK;JIWA;2023/2024 GANJIL;L;PKBM;43
5462;15;JAMBI;1503;150303;PESERTA DIDIK;JIWA;2023/2024 GANJIL;L;SKB;84
5463;15;JAMBI;1503;150303;PESERTA DIDIK;JIWA;2023/2024 GANJIL;L;SD;3.440
5464;15;JAMBI;1503;150303;PESERTA DIDIK;JIWA;2023/2024 GANJIL;L;SMP;1.256
5465;15;JAMBI;1503;150303;PESERTA DIDIK;JIWA;2023/2024 GANJIL;L;SMA;866
5466;15;JAMBI;1503;150303;PESERTA DIDIK;JIWA;2023/2024 GANJIL;L;SMK;624
5467;15;JAMBI;1503;150303;PESERTA DIDIK;JIWA;2023/2024 GANJIL;L;SLB;47
5468;15;JAMBI;1503;150303;PESERTA DIDIK;JIWA;2023/2024 GANJIL;P;TK;629
5469;15;JAMBI;1503;150303;PESERTA DIDIK;JIWA;2023/2024 GANJIL;P;KB;428
5470;15;JAMBI;1503;150303;PESERTA DIDIK;JIWA;2023/2024 GANJIL;P;TPA;31
5471;15;JAMBI;1503;150303;PESERTA DIDIK;JIWA;2023/2024 GANJIL;P;SPS;60
5472;15;JAMBI;1503;150303;PESERTA DIDIK;JIWA;2023/2024 GANJIL;P;PKBM;27
5473;15;JAMBI;1503;150303;PESERTA DIDIK;JIWA;2023/2024 GANJIL;P;SKB;27
5474;15;JAMBI;1503;150303;PESERTA DIDIK;JIWA;2023/2024 GANJIL;P;SD;3.202
5475;15;JAMBI;1503;150303;PESERTA DIDIK;JIWA;2023/2024 GANJIL;P;SMP;1.260
5476;15;JAMBI;1503;150303;PESERTA DIDIK;JIWA;2023/2024 GANJIL;P;SMA;1.030
5477;15;JAMBI;1503;150303;PESERTA DIDIK;JIWA;2023/2024 GANJIL;P;SMK;677
5478;15;JAMBI;1503;150303;PESERTA DIDIK;JIWA;2023/2024 GANJIL;P;SLB;39
5479;15;JAMBI;1506;150610;PESERTA DIDIK;JIWA;2023/2024 GANJIL;L;TK;0
5480;15;JAMBI;1506;150610;PESERTA DIDIK;JIWA;2023/2024 GANJIL;L;KB;140
5481;15;JAMBI;1506;150610;PESERTA DIDIK;JIWA;2023/2024 GANJIL;L;TPA;0
5482;15;JAMBI;1506;150610;PESERTA DIDIK;JIWA;2023/2024 GANJIL;L;SPS;8
5483;15;JAMBI;1506;150610;PESERTA DIDIK;JIWA;2023/2024 GANJIL;L;PKBM;0
5484;15;JAMBI;1506;150610;PESERTA DIDIK;JIWA;2023/2024 GANJIL;L;SKB;0
5485;15;JAMBI;1506;150610;PESERTA DIDIK;JIWA;2023/2024 GANJIL;L;SD;446
5486;15;JAMBI;1506;150610;PESERTA DIDIK;JIWA;2023/2024 GANJIL;L;SMP;61
5487;15;JAMBI;1506;150610;PESERTA DIDIK;JIWA;2023/2024 GANJIL;L;SMA;0
5488;15;JAMBI;1506;150610;PESERTA DIDIK;JIWA;2023/2024 GANJIL;L;SMK;8
5489;15;JAMBI;1506;150610;PESERTA DIDIK;JIWA;2023/2024 GANJIL;L;SLB;0
5490;15;JAMBI;1506;150610;PESERTA DIDIK;JIWA;2023/2024 GANJIL;P;TK;0
5491;15;JAMBI;1506;150610;PESERTA DIDIK;JIWA;2023/2024 GANJIL;P;KB;137
5492;15;JAMBI;1506;150610;PESERTA DIDIK;JIWA;2023/2024 GANJIL;P;TPA;0
5493;15;JAMBI;1506;150610;PESERTA DIDIK;JIWA;2023/2024 GANJIL;P;SPS;13
5494;15;JAMBI;1506;150610;PESERTA DIDIK;JIWA;2023/2024 GANJIL;P;PKBM;0
5495;15;JAMBI;1506;150610;PESERTA DIDIK;JIWA;2023/2024 GANJIL;P;SKB;0
5496;15;JAMBI;1506;150610;PESERTA DIDIK;JIWA;2023/2024 GANJIL;P;SD;388
5497;15;JAMBI;1506;150610;PESERTA DIDIK;JIWA;2023/2024 GANJIL;P;SMP;57
5498;15;JAMBI;1506;150610;PESERTA DIDIK;JIWA;2023/2024 GANJIL;P;SMA;0
5499;15;JAMBI;1506;150610;PESERTA DIDIK;JIWA;2023/2024 GANJIL;P;SMK;7
5500;15;JAMBI;1506;150610;PESERTA DIDIK;JIWA;2023/2024 GANJIL;P;SLB;0
5501;15;JAMBI;1505;150502;PESERTA DIDIK;JIWA;2023/2024 GANJIL;L;TK;398
5502;15;JAMBI;1505;150502;PESERTA DIDIK;JIWA;2023/2024 GANJIL;L;KB;53
5503;15;JAMBI;1505;150502;PESERTA DIDIK;JIWA;2023/2024 GANJIL;L;TPA;0
5504;15;JAMBI;1505;150502;PESERTA DIDIK;JIWA;2023/2024 GANJIL;L;SPS;0
5505;15;JAMBI;1505;150502;PESERTA DIDIK;JIWA;2023/2024 GANJIL;L;PKBM;123
5506;15;JAMBI;1505;150502;PESERTA DIDIK;JIWA;2023/2024 GANJIL;L;SKB;53
5507;15;JAMBI;1505;150502;PESERTA DIDIK;JIWA;2023/2024 GANJIL;L;SD;2.646
5508;15;JAMBI;1505;150502;PESERTA DIDIK;JIWA;2023/2024 GANJIL;L;SMP;994
5509;15;JAMBI;1505;150502;PESERTA DIDIK;JIWA;2023/2024 GANJIL;L;SMA;448
5510;15;JAMBI;1505;150502;PESERTA DIDIK;JIWA;2023/2024 GANJIL;L;SMK;405
5511;15;JAMBI;1505;150502;PESERTA DIDIK;JIWA;2023/2024 GANJIL;L;SLB;76
5512;15;JAMBI;1505;150502;PESERTA DIDIK;JIWA;2023/2024 GANJIL;P;TK;366
5513;15;JAMBI;1505;150502;PESERTA DIDIK;JIWA;2023/2024 GANJIL;P;KB;66
5514;15;JAMBI;1505;150502;PESERTA DIDIK;JIWA;2023/2024 GANJIL;P;TPA;0
5515;15;JAMBI;1505;150502;PESERTA DIDIK;JIWA;2023/2024 GANJIL;P;SPS;0
5516;15;JAMBI;1505;150502;PESERTA DIDIK;JIWA;2023/2024 GANJIL;P;PKBM;69
5517;15;JAMBI;1505;150502;PESERTA DIDIK;JIWA;2023/2024 GANJIL;P;SKB;20
5518;15;JAMBI;1505;150502;PESERTA DIDIK;JIWA;2023/2024 GANJIL;P;SD;2.529
5519;15;JAMBI;1505;150502;PESERTA DIDIK;JIWA;2023/2024 GANJIL;P;SMP;956
5520;15;JAMBI;1505;150502;PESERTA DIDIK;JIWA;2023/2024 GANJIL;P;SMA;515
5521;15;JAMBI;1505;150502;PESERTA DIDIK;JIWA;2023/2024 GANJIL;P;SMK;217
5522;15;JAMBI;1505;150502;PESERTA DIDIK;JIWA;2023/2024 GANJIL;P;SLB;38
5523;15;JAMBI;1506;150613;PESERTA DIDIK;JIWA;2023/2024 GANJIL;L;TK;15
5524;15;JAMBI;1506;150613;PESERTA DIDIK;JIWA;2023/2024 GANJIL;L;KB;363
5525;15;JAMBI;1506;150613;PESERTA DIDIK;JIWA;2023/2024 GANJIL;L;TPA;0
5526;15;JAMBI;1506;150613;PESERTA DIDIK;JIWA;2023/2024 GANJIL;L;SPS;0
5527;15;JAMBI;1506;150613;PESERTA DIDIK;JIWA;2023/2024 GANJIL;L;PKBM;0
5528;15;JAMBI;1506;150613;PESERTA DIDIK;JIWA;2023/2024 GANJIL;L;SKB;0
5529;15;JAMBI;1506;150613;PESERTA DIDIK;JIWA;2023/2024 GANJIL;L;SD;1.193
5530;15;JAMBI;1506;150613;PESERTA DIDIK;JIWA;2023/2024 GANJIL;L;SMP;260
5531;15;JAMBI;1506;150613;PESERTA DIDIK;JIWA;2023/2024 GANJIL;L;SMA;199
5532;15;JAMBI;1506;150613;PESERTA DIDIK;JIWA;2023/2024 GANJIL;L;SMK;0
5533;15;JAMBI;1506;150613;PESERTA DIDIK;JIWA;2023/2024 GANJIL;L;SLB;0
5534;15;JAMBI;1506;150613;PESERTA DIDIK;JIWA;2023/2024 GANJIL;P;TK;7
5535;15;JAMBI;1506;150613;PESERTA DIDIK;JIWA;2023/2024 GANJIL;P;KB;388
5536;15;JAMBI;1506;150613;PESERTA DIDIK;JIWA;2023/2024 GANJIL;P;TPA;0
5537;15;JAMBI;1506;150613;PESERTA DIDIK;JIWA;2023/2024 GANJIL;P;SPS;0
5538;15;JAMBI;1506;150613;PESERTA DIDIK;JIWA;2023/2024 GANJIL;P;PKBM;0
5539;15;JAMBI;1506;150613;PESERTA DIDIK;JIWA;2023/2024 GANJIL;P;SKB;0
5540;15;JAMBI;1506;150613;PESERTA DIDIK;JIWA;2023/2024 GANJIL;P;SD;1.224
5541;15;JAMBI;1506;150613;PESERTA DIDIK;JIWA;2023/2024 GANJIL;P;SMP;224
5542;15;JAMBI;1506;150613;PESERTA DIDIK;JIWA;2023/2024 GANJIL;P;SMA;221
5543;15;JAMBI;1506;150613;PESERTA DIDIK;JIWA;2023/2024 GANJIL;P;SMK;0
5544;15;JAMBI;1506;150613;PESERTA DIDIK;JIWA;2023/2024 GANJIL;P;SLB;0
5545;15;JAMBI;1509;150910;PESERTA DIDIK;JIWA;2023/2024 GANJIL;L;TK;88
5546;15;JAMBI;1509;150910;PESERTA DIDIK;JIWA;2023/2024 GANJIL;L;KB;88
5547;15;JAMBI;1509;150910;PESERTA DIDIK;JIWA;2023/2024 GANJIL;L;TPA;0
5548;15;JAMBI;1509;150910;PESERTA DIDIK;JIWA;2023/2024 GANJIL;L;SPS;0
5549;15;JAMBI;1509;150910;PESERTA DIDIK;JIWA;2023/2024 GANJIL;L;PKBM;0
5550;15;JAMBI;1509;150910;PESERTA DIDIK;JIWA;2023/2024 GANJIL;L;SKB;0
5551;15;JAMBI;1509;150910;PESERTA DIDIK;JIWA;2023/2024 GANJIL;L;SD;613
5552;15;JAMBI;1509;150910;PESERTA DIDIK;JIWA;2023/2024 GANJIL;L;SMP;100
5553;15;JAMBI;1509;150910;PESERTA DIDIK;JIWA;2023/2024 GANJIL;L;SMA;76
5554;15;JAMBI;1509;150910;PESERTA DIDIK;JIWA;2023/2024 GANJIL;L;SMK;0
5555;15;JAMBI;1509;150910;PESERTA DIDIK;JIWA;2023/2024 GANJIL;L;SLB;0
5556;15;JAMBI;1509;150910;PESERTA DIDIK;JIWA;2023/2024 GANJIL;P;TK;92
5557;15;JAMBI;1509;150910;PESERTA DIDIK;JIWA;2023/2024 GANJIL;P;KB;94
5558;15;JAMBI;1509;150910;PESERTA DIDIK;JIWA;2023/2024 GANJIL;P;TPA;0
5559;15;JAMBI;1509;150910;PESERTA DIDIK;JIWA;2023/2024 GANJIL;P;SPS;0
5560;15;JAMBI;1509;150910;PESERTA DIDIK;JIWA;2023/2024 GANJIL;P;PKBM;0
5561;15;JAMBI;1509;150910;PESERTA DIDIK;JIWA;2023/2024 GANJIL;P;SKB;0
5562;15;JAMBI;1509;150910;PESERTA DIDIK;JIWA;2023/2024 GANJIL;P;SD;565
5563;15;JAMBI;1509;150910;PESERTA DIDIK;JIWA;2023/2024 GANJIL;P;SMP;78
5564;15;JAMBI;1509;150910;PESERTA DIDIK;JIWA;2023/2024 GANJIL;P;SMA;62
5565;15;JAMBI;1509;150910;PESERTA DIDIK;JIWA;2023/2024 GANJIL;P;SMK;0
5566;15;JAMBI;1509;150910;PESERTA DIDIK;JIWA;2023/2024 GANJIL;P;SLB;0
5567;15;JAMBI;1503;150309;PESERTA DIDIK;JIWA;2023/2024 GANJIL;L;TK;426
5568;15;JAMBI;1503;150309;PESERTA DIDIK;JIWA;2023/2024 GANJIL;L;KB;341
5569;15;JAMBI;1503;150309;PESERTA DIDIK;JIWA;2023/2024 GANJIL;L;TPA;17
5570;15;JAMBI;1503;150309;PESERTA DIDIK;JIWA;2023/2024 GANJIL;L;SPS;31
5571;15;JAMBI;1503;150309;PESERTA DIDIK;JIWA;2023/2024 GANJIL;L;PKBM;110
5572;15;JAMBI;1503;150309;PESERTA DIDIK;JIWA;2023/2024 GANJIL;L;SKB;0
5573;15;JAMBI;1503;150309;PESERTA DIDIK;JIWA;2023/2024 GANJIL;L;SD;2.063
5574;15;JAMBI;1503;150309;PESERTA DIDIK;JIWA;2023/2024 GANJIL;L;SMP;1.126
5575;15;JAMBI;1503;150309;PESERTA DIDIK;JIWA;2023/2024 GANJIL;L;SMA;551
5576;15;JAMBI;1503;150309;PESERTA DIDIK;JIWA;2023/2024 GANJIL;L;SMK;681
5577;15;JAMBI;1503;150309;PESERTA DIDIK;JIWA;2023/2024 GANJIL;L;SLB;0
5578;15;JAMBI;1503;150309;PESERTA DIDIK;JIWA;2023/2024 GANJIL;P;TK;416
5579;15;JAMBI;1503;150309;PESERTA DIDIK;JIWA;2023/2024 GANJIL;P;KB;361
5580;15;JAMBI;1503;150309;PESERTA DIDIK;JIWA;2023/2024 GANJIL;P;TPA;19
5581;15;JAMBI;1503;150309;PESERTA DIDIK;JIWA;2023/2024 GANJIL;P;SPS;27
5582;15;JAMBI;1503;150309;PESERTA DIDIK;JIWA;2023/2024 GANJIL;P;PKBM;17
5583;15;JAMBI;1503;150309;PESERTA DIDIK;JIWA;2023/2024 GANJIL;P;SKB;0
5584;15;JAMBI;1503;150309;PESERTA DIDIK;JIWA;2023/2024 GANJIL;P;SD;1.918
5585;15;JAMBI;1503;150309;PESERTA DIDIK;JIWA;2023/2024 GANJIL;P;SMP;1.074
5586;15;JAMBI;1503;150309;PESERTA DIDIK;JIWA;2023/2024 GANJIL;P;SMA;738
5587;15;JAMBI;1503;150309;PESERTA DIDIK;JIWA;2023/2024 GANJIL;P;SMK;456
5588;15;JAMBI;1503;150309;PESERTA DIDIK;JIWA;2023/2024 GANJIL;P;SLB;0
5589;15;JAMBI;1501;150104;PESERTA DIDIK;JIWA;2023/2024 GANJIL;L;TK;60
5590;15;JAMBI;1501;150104;PESERTA DIDIK;JIWA;2023/2024 GANJIL;L;KB;209
5591;15;JAMBI;1501;150104;PESERTA DIDIK;JIWA;2023/2024 GANJIL;L;TPA;0
5592;15;JAMBI;1501;150104;PESERTA DIDIK;JIWA;2023/2024 GANJIL;L;SPS;6
5593;15;JAMBI;1501;150104;PESERTA DIDIK;JIWA;2023/2024 GANJIL;L;PKBM;57
5594;15;JAMBI;1501;150104;PESERTA DIDIK;JIWA;2023/2024 GANJIL;L;SKB;0
5595;15;JAMBI;1501;150104;PESERTA DIDIK;JIWA;2023/2024 GANJIL;L;SD;475
5596;15;JAMBI;1501;150104;PESERTA DIDIK;JIWA;2023/2024 GANJIL;L;SMP;103
5597;15;JAMBI;1501;150104;PESERTA DIDIK;JIWA;2023/2024 GANJIL;L;SMA;173
5598;15;JAMBI;1501;150104;PESERTA DIDIK;JIWA;2023/2024 GANJIL;L;SMK;0
5599;15;JAMBI;1501;150104;PESERTA DIDIK;JIWA;2023/2024 GANJIL;L;SLB;0
5600;15;JAMBI;1501;150104;PESERTA DIDIK;JIWA;2023/2024 GANJIL;P;TK;58
5601;15;JAMBI;1501;150104;PESERTA DIDIK;JIWA;2023/2024 GANJIL;P;KB;187
5602;15;JAMBI;1501;150104;PESERTA DIDIK;JIWA;2023/2024 GANJIL;P;TPA;0
5603;15;JAMBI;1501;150104;PESERTA DIDIK;JIWA;2023/2024 GANJIL;P;SPS;11
5604;15;JAMBI;1501;150104;PESERTA DIDIK;JIWA;2023/2024 GANJIL;P;PKBM;14
5605;15;JAMBI;1501;150104;PESERTA DIDIK;JIWA;2023/2024 GANJIL;P;SKB;0
5606;15;JAMBI;1501;150104;PESERTA DIDIK;JIWA;2023/2024 GANJIL;P;SD;387
5607;15;JAMBI;1501;150104;PESERTA DIDIK;JIWA;2023/2024 GANJIL;P;SMP;115
5608;15;JAMBI;1501;150104;PESERTA DIDIK;JIWA;2023/2024 GANJIL;P;SMA;195
5609;15;JAMBI;1501;150104;PESERTA DIDIK;JIWA;2023/2024 GANJIL;P;SMK;0
5610;15;JAMBI;1501;150104;PESERTA DIDIK;JIWA;2023/2024 GANJIL;P;SLB;0
5611;15;JAMBI;1501;150116;PESERTA DIDIK;JIWA;2023/2024 GANJIL;L;TK;165
5612;15;JAMBI;1501;150116;PESERTA DIDIK;JIWA;2023/2024 GANJIL;L;KB;633
5613;15;JAMBI;1501;150116;PESERTA DIDIK;JIWA;2023/2024 GANJIL;L;TPA;0
5614;15;JAMBI;1501;150116;PESERTA DIDIK;JIWA;2023/2024 GANJIL;L;SPS;110
5615;15;JAMBI;1501;150116;PESERTA DIDIK;JIWA;2023/2024 GANJIL;L;PKBM;139
5616;15;JAMBI;1501;150116;PESERTA DIDIK;JIWA;2023/2024 GANJIL;L;SKB;0
5617;15;JAMBI;1501;150116;PESERTA DIDIK;JIWA;2023/2024 GANJIL;L;SD;952
5618;15;JAMBI;1501;150116;PESERTA DIDIK;JIWA;2023/2024 GANJIL;L;SMP;296
5619;15;JAMBI;1501;150116;PESERTA DIDIK;JIWA;2023/2024 GANJIL;L;SMA;324
5620;15;JAMBI;1501;150116;PESERTA DIDIK;JIWA;2023/2024 GANJIL;L;SMK;0
5621;15;JAMBI;1501;150116;PESERTA DIDIK;JIWA;2023/2024 GANJIL;L;SLB;0
5622;15;JAMBI;1501;150116;PESERTA DIDIK;JIWA;2023/2024 GANJIL;P;TK;155
5623;15;JAMBI;1501;150116;PESERTA DIDIK;JIWA;2023/2024 GANJIL;P;KB;560
5624;15;JAMBI;1501;150116;PESERTA DIDIK;JIWA;2023/2024 GANJIL;P;TPA;0
5625;15;JAMBI;1501;150116;PESERTA DIDIK;JIWA;2023/2024 GANJIL;P;SPS;117
5626;15;JAMBI;1501;150116;PESERTA DIDIK;JIWA;2023/2024 GANJIL;P;PKBM;155
5627;15;JAMBI;1501;150116;PESERTA DIDIK;JIWA;2023/2024 GANJIL;P;SKB;0
5628;15;JAMBI;1501;150116;PESERTA DIDIK;JIWA;2023/2024 GANJIL;P;SD;946
5629;15;JAMBI;1501;150116;PESERTA DIDIK;JIWA;2023/2024 GANJIL;P;SMP;296
5630;15;JAMBI;1501;150116;PESERTA DIDIK;JIWA;2023/2024 GANJIL;P;SMA;405
5631;15;JAMBI;1501;150116;PESERTA DIDIK;JIWA;2023/2024 GANJIL;P;SMK;0
5632;15;JAMBI;1501;150116;PESERTA DIDIK;JIWA;2023/2024 GANJIL;P;SLB;0
5633;15;JAMBI;1501;150118;PESERTA DIDIK;JIWA;2023/2024 GANJIL;L;TK;128
5634;15;JAMBI;1501;150118;PESERTA DIDIK;JIWA;2023/2024 GANJIL;L;KB;322
5635;15;JAMBI;1501;150118;PESERTA DIDIK;JIWA;2023/2024 GANJIL;L;TPA;16
5636;15;JAMBI;1501;150118;PESERTA DIDIK;JIWA;2023/2024 GANJIL;L;SPS;0
5637;15;JAMBI;1501;150118;PESERTA DIDIK;JIWA;2023/2024 GANJIL;L;PKBM;80
5638;15;JAMBI;1501;150118;PESERTA DIDIK;JIWA;2023/2024 GANJIL;L;SKB;0
5639;15;JAMBI;1501;150118;PESERTA DIDIK;JIWA;2023/2024 GANJIL;L;SD;482
5640;15;JAMBI;1501;150118;PESERTA DIDIK;JIWA;2023/2024 GANJIL;L;SMP;191
5641;15;JAMBI;1501;150118;PESERTA DIDIK;JIWA;2023/2024 GANJIL;L;SMA;48
5642;15;JAMBI;1501;150118;PESERTA DIDIK;JIWA;2023/2024 GANJIL;L;SMK;177
5643;15;JAMBI;1501;150118;PESERTA DIDIK;JIWA;2023/2024 GANJIL;L;SLB;0
5644;15;JAMBI;1501;150118;PESERTA DIDIK;JIWA;2023/2024 GANJIL;P;TK;124
5645;15;JAMBI;1501;150118;PESERTA DIDIK;JIWA;2023/2024 GANJIL;P;KB;324
5646;15;JAMBI;1501;150118;PESERTA DIDIK;JIWA;2023/2024 GANJIL;P;TPA;17
5647;15;JAMBI;1501;150118;PESERTA DIDIK;JIWA;2023/2024 GANJIL;P;SPS;0
5648;15;JAMBI;1501;150118;PESERTA DIDIK;JIWA;2023/2024 GANJIL;P;PKBM;82
5649;15;JAMBI;1501;150118;PESERTA DIDIK;JIWA;2023/2024 GANJIL;P;SKB;0
5650;15;JAMBI;1501;150118;PESERTA DIDIK;JIWA;2023/2024 GANJIL;P;SD;454
5651;15;JAMBI;1501;150118;PESERTA DIDIK;JIWA;2023/2024 GANJIL;P;SMP;156
5652;15;JAMBI;1501;150118;PESERTA DIDIK;JIWA;2023/2024 GANJIL;P;SMA;44
5653;15;JAMBI;1501;150118;PESERTA DIDIK;JIWA;2023/2024 GANJIL;P;SMK;46
5654;15;JAMBI;1501;150118;PESERTA DIDIK;JIWA;2023/2024 GANJIL;P;SLB;0
5655;15;JAMBI;1509;150905;PESERTA DIDIK;JIWA;2023/2024 GANJIL;L;TK;127
5656;15;JAMBI;1509;150905;PESERTA DIDIK;JIWA;2023/2024 GANJIL;L;KB;174
5657;15;JAMBI;1509;150905;PESERTA DIDIK;JIWA;2023/2024 GANJIL;L;TPA;0
5658;15;JAMBI;1509;150905;PESERTA DIDIK;JIWA;2023/2024 GANJIL;L;SPS;8
5659;15;JAMBI;1509;150905;PESERTA DIDIK;JIWA;2023/2024 GANJIL;L;PKBM;280
5660;15;JAMBI;1509;150905;PESERTA DIDIK;JIWA;2023/2024 GANJIL;L;SKB;0
5661;15;JAMBI;1509;150905;PESERTA DIDIK;JIWA;2023/2024 GANJIL;L;SD;1.717
5662;15;JAMBI;1509;150905;PESERTA DIDIK;JIWA;2023/2024 GANJIL;L;SMP;282
5663;15;JAMBI;1509;150905;PESERTA DIDIK;JIWA;2023/2024 GANJIL;L;SMA;158
5664;15;JAMBI;1509;150905;PESERTA DIDIK;JIWA;2023/2024 GANJIL;L;SMK;34
5665;15;JAMBI;1509;150905;PESERTA DIDIK;JIWA;2023/2024 GANJIL;L;SLB;0
5666;15;JAMBI;1509;150905;PESERTA DIDIK;JIWA;2023/2024 GANJIL;P;TK;118
5667;15;JAMBI;1509;150905;PESERTA DIDIK;JIWA;2023/2024 GANJIL;P;KB;187
5668;15;JAMBI;1509;150905;PESERTA DIDIK;JIWA;2023/2024 GANJIL;P;TPA;0
5669;15;JAMBI;1509;150905;PESERTA DIDIK;JIWA;2023/2024 GANJIL;P;SPS;3
5670;15;JAMBI;1509;150905;PESERTA DIDIK;JIWA;2023/2024 GANJIL;P;PKBM;157
5671;15;JAMBI;1509;150905;PESERTA DIDIK;JIWA;2023/2024 GANJIL;P;SKB;0
5672;15;JAMBI;1509;150905;PESERTA DIDIK;JIWA;2023/2024 GANJIL;P;SD;1.542
5673;15;JAMBI;1509;150905;PESERTA DIDIK;JIWA;2023/2024 GANJIL;P;SMP;276
5674;15;JAMBI;1509;150905;PESERTA DIDIK;JIWA;2023/2024 GANJIL;P;SMA;185
5675;15;JAMBI;1509;150905;PESERTA DIDIK;JIWA;2023/2024 GANJIL;P;SMK;17
5676;15;JAMBI;1509;150905;PESERTA DIDIK;JIWA;2023/2024 GANJIL;P;SLB;0
5677;15;JAMBI;1505;150507;PESERTA DIDIK;JIWA;2023/2024 GANJIL;L;TK;350
5678;15;JAMBI;1505;150507;PESERTA DIDIK;JIWA;2023/2024 GANJIL;L;KB;73
5679;15;JAMBI;1505;150507;PESERTA DIDIK;JIWA;2023/2024 GANJIL;L;TPA;0
5680;15;JAMBI;1505;150507;PESERTA DIDIK;JIWA;2023/2024 GANJIL;L;SPS;0
5681;15;JAMBI;1505;150507;PESERTA DIDIK;JIWA;2023/2024 GANJIL;L;PKBM;0
5682;15;JAMBI;1505;150507;PESERTA DIDIK;JIWA;2023/2024 GANJIL;L;SKB;0
5683;15;JAMBI;1505;150507;PESERTA DIDIK;JIWA;2023/2024 GANJIL;L;SD;1.948
5684;15;JAMBI;1505;150507;PESERTA DIDIK;JIWA;2023/2024 GANJIL;L;SMP;733
5685;15;JAMBI;1505;150507;PESERTA DIDIK;JIWA;2023/2024 GANJIL;L;SMA;273
5686;15;JAMBI;1505;150507;PESERTA DIDIK;JIWA;2023/2024 GANJIL;L;SMK;901
5687;15;JAMBI;1505;150507;PESERTA DIDIK;JIWA;2023/2024 GANJIL;L;SLB;10
5688;15;JAMBI;1505;150507;PESERTA DIDIK;JIWA;2023/2024 GANJIL;P;TK;363
5689;15;JAMBI;1505;150507;PESERTA DIDIK;JIWA;2023/2024 GANJIL;P;KB;58
5690;15;JAMBI;1505;150507;PESERTA DIDIK;JIWA;2023/2024 GANJIL;P;TPA;0
5691;15;JAMBI;1505;150507;PESERTA DIDIK;JIWA;2023/2024 GANJIL;P;SPS;0
5692;15;JAMBI;1505;150507;PESERTA DIDIK;JIWA;2023/2024 GANJIL;P;PKBM;0
5693;15;JAMBI;1505;150507;PESERTA DIDIK;JIWA;2023/2024 GANJIL;P;SKB;0
5694;15;JAMBI;1505;150507;PESERTA DIDIK;JIWA;2023/2024 GANJIL;P;SD;1.769
5695;15;JAMBI;1505;150507;PESERTA DIDIK;JIWA;2023/2024 GANJIL;P;SMP;678
5696;15;JAMBI;1505;150507;PESERTA DIDIK;JIWA;2023/2024 GANJIL;P;SMA;442
5697;15;JAMBI;1505;150507;PESERTA DIDIK;JIWA;2023/2024 GANJIL;P;SMK;637
5698;15;JAMBI;1505;150507;PESERTA DIDIK;JIWA;2023/2024 GANJIL;P;SLB;8
5699;15;JAMBI;1572;157208;PESERTA DIDIK;JIWA;2023/2024 GANJIL;L;TK;126
5700;15;JAMBI;1572;157208;PESERTA DIDIK;JIWA;2023/2024 GANJIL;L;KB;16
5701;15;JAMBI;1572;157208;PESERTA DIDIK;JIWA;2023/2024 GANJIL;L;TPA;3
5702;15;JAMBI;1572;157208;PESERTA DIDIK;JIWA;2023/2024 GANJIL;L;SPS;33
5703;15;JAMBI;1572;157208;PESERTA DIDIK;JIWA;2023/2024 GANJIL;L;PKBM;66
5704;15;JAMBI;1572;157208;PESERTA DIDIK;JIWA;2023/2024 GANJIL;L;SKB;0
5705;15;JAMBI;1572;157208;PESERTA DIDIK;JIWA;2023/2024 GANJIL;L;SD;672
5706;15;JAMBI;1572;157208;PESERTA DIDIK;JIWA;2023/2024 GANJIL;L;SMP;401
5707;15;JAMBI;1572;157208;PESERTA DIDIK;JIWA;2023/2024 GANJIL;L;SMA;0
5708;15;JAMBI;1572;157208;PESERTA DIDIK;JIWA;2023/2024 GANJIL;L;SMK;0
5709;15;JAMBI;1572;157208;PESERTA DIDIK;JIWA;2023/2024 GANJIL;L;SLB;0
5710;15;JAMBI;1572;157208;PESERTA DIDIK;JIWA;2023/2024 GANJIL;P;TK;120
5711;15;JAMBI;1572;157208;PESERTA DIDIK;JIWA;2023/2024 GANJIL;P;KB;18
5712;15;JAMBI;1572;157208;PESERTA DIDIK;JIWA;2023/2024 GANJIL;P;TPA;1
5713;15;JAMBI;1572;157208;PESERTA DIDIK;JIWA;2023/2024 GANJIL;P;SPS;28
5714;15;JAMBI;1572;157208;PESERTA DIDIK;JIWA;2023/2024 GANJIL;P;PKBM;37
5715;15;JAMBI;1572;157208;PESERTA DIDIK;JIWA;2023/2024 GANJIL;P;SKB;0
5716;15;JAMBI;1572;157208;PESERTA DIDIK;JIWA;2023/2024 GANJIL;P;SD;619
5717;15;JAMBI;1572;157208;PESERTA DIDIK;JIWA;2023/2024 GANJIL;P;SMP;396
5718;15;JAMBI;1572;157208;PESERTA DIDIK;JIWA;2023/2024 GANJIL;P;SMA;0
5719;15;JAMBI;1572;157208;PESERTA DIDIK;JIWA;2023/2024 GANJIL;P;SMK;0
5720;15;JAMBI;1572;157208;PESERTA DIDIK;JIWA;2023/2024 GANJIL;P;SLB;0
5721;15;JAMBI;1505;150508;PESERTA DIDIK;JIWA;2023/2024 GANJIL;L;TK;504
5722;15;JAMBI;1505;150508;PESERTA DIDIK;JIWA;2023/2024 GANJIL;L;KB;45
5723;15;JAMBI;1505;150508;PESERTA DIDIK;JIWA;2023/2024 GANJIL;L;TPA;0
5724;15;JAMBI;1505;150508;PESERTA DIDIK;JIWA;2023/2024 GANJIL;L;SPS;0
5725;15;JAMBI;1505;150508;PESERTA DIDIK;JIWA;2023/2024 GANJIL;L;PKBM;17
5726;15;JAMBI;1505;150508;PESERTA DIDIK;JIWA;2023/2024 GANJIL;L;SKB;0
5727;15;JAMBI;1505;150508;PESERTA DIDIK;JIWA;2023/2024 GANJIL;L;SD;3.281
5728;15;JAMBI;1505;150508;PESERTA DIDIK;JIWA;2023/2024 GANJIL;L;SMP;1.000
5729;15;JAMBI;1505;150508;PESERTA DIDIK;JIWA;2023/2024 GANJIL;L;SMA;515
5730;15;JAMBI;1505;150508;PESERTA DIDIK;JIWA;2023/2024 GANJIL;L;SMK;282
5731;15;JAMBI;1505;150508;PESERTA DIDIK;JIWA;2023/2024 GANJIL;L;SLB;0
5732;15;JAMBI;1505;150508;PESERTA DIDIK;JIWA;2023/2024 GANJIL;P;TK;469
5733;15;JAMBI;1505;150508;PESERTA DIDIK;JIWA;2023/2024 GANJIL;P;KB;35
5734;15;JAMBI;1505;150508;PESERTA DIDIK;JIWA;2023/2024 GANJIL;P;TPA;0
5735;15;JAMBI;1505;150508;PESERTA DIDIK;JIWA;2023/2024 GANJIL;P;SPS;0
5736;15;JAMBI;1505;150508;PESERTA DIDIK;JIWA;2023/2024 GANJIL;P;PKBM;18
5737;15;JAMBI;1505;150508;PESERTA DIDIK;JIWA;2023/2024 GANJIL;P;SKB;0
5738;15;JAMBI;1505;150508;PESERTA DIDIK;JIWA;2023/2024 GANJIL;P;SD;3.143
5739;15;JAMBI;1505;150508;PESERTA DIDIK;JIWA;2023/2024 GANJIL;P;SMP;938
5740;15;JAMBI;1505;150508;PESERTA DIDIK;JIWA;2023/2024 GANJIL;P;SMA;547
5741;15;JAMBI;1505;150508;PESERTA DIDIK;JIWA;2023/2024 GANJIL;P;SMK;153
5742;15;JAMBI;1505;150508;PESERTA DIDIK;JIWA;2023/2024 GANJIL;P;SLB;0
5743;15;JAMBI;1502;150204;PESERTA DIDIK;JIWA;2023/2024 GANJIL;L;TK;164
5744;15;JAMBI;1502;150204;PESERTA DIDIK;JIWA;2023/2024 GANJIL;L;KB;378
5745;15;JAMBI;1502;150204;PESERTA DIDIK;JIWA;2023/2024 GANJIL;L;TPA;0
5746;15;JAMBI;1502;150204;PESERTA DIDIK;JIWA;2023/2024 GANJIL;L;SPS;203
5747;15;JAMBI;1502;150204;PESERTA DIDIK;JIWA;2023/2024 GANJIL;L;PKBM;135
5748;15;JAMBI;1502;150204;PESERTA DIDIK;JIWA;2023/2024 GANJIL;L;SKB;0
5749;15;JAMBI;1502;150204;PESERTA DIDIK;JIWA;2023/2024 GANJIL;L;SD;670
5750;15;JAMBI;1502;150204;PESERTA DIDIK;JIWA;2023/2024 GANJIL;L;SMP;81
5751;15;JAMBI;1502;150204;PESERTA DIDIK;JIWA;2023/2024 GANJIL;L;SMA;115
5752;15;JAMBI;1502;150204;PESERTA DIDIK;JIWA;2023/2024 GANJIL;L;SMK;0
5753;15;JAMBI;1502;150204;PESERTA DIDIK;JIWA;2023/2024 GANJIL;L;SLB;0
5754;15;JAMBI;1502;150204;PESERTA DIDIK;JIWA;2023/2024 GANJIL;P;TK;140
5755;15;JAMBI;1502;150204;PESERTA DIDIK;JIWA;2023/2024 GANJIL;P;KB;371
5756;15;JAMBI;1502;150204;PESERTA DIDIK;JIWA;2023/2024 GANJIL;P;TPA;0
5757;15;JAMBI;1502;150204;PESERTA DIDIK;JIWA;2023/2024 GANJIL;P;SPS;217
5758;15;JAMBI;1502;150204;PESERTA DIDIK;JIWA;2023/2024 GANJIL;P;PKBM;73
5759;15;JAMBI;1502;150204;PESERTA DIDIK;JIWA;2023/2024 GANJIL;P;SKB;0
5760;15;JAMBI;1502;150204;PESERTA DIDIK;JIWA;2023/2024 GANJIL;P;SD;673
5761;15;JAMBI;1502;150204;PESERTA DIDIK;JIWA;2023/2024 GANJIL;P;SMP;82
5762;15;JAMBI;1502;150204;PESERTA DIDIK;JIWA;2023/2024 GANJIL;P;SMA;110
5763;15;JAMBI;1502;150204;PESERTA DIDIK;JIWA;2023/2024 GANJIL;P;SMK;0
5764;15;JAMBI;1502;150204;PESERTA DIDIK;JIWA;2023/2024 GANJIL;P;SLB;0
5765;15;JAMBI;1572;157201;PESERTA DIDIK;JIWA;2023/2024 GANJIL;L;TK;212
5766;15;JAMBI;1572;157201;PESERTA DIDIK;JIWA;2023/2024 GANJIL;L;KB;19
5767;15;JAMBI;1572;157201;PESERTA DIDIK;JIWA;2023/2024 GANJIL;L;TPA;0
5768;15;JAMBI;1572;157201;PESERTA DIDIK;JIWA;2023/2024 GANJIL;L;SPS;0
5769;15;JAMBI;1572;157201;PESERTA DIDIK;JIWA;2023/2024 GANJIL;L;PKBM;0
5770;15;JAMBI;1572;157201;PESERTA DIDIK;JIWA;2023/2024 GANJIL;L;SKB;0
5771;15;JAMBI;1572;157201;PESERTA DIDIK;JIWA;2023/2024 GANJIL;L;SD;1.257
5772;15;JAMBI;1572;157201;PESERTA DIDIK;JIWA;2023/2024 GANJIL;L;SMP;884
5773;15;JAMBI;1572;157201;PESERTA DIDIK;JIWA;2023/2024 GANJIL;L;SMA;915
5774;15;JAMBI;1572;157201;PESERTA DIDIK;JIWA;2023/2024 GANJIL;L;SMK;0
5775;15;JAMBI;1572;157201;PESERTA DIDIK;JIWA;2023/2024 GANJIL;L;SLB;0
5776;15;JAMBI;1572;157201;PESERTA DIDIK;JIWA;2023/2024 GANJIL;P;TK;222
5777;15;JAMBI;1572;157201;PESERTA DIDIK;JIWA;2023/2024 GANJIL;P;KB;15
5778;15;JAMBI;1572;157201;PESERTA DIDIK;JIWA;2023/2024 GANJIL;P;TPA;0
5779;15;JAMBI;1572;157201;PESERTA DIDIK;JIWA;2023/2024 GANJIL;P;SPS;0
5780;15;JAMBI;1572;157201;PESERTA DIDIK;JIWA;2023/2024 GANJIL;P;PKBM;0
5781;15;JAMBI;1572;157201;PESERTA DIDIK;JIWA;2023/2024 GANJIL;P;SKB;0
5782;15;JAMBI;1572;157201;PESERTA DIDIK;JIWA;2023/2024 GANJIL;P;SD;1.209
5783;15;JAMBI;1572;157201;PESERTA DIDIK;JIWA;2023/2024 GANJIL;P;SMP;837
5784;15;JAMBI;1572;157201;PESERTA DIDIK;JIWA;2023/2024 GANJIL;P;SMA;1.153
5785;15;JAMBI;1572;157201;PESERTA DIDIK;JIWA;2023/2024 GANJIL;P;SMK;0
5786;15;JAMBI;1572;157201;PESERTA DIDIK;JIWA;2023/2024 GANJIL;P;SLB;0
5787;15;JAMBI;1502;150205;PESERTA DIDIK;JIWA;2023/2024 GANJIL;L;TK;159
5788;15;JAMBI;1502;150205;PESERTA DIDIK;JIWA;2023/2024 GANJIL;L;KB;18
5789;15;JAMBI;1502;150205;PESERTA DIDIK;JIWA;2023/2024 GANJIL;L;TPA;0
5790;15;JAMBI;1502;150205;PESERTA DIDIK;JIWA;2023/2024 GANJIL;L;SPS;0
5791;15;JAMBI;1502;150205;PESERTA DIDIK;JIWA;2023/2024 GANJIL;L;PKBM;0
5792;15;JAMBI;1502;150205;PESERTA DIDIK;JIWA;2023/2024 GANJIL;L;SKB;301
5793;15;JAMBI;1502;150205;PESERTA DIDIK;JIWA;2023/2024 GANJIL;L;SD;2.164
5794;15;JAMBI;1502;150205;PESERTA DIDIK;JIWA;2023/2024 GANJIL;L;SMP;327
5795;15;JAMBI;1502;150205;PESERTA DIDIK;JIWA;2023/2024 GANJIL;L;SMA;171
5796;15;JAMBI;1502;150205;PESERTA DIDIK;JIWA;2023/2024 GANJIL;L;SMK;0
5797;15;JAMBI;1502;150205;PESERTA DIDIK;JIWA;2023/2024 GANJIL;L;SLB;0
5798;15;JAMBI;1502;150205;PESERTA DIDIK;JIWA;2023/2024 GANJIL;P;TK;148
5799;15;JAMBI;1502;150205;PESERTA DIDIK;JIWA;2023/2024 GANJIL;P;KB;17
5800;15;JAMBI;1502;150205;PESERTA DIDIK;JIWA;2023/2024 GANJIL;P;TPA;0
5801;15;JAMBI;1502;150205;PESERTA DIDIK;JIWA;2023/2024 GANJIL;P;SPS;0
5802;15;JAMBI;1502;150205;PESERTA DIDIK;JIWA;2023/2024 GANJIL;P;PKBM;0
5803;15;JAMBI;1502;150205;PESERTA DIDIK;JIWA;2023/2024 GANJIL;P;SKB;182
5804;15;JAMBI;1502;150205;PESERTA DIDIK;JIWA;2023/2024 GANJIL;P;SD;1.976
5805;15;JAMBI;1502;150205;PESERTA DIDIK;JIWA;2023/2024 GANJIL;P;SMP;268
5806;15;JAMBI;1502;150205;PESERTA DIDIK;JIWA;2023/2024 GANJIL;P;SMA;229
5807;15;JAMBI;1502;150205;PESERTA DIDIK;JIWA;2023/2024 GANJIL;P;SMK;0
5808;15;JAMBI;1502;150205;PESERTA DIDIK;JIWA;2023/2024 GANJIL;P;SLB;0
5809;15;JAMBI;1502;150223;PESERTA DIDIK;JIWA;2023/2024 GANJIL;L;TK;166
5810;15;JAMBI;1502;150223;PESERTA DIDIK;JIWA;2023/2024 GANJIL;L;KB;45
5811;15;JAMBI;1502;150223;PESERTA DIDIK;JIWA;2023/2024 GANJIL;L;TPA;0
5812;15;JAMBI;1502;150223;PESERTA DIDIK;JIWA;2023/2024 GANJIL;L;SPS;0
5813;15;JAMBI;1502;150223;PESERTA DIDIK;JIWA;2023/2024 GANJIL;L;PKBM;108
5814;15;JAMBI;1502;150223;PESERTA DIDIK;JIWA;2023/2024 GANJIL;L;SKB;0
5815;15;JAMBI;1502;150223;PESERTA DIDIK;JIWA;2023/2024 GANJIL;L;SD;609
5816;15;JAMBI;1502;150223;PESERTA DIDIK;JIWA;2023/2024 GANJIL;L;SMP;93
5817;15;JAMBI;1502;150223;PESERTA DIDIK;JIWA;2023/2024 GANJIL;L;SMA;8
5818;15;JAMBI;1502;150223;PESERTA DIDIK;JIWA;2023/2024 GANJIL;L;SMK;58
5819;15;JAMBI;1502;150223;PESERTA DIDIK;JIWA;2023/2024 GANJIL;L;SLB;0
5820;15;JAMBI;1502;150223;PESERTA DIDIK;JIWA;2023/2024 GANJIL;P;TK;132
5821;15;JAMBI;1502;150223;PESERTA DIDIK;JIWA;2023/2024 GANJIL;P;KB;60
5822;15;JAMBI;1502;150223;PESERTA DIDIK;JIWA;2023/2024 GANJIL;P;TPA;0
5823;15;JAMBI;1502;150223;PESERTA DIDIK;JIWA;2023/2024 GANJIL;P;SPS;0
5824;15;JAMBI;1502;150223;PESERTA DIDIK;JIWA;2023/2024 GANJIL;P;PKBM;78
5825;15;JAMBI;1502;150223;PESERTA DIDIK;JIWA;2023/2024 GANJIL;P;SKB;0
5826;15;JAMBI;1502;150223;PESERTA DIDIK;JIWA;2023/2024 GANJIL;P;SD;543
5827;15;JAMBI;1502;150223;PESERTA DIDIK;JIWA;2023/2024 GANJIL;P;SMP;69
5828;15;JAMBI;1502;150223;PESERTA DIDIK;JIWA;2023/2024 GANJIL;P;SMA;15
5829;15;JAMBI;1502;150223;PESERTA DIDIK;JIWA;2023/2024 GANJIL;P;SMK;43
5830;15;JAMBI;1502;150223;PESERTA DIDIK;JIWA;2023/2024 GANJIL;P;SLB;0
5831;15;JAMBI;1502;150214;PESERTA DIDIK;JIWA;2023/2024 GANJIL;L;TK;67
5832;15;JAMBI;1502;150214;PESERTA DIDIK;JIWA;2023/2024 GANJIL;L;KB;115
5833;15;JAMBI;1502;150214;PESERTA DIDIK;JIWA;2023/2024 GANJIL;L;TPA;0
5834;15;JAMBI;1502;150214;PESERTA DIDIK;JIWA;2023/2024 GANJIL;L;SPS;69
5835;15;JAMBI;1502;150214;PESERTA DIDIK;JIWA;2023/2024 GANJIL;L;PKBM;168
5836;15;JAMBI;1502;150214;PESERTA DIDIK;JIWA;2023/2024 GANJIL;L;SKB;0
5837;15;JAMBI;1502;150214;PESERTA DIDIK;JIWA;2023/2024 GANJIL;L;SD;542
5838;15;JAMBI;1502;150214;PESERTA DIDIK;JIWA;2023/2024 GANJIL;L;SMP;137
5839;15;JAMBI;1502;150214;PESERTA DIDIK;JIWA;2023/2024 GANJIL;L;SMA;0
5840;15;JAMBI;1502;150214;PESERTA DIDIK;JIWA;2023/2024 GANJIL;L;SMK;39
5841;15;JAMBI;1502;150214;PESERTA DIDIK;JIWA;2023/2024 GANJIL;L;SLB;0
5842;15;JAMBI;1502;150214;PESERTA DIDIK;JIWA;2023/2024 GANJIL;P;TK;64
5843;15;JAMBI;1502;150214;PESERTA DIDIK;JIWA;2023/2024 GANJIL;P;KB;121
5844;15;JAMBI;1502;150214;PESERTA DIDIK;JIWA;2023/2024 GANJIL;P;TPA;0
5845;15;JAMBI;1502;150214;PESERTA DIDIK;JIWA;2023/2024 GANJIL;P;SPS;80
5846;15;JAMBI;1502;150214;PESERTA DIDIK;JIWA;2023/2024 GANJIL;P;PKBM;122
5847;15;JAMBI;1502;150214;PESERTA DIDIK;JIWA;2023/2024 GANJIL;P;SKB;0
5848;15;JAMBI;1502;150214;PESERTA DIDIK;JIWA;2023/2024 GANJIL;P;SD;520
5849;15;JAMBI;1502;150214;PESERTA DIDIK;JIWA;2023/2024 GANJIL;P;SMP;137
5850;15;JAMBI;1502;150214;PESERTA DIDIK;JIWA;2023/2024 GANJIL;P;SMA;0
5851;15;JAMBI;1502;150214;PESERTA DIDIK;JIWA;2023/2024 GANJIL;P;SMK;23
5852;15;JAMBI;1502;150214;PESERTA DIDIK;JIWA;2023/2024 GANJIL;P;SLB;0
5853;15;JAMBI;1502;150222;PESERTA DIDIK;JIWA;2023/2024 GANJIL;L;TK;79
5854;15;JAMBI;1502;150222;PESERTA DIDIK;JIWA;2023/2024 GANJIL;L;KB;13
5855;15;JAMBI;1502;150222;PESERTA DIDIK;JIWA;2023/2024 GANJIL;L;TPA;0
5856;15;JAMBI;1502;150222;PESERTA DIDIK;JIWA;2023/2024 GANJIL;L;SPS;0
5857;15;JAMBI;1502;150222;PESERTA DIDIK;JIWA;2023/2024 GANJIL;L;PKBM;0
5858;15;JAMBI;1502;150222;PESERTA DIDIK;JIWA;2023/2024 GANJIL;L;SKB;0
5859;15;JAMBI;1502;150222;PESERTA DIDIK;JIWA;2023/2024 GANJIL;L;SD;519
5860;15;JAMBI;1502;150222;PESERTA DIDIK;JIWA;2023/2024 GANJIL;L;SMP;60
5861;15;JAMBI;1502;150222;PESERTA DIDIK;JIWA;2023/2024 GANJIL;L;SMA;44
5862;15;JAMBI;1502;150222;PESERTA DIDIK;JIWA;2023/2024 GANJIL;L;SMK;125
5863;15;JAMBI;1502;150222;PESERTA DIDIK;JIWA;2023/2024 GANJIL;L;SLB;0
5864;15;JAMBI;1502;150222;PESERTA DIDIK;JIWA;2023/2024 GANJIL;P;TK;74
5865;15;JAMBI;1502;150222;PESERTA DIDIK;JIWA;2023/2024 GANJIL;P;KB;16
5866;15;JAMBI;1502;150222;PESERTA DIDIK;JIWA;2023/2024 GANJIL;P;TPA;0
5867;15;JAMBI;1502;150222;PESERTA DIDIK;JIWA;2023/2024 GANJIL;P;SPS;0
5868;15;JAMBI;1502;150222;PESERTA DIDIK;JIWA;2023/2024 GANJIL;P;PKBM;0
5869;15;JAMBI;1502;150222;PESERTA DIDIK;JIWA;2023/2024 GANJIL;P;SKB;0
5870;15;JAMBI;1502;150222;PESERTA DIDIK;JIWA;2023/2024 GANJIL;P;SD;451
5871;15;JAMBI;1502;150222;PESERTA DIDIK;JIWA;2023/2024 GANJIL;P;SMP;62
5872;15;JAMBI;1502;150222;PESERTA DIDIK;JIWA;2023/2024 GANJIL;P;SMA;31
5873;15;JAMBI;1502;150222;PESERTA DIDIK;JIWA;2023/2024 GANJIL;P;SMK;82
5874;15;JAMBI;1502;150222;PESERTA DIDIK;JIWA;2023/2024 GANJIL;P;SLB;0
5875;15;JAMBI;1502;150208;PESERTA DIDIK;JIWA;2023/2024 GANJIL;L;TK;334
5876;15;JAMBI;1502;150208;PESERTA DIDIK;JIWA;2023/2024 GANJIL;L;KB;55
5877;15;JAMBI;1502;150208;PESERTA DIDIK;JIWA;2023/2024 GANJIL;L;TPA;0
5878;15;JAMBI;1502;150208;PESERTA DIDIK;JIWA;2023/2024 GANJIL;L;SPS;15
5879;15;JAMBI;1502;150208;PESERTA DIDIK;JIWA;2023/2024 GANJIL;L;PKBM;85
5880;15;JAMBI;1502;150208;PESERTA DIDIK;JIWA;2023/2024 GANJIL;L;SKB;0
5881;15;JAMBI;1502;150208;PESERTA DIDIK;JIWA;2023/2024 GANJIL;L;SD;1.815
5882;15;JAMBI;1502;150208;PESERTA DIDIK;JIWA;2023/2024 GANJIL;L;SMP;483
5883;15;JAMBI;1502;150208;PESERTA DIDIK;JIWA;2023/2024 GANJIL;L;SMA;267
5884;15;JAMBI;1502;150208;PESERTA DIDIK;JIWA;2023/2024 GANJIL;L;SMK;273
5885;15;JAMBI;1502;150208;PESERTA DIDIK;JIWA;2023/2024 GANJIL;L;SLB;0
5886;15;JAMBI;1502;150208;PESERTA DIDIK;JIWA;2023/2024 GANJIL;P;TK;324
5887;15;JAMBI;1502;150208;PESERTA DIDIK;JIWA;2023/2024 GANJIL;P;KB;80
5888;15;JAMBI;1502;150208;PESERTA DIDIK;JIWA;2023/2024 GANJIL;P;TPA;0
5889;15;JAMBI;1502;150208;PESERTA DIDIK;JIWA;2023/2024 GANJIL;P;SPS;7
5890;15;JAMBI;1502;150208;PESERTA DIDIK;JIWA;2023/2024 GANJIL;P;PKBM;34
5891;15;JAMBI;1502;150208;PESERTA DIDIK;JIWA;2023/2024 GANJIL;P;SKB;0
5892;15;JAMBI;1502;150208;PESERTA DIDIK;JIWA;2023/2024 GANJIL;P;SD;1.685
5893;15;JAMBI;1502;150208;PESERTA DIDIK;JIWA;2023/2024 GANJIL;P;SMP;398
5894;15;JAMBI;1502;150208;PESERTA DIDIK;JIWA;2023/2024 GANJIL;P;SMA;383
5895;15;JAMBI;1502;150208;PESERTA DIDIK;JIWA;2023/2024 GANJIL;P;SMK;166
5896;15;JAMBI;1502;150208;PESERTA DIDIK;JIWA;2023/2024 GANJIL;P;SLB;0
5897;15;JAMBI;1502;150215;PESERTA DIDIK;JIWA;2023/2024 GANJIL;L;TK;31
5898;15;JAMBI;1502;150215;PESERTA DIDIK;JIWA;2023/2024 GANJIL;L;KB;107
5899;15;JAMBI;1502;150215;PESERTA DIDIK;JIWA;2023/2024 GANJIL;L;TPA;0
5900;15;JAMBI;1502;150215;PESERTA DIDIK;JIWA;2023/2024 GANJIL;L;SPS;0
5901;15;JAMBI;1502;150215;PESERTA DIDIK;JIWA;2023/2024 GANJIL;L;PKBM;0
5902;15;JAMBI;1502;150215;PESERTA DIDIK;JIWA;2023/2024 GANJIL;L;SKB;0
5903;15;JAMBI;1502;150215;PESERTA DIDIK;JIWA;2023/2024 GANJIL;L;SD;458
5904;15;JAMBI;1502;150215;PESERTA DIDIK;JIWA;2023/2024 GANJIL;L;SMP;89
5905;15;JAMBI;1502;150215;PESERTA DIDIK;JIWA;2023/2024 GANJIL;L;SMA;0
5906;15;JAMBI;1502;150215;PESERTA DIDIK;JIWA;2023/2024 GANJIL;L;SMK;122
5907;15;JAMBI;1502;150215;PESERTA DIDIK;JIWA;2023/2024 GANJIL;L;SLB;0
5908;15;JAMBI;1502;150215;PESERTA DIDIK;JIWA;2023/2024 GANJIL;P;TK;31
5909;15;JAMBI;1502;150215;PESERTA DIDIK;JIWA;2023/2024 GANJIL;P;KB;89
5910;15;JAMBI;1502;150215;PESERTA DIDIK;JIWA;2023/2024 GANJIL;P;TPA;0
5911;15;JAMBI;1502;150215;PESERTA DIDIK;JIWA;2023/2024 GANJIL;P;SPS;0
5912;15;JAMBI;1502;150215;PESERTA DIDIK;JIWA;2023/2024 GANJIL;P;PKBM;0
5913;15;JAMBI;1502;150215;PESERTA DIDIK;JIWA;2023/2024 GANJIL;P;SKB;0
5914;15;JAMBI;1502;150215;PESERTA DIDIK;JIWA;2023/2024 GANJIL;P;SD;440
5915;15;JAMBI;1502;150215;PESERTA DIDIK;JIWA;2023/2024 GANJIL;P;SMP;55
5916;15;JAMBI;1502;150215;PESERTA DIDIK;JIWA;2023/2024 GANJIL;P;SMA;0
5917;15;JAMBI;1502;150215;PESERTA DIDIK;JIWA;2023/2024 GANJIL;P;SMK;130
5918;15;JAMBI;1502;150215;PESERTA DIDIK;JIWA;2023/2024 GANJIL;P;SLB;0
5919;15;JAMBI;1502;150207;PESERTA DIDIK;JIWA;2023/2024 GANJIL;L;TK;83
5920;15;JAMBI;1502;150207;PESERTA DIDIK;JIWA;2023/2024 GANJIL;L;KB;62
5921;15;JAMBI;1502;150207;PESERTA DIDIK;JIWA;2023/2024 GANJIL;L;TPA;0
5922;15;JAMBI;1502;150207;PESERTA DIDIK;JIWA;2023/2024 GANJIL;L;SPS;0
5923;15;JAMBI;1502;150207;PESERTA DIDIK;JIWA;2023/2024 GANJIL;L;PKBM;0
5924;15;JAMBI;1502;150207;PESERTA DIDIK;JIWA;2023/2024 GANJIL;L;SKB;0
5925;15;JAMBI;1502;150207;PESERTA DIDIK;JIWA;2023/2024 GANJIL;L;SD;414
5926;15;JAMBI;1502;150207;PESERTA DIDIK;JIWA;2023/2024 GANJIL;L;SMP;78
5927;15;JAMBI;1502;150207;PESERTA DIDIK;JIWA;2023/2024 GANJIL;L;SMA;75
5928;15;JAMBI;1502;150207;PESERTA DIDIK;JIWA;2023/2024 GANJIL;L;SMK;0
5929;15;JAMBI;1502;150207;PESERTA DIDIK;JIWA;2023/2024 GANJIL;L;SLB;0
5930;15;JAMBI;1502;150207;PESERTA DIDIK;JIWA;2023/2024 GANJIL;P;TK;99
5931;15;JAMBI;1502;150207;PESERTA DIDIK;JIWA;2023/2024 GANJIL;P;KB;55
5932;15;JAMBI;1502;150207;PESERTA DIDIK;JIWA;2023/2024 GANJIL;P;TPA;0
5933;15;JAMBI;1502;150207;PESERTA DIDIK;JIWA;2023/2024 GANJIL;P;SPS;0
5934;15;JAMBI;1502;150207;PESERTA DIDIK;JIWA;2023/2024 GANJIL;P;PKBM;0
5935;15;JAMBI;1502;150207;PESERTA DIDIK;JIWA;2023/2024 GANJIL;P;SKB;0
5936;15;JAMBI;1502;150207;PESERTA DIDIK;JIWA;2023/2024 GANJIL;P;SD;379
5937;15;JAMBI;1502;150207;PESERTA DIDIK;JIWA;2023/2024 GANJIL;P;SMP;97
5938;15;JAMBI;1502;150207;PESERTA DIDIK;JIWA;2023/2024 GANJIL;P;SMA;89
5939;15;JAMBI;1502;150207;PESERTA DIDIK;JIWA;2023/2024 GANJIL;P;SMK;0
5940;15;JAMBI;1502;150207;PESERTA DIDIK;JIWA;2023/2024 GANJIL;P;SLB;0
5941;15;JAMBI;1505;150511;PESERTA DIDIK;JIWA;2023/2024 GANJIL;L;TK;107
5942;15;JAMBI;1505;150511;PESERTA DIDIK;JIWA;2023/2024 GANJIL;L;KB;72
5943;15;JAMBI;1505;150511;PESERTA DIDIK;JIWA;2023/2024 GANJIL;L;TPA;0
5944;15;JAMBI;1505;150511;PESERTA DIDIK;JIWA;2023/2024 GANJIL;L;SPS;0
5945;15;JAMBI;1505;150511;PESERTA DIDIK;JIWA;2023/2024 GANJIL;L;PKBM;0
5946;15;JAMBI;1505;150511;PESERTA DIDIK;JIWA;2023/2024 GANJIL;L;SKB;0
5947;15;JAMBI;1505;150511;PESERTA DIDIK;JIWA;2023/2024 GANJIL;L;SD;716
5948;15;JAMBI;1505;150511;PESERTA DIDIK;JIWA;2023/2024 GANJIL;L;SMP;142
5949;15;JAMBI;1505;150511;PESERTA DIDIK;JIWA;2023/2024 GANJIL;L;SMA;0
5950;15;JAMBI;1505;150511;PESERTA DIDIK;JIWA;2023/2024 GANJIL;L;SMK;128
5951;15;JAMBI;1505;150511;PESERTA DIDIK;JIWA;2023/2024 GANJIL;L;SLB;0
5952;15;JAMBI;1505;150511;PESERTA DIDIK;JIWA;2023/2024 GANJIL;P;TK;97
5953;15;JAMBI;1505;150511;PESERTA DIDIK;JIWA;2023/2024 GANJIL;P;KB;77
5954;15;JAMBI;1505;150511;PESERTA DIDIK;JIWA;2023/2024 GANJIL;P;TPA;0
5955;15;JAMBI;1505;150511;PESERTA DIDIK;JIWA;2023/2024 GANJIL;P;SPS;0
5956;15;JAMBI;1505;150511;PESERTA DIDIK;JIWA;2023/2024 GANJIL;P;PKBM;0
5957;15;JAMBI;1505;150511;PESERTA DIDIK;JIWA;2023/2024 GANJIL;P;SKB;0
5958;15;JAMBI;1505;150511;PESERTA DIDIK;JIWA;2023/2024 GANJIL;P;SD;715
5959;15;JAMBI;1505;150511;PESERTA DIDIK;JIWA;2023/2024 GANJIL;P;SMP;119
5960;15;JAMBI;1505;150511;PESERTA DIDIK;JIWA;2023/2024 GANJIL;P;SMA;0
5961;15;JAMBI;1505;150511;PESERTA DIDIK;JIWA;2023/2024 GANJIL;P;SMK;111
5962;15;JAMBI;1505;150511;PESERTA DIDIK;JIWA;2023/2024 GANJIL;P;SLB;0
5963;15;JAMBI;1501;150122;PESERTA DIDIK;JIWA;2023/2024 GANJIL;L;TK;0
5964;15;JAMBI;1501;150122;PESERTA DIDIK;JIWA;2023/2024 GANJIL;L;KB;181
5965;15;JAMBI;1501;150122;PESERTA DIDIK;JIWA;2023/2024 GANJIL;L;TPA;0
5966;15;JAMBI;1501;150122;PESERTA DIDIK;JIWA;2023/2024 GANJIL;L;SPS;0
5967;15;JAMBI;1501;150122;PESERTA DIDIK;JIWA;2023/2024 GANJIL;L;PKBM;0
5968;15;JAMBI;1501;150122;PESERTA DIDIK;JIWA;2023/2024 GANJIL;L;SKB;0
5969;15;JAMBI;1501;150122;PESERTA DIDIK;JIWA;2023/2024 GANJIL;L;SD;0
5970;15;JAMBI;1501;150122;PESERTA DIDIK;JIWA;2023/2024 GANJIL;L;SMP;0
5971;15;JAMBI;1501;150122;PESERTA DIDIK;JIWA;2023/2024 GANJIL;L;SMA;0
5972;15;JAMBI;1501;150122;PESERTA DIDIK;JIWA;2023/2024 GANJIL;L;SMK;0
5973;15;JAMBI;1501;150122;PESERTA DIDIK;JIWA;2023/2024 GANJIL;L;SLB;0
5974;15;JAMBI;1501;150122;PESERTA DIDIK;JIWA;2023/2024 GANJIL;P;TK;0
5975;15;JAMBI;1501;150122;PESERTA DIDIK;JIWA;2023/2024 GANJIL;P;KB;155
5976;15;JAMBI;1501;150122;PESERTA DIDIK;JIWA;2023/2024 GANJIL;P;TPA;0
5977;15;JAMBI;1501;150122;PESERTA DIDIK;JIWA;2023/2024 GANJIL;P;SPS;0
5978;15;JAMBI;1501;150122;PESERTA DIDIK;JIWA;2023/2024 GANJIL;P;PKBM;0
5979;15;JAMBI;1501;150122;PESERTA DIDIK;JIWA;2023/2024 GANJIL;P;SKB;0
5980;15;JAMBI;1501;150122;PESERTA DIDIK;JIWA;2023/2024 GANJIL;P;SD;0
5981;15;JAMBI;1501;150122;PESERTA DIDIK;JIWA;2023/2024 GANJIL;P;SMP;0
5982;15;JAMBI;1501;150122;PESERTA DIDIK;JIWA;2023/2024 GANJIL;P;SMA;0
5983;15;JAMBI;1501;150122;PESERTA DIDIK;JIWA;2023/2024 GANJIL;P;SMK;0
5984;15;JAMBI;1501;150122;PESERTA DIDIK;JIWA;2023/2024 GANJIL;P;SLB;0
5985;15;JAMBI;1572;157204;PESERTA DIDIK;JIWA;2023/2024 GANJIL;L;TK;33
5986;15;JAMBI;1572;157204;PESERTA DIDIK;JIWA;2023/2024 GANJIL;L;KB;188
5987;15;JAMBI;1572;157204;PESERTA DIDIK;JIWA;2023/2024 GANJIL;L;TPA;0
5988;15;JAMBI;1572;157204;PESERTA DIDIK;JIWA;2023/2024 GANJIL;L;SPS;0
5989;15;JAMBI;1572;157204;PESERTA DIDIK;JIWA;2023/2024 GANJIL;L;PKBM;40
5990;15;JAMBI;1572;157204;PESERTA DIDIK;JIWA;2023/2024 GANJIL;L;SKB;0
5991;15;JAMBI;1572;157204;PESERTA DIDIK;JIWA;2023/2024 GANJIL;L;SD;359
5992;15;JAMBI;1572;157204;PESERTA DIDIK;JIWA;2023/2024 GANJIL;L;SMP;111
5993;15;JAMBI;1572;157204;PESERTA DIDIK;JIWA;2023/2024 GANJIL;L;SMA;0
5994;15;JAMBI;1572;157204;PESERTA DIDIK;JIWA;2023/2024 GANJIL;L;SMK;260
5995;15;JAMBI;1572;157204;PESERTA DIDIK;JIWA;2023/2024 GANJIL;L;SLB;0
5996;15;JAMBI;1572;157204;PESERTA DIDIK;JIWA;2023/2024 GANJIL;P;TK;30
5997;15;JAMBI;1572;157204;PESERTA DIDIK;JIWA;2023/2024 GANJIL;P;KB;206
5998;15;JAMBI;1572;157204;PESERTA DIDIK;JIWA;2023/2024 GANJIL;P;TPA;0
5999;15;JAMBI;1572;157204;PESERTA DIDIK;JIWA;2023/2024 GANJIL;P;SPS;0
6000;15;JAMBI;1572;157204;PESERTA DIDIK;JIWA;2023/2024 GANJIL;P;PKBM;10
6001;15;JAMBI;1572;157204;PESERTA DIDIK;JIWA;2023/2024 GANJIL;P;SKB;0
6002;15;JAMBI;1572;157204;PESERTA DIDIK;JIWA;2023/2024 GANJIL;P;SD;300
6003;15;JAMBI;1572;157204;PESERTA DIDIK;JIWA;2023/2024 GANJIL;P;SMP;89
6004;15;JAMBI;1572;157204;PESERTA DIDIK;JIWA;2023/2024 GANJIL;P;SMA;0
6005;15;JAMBI;1572;157204;PESERTA DIDIK;JIWA;2023/2024 GANJIL;P;SMK;43
6006;15;JAMBI;1572;157204;PESERTA DIDIK;JIWA;2023/2024 GANJIL;P;SLB;0
6007;15;JAMBI;1508;150805;PESERTA DIDIK;JIWA;2023/2024 GANJIL;L;TK;110
6008;15;JAMBI;1508;150805;PESERTA DIDIK;JIWA;2023/2024 GANJIL;L;KB;114
6009;15;JAMBI;1508;150805;PESERTA DIDIK;JIWA;2023/2024 GANJIL;L;TPA;0
6010;15;JAMBI;1508;150805;PESERTA DIDIK;JIWA;2023/2024 GANJIL;L;SPS;0
6011;15;JAMBI;1508;150805;PESERTA DIDIK;JIWA;2023/2024 GANJIL;L;PKBM;29
6012;15;JAMBI;1508;150805;PESERTA DIDIK;JIWA;2023/2024 GANJIL;L;SKB;0
6013;15;JAMBI;1508;150805;PESERTA DIDIK;JIWA;2023/2024 GANJIL;L;SD;1.138
6014;15;JAMBI;1508;150805;PESERTA DIDIK;JIWA;2023/2024 GANJIL;L;SMP;291
6015;15;JAMBI;1508;150805;PESERTA DIDIK;JIWA;2023/2024 GANJIL;L;SMA;101
6016;15;JAMBI;1508;150805;PESERTA DIDIK;JIWA;2023/2024 GANJIL;L;SMK;287
6017;15;JAMBI;1508;150805;PESERTA DIDIK;JIWA;2023/2024 GANJIL;L;SLB;0
6018;15;JAMBI;1508;150805;PESERTA DIDIK;JIWA;2023/2024 GANJIL;P;TK;93
6019;15;JAMBI;1508;150805;PESERTA DIDIK;JIWA;2023/2024 GANJIL;P;KB;110
6020;15;JAMBI;1508;150805;PESERTA DIDIK;JIWA;2023/2024 GANJIL;P;TPA;0
6021;15;JAMBI;1508;150805;PESERTA DIDIK;JIWA;2023/2024 GANJIL;P;SPS;0
6022;15;JAMBI;1508;150805;PESERTA DIDIK;JIWA;2023/2024 GANJIL;P;PKBM;27
6023;15;JAMBI;1508;150805;PESERTA DIDIK;JIWA;2023/2024 GANJIL;P;SKB;0
6024;15;JAMBI;1508;150805;PESERTA DIDIK;JIWA;2023/2024 GANJIL;P;SD;995
6025;15;JAMBI;1508;150805;PESERTA DIDIK;JIWA;2023/2024 GANJIL;P;SMP;325
6026;15;JAMBI;1508;150805;PESERTA DIDIK;JIWA;2023/2024 GANJIL;P;SMA;60
6027;15;JAMBI;1508;150805;PESERTA DIDIK;JIWA;2023/2024 GANJIL;P;SMK;110
6028;15;JAMBI;1508;150805;PESERTA DIDIK;JIWA;2023/2024 GANJIL;P;SLB;0
6029;15;JAMBI;1508;150817;PESERTA DIDIK;JIWA;2023/2024 GANJIL;L;TK;36
6030;15;JAMBI;1508;150817;PESERTA DIDIK;JIWA;2023/2024 GANJIL;L;KB;458
6031;15;JAMBI;1508;150817;PESERTA DIDIK;JIWA;2023/2024 GANJIL;L;TPA;0
6032;15;JAMBI;1508;150817;PESERTA DIDIK;JIWA;2023/2024 GANJIL;L;SPS;31
6033;15;JAMBI;1508;150817;PESERTA DIDIK;JIWA;2023/2024 GANJIL;L;PKBM;212
6034;15;JAMBI;1508;150817;PESERTA DIDIK;JIWA;2023/2024 GANJIL;L;SKB;0
6035;15;JAMBI;1508;150817;PESERTA DIDIK;JIWA;2023/2024 GANJIL;L;SD;1.265
6036;15;JAMBI;1508;150817;PESERTA DIDIK;JIWA;2023/2024 GANJIL;L;SMP;307
6037;15;JAMBI;1508;150817;PESERTA DIDIK;JIWA;2023/2024 GANJIL;L;SMA;375
6038;15;JAMBI;1508;150817;PESERTA DIDIK;JIWA;2023/2024 GANJIL;L;SMK;16
6039;15;JAMBI;1508;150817;PESERTA DIDIK;JIWA;2023/2024 GANJIL;L;SLB;0
6040;15;JAMBI;1508;150817;PESERTA DIDIK;JIWA;2023/2024 GANJIL;P;TK;28
6041;15;JAMBI;1508;150817;PESERTA DIDIK;JIWA;2023/2024 GANJIL;P;KB;409
6042;15;JAMBI;1508;150817;PESERTA DIDIK;JIWA;2023/2024 GANJIL;P;TPA;0
6043;15;JAMBI;1508;150817;PESERTA DIDIK;JIWA;2023/2024 GANJIL;P;SPS;27
6044;15;JAMBI;1508;150817;PESERTA DIDIK;JIWA;2023/2024 GANJIL;P;PKBM;129
6045;15;JAMBI;1508;150817;PESERTA DIDIK;JIWA;2023/2024 GANJIL;P;SKB;0
6046;15;JAMBI;1508;150817;PESERTA DIDIK;JIWA;2023/2024 GANJIL;P;SD;1.064
6047;15;JAMBI;1508;150817;PESERTA DIDIK;JIWA;2023/2024 GANJIL;P;SMP;323
6048;15;JAMBI;1508;150817;PESERTA DIDIK;JIWA;2023/2024 GANJIL;P;SMA;465
6049;15;JAMBI;1508;150817;PESERTA DIDIK;JIWA;2023/2024 GANJIL;P;SMK;38
6050;15;JAMBI;1508;150817;PESERTA DIDIK;JIWA;2023/2024 GANJIL;P;SLB;0
6051;15;JAMBI;1508;150801;PESERTA DIDIK;JIWA;2023/2024 GANJIL;L;TK;45
6052;15;JAMBI;1508;150801;PESERTA DIDIK;JIWA;2023/2024 GANJIL;L;KB;304
6053;15;JAMBI;1508;150801;PESERTA DIDIK;JIWA;2023/2024 GANJIL;L;TPA;0
6054;15;JAMBI;1508;150801;PESERTA DIDIK;JIWA;2023/2024 GANJIL;L;SPS;0
6055;15;JAMBI;1508;150801;PESERTA DIDIK;JIWA;2023/2024 GANJIL;L;PKBM;52
6056;15;JAMBI;1508;150801;PESERTA DIDIK;JIWA;2023/2024 GANJIL;L;SKB;0
6057;15;JAMBI;1508;150801;PESERTA DIDIK;JIWA;2023/2024 GANJIL;L;SD;818
6058;15;JAMBI;1508;150801;PESERTA DIDIK;JIWA;2023/2024 GANJIL;L;SMP;154
6059;15;JAMBI;1508;150801;PESERTA DIDIK;JIWA;2023/2024 GANJIL;L;SMA;171
6060;15;JAMBI;1508;150801;PESERTA DIDIK;JIWA;2023/2024 GANJIL;L;SMK;0
6061;15;JAMBI;1508;150801;PESERTA DIDIK;JIWA;2023/2024 GANJIL;L;SLB;0
6062;15;JAMBI;1508;150801;PESERTA DIDIK;JIWA;2023/2024 GANJIL;P;TK;37
6063;15;JAMBI;1508;150801;PESERTA DIDIK;JIWA;2023/2024 GANJIL;P;KB;283
6064;15;JAMBI;1508;150801;PESERTA DIDIK;JIWA;2023/2024 GANJIL;P;TPA;0
6065;15;JAMBI;1508;150801;PESERTA DIDIK;JIWA;2023/2024 GANJIL;P;SPS;0
6066;15;JAMBI;1508;150801;PESERTA DIDIK;JIWA;2023/2024 GANJIL;P;PKBM;43
6067;15;JAMBI;1508;150801;PESERTA DIDIK;JIWA;2023/2024 GANJIL;P;SKB;0
6068;15;JAMBI;1508;150801;PESERTA DIDIK;JIWA;2023/2024 GANJIL;P;SD;722
6069;15;JAMBI;1508;150801;PESERTA DIDIK;JIWA;2023/2024 GANJIL;P;SMP;144
6070;15;JAMBI;1508;150801;PESERTA DIDIK;JIWA;2023/2024 GANJIL;P;SMA;228
6071;15;JAMBI;1508;150801;PESERTA DIDIK;JIWA;2023/2024 GANJIL;P;SMK;0
6072;15;JAMBI;1508;150801;PESERTA DIDIK;JIWA;2023/2024 GANJIL;P;SLB;0
6073;15;JAMBI;1506;150606;PESERTA DIDIK;JIWA;2023/2024 GANJIL;L;TK;299
6074;15;JAMBI;1506;150606;PESERTA DIDIK;JIWA;2023/2024 GANJIL;L;KB;137
6075;15;JAMBI;1506;150606;PESERTA DIDIK;JIWA;2023/2024 GANJIL;L;TPA;14
6076;15;JAMBI;1506;150606;PESERTA DIDIK;JIWA;2023/2024 GANJIL;L;SPS;0
6077;15;JAMBI;1506;150606;PESERTA DIDIK;JIWA;2023/2024 GANJIL;L;PKBM;0
6078;15;JAMBI;1506;150606;PESERTA DIDIK;JIWA;2023/2024 GANJIL;L;SKB;0
6079;15;JAMBI;1506;150606;PESERTA DIDIK;JIWA;2023/2024 GANJIL;L;SD;2.101
6080;15;JAMBI;1506;150606;PESERTA DIDIK;JIWA;2023/2024 GANJIL;L;SMP;792
6081;15;JAMBI;1506;150606;PESERTA DIDIK;JIWA;2023/2024 GANJIL;L;SMA;420
6082;15;JAMBI;1506;150606;PESERTA DIDIK;JIWA;2023/2024 GANJIL;L;SMK;338
6083;15;JAMBI;1506;150606;PESERTA DIDIK;JIWA;2023/2024 GANJIL;L;SLB;0
6084;15;JAMBI;1506;150606;PESERTA DIDIK;JIWA;2023/2024 GANJIL;P;TK;298
6085;15;JAMBI;1506;150606;PESERTA DIDIK;JIWA;2023/2024 GANJIL;P;KB;139
6086;15;JAMBI;1506;150606;PESERTA DIDIK;JIWA;2023/2024 GANJIL;P;TPA;13
6087;15;JAMBI;1506;150606;PESERTA DIDIK;JIWA;2023/2024 GANJIL;P;SPS;0
6088;15;JAMBI;1506;150606;PESERTA DIDIK;JIWA;2023/2024 GANJIL;P;PKBM;0
6089;15;JAMBI;1506;150606;PESERTA DIDIK;JIWA;2023/2024 GANJIL;P;SKB;0
6090;15;JAMBI;1506;150606;PESERTA DIDIK;JIWA;2023/2024 GANJIL;P;SD;1.786
6091;15;JAMBI;1506;150606;PESERTA DIDIK;JIWA;2023/2024 GANJIL;P;SMP;708
6092;15;JAMBI;1506;150606;PESERTA DIDIK;JIWA;2023/2024 GANJIL;P;SMA;497
6093;15;JAMBI;1506;150606;PESERTA DIDIK;JIWA;2023/2024 GANJIL;P;SMK;261
6094;15;JAMBI;1506;150606;PESERTA DIDIK;JIWA;2023/2024 GANJIL;P;SLB;0
6095;15;JAMBI;1509;150902;PESERTA DIDIK;JIWA;2023/2024 GANJIL;L;TK;218
6096;15;JAMBI;1509;150902;PESERTA DIDIK;JIWA;2023/2024 GANJIL;L;KB;121
6097;15;JAMBI;1509;150902;PESERTA DIDIK;JIWA;2023/2024 GANJIL;L;TPA;0
6098;15;JAMBI;1509;150902;PESERTA DIDIK;JIWA;2023/2024 GANJIL;L;SPS;45
6099;15;JAMBI;1509;150902;PESERTA DIDIK;JIWA;2023/2024 GANJIL;L;PKBM;0
6100;15;JAMBI;1509;150902;PESERTA DIDIK;JIWA;2023/2024 GANJIL;L;SKB;0
6101;15;JAMBI;1509;150902;PESERTA DIDIK;JIWA;2023/2024 GANJIL;L;SD;1.658
6102;15;JAMBI;1509;150902;PESERTA DIDIK;JIWA;2023/2024 GANJIL;L;SMP;347
6103;15;JAMBI;1509;150902;PESERTA DIDIK;JIWA;2023/2024 GANJIL;L;SMA;272
6104;15;JAMBI;1509;150902;PESERTA DIDIK;JIWA;2023/2024 GANJIL;L;SMK;46
6105;15;JAMBI;1509;150902;PESERTA DIDIK;JIWA;2023/2024 GANJIL;L;SLB;0
6106;15;JAMBI;1509;150902;PESERTA DIDIK;JIWA;2023/2024 GANJIL;P;TK;217
6107;15;JAMBI;1509;150902;PESERTA DIDIK;JIWA;2023/2024 GANJIL;P;KB;134
6108;15;JAMBI;1509;150902;PESERTA DIDIK;JIWA;2023/2024 GANJIL;P;TPA;0
6109;15;JAMBI;1509;150902;PESERTA DIDIK;JIWA;2023/2024 GANJIL;P;SPS;51
6110;15;JAMBI;1509;150902;PESERTA DIDIK;JIWA;2023/2024 GANJIL;P;PKBM;0
6111;15;JAMBI;1509;150902;PESERTA DIDIK;JIWA;2023/2024 GANJIL;P;SKB;0
6112;15;JAMBI;1509;150902;PESERTA DIDIK;JIWA;2023/2024 GANJIL;P;SD;1.486
6113;15;JAMBI;1509;150902;PESERTA DIDIK;JIWA;2023/2024 GANJIL;P;SMP;327
6114;15;JAMBI;1509;150902;PESERTA DIDIK;JIWA;2023/2024 GANJIL;P;SMA;256
6115;15;JAMBI;1509;150902;PESERTA DIDIK;JIWA;2023/2024 GANJIL;P;SMK;57
6116;15;JAMBI;1509;150902;PESERTA DIDIK;JIWA;2023/2024 GANJIL;P;SLB;0
6117;15;JAMBI;1509;150901;PESERTA DIDIK;JIWA;2023/2024 GANJIL;L;TK;294
6118;15;JAMBI;1509;150901;PESERTA DIDIK;JIWA;2023/2024 GANJIL;L;KB;215
6119;15;JAMBI;1509;150901;PESERTA DIDIK;JIWA;2023/2024 GANJIL;L;TPA;61
6120;15;JAMBI;1509;150901;PESERTA DIDIK;JIWA;2023/2024 GANJIL;L;SPS;0
6121;15;JAMBI;1509;150901;PESERTA DIDIK;JIWA;2023/2024 GANJIL;L;PKBM;195
6122;15;JAMBI;1509;150901;PESERTA DIDIK;JIWA;2023/2024 GANJIL;L;SKB;67
6123;15;JAMBI;1509;150901;PESERTA DIDIK;JIWA;2023/2024 GANJIL;L;SD;2.160
6124;15;JAMBI;1509;150901;PESERTA DIDIK;JIWA;2023/2024 GANJIL;L;SMP;775
6125;15;JAMBI;1509;150901;PESERTA DIDIK;JIWA;2023/2024 GANJIL;L;SMA;449
6126;15;JAMBI;1509;150901;PESERTA DIDIK;JIWA;2023/2024 GANJIL;L;SMK;445
6127;15;JAMBI;1509;150901;PESERTA DIDIK;JIWA;2023/2024 GANJIL;L;SLB;0
6128;15;JAMBI;1509;150901;PESERTA DIDIK;JIWA;2023/2024 GANJIL;P;TK;270
6129;15;JAMBI;1509;150901;PESERTA DIDIK;JIWA;2023/2024 GANJIL;P;KB;219
6130;15;JAMBI;1509;150901;PESERTA DIDIK;JIWA;2023/2024 GANJIL;P;TPA;49
6131;15;JAMBI;1509;150901;PESERTA DIDIK;JIWA;2023/2024 GANJIL;P;SPS;0
6132;15;JAMBI;1509;150901;PESERTA DIDIK;JIWA;2023/2024 GANJIL;P;PKBM;91
6133;15;JAMBI;1509;150901;PESERTA DIDIK;JIWA;2023/2024 GANJIL;P;SKB;58
6134;15;JAMBI;1509;150901;PESERTA DIDIK;JIWA;2023/2024 GANJIL;P;SD;2.004
6135;15;JAMBI;1509;150901;PESERTA DIDIK;JIWA;2023/2024 GANJIL;P;SMP;709
6136;15;JAMBI;1509;150901;PESERTA DIDIK;JIWA;2023/2024 GANJIL;P;SMA;593
6137;15;JAMBI;1509;150901;PESERTA DIDIK;JIWA;2023/2024 GANJIL;P;SMK;331
6138;15;JAMBI;1509;150901;PESERTA DIDIK;JIWA;2023/2024 GANJIL;P;SLB;0
6139;15;JAMBI;1509;150903;PESERTA DIDIK;JIWA;2023/2024 GANJIL;L;TK;151
6140;15;JAMBI;1509;150903;PESERTA DIDIK;JIWA;2023/2024 GANJIL;L;KB;182
6141;15;JAMBI;1509;150903;PESERTA DIDIK;JIWA;2023/2024 GANJIL;L;TPA;0
6142;15;JAMBI;1509;150903;PESERTA DIDIK;JIWA;2023/2024 GANJIL;L;SPS;0
6143;15;JAMBI;1509;150903;PESERTA DIDIK;JIWA;2023/2024 GANJIL;L;PKBM;348
6144;15;JAMBI;1509;150903;PESERTA DIDIK;JIWA;2023/2024 GANJIL;L;SKB;0
6145;15;JAMBI;1509;150903;PESERTA DIDIK;JIWA;2023/2024 GANJIL;L;SD;1.638
6146;15;JAMBI;1509;150903;PESERTA DIDIK;JIWA;2023/2024 GANJIL;L;SMP;416
6147;15;JAMBI;1509;150903;PESERTA DIDIK;JIWA;2023/2024 GANJIL;L;SMA;384
6148;15;JAMBI;1509;150903;PESERTA DIDIK;JIWA;2023/2024 GANJIL;L;SMK;90
6149;15;JAMBI;1509;150903;PESERTA DIDIK;JIWA;2023/2024 GANJIL;L;SLB;0
6150;15;JAMBI;1509;150903;PESERTA DIDIK;JIWA;2023/2024 GANJIL;P;TK;131
6151;15;JAMBI;1509;150903;PESERTA DIDIK;JIWA;2023/2024 GANJIL;P;KB;173
6152;15;JAMBI;1509;150903;PESERTA DIDIK;JIWA;2023/2024 GANJIL;P;TPA;0
6153;15;JAMBI;1509;150903;PESERTA DIDIK;JIWA;2023/2024 GANJIL;P;SPS;0
6154;15;JAMBI;1509;150903;PESERTA DIDIK;JIWA;2023/2024 GANJIL;P;PKBM;181
6155;15;JAMBI;1509;150903;PESERTA DIDIK;JIWA;2023/2024 GANJIL;P;SKB;0
6156;15;JAMBI;1509;150903;PESERTA DIDIK;JIWA;2023/2024 GANJIL;P;SD;1.449
6157;15;JAMBI;1509;150903;PESERTA DIDIK;JIWA;2023/2024 GANJIL;P;SMP;435
6158;15;JAMBI;1509;150903;PESERTA DIDIK;JIWA;2023/2024 GANJIL;P;SMA;411
6159;15;JAMBI;1509;150903;PESERTA DIDIK;JIWA;2023/2024 GANJIL;P;SMK;49
6160;15;JAMBI;1509;150903;PESERTA DIDIK;JIWA;2023/2024 GANJIL;P;SLB;0
6161;15;JAMBI;1571;157101;PESERTA DIDIK;JIWA;2023/2024 GANJIL;L;TK;456
6162;15;JAMBI;1571;157101;PESERTA DIDIK;JIWA;2023/2024 GANJIL;L;KB;94
6163;15;JAMBI;1571;157101;PESERTA DIDIK;JIWA;2023/2024 GANJIL;L;TPA;83
6164;15;JAMBI;1571;157101;PESERTA DIDIK;JIWA;2023/2024 GANJIL;L;SPS;25
6165;15;JAMBI;1571;157101;PESERTA DIDIK;JIWA;2023/2024 GANJIL;L;PKBM;139
6166;15;JAMBI;1571;157101;PESERTA DIDIK;JIWA;2023/2024 GANJIL;L;SKB;0
6167;15;JAMBI;1571;157101;PESERTA DIDIK;JIWA;2023/2024 GANJIL;L;SD;3.785
6168;15;JAMBI;1571;157101;PESERTA DIDIK;JIWA;2023/2024 GANJIL;L;SMP;2.084
6169;15;JAMBI;1571;157101;PESERTA DIDIK;JIWA;2023/2024 GANJIL;L;SMA;1.130
6170;15;JAMBI;1571;157101;PESERTA DIDIK;JIWA;2023/2024 GANJIL;L;SMK;846
6171;15;JAMBI;1571;157101;PESERTA DIDIK;JIWA;2023/2024 GANJIL;L;SLB;220
6172;15;JAMBI;1571;157101;PESERTA DIDIK;JIWA;2023/2024 GANJIL;P;TK;378
6173;15;JAMBI;1571;157101;PESERTA DIDIK;JIWA;2023/2024 GANJIL;P;KB;82
6174;15;JAMBI;1571;157101;PESERTA DIDIK;JIWA;2023/2024 GANJIL;P;TPA;80
6175;15;JAMBI;1571;157101;PESERTA DIDIK;JIWA;2023/2024 GANJIL;P;SPS;10
6176;15;JAMBI;1571;157101;PESERTA DIDIK;JIWA;2023/2024 GANJIL;P;PKBM;74
6177;15;JAMBI;1571;157101;PESERTA DIDIK;JIWA;2023/2024 GANJIL;P;SKB;0
6178;15;JAMBI;1571;157101;PESERTA DIDIK;JIWA;2023/2024 GANJIL;P;SD;3.535
6179;15;JAMBI;1571;157101;PESERTA DIDIK;JIWA;2023/2024 GANJIL;P;SMP;2.072
6180;15;JAMBI;1571;157101;PESERTA DIDIK;JIWA;2023/2024 GANJIL;P;SMA;1.462
6181;15;JAMBI;1571;157101;PESERTA DIDIK;JIWA;2023/2024 GANJIL;P;SMK;900
6182;15;JAMBI;1571;157101;PESERTA DIDIK;JIWA;2023/2024 GANJIL;P;SLB;123
6183;15;JAMBI;1509;150909;PESERTA DIDIK;JIWA;2023/2024 GANJIL;L;TK;189
6184;15;JAMBI;1509;150909;PESERTA DIDIK;JIWA;2023/2024 GANJIL;L;KB;181
6185;15;JAMBI;1509;150909;PESERTA DIDIK;JIWA;2023/2024 GANJIL;L;TPA;0
6186;15;JAMBI;1509;150909;PESERTA DIDIK;JIWA;2023/2024 GANJIL;L;SPS;10
6187;15;JAMBI;1509;150909;PESERTA DIDIK;JIWA;2023/2024 GANJIL;L;PKBM;190
6188;15;JAMBI;1509;150909;PESERTA DIDIK;JIWA;2023/2024 GANJIL;L;SKB;0
6189;15;JAMBI;1509;150909;PESERTA DIDIK;JIWA;2023/2024 GANJIL;L;SD;2.095
6190;15;JAMBI;1509;150909;PESERTA DIDIK;JIWA;2023/2024 GANJIL;L;SMP;435
6191;15;JAMBI;1509;150909;PESERTA DIDIK;JIWA;2023/2024 GANJIL;L;SMA;135
6192;15;JAMBI;1509;150909;PESERTA DIDIK;JIWA;2023/2024 GANJIL;L;SMK;252
6193;15;JAMBI;1509;150909;PESERTA DIDIK;JIWA;2023/2024 GANJIL;L;SLB;0
6194;15;JAMBI;1509;150909;PESERTA DIDIK;JIWA;2023/2024 GANJIL;P;TK;193
6195;15;JAMBI;1509;150909;PESERTA DIDIK;JIWA;2023/2024 GANJIL;P;KB;175
6196;15;JAMBI;1509;150909;PESERTA DIDIK;JIWA;2023/2024 GANJIL;P;TPA;0
6197;15;JAMBI;1509;150909;PESERTA DIDIK;JIWA;2023/2024 GANJIL;P;SPS;12
6198;15;JAMBI;1509;150909;PESERTA DIDIK;JIWA;2023/2024 GANJIL;P;PKBM;102
6199;15;JAMBI;1509;150909;PESERTA DIDIK;JIWA;2023/2024 GANJIL;P;SKB;0
6200;15;JAMBI;1509;150909;PESERTA DIDIK;JIWA;2023/2024 GANJIL;P;SD;1.841
6201;15;JAMBI;1509;150909;PESERTA DIDIK;JIWA;2023/2024 GANJIL;P;SMP;393
6202;15;JAMBI;1509;150909;PESERTA DIDIK;JIWA;2023/2024 GANJIL;P;SMA;181
6203;15;JAMBI;1509;150909;PESERTA DIDIK;JIWA;2023/2024 GANJIL;P;SMK;139
6204;15;JAMBI;1509;150909;PESERTA DIDIK;JIWA;2023/2024 GANJIL;P;SLB;0
6205;15;JAMBI;1502;150224;PESERTA DIDIK;JIWA;2023/2024 GANJIL;L;TK;0
6206;15;JAMBI;1502;150224;PESERTA DIDIK;JIWA;2023/2024 GANJIL;L;KB;71
6207;15;JAMBI;1502;150224;PESERTA DIDIK;JIWA;2023/2024 GANJIL;L;TPA;0
6208;15;JAMBI;1502;150224;PESERTA DIDIK;JIWA;2023/2024 GANJIL;L;SPS;0
6209;15;JAMBI;1502;150224;PESERTA DIDIK;JIWA;2023/2024 GANJIL;L;PKBM;0
6210;15;JAMBI;1502;150224;PESERTA DIDIK;JIWA;2023/2024 GANJIL;L;SKB;0
6211;15;JAMBI;1502;150224;PESERTA DIDIK;JIWA;2023/2024 GANJIL;L;SD;240
6212;15;JAMBI;1502;150224;PESERTA DIDIK;JIWA;2023/2024 GANJIL;L;SMP;40
6213;15;JAMBI;1502;150224;PESERTA DIDIK;JIWA;2023/2024 GANJIL;L;SMA;41
6214;15;JAMBI;1502;150224;PESERTA DIDIK;JIWA;2023/2024 GANJIL;L;SMK;0
6215;15;JAMBI;1502;150224;PESERTA DIDIK;JIWA;2023/2024 GANJIL;L;SLB;0
6216;15;JAMBI;1502;150224;PESERTA DIDIK;JIWA;2023/2024 GANJIL;P;TK;0
6217;15;JAMBI;1502;150224;PESERTA DIDIK;JIWA;2023/2024 GANJIL;P;KB;81
6218;15;JAMBI;1502;150224;PESERTA DIDIK;JIWA;2023/2024 GANJIL;P;TPA;0
6219;15;JAMBI;1502;150224;PESERTA DIDIK;JIWA;2023/2024 GANJIL;P;SPS;0
6220;15;JAMBI;1502;150224;PESERTA DIDIK;JIWA;2023/2024 GANJIL;P;PKBM;0
6221;15;JAMBI;1502;150224;PESERTA DIDIK;JIWA;2023/2024 GANJIL;P;SKB;0
6222;15;JAMBI;1502;150224;PESERTA DIDIK;JIWA;2023/2024 GANJIL;P;SD;231
6223;15;JAMBI;1502;150224;PESERTA DIDIK;JIWA;2023/2024 GANJIL;P;SMP;39
6224;15;JAMBI;1502;150224;PESERTA DIDIK;JIWA;2023/2024 GANJIL;P;SMA;30
6225;15;JAMBI;1502;150224;PESERTA DIDIK;JIWA;2023/2024 GANJIL;P;SMK;0
6226;15;JAMBI;1502;150224;PESERTA DIDIK;JIWA;2023/2024 GANJIL;P;SLB;0
6227;15;JAMBI;1506;150602;PESERTA DIDIK;JIWA;2023/2024 GANJIL;L;TK;376
6228;15;JAMBI;1506;150602;PESERTA DIDIK;JIWA;2023/2024 GANJIL;L;KB;334
6229;15;JAMBI;1506;150602;PESERTA DIDIK;JIWA;2023/2024 GANJIL;L;TPA;82
6230;15;JAMBI;1506;150602;PESERTA DIDIK;JIWA;2023/2024 GANJIL;L;SPS;175
6231;15;JAMBI;1506;150602;PESERTA DIDIK;JIWA;2023/2024 GANJIL;L;PKBM;606
6232;15;JAMBI;1506;150602;PESERTA DIDIK;JIWA;2023/2024 GANJIL;L;SKB;0
6233;15;JAMBI;1506;150602;PESERTA DIDIK;JIWA;2023/2024 GANJIL;L;SD;3.757
6234;15;JAMBI;1506;150602;PESERTA DIDIK;JIWA;2023/2024 GANJIL;L;SMP;979
6235;15;JAMBI;1506;150602;PESERTA DIDIK;JIWA;2023/2024 GANJIL;L;SMA;811
6236;15;JAMBI;1506;150602;PESERTA DIDIK;JIWA;2023/2024 GANJIL;L;SMK;437
6237;15;JAMBI;1506;150602;PESERTA DIDIK;JIWA;2023/2024 GANJIL;L;SLB;78
6238;15;JAMBI;1506;150602;PESERTA DIDIK;JIWA;2023/2024 GANJIL;P;TK;338
6239;15;JAMBI;1506;150602;PESERTA DIDIK;JIWA;2023/2024 GANJIL;P;KB;355
6240;15;JAMBI;1506;150602;PESERTA DIDIK;JIWA;2023/2024 GANJIL;P;TPA;42
6241;15;JAMBI;1506;150602;PESERTA DIDIK;JIWA;2023/2024 GANJIL;P;SPS;140
6242;15;JAMBI;1506;150602;PESERTA DIDIK;JIWA;2023/2024 GANJIL;P;PKBM;364
6243;15;JAMBI;1506;150602;PESERTA DIDIK;JIWA;2023/2024 GANJIL;P;SKB;0
6244;15;JAMBI;1506;150602;PESERTA DIDIK;JIWA;2023/2024 GANJIL;P;SD;3.472
6245;15;JAMBI;1506;150602;PESERTA DIDIK;JIWA;2023/2024 GANJIL;P;SMP;1.043
6246;15;JAMBI;1506;150602;PESERTA DIDIK;JIWA;2023/2024 GANJIL;P;SMA;929
6247;15;JAMBI;1506;150602;PESERTA DIDIK;JIWA;2023/2024 GANJIL;P;SMK;488
6248;15;JAMBI;1506;150602;PESERTA DIDIK;JIWA;2023/2024 GANJIL;P;SLB;39
6249;15;JAMBI;1506;150601;PESERTA DIDIK;JIWA;2023/2024 GANJIL;L;TK;103
6250;15;JAMBI;1506;150601;PESERTA DIDIK;JIWA;2023/2024 GANJIL;L;KB;166
6251;15;JAMBI;1506;150601;PESERTA DIDIK;JIWA;2023/2024 GANJIL;L;TPA;0
6252;15;JAMBI;1506;150601;PESERTA DIDIK;JIWA;2023/2024 GANJIL;L;SPS;0
6253;15;JAMBI;1506;150601;PESERTA DIDIK;JIWA;2023/2024 GANJIL;L;PKBM;108
6254;15;JAMBI;1506;150601;PESERTA DIDIK;JIWA;2023/2024 GANJIL;L;SKB;65
6255;15;JAMBI;1506;150601;PESERTA DIDIK;JIWA;2023/2024 GANJIL;L;SD;885
6256;15;JAMBI;1506;150601;PESERTA DIDIK;JIWA;2023/2024 GANJIL;L;SMP;186
6257;15;JAMBI;1506;150601;PESERTA DIDIK;JIWA;2023/2024 GANJIL;L;SMA;135
6258;15;JAMBI;1506;150601;PESERTA DIDIK;JIWA;2023/2024 GANJIL;L;SMK;243
6259;15;JAMBI;1506;150601;PESERTA DIDIK;JIWA;2023/2024 GANJIL;L;SLB;0
6260;15;JAMBI;1506;150601;PESERTA DIDIK;JIWA;2023/2024 GANJIL;P;TK;104
6261;15;JAMBI;1506;150601;PESERTA DIDIK;JIWA;2023/2024 GANJIL;P;KB;134
6262;15;JAMBI;1506;150601;PESERTA DIDIK;JIWA;2023/2024 GANJIL;P;TPA;0
6263;15;JAMBI;1506;150601;PESERTA DIDIK;JIWA;2023/2024 GANJIL;P;SPS;0
6264;15;JAMBI;1506;150601;PESERTA DIDIK;JIWA;2023/2024 GANJIL;P;PKBM;53
6265;15;JAMBI;1506;150601;PESERTA DIDIK;JIWA;2023/2024 GANJIL;P;SKB;42
6266;15;JAMBI;1506;150601;PESERTA DIDIK;JIWA;2023/2024 GANJIL;P;SD;807
6267;15;JAMBI;1506;150601;PESERTA DIDIK;JIWA;2023/2024 GANJIL;P;SMP;197
6268;15;JAMBI;1506;150601;PESERTA DIDIK;JIWA;2023/2024 GANJIL;P;SMA;141
6269;15;JAMBI;1506;150601;PESERTA DIDIK;JIWA;2023/2024 GANJIL;P;SMK;173
6270;15;JAMBI;1506;150601;PESERTA DIDIK;JIWA;2023/2024 GANJIL;P;SLB;0
6271;15;JAMBI;1509;150906;PESERTA DIDIK;JIWA;2023/2024 GANJIL;L;TK;95
6272;15;JAMBI;1509;150906;PESERTA DIDIK;JIWA;2023/2024 GANJIL;L;KB;167
6273;15;JAMBI;1509;150906;PESERTA DIDIK;JIWA;2023/2024 GANJIL;L;TPA;0
6274;15;JAMBI;1509;150906;PESERTA DIDIK;JIWA;2023/2024 GANJIL;L;SPS;0
6275;15;JAMBI;1509;150906;PESERTA DIDIK;JIWA;2023/2024 GANJIL;L;PKBM;0
6276;15;JAMBI;1509;150906;PESERTA DIDIK;JIWA;2023/2024 GANJIL;L;SKB;0
6277;15;JAMBI;1509;150906;PESERTA DIDIK;JIWA;2023/2024 GANJIL;L;SD;1.465
6278;15;JAMBI;1509;150906;PESERTA DIDIK;JIWA;2023/2024 GANJIL;L;SMP;239
6279;15;JAMBI;1509;150906;PESERTA DIDIK;JIWA;2023/2024 GANJIL;L;SMA;136
6280;15;JAMBI;1509;150906;PESERTA DIDIK;JIWA;2023/2024 GANJIL;L;SMK;0
6281;15;JAMBI;1509;150906;PESERTA DIDIK;JIWA;2023/2024 GANJIL;L;SLB;0
6282;15;JAMBI;1509;150906;PESERTA DIDIK;JIWA;2023/2024 GANJIL;P;TK;77
6283;15;JAMBI;1509;150906;PESERTA DIDIK;JIWA;2023/2024 GANJIL;P;KB;168
6284;15;JAMBI;1509;150906;PESERTA DIDIK;JIWA;2023/2024 GANJIL;P;TPA;0
6285;15;JAMBI;1509;150906;PESERTA DIDIK;JIWA;2023/2024 GANJIL;P;SPS;0
6286;15;JAMBI;1509;150906;PESERTA DIDIK;JIWA;2023/2024 GANJIL;P;PKBM;0
6287;15;JAMBI;1509;150906;PESERTA DIDIK;JIWA;2023/2024 GANJIL;P;SKB;0
6288;15;JAMBI;1509;150906;PESERTA DIDIK;JIWA;2023/2024 GANJIL;P;SD;1.377
6289;15;JAMBI;1509;150906;PESERTA DIDIK;JIWA;2023/2024 GANJIL;P;SMP;276
6290;15;JAMBI;1509;150906;PESERTA DIDIK;JIWA;2023/2024 GANJIL;P;SMA;135
6291;15;JAMBI;1509;150906;PESERTA DIDIK;JIWA;2023/2024 GANJIL;P;SMK;0
6292;15;JAMBI;1509;150906;PESERTA DIDIK;JIWA;2023/2024 GANJIL;P;SLB;0
6293;15;JAMBI;1509;150911;PESERTA DIDIK;JIWA;2023/2024 GANJIL;L;TK;223
6294;15;JAMBI;1509;150911;PESERTA DIDIK;JIWA;2023/2024 GANJIL;L;KB;85
6295;15;JAMBI;1509;150911;PESERTA DIDIK;JIWA;2023/2024 GANJIL;L;TPA;0
6296;15;JAMBI;1509;150911;PESERTA DIDIK;JIWA;2023/2024 GANJIL;L;SPS;0
6297;15;JAMBI;1509;150911;PESERTA DIDIK;JIWA;2023/2024 GANJIL;L;PKBM;0
6298;15;JAMBI;1509;150911;PESERTA DIDIK;JIWA;2023/2024 GANJIL;L;SKB;0
6299;15;JAMBI;1509;150911;PESERTA DIDIK;JIWA;2023/2024 GANJIL;L;SD;1.261
6300;15;JAMBI;1509;150911;PESERTA DIDIK;JIWA;2023/2024 GANJIL;L;SMP;322
6301;15;JAMBI;1509;150911;PESERTA DIDIK;JIWA;2023/2024 GANJIL;L;SMA;0
6302;15;JAMBI;1509;150911;PESERTA DIDIK;JIWA;2023/2024 GANJIL;L;SMK;140
6303;15;JAMBI;1509;150911;PESERTA DIDIK;JIWA;2023/2024 GANJIL;L;SLB;0
6304;15;JAMBI;1509;150911;PESERTA DIDIK;JIWA;2023/2024 GANJIL;P;TK;188
6305;15;JAMBI;1509;150911;PESERTA DIDIK;JIWA;2023/2024 GANJIL;P;KB;85
6306;15;JAMBI;1509;150911;PESERTA DIDIK;JIWA;2023/2024 GANJIL;P;TPA;0
6307;15;JAMBI;1509;150911;PESERTA DIDIK;JIWA;2023/2024 GANJIL;P;SPS;0
6308;15;JAMBI;1509;150911;PESERTA DIDIK;JIWA;2023/2024 GANJIL;P;PKBM;0
6309;15;JAMBI;1509;150911;PESERTA DIDIK;JIWA;2023/2024 GANJIL;P;SKB;0
6310;15;JAMBI;1509;150911;PESERTA DIDIK;JIWA;2023/2024 GANJIL;P;SD;1.166
6311;15;JAMBI;1509;150911;PESERTA DIDIK;JIWA;2023/2024 GANJIL;P;SMP;315
6312;15;JAMBI;1509;150911;PESERTA DIDIK;JIWA;2023/2024 GANJIL;P;SMA;0
6313;15;JAMBI;1509;150911;PESERTA DIDIK;JIWA;2023/2024 GANJIL;P;SMK;168
6314;15;JAMBI;1509;150911;PESERTA DIDIK;JIWA;2023/2024 GANJIL;P;SLB;0
6315;15;JAMBI;1507;150701;PESERTA DIDIK;JIWA;2022/2023 GENAP;P;SLB;0
6316;15;JAMBI;1507;150701;PESERTA DIDIK;JIWA;2022/2023 GANJIL;L;TK;143
6317;15;JAMBI;1507;150701;PESERTA DIDIK;JIWA;2022/2023 GANJIL;L;KB;401
6318;15;JAMBI;1507;150701;PESERTA DIDIK;JIWA;2022/2023 GANJIL;L;TPA;22
6319;15;JAMBI;1507;150701;PESERTA DIDIK;JIWA;2022/2023 GANJIL;L;SPS;34
6320;15;JAMBI;1507;150701;PESERTA DIDIK;JIWA;2022/2023 GANJIL;L;PKBM;30
6321;15;JAMBI;1507;150701;PESERTA DIDIK;JIWA;2022/2023 GANJIL;L;SKB;70
6322;15;JAMBI;1507;150701;PESERTA DIDIK;JIWA;2022/2023 GANJIL;L;SD;1809
6323;15;JAMBI;1507;150701;PESERTA DIDIK;JIWA;2022/2023 GANJIL;L;SMP;412
6324;15;JAMBI;1507;150701;PESERTA DIDIK;JIWA;2022/2023 GANJIL;L;SMA;191
6325;15;JAMBI;1507;150701;PESERTA DIDIK;JIWA;2022/2023 GANJIL;L;SMK;113
6326;15;JAMBI;1507;150701;PESERTA DIDIK;JIWA;2022/2023 GANJIL;L;SLB;0
6327;15;JAMBI;1507;150701;PESERTA DIDIK;JIWA;2022/2023 GANJIL;P;TK;174
6328;15;JAMBI;1507;150701;PESERTA DIDIK;JIWA;2022/2023 GANJIL;P;KB;369
6329;15;JAMBI;1507;150701;PESERTA DIDIK;JIWA;2022/2023 GANJIL;P;TPA;16
6330;15;JAMBI;1507;150701;PESERTA DIDIK;JIWA;2022/2023 GANJIL;P;SPS;37
6331;15;JAMBI;1507;150701;PESERTA DIDIK;JIWA;2022/2023 GANJIL;P;PKBM;12
6332;15;JAMBI;1507;150701;PESERTA DIDIK;JIWA;2022/2023 GANJIL;P;SKB;41
6333;15;JAMBI;1507;150701;PESERTA DIDIK;JIWA;2022/2023 GANJIL;P;SD;1594
6334;15;JAMBI;1507;150701;PESERTA DIDIK;JIWA;2022/2023 GANJIL;P;SMP;475
6335;15;JAMBI;1507;150701;PESERTA DIDIK;JIWA;2022/2023 GANJIL;P;SMA;273
6336;15;JAMBI;1507;150701;PESERTA DIDIK;JIWA;2022/2023 GANJIL;P;SMK;103
6337;15;JAMBI;1507;150701;PESERTA DIDIK;JIWA;2022/2023 GANJIL;P;SLB;0
6338;15;JAMBI;1502;150203;PESERTA DIDIK;JIWA;2022/2023 GENAP;L;TK;76
6339;15;JAMBI;1502;150203;PESERTA DIDIK;JIWA;2022/2023 GENAP;L;KB;188
6340;15;JAMBI;1502;150203;PESERTA DIDIK;JIWA;2022/2023 GENAP;L;TPA;0
6341;15;JAMBI;1502;150203;PESERTA DIDIK;JIWA;2022/2023 GENAP;L;SPS;0
6342;15;JAMBI;1502;150203;PESERTA DIDIK;JIWA;2022/2023 GENAP;L;PKBM;53
6343;15;JAMBI;1502;150203;PESERTA DIDIK;JIWA;2022/2023 GENAP;L;SKB;0
6344;15;JAMBI;1502;150203;PESERTA DIDIK;JIWA;2022/2023 GENAP;L;SD;587
6345;15;JAMBI;1502;150203;PESERTA DIDIK;JIWA;2022/2023 GENAP;L;SMP;115
6346;15;JAMBI;1502;150203;PESERTA DIDIK;JIWA;2022/2023 GENAP;L;SMA;75
6347;15;JAMBI;1502;150203;PESERTA DIDIK;JIWA;2022/2023 GENAP;L;SMK;0
6348;15;JAMBI;1502;150203;PESERTA DIDIK;JIWA;2022/2023 GENAP;L;SLB;0
6349;15;JAMBI;1502;150203;PESERTA DIDIK;JIWA;2022/2023 GENAP;P;TK;76
6350;15;JAMBI;1502;150203;PESERTA DIDIK;JIWA;2022/2023 GENAP;P;KB;147
6351;15;JAMBI;1502;150203;PESERTA DIDIK;JIWA;2022/2023 GENAP;P;TPA;0
6352;15;JAMBI;1502;150203;PESERTA DIDIK;JIWA;2022/2023 GENAP;P;SPS;0
6353;15;JAMBI;1502;150203;PESERTA DIDIK;JIWA;2022/2023 GENAP;P;PKBM;57
6354;15;JAMBI;1502;150203;PESERTA DIDIK;JIWA;2022/2023 GENAP;P;SKB;0
6355;15;JAMBI;1502;150203;PESERTA DIDIK;JIWA;2022/2023 GENAP;P;SD;536
6356;15;JAMBI;1502;150203;PESERTA DIDIK;JIWA;2022/2023 GENAP;P;SMP;82
6357;15;JAMBI;1502;150203;PESERTA DIDIK;JIWA;2022/2023 GENAP;P;SMA;81
6358;15;JAMBI;1502;150203;PESERTA DIDIK;JIWA;2022/2023 GENAP;P;SMK;0
6359;15;JAMBI;1502;150203;PESERTA DIDIK;JIWA;2022/2023 GENAP;P;SLB;0
6360;15;JAMBI;1502;150203;PESERTA DIDIK;JIWA;2022/2023 GANJIL;L;TK;74
6361;15;JAMBI;1502;150203;PESERTA DIDIK;JIWA;2022/2023 GANJIL;L;KB;185
6362;15;JAMBI;1502;150203;PESERTA DIDIK;JIWA;2022/2023 GANJIL;L;TPA;0
6363;15;JAMBI;1502;150203;PESERTA DIDIK;JIWA;2022/2023 GANJIL;L;SPS;0
6364;15;JAMBI;1502;150203;PESERTA DIDIK;JIWA;2022/2023 GANJIL;L;PKBM;29
6365;15;JAMBI;1502;150203;PESERTA DIDIK;JIWA;2022/2023 GANJIL;L;SKB;0
6366;15;JAMBI;1502;150203;PESERTA DIDIK;JIWA;2022/2023 GANJIL;L;SD;583
6367;15;JAMBI;1502;150203;PESERTA DIDIK;JIWA;2022/2023 GANJIL;L;SMP;111
6368;15;JAMBI;1502;150203;PESERTA DIDIK;JIWA;2022/2023 GANJIL;L;SMA;75
6369;15;JAMBI;1502;150203;PESERTA DIDIK;JIWA;2022/2023 GANJIL;L;SMK;0
6370;15;JAMBI;1502;150203;PESERTA DIDIK;JIWA;2022/2023 GANJIL;L;SLB;0
6371;15;JAMBI;1502;150203;PESERTA DIDIK;JIWA;2022/2023 GANJIL;P;TK;76
6372;15;JAMBI;1502;150203;PESERTA DIDIK;JIWA;2022/2023 GANJIL;P;KB;147
6373;15;JAMBI;1502;150203;PESERTA DIDIK;JIWA;2022/2023 GANJIL;P;TPA;0
6374;15;JAMBI;1502;150203;PESERTA DIDIK;JIWA;2022/2023 GANJIL;P;SPS;0
6375;15;JAMBI;1502;150203;PESERTA DIDIK;JIWA;2022/2023 GANJIL;P;PKBM;45
6376;15;JAMBI;1502;150203;PESERTA DIDIK;JIWA;2022/2023 GANJIL;P;SKB;0
6377;15;JAMBI;1502;150203;PESERTA DIDIK;JIWA;2022/2023 GANJIL;P;SD;533
6378;15;JAMBI;1502;150203;PESERTA DIDIK;JIWA;2022/2023 GANJIL;P;SMP;79
6379;15;JAMBI;1502;150203;PESERTA DIDIK;JIWA;2022/2023 GANJIL;P;SMA;81
6380;15;JAMBI;1502;150203;PESERTA DIDIK;JIWA;2022/2023 GANJIL;P;SMK;0
6381;15;JAMBI;1502;150203;PESERTA DIDIK;JIWA;2022/2023 GANJIL;P;SLB;0
6382;15;JAMBI;1509;150912;PESERTA DIDIK;JIWA;2022/2023 GENAP;L;TK;92
6383;15;JAMBI;1509;150912;PESERTA DIDIK;JIWA;2022/2023 GENAP;L;KB;164
6384;15;JAMBI;1509;150912;PESERTA DIDIK;JIWA;2022/2023 GENAP;L;TPA;0
6385;15;JAMBI;1509;150912;PESERTA DIDIK;JIWA;2022/2023 GENAP;L;SPS;0
6386;15;JAMBI;1509;150912;PESERTA DIDIK;JIWA;2022/2023 GENAP;L;PKBM;198
6387;15;JAMBI;1509;150912;PESERTA DIDIK;JIWA;2022/2023 GENAP;L;SKB;0
6388;15;JAMBI;1509;150912;PESERTA DIDIK;JIWA;2022/2023 GENAP;L;SD;1.175
6389;15;JAMBI;1509;150912;PESERTA DIDIK;JIWA;2022/2023 GENAP;L;SMP;273
6390;15;JAMBI;1509;150912;PESERTA DIDIK;JIWA;2022/2023 GENAP;L;SMA;123
6391;15;JAMBI;1509;150912;PESERTA DIDIK;JIWA;2022/2023 GENAP;L;SMK;11
6392;15;JAMBI;1509;150912;PESERTA DIDIK;JIWA;2022/2023 GENAP;L;SLB;0
6393;15;JAMBI;1509;150912;PESERTA DIDIK;JIWA;2022/2023 GENAP;P;TK;96
6394;15;JAMBI;1509;150912;PESERTA DIDIK;JIWA;2022/2023 GENAP;P;KB;127
6395;15;JAMBI;1509;150912;PESERTA DIDIK;JIWA;2022/2023 GENAP;P;TPA;0
6396;15;JAMBI;1509;150912;PESERTA DIDIK;JIWA;2022/2023 GENAP;P;SPS;0
6397;15;JAMBI;1509;150912;PESERTA DIDIK;JIWA;2022/2023 GENAP;P;PKBM;108
6398;15;JAMBI;1509;150912;PESERTA DIDIK;JIWA;2022/2023 GENAP;P;SKB;0
6399;15;JAMBI;1509;150912;PESERTA DIDIK;JIWA;2022/2023 GENAP;P;SD;999
6400;15;JAMBI;1509;150912;PESERTA DIDIK;JIWA;2022/2023 GENAP;P;SMP;250
6401;15;JAMBI;1509;150912;PESERTA DIDIK;JIWA;2022/2023 GENAP;P;SMA;160
6402;15;JAMBI;1509;150912;PESERTA DIDIK;JIWA;2022/2023 GENAP;P;SMK;7
6403;15;JAMBI;1509;150912;PESERTA DIDIK;JIWA;2022/2023 GENAP;P;SLB;0
6404;15;JAMBI;1509;150912;PESERTA DIDIK;JIWA;2022/2023 GANJIL;L;TK;91
6405;15;JAMBI;1509;150912;PESERTA DIDIK;JIWA;2022/2023 GANJIL;L;KB;130
6406;15;JAMBI;1509;150912;PESERTA DIDIK;JIWA;2022/2023 GANJIL;L;TPA;0
6407;15;JAMBI;1509;150912;PESERTA DIDIK;JIWA;2022/2023 GANJIL;L;SPS;0
6408;15;JAMBI;1509;150912;PESERTA DIDIK;JIWA;2022/2023 GANJIL;L;PKBM;187
6409;15;JAMBI;1509;150912;PESERTA DIDIK;JIWA;2022/2023 GANJIL;L;SKB;0
6410;15;JAMBI;1509;150912;PESERTA DIDIK;JIWA;2022/2023 GANJIL;L;SD;1,18
6411;15;JAMBI;1509;150912;PESERTA DIDIK;JIWA;2022/2023 GANJIL;L;SMP;271
6412;15;JAMBI;1509;150912;PESERTA DIDIK;JIWA;2022/2023 GANJIL;L;SMA;122
6413;15;JAMBI;1509;150912;PESERTA DIDIK;JIWA;2022/2023 GANJIL;L;SMK;0
6414;15;JAMBI;1509;150912;PESERTA DIDIK;JIWA;2022/2023 GANJIL;L;SLB;0
6415;15;JAMBI;1509;150912;PESERTA DIDIK;JIWA;2022/2023 GANJIL;P;TK;98
6416;15;JAMBI;1509;150912;PESERTA DIDIK;JIWA;2022/2023 GANJIL;P;KB;98
6417;15;JAMBI;1509;150912;PESERTA DIDIK;JIWA;2022/2023 GANJIL;P;TPA;0
6418;15;JAMBI;1509;150912;PESERTA DIDIK;JIWA;2022/2023 GANJIL;P;SPS;0
6419;15;JAMBI;1509;150912;PESERTA DIDIK;JIWA;2022/2023 GANJIL;P;PKBM;102
6420;15;JAMBI;1509;150912;PESERTA DIDIK;JIWA;2022/2023 GANJIL;P;SKB;0
6421;15;JAMBI;1509;150912;PESERTA DIDIK;JIWA;2022/2023 GANJIL;P;SD;985
6422;15;JAMBI;1509;150912;PESERTA DIDIK;JIWA;2022/2023 GANJIL;P;SMP;247
6423;15;JAMBI;1509;150912;PESERTA DIDIK;JIWA;2022/2023 GANJIL;P;SMA;159
6424;15;JAMBI;1509;150912;PESERTA DIDIK;JIWA;2022/2023 GANJIL;P;SMK;0
6425;15;JAMBI;1509;150912;PESERTA DIDIK;JIWA;2022/2023 GANJIL;P;SLB;0
6426;15;JAMBI;1504;150402;PESERTA DIDIK;JIWA;2022/2023 GENAP;L;TK;361
6427;15;JAMBI;1504;150402;PESERTA DIDIK;JIWA;2022/2023 GENAP;L;KB;362
6428;15;JAMBI;1504;150402;PESERTA DIDIK;JIWA;2022/2023 GENAP;L;TPA;15
6429;15;JAMBI;1504;150402;PESERTA DIDIK;JIWA;2022/2023 GENAP;L;SPS;96
6430;15;JAMBI;1504;150402;PESERTA DIDIK;JIWA;2022/2023 GENAP;L;PKBM;866
6431;15;JAMBI;1504;150402;PESERTA DIDIK;JIWA;2022/2023 GENAP;L;SKB;0
6432;15;JAMBI;1504;150402;PESERTA DIDIK;JIWA;2022/2023 GENAP;L;SD;2.036
6433;15;JAMBI;1504;150402;PESERTA DIDIK;JIWA;2022/2023 GENAP;L;SMP;597
6434;15;JAMBI;1504;150402;PESERTA DIDIK;JIWA;2022/2023 GENAP;L;SMA;305
6435;15;JAMBI;1504;150402;PESERTA DIDIK;JIWA;2022/2023 GENAP;L;SMK;0
6436;15;JAMBI;1504;150402;PESERTA DIDIK;JIWA;2022/2023 GENAP;L;SLB;0
6437;15;JAMBI;1504;150402;PESERTA DIDIK;JIWA;2022/2023 GENAP;P;TK;326
6438;15;JAMBI;1504;150402;PESERTA DIDIK;JIWA;2022/2023 GENAP;P;KB;335
6439;15;JAMBI;1504;150402;PESERTA DIDIK;JIWA;2022/2023 GENAP;P;TPA;21
6440;15;JAMBI;1504;150402;PESERTA DIDIK;JIWA;2022/2023 GENAP;P;SPS;91
6441;15;JAMBI;1504;150402;PESERTA DIDIK;JIWA;2022/2023 GENAP;P;PKBM;858
6442;15;JAMBI;1504;150402;PESERTA DIDIK;JIWA;2022/2023 GENAP;P;SKB;0
6443;15;JAMBI;1504;150402;PESERTA DIDIK;JIWA;2022/2023 GENAP;P;SD;1.923
6444;15;JAMBI;1504;150402;PESERTA DIDIK;JIWA;2022/2023 GENAP;P;SMP;622
6445;15;JAMBI;1504;150402;PESERTA DIDIK;JIWA;2022/2023 GENAP;P;SMA;387
6446;15;JAMBI;1504;150402;PESERTA DIDIK;JIWA;2022/2023 GENAP;P;SMK;0
6447;15;JAMBI;1504;150402;PESERTA DIDIK;JIWA;2022/2023 GENAP;P;SLB;0
6448;15;JAMBI;1504;150402;PESERTA DIDIK;JIWA;2022/2023 GANJIL;L;TK;350
6449;15;JAMBI;1504;150402;PESERTA DIDIK;JIWA;2022/2023 GANJIL;L;KB;394
6450;15;JAMBI;1504;150402;PESERTA DIDIK;JIWA;2022/2023 GANJIL;L;TPA;15
6451;15;JAMBI;1504;150402;PESERTA DIDIK;JIWA;2022/2023 GANJIL;L;SPS;121
6452;15;JAMBI;1504;150402;PESERTA DIDIK;JIWA;2022/2023 GANJIL;L;PKBM;846
6453;15;JAMBI;1504;150402;PESERTA DIDIK;JIWA;2022/2023 GANJIL;L;SKB;0
6454;15;JAMBI;1504;150402;PESERTA DIDIK;JIWA;2022/2023 GANJIL;L;SD;2,026
6455;15;JAMBI;1504;150402;PESERTA DIDIK;JIWA;2022/2023 GANJIL;L;SMP;610
6456;15;JAMBI;1504;150402;PESERTA DIDIK;JIWA;2022/2023 GANJIL;L;SMA;313
6457;15;JAMBI;1504;150402;PESERTA DIDIK;JIWA;2022/2023 GANJIL;L;SMK;0
6458;15;JAMBI;1504;150402;PESERTA DIDIK;JIWA;2022/2023 GANJIL;L;SLB;0
6459;15;JAMBI;1504;150402;PESERTA DIDIK;JIWA;2022/2023 GANJIL;P;TK;325
6460;15;JAMBI;1504;150402;PESERTA DIDIK;JIWA;2022/2023 GANJIL;P;KB;355
6461;15;JAMBI;1504;150402;PESERTA DIDIK;JIWA;2022/2023 GANJIL;P;TPA;21
6462;15;JAMBI;1504;150402;PESERTA DIDIK;JIWA;2022/2023 GANJIL;P;SPS;128
6463;15;JAMBI;1504;150402;PESERTA DIDIK;JIWA;2022/2023 GANJIL;P;PKBM;849
6464;15;JAMBI;1504;150402;PESERTA DIDIK;JIWA;2022/2023 GANJIL;P;SKB;0
6465;15;JAMBI;1504;150402;PESERTA DIDIK;JIWA;2022/2023 GANJIL;P;SD;1,917
6466;15;JAMBI;1504;150402;PESERTA DIDIK;JIWA;2022/2023 GANJIL;P;SMP;629
6467;15;JAMBI;1504;150402;PESERTA DIDIK;JIWA;2022/2023 GANJIL;P;SMA;388
6468;15;JAMBI;1504;150402;PESERTA DIDIK;JIWA;2022/2023 GANJIL;P;SMK;0
6469;15;JAMBI;1504;150402;PESERTA DIDIK;JIWA;2022/2023 GANJIL;P;SLB;0
6470;15;JAMBI;1508;150808;PESERTA DIDIK;JIWA;2022/2023 GENAP;L;TK;3
6471;15;JAMBI;1508;150808;PESERTA DIDIK;JIWA;2022/2023 GENAP;L;KB;221
6472;15;JAMBI;1508;150808;PESERTA DIDIK;JIWA;2022/2023 GENAP;L;TPA;0
6473;15;JAMBI;1508;150808;PESERTA DIDIK;JIWA;2022/2023 GENAP;L;SPS;32
6474;15;JAMBI;1508;150808;PESERTA DIDIK;JIWA;2022/2023 GENAP;L;PKBM;270
6475;15;JAMBI;1508;150808;PESERTA DIDIK;JIWA;2022/2023 GENAP;L;SKB;0
6476;15;JAMBI;1508;150808;PESERTA DIDIK;JIWA;2022/2023 GENAP;L;SD;692
6477;15;JAMBI;1508;150808;PESERTA DIDIK;JIWA;2022/2023 GENAP;L;SMP;86
6478;15;JAMBI;1508;150808;PESERTA DIDIK;JIWA;2022/2023 GENAP;L;SMA;31
6479;15;JAMBI;1508;150808;PESERTA DIDIK;JIWA;2022/2023 GENAP;L;SMK;125
6480;15;JAMBI;1508;150808;PESERTA DIDIK;JIWA;2022/2023 GENAP;L;SLB;0
6481;15;JAMBI;1508;150808;PESERTA DIDIK;JIWA;2022/2023 GENAP;P;TK;13
6482;15;JAMBI;1508;150808;PESERTA DIDIK;JIWA;2022/2023 GENAP;P;KB;246
6483;15;JAMBI;1508;150808;PESERTA DIDIK;JIWA;2022/2023 GENAP;P;TPA;0
6484;15;JAMBI;1508;150808;PESERTA DIDIK;JIWA;2022/2023 GENAP;P;SPS;23
6485;15;JAMBI;1508;150808;PESERTA DIDIK;JIWA;2022/2023 GENAP;P;PKBM;211
6486;15;JAMBI;1508;150808;PESERTA DIDIK;JIWA;2022/2023 GENAP;P;SKB;0
6487;15;JAMBI;1508;150808;PESERTA DIDIK;JIWA;2022/2023 GENAP;P;SD;695
6488;15;JAMBI;1508;150808;PESERTA DIDIK;JIWA;2022/2023 GENAP;P;SMP;82
6489;15;JAMBI;1508;150808;PESERTA DIDIK;JIWA;2022/2023 GENAP;P;SMA;34
6490;15;JAMBI;1508;150808;PESERTA DIDIK;JIWA;2022/2023 GENAP;P;SMK;19
6491;15;JAMBI;1508;150808;PESERTA DIDIK;JIWA;2022/2023 GENAP;P;SLB;0
6492;15;JAMBI;1508;150808;PESERTA DIDIK;JIWA;2022/2023 GANJIL;L;TK;3
6493;15;JAMBI;1508;150808;PESERTA DIDIK;JIWA;2022/2023 GANJIL;L;KB;222
6494;15;JAMBI;1508;150808;PESERTA DIDIK;JIWA;2022/2023 GANJIL;L;TPA;0
6495;15;JAMBI;1508;150808;PESERTA DIDIK;JIWA;2022/2023 GANJIL;L;SPS;32
6496;15;JAMBI;1508;150808;PESERTA DIDIK;JIWA;2022/2023 GANJIL;L;PKBM;279
6497;15;JAMBI;1508;150808;PESERTA DIDIK;JIWA;2022/2023 GANJIL;L;SKB;0
6498;15;JAMBI;1508;150808;PESERTA DIDIK;JIWA;2022/2023 GANJIL;L;SD;693
6499;15;JAMBI;1508;150808;PESERTA DIDIK;JIWA;2022/2023 GANJIL;L;SMP;84
6500;15;JAMBI;1508;150808;PESERTA DIDIK;JIWA;2022/2023 GANJIL;L;SMA;29
6501;15;JAMBI;1508;150808;PESERTA DIDIK;JIWA;2022/2023 GANJIL;L;SMK;126
6502;15;JAMBI;1508;150808;PESERTA DIDIK;JIWA;2022/2023 GANJIL;L;SLB;0
6503;15;JAMBI;1508;150808;PESERTA DIDIK;JIWA;2022/2023 GANJIL;P;TK;12
6504;15;JAMBI;1508;150808;PESERTA DIDIK;JIWA;2022/2023 GANJIL;P;KB;249
6505;15;JAMBI;1508;150808;PESERTA DIDIK;JIWA;2022/2023 GANJIL;P;TPA;0
6506;15;JAMBI;1508;150808;PESERTA DIDIK;JIWA;2022/2023 GANJIL;P;SPS;23
6507;15;JAMBI;1508;150808;PESERTA DIDIK;JIWA;2022/2023 GANJIL;P;PKBM;224
6508;15;JAMBI;1508;150808;PESERTA DIDIK;JIWA;2022/2023 GANJIL;P;SKB;0
6509;15;JAMBI;1508;150808;PESERTA DIDIK;JIWA;2022/2023 GANJIL;P;SD;690
6510;15;JAMBI;1508;150808;PESERTA DIDIK;JIWA;2022/2023 GANJIL;P;SMP;79
6511;15;JAMBI;1508;150808;PESERTA DIDIK;JIWA;2022/2023 GANJIL;P;SMA;31
6512;15;JAMBI;1508;150808;PESERTA DIDIK;JIWA;2022/2023 GANJIL;P;SMK;19
6513;15;JAMBI;1508;150808;PESERTA DIDIK;JIWA;2022/2023 GANJIL;P;SLB;0
6514;15;JAMBI;1502;150211;PESERTA DIDIK;JIWA;2022/2023 GENAP;L;TK;90
6515;15;JAMBI;1502;150211;PESERTA DIDIK;JIWA;2022/2023 GENAP;L;KB;59
6516;15;JAMBI;1502;150211;PESERTA DIDIK;JIWA;2022/2023 GENAP;L;TPA;0
6517;15;JAMBI;1502;150211;PESERTA DIDIK;JIWA;2022/2023 GENAP;L;SPS;29
6518;15;JAMBI;1502;150211;PESERTA DIDIK;JIWA;2022/2023 GENAP;L;PKBM;410
6519;15;JAMBI;1502;150211;PESERTA DIDIK;JIWA;2022/2023 GENAP;L;SKB;0
6520;15;JAMBI;1502;150211;PESERTA DIDIK;JIWA;2022/2023 GENAP;L;SD;805
6521;15;JAMBI;1502;150211;PESERTA DIDIK;JIWA;2022/2023 GENAP;L;SMP;230
6522;15;JAMBI;1502;150211;PESERTA DIDIK;JIWA;2022/2023 GENAP;L;SMA;435
6523;15;JAMBI;1502;150211;PESERTA DIDIK;JIWA;2022/2023 GENAP;L;SMK;530
6524;15;JAMBI;1502;150211;PESERTA DIDIK;JIWA;2022/2023 GENAP;L;SLB;0
6525;15;JAMBI;1502;150211;PESERTA DIDIK;JIWA;2022/2023 GENAP;P;TK;99
6526;15;JAMBI;1502;150211;PESERTA DIDIK;JIWA;2022/2023 GENAP;P;KB;44
6527;15;JAMBI;1502;150211;PESERTA DIDIK;JIWA;2022/2023 GENAP;P;TPA;0
6528;15;JAMBI;1502;150211;PESERTA DIDIK;JIWA;2022/2023 GENAP;P;SPS;29
6529;15;JAMBI;1502;150211;PESERTA DIDIK;JIWA;2022/2023 GENAP;P;PKBM;207
6530;15;JAMBI;1502;150211;PESERTA DIDIK;JIWA;2022/2023 GENAP;P;SKB;0
6531;15;JAMBI;1502;150211;PESERTA DIDIK;JIWA;2022/2023 GENAP;P;SD;777
6532;15;JAMBI;1502;150211;PESERTA DIDIK;JIWA;2022/2023 GENAP;P;SMP;214
6533;15;JAMBI;1502;150211;PESERTA DIDIK;JIWA;2022/2023 GENAP;P;SMA;534
6534;15;JAMBI;1502;150211;PESERTA DIDIK;JIWA;2022/2023 GENAP;P;SMK;120
6535;15;JAMBI;1502;150211;PESERTA DIDIK;JIWA;2022/2023 GENAP;P;SLB;0
6536;15;JAMBI;1502;150211;PESERTA DIDIK;JIWA;2022/2023 GANJIL;L;TK;89
6537;15;JAMBI;1502;150211;PESERTA DIDIK;JIWA;2022/2023 GANJIL;L;KB;59
6538;15;JAMBI;1502;150211;PESERTA DIDIK;JIWA;2022/2023 GANJIL;L;TPA;0
6539;15;JAMBI;1502;150211;PESERTA DIDIK;JIWA;2022/2023 GANJIL;L;SPS;29
6540;15;JAMBI;1502;150211;PESERTA DIDIK;JIWA;2022/2023 GANJIL;L;PKBM;370
6541;15;JAMBI;1502;150211;PESERTA DIDIK;JIWA;2022/2023 GANJIL;L;SKB;0
6542;15;JAMBI;1502;150211;PESERTA DIDIK;JIWA;2022/2023 GANJIL;L;SD;809
6543;15;JAMBI;1502;150211;PESERTA DIDIK;JIWA;2022/2023 GANJIL;L;SMP;226
6544;15;JAMBI;1502;150211;PESERTA DIDIK;JIWA;2022/2023 GANJIL;L;SMA;438
6545;15;JAMBI;1502;150211;PESERTA DIDIK;JIWA;2022/2023 GANJIL;L;SMK;542
6546;15;JAMBI;1502;150211;PESERTA DIDIK;JIWA;2022/2023 GANJIL;L;SLB;0
6547;15;JAMBI;1502;150211;PESERTA DIDIK;JIWA;2022/2023 GANJIL;P;TK;98
6548;15;JAMBI;1502;150211;PESERTA DIDIK;JIWA;2022/2023 GANJIL;P;KB;42
6549;15;JAMBI;1502;150211;PESERTA DIDIK;JIWA;2022/2023 GANJIL;P;TPA;0
6550;15;JAMBI;1502;150211;PESERTA DIDIK;JIWA;2022/2023 GANJIL;P;SPS;29
6551;15;JAMBI;1502;150211;PESERTA DIDIK;JIWA;2022/2023 GANJIL;P;PKBM;192
6552;15;JAMBI;1502;150211;PESERTA DIDIK;JIWA;2022/2023 GANJIL;P;SKB;0
6553;15;JAMBI;1502;150211;PESERTA DIDIK;JIWA;2022/2023 GANJIL;P;SD;779
6554;15;JAMBI;1502;150211;PESERTA DIDIK;JIWA;2022/2023 GANJIL;P;SMP;208
6555;15;JAMBI;1502;150211;PESERTA DIDIK;JIWA;2022/2023 GANJIL;P;SMA;533
6556;15;JAMBI;1502;150211;PESERTA DIDIK;JIWA;2022/2023 GANJIL;P;SMK;121
6557;15;JAMBI;1502;150211;PESERTA DIDIK;JIWA;2022/2023 GANJIL;P;SLB;0
6558;15;JAMBI;1507;150702;PESERTA DIDIK;JIWA;2022/2023 GENAP;L;TK;110
6559;15;JAMBI;1507;150702;PESERTA DIDIK;JIWA;2022/2023 GENAP;L;KB;326
6560;15;JAMBI;1507;150702;PESERTA DIDIK;JIWA;2022/2023 GENAP;L;TPA;0
6561;15;JAMBI;1507;150702;PESERTA DIDIK;JIWA;2022/2023 GENAP;L;SPS;12
6562;15;JAMBI;1507;150702;PESERTA DIDIK;JIWA;2022/2023 GENAP;L;PKBM;53
6563;15;JAMBI;1507;150702;PESERTA DIDIK;JIWA;2022/2023 GENAP;L;SKB;0
6564;15;JAMBI;1507;150702;PESERTA DIDIK;JIWA;2022/2023 GENAP;L;SD;1.379
6565;15;JAMBI;1507;150702;PESERTA DIDIK;JIWA;2022/2023 GENAP;L;SMP;357
6566;15;JAMBI;1507;150702;PESERTA DIDIK;JIWA;2022/2023 GENAP;L;SMA;204
6567;15;JAMBI;1507;150702;PESERTA DIDIK;JIWA;2022/2023 GENAP;L;SMK;96
6568;15;JAMBI;1507;150702;PESERTA DIDIK;JIWA;2022/2023 GENAP;L;SLB;0
6569;15;JAMBI;1507;150702;PESERTA DIDIK;JIWA;2022/2023 GENAP;P;TK;116
6570;15;JAMBI;1507;150702;PESERTA DIDIK;JIWA;2022/2023 GENAP;P;KB;314
6571;15;JAMBI;1507;150702;PESERTA DIDIK;JIWA;2022/2023 GENAP;P;TPA;0
6572;15;JAMBI;1507;150702;PESERTA DIDIK;JIWA;2022/2023 GENAP;P;SPS;4
6573;15;JAMBI;1507;150702;PESERTA DIDIK;JIWA;2022/2023 GENAP;P;PKBM;32
6574;15;JAMBI;1507;150702;PESERTA DIDIK;JIWA;2022/2023 GENAP;P;SKB;0
6575;15;JAMBI;1507;150702;PESERTA DIDIK;JIWA;2022/2023 GENAP;P;SD;1.305
6576;15;JAMBI;1507;150702;PESERTA DIDIK;JIWA;2022/2023 GENAP;P;SMP;356
6577;15;JAMBI;1507;150702;PESERTA DIDIK;JIWA;2022/2023 GENAP;P;SMA;212
6578;15;JAMBI;1507;150702;PESERTA DIDIK;JIWA;2022/2023 GENAP;P;SMK;65
6579;15;JAMBI;1507;150702;PESERTA DIDIK;JIWA;2022/2023 GENAP;P;SLB;0
6580;15;JAMBI;1507;150702;PESERTA DIDIK;JIWA;2022/2023 GANJIL;L;TK;115
6581;15;JAMBI;1507;150702;PESERTA DIDIK;JIWA;2022/2023 GANJIL;L;KB;323
6582;15;JAMBI;1507;150702;PESERTA DIDIK;JIWA;2022/2023 GANJIL;L;TPA;0
6583;15;JAMBI;1507;150702;PESERTA DIDIK;JIWA;2022/2023 GANJIL;L;SPS;12
6584;15;JAMBI;1507;150702;PESERTA DIDIK;JIWA;2022/2023 GANJIL;L;PKBM;16
6585;15;JAMBI;1507;150702;PESERTA DIDIK;JIWA;2022/2023 GANJIL;L;SKB;0
6586;15;JAMBI;1507;150702;PESERTA DIDIK;JIWA;2022/2023 GANJIL;L;SD;1391
6587;15;JAMBI;1507;150702;PESERTA DIDIK;JIWA;2022/2023 GANJIL;L;SMP;353
6588;15;JAMBI;1507;150702;PESERTA DIDIK;JIWA;2022/2023 GANJIL;L;SMA;204
6589;15;JAMBI;1507;150702;PESERTA DIDIK;JIWA;2022/2023 GANJIL;L;SMK;94
6590;15;JAMBI;1507;150702;PESERTA DIDIK;JIWA;2022/2023 GANJIL;L;SLB;0
6591;15;JAMBI;1507;150702;PESERTA DIDIK;JIWA;2022/2023 GANJIL;P;TK;119
6592;15;JAMBI;1507;150702;PESERTA DIDIK;JIWA;2022/2023 GANJIL;P;KB;309
6593;15;JAMBI;1507;150702;PESERTA DIDIK;JIWA;2022/2023 GANJIL;P;TPA;0
6594;15;JAMBI;1507;150702;PESERTA DIDIK;JIWA;2022/2023 GANJIL;P;SPS;4
6595;15;JAMBI;1507;150702;PESERTA DIDIK;JIWA;2022/2023 GANJIL;P;PKBM;12
6596;15;JAMBI;1507;150702;PESERTA DIDIK;JIWA;2022/2023 GANJIL;P;SKB;0
6597;15;JAMBI;1507;150702;PESERTA DIDIK;JIWA;2022/2023 GANJIL;P;SD;1298
6598;15;JAMBI;1507;150702;PESERTA DIDIK;JIWA;2022/2023 GANJIL;P;SMP;353
6599;15;JAMBI;1507;150702;PESERTA DIDIK;JIWA;2022/2023 GANJIL;P;SMA;214
6600;15;JAMBI;1507;150702;PESERTA DIDIK;JIWA;2022/2023 GANJIL;P;SMK;65
6601;15;JAMBI;1507;150702;PESERTA DIDIK;JIWA;2022/2023 GANJIL;P;SLB;0
6602;15;JAMBI;1571;157111;PESERTA DIDIK;JIWA;2022/2023 GENAP;L;TK;440
6603;15;JAMBI;1571;157111;PESERTA DIDIK;JIWA;2022/2023 GENAP;L;KB;411
6604;15;JAMBI;1571;157111;PESERTA DIDIK;JIWA;2022/2023 GENAP;L;TPA;0
6605;15;JAMBI;1571;157111;PESERTA DIDIK;JIWA;2022/2023 GENAP;L;SPS;21
6606;15;JAMBI;1571;157111;PESERTA DIDIK;JIWA;2022/2023 GENAP;L;PKBM;341
6607;15;JAMBI;1571;157111;PESERTA DIDIK;JIWA;2022/2023 GENAP;L;SKB;0
6608;15;JAMBI;1571;157111;PESERTA DIDIK;JIWA;2022/2023 GENAP;L;SD;3.305
6609;15;JAMBI;1571;157111;PESERTA DIDIK;JIWA;2022/2023 GENAP;L;SMP;1.497
6610;15;JAMBI;1571;157111;PESERTA DIDIK;JIWA;2022/2023 GENAP;L;SMA;869
6611;15;JAMBI;1571;157111;PESERTA DIDIK;JIWA;2022/2023 GENAP;L;SMK;1.636
6612;15;JAMBI;1571;157111;PESERTA DIDIK;JIWA;2022/2023 GENAP;L;SLB;0
6613;15;JAMBI;1571;157111;PESERTA DIDIK;JIWA;2022/2023 GENAP;P;TK;421
6614;15;JAMBI;1571;157111;PESERTA DIDIK;JIWA;2022/2023 GENAP;P;KB;391
6615;15;JAMBI;1571;157111;PESERTA DIDIK;JIWA;2022/2023 GENAP;P;TPA;0
6616;15;JAMBI;1571;157111;PESERTA DIDIK;JIWA;2022/2023 GENAP;P;SPS;15
6617;15;JAMBI;1571;157111;PESERTA DIDIK;JIWA;2022/2023 GENAP;P;PKBM;178
6618;15;JAMBI;1571;157111;PESERTA DIDIK;JIWA;2022/2023 GENAP;P;SKB;0
6619;15;JAMBI;1571;157111;PESERTA DIDIK;JIWA;2022/2023 GENAP;P;SD;3.194
6620;15;JAMBI;1571;157111;PESERTA DIDIK;JIWA;2022/2023 GENAP;P;SMP;1.387
6621;15;JAMBI;1571;157111;PESERTA DIDIK;JIWA;2022/2023 GENAP;P;SMA;970
6622;15;JAMBI;1571;157111;PESERTA DIDIK;JIWA;2022/2023 GENAP;P;SMK;1.372
6623;15;JAMBI;1571;157111;PESERTA DIDIK;JIWA;2022/2023 GENAP;P;SLB;0
6624;15;JAMBI;1571;157111;PESERTA DIDIK;JIWA;2022/2023 GANJIL;L;TK;431
6625;15;JAMBI;1571;157111;PESERTA DIDIK;JIWA;2022/2023 GANJIL;L;KB;399
6626;15;JAMBI;1571;157111;PESERTA DIDIK;JIWA;2022/2023 GANJIL;L;TPA;0
6627;15;JAMBI;1571;157111;PESERTA DIDIK;JIWA;2022/2023 GANJIL;L;SPS;21
6628;15;JAMBI;1571;157111;PESERTA DIDIK;JIWA;2022/2023 GANJIL;L;PKBM;349
6629;15;JAMBI;1571;157111;PESERTA DIDIK;JIWA;2022/2023 GANJIL;L;SKB;0
6630;15;JAMBI;1571;157111;PESERTA DIDIK;JIWA;2022/2023 GANJIL;L;SD;3,096
6631;15;JAMBI;1571;157111;PESERTA DIDIK;JIWA;2022/2023 GANJIL;L;SMP;1,148
6632;15;JAMBI;1571;157111;PESERTA DIDIK;JIWA;2022/2023 GANJIL;L;SMA;878
6633;15;JAMBI;1571;157111;PESERTA DIDIK;JIWA;2022/2023 GANJIL;L;SMK;1,658
6634;15;JAMBI;1571;157111;PESERTA DIDIK;JIWA;2022/2023 GANJIL;L;SLB;0
6635;15;JAMBI;1571;157111;PESERTA DIDIK;JIWA;2022/2023 GANJIL;P;TK;415
6636;15;JAMBI;1571;157111;PESERTA DIDIK;JIWA;2022/2023 GANJIL;P;KB;377
6637;15;JAMBI;1571;157111;PESERTA DIDIK;JIWA;2022/2023 GANJIL;P;TPA;0
6638;15;JAMBI;1571;157111;PESERTA DIDIK;JIWA;2022/2023 GANJIL;P;SPS;15
6639;15;JAMBI;1571;157111;PESERTA DIDIK;JIWA;2022/2023 GANJIL;P;PKBM;189
6640;15;JAMBI;1571;157111;PESERTA DIDIK;JIWA;2022/2023 GANJIL;P;SKB;0
6641;15;JAMBI;1571;157111;PESERTA DIDIK;JIWA;2022/2023 GANJIL;P;SD;3,004
6642;15;JAMBI;1571;157111;PESERTA DIDIK;JIWA;2022/2023 GANJIL;P;SMP;1,039
6643;15;JAMBI;1571;157111;PESERTA DIDIK;JIWA;2022/2023 GANJIL;P;SMA;978
6644;15;JAMBI;1571;157111;PESERTA DIDIK;JIWA;2022/2023 GANJIL;P;SMK;1,383
6645;15;JAMBI;1571;157111;PESERTA DIDIK;JIWA;2022/2023 GANJIL;P;SLB;0
6646;15;JAMBI;1502;150206;PESERTA DIDIK;JIWA;2022/2023 GENAP;L;TK;221
6647;15;JAMBI;1502;150206;PESERTA DIDIK;JIWA;2022/2023 GENAP;L;KB;284
6648;15;JAMBI;1502;150206;PESERTA DIDIK;JIWA;2022/2023 GENAP;L;TPA;0
6649;15;JAMBI;1502;150206;PESERTA DIDIK;JIWA;2022/2023 GENAP;L;SPS;20
6650;15;JAMBI;1502;150206;PESERTA DIDIK;JIWA;2022/2023 GENAP;L;PKBM;338
6651;15;JAMBI;1502;150206;PESERTA DIDIK;JIWA;2022/2023 GENAP;L;SKB;0
6652;15;JAMBI;1502;150206;PESERTA DIDIK;JIWA;2022/2023 GENAP;L;SD;1.952
6653;15;JAMBI;1502;150206;PESERTA DIDIK;JIWA;2022/2023 GENAP;L;SMP;395
6654;15;JAMBI;1502;150206;PESERTA DIDIK;JIWA;2022/2023 GENAP;L;SMA;223
6655;15;JAMBI;1502;150206;PESERTA DIDIK;JIWA;2022/2023 GENAP;L;SMK;392
6656;15;JAMBI;1502;150206;PESERTA DIDIK;JIWA;2022/2023 GENAP;L;SLB;0
6657;15;JAMBI;1502;150206;PESERTA DIDIK;JIWA;2022/2023 GENAP;P;TK;196
6658;15;JAMBI;1502;150206;PESERTA DIDIK;JIWA;2022/2023 GENAP;P;KB;233
6659;15;JAMBI;1502;150206;PESERTA DIDIK;JIWA;2022/2023 GENAP;P;TPA;0
6660;15;JAMBI;1502;150206;PESERTA DIDIK;JIWA;2022/2023 GENAP;P;SPS;15
6661;15;JAMBI;1502;150206;PESERTA DIDIK;JIWA;2022/2023 GENAP;P;PKBM;194
6662;15;JAMBI;1502;150206;PESERTA DIDIK;JIWA;2022/2023 GENAP;P;SKB;0
6663;15;JAMBI;1502;150206;PESERTA DIDIK;JIWA;2022/2023 GENAP;P;SD;1.781
6664;15;JAMBI;1502;150206;PESERTA DIDIK;JIWA;2022/2023 GENAP;P;SMP;389
6665;15;JAMBI;1502;150206;PESERTA DIDIK;JIWA;2022/2023 GENAP;P;SMA;313
6666;15;JAMBI;1502;150206;PESERTA DIDIK;JIWA;2022/2023 GENAP;P;SMK;234
6667;15;JAMBI;1502;150206;PESERTA DIDIK;JIWA;2022/2023 GENAP;P;SLB;0
6668;15;JAMBI;1502;150206;PESERTA DIDIK;JIWA;2022/2023 GANJIL;L;TK;219
6669;15;JAMBI;1502;150206;PESERTA DIDIK;JIWA;2022/2023 GANJIL;L;KB;283
6670;15;JAMBI;1502;150206;PESERTA DIDIK;JIWA;2022/2023 GANJIL;L;TPA;0
6671;15;JAMBI;1502;150206;PESERTA DIDIK;JIWA;2022/2023 GANJIL;L;SPS;20
6672;15;JAMBI;1502;150206;PESERTA DIDIK;JIWA;2022/2023 GANJIL;L;PKBM;332
6673;15;JAMBI;1502;150206;PESERTA DIDIK;JIWA;2022/2023 GANJIL;L;SKB;0
6674;15;JAMBI;1502;150206;PESERTA DIDIK;JIWA;2022/2023 GANJIL;L;SD;1,96
6675;15;JAMBI;1502;150206;PESERTA DIDIK;JIWA;2022/2023 GANJIL;L;SMP;393
6676;15;JAMBI;1502;150206;PESERTA DIDIK;JIWA;2022/2023 GANJIL;L;SMA;227
6677;15;JAMBI;1502;150206;PESERTA DIDIK;JIWA;2022/2023 GANJIL;L;SMK;400
6678;15;JAMBI;1502;150206;PESERTA DIDIK;JIWA;2022/2023 GANJIL;L;SLB;0
6679;15;JAMBI;1502;150206;PESERTA DIDIK;JIWA;2022/2023 GANJIL;P;TK;200
6680;15;JAMBI;1502;150206;PESERTA DIDIK;JIWA;2022/2023 GANJIL;P;KB;232
6681;15;JAMBI;1502;150206;PESERTA DIDIK;JIWA;2022/2023 GANJIL;P;TPA;0
6682;15;JAMBI;1502;150206;PESERTA DIDIK;JIWA;2022/2023 GANJIL;P;SPS;15
6683;15;JAMBI;1502;150206;PESERTA DIDIK;JIWA;2022/2023 GANJIL;P;PKBM;195
6684;15;JAMBI;1502;150206;PESERTA DIDIK;JIWA;2022/2023 GANJIL;P;SKB;0
6685;15;JAMBI;1502;150206;PESERTA DIDIK;JIWA;2022/2023 GANJIL;P;SD;1,78
6686;15;JAMBI;1502;150206;PESERTA DIDIK;JIWA;2022/2023 GANJIL;P;SMP;382
6687;15;JAMBI;1502;150206;PESERTA DIDIK;JIWA;2022/2023 GANJIL;P;SMA;310
6688;15;JAMBI;1502;150206;PESERTA DIDIK;JIWA;2022/2023 GANJIL;P;SMK;233
6689;15;JAMBI;1502;150206;PESERTA DIDIK;JIWA;2022/2023 GANJIL;P;SLB;0
6690;15;JAMBI;1502;150213;PESERTA DIDIK;JIWA;2022/2023 GENAP;L;TK;142
6691;15;JAMBI;1502;150213;PESERTA DIDIK;JIWA;2022/2023 GENAP;L;KB;58
6692;15;JAMBI;1502;150213;PESERTA DIDIK;JIWA;2022/2023 GENAP;L;TPA;0
6693;15;JAMBI;1502;150213;PESERTA DIDIK;JIWA;2022/2023 GENAP;L;SPS;51
6694;15;JAMBI;1502;150213;PESERTA DIDIK;JIWA;2022/2023 GENAP;L;PKBM;102
6695;15;JAMBI;1502;150213;PESERTA DIDIK;JIWA;2022/2023 GENAP;L;SKB;0
6696;15;JAMBI;1502;150213;PESERTA DIDIK;JIWA;2022/2023 GENAP;L;SD;1054
6697;15;JAMBI;1502;150213;PESERTA DIDIK;JIWA;2022/2023 GENAP;L;SMP;140
6698;15;JAMBI;1502;150213;PESERTA DIDIK;JIWA;2022/2023 GENAP;L;SMA;581
6699;15;JAMBI;1502;150213;PESERTA DIDIK;JIWA;2022/2023 GENAP;L;SMK;81
6700;15;JAMBI;1502;150213;PESERTA DIDIK;JIWA;2022/2023 GENAP;L;SLB;16
6701;15;JAMBI;1502;150213;PESERTA DIDIK;JIWA;2022/2023 GENAP;P;TK;132
6702;15;JAMBI;1502;150213;PESERTA DIDIK;JIWA;2022/2023 GENAP;P;KB;63
6703;15;JAMBI;1502;150213;PESERTA DIDIK;JIWA;2022/2023 GENAP;P;TPA;0
6704;15;JAMBI;1502;150213;PESERTA DIDIK;JIWA;2022/2023 GENAP;P;SPS;44
6705;15;JAMBI;1502;150213;PESERTA DIDIK;JIWA;2022/2023 GENAP;P;PKBM;123
6706;15;JAMBI;1502;150213;PESERTA DIDIK;JIWA;2022/2023 GENAP;P;SKB;0
6707;15;JAMBI;1502;150213;PESERTA DIDIK;JIWA;2022/2023 GENAP;P;SD;923
6708;15;JAMBI;1502;150213;PESERTA DIDIK;JIWA;2022/2023 GENAP;P;SMP;144
6709;15;JAMBI;1502;150213;PESERTA DIDIK;JIWA;2022/2023 GENAP;P;SMA;491
6710;15;JAMBI;1502;150213;PESERTA DIDIK;JIWA;2022/2023 GENAP;P;SMK;29
6711;15;JAMBI;1502;150213;PESERTA DIDIK;JIWA;2022/2023 GENAP;P;SLB;12
6712;15;JAMBI;1502;150213;PESERTA DIDIK;JIWA;2022/2023 GANJIL;L;TK;151
6713;15;JAMBI;1502;150213;PESERTA DIDIK;JIWA;2022/2023 GANJIL;L;KB;59
6714;15;JAMBI;1502;150213;PESERTA DIDIK;JIWA;2022/2023 GANJIL;L;TPA;0
6715;15;JAMBI;1502;150213;PESERTA DIDIK;JIWA;2022/2023 GANJIL;L;SPS;51
6716;15;JAMBI;1502;150213;PESERTA DIDIK;JIWA;2022/2023 GANJIL;L;PKBM;102
6717;15;JAMBI;1502;150213;PESERTA DIDIK;JIWA;2022/2023 GANJIL;L;SKB;0
6718;15;JAMBI;1502;150213;PESERTA DIDIK;JIWA;2022/2023 GANJIL;L;SD;1,04
6719;15;JAMBI;1502;150213;PESERTA DIDIK;JIWA;2022/2023 GANJIL;L;SMP;143
6720;15;JAMBI;1502;150213;PESERTA DIDIK;JIWA;2022/2023 GANJIL;L;SMA;583
6721;15;JAMBI;1502;150213;PESERTA DIDIK;JIWA;2022/2023 GANJIL;L;SMK;84
6722;15;JAMBI;1502;150213;PESERTA DIDIK;JIWA;2022/2023 GANJIL;L;SLB;14
6723;15;JAMBI;1502;150213;PESERTA DIDIK;JIWA;2022/2023 GANJIL;P;TK;135
6724;15;JAMBI;1502;150213;PESERTA DIDIK;JIWA;2022/2023 GANJIL;P;KB;63
6725;15;JAMBI;1502;150213;PESERTA DIDIK;JIWA;2022/2023 GANJIL;P;TPA;0
6726;15;JAMBI;1502;150213;PESERTA DIDIK;JIWA;2022/2023 GANJIL;P;SPS;44
6727;15;JAMBI;1502;150213;PESERTA DIDIK;JIWA;2022/2023 GANJIL;P;PKBM;123
6728;15;JAMBI;1502;150213;PESERTA DIDIK;JIWA;2022/2023 GANJIL;P;SKB;0
6729;15;JAMBI;1502;150213;PESERTA DIDIK;JIWA;2022/2023 GANJIL;P;SD;907
6730;15;JAMBI;1502;150213;PESERTA DIDIK;JIWA;2022/2023 GANJIL;P;SMP;139
6731;15;JAMBI;1502;150213;PESERTA DIDIK;JIWA;2022/2023 GANJIL;P;SMA;489
6732;15;JAMBI;1502;150213;PESERTA DIDIK;JIWA;2022/2023 GANJIL;P;SMK;29
6733;15;JAMBI;1502;150213;PESERTA DIDIK;JIWA;2022/2023 GANJIL;P;SLB;10
6734;15;JAMBI;1502;150220;PESERTA DIDIK;JIWA;2022/2023 GENAP;L;TK;64
6735;15;JAMBI;1502;150220;PESERTA DIDIK;JIWA;2022/2023 GENAP;L;KB;45
6736;15;JAMBI;1502;150220;PESERTA DIDIK;JIWA;2022/2023 GENAP;L;TPA;0
6737;15;JAMBI;1502;150220;PESERTA DIDIK;JIWA;2022/2023 GENAP;L;SPS;0
6738;15;JAMBI;1502;150220;PESERTA DIDIK;JIWA;2022/2023 GENAP;L;PKBM;0
6739;15;JAMBI;1502;150220;PESERTA DIDIK;JIWA;2022/2023 GENAP;L;SKB;0
6740;15;JAMBI;1502;150220;PESERTA DIDIK;JIWA;2022/2023 GENAP;L;SD;725
6741;15;JAMBI;1502;150220;PESERTA DIDIK;JIWA;2022/2023 GENAP;L;SMP;262
6742;15;JAMBI;1502;150220;PESERTA DIDIK;JIWA;2022/2023 GENAP;L;SMA;12
6743;15;JAMBI;1502;150220;PESERTA DIDIK;JIWA;2022/2023 GENAP;L;SMK;101
6744;15;JAMBI;1502;150220;PESERTA DIDIK;JIWA;2022/2023 GENAP;L;SLB;0
6745;15;JAMBI;1502;150220;PESERTA DIDIK;JIWA;2022/2023 GENAP;P;TK;64
6746;15;JAMBI;1502;150220;PESERTA DIDIK;JIWA;2022/2023 GENAP;P;KB;43
6747;15;JAMBI;1502;150220;PESERTA DIDIK;JIWA;2022/2023 GENAP;P;TPA;0
6748;15;JAMBI;1502;150220;PESERTA DIDIK;JIWA;2022/2023 GENAP;P;SPS;0
6749;15;JAMBI;1502;150220;PESERTA DIDIK;JIWA;2022/2023 GENAP;P;PKBM;0
6750;15;JAMBI;1502;150220;PESERTA DIDIK;JIWA;2022/2023 GENAP;P;SKB;0
6751;15;JAMBI;1502;150220;PESERTA DIDIK;JIWA;2022/2023 GENAP;P;SD;671
6752;15;JAMBI;1502;150220;PESERTA DIDIK;JIWA;2022/2023 GENAP;P;SMP;273
6753;15;JAMBI;1502;150220;PESERTA DIDIK;JIWA;2022/2023 GENAP;P;SMA;17
6754;15;JAMBI;1502;150220;PESERTA DIDIK;JIWA;2022/2023 GENAP;P;SMK;167
6755;15;JAMBI;1502;150220;PESERTA DIDIK;JIWA;2022/2023 GENAP;P;SLB;0
6756;15;JAMBI;1502;150220;PESERTA DIDIK;JIWA;2022/2023 GANJIL;L;TK;63
6757;15;JAMBI;1502;150220;PESERTA DIDIK;JIWA;2022/2023 GANJIL;L;KB;44
6758;15;JAMBI;1502;150220;PESERTA DIDIK;JIWA;2022/2023 GANJIL;L;TPA;0
6759;15;JAMBI;1502;150220;PESERTA DIDIK;JIWA;2022/2023 GANJIL;L;SPS;0
6760;15;JAMBI;1502;150220;PESERTA DIDIK;JIWA;2022/2023 GANJIL;L;PKBM;0
6761;15;JAMBI;1502;150220;PESERTA DIDIK;JIWA;2022/2023 GANJIL;L;SKB;0
6762;15;JAMBI;1502;150220;PESERTA DIDIK;JIWA;2022/2023 GANJIL;L;SD;719
6763;15;JAMBI;1502;150220;PESERTA DIDIK;JIWA;2022/2023 GANJIL;L;SMP;274
6764;15;JAMBI;1502;150220;PESERTA DIDIK;JIWA;2022/2023 GANJIL;L;SMA;0
6765;15;JAMBI;1502;150220;PESERTA DIDIK;JIWA;2022/2023 GANJIL;L;SMK;107
6766;15;JAMBI;1502;150220;PESERTA DIDIK;JIWA;2022/2023 GANJIL;L;SLB;0
6767;15;JAMBI;1502;150220;PESERTA DIDIK;JIWA;2022/2023 GANJIL;P;TK;64
6768;15;JAMBI;1502;150220;PESERTA DIDIK;JIWA;2022/2023 GANJIL;P;KB;42
6769;15;JAMBI;1502;150220;PESERTA DIDIK;JIWA;2022/2023 GANJIL;P;TPA;0
6770;15;JAMBI;1502;150220;PESERTA DIDIK;JIWA;2022/2023 GANJIL;P;SPS;0
6771;15;JAMBI;1502;150220;PESERTA DIDIK;JIWA;2022/2023 GANJIL;P;PKBM;0
6772;15;JAMBI;1502;150220;PESERTA DIDIK;JIWA;2022/2023 GANJIL;P;SKB;0
6773;15;JAMBI;1502;150220;PESERTA DIDIK;JIWA;2022/2023 GANJIL;P;SD;669
6774;15;JAMBI;1502;150220;PESERTA DIDIK;JIWA;2022/2023 GANJIL;P;SMP;273
6775;15;JAMBI;1502;150220;PESERTA DIDIK;JIWA;2022/2023 GANJIL;P;SMA;0
6776;15;JAMBI;1502;150220;PESERTA DIDIK;JIWA;2022/2023 GANJIL;P;SMK;150
6777;15;JAMBI;1502;150220;PESERTA DIDIK;JIWA;2022/2023 GANJIL;P;SLB;0
6778;15;JAMBI;1502;150217;PESERTA DIDIK;JIWA;2022/2023 GENAP;L;TK;174
6779;15;JAMBI;1502;150217;PESERTA DIDIK;JIWA;2022/2023 GENAP;L;KB;148
6780;15;JAMBI;1502;150217;PESERTA DIDIK;JIWA;2022/2023 GENAP;L;TPA;0
6781;15;JAMBI;1502;150217;PESERTA DIDIK;JIWA;2022/2023 GENAP;L;SPS;52
6782;15;JAMBI;1502;150217;PESERTA DIDIK;JIWA;2022/2023 GENAP;L;PKBM;130
6783;15;JAMBI;1502;150217;PESERTA DIDIK;JIWA;2022/2023 GENAP;L;SKB;0
6784;15;JAMBI;1502;150217;PESERTA DIDIK;JIWA;2022/2023 GENAP;L;SD;467
6785;15;JAMBI;1502;150217;PESERTA DIDIK;JIWA;2022/2023 GENAP;L;SMP;22
6786;15;JAMBI;1502;150217;PESERTA DIDIK;JIWA;2022/2023 GENAP;L;SMA;0
6787;15;JAMBI;1502;150217;PESERTA DIDIK;JIWA;2022/2023 GENAP;L;SMK;157
6788;15;JAMBI;1502;150217;PESERTA DIDIK;JIWA;2022/2023 GENAP;L;SLB;0
6789;15;JAMBI;1502;150217;PESERTA DIDIK;JIWA;2022/2023 GENAP;P;TK;210
6790;15;JAMBI;1502;150217;PESERTA DIDIK;JIWA;2022/2023 GENAP;P;KB;144
6791;15;JAMBI;1502;150217;PESERTA DIDIK;JIWA;2022/2023 GENAP;P;TPA;0
6792;15;JAMBI;1502;150217;PESERTA DIDIK;JIWA;2022/2023 GENAP;P;SPS;43
6793;15;JAMBI;1502;150217;PESERTA DIDIK;JIWA;2022/2023 GENAP;P;PKBM;49
6794;15;JAMBI;1502;150217;PESERTA DIDIK;JIWA;2022/2023 GENAP;P;SKB;0
6795;15;JAMBI;1502;150217;PESERTA DIDIK;JIWA;2022/2023 GENAP;P;SD;402
6796;15;JAMBI;1502;150217;PESERTA DIDIK;JIWA;2022/2023 GENAP;P;SMP;20
6797;15;JAMBI;1502;150217;PESERTA DIDIK;JIWA;2022/2023 GENAP;P;SMA;0
6798;15;JAMBI;1502;150217;PESERTA DIDIK;JIWA;2022/2023 GENAP;P;SMK;88
6799;15;JAMBI;1502;150217;PESERTA DIDIK;JIWA;2022/2023 GENAP;P;SLB;0
6800;15;JAMBI;1502;150217;PESERTA DIDIK;JIWA;2022/2023 GANJIL;L;TK;176
6801;15;JAMBI;1502;150217;PESERTA DIDIK;JIWA;2022/2023 GANJIL;L;KB;148
6802;15;JAMBI;1502;150217;PESERTA DIDIK;JIWA;2022/2023 GANJIL;L;TPA;0
6803;15;JAMBI;1502;150217;PESERTA DIDIK;JIWA;2022/2023 GANJIL;L;SPS;52
6804;15;JAMBI;1502;150217;PESERTA DIDIK;JIWA;2022/2023 GANJIL;L;PKBM;128
6805;15;JAMBI;1502;150217;PESERTA DIDIK;JIWA;2022/2023 GANJIL;L;SKB;0
6806;15;JAMBI;1502;150217;PESERTA DIDIK;JIWA;2022/2023 GANJIL;L;SD;454
6807;15;JAMBI;1502;150217;PESERTA DIDIK;JIWA;2022/2023 GANJIL;L;SMP;19
6808;15;JAMBI;1502;150217;PESERTA DIDIK;JIWA;2022/2023 GANJIL;L;SMA;0
6809;15;JAMBI;1502;150217;PESERTA DIDIK;JIWA;2022/2023 GANJIL;L;SMK;159
6810;15;JAMBI;1502;150217;PESERTA DIDIK;JIWA;2022/2023 GANJIL;L;SLB;0
6811;15;JAMBI;1502;150217;PESERTA DIDIK;JIWA;2022/2023 GANJIL;P;TK;208
6812;15;JAMBI;1502;150217;PESERTA DIDIK;JIWA;2022/2023 GANJIL;P;KB;145
6813;15;JAMBI;1502;150217;PESERTA DIDIK;JIWA;2022/2023 GANJIL;P;TPA;0
6814;15;JAMBI;1502;150217;PESERTA DIDIK;JIWA;2022/2023 GANJIL;P;SPS;43
6815;15;JAMBI;1502;150217;PESERTA DIDIK;JIWA;2022/2023 GANJIL;P;PKBM;47
6816;15;JAMBI;1502;150217;PESERTA DIDIK;JIWA;2022/2023 GANJIL;P;SKB;0
6817;15;JAMBI;1502;150217;PESERTA DIDIK;JIWA;2022/2023 GANJIL;P;SD;392
6818;15;JAMBI;1502;150217;PESERTA DIDIK;JIWA;2022/2023 GANJIL;P;SMP;20
6819;15;JAMBI;1502;150217;PESERTA DIDIK;JIWA;2022/2023 GANJIL;P;SMA;0
6820;15;JAMBI;1502;150217;PESERTA DIDIK;JIWA;2022/2023 GANJIL;P;SMK;86
6821;15;JAMBI;1502;150217;PESERTA DIDIK;JIWA;2022/2023 GANJIL;P;SLB;0
6822;15;JAMBI;1571;157104;PESERTA DIDIK;JIWA;2022/2023 GENAP;L;TK;85
6823;15;JAMBI;1571;157104;PESERTA DIDIK;JIWA;2022/2023 GENAP;L;KB;83
6824;15;JAMBI;1571;157104;PESERTA DIDIK;JIWA;2022/2023 GENAP;L;TPA;0
6825;15;JAMBI;1571;157104;PESERTA DIDIK;JIWA;2022/2023 GENAP;L;SPS;7
6826;15;JAMBI;1571;157104;PESERTA DIDIK;JIWA;2022/2023 GENAP;L;PKBM;0
6827;15;JAMBI;1571;157104;PESERTA DIDIK;JIWA;2022/2023 GENAP;L;SKB;0
6828;15;JAMBI;1571;157104;PESERTA DIDIK;JIWA;2022/2023 GENAP;L;SD;496
6829;15;JAMBI;1571;157104;PESERTA DIDIK;JIWA;2022/2023 GENAP;L;SMP;792
6830;15;JAMBI;1571;157104;PESERTA DIDIK;JIWA;2022/2023 GENAP;L;SMA;0
6831;15;JAMBI;1571;157104;PESERTA DIDIK;JIWA;2022/2023 GENAP;L;SMK;37
6832;15;JAMBI;1571;157104;PESERTA DIDIK;JIWA;2022/2023 GENAP;L;SLB;0
6833;15;JAMBI;1571;157104;PESERTA DIDIK;JIWA;2022/2023 GENAP;P;TK;69
6834;15;JAMBI;1571;157104;PESERTA DIDIK;JIWA;2022/2023 GENAP;P;KB;90
6835;15;JAMBI;1571;157104;PESERTA DIDIK;JIWA;2022/2023 GENAP;P;TPA;0
6836;15;JAMBI;1571;157104;PESERTA DIDIK;JIWA;2022/2023 GENAP;P;SPS;13
6837;15;JAMBI;1571;157104;PESERTA DIDIK;JIWA;2022/2023 GENAP;P;PKBM;0
6838;15;JAMBI;1571;157104;PESERTA DIDIK;JIWA;2022/2023 GENAP;P;SKB;0
6839;15;JAMBI;1571;157104;PESERTA DIDIK;JIWA;2022/2023 GENAP;P;SD;461
6840;15;JAMBI;1571;157104;PESERTA DIDIK;JIWA;2022/2023 GENAP;P;SMP;924
6841;15;JAMBI;1571;157104;PESERTA DIDIK;JIWA;2022/2023 GENAP;P;SMA;0
6842;15;JAMBI;1571;157104;PESERTA DIDIK;JIWA;2022/2023 GENAP;P;SMK;2
6843;15;JAMBI;1571;157104;PESERTA DIDIK;JIWA;2022/2023 GENAP;P;SLB;0
6844;15;JAMBI;1571;157104;PESERTA DIDIK;JIWA;2022/2023 GANJIL;L;TK;81
6845;15;JAMBI;1571;157104;PESERTA DIDIK;JIWA;2022/2023 GANJIL;L;KB;91
6846;15;JAMBI;1571;157104;PESERTA DIDIK;JIWA;2022/2023 GANJIL;L;TPA;0
6847;15;JAMBI;1571;157104;PESERTA DIDIK;JIWA;2022/2023 GANJIL;L;SPS;7
6848;15;JAMBI;1571;157104;PESERTA DIDIK;JIWA;2022/2023 GANJIL;L;PKBM;0
6849;15;JAMBI;1571;157104;PESERTA DIDIK;JIWA;2022/2023 GANJIL;L;SKB;0
6850;15;JAMBI;1571;157104;PESERTA DIDIK;JIWA;2022/2023 GANJIL;L;SD;505
6851;15;JAMBI;1571;157104;PESERTA DIDIK;JIWA;2022/2023 GANJIL;L;SMP;798
6852;15;JAMBI;1571;157104;PESERTA DIDIK;JIWA;2022/2023 GANJIL;L;SMA;0
6853;15;JAMBI;1571;157104;PESERTA DIDIK;JIWA;2022/2023 GANJIL;L;SMK;35
6854;15;JAMBI;1571;157104;PESERTA DIDIK;JIWA;2022/2023 GANJIL;L;SLB;0
6855;15;JAMBI;1571;157104;PESERTA DIDIK;JIWA;2022/2023 GANJIL;P;TK;64
6856;15;JAMBI;1571;157104;PESERTA DIDIK;JIWA;2022/2023 GANJIL;P;KB;101
6857;15;JAMBI;1571;157104;PESERTA DIDIK;JIWA;2022/2023 GANJIL;P;TPA;0
6858;15;JAMBI;1571;157104;PESERTA DIDIK;JIWA;2022/2023 GANJIL;P;SPS;13
6859;15;JAMBI;1571;157104;PESERTA DIDIK;JIWA;2022/2023 GANJIL;P;PKBM;0
6860;15;JAMBI;1571;157104;PESERTA DIDIK;JIWA;2022/2023 GANJIL;P;SKB;0
6861;15;JAMBI;1571;157104;PESERTA DIDIK;JIWA;2022/2023 GANJIL;P;SD;459
6862;15;JAMBI;1571;157104;PESERTA DIDIK;JIWA;2022/2023 GANJIL;P;SMP;917
6863;15;JAMBI;1571;157104;PESERTA DIDIK;JIWA;2022/2023 GANJIL;P;SMA;0
6864;15;JAMBI;1571;157104;PESERTA DIDIK;JIWA;2022/2023 GANJIL;P;SMK;2
6865;15;JAMBI;1571;157104;PESERTA DIDIK;JIWA;2022/2023 GANJIL;P;SLB;0
6866;15;JAMBI;1508;150803;PESERTA DIDIK;JIWA;2022/2023 GENAP;L;TK;218
6867;15;JAMBI;1508;150803;PESERTA DIDIK;JIWA;2022/2023 GENAP;L;KB;30
6868;15;JAMBI;1508;150803;PESERTA DIDIK;JIWA;2022/2023 GENAP;L;TPA;0
6869;15;JAMBI;1508;150803;PESERTA DIDIK;JIWA;2022/2023 GENAP;L;SPS;0
6870;15;JAMBI;1508;150803;PESERTA DIDIK;JIWA;2022/2023 GENAP;L;PKBM;0
6871;15;JAMBI;1508;150803;PESERTA DIDIK;JIWA;2022/2023 GENAP;L;SKB;0
6872;15;JAMBI;1508;150803;PESERTA DIDIK;JIWA;2022/2023 GENAP;L;SD;1.016
6873;15;JAMBI;1508;150803;PESERTA DIDIK;JIWA;2022/2023 GENAP;L;SMP;688
6874;15;JAMBI;1508;150803;PESERTA DIDIK;JIWA;2022/2023 GENAP;L;SMA;0
6875;15;JAMBI;1508;150803;PESERTA DIDIK;JIWA;2022/2023 GENAP;L;SMK;0
6876;15;JAMBI;1508;150803;PESERTA DIDIK;JIWA;2022/2023 GENAP;L;SLB;0
6877;15;JAMBI;1508;150803;PESERTA DIDIK;JIWA;2022/2023 GENAP;P;TK;189
6878;15;JAMBI;1508;150803;PESERTA DIDIK;JIWA;2022/2023 GENAP;P;KB;31
6879;15;JAMBI;1508;150803;PESERTA DIDIK;JIWA;2022/2023 GENAP;P;TPA;0
6880;15;JAMBI;1508;150803;PESERTA DIDIK;JIWA;2022/2023 GENAP;P;SPS;0
6881;15;JAMBI;1508;150803;PESERTA DIDIK;JIWA;2022/2023 GENAP;P;PKBM;0
6882;15;JAMBI;1508;150803;PESERTA DIDIK;JIWA;2022/2023 GENAP;P;SKB;0
6883;15;JAMBI;1508;150803;PESERTA DIDIK;JIWA;2022/2023 GENAP;P;SD;949
6884;15;JAMBI;1508;150803;PESERTA DIDIK;JIWA;2022/2023 GENAP;P;SMP;781
6885;15;JAMBI;1508;150803;PESERTA DIDIK;JIWA;2022/2023 GENAP;P;SMA;0
6886;15;JAMBI;1508;150803;PESERTA DIDIK;JIWA;2022/2023 GENAP;P;SMK;0
6887;15;JAMBI;1508;150803;PESERTA DIDIK;JIWA;2022/2023 GENAP;P;SLB;0
6888;15;JAMBI;1508;150803;PESERTA DIDIK;JIWA;2022/2023 GANJIL;L;TK;218
6889;15;JAMBI;1508;150803;PESERTA DIDIK;JIWA;2022/2023 GANJIL;L;KB;30
6890;15;JAMBI;1508;150803;PESERTA DIDIK;JIWA;2022/2023 GANJIL;L;TPA;0
6891;15;JAMBI;1508;150803;PESERTA DIDIK;JIWA;2022/2023 GANJIL;L;SPS;0
6892;15;JAMBI;1508;150803;PESERTA DIDIK;JIWA;2022/2023 GANJIL;L;PKBM;0
6893;15;JAMBI;1508;150803;PESERTA DIDIK;JIWA;2022/2023 GANJIL;L;SKB;0
6894;15;JAMBI;1508;150803;PESERTA DIDIK;JIWA;2022/2023 GANJIL;L;SD;1,016
6895;15;JAMBI;1508;150803;PESERTA DIDIK;JIWA;2022/2023 GANJIL;L;SMP;679
6896;15;JAMBI;1508;150803;PESERTA DIDIK;JIWA;2022/2023 GANJIL;L;SMA;0
6897;15;JAMBI;1508;150803;PESERTA DIDIK;JIWA;2022/2023 GANJIL;L;SMK;0
6898;15;JAMBI;1508;150803;PESERTA DIDIK;JIWA;2022/2023 GANJIL;L;SLB;0
6899;15;JAMBI;1508;150803;PESERTA DIDIK;JIWA;2022/2023 GANJIL;P;TK;190
6900;15;JAMBI;1508;150803;PESERTA DIDIK;JIWA;2022/2023 GANJIL;P;KB;33
6901;15;JAMBI;1508;150803;PESERTA DIDIK;JIWA;2022/2023 GANJIL;P;TPA;0
6902;15;JAMBI;1508;150803;PESERTA DIDIK;JIWA;2022/2023 GANJIL;P;SPS;0
6903;15;JAMBI;1508;150803;PESERTA DIDIK;JIWA;2022/2023 GANJIL;P;PKBM;0
6904;15;JAMBI;1508;150803;PESERTA DIDIK;JIWA;2022/2023 GANJIL;P;SKB;0
6905;15;JAMBI;1508;150803;PESERTA DIDIK;JIWA;2022/2023 GANJIL;P;SD;947
6906;15;JAMBI;1508;150803;PESERTA DIDIK;JIWA;2022/2023 GANJIL;P;SMP;770
6907;15;JAMBI;1508;150803;PESERTA DIDIK;JIWA;2022/2023 GANJIL;P;SMA;0
6908;15;JAMBI;1508;150803;PESERTA DIDIK;JIWA;2022/2023 GANJIL;P;SMK;0
6909;15;JAMBI;1508;150803;PESERTA DIDIK;JIWA;2022/2023 GANJIL;P;SLB;0
6910;15;JAMBI;1503;150304;PESERTA DIDIK;JIWA;2022/2023 GENAP;L;TK;290
6911;15;JAMBI;1503;150304;PESERTA DIDIK;JIWA;2022/2023 GENAP;L;KB;521
6912;15;JAMBI;1503;150304;PESERTA DIDIK;JIWA;2022/2023 GENAP;L;TPA;0
6913;15;JAMBI;1503;150304;PESERTA DIDIK;JIWA;2022/2023 GENAP;L;SPS;25
6914;15;JAMBI;1503;150304;PESERTA DIDIK;JIWA;2022/2023 GENAP;L;PKBM;152
6915;15;JAMBI;1503;150304;PESERTA DIDIK;JIWA;2022/2023 GENAP;L;SKB;0
6916;15;JAMBI;1503;150304;PESERTA DIDIK;JIWA;2022/2023 GENAP;L;SD;1.505
6917;15;JAMBI;1503;150304;PESERTA DIDIK;JIWA;2022/2023 GENAP;L;SMP;476
6918;15;JAMBI;1503;150304;PESERTA DIDIK;JIWA;2022/2023 GENAP;L;SMA;193
6919;15;JAMBI;1503;150304;PESERTA DIDIK;JIWA;2022/2023 GENAP;L;SMK;219
6920;15;JAMBI;1503;150304;PESERTA DIDIK;JIWA;2022/2023 GENAP;L;SLB;0
6921;15;JAMBI;1503;150304;PESERTA DIDIK;JIWA;2022/2023 GENAP;P;TK;283
6922;15;JAMBI;1503;150304;PESERTA DIDIK;JIWA;2022/2023 GENAP;P;KB;537
6923;15;JAMBI;1503;150304;PESERTA DIDIK;JIWA;2022/2023 GENAP;P;TPA;0
6924;15;JAMBI;1503;150304;PESERTA DIDIK;JIWA;2022/2023 GENAP;P;SPS;36
6925;15;JAMBI;1503;150304;PESERTA DIDIK;JIWA;2022/2023 GENAP;P;PKBM;88
6926;15;JAMBI;1503;150304;PESERTA DIDIK;JIWA;2022/2023 GENAP;P;SKB;0
6927;15;JAMBI;1503;150304;PESERTA DIDIK;JIWA;2022/2023 GENAP;P;SD;1.362
6928;15;JAMBI;1503;150304;PESERTA DIDIK;JIWA;2022/2023 GENAP;P;SMP;543
6929;15;JAMBI;1503;150304;PESERTA DIDIK;JIWA;2022/2023 GENAP;P;SMA;240
6930;15;JAMBI;1503;150304;PESERTA DIDIK;JIWA;2022/2023 GENAP;P;SMK;171
6931;15;JAMBI;1503;150304;PESERTA DIDIK;JIWA;2022/2023 GENAP;P;SLB;0
6932;15;JAMBI;1503;150304;PESERTA DIDIK;JIWA;2022/2023 GANJIL;L;TK;306
6933;15;JAMBI;1503;150304;PESERTA DIDIK;JIWA;2022/2023 GANJIL;L;KB;520
6934;15;JAMBI;1503;150304;PESERTA DIDIK;JIWA;2022/2023 GANJIL;L;TPA;0
6935;15;JAMBI;1503;150304;PESERTA DIDIK;JIWA;2022/2023 GANJIL;L;SPS;25
6936;15;JAMBI;1503;150304;PESERTA DIDIK;JIWA;2022/2023 GANJIL;L;PKBM;151
6937;15;JAMBI;1503;150304;PESERTA DIDIK;JIWA;2022/2023 GANJIL;L;SKB;0
6938;15;JAMBI;1503;150304;PESERTA DIDIK;JIWA;2022/2023 GANJIL;L;SD;1497
6939;15;JAMBI;1503;150304;PESERTA DIDIK;JIWA;2022/2023 GANJIL;L;SMP;480
6940;15;JAMBI;1503;150304;PESERTA DIDIK;JIWA;2022/2023 GANJIL;L;SMA;197
6941;15;JAMBI;1503;150304;PESERTA DIDIK;JIWA;2022/2023 GANJIL;L;SMK;216
6942;15;JAMBI;1503;150304;PESERTA DIDIK;JIWA;2022/2023 GANJIL;L;SLB;0
6943;15;JAMBI;1503;150304;PESERTA DIDIK;JIWA;2022/2023 GANJIL;P;TK;303
6944;15;JAMBI;1503;150304;PESERTA DIDIK;JIWA;2022/2023 GANJIL;P;KB;542
6945;15;JAMBI;1503;150304;PESERTA DIDIK;JIWA;2022/2023 GANJIL;P;TPA;0
6946;15;JAMBI;1503;150304;PESERTA DIDIK;JIWA;2022/2023 GANJIL;P;SPS;36
6947;15;JAMBI;1503;150304;PESERTA DIDIK;JIWA;2022/2023 GANJIL;P;PKBM;88
6948;15;JAMBI;1503;150304;PESERTA DIDIK;JIWA;2022/2023 GANJIL;P;SKB;0
6949;15;JAMBI;1503;150304;PESERTA DIDIK;JIWA;2022/2023 GANJIL;P;SD;1357
6950;15;JAMBI;1503;150304;PESERTA DIDIK;JIWA;2022/2023 GANJIL;P;SMP;536
6951;15;JAMBI;1503;150304;PESERTA DIDIK;JIWA;2022/2023 GANJIL;P;SMA;247
6952;15;JAMBI;1503;150304;PESERTA DIDIK;JIWA;2022/2023 GANJIL;P;SMK;170
6953;15;JAMBI;1503;150304;PESERTA DIDIK;JIWA;2022/2023 GANJIL;P;SLB;0
6954;15;JAMBI;1503;150305;PESERTA DIDIK;JIWA;2022/2023 GENAP;L;TK;308
6955;15;JAMBI;1503;150305;PESERTA DIDIK;JIWA;2022/2023 GENAP;L;KB;193
6956;15;JAMBI;1503;150305;PESERTA DIDIK;JIWA;2022/2023 GENAP;L;TPA;0
6957;15;JAMBI;1503;150305;PESERTA DIDIK;JIWA;2022/2023 GENAP;L;SPS;0
6958;15;JAMBI;1503;150305;PESERTA DIDIK;JIWA;2022/2023 GENAP;L;PKBM;184
6959;15;JAMBI;1503;150305;PESERTA DIDIK;JIWA;2022/2023 GENAP;L;SKB;0
6960;15;JAMBI;1503;150305;PESERTA DIDIK;JIWA;2022/2023 GENAP;L;SD;1.704
6961;15;JAMBI;1503;150305;PESERTA DIDIK;JIWA;2022/2023 GENAP;L;SMP;363
6962;15;JAMBI;1503;150305;PESERTA DIDIK;JIWA;2022/2023 GENAP;L;SMA;134
6963;15;JAMBI;1503;150305;PESERTA DIDIK;JIWA;2022/2023 GENAP;L;SMK;265
6964;15;JAMBI;1503;150305;PESERTA DIDIK;JIWA;2022/2023 GENAP;L;SLB;0
6965;15;JAMBI;1503;150305;PESERTA DIDIK;JIWA;2022/2023 GENAP;P;TK;292
6966;15;JAMBI;1503;150305;PESERTA DIDIK;JIWA;2022/2023 GENAP;P;KB;228
6967;15;JAMBI;1503;150305;PESERTA DIDIK;JIWA;2022/2023 GENAP;P;TPA;0
6968;15;JAMBI;1503;150305;PESERTA DIDIK;JIWA;2022/2023 GENAP;P;SPS;0
6969;15;JAMBI;1503;150305;PESERTA DIDIK;JIWA;2022/2023 GENAP;P;PKBM;126
6970;15;JAMBI;1503;150305;PESERTA DIDIK;JIWA;2022/2023 GENAP;P;SKB;0
6971;15;JAMBI;1503;150305;PESERTA DIDIK;JIWA;2022/2023 GENAP;P;SD;1.593
6972;15;JAMBI;1503;150305;PESERTA DIDIK;JIWA;2022/2023 GENAP;P;SMP;388
6973;15;JAMBI;1503;150305;PESERTA DIDIK;JIWA;2022/2023 GENAP;P;SMA;170
6974;15;JAMBI;1503;150305;PESERTA DIDIK;JIWA;2022/2023 GENAP;P;SMK;278
6975;15;JAMBI;1503;150305;PESERTA DIDIK;JIWA;2022/2023 GENAP;P;SLB;0
6976;15;JAMBI;1503;150305;PESERTA DIDIK;JIWA;2022/2023 GANJIL;L;TK;293
6977;15;JAMBI;1503;150305;PESERTA DIDIK;JIWA;2022/2023 GANJIL;L;KB;206
6978;15;JAMBI;1503;150305;PESERTA DIDIK;JIWA;2022/2023 GANJIL;L;TPA;0
6979;15;JAMBI;1503;150305;PESERTA DIDIK;JIWA;2022/2023 GANJIL;L;SPS;0
6980;15;JAMBI;1503;150305;PESERTA DIDIK;JIWA;2022/2023 GANJIL;L;PKBM;178
6981;15;JAMBI;1503;150305;PESERTA DIDIK;JIWA;2022/2023 GANJIL;L;SKB;0
6982;15;JAMBI;1503;150305;PESERTA DIDIK;JIWA;2022/2023 GANJIL;L;SD;1717
6983;15;JAMBI;1503;150305;PESERTA DIDIK;JIWA;2022/2023 GANJIL;L;SMP;354
6984;15;JAMBI;1503;150305;PESERTA DIDIK;JIWA;2022/2023 GANJIL;L;SMA;132
6985;15;JAMBI;1503;150305;PESERTA DIDIK;JIWA;2022/2023 GANJIL;L;SMK;265
6986;15;JAMBI;1503;150305;PESERTA DIDIK;JIWA;2022/2023 GANJIL;L;SLB;0
6987;15;JAMBI;1503;150305;PESERTA DIDIK;JIWA;2022/2023 GANJIL;P;TK;285
6988;15;JAMBI;1503;150305;PESERTA DIDIK;JIWA;2022/2023 GANJIL;P;KB;224
6989;15;JAMBI;1503;150305;PESERTA DIDIK;JIWA;2022/2023 GANJIL;P;TPA;0
6990;15;JAMBI;1503;150305;PESERTA DIDIK;JIWA;2022/2023 GANJIL;P;SPS;0
6991;15;JAMBI;1503;150305;PESERTA DIDIK;JIWA;2022/2023 GANJIL;P;PKBM;114
6992;15;JAMBI;1503;150305;PESERTA DIDIK;JIWA;2022/2023 GANJIL;P;SKB;0
6993;15;JAMBI;1503;150305;PESERTA DIDIK;JIWA;2022/2023 GANJIL;P;SD;1600
6994;15;JAMBI;1503;150305;PESERTA DIDIK;JIWA;2022/2023 GANJIL;P;SMP;387
6995;15;JAMBI;1503;150305;PESERTA DIDIK;JIWA;2022/2023 GANJIL;P;SMA;168
6996;15;JAMBI;1503;150305;PESERTA DIDIK;JIWA;2022/2023 GANJIL;P;SMK;282
6997;15;JAMBI;1503;150305;PESERTA DIDIK;JIWA;2022/2023 GANJIL;P;SLB;0
6998;15;JAMBI;1571;157105;PESERTA DIDIK;JIWA;2022/2023 GENAP;L;TK;47
6999;15;JAMBI;1571;157105;PESERTA DIDIK;JIWA;2022/2023 GENAP;L;KB;81
7000;15;JAMBI;1571;157105;PESERTA DIDIK;JIWA;2022/2023 GENAP;L;TPA;0
7001;15;JAMBI;1571;157105;PESERTA DIDIK;JIWA;2022/2023 GENAP;L;SPS;13
7002;15;JAMBI;1571;157105;PESERTA DIDIK;JIWA;2022/2023 GENAP;L;PKBM;0
7003;15;JAMBI;1571;157105;PESERTA DIDIK;JIWA;2022/2023 GENAP;L;SKB;0
7004;15;JAMBI;1571;157105;PESERTA DIDIK;JIWA;2022/2023 GENAP;L;SD;550
7005;15;JAMBI;1571;157105;PESERTA DIDIK;JIWA;2022/2023 GENAP;L;SMP;31
7006;15;JAMBI;1571;157105;PESERTA DIDIK;JIWA;2022/2023 GENAP;L;SMA;0
7007;15;JAMBI;1571;157105;PESERTA DIDIK;JIWA;2022/2023 GENAP;L;SMK;0
7008;15;JAMBI;1571;157105;PESERTA DIDIK;JIWA;2022/2023 GENAP;L;SLB;0
7009;15;JAMBI;1571;157105;PESERTA DIDIK;JIWA;2022/2023 GENAP;P;TK;41
7010;15;JAMBI;1571;157105;PESERTA DIDIK;JIWA;2022/2023 GENAP;P;KB;79
7011;15;JAMBI;1571;157105;PESERTA DIDIK;JIWA;2022/2023 GENAP;P;TPA;0
7012;15;JAMBI;1571;157105;PESERTA DIDIK;JIWA;2022/2023 GENAP;P;SPS;7
7013;15;JAMBI;1571;157105;PESERTA DIDIK;JIWA;2022/2023 GENAP;P;PKBM;0
7014;15;JAMBI;1571;157105;PESERTA DIDIK;JIWA;2022/2023 GENAP;P;SKB;0
7015;15;JAMBI;1571;157105;PESERTA DIDIK;JIWA;2022/2023 GENAP;P;SD;519
7016;15;JAMBI;1571;157105;PESERTA DIDIK;JIWA;2022/2023 GENAP;P;SMP;34
7017;15;JAMBI;1571;157105;PESERTA DIDIK;JIWA;2022/2023 GENAP;P;SMA;0
7018;15;JAMBI;1571;157105;PESERTA DIDIK;JIWA;2022/2023 GENAP;P;SMK;0
7019;15;JAMBI;1571;157105;PESERTA DIDIK;JIWA;2022/2023 GENAP;P;SLB;0
7020;15;JAMBI;1571;157105;PESERTA DIDIK;JIWA;2022/2023 GANJIL;L;TK;48
7021;15;JAMBI;1571;157105;PESERTA DIDIK;JIWA;2022/2023 GANJIL;L;KB;80
7022;15;JAMBI;1571;157105;PESERTA DIDIK;JIWA;2022/2023 GANJIL;L;TPA;0
7023;15;JAMBI;1571;157105;PESERTA DIDIK;JIWA;2022/2023 GANJIL;L;SPS;10
7024;15;JAMBI;1571;157105;PESERTA DIDIK;JIWA;2022/2023 GANJIL;L;PKBM;0
7025;15;JAMBI;1571;157105;PESERTA DIDIK;JIWA;2022/2023 GANJIL;L;SKB;0
7026;15;JAMBI;1571;157105;PESERTA DIDIK;JIWA;2022/2023 GANJIL;L;SD;548
7027;15;JAMBI;1571;157105;PESERTA DIDIK;JIWA;2022/2023 GANJIL;L;SMP;31
7028;15;JAMBI;1571;157105;PESERTA DIDIK;JIWA;2022/2023 GANJIL;L;SMA;0
7029;15;JAMBI;1571;157105;PESERTA DIDIK;JIWA;2022/2023 GANJIL;L;SMK;0
7030;15;JAMBI;1571;157105;PESERTA DIDIK;JIWA;2022/2023 GANJIL;L;SLB;0
7031;15;JAMBI;1571;157105;PESERTA DIDIK;JIWA;2022/2023 GANJIL;P;TK;38
7032;15;JAMBI;1571;157105;PESERTA DIDIK;JIWA;2022/2023 GANJIL;P;KB;72
7033;15;JAMBI;1571;157105;PESERTA DIDIK;JIWA;2022/2023 GANJIL;P;TPA;0
7034;15;JAMBI;1571;157105;PESERTA DIDIK;JIWA;2022/2023 GANJIL;P;SPS;6
7035;15;JAMBI;1571;157105;PESERTA DIDIK;JIWA;2022/2023 GANJIL;P;PKBM;0
7036;15;JAMBI;1571;157105;PESERTA DIDIK;JIWA;2022/2023 GANJIL;P;SKB;0
7037;15;JAMBI;1571;157105;PESERTA DIDIK;JIWA;2022/2023 GANJIL;P;SD;513
7038;15;JAMBI;1571;157105;PESERTA DIDIK;JIWA;2022/2023 GANJIL;P;SMP;34
7039;15;JAMBI;1571;157105;PESERTA DIDIK;JIWA;2022/2023 GANJIL;P;SMA;0
7040;15;JAMBI;1571;157105;PESERTA DIDIK;JIWA;2022/2023 GANJIL;P;SMK;0
7041;15;JAMBI;1571;157105;PESERTA DIDIK;JIWA;2022/2023 GANJIL;P;SLB;0
7042;15;JAMBI;1508;150806;PESERTA DIDIK;JIWA;2022/2023 GENAP;L;TK;258
7043;15;JAMBI;1508;150806;PESERTA DIDIK;JIWA;2022/2023 GENAP;L;KB;220
7044;15;JAMBI;1508;150806;PESERTA DIDIK;JIWA;2022/2023 GENAP;L;TPA;0
7045;15;JAMBI;1508;150806;PESERTA DIDIK;JIWA;2022/2023 GENAP;L;SPS;9
7046;15;JAMBI;1508;150806;PESERTA DIDIK;JIWA;2022/2023 GENAP;L;PKBM;48
7047;15;JAMBI;1508;150806;PESERTA DIDIK;JIWA;2022/2023 GENAP;L;SKB;0
7048;15;JAMBI;1508;150806;PESERTA DIDIK;JIWA;2022/2023 GENAP;L;SD;2.205
7049;15;JAMBI;1508;150806;PESERTA DIDIK;JIWA;2022/2023 GENAP;L;SMP;464
7050;15;JAMBI;1508;150806;PESERTA DIDIK;JIWA;2022/2023 GENAP;L;SMA;58
7051;15;JAMBI;1508;150806;PESERTA DIDIK;JIWA;2022/2023 GENAP;L;SMK;414
7052;15;JAMBI;1508;150806;PESERTA DIDIK;JIWA;2022/2023 GENAP;L;SLB;0
7053;15;JAMBI;1508;150806;PESERTA DIDIK;JIWA;2022/2023 GENAP;P;TK;206
7054;15;JAMBI;1508;150806;PESERTA DIDIK;JIWA;2022/2023 GENAP;P;KB;222
7055;15;JAMBI;1508;150806;PESERTA DIDIK;JIWA;2022/2023 GENAP;P;TPA;0
7056;15;JAMBI;1508;150806;PESERTA DIDIK;JIWA;2022/2023 GENAP;P;SPS;11
7057;15;JAMBI;1508;150806;PESERTA DIDIK;JIWA;2022/2023 GENAP;P;PKBM;83
7058;15;JAMBI;1508;150806;PESERTA DIDIK;JIWA;2022/2023 GENAP;P;SKB;0
7059;15;JAMBI;1508;150806;PESERTA DIDIK;JIWA;2022/2023 GENAP;P;SD;1.999
7060;15;JAMBI;1508;150806;PESERTA DIDIK;JIWA;2022/2023 GENAP;P;SMP;512
7061;15;JAMBI;1508;150806;PESERTA DIDIK;JIWA;2022/2023 GENAP;P;SMA;94
7062;15;JAMBI;1508;150806;PESERTA DIDIK;JIWA;2022/2023 GENAP;P;SMK;392
7063;15;JAMBI;1508;150806;PESERTA DIDIK;JIWA;2022/2023 GENAP;P;SLB;0
7064;15;JAMBI;1508;150806;PESERTA DIDIK;JIWA;2022/2023 GANJIL;L;TK;259
7065;15;JAMBI;1508;150806;PESERTA DIDIK;JIWA;2022/2023 GANJIL;L;KB;210
7066;15;JAMBI;1508;150806;PESERTA DIDIK;JIWA;2022/2023 GANJIL;L;TPA;0
7067;15;JAMBI;1508;150806;PESERTA DIDIK;JIWA;2022/2023 GANJIL;L;SPS;9
7068;15;JAMBI;1508;150806;PESERTA DIDIK;JIWA;2022/2023 GANJIL;L;PKBM;48
7069;15;JAMBI;1508;150806;PESERTA DIDIK;JIWA;2022/2023 GANJIL;L;SKB;0
7070;15;JAMBI;1508;150806;PESERTA DIDIK;JIWA;2022/2023 GANJIL;L;SD;2,227
7071;15;JAMBI;1508;150806;PESERTA DIDIK;JIWA;2022/2023 GANJIL;L;SMP;469
7072;15;JAMBI;1508;150806;PESERTA DIDIK;JIWA;2022/2023 GANJIL;L;SMA;57
7073;15;JAMBI;1508;150806;PESERTA DIDIK;JIWA;2022/2023 GANJIL;L;SMK;423
7074;15;JAMBI;1508;150806;PESERTA DIDIK;JIWA;2022/2023 GANJIL;L;SLB;0
7075;15;JAMBI;1508;150806;PESERTA DIDIK;JIWA;2022/2023 GANJIL;P;TK;206
7076;15;JAMBI;1508;150806;PESERTA DIDIK;JIWA;2022/2023 GANJIL;P;KB;213
7077;15;JAMBI;1508;150806;PESERTA DIDIK;JIWA;2022/2023 GANJIL;P;TPA;0
7078;15;JAMBI;1508;150806;PESERTA DIDIK;JIWA;2022/2023 GANJIL;P;SPS;8
7079;15;JAMBI;1508;150806;PESERTA DIDIK;JIWA;2022/2023 GANJIL;P;PKBM;83
7080;15;JAMBI;1508;150806;PESERTA DIDIK;JIWA;2022/2023 GANJIL;P;SKB;0
7081;15;JAMBI;1508;150806;PESERTA DIDIK;JIWA;2022/2023 GANJIL;P;SD;2,011
7082;15;JAMBI;1508;150806;PESERTA DIDIK;JIWA;2022/2023 GANJIL;P;SMP;515
7083;15;JAMBI;1508;150806;PESERTA DIDIK;JIWA;2022/2023 GANJIL;P;SMA;91
7084;15;JAMBI;1508;150806;PESERTA DIDIK;JIWA;2022/2023 GANJIL;P;SMK;395
7085;15;JAMBI;1508;150806;PESERTA DIDIK;JIWA;2022/2023 GANJIL;P;SLB;0
7086;15;JAMBI;1508;150809;PESERTA DIDIK;JIWA;2022/2023 GENAP;L;TK;390
7087;15;JAMBI;1508;150809;PESERTA DIDIK;JIWA;2022/2023 GENAP;L;KB;350
7088;15;JAMBI;1508;150809;PESERTA DIDIK;JIWA;2022/2023 GENAP;L;TPA;15
7089;15;JAMBI;1508;150809;PESERTA DIDIK;JIWA;2022/2023 GENAP;L;SPS;6
7090;15;JAMBI;1508;150809;PESERTA DIDIK;JIWA;2022/2023 GENAP;L;PKBM;200
7091;15;JAMBI;1508;150809;PESERTA DIDIK;JIWA;2022/2023 GENAP;L;SKB;0
7092;15;JAMBI;1508;150809;PESERTA DIDIK;JIWA;2022/2023 GENAP;L;SD;2.769
7093;15;JAMBI;1508;150809;PESERTA DIDIK;JIWA;2022/2023 GENAP;L;SMP;838
7094;15;JAMBI;1508;150809;PESERTA DIDIK;JIWA;2022/2023 GENAP;L;SMA;355
7095;15;JAMBI;1508;150809;PESERTA DIDIK;JIWA;2022/2023 GENAP;L;SMK;496
7096;15;JAMBI;1508;150809;PESERTA DIDIK;JIWA;2022/2023 GENAP;L;SLB;0
7097;15;JAMBI;1508;150809;PESERTA DIDIK;JIWA;2022/2023 GENAP;P;TK;342
7098;15;JAMBI;1508;150809;PESERTA DIDIK;JIWA;2022/2023 GENAP;P;KB;336
7099;15;JAMBI;1508;150809;PESERTA DIDIK;JIWA;2022/2023 GENAP;P;TPA;7
7100;15;JAMBI;1508;150809;PESERTA DIDIK;JIWA;2022/2023 GENAP;P;SPS;10
7101;15;JAMBI;1508;150809;PESERTA DIDIK;JIWA;2022/2023 GENAP;P;PKBM;137
7102;15;JAMBI;1508;150809;PESERTA DIDIK;JIWA;2022/2023 GENAP;P;SKB;0
7103;15;JAMBI;1508;150809;PESERTA DIDIK;JIWA;2022/2023 GENAP;P;SD;2.624
7104;15;JAMBI;1508;150809;PESERTA DIDIK;JIWA;2022/2023 GENAP;P;SMP;803
7105;15;JAMBI;1508;150809;PESERTA DIDIK;JIWA;2022/2023 GENAP;P;SMA;627
7106;15;JAMBI;1508;150809;PESERTA DIDIK;JIWA;2022/2023 GENAP;P;SMK;307
7107;15;JAMBI;1508;150809;PESERTA DIDIK;JIWA;2022/2023 GENAP;P;SLB;0
7108;15;JAMBI;1508;150809;PESERTA DIDIK;JIWA;2022/2023 GANJIL;L;TK;397
7109;15;JAMBI;1508;150809;PESERTA DIDIK;JIWA;2022/2023 GANJIL;L;KB;347
7110;15;JAMBI;1508;150809;PESERTA DIDIK;JIWA;2022/2023 GANJIL;L;TPA;15
7111;15;JAMBI;1508;150809;PESERTA DIDIK;JIWA;2022/2023 GANJIL;L;SPS;6
7112;15;JAMBI;1508;150809;PESERTA DIDIK;JIWA;2022/2023 GANJIL;L;PKBM;195
7113;15;JAMBI;1508;150809;PESERTA DIDIK;JIWA;2022/2023 GANJIL;L;SKB;0
7114;15;JAMBI;1508;150809;PESERTA DIDIK;JIWA;2022/2023 GANJIL;L;SD;2,793
7115;15;JAMBI;1508;150809;PESERTA DIDIK;JIWA;2022/2023 GANJIL;L;SMP;838
7116;15;JAMBI;1508;150809;PESERTA DIDIK;JIWA;2022/2023 GANJIL;L;SMA;364
7117;15;JAMBI;1508;150809;PESERTA DIDIK;JIWA;2022/2023 GANJIL;L;SMK;497
7118;15;JAMBI;1508;150809;PESERTA DIDIK;JIWA;2022/2023 GANJIL;L;SLB;0
7119;15;JAMBI;1508;150809;PESERTA DIDIK;JIWA;2022/2023 GANJIL;P;TK;344
7120;15;JAMBI;1508;150809;PESERTA DIDIK;JIWA;2022/2023 GANJIL;P;KB;334
7121;15;JAMBI;1508;150809;PESERTA DIDIK;JIWA;2022/2023 GANJIL;P;TPA;7
7122;15;JAMBI;1508;150809;PESERTA DIDIK;JIWA;2022/2023 GANJIL;P;SPS;10
7123;15;JAMBI;1508;150809;PESERTA DIDIK;JIWA;2022/2023 GANJIL;P;PKBM;132
7124;15;JAMBI;1508;150809;PESERTA DIDIK;JIWA;2022/2023 GANJIL;P;SKB;0
7125;15;JAMBI;1508;150809;PESERTA DIDIK;JIWA;2022/2023 GANJIL;P;SD;2,621
7126;15;JAMBI;1508;150809;PESERTA DIDIK;JIWA;2022/2023 GANJIL;P;SMP;799
7127;15;JAMBI;1508;150809;PESERTA DIDIK;JIWA;2022/2023 GANJIL;P;SMA;628
7128;15;JAMBI;1508;150809;PESERTA DIDIK;JIWA;2022/2023 GANJIL;P;SMK;309
7129;15;JAMBI;1508;150809;PESERTA DIDIK;JIWA;2022/2023 GANJIL;P;SLB;0
7130;15;JAMBI;1504;150405;PESERTA DIDIK;JIWA;2022/2023 GENAP;L;TK;382
7131;15;JAMBI;1504;150405;PESERTA DIDIK;JIWA;2022/2023 GENAP;L;KB;262
7132;15;JAMBI;1504;150405;PESERTA DIDIK;JIWA;2022/2023 GENAP;L;TPA;0
7133;15;JAMBI;1504;150405;PESERTA DIDIK;JIWA;2022/2023 GENAP;L;SPS;0
7134;15;JAMBI;1504;150405;PESERTA DIDIK;JIWA;2022/2023 GENAP;L;PKBM;733
7135;15;JAMBI;1504;150405;PESERTA DIDIK;JIWA;2022/2023 GENAP;L;SKB;0
7136;15;JAMBI;1504;150405;PESERTA DIDIK;JIWA;2022/2023 GENAP;L;SD;2.007
7137;15;JAMBI;1504;150405;PESERTA DIDIK;JIWA;2022/2023 GENAP;L;SMP;919
7138;15;JAMBI;1504;150405;PESERTA DIDIK;JIWA;2022/2023 GENAP;L;SMA;377
7139;15;JAMBI;1504;150405;PESERTA DIDIK;JIWA;2022/2023 GENAP;L;SMK;352
7140;15;JAMBI;1504;150405;PESERTA DIDIK;JIWA;2022/2023 GENAP;L;SLB;0
7141;15;JAMBI;1504;150405;PESERTA DIDIK;JIWA;2022/2023 GENAP;P;TK;369
7142;15;JAMBI;1504;150405;PESERTA DIDIK;JIWA;2022/2023 GENAP;P;KB;286
7143;15;JAMBI;1504;150405;PESERTA DIDIK;JIWA;2022/2023 GENAP;P;TPA;0
7144;15;JAMBI;1504;150405;PESERTA DIDIK;JIWA;2022/2023 GENAP;P;SPS;0
7145;15;JAMBI;1504;150405;PESERTA DIDIK;JIWA;2022/2023 GENAP;P;PKBM;524
7146;15;JAMBI;1504;150405;PESERTA DIDIK;JIWA;2022/2023 GENAP;P;SKB;0
7147;15;JAMBI;1504;150405;PESERTA DIDIK;JIWA;2022/2023 GENAP;P;SD;1799
7148;15;JAMBI;1504;150405;PESERTA DIDIK;JIWA;2022/2023 GENAP;P;SMP;969
7149;15;JAMBI;1504;150405;PESERTA DIDIK;JIWA;2022/2023 GENAP;P;SMA;421
7150;15;JAMBI;1504;150405;PESERTA DIDIK;JIWA;2022/2023 GENAP;P;SMK;254
7151;15;JAMBI;1504;150405;PESERTA DIDIK;JIWA;2022/2023 GENAP;P;SLB;0
7152;15;JAMBI;1504;150405;PESERTA DIDIK;JIWA;2022/2023 GANJIL;L;TK;368
7153;15;JAMBI;1504;150405;PESERTA DIDIK;JIWA;2022/2023 GANJIL;L;KB;274
7154;15;JAMBI;1504;150405;PESERTA DIDIK;JIWA;2022/2023 GANJIL;L;TPA;0
7155;15;JAMBI;1504;150405;PESERTA DIDIK;JIWA;2022/2023 GANJIL;L;SPS;0
7156;15;JAMBI;1504;150405;PESERTA DIDIK;JIWA;2022/2023 GANJIL;L;PKBM;685
7157;15;JAMBI;1504;150405;PESERTA DIDIK;JIWA;2022/2023 GANJIL;L;SKB;0
7158;15;JAMBI;1504;150405;PESERTA DIDIK;JIWA;2022/2023 GANJIL;L;SD;2,017
7159;15;JAMBI;1504;150405;PESERTA DIDIK;JIWA;2022/2023 GANJIL;L;SMP;907
7160;15;JAMBI;1504;150405;PESERTA DIDIK;JIWA;2022/2023 GANJIL;L;SMA;404
7161;15;JAMBI;1504;150405;PESERTA DIDIK;JIWA;2022/2023 GANJIL;L;SMK;350
7162;15;JAMBI;1504;150405;PESERTA DIDIK;JIWA;2022/2023 GANJIL;L;SLB;0
7163;15;JAMBI;1504;150405;PESERTA DIDIK;JIWA;2022/2023 GANJIL;P;TK;360
7164;15;JAMBI;1504;150405;PESERTA DIDIK;JIWA;2022/2023 GANJIL;P;KB;288
7165;15;JAMBI;1504;150405;PESERTA DIDIK;JIWA;2022/2023 GANJIL;P;TPA;0
7166;15;JAMBI;1504;150405;PESERTA DIDIK;JIWA;2022/2023 GANJIL;P;SPS;0
7167;15;JAMBI;1504;150405;PESERTA DIDIK;JIWA;2022/2023 GANJIL;P;PKBM;506
7168;15;JAMBI;1504;150405;PESERTA DIDIK;JIWA;2022/2023 GANJIL;P;SKB;0
7169;15;JAMBI;1504;150405;PESERTA DIDIK;JIWA;2022/2023 GANJIL;P;SD;1,792
7170;15;JAMBI;1504;150405;PESERTA DIDIK;JIWA;2022/2023 GANJIL;P;SMP;969
7171;15;JAMBI;1504;150405;PESERTA DIDIK;JIWA;2022/2023 GANJIL;P;SMA;429
7172;15;JAMBI;1504;150405;PESERTA DIDIK;JIWA;2022/2023 GANJIL;P;SMK;250
7173;15;JAMBI;1504;150405;PESERTA DIDIK;JIWA;2022/2023 GANJIL;P;SLB;0
7174;15;JAMBI;1506;150603;PESERTA DIDIK;JIWA;2022/2023 GENAP;L;TK;10
7175;15;JAMBI;1506;150603;PESERTA DIDIK;JIWA;2022/2023 GENAP;L;KB;326
7176;15;JAMBI;1506;150603;PESERTA DIDIK;JIWA;2022/2023 GENAP;L;TPA;0
7177;15;JAMBI;1506;150603;PESERTA DIDIK;JIWA;2022/2023 GENAP;L;SPS;59
7178;15;JAMBI;1506;150603;PESERTA DIDIK;JIWA;2022/2023 GENAP;L;PKBM;225
7179;15;JAMBI;1506;150603;PESERTA DIDIK;JIWA;2022/2023 GENAP;L;SKB;0
7180;15;JAMBI;1506;150603;PESERTA DIDIK;JIWA;2022/2023 GENAP;L;SD;1.261
7181;15;JAMBI;1506;150603;PESERTA DIDIK;JIWA;2022/2023 GENAP;L;SMP;156
7182;15;JAMBI;1506;150603;PESERTA DIDIK;JIWA;2022/2023 GENAP;L;SMA;249
7183;15;JAMBI;1506;150603;PESERTA DIDIK;JIWA;2022/2023 GENAP;L;SMK;94
7184;15;JAMBI;1506;150603;PESERTA DIDIK;JIWA;2022/2023 GENAP;L;SLB;0
7185;15;JAMBI;1506;150603;PESERTA DIDIK;JIWA;2022/2023 GENAP;P;TK;12
7186;15;JAMBI;1506;150603;PESERTA DIDIK;JIWA;2022/2023 GENAP;P;KB;242
7187;15;JAMBI;1506;150603;PESERTA DIDIK;JIWA;2022/2023 GENAP;P;TPA;0
7188;15;JAMBI;1506;150603;PESERTA DIDIK;JIWA;2022/2023 GENAP;P;SPS;39
7189;15;JAMBI;1506;150603;PESERTA DIDIK;JIWA;2022/2023 GENAP;P;PKBM;152
7190;15;JAMBI;1506;150603;PESERTA DIDIK;JIWA;2022/2023 GENAP;P;SKB;0
7191;15;JAMBI;1506;150603;PESERTA DIDIK;JIWA;2022/2023 GENAP;P;SD;1.141
7192;15;JAMBI;1506;150603;PESERTA DIDIK;JIWA;2022/2023 GENAP;P;SMP;136
7193;15;JAMBI;1506;150603;PESERTA DIDIK;JIWA;2022/2023 GENAP;P;SMA;240
7194;15;JAMBI;1506;150603;PESERTA DIDIK;JIWA;2022/2023 GENAP;P;SMK;47
7195;15;JAMBI;1506;150603;PESERTA DIDIK;JIWA;2022/2023 GENAP;P;SLB;0
7196;15;JAMBI;1506;150603;PESERTA DIDIK;JIWA;2022/2023 GANJIL;L;TK;10
7197;15;JAMBI;1506;150603;PESERTA DIDIK;JIWA;2022/2023 GANJIL;L;KB;326
7198;15;JAMBI;1506;150603;PESERTA DIDIK;JIWA;2022/2023 GANJIL;L;TPA;0
7199;15;JAMBI;1506;150603;PESERTA DIDIK;JIWA;2022/2023 GANJIL;L;SPS;59
7200;15;JAMBI;1506;150603;PESERTA DIDIK;JIWA;2022/2023 GANJIL;L;PKBM;237
7201;15;JAMBI;1506;150603;PESERTA DIDIK;JIWA;2022/2023 GANJIL;L;SKB;0
7202;15;JAMBI;1506;150603;PESERTA DIDIK;JIWA;2022/2023 GANJIL;L;SD;1,267
7203;15;JAMBI;1506;150603;PESERTA DIDIK;JIWA;2022/2023 GANJIL;L;SMP;156
7204;15;JAMBI;1506;150603;PESERTA DIDIK;JIWA;2022/2023 GANJIL;L;SMA;259
7205;15;JAMBI;1506;150603;PESERTA DIDIK;JIWA;2022/2023 GANJIL;L;SMK;86
7206;15;JAMBI;1506;150603;PESERTA DIDIK;JIWA;2022/2023 GANJIL;L;SLB;0
7207;15;JAMBI;1506;150603;PESERTA DIDIK;JIWA;2022/2023 GANJIL;P;TK;11
7208;15;JAMBI;1506;150603;PESERTA DIDIK;JIWA;2022/2023 GANJIL;P;KB;242
7209;15;JAMBI;1506;150603;PESERTA DIDIK;JIWA;2022/2023 GANJIL;P;TPA;0
7210;15;JAMBI;1506;150603;PESERTA DIDIK;JIWA;2022/2023 GANJIL;P;SPS;39
7211;15;JAMBI;1506;150603;PESERTA DIDIK;JIWA;2022/2023 GANJIL;P;PKBM;157
7212;15;JAMBI;1506;150603;PESERTA DIDIK;JIWA;2022/2023 GANJIL;P;SKB;0
7213;15;JAMBI;1506;150603;PESERTA DIDIK;JIWA;2022/2023 GANJIL;P;SD;1,14
7214;15;JAMBI;1506;150603;PESERTA DIDIK;JIWA;2022/2023 GANJIL;P;SMP;137
7215;15;JAMBI;1506;150603;PESERTA DIDIK;JIWA;2022/2023 GANJIL;P;SMA;234
7216;15;JAMBI;1506;150603;PESERTA DIDIK;JIWA;2022/2023 GANJIL;P;SMK;45
7217;15;JAMBI;1506;150603;PESERTA DIDIK;JIWA;2022/2023 GANJIL;P;SLB;0
7218;15;JAMBI;1572;157202;PESERTA DIDIK;JIWA;2022/2023 GENAP;L;TK;62
7219;15;JAMBI;1572;157202;PESERTA DIDIK;JIWA;2022/2023 GENAP;L;KB;111
7220;15;JAMBI;1572;157202;PESERTA DIDIK;JIWA;2022/2023 GENAP;L;TPA;19
7221;15;JAMBI;1572;157202;PESERTA DIDIK;JIWA;2022/2023 GENAP;L;SPS;143
7222;15;JAMBI;1572;157202;PESERTA DIDIK;JIWA;2022/2023 GENAP;L;PKBM;96
7223;15;JAMBI;1572;157202;PESERTA DIDIK;JIWA;2022/2023 GENAP;L;SKB;0
7224;15;JAMBI;1572;157202;PESERTA DIDIK;JIWA;2022/2023 GENAP;L;SD;522
7225;15;JAMBI;1572;157202;PESERTA DIDIK;JIWA;2022/2023 GENAP;L;SMP;89
7226;15;JAMBI;1572;157202;PESERTA DIDIK;JIWA;2022/2023 GENAP;L;SMA;0
7227;15;JAMBI;1572;157202;PESERTA DIDIK;JIWA;2022/2023 GENAP;L;SMK;806
7228;15;JAMBI;1572;157202;PESERTA DIDIK;JIWA;2022/2023 GENAP;L;SLB;0
7229;15;JAMBI;1572;157202;PESERTA DIDIK;JIWA;2022/2023 GENAP;P;TK;80
7230;15;JAMBI;1572;157202;PESERTA DIDIK;JIWA;2022/2023 GENAP;P;KB;135
7231;15;JAMBI;1572;157202;PESERTA DIDIK;JIWA;2022/2023 GENAP;P;TPA;10
7232;15;JAMBI;1572;157202;PESERTA DIDIK;JIWA;2022/2023 GENAP;P;SPS;135
7233;15;JAMBI;1572;157202;PESERTA DIDIK;JIWA;2022/2023 GENAP;P;PKBM;44
7234;15;JAMBI;1572;157202;PESERTA DIDIK;JIWA;2022/2023 GENAP;P;SKB;0
7235;15;JAMBI;1572;157202;PESERTA DIDIK;JIWA;2022/2023 GENAP;P;SD;490
7236;15;JAMBI;1572;157202;PESERTA DIDIK;JIWA;2022/2023 GENAP;P;SMP;94
7237;15;JAMBI;1572;157202;PESERTA DIDIK;JIWA;2022/2023 GENAP;P;SMA;0
7238;15;JAMBI;1572;157202;PESERTA DIDIK;JIWA;2022/2023 GENAP;P;SMK;190
7239;15;JAMBI;1572;157202;PESERTA DIDIK;JIWA;2022/2023 GENAP;P;SLB;0
7240;15;JAMBI;1572;157202;PESERTA DIDIK;JIWA;2022/2023 GANJIL;L;TK;62
7241;15;JAMBI;1572;157202;PESERTA DIDIK;JIWA;2022/2023 GANJIL;L;KB;111
7242;15;JAMBI;1572;157202;PESERTA DIDIK;JIWA;2022/2023 GANJIL;L;TPA;19
7243;15;JAMBI;1572;157202;PESERTA DIDIK;JIWA;2022/2023 GANJIL;L;SPS;143
7244;15;JAMBI;1572;157202;PESERTA DIDIK;JIWA;2022/2023 GANJIL;L;PKBM;75
7245;15;JAMBI;1572;157202;PESERTA DIDIK;JIWA;2022/2023 GANJIL;L;SKB;0
7246;15;JAMBI;1572;157202;PESERTA DIDIK;JIWA;2022/2023 GANJIL;L;SD;513
7247;15;JAMBI;1572;157202;PESERTA DIDIK;JIWA;2022/2023 GANJIL;L;SMP;90
7248;15;JAMBI;1572;157202;PESERTA DIDIK;JIWA;2022/2023 GANJIL;L;SMA;0
7249;15;JAMBI;1572;157202;PESERTA DIDIK;JIWA;2022/2023 GANJIL;L;SMK;794
7250;15;JAMBI;1572;157202;PESERTA DIDIK;JIWA;2022/2023 GANJIL;L;SLB;0
7251;15;JAMBI;1572;157202;PESERTA DIDIK;JIWA;2022/2023 GANJIL;P;TK;80
7252;15;JAMBI;1572;157202;PESERTA DIDIK;JIWA;2022/2023 GANJIL;P;KB;134
7253;15;JAMBI;1572;157202;PESERTA DIDIK;JIWA;2022/2023 GANJIL;P;TPA;10
7254;15;JAMBI;1572;157202;PESERTA DIDIK;JIWA;2022/2023 GANJIL;P;SPS;134
7255;15;JAMBI;1572;157202;PESERTA DIDIK;JIWA;2022/2023 GANJIL;P;PKBM;39
7256;15;JAMBI;1572;157202;PESERTA DIDIK;JIWA;2022/2023 GANJIL;P;SKB;0
7257;15;JAMBI;1572;157202;PESERTA DIDIK;JIWA;2022/2023 GANJIL;P;SD;482
7258;15;JAMBI;1572;157202;PESERTA DIDIK;JIWA;2022/2023 GANJIL;P;SMP;91
7259;15;JAMBI;1572;157202;PESERTA DIDIK;JIWA;2022/2023 GANJIL;P;SMA;0
7260;15;JAMBI;1572;157202;PESERTA DIDIK;JIWA;2022/2023 GANJIL;P;SMK;186
7261;15;JAMBI;1572;157202;PESERTA DIDIK;JIWA;2022/2023 GANJIL;P;SLB;0
7262;15;JAMBI;1572;157206;PESERTA DIDIK;JIWA;2022/2023 GENAP;L;TK;176
7263;15;JAMBI;1572;157206;PESERTA DIDIK;JIWA;2022/2023 GENAP;L;KB;118
7264;15;JAMBI;1572;157206;PESERTA DIDIK;JIWA;2022/2023 GENAP;L;TPA;8
7265;15;JAMBI;1572;157206;PESERTA DIDIK;JIWA;2022/2023 GENAP;L;SPS;9
7266;15;JAMBI;1572;157206;PESERTA DIDIK;JIWA;2022/2023 GENAP;L;PKBM;55
7267;15;JAMBI;1572;157206;PESERTA DIDIK;JIWA;2022/2023 GENAP;L;SKB;0
7268;15;JAMBI;1572;157206;PESERTA DIDIK;JIWA;2022/2023 GENAP;L;SD;620
7269;15;JAMBI;1572;157206;PESERTA DIDIK;JIWA;2022/2023 GENAP;L;SMP;217
7270;15;JAMBI;1572;157206;PESERTA DIDIK;JIWA;2022/2023 GENAP;L;SMA;446
7271;15;JAMBI;1572;157206;PESERTA DIDIK;JIWA;2022/2023 GENAP;L;SMK;0
7272;15;JAMBI;1572;157206;PESERTA DIDIK;JIWA;2022/2023 GENAP;L;SLB;0
7273;15;JAMBI;1572;157206;PESERTA DIDIK;JIWA;2022/2023 GENAP;P;TK;150
7274;15;JAMBI;1572;157206;PESERTA DIDIK;JIWA;2022/2023 GENAP;P;KB;116
7275;15;JAMBI;1572;157206;PESERTA DIDIK;JIWA;2022/2023 GENAP;P;TPA;9
7276;15;JAMBI;1572;157206;PESERTA DIDIK;JIWA;2022/2023 GENAP;P;SPS;10
7277;15;JAMBI;1572;157206;PESERTA DIDIK;JIWA;2022/2023 GENAP;P;PKBM;34
7278;15;JAMBI;1572;157206;PESERTA DIDIK;JIWA;2022/2023 GENAP;P;SKB;0
7279;15;JAMBI;1572;157206;PESERTA DIDIK;JIWA;2022/2023 GENAP;P;SD;570
7280;15;JAMBI;1572;157206;PESERTA DIDIK;JIWA;2022/2023 GENAP;P;SMP;177
7281;15;JAMBI;1572;157206;PESERTA DIDIK;JIWA;2022/2023 GENAP;P;SMA;620
7282;15;JAMBI;1572;157206;PESERTA DIDIK;JIWA;2022/2023 GENAP;P;SMK;0
7283;15;JAMBI;1572;157206;PESERTA DIDIK;JIWA;2022/2023 GENAP;P;SLB;0
7284;15;JAMBI;1572;157206;PESERTA DIDIK;JIWA;2022/2023 GANJIL;L;TK;176
7285;15;JAMBI;1572;157206;PESERTA DIDIK;JIWA;2022/2023 GANJIL;L;KB;118
7286;15;JAMBI;1572;157206;PESERTA DIDIK;JIWA;2022/2023 GANJIL;L;TPA;8
7287;15;JAMBI;1572;157206;PESERTA DIDIK;JIWA;2022/2023 GANJIL;L;SPS;9
7288;15;JAMBI;1572;157206;PESERTA DIDIK;JIWA;2022/2023 GANJIL;L;PKBM;55
7289;15;JAMBI;1572;157206;PESERTA DIDIK;JIWA;2022/2023 GANJIL;L;SKB;0
7290;15;JAMBI;1572;157206;PESERTA DIDIK;JIWA;2022/2023 GANJIL;L;SD;620
7291;15;JAMBI;1572;157206;PESERTA DIDIK;JIWA;2022/2023 GANJIL;L;SMP;217
7292;15;JAMBI;1572;157206;PESERTA DIDIK;JIWA;2022/2023 GANJIL;L;SMA;446
7293;15;JAMBI;1572;157206;PESERTA DIDIK;JIWA;2022/2023 GANJIL;L;SMK;0
7294;15;JAMBI;1572;157206;PESERTA DIDIK;JIWA;2022/2023 GANJIL;L;SLB;0
7295;15;JAMBI;1572;157206;PESERTA DIDIK;JIWA;2022/2023 GANJIL;P;TK;150
7296;15;JAMBI;1572;157206;PESERTA DIDIK;JIWA;2022/2023 GANJIL;P;KB;116
7297;15;JAMBI;1572;157206;PESERTA DIDIK;JIWA;2022/2023 GANJIL;P;TPA;9
7298;15;JAMBI;1572;157206;PESERTA DIDIK;JIWA;2022/2023 GANJIL;P;SPS;10
7299;15;JAMBI;1572;157206;PESERTA DIDIK;JIWA;2022/2023 GANJIL;P;PKBM;35
7300;15;JAMBI;1572;157206;PESERTA DIDIK;JIWA;2022/2023 GANJIL;P;SKB;0
7301;15;JAMBI;1572;157206;PESERTA DIDIK;JIWA;2022/2023 GANJIL;P;SD;570
7302;15;JAMBI;1572;157206;PESERTA DIDIK;JIWA;2022/2023 GANJIL;P;SMP;177
7303;15;JAMBI;1572;157206;PESERTA DIDIK;JIWA;2022/2023 GANJIL;P;SMA;620
7304;15;JAMBI;1572;157206;PESERTA DIDIK;JIWA;2022/2023 GANJIL;P;SMK;0
7305;15;JAMBI;1572;157206;PESERTA DIDIK;JIWA;2022/2023 GANJIL;P;SLB;0
7306;15;JAMBI;1508;150802;PESERTA DIDIK;JIWA;2022/2023 GENAP;L;TK;32
7307;15;JAMBI;1508;150802;PESERTA DIDIK;JIWA;2022/2023 GENAP;L;KB;234
7308;15;JAMBI;1508;150802;PESERTA DIDIK;JIWA;2022/2023 GENAP;L;TPA;0
7309;15;JAMBI;1508;150802;PESERTA DIDIK;JIWA;2022/2023 GENAP;L;SPS;0
7310;15;JAMBI;1508;150802;PESERTA DIDIK;JIWA;2022/2023 GENAP;L;PKBM;78
7311;15;JAMBI;1508;150802;PESERTA DIDIK;JIWA;2022/2023 GENAP;L;SKB;0
7312;15;JAMBI;1508;150802;PESERTA DIDIK;JIWA;2022/2023 GENAP;L;SD;666
7313;15;JAMBI;1508;150802;PESERTA DIDIK;JIWA;2022/2023 GENAP;L;SMP;188
7314;15;JAMBI;1508;150802;PESERTA DIDIK;JIWA;2022/2023 GENAP;L;SMA;243
7315;15;JAMBI;1508;150802;PESERTA DIDIK;JIWA;2022/2023 GENAP;L;SMK;0
7316;15;JAMBI;1508;150802;PESERTA DIDIK;JIWA;2022/2023 GENAP;L;SLB;0
7317;15;JAMBI;1508;150802;PESERTA DIDIK;JIWA;2022/2023 GENAP;P;TK;26
7318;15;JAMBI;1508;150802;PESERTA DIDIK;JIWA;2022/2023 GENAP;P;KB;186
7319;15;JAMBI;1508;150802;PESERTA DIDIK;JIWA;2022/2023 GENAP;P;TPA;0
7320;15;JAMBI;1508;150802;PESERTA DIDIK;JIWA;2022/2023 GENAP;P;SPS;0
7321;15;JAMBI;1508;150802;PESERTA DIDIK;JIWA;2022/2023 GENAP;P;PKBM;46
7322;15;JAMBI;1508;150802;PESERTA DIDIK;JIWA;2022/2023 GENAP;P;SKB;0
7323;15;JAMBI;1508;150802;PESERTA DIDIK;JIWA;2022/2023 GENAP;P;SD;590
7324;15;JAMBI;1508;150802;PESERTA DIDIK;JIWA;2022/2023 GENAP;P;SMP;167
7325;15;JAMBI;1508;150802;PESERTA DIDIK;JIWA;2022/2023 GENAP;P;SMA;232
7326;15;JAMBI;1508;150802;PESERTA DIDIK;JIWA;2022/2023 GENAP;P;SMK;0
7327;15;JAMBI;1508;150802;PESERTA DIDIK;JIWA;2022/2023 GENAP;P;SLB;0
7328;15;JAMBI;1508;150802;PESERTA DIDIK;JIWA;2022/2023 GANJIL;L;TK;32
7329;15;JAMBI;1508;150802;PESERTA DIDIK;JIWA;2022/2023 GANJIL;L;KB;236
7330;15;JAMBI;1508;150802;PESERTA DIDIK;JIWA;2022/2023 GANJIL;L;TPA;0
7331;15;JAMBI;1508;150802;PESERTA DIDIK;JIWA;2022/2023 GANJIL;L;SPS;0
7332;15;JAMBI;1508;150802;PESERTA DIDIK;JIWA;2022/2023 GANJIL;L;PKBM;73
7333;15;JAMBI;1508;150802;PESERTA DIDIK;JIWA;2022/2023 GANJIL;L;SKB;0
7334;15;JAMBI;1508;150802;PESERTA DIDIK;JIWA;2022/2023 GANJIL;L;SD;667
7335;15;JAMBI;1508;150802;PESERTA DIDIK;JIWA;2022/2023 GANJIL;L;SMP;195
7336;15;JAMBI;1508;150802;PESERTA DIDIK;JIWA;2022/2023 GANJIL;L;SMA;246
7337;15;JAMBI;1508;150802;PESERTA DIDIK;JIWA;2022/2023 GANJIL;L;SMK;0
7338;15;JAMBI;1508;150802;PESERTA DIDIK;JIWA;2022/2023 GANJIL;L;SLB;0
7339;15;JAMBI;1508;150802;PESERTA DIDIK;JIWA;2022/2023 GANJIL;P;TK;26
7340;15;JAMBI;1508;150802;PESERTA DIDIK;JIWA;2022/2023 GANJIL;P;KB;186
7341;15;JAMBI;1508;150802;PESERTA DIDIK;JIWA;2022/2023 GANJIL;P;TPA;0
7342;15;JAMBI;1508;150802;PESERTA DIDIK;JIWA;2022/2023 GANJIL;P;SPS;0
7343;15;JAMBI;1508;150802;PESERTA DIDIK;JIWA;2022/2023 GANJIL;P;PKBM;37
7344;15;JAMBI;1508;150802;PESERTA DIDIK;JIWA;2022/2023 GANJIL;P;SKB;0
7345;15;JAMBI;1508;150802;PESERTA DIDIK;JIWA;2022/2023 GANJIL;P;SD;593
7346;15;JAMBI;1508;150802;PESERTA DIDIK;JIWA;2022/2023 GANJIL;P;SMP;174
7347;15;JAMBI;1508;150802;PESERTA DIDIK;JIWA;2022/2023 GANJIL;P;SMA;237
7348;15;JAMBI;1508;150802;PESERTA DIDIK;JIWA;2022/2023 GANJIL;P;SMK;0
7349;15;JAMBI;1508;150802;PESERTA DIDIK;JIWA;2022/2023 GANJIL;P;SLB;0
7350;15;JAMBI;1507;150704;PESERTA DIDIK;JIWA;2022/2023 GENAP;L;TK;100
7351;15;JAMBI;1507;150704;PESERTA DIDIK;JIWA;2022/2023 GENAP;L;KB;373
7352;15;JAMBI;1507;150704;PESERTA DIDIK;JIWA;2022/2023 GENAP;L;TPA;0
7353;15;JAMBI;1507;150704;PESERTA DIDIK;JIWA;2022/2023 GENAP;L;SPS;0
7354;15;JAMBI;1507;150704;PESERTA DIDIK;JIWA;2022/2023 GENAP;L;PKBM;62
7355;15;JAMBI;1507;150704;PESERTA DIDIK;JIWA;2022/2023 GENAP;L;SKB;0
7356;15;JAMBI;1507;150704;PESERTA DIDIK;JIWA;2022/2023 GENAP;L;SD;1.186
7357;15;JAMBI;1507;150704;PESERTA DIDIK;JIWA;2022/2023 GENAP;L;SMP;505
7358;15;JAMBI;1507;150704;PESERTA DIDIK;JIWA;2022/2023 GENAP;L;SMA;288
7359;15;JAMBI;1507;150704;PESERTA DIDIK;JIWA;2022/2023 GENAP;L;SMK;92
7360;15;JAMBI;1507;150704;PESERTA DIDIK;JIWA;2022/2023 GENAP;L;SLB;0
7361;15;JAMBI;1507;150704;PESERTA DIDIK;JIWA;2022/2023 GENAP;P;TK;110
7362;15;JAMBI;1507;150704;PESERTA DIDIK;JIWA;2022/2023 GENAP;P;KB;411
7363;15;JAMBI;1507;150704;PESERTA DIDIK;JIWA;2022/2023 GENAP;P;TPA;0
7364;15;JAMBI;1507;150704;PESERTA DIDIK;JIWA;2022/2023 GENAP;P;SPS;0
7365;15;JAMBI;1507;150704;PESERTA DIDIK;JIWA;2022/2023 GENAP;P;PKBM;30
7366;15;JAMBI;1507;150704;PESERTA DIDIK;JIWA;2022/2023 GENAP;P;SKB;0
7367;15;JAMBI;1507;150704;PESERTA DIDIK;JIWA;2022/2023 GENAP;P;SD;1.149
7368;15;JAMBI;1507;150704;PESERTA DIDIK;JIWA;2022/2023 GENAP;P;SMP;446
7369;15;JAMBI;1507;150704;PESERTA DIDIK;JIWA;2022/2023 GENAP;P;SMA;449
7370;15;JAMBI;1507;150704;PESERTA DIDIK;JIWA;2022/2023 GENAP;P;SMK;33
7371;15;JAMBI;1507;150704;PESERTA DIDIK;JIWA;2022/2023 GENAP;P;SLB;0
7372;15;JAMBI;1507;150704;PESERTA DIDIK;JIWA;2022/2023 GANJIL;L;TK;102
7373;15;JAMBI;1507;150704;PESERTA DIDIK;JIWA;2022/2023 GANJIL;L;KB;363
7374;15;JAMBI;1507;150704;PESERTA DIDIK;JIWA;2022/2023 GANJIL;L;TPA;0
7375;15;JAMBI;1507;150704;PESERTA DIDIK;JIWA;2022/2023 GANJIL;L;SPS;0
7376;15;JAMBI;1507;150704;PESERTA DIDIK;JIWA;2022/2023 GANJIL;L;PKBM;63
7377;15;JAMBI;1507;150704;PESERTA DIDIK;JIWA;2022/2023 GANJIL;L;SKB;0
7378;15;JAMBI;1507;150704;PESERTA DIDIK;JIWA;2022/2023 GANJIL;L;SD;1183
7379;15;JAMBI;1507;150704;PESERTA DIDIK;JIWA;2022/2023 GANJIL;L;SMP;507
7380;15;JAMBI;1507;150704;PESERTA DIDIK;JIWA;2022/2023 GANJIL;L;SMA;291
7381;15;JAMBI;1507;150704;PESERTA DIDIK;JIWA;2022/2023 GANJIL;L;SMK;87
7382;15;JAMBI;1507;150704;PESERTA DIDIK;JIWA;2022/2023 GANJIL;L;SLB;0
7383;15;JAMBI;1507;150704;PESERTA DIDIK;JIWA;2022/2023 GANJIL;P;TK;107
7384;15;JAMBI;1507;150704;PESERTA DIDIK;JIWA;2022/2023 GANJIL;P;KB;406
7385;15;JAMBI;1507;150704;PESERTA DIDIK;JIWA;2022/2023 GANJIL;P;TPA;0
7386;15;JAMBI;1507;150704;PESERTA DIDIK;JIWA;2022/2023 GANJIL;P;SPS;0
7387;15;JAMBI;1507;150704;PESERTA DIDIK;JIWA;2022/2023 GANJIL;P;PKBM;30
7388;15;JAMBI;1507;150704;PESERTA DIDIK;JIWA;2022/2023 GANJIL;P;SKB;0
7389;15;JAMBI;1507;150704;PESERTA DIDIK;JIWA;2022/2023 GANJIL;P;SD;1153
7390;15;JAMBI;1507;150704;PESERTA DIDIK;JIWA;2022/2023 GANJIL;P;SMP;445
7391;15;JAMBI;1507;150704;PESERTA DIDIK;JIWA;2022/2023 GANJIL;P;SMA;447
7392;15;JAMBI;1507;150704;PESERTA DIDIK;JIWA;2022/2023 GANJIL;P;SMK;31
7393;15;JAMBI;1507;150704;PESERTA DIDIK;JIWA;2022/2023 GANJIL;P;SLB;0
7394;15;JAMBI;1506;150608;PESERTA DIDIK;JIWA;2022/2023 GENAP;L;TK;98
7395;15;JAMBI;1506;150608;PESERTA DIDIK;JIWA;2022/2023 GENAP;L;KB;131
7396;15;JAMBI;1506;150608;PESERTA DIDIK;JIWA;2022/2023 GENAP;L;TPA;0
7397;15;JAMBI;1506;150608;PESERTA DIDIK;JIWA;2022/2023 GENAP;L;SPS;0
7398;15;JAMBI;1506;150608;PESERTA DIDIK;JIWA;2022/2023 GENAP;L;PKBM;0
7399;15;JAMBI;1506;150608;PESERTA DIDIK;JIWA;2022/2023 GENAP;L;SKB;0
7400;15;JAMBI;1506;150608;PESERTA DIDIK;JIWA;2022/2023 GENAP;L;SD;1.075
7401;15;JAMBI;1506;150608;PESERTA DIDIK;JIWA;2022/2023 GENAP;L;SMP;286
7402;15;JAMBI;1506;150608;PESERTA DIDIK;JIWA;2022/2023 GENAP;L;SMA;127
7403;15;JAMBI;1506;150608;PESERTA DIDIK;JIWA;2022/2023 GENAP;L;SMK;85
7404;15;JAMBI;1506;150608;PESERTA DIDIK;JIWA;2022/2023 GENAP;L;SLB;0
7405;15;JAMBI;1506;150608;PESERTA DIDIK;JIWA;2022/2023 GENAP;P;TK;65
7406;15;JAMBI;1506;150608;PESERTA DIDIK;JIWA;2022/2023 GENAP;P;KB;109
7407;15;JAMBI;1506;150608;PESERTA DIDIK;JIWA;2022/2023 GENAP;P;TPA;0
7408;15;JAMBI;1506;150608;PESERTA DIDIK;JIWA;2022/2023 GENAP;P;SPS;0
7409;15;JAMBI;1506;150608;PESERTA DIDIK;JIWA;2022/2023 GENAP;P;PKBM;0
7410;15;JAMBI;1506;150608;PESERTA DIDIK;JIWA;2022/2023 GENAP;P;SKB;0
7411;15;JAMBI;1506;150608;PESERTA DIDIK;JIWA;2022/2023 GENAP;P;SD;978
7412;15;JAMBI;1506;150608;PESERTA DIDIK;JIWA;2022/2023 GENAP;P;SMP;242
7413;15;JAMBI;1506;150608;PESERTA DIDIK;JIWA;2022/2023 GENAP;P;SMA;158
7414;15;JAMBI;1506;150608;PESERTA DIDIK;JIWA;2022/2023 GENAP;P;SMK;78
7415;15;JAMBI;1506;150608;PESERTA DIDIK;JIWA;2022/2023 GENAP;P;SLB;0
7416;15;JAMBI;1506;150608;PESERTA DIDIK;JIWA;2022/2023 GANJIL;L;TK;96
7417;15;JAMBI;1506;150608;PESERTA DIDIK;JIWA;2022/2023 GANJIL;L;KB;131
7418;15;JAMBI;1506;150608;PESERTA DIDIK;JIWA;2022/2023 GANJIL;L;TPA;0
7419;15;JAMBI;1506;150608;PESERTA DIDIK;JIWA;2022/2023 GANJIL;L;SPS;0
7420;15;JAMBI;1506;150608;PESERTA DIDIK;JIWA;2022/2023 GANJIL;L;PKBM;0
7421;15;JAMBI;1506;150608;PESERTA DIDIK;JIWA;2022/2023 GANJIL;L;SKB;0
7422;15;JAMBI;1506;150608;PESERTA DIDIK;JIWA;2022/2023 GANJIL;L;SD;1,066
7423;15;JAMBI;1506;150608;PESERTA DIDIK;JIWA;2022/2023 GANJIL;L;SMP;286
7424;15;JAMBI;1506;150608;PESERTA DIDIK;JIWA;2022/2023 GANJIL;L;SMA;128
7425;15;JAMBI;1506;150608;PESERTA DIDIK;JIWA;2022/2023 GANJIL;L;SMK;83
7426;15;JAMBI;1506;150608;PESERTA DIDIK;JIWA;2022/2023 GANJIL;L;SLB;0
7427;15;JAMBI;1506;150608;PESERTA DIDIK;JIWA;2022/2023 GANJIL;P;TK;65
7428;15;JAMBI;1506;150608;PESERTA DIDIK;JIWA;2022/2023 GANJIL;P;KB;107
7429;15;JAMBI;1506;150608;PESERTA DIDIK;JIWA;2022/2023 GANJIL;P;TPA;0
7430;15;JAMBI;1506;150608;PESERTA DIDIK;JIWA;2022/2023 GANJIL;P;SPS;0
7431;15;JAMBI;1506;150608;PESERTA DIDIK;JIWA;2022/2023 GANJIL;P;PKBM;0
7432;15;JAMBI;1506;150608;PESERTA DIDIK;JIWA;2022/2023 GANJIL;P;SKB;0
7433;15;JAMBI;1506;150608;PESERTA DIDIK;JIWA;2022/2023 GANJIL;P;SD;968
7434;15;JAMBI;1506;150608;PESERTA DIDIK;JIWA;2022/2023 GANJIL;P;SMP;236
7435;15;JAMBI;1506;150608;PESERTA DIDIK;JIWA;2022/2023 GANJIL;P;SMA;159
7436;15;JAMBI;1506;150608;PESERTA DIDIK;JIWA;2022/2023 GANJIL;P;SMK;73
7437;15;JAMBI;1506;150608;PESERTA DIDIK;JIWA;2022/2023 GANJIL;P;SLB;0
7438;15;JAMBI;1502;150219;PESERTA DIDIK;JIWA;2022/2023 GENAP;L;TK;121
7439;15;JAMBI;1502;150219;PESERTA DIDIK;JIWA;2022/2023 GENAP;L;KB;67
7440;15;JAMBI;1502;150219;PESERTA DIDIK;JIWA;2022/2023 GENAP;L;TPA;0
7441;15;JAMBI;1502;150219;PESERTA DIDIK;JIWA;2022/2023 GENAP;L;SPS;0
7442;15;JAMBI;1502;150219;PESERTA DIDIK;JIWA;2022/2023 GENAP;L;PKBM;0
7443;15;JAMBI;1502;150219;PESERTA DIDIK;JIWA;2022/2023 GENAP;L;SKB;0
7444;15;JAMBI;1502;150219;PESERTA DIDIK;JIWA;2022/2023 GENAP;L;SD;658
7445;15;JAMBI;1502;150219;PESERTA DIDIK;JIWA;2022/2023 GENAP;L;SMP;210
7446;15;JAMBI;1502;150219;PESERTA DIDIK;JIWA;2022/2023 GENAP;L;SMA;273
7447;15;JAMBI;1502;150219;PESERTA DIDIK;JIWA;2022/2023 GENAP;L;SMK;169
7448;15;JAMBI;1502;150219;PESERTA DIDIK;JIWA;2022/2023 GENAP;L;SLB;0
7449;15;JAMBI;1502;150219;PESERTA DIDIK;JIWA;2022/2023 GENAP;P;TK;115
7450;15;JAMBI;1502;150219;PESERTA DIDIK;JIWA;2022/2023 GENAP;P;KB;65
7451;15;JAMBI;1502;150219;PESERTA DIDIK;JIWA;2022/2023 GENAP;P;TPA;0
7452;15;JAMBI;1502;150219;PESERTA DIDIK;JIWA;2022/2023 GENAP;P;SPS;0
7453;15;JAMBI;1502;150219;PESERTA DIDIK;JIWA;2022/2023 GENAP;P;PKBM;0
7454;15;JAMBI;1502;150219;PESERTA DIDIK;JIWA;2022/2023 GENAP;P;SKB;0
7455;15;JAMBI;1502;150219;PESERTA DIDIK;JIWA;2022/2023 GENAP;P;SD;576
7456;15;JAMBI;1502;150219;PESERTA DIDIK;JIWA;2022/2023 GENAP;P;SMP;165
7457;15;JAMBI;1502;150219;PESERTA DIDIK;JIWA;2022/2023 GENAP;P;SMA;264
7458;15;JAMBI;1502;150219;PESERTA DIDIK;JIWA;2022/2023 GENAP;P;SMK;179
7459;15;JAMBI;1502;150219;PESERTA DIDIK;JIWA;2022/2023 GENAP;P;SLB;0
7460;15;JAMBI;1502;150219;PESERTA DIDIK;JIWA;2022/2023 GANJIL;L;TK;121
7461;15;JAMBI;1502;150219;PESERTA DIDIK;JIWA;2022/2023 GANJIL;L;KB;66
7462;15;JAMBI;1502;150219;PESERTA DIDIK;JIWA;2022/2023 GANJIL;L;TPA;0
7463;15;JAMBI;1502;150219;PESERTA DIDIK;JIWA;2022/2023 GANJIL;L;SPS;0
7464;15;JAMBI;1502;150219;PESERTA DIDIK;JIWA;2022/2023 GANJIL;L;PKBM;0
7465;15;JAMBI;1502;150219;PESERTA DIDIK;JIWA;2022/2023 GANJIL;L;SKB;0
7466;15;JAMBI;1502;150219;PESERTA DIDIK;JIWA;2022/2023 GANJIL;L;SD;655
7467;15;JAMBI;1502;150219;PESERTA DIDIK;JIWA;2022/2023 GANJIL;L;SMP;206
7468;15;JAMBI;1502;150219;PESERTA DIDIK;JIWA;2022/2023 GANJIL;L;SMA;269
7469;15;JAMBI;1502;150219;PESERTA DIDIK;JIWA;2022/2023 GANJIL;L;SMK;170
7470;15;JAMBI;1502;150219;PESERTA DIDIK;JIWA;2022/2023 GANJIL;L;SLB;0
7471;15;JAMBI;1502;150219;PESERTA DIDIK;JIWA;2022/2023 GANJIL;P;TK;115
7472;15;JAMBI;1502;150219;PESERTA DIDIK;JIWA;2022/2023 GANJIL;P;KB;67
7473;15;JAMBI;1502;150219;PESERTA DIDIK;JIWA;2022/2023 GANJIL;P;TPA;0
7474;15;JAMBI;1502;150219;PESERTA DIDIK;JIWA;2022/2023 GANJIL;P;SPS;0
7475;15;JAMBI;1502;150219;PESERTA DIDIK;JIWA;2022/2023 GANJIL;P;PKBM;0
7476;15;JAMBI;1502;150219;PESERTA DIDIK;JIWA;2022/2023 GANJIL;P;SKB;0
7477;15;JAMBI;1502;150219;PESERTA DIDIK;JIWA;2022/2023 GANJIL;P;SD;575
7478;15;JAMBI;1502;150219;PESERTA DIDIK;JIWA;2022/2023 GANJIL;P;SMP;169
7479;15;JAMBI;1502;150219;PESERTA DIDIK;JIWA;2022/2023 GANJIL;P;SMA;265
7480;15;JAMBI;1502;150219;PESERTA DIDIK;JIWA;2022/2023 GANJIL;P;SMK;177
7481;15;JAMBI;1502;150219;PESERTA DIDIK;JIWA;2022/2023 GANJIL;P;SLB;0
7482;15;JAMBI;1502;150216;PESERTA DIDIK;JIWA;2022/2023 GENAP;L;TK;120
7483;15;JAMBI;1502;150216;PESERTA DIDIK;JIWA;2022/2023 GENAP;L;KB;222
7484;15;JAMBI;1502;150216;PESERTA DIDIK;JIWA;2022/2023 GENAP;L;TPA;16
7485;15;JAMBI;1502;150216;PESERTA DIDIK;JIWA;2022/2023 GENAP;L;SPS;29
7486;15;JAMBI;1502;150216;PESERTA DIDIK;JIWA;2022/2023 GENAP;L;PKBM;0
7487;15;JAMBI;1502;150216;PESERTA DIDIK;JIWA;2022/2023 GENAP;L;SKB;0
7488;15;JAMBI;1502;150216;PESERTA DIDIK;JIWA;2022/2023 GENAP;L;SD;793
7489;15;JAMBI;1502;150216;PESERTA DIDIK;JIWA;2022/2023 GENAP;L;SMP;124
7490;15;JAMBI;1502;150216;PESERTA DIDIK;JIWA;2022/2023 GENAP;L;SMA;43
7491;15;JAMBI;1502;150216;PESERTA DIDIK;JIWA;2022/2023 GENAP;L;SMK;0
7492;15;JAMBI;1502;150216;PESERTA DIDIK;JIWA;2022/2023 GENAP;L;SLB;0
7493;15;JAMBI;1502;150216;PESERTA DIDIK;JIWA;2022/2023 GENAP;P;TK;102
7494;15;JAMBI;1502;150216;PESERTA DIDIK;JIWA;2022/2023 GENAP;P;KB;203
7495;15;JAMBI;1502;150216;PESERTA DIDIK;JIWA;2022/2023 GENAP;P;TPA;18
7496;15;JAMBI;1502;150216;PESERTA DIDIK;JIWA;2022/2023 GENAP;P;SPS;23
7497;15;JAMBI;1502;150216;PESERTA DIDIK;JIWA;2022/2023 GENAP;P;PKBM;0
7498;15;JAMBI;1502;150216;PESERTA DIDIK;JIWA;2022/2023 GENAP;P;SKB;0
7499;15;JAMBI;1502;150216;PESERTA DIDIK;JIWA;2022/2023 GENAP;P;SD;768
7500;15;JAMBI;1502;150216;PESERTA DIDIK;JIWA;2022/2023 GENAP;P;SMP;102
7501;15;JAMBI;1502;150216;PESERTA DIDIK;JIWA;2022/2023 GENAP;P;SMA;49
7502;15;JAMBI;1502;150216;PESERTA DIDIK;JIWA;2022/2023 GENAP;P;SMK;0
7503;15;JAMBI;1502;150216;PESERTA DIDIK;JIWA;2022/2023 GENAP;P;SLB;0
7504;15;JAMBI;1502;150216;PESERTA DIDIK;JIWA;2022/2023 GANJIL;L;TK;121
7505;15;JAMBI;1502;150216;PESERTA DIDIK;JIWA;2022/2023 GANJIL;L;KB;211
7506;15;JAMBI;1502;150216;PESERTA DIDIK;JIWA;2022/2023 GANJIL;L;TPA;16
7507;15;JAMBI;1502;150216;PESERTA DIDIK;JIWA;2022/2023 GANJIL;L;SPS;45
7508;15;JAMBI;1502;150216;PESERTA DIDIK;JIWA;2022/2023 GANJIL;L;PKBM;0
7509;15;JAMBI;1502;150216;PESERTA DIDIK;JIWA;2022/2023 GANJIL;L;SKB;0
7510;15;JAMBI;1502;150216;PESERTA DIDIK;JIWA;2022/2023 GANJIL;L;SD;794
7511;15;JAMBI;1502;150216;PESERTA DIDIK;JIWA;2022/2023 GANJIL;L;SMP;124
7512;15;JAMBI;1502;150216;PESERTA DIDIK;JIWA;2022/2023 GANJIL;L;SMA;48
7513;15;JAMBI;1502;150216;PESERTA DIDIK;JIWA;2022/2023 GANJIL;L;SMK;0
7514;15;JAMBI;1502;150216;PESERTA DIDIK;JIWA;2022/2023 GANJIL;L;SLB;0
7515;15;JAMBI;1502;150216;PESERTA DIDIK;JIWA;2022/2023 GANJIL;P;TK;102
7516;15;JAMBI;1502;150216;PESERTA DIDIK;JIWA;2022/2023 GANJIL;P;KB;195
7517;15;JAMBI;1502;150216;PESERTA DIDIK;JIWA;2022/2023 GANJIL;P;TPA;18
7518;15;JAMBI;1502;150216;PESERTA DIDIK;JIWA;2022/2023 GANJIL;P;SPS;36
7519;15;JAMBI;1502;150216;PESERTA DIDIK;JIWA;2022/2023 GANJIL;P;PKBM;0
7520;15;JAMBI;1502;150216;PESERTA DIDIK;JIWA;2022/2023 GANJIL;P;SKB;0
7521;15;JAMBI;1502;150216;PESERTA DIDIK;JIWA;2022/2023 GANJIL;P;SD;762
7522;15;JAMBI;1502;150216;PESERTA DIDIK;JIWA;2022/2023 GANJIL;P;SMP;109
7523;15;JAMBI;1502;150216;PESERTA DIDIK;JIWA;2022/2023 GANJIL;P;SMA;52
7524;15;JAMBI;1502;150216;PESERTA DIDIK;JIWA;2022/2023 GANJIL;P;SMK;0
7525;15;JAMBI;1502;150216;PESERTA DIDIK;JIWA;2022/2023 GANJIL;P;SLB;0
7526;15;JAMBI;1509;150904;PESERTA DIDIK;JIWA;2022/2023 GENAP;L;TK;390
7527;15;JAMBI;1509;150904;PESERTA DIDIK;JIWA;2022/2023 GENAP;L;KB;256
7528;15;JAMBI;1509;150904;PESERTA DIDIK;JIWA;2022/2023 GENAP;L;TPA;11
7529;15;JAMBI;1509;150904;PESERTA DIDIK;JIWA;2022/2023 GENAP;L;SPS;61
7530;15;JAMBI;1509;150904;PESERTA DIDIK;JIWA;2022/2023 GENAP;L;PKBM;220
7531;15;JAMBI;1509;150904;PESERTA DIDIK;JIWA;2022/2023 GENAP;L;SKB;0
7532;15;JAMBI;1509;150904;PESERTA DIDIK;JIWA;2022/2023 GENAP;L;SD;3.159
7533;15;JAMBI;1509;150904;PESERTA DIDIK;JIWA;2022/2023 GENAP;L;SMP;1.560
7534;15;JAMBI;1509;150904;PESERTA DIDIK;JIWA;2022/2023 GENAP;L;SMA;535
7535;15;JAMBI;1509;150904;PESERTA DIDIK;JIWA;2022/2023 GENAP;L;SMK;1.238
7536;15;JAMBI;1509;150904;PESERTA DIDIK;JIWA;2022/2023 GENAP;L;SLB;71
7537;15;JAMBI;1509;150904;PESERTA DIDIK;JIWA;2022/2023 GENAP;P;TK;333
7538;15;JAMBI;1509;150904;PESERTA DIDIK;JIWA;2022/2023 GENAP;P;KB;243
7539;15;JAMBI;1509;150904;PESERTA DIDIK;JIWA;2022/2023 GENAP;P;TPA;14
7540;15;JAMBI;1509;150904;PESERTA DIDIK;JIWA;2022/2023 GENAP;P;SPS;70
7541;15;JAMBI;1509;150904;PESERTA DIDIK;JIWA;2022/2023 GENAP;P;PKBM;114
7542;15;JAMBI;1509;150904;PESERTA DIDIK;JIWA;2022/2023 GENAP;P;SKB;0
7543;15;JAMBI;1509;150904;PESERTA DIDIK;JIWA;2022/2023 GENAP;P;SD;2.986
7544;15;JAMBI;1509;150904;PESERTA DIDIK;JIWA;2022/2023 GENAP;P;SMP;1.394
7545;15;JAMBI;1509;150904;PESERTA DIDIK;JIWA;2022/2023 GENAP;P;SMA;917
7546;15;JAMBI;1509;150904;PESERTA DIDIK;JIWA;2022/2023 GENAP;P;SMK;908
7547;15;JAMBI;1509;150904;PESERTA DIDIK;JIWA;2022/2023 GENAP;P;SLB;54
7548;15;JAMBI;1509;150904;PESERTA DIDIK;JIWA;2022/2023 GANJIL;L;TK;380
7549;15;JAMBI;1509;150904;PESERTA DIDIK;JIWA;2022/2023 GANJIL;L;KB;284
7550;15;JAMBI;1509;150904;PESERTA DIDIK;JIWA;2022/2023 GANJIL;L;TPA;11
7551;15;JAMBI;1509;150904;PESERTA DIDIK;JIWA;2022/2023 GANJIL;L;SPS;66
7552;15;JAMBI;1509;150904;PESERTA DIDIK;JIWA;2022/2023 GANJIL;L;PKBM;219
7553;15;JAMBI;1509;150904;PESERTA DIDIK;JIWA;2022/2023 GANJIL;L;SKB;0
7554;15;JAMBI;1509;150904;PESERTA DIDIK;JIWA;2022/2023 GANJIL;L;SD;3,127
7555;15;JAMBI;1509;150904;PESERTA DIDIK;JIWA;2022/2023 GANJIL;L;SMP;1,548
7556;15;JAMBI;1509;150904;PESERTA DIDIK;JIWA;2022/2023 GANJIL;L;SMA;544
7557;15;JAMBI;1509;150904;PESERTA DIDIK;JIWA;2022/2023 GANJIL;L;SMK;1,278
7558;15;JAMBI;1509;150904;PESERTA DIDIK;JIWA;2022/2023 GANJIL;L;SLB;71
7559;15;JAMBI;1509;150904;PESERTA DIDIK;JIWA;2022/2023 GANJIL;P;TK;328
7560;15;JAMBI;1509;150904;PESERTA DIDIK;JIWA;2022/2023 GANJIL;P;KB;255
7561;15;JAMBI;1509;150904;PESERTA DIDIK;JIWA;2022/2023 GANJIL;P;TPA;14
7562;15;JAMBI;1509;150904;PESERTA DIDIK;JIWA;2022/2023 GANJIL;P;SPS;77
7563;15;JAMBI;1509;150904;PESERTA DIDIK;JIWA;2022/2023 GANJIL;P;PKBM;119
7564;15;JAMBI;1509;150904;PESERTA DIDIK;JIWA;2022/2023 GANJIL;P;SKB;0
7565;15;JAMBI;1509;150904;PESERTA DIDIK;JIWA;2022/2023 GANJIL;P;SD;2,944
7566;15;JAMBI;1509;150904;PESERTA DIDIK;JIWA;2022/2023 GANJIL;P;SMP;1,367
7567;15;JAMBI;1509;150904;PESERTA DIDIK;JIWA;2022/2023 GANJIL;P;SMA;922
7568;15;JAMBI;1509;150904;PESERTA DIDIK;JIWA;2022/2023 GANJIL;P;SMK;918
7569;15;JAMBI;1509;150904;PESERTA DIDIK;JIWA;2022/2023 GANJIL;P;SLB;54
7570;15;JAMBI;1509;150908;PESERTA DIDIK;JIWA;2022/2023 GENAP;L;TK;160
7571;15;JAMBI;1509;150908;PESERTA DIDIK;JIWA;2022/2023 GENAP;L;KB;81
7572;15;JAMBI;1509;150908;PESERTA DIDIK;JIWA;2022/2023 GENAP;L;TPA;0
7573;15;JAMBI;1509;150908;PESERTA DIDIK;JIWA;2022/2023 GENAP;L;SPS;0
7574;15;JAMBI;1509;150908;PESERTA DIDIK;JIWA;2022/2023 GENAP;L;PKBM;0
7575;15;JAMBI;1509;150908;PESERTA DIDIK;JIWA;2022/2023 GENAP;L;SKB;0
7576;15;JAMBI;1509;150908;PESERTA DIDIK;JIWA;2022/2023 GENAP;L;SD;1.099
7577;15;JAMBI;1509;150908;PESERTA DIDIK;JIWA;2022/2023 GENAP;L;SMP;471
7578;15;JAMBI;1509;150908;PESERTA DIDIK;JIWA;2022/2023 GENAP;L;SMA;216
7579;15;JAMBI;1509;150908;PESERTA DIDIK;JIWA;2022/2023 GENAP;L;SMK;286
7580;15;JAMBI;1509;150908;PESERTA DIDIK;JIWA;2022/2023 GENAP;L;SLB;0
7581;15;JAMBI;1509;150908;PESERTA DIDIK;JIWA;2022/2023 GENAP;P;TK;167
7582;15;JAMBI;1509;150908;PESERTA DIDIK;JIWA;2022/2023 GENAP;P;KB;73
7583;15;JAMBI;1509;150908;PESERTA DIDIK;JIWA;2022/2023 GENAP;P;TPA;0
7584;15;JAMBI;1509;150908;PESERTA DIDIK;JIWA;2022/2023 GENAP;P;SPS;0
7585;15;JAMBI;1509;150908;PESERTA DIDIK;JIWA;2022/2023 GENAP;P;PKBM;0
7586;15;JAMBI;1509;150908;PESERTA DIDIK;JIWA;2022/2023 GENAP;P;SKB;0
7587;15;JAMBI;1509;150908;PESERTA DIDIK;JIWA;2022/2023 GENAP;P;SD;987
7588;15;JAMBI;1509;150908;PESERTA DIDIK;JIWA;2022/2023 GENAP;P;SMP;421
7589;15;JAMBI;1509;150908;PESERTA DIDIK;JIWA;2022/2023 GENAP;P;SMA;268
7590;15;JAMBI;1509;150908;PESERTA DIDIK;JIWA;2022/2023 GENAP;P;SMK;173
7591;15;JAMBI;1509;150908;PESERTA DIDIK;JIWA;2022/2023 GENAP;P;SLB;0
7592;15;JAMBI;1509;150908;PESERTA DIDIK;JIWA;2022/2023 GANJIL;L;TK;153
7593;15;JAMBI;1509;150908;PESERTA DIDIK;JIWA;2022/2023 GANJIL;L;KB;78
7594;15;JAMBI;1509;150908;PESERTA DIDIK;JIWA;2022/2023 GANJIL;L;TPA;0
7595;15;JAMBI;1509;150908;PESERTA DIDIK;JIWA;2022/2023 GANJIL;L;SPS;0
7596;15;JAMBI;1509;150908;PESERTA DIDIK;JIWA;2022/2023 GANJIL;L;PKBM;0
7597;15;JAMBI;1509;150908;PESERTA DIDIK;JIWA;2022/2023 GANJIL;L;SKB;0
7598;15;JAMBI;1509;150908;PESERTA DIDIK;JIWA;2022/2023 GANJIL;L;SD;1,097
7599;15;JAMBI;1509;150908;PESERTA DIDIK;JIWA;2022/2023 GANJIL;L;SMP;467
7600;15;JAMBI;1509;150908;PESERTA DIDIK;JIWA;2022/2023 GANJIL;L;SMA;216
7601;15;JAMBI;1509;150908;PESERTA DIDIK;JIWA;2022/2023 GANJIL;L;SMK;290
7602;15;JAMBI;1509;150908;PESERTA DIDIK;JIWA;2022/2023 GANJIL;L;SLB;0
7603;15;JAMBI;1509;150908;PESERTA DIDIK;JIWA;2022/2023 GANJIL;P;TK;158
7604;15;JAMBI;1509;150908;PESERTA DIDIK;JIWA;2022/2023 GANJIL;P;KB;71
7605;15;JAMBI;1509;150908;PESERTA DIDIK;JIWA;2022/2023 GANJIL;P;TPA;0
7606;15;JAMBI;1509;150908;PESERTA DIDIK;JIWA;2022/2023 GANJIL;P;SPS;0
7607;15;JAMBI;1509;150908;PESERTA DIDIK;JIWA;2022/2023 GANJIL;P;PKBM;0
7608;15;JAMBI;1509;150908;PESERTA DIDIK;JIWA;2022/2023 GANJIL;P;SKB;0
7609;15;JAMBI;1509;150908;PESERTA DIDIK;JIWA;2022/2023 GANJIL;P;SD;981
7610;15;JAMBI;1509;150908;PESERTA DIDIK;JIWA;2022/2023 GANJIL;P;SMP;420
7611;15;JAMBI;1509;150908;PESERTA DIDIK;JIWA;2022/2023 GANJIL;P;SMA;270
7612;15;JAMBI;1509;150908;PESERTA DIDIK;JIWA;2022/2023 GANJIL;P;SMK;176
7613;15;JAMBI;1509;150908;PESERTA DIDIK;JIWA;2022/2023 GANJIL;P;SLB;0
7614;15;JAMBI;1508;150813;PESERTA DIDIK;JIWA;2022/2023 GENAP;L;TK;124
7615;15;JAMBI;1508;150813;PESERTA DIDIK;JIWA;2022/2023 GENAP;L;KB;196
7616;15;JAMBI;1508;150813;PESERTA DIDIK;JIWA;2022/2023 GENAP;L;TPA;12
7617;15;JAMBI;1508;150813;PESERTA DIDIK;JIWA;2022/2023 GENAP;L;SPS;0
7618;15;JAMBI;1508;150813;PESERTA DIDIK;JIWA;2022/2023 GENAP;L;PKBM;107
7619;15;JAMBI;1508;150813;PESERTA DIDIK;JIWA;2022/2023 GENAP;L;SKB;0
7620;15;JAMBI;1508;150813;PESERTA DIDIK;JIWA;2022/2023 GENAP;L;SD;2.249
7621;15;JAMBI;1508;150813;PESERTA DIDIK;JIWA;2022/2023 GENAP;L;SMP;612
7622;15;JAMBI;1508;150813;PESERTA DIDIK;JIWA;2022/2023 GENAP;L;SMA;1.256
7623;15;JAMBI;1508;150813;PESERTA DIDIK;JIWA;2022/2023 GENAP;L;SMK;383
7624;15;JAMBI;1508;150813;PESERTA DIDIK;JIWA;2022/2023 GENAP;L;SLB;109
7625;15;JAMBI;1508;150813;PESERTA DIDIK;JIWA;2022/2023 GENAP;P;TK;83
7626;15;JAMBI;1508;150813;PESERTA DIDIK;JIWA;2022/2023 GENAP;P;KB;188
7627;15;JAMBI;1508;150813;PESERTA DIDIK;JIWA;2022/2023 GENAP;P;TPA;10
7628;15;JAMBI;1508;150813;PESERTA DIDIK;JIWA;2022/2023 GENAP;P;SPS;0
7629;15;JAMBI;1508;150813;PESERTA DIDIK;JIWA;2022/2023 GENAP;P;PKBM;103
7630;15;JAMBI;1508;150813;PESERTA DIDIK;JIWA;2022/2023 GENAP;P;SKB;0
7631;15;JAMBI;1508;150813;PESERTA DIDIK;JIWA;2022/2023 GENAP;P;SD;1.966
7632;15;JAMBI;1508;150813;PESERTA DIDIK;JIWA;2022/2023 GENAP;P;SMP;591
7633;15;JAMBI;1508;150813;PESERTA DIDIK;JIWA;2022/2023 GENAP;P;SMA;1.375
7634;15;JAMBI;1508;150813;PESERTA DIDIK;JIWA;2022/2023 GENAP;P;SMK;241
7635;15;JAMBI;1508;150813;PESERTA DIDIK;JIWA;2022/2023 GENAP;P;SLB;73
7636;15;JAMBI;1508;150813;PESERTA DIDIK;JIWA;2022/2023 GANJIL;L;TK;113
7637;15;JAMBI;1508;150813;PESERTA DIDIK;JIWA;2022/2023 GANJIL;L;KB;185
7638;15;JAMBI;1508;150813;PESERTA DIDIK;JIWA;2022/2023 GANJIL;L;TPA;12
7639;15;JAMBI;1508;150813;PESERTA DIDIK;JIWA;2022/2023 GANJIL;L;SPS;0
7640;15;JAMBI;1508;150813;PESERTA DIDIK;JIWA;2022/2023 GANJIL;L;PKBM;106
7641;15;JAMBI;1508;150813;PESERTA DIDIK;JIWA;2022/2023 GANJIL;L;SKB;0
7642;15;JAMBI;1508;150813;PESERTA DIDIK;JIWA;2022/2023 GANJIL;L;SD;2,246
7643;15;JAMBI;1508;150813;PESERTA DIDIK;JIWA;2022/2023 GANJIL;L;SMP;624
7644;15;JAMBI;1508;150813;PESERTA DIDIK;JIWA;2022/2023 GANJIL;L;SMA;1,263
7645;15;JAMBI;1508;150813;PESERTA DIDIK;JIWA;2022/2023 GANJIL;L;SMK;392
7646;15;JAMBI;1508;150813;PESERTA DIDIK;JIWA;2022/2023 GANJIL;L;SLB;107
7647;15;JAMBI;1508;150813;PESERTA DIDIK;JIWA;2022/2023 GANJIL;P;TK;71
7648;15;JAMBI;1508;150813;PESERTA DIDIK;JIWA;2022/2023 GANJIL;P;KB;176
7649;15;JAMBI;1508;150813;PESERTA DIDIK;JIWA;2022/2023 GANJIL;P;TPA;10
7650;15;JAMBI;1508;150813;PESERTA DIDIK;JIWA;2022/2023 GANJIL;P;SPS;0
7651;15;JAMBI;1508;150813;PESERTA DIDIK;JIWA;2022/2023 GANJIL;P;PKBM;103
7652;15;JAMBI;1508;150813;PESERTA DIDIK;JIWA;2022/2023 GANJIL;P;SKB;0
7653;15;JAMBI;1508;150813;PESERTA DIDIK;JIWA;2022/2023 GANJIL;P;SD;1,975
7654;15;JAMBI;1508;150813;PESERTA DIDIK;JIWA;2022/2023 GANJIL;P;SMP;590
7655;15;JAMBI;1508;150813;PESERTA DIDIK;JIWA;2022/2023 GANJIL;P;SMA;1,371
7656;15;JAMBI;1508;150813;PESERTA DIDIK;JIWA;2022/2023 GANJIL;P;SMK;241
7657;15;JAMBI;1508;150813;PESERTA DIDIK;JIWA;2022/2023 GANJIL;P;SLB;76
7658;15;JAMBI;1509;150907;PESERTA DIDIK;JIWA;2022/2023 GENAP;L;TK;310
7659;15;JAMBI;1509;150907;PESERTA DIDIK;JIWA;2022/2023 GENAP;L;KB;3
7660;15;JAMBI;1509;150907;PESERTA DIDIK;JIWA;2022/2023 GENAP;L;TPA;26
7661;15;JAMBI;1509;150907;PESERTA DIDIK;JIWA;2022/2023 GENAP;L;SPS;0
7662;15;JAMBI;1509;150907;PESERTA DIDIK;JIWA;2022/2023 GENAP;L;PKBM;603
7663;15;JAMBI;1509;150907;PESERTA DIDIK;JIWA;2022/2023 GENAP;L;SKB;0
7664;15;JAMBI;1509;150907;PESERTA DIDIK;JIWA;2022/2023 GENAP;L;SD;1.857
7665;15;JAMBI;1509;150907;PESERTA DIDIK;JIWA;2022/2023 GENAP;L;SMP;688
7666;15;JAMBI;1509;150907;PESERTA DIDIK;JIWA;2022/2023 GENAP;L;SMA;408
7667;15;JAMBI;1509;150907;PESERTA DIDIK;JIWA;2022/2023 GENAP;L;SMK;188
7668;15;JAMBI;1509;150907;PESERTA DIDIK;JIWA;2022/2023 GENAP;L;SLB;0
7669;15;JAMBI;1509;150907;PESERTA DIDIK;JIWA;2022/2023 GENAP;P;TK;342
7670;15;JAMBI;1509;150907;PESERTA DIDIK;JIWA;2022/2023 GENAP;P;KB;12
7671;15;JAMBI;1509;150907;PESERTA DIDIK;JIWA;2022/2023 GENAP;P;TPA;19
7672;15;JAMBI;1509;150907;PESERTA DIDIK;JIWA;2022/2023 GENAP;P;SPS;0
7673;15;JAMBI;1509;150907;PESERTA DIDIK;JIWA;2022/2023 GENAP;P;PKBM;425
7674;15;JAMBI;1509;150907;PESERTA DIDIK;JIWA;2022/2023 GENAP;P;SKB;0
7675;15;JAMBI;1509;150907;PESERTA DIDIK;JIWA;2022/2023 GENAP;P;SD;1.622
7676;15;JAMBI;1509;150907;PESERTA DIDIK;JIWA;2022/2023 GENAP;P;SMP;655
7677;15;JAMBI;1509;150907;PESERTA DIDIK;JIWA;2022/2023 GENAP;P;SMA;627
7678;15;JAMBI;1509;150907;PESERTA DIDIK;JIWA;2022/2023 GENAP;P;SMK;103
7679;15;JAMBI;1509;150907;PESERTA DIDIK;JIWA;2022/2023 GENAP;P;SLB;0
7680;15;JAMBI;1509;150907;PESERTA DIDIK;JIWA;2022/2023 GANJIL;L;TK;314
7681;15;JAMBI;1509;150907;PESERTA DIDIK;JIWA;2022/2023 GANJIL;L;KB;3
7682;15;JAMBI;1509;150907;PESERTA DIDIK;JIWA;2022/2023 GANJIL;L;TPA;26
7683;15;JAMBI;1509;150907;PESERTA DIDIK;JIWA;2022/2023 GANJIL;L;SPS;0
7684;15;JAMBI;1509;150907;PESERTA DIDIK;JIWA;2022/2023 GANJIL;L;PKBM;602
7685;15;JAMBI;1509;150907;PESERTA DIDIK;JIWA;2022/2023 GANJIL;L;SKB;0
7686;15;JAMBI;1509;150907;PESERTA DIDIK;JIWA;2022/2023 GANJIL;L;SD;1,865
7687;15;JAMBI;1509;150907;PESERTA DIDIK;JIWA;2022/2023 GANJIL;L;SMP;655
7688;15;JAMBI;1509;150907;PESERTA DIDIK;JIWA;2022/2023 GANJIL;L;SMA;417
7689;15;JAMBI;1509;150907;PESERTA DIDIK;JIWA;2022/2023 GANJIL;L;SMK;195
7690;15;JAMBI;1509;150907;PESERTA DIDIK;JIWA;2022/2023 GANJIL;L;SLB;0
7691;15;JAMBI;1509;150907;PESERTA DIDIK;JIWA;2022/2023 GANJIL;P;TK;346
7692;15;JAMBI;1509;150907;PESERTA DIDIK;JIWA;2022/2023 GANJIL;P;KB;12
7693;15;JAMBI;1509;150907;PESERTA DIDIK;JIWA;2022/2023 GANJIL;P;TPA;19
7694;15;JAMBI;1509;150907;PESERTA DIDIK;JIWA;2022/2023 GANJIL;P;SPS;0
7695;15;JAMBI;1509;150907;PESERTA DIDIK;JIWA;2022/2023 GANJIL;P;PKBM;422
7696;15;JAMBI;1509;150907;PESERTA DIDIK;JIWA;2022/2023 GANJIL;P;SKB;0
7697;15;JAMBI;1509;150907;PESERTA DIDIK;JIWA;2022/2023 GANJIL;P;SD;1,62
7698;15;JAMBI;1509;150907;PESERTA DIDIK;JIWA;2022/2023 GANJIL;P;SMP;615
7699;15;JAMBI;1509;150907;PESERTA DIDIK;JIWA;2022/2023 GANJIL;P;SMA;629
7700;15;JAMBI;1509;150907;PESERTA DIDIK;JIWA;2022/2023 GANJIL;P;SMK;105
7701;15;JAMBI;1509;150907;PESERTA DIDIK;JIWA;2022/2023 GANJIL;P;SLB;0
7702;15;JAMBI;1507;150705;PESERTA DIDIK;JIWA;2022/2023 GENAP;L;TK;21
7703;15;JAMBI;1507;150705;PESERTA DIDIK;JIWA;2022/2023 GENAP;L;KB;251
7704;15;JAMBI;1507;150705;PESERTA DIDIK;JIWA;2022/2023 GENAP;L;TPA;0
7705;15;JAMBI;1507;150705;PESERTA DIDIK;JIWA;2022/2023 GENAP;L;SPS;0
7706;15;JAMBI;1507;150705;PESERTA DIDIK;JIWA;2022/2023 GENAP;L;PKBM;113
7707;15;JAMBI;1507;150705;PESERTA DIDIK;JIWA;2022/2023 GENAP;L;SKB;0
7708;15;JAMBI;1507;150705;PESERTA DIDIK;JIWA;2022/2023 GENAP;L;SD;910
7709;15;JAMBI;1507;150705;PESERTA DIDIK;JIWA;2022/2023 GENAP;L;SMP;201
7710;15;JAMBI;1507;150705;PESERTA DIDIK;JIWA;2022/2023 GENAP;L;SMA;131
7711;15;JAMBI;1507;150705;PESERTA DIDIK;JIWA;2022/2023 GENAP;L;SMK;0
7712;15;JAMBI;1507;150705;PESERTA DIDIK;JIWA;2022/2023 GENAP;L;SLB;0
7713;15;JAMBI;1507;150705;PESERTA DIDIK;JIWA;2022/2023 GENAP;P;TK;19
7714;15;JAMBI;1507;150705;PESERTA DIDIK;JIWA;2022/2023 GENAP;P;KB;245
7715;15;JAMBI;1507;150705;PESERTA DIDIK;JIWA;2022/2023 GENAP;P;TPA;0
7716;15;JAMBI;1507;150705;PESERTA DIDIK;JIWA;2022/2023 GENAP;P;SPS;0
7717;15;JAMBI;1507;150705;PESERTA DIDIK;JIWA;2022/2023 GENAP;P;PKBM;81
7718;15;JAMBI;1507;150705;PESERTA DIDIK;JIWA;2022/2023 GENAP;P;SKB;0
7719;15;JAMBI;1507;150705;PESERTA DIDIK;JIWA;2022/2023 GENAP;P;SD;788
7720;15;JAMBI;1507;150705;PESERTA DIDIK;JIWA;2022/2023 GENAP;P;SMP;223
7721;15;JAMBI;1507;150705;PESERTA DIDIK;JIWA;2022/2023 GENAP;P;SMA;168
7722;15;JAMBI;1507;150705;PESERTA DIDIK;JIWA;2022/2023 GENAP;P;SMK;0
7723;15;JAMBI;1507;150705;PESERTA DIDIK;JIWA;2022/2023 GENAP;P;SLB;0
7724;15;JAMBI;1507;150705;PESERTA DIDIK;JIWA;2022/2023 GANJIL;L;TK;48
7725;15;JAMBI;1507;150705;PESERTA DIDIK;JIWA;2022/2023 GANJIL;L;KB;271
7726;15;JAMBI;1507;150705;PESERTA DIDIK;JIWA;2022/2023 GANJIL;L;TPA;0
7727;15;JAMBI;1507;150705;PESERTA DIDIK;JIWA;2022/2023 GANJIL;L;SPS;0
7728;15;JAMBI;1507;150705;PESERTA DIDIK;JIWA;2022/2023 GANJIL;L;PKBM;112
7729;15;JAMBI;1507;150705;PESERTA DIDIK;JIWA;2022/2023 GANJIL;L;SKB;0
7730;15;JAMBI;1507;150705;PESERTA DIDIK;JIWA;2022/2023 GANJIL;L;SD;923
7731;15;JAMBI;1507;150705;PESERTA DIDIK;JIWA;2022/2023 GANJIL;L;SMP;194
7732;15;JAMBI;1507;150705;PESERTA DIDIK;JIWA;2022/2023 GANJIL;L;SMA;131
7733;15;JAMBI;1507;150705;PESERTA DIDIK;JIWA;2022/2023 GANJIL;L;SMK;0
7734;15;JAMBI;1507;150705;PESERTA DIDIK;JIWA;2022/2023 GANJIL;L;SLB;0
7735;15;JAMBI;1507;150705;PESERTA DIDIK;JIWA;2022/2023 GANJIL;P;TK;36
7736;15;JAMBI;1507;150705;PESERTA DIDIK;JIWA;2022/2023 GANJIL;P;KB;266
7737;15;JAMBI;1507;150705;PESERTA DIDIK;JIWA;2022/2023 GANJIL;P;TPA;0
7738;15;JAMBI;1507;150705;PESERTA DIDIK;JIWA;2022/2023 GANJIL;P;SPS;0
7739;15;JAMBI;1507;150705;PESERTA DIDIK;JIWA;2022/2023 GANJIL;P;PKBM;80
7740;15;JAMBI;1507;150705;PESERTA DIDIK;JIWA;2022/2023 GANJIL;P;SKB;0
7741;15;JAMBI;1507;150705;PESERTA DIDIK;JIWA;2022/2023 GANJIL;P;SD;794
7742;15;JAMBI;1507;150705;PESERTA DIDIK;JIWA;2022/2023 GANJIL;P;SMP;216
7743;15;JAMBI;1507;150705;PESERTA DIDIK;JIWA;2022/2023 GANJIL;P;SMA;169
7744;15;JAMBI;1507;150705;PESERTA DIDIK;JIWA;2022/2023 GANJIL;P;SMK;0
7745;15;JAMBI;1507;150705;PESERTA DIDIK;JIWA;2022/2023 GANJIL;P;SLB;0
7746;15;JAMBI;1503;150303;PESERTA DIDIK;JIWA;2022/2023 GENAP;L;TK;669
7747;15;JAMBI;1503;150303;PESERTA DIDIK;JIWA;2022/2023 GENAP;L;KB;549
7748;15;JAMBI;1503;150303;PESERTA DIDIK;JIWA;2022/2023 GENAP;L;TPA;32
7749;15;JAMBI;1503;150303;PESERTA DIDIK;JIWA;2022/2023 GENAP;L;SPS;53
7750;15;JAMBI;1503;150303;PESERTA DIDIK;JIWA;2022/2023 GENAP;L;PKBM;46
7751;15;JAMBI;1503;150303;PESERTA DIDIK;JIWA;2022/2023 GENAP;L;SKB;95
7752;15;JAMBI;1503;150303;PESERTA DIDIK;JIWA;2022/2023 GENAP;L;SD;3.418
7753;15;JAMBI;1503;150303;PESERTA DIDIK;JIWA;2022/2023 GENAP;L;SMP;1.206
7754;15;JAMBI;1503;150303;PESERTA DIDIK;JIWA;2022/2023 GENAP;L;SMA;785
7755;15;JAMBI;1503;150303;PESERTA DIDIK;JIWA;2022/2023 GENAP;L;SMK;651
7756;15;JAMBI;1503;150303;PESERTA DIDIK;JIWA;2022/2023 GENAP;L;SLB;42
7757;15;JAMBI;1503;150303;PESERTA DIDIK;JIWA;2022/2023 GENAP;P;TK;645
7758;15;JAMBI;1503;150303;PESERTA DIDIK;JIWA;2022/2023 GENAP;P;KB;496
7759;15;JAMBI;1503;150303;PESERTA DIDIK;JIWA;2022/2023 GENAP;P;TPA;27
7760;15;JAMBI;1503;150303;PESERTA DIDIK;JIWA;2022/2023 GENAP;P;SPS;47
7761;15;JAMBI;1503;150303;PESERTA DIDIK;JIWA;2022/2023 GENAP;P;PKBM;37
7762;15;JAMBI;1503;150303;PESERTA DIDIK;JIWA;2022/2023 GENAP;P;SKB;30
7763;15;JAMBI;1503;150303;PESERTA DIDIK;JIWA;2022/2023 GENAP;P;SD;3.150
7764;15;JAMBI;1503;150303;PESERTA DIDIK;JIWA;2022/2023 GENAP;P;SMP;1.171
7765;15;JAMBI;1503;150303;PESERTA DIDIK;JIWA;2022/2023 GENAP;P;SMA;932
7766;15;JAMBI;1503;150303;PESERTA DIDIK;JIWA;2022/2023 GENAP;P;SMK;749
7767;15;JAMBI;1503;150303;PESERTA DIDIK;JIWA;2022/2023 GENAP;P;SLB;38
7768;15;JAMBI;1503;150303;PESERTA DIDIK;JIWA;2022/2023 GANJIL;L;TK;650
7769;15;JAMBI;1503;150303;PESERTA DIDIK;JIWA;2022/2023 GANJIL;L;KB;566
7770;15;JAMBI;1503;150303;PESERTA DIDIK;JIWA;2022/2023 GANJIL;L;TPA;30
7771;15;JAMBI;1503;150303;PESERTA DIDIK;JIWA;2022/2023 GANJIL;L;SPS;53
7772;15;JAMBI;1503;150303;PESERTA DIDIK;JIWA;2022/2023 GANJIL;L;PKBM;63
7773;15;JAMBI;1503;150303;PESERTA DIDIK;JIWA;2022/2023 GANJIL;L;SKB;106
7774;15;JAMBI;1503;150303;PESERTA DIDIK;JIWA;2022/2023 GANJIL;L;SD;3401
7775;15;JAMBI;1503;150303;PESERTA DIDIK;JIWA;2022/2023 GANJIL;L;SMP;1198
7776;15;JAMBI;1503;150303;PESERTA DIDIK;JIWA;2022/2023 GANJIL;L;SMA;923
7777;15;JAMBI;1503;150303;PESERTA DIDIK;JIWA;2022/2023 GANJIL;L;SMK;638
7778;15;JAMBI;1503;150303;PESERTA DIDIK;JIWA;2022/2023 GANJIL;L;SLB;41
7779;15;JAMBI;1503;150303;PESERTA DIDIK;JIWA;2022/2023 GANJIL;P;TK;627
7780;15;JAMBI;1503;150303;PESERTA DIDIK;JIWA;2022/2023 GANJIL;P;KB;527
7781;15;JAMBI;1503;150303;PESERTA DIDIK;JIWA;2022/2023 GANJIL;P;TPA;24
7782;15;JAMBI;1503;150303;PESERTA DIDIK;JIWA;2022/2023 GANJIL;P;SPS;47
7783;15;JAMBI;1503;150303;PESERTA DIDIK;JIWA;2022/2023 GANJIL;P;PKBM;38
7784;15;JAMBI;1503;150303;PESERTA DIDIK;JIWA;2022/2023 GANJIL;P;SKB;29
7785;15;JAMBI;1503;150303;PESERTA DIDIK;JIWA;2022/2023 GANJIL;P;SD;3125
7786;15;JAMBI;1503;150303;PESERTA DIDIK;JIWA;2022/2023 GANJIL;P;SMP;1181
7787;15;JAMBI;1503;150303;PESERTA DIDIK;JIWA;2022/2023 GANJIL;P;SMA;1058
7788;15;JAMBI;1503;150303;PESERTA DIDIK;JIWA;2022/2023 GANJIL;P;SMK;739
7789;15;JAMBI;1503;150303;PESERTA DIDIK;JIWA;2022/2023 GANJIL;P;SLB;37
7790;15;JAMBI;1506;150610;PESERTA DIDIK;JIWA;2022/2023 GENAP;L;TK;0
7791;15;JAMBI;1506;150610;PESERTA DIDIK;JIWA;2022/2023 GENAP;L;KB;142
7792;15;JAMBI;1506;150610;PESERTA DIDIK;JIWA;2022/2023 GENAP;L;TPA;0
7793;15;JAMBI;1506;150610;PESERTA DIDIK;JIWA;2022/2023 GENAP;L;SPS;11
7794;15;JAMBI;1506;150610;PESERTA DIDIK;JIWA;2022/2023 GENAP;L;PKBM;0
7795;15;JAMBI;1506;150610;PESERTA DIDIK;JIWA;2022/2023 GENAP;L;SKB;0
7796;15;JAMBI;1506;150610;PESERTA DIDIK;JIWA;2022/2023 GENAP;L;SD;435
7797;15;JAMBI;1506;150610;PESERTA DIDIK;JIWA;2022/2023 GENAP;L;SMP;71
7798;15;JAMBI;1506;150610;PESERTA DIDIK;JIWA;2022/2023 GENAP;L;SMA;0
7799;15;JAMBI;1506;150610;PESERTA DIDIK;JIWA;2022/2023 GENAP;L;SMK;0
7800;15;JAMBI;1506;150610;PESERTA DIDIK;JIWA;2022/2023 GENAP;L;SLB;0
7801;15;JAMBI;1506;150610;PESERTA DIDIK;JIWA;2022/2023 GENAP;P;TK;0
7802;15;JAMBI;1506;150610;PESERTA DIDIK;JIWA;2022/2023 GENAP;P;KB;125
7803;15;JAMBI;1506;150610;PESERTA DIDIK;JIWA;2022/2023 GENAP;P;TPA;0
7804;15;JAMBI;1506;150610;PESERTA DIDIK;JIWA;2022/2023 GENAP;P;SPS;15
7805;15;JAMBI;1506;150610;PESERTA DIDIK;JIWA;2022/2023 GENAP;P;PKBM;0
7806;15;JAMBI;1506;150610;PESERTA DIDIK;JIWA;2022/2023 GENAP;P;SKB;0
7807;15;JAMBI;1506;150610;PESERTA DIDIK;JIWA;2022/2023 GENAP;P;SD;385
7808;15;JAMBI;1506;150610;PESERTA DIDIK;JIWA;2022/2023 GENAP;P;SMP;56
7809;15;JAMBI;1506;150610;PESERTA DIDIK;JIWA;2022/2023 GENAP;P;SMA;0
7810;15;JAMBI;1506;150610;PESERTA DIDIK;JIWA;2022/2023 GENAP;P;SMK;0
7811;15;JAMBI;1506;150610;PESERTA DIDIK;JIWA;2022/2023 GENAP;P;SLB;0
7812;15;JAMBI;1506;150610;PESERTA DIDIK;JIWA;2022/2023 GANJIL;L;TK;0
7813;15;JAMBI;1506;150610;PESERTA DIDIK;JIWA;2022/2023 GANJIL;L;KB;142
7814;15;JAMBI;1506;150610;PESERTA DIDIK;JIWA;2022/2023 GANJIL;L;TPA;0
7815;15;JAMBI;1506;150610;PESERTA DIDIK;JIWA;2022/2023 GANJIL;L;SPS;11
7816;15;JAMBI;1506;150610;PESERTA DIDIK;JIWA;2022/2023 GANJIL;L;PKBM;0
7817;15;JAMBI;1506;150610;PESERTA DIDIK;JIWA;2022/2023 GANJIL;L;SKB;0
7818;15;JAMBI;1506;150610;PESERTA DIDIK;JIWA;2022/2023 GANJIL;L;SD;434
7819;15;JAMBI;1506;150610;PESERTA DIDIK;JIWA;2022/2023 GANJIL;L;SMP;70
7820;15;JAMBI;1506;150610;PESERTA DIDIK;JIWA;2022/2023 GANJIL;L;SMA;0
7821;15;JAMBI;1506;150610;PESERTA DIDIK;JIWA;2022/2023 GANJIL;L;SMK;0
7822;15;JAMBI;1506;150610;PESERTA DIDIK;JIWA;2022/2023 GANJIL;L;SLB;0
7823;15;JAMBI;1506;150610;PESERTA DIDIK;JIWA;2022/2023 GANJIL;P;TK;0
7824;15;JAMBI;1506;150610;PESERTA DIDIK;JIWA;2022/2023 GANJIL;P;KB;125
7825;15;JAMBI;1506;150610;PESERTA DIDIK;JIWA;2022/2023 GANJIL;P;TPA;0
7826;15;JAMBI;1506;150610;PESERTA DIDIK;JIWA;2022/2023 GANJIL;P;SPS;15
7827;15;JAMBI;1506;150610;PESERTA DIDIK;JIWA;2022/2023 GANJIL;P;PKBM;0
7828;15;JAMBI;1506;150610;PESERTA DIDIK;JIWA;2022/2023 GANJIL;P;SKB;0
7829;15;JAMBI;1506;150610;PESERTA DIDIK;JIWA;2022/2023 GANJIL;P;SD;385
7830;15;JAMBI;1506;150610;PESERTA DIDIK;JIWA;2022/2023 GANJIL;P;SMP;57
7831;15;JAMBI;1506;150610;PESERTA DIDIK;JIWA;2022/2023 GANJIL;P;SMA;0
7832;15;JAMBI;1506;150610;PESERTA DIDIK;JIWA;2022/2023 GANJIL;P;SMK;0
7833;15;JAMBI;1506;150610;PESERTA DIDIK;JIWA;2022/2023 GANJIL;P;SLB;0
7834;15;JAMBI;1505;150502;PESERTA DIDIK;JIWA;2022/2023 GENAP;L;TK;364
7835;15;JAMBI;1505;150502;PESERTA DIDIK;JIWA;2022/2023 GENAP;L;KB;36
7836;15;JAMBI;1505;150502;PESERTA DIDIK;JIWA;2022/2023 GENAP;L;TPA;0
7837;15;JAMBI;1505;150502;PESERTA DIDIK;JIWA;2022/2023 GENAP;L;SPS;0
7838;15;JAMBI;1505;150502;PESERTA DIDIK;JIWA;2022/2023 GENAP;L;PKBM;102
7839;15;JAMBI;1505;150502;PESERTA DIDIK;JIWA;2022/2023 GENAP;L;SKB;131
7840;15;JAMBI;1505;150502;PESERTA DIDIK;JIWA;2022/2023 GENAP;L;SD;2.696
7841;15;JAMBI;1505;150502;PESERTA DIDIK;JIWA;2022/2023 GENAP;L;SMP;970
7842;15;JAMBI;1505;150502;PESERTA DIDIK;JIWA;2022/2023 GENAP;L;SMA;411
7843;15;JAMBI;1505;150502;PESERTA DIDIK;JIWA;2022/2023 GENAP;L;SMK;417
7844;15;JAMBI;1505;150502;PESERTA DIDIK;JIWA;2022/2023 GENAP;L;SLB;77
7845;15;JAMBI;1505;150502;PESERTA DIDIK;JIWA;2022/2023 GENAP;P;TK;354
7846;15;JAMBI;1505;150502;PESERTA DIDIK;JIWA;2022/2023 GENAP;P;KB;44
7847;15;JAMBI;1505;150502;PESERTA DIDIK;JIWA;2022/2023 GENAP;P;TPA;0
7848;15;JAMBI;1505;150502;PESERTA DIDIK;JIWA;2022/2023 GENAP;P;SPS;0
7849;15;JAMBI;1505;150502;PESERTA DIDIK;JIWA;2022/2023 GENAP;P;PKBM;67
7850;15;JAMBI;1505;150502;PESERTA DIDIK;JIWA;2022/2023 GENAP;P;SKB;78
7851;15;JAMBI;1505;150502;PESERTA DIDIK;JIWA;2022/2023 GENAP;P;SD;2.545
7852;15;JAMBI;1505;150502;PESERTA DIDIK;JIWA;2022/2023 GENAP;P;SMP;988
7853;15;JAMBI;1505;150502;PESERTA DIDIK;JIWA;2022/2023 GENAP;P;SMA;439
7854;15;JAMBI;1505;150502;PESERTA DIDIK;JIWA;2022/2023 GENAP;P;SMK;241
7855;15;JAMBI;1505;150502;PESERTA DIDIK;JIWA;2022/2023 GENAP;P;SLB;40
7856;15;JAMBI;1505;150502;PESERTA DIDIK;JIWA;2022/2023 GANJIL;L;TK;404
7857;15;JAMBI;1505;150502;PESERTA DIDIK;JIWA;2022/2023 GANJIL;L;KB;59
7858;15;JAMBI;1505;150502;PESERTA DIDIK;JIWA;2022/2023 GANJIL;L;TPA;0
7859;15;JAMBI;1505;150502;PESERTA DIDIK;JIWA;2022/2023 GANJIL;L;SPS;0
7860;15;JAMBI;1505;150502;PESERTA DIDIK;JIWA;2022/2023 GANJIL;L;PKBM;116
7861;15;JAMBI;1505;150502;PESERTA DIDIK;JIWA;2022/2023 GANJIL;L;SKB;156
7862;15;JAMBI;1505;150502;PESERTA DIDIK;JIWA;2022/2023 GANJIL;L;SD;2,684
7863;15;JAMBI;1505;150502;PESERTA DIDIK;JIWA;2022/2023 GANJIL;L;SMP;950
7864;15;JAMBI;1505;150502;PESERTA DIDIK;JIWA;2022/2023 GANJIL;L;SMA;409
7865;15;JAMBI;1505;150502;PESERTA DIDIK;JIWA;2022/2023 GANJIL;L;SMK;419
7866;15;JAMBI;1505;150502;PESERTA DIDIK;JIWA;2022/2023 GANJIL;L;SLB;75
7867;15;JAMBI;1505;150502;PESERTA DIDIK;JIWA;2022/2023 GANJIL;P;TK;401
7868;15;JAMBI;1505;150502;PESERTA DIDIK;JIWA;2022/2023 GANJIL;P;KB;74
7869;15;JAMBI;1505;150502;PESERTA DIDIK;JIWA;2022/2023 GANJIL;P;TPA;0
7870;15;JAMBI;1505;150502;PESERTA DIDIK;JIWA;2022/2023 GANJIL;P;SPS;0
7871;15;JAMBI;1505;150502;PESERTA DIDIK;JIWA;2022/2023 GANJIL;P;PKBM;74
7872;15;JAMBI;1505;150502;PESERTA DIDIK;JIWA;2022/2023 GANJIL;P;SKB;97
7873;15;JAMBI;1505;150502;PESERTA DIDIK;JIWA;2022/2023 GANJIL;P;SD;2,522
7874;15;JAMBI;1505;150502;PESERTA DIDIK;JIWA;2022/2023 GANJIL;P;SMP;970
7875;15;JAMBI;1505;150502;PESERTA DIDIK;JIWA;2022/2023 GANJIL;P;SMA;441
7876;15;JAMBI;1505;150502;PESERTA DIDIK;JIWA;2022/2023 GANJIL;P;SMK;242
7877;15;JAMBI;1505;150502;PESERTA DIDIK;JIWA;2022/2023 GANJIL;P;SLB;39
7878;15;JAMBI;1506;150613;PESERTA DIDIK;JIWA;2022/2023 GENAP;L;TK;10
7879;15;JAMBI;1506;150613;PESERTA DIDIK;JIWA;2022/2023 GENAP;L;KB;393
7880;15;JAMBI;1506;150613;PESERTA DIDIK;JIWA;2022/2023 GENAP;L;TPA;0
7881;15;JAMBI;1506;150613;PESERTA DIDIK;JIWA;2022/2023 GENAP;L;SPS;0
7882;15;JAMBI;1506;150613;PESERTA DIDIK;JIWA;2022/2023 GENAP;L;PKBM;0
7883;15;JAMBI;1506;150613;PESERTA DIDIK;JIWA;2022/2023 GENAP;L;SKB;0
7884;15;JAMBI;1506;150613;PESERTA DIDIK;JIWA;2022/2023 GENAP;L;SD;1.220
7885;15;JAMBI;1506;150613;PESERTA DIDIK;JIWA;2022/2023 GENAP;L;SMP;262
7886;15;JAMBI;1506;150613;PESERTA DIDIK;JIWA;2022/2023 GENAP;L;SMA;219
7887;15;JAMBI;1506;150613;PESERTA DIDIK;JIWA;2022/2023 GENAP;L;SMK;0
7888;15;JAMBI;1506;150613;PESERTA DIDIK;JIWA;2022/2023 GENAP;L;SLB;0
7889;15;JAMBI;1506;150613;PESERTA DIDIK;JIWA;2022/2023 GENAP;P;TK;11
7890;15;JAMBI;1506;150613;PESERTA DIDIK;JIWA;2022/2023 GENAP;P;KB;383
7891;15;JAMBI;1506;150613;PESERTA DIDIK;JIWA;2022/2023 GENAP;P;TPA;0
7892;15;JAMBI;1506;150613;PESERTA DIDIK;JIWA;2022/2023 GENAP;P;SPS;0
7893;15;JAMBI;1506;150613;PESERTA DIDIK;JIWA;2022/2023 GENAP;P;PKBM;0
7894;15;JAMBI;1506;150613;PESERTA DIDIK;JIWA;2022/2023 GENAP;P;SKB;0
7895;15;JAMBI;1506;150613;PESERTA DIDIK;JIWA;2022/2023 GENAP;P;SD;1.259
7896;15;JAMBI;1506;150613;PESERTA DIDIK;JIWA;2022/2023 GENAP;P;SMP;244
7897;15;JAMBI;1506;150613;PESERTA DIDIK;JIWA;2022/2023 GENAP;P;SMA;216
7898;15;JAMBI;1506;150613;PESERTA DIDIK;JIWA;2022/2023 GENAP;P;SMK;0
7899;15;JAMBI;1506;150613;PESERTA DIDIK;JIWA;2022/2023 GENAP;P;SLB;0
7900;15;JAMBI;1506;150613;PESERTA DIDIK;JIWA;2022/2023 GANJIL;L;TK;10
7901;15;JAMBI;1506;150613;PESERTA DIDIK;JIWA;2022/2023 GANJIL;L;KB;405
7902;15;JAMBI;1506;150613;PESERTA DIDIK;JIWA;2022/2023 GANJIL;L;TPA;0
7903;15;JAMBI;1506;150613;PESERTA DIDIK;JIWA;2022/2023 GANJIL;L;SPS;0
7904;15;JAMBI;1506;150613;PESERTA DIDIK;JIWA;2022/2023 GANJIL;L;PKBM;0
7905;15;JAMBI;1506;150613;PESERTA DIDIK;JIWA;2022/2023 GANJIL;L;SKB;0
7906;15;JAMBI;1506;150613;PESERTA DIDIK;JIWA;2022/2023 GANJIL;L;SD;1,214
7907;15;JAMBI;1506;150613;PESERTA DIDIK;JIWA;2022/2023 GANJIL;L;SMP;262
7908;15;JAMBI;1506;150613;PESERTA DIDIK;JIWA;2022/2023 GANJIL;L;SMA;214
7909;15;JAMBI;1506;150613;PESERTA DIDIK;JIWA;2022/2023 GANJIL;L;SMK;0
7910;15;JAMBI;1506;150613;PESERTA DIDIK;JIWA;2022/2023 GANJIL;L;SLB;0
7911;15;JAMBI;1506;150613;PESERTA DIDIK;JIWA;2022/2023 GANJIL;P;TK;11
7912;15;JAMBI;1506;150613;PESERTA DIDIK;JIWA;2022/2023 GANJIL;P;KB;400
7913;15;JAMBI;1506;150613;PESERTA DIDIK;JIWA;2022/2023 GANJIL;P;TPA;0
7914;15;JAMBI;1506;150613;PESERTA DIDIK;JIWA;2022/2023 GANJIL;P;SPS;0
7915;15;JAMBI;1506;150613;PESERTA DIDIK;JIWA;2022/2023 GANJIL;P;PKBM;0
7916;15;JAMBI;1506;150613;PESERTA DIDIK;JIWA;2022/2023 GANJIL;P;SKB;0
7917;15;JAMBI;1506;150613;PESERTA DIDIK;JIWA;2022/2023 GANJIL;P;SD;1,266
7918;15;JAMBI;1506;150613;PESERTA DIDIK;JIWA;2022/2023 GANJIL;P;SMP;248
7919;15;JAMBI;1506;150613;PESERTA DIDIK;JIWA;2022/2023 GANJIL;P;SMA;221
7920;15;JAMBI;1506;150613;PESERTA DIDIK;JIWA;2022/2023 GANJIL;P;SMK;0
7921;15;JAMBI;1506;150613;PESERTA DIDIK;JIWA;2022/2023 GANJIL;P;SLB;0
7922;15;JAMBI;1509;150910;PESERTA DIDIK;JIWA;2022/2023 GENAP;L;TK;75
7923;15;JAMBI;1509;150910;PESERTA DIDIK;JIWA;2022/2023 GENAP;L;KB;76
7924;15;JAMBI;1509;150910;PESERTA DIDIK;JIWA;2022/2023 GENAP;L;TPA;0
7925;15;JAMBI;1509;150910;PESERTA DIDIK;JIWA;2022/2023 GENAP;L;SPS;0
7926;15;JAMBI;1509;150910;PESERTA DIDIK;JIWA;2022/2023 GENAP;L;PKBM;0
7927;15;JAMBI;1509;150910;PESERTA DIDIK;JIWA;2022/2023 GENAP;L;SKB;0
7928;15;JAMBI;1509;150910;PESERTA DIDIK;JIWA;2022/2023 GENAP;L;SD;637
7929;15;JAMBI;1509;150910;PESERTA DIDIK;JIWA;2022/2023 GENAP;L;SMP;98
7930;15;JAMBI;1509;150910;PESERTA DIDIK;JIWA;2022/2023 GENAP;L;SMA;80
7931;15;JAMBI;1509;150910;PESERTA DIDIK;JIWA;2022/2023 GENAP;L;SMK;0
7932;15;JAMBI;1509;150910;PESERTA DIDIK;JIWA;2022/2023 GENAP;L;SLB;0
7933;15;JAMBI;1509;150910;PESERTA DIDIK;JIWA;2022/2023 GENAP;P;TK;90
7934;15;JAMBI;1509;150910;PESERTA DIDIK;JIWA;2022/2023 GENAP;P;KB;101
7935;15;JAMBI;1509;150910;PESERTA DIDIK;JIWA;2022/2023 GENAP;P;TPA;0
7936;15;JAMBI;1509;150910;PESERTA DIDIK;JIWA;2022/2023 GENAP;P;SPS;0
7937;15;JAMBI;1509;150910;PESERTA DIDIK;JIWA;2022/2023 GENAP;P;PKBM;0
7938;15;JAMBI;1509;150910;PESERTA DIDIK;JIWA;2022/2023 GENAP;P;SKB;0
7939;15;JAMBI;1509;150910;PESERTA DIDIK;JIWA;2022/2023 GENAP;P;SD;558
7940;15;JAMBI;1509;150910;PESERTA DIDIK;JIWA;2022/2023 GENAP;P;SMP;83
7941;15;JAMBI;1509;150910;PESERTA DIDIK;JIWA;2022/2023 GENAP;P;SMA;55
7942;15;JAMBI;1509;150910;PESERTA DIDIK;JIWA;2022/2023 GENAP;P;SMK;0
7943;15;JAMBI;1509;150910;PESERTA DIDIK;JIWA;2022/2023 GENAP;P;SLB;0
7944;15;JAMBI;1509;150910;PESERTA DIDIK;JIWA;2022/2023 GANJIL;L;TK;74
7945;15;JAMBI;1509;150910;PESERTA DIDIK;JIWA;2022/2023 GANJIL;L;KB;74
7946;15;JAMBI;1509;150910;PESERTA DIDIK;JIWA;2022/2023 GANJIL;L;TPA;0
7947;15;JAMBI;1509;150910;PESERTA DIDIK;JIWA;2022/2023 GANJIL;L;SPS;0
7948;15;JAMBI;1509;150910;PESERTA DIDIK;JIWA;2022/2023 GANJIL;L;PKBM;0
7949;15;JAMBI;1509;150910;PESERTA DIDIK;JIWA;2022/2023 GANJIL;L;SKB;0
7950;15;JAMBI;1509;150910;PESERTA DIDIK;JIWA;2022/2023 GANJIL;L;SD;638
7951;15;JAMBI;1509;150910;PESERTA DIDIK;JIWA;2022/2023 GANJIL;L;SMP;97
7952;15;JAMBI;1509;150910;PESERTA DIDIK;JIWA;2022/2023 GANJIL;L;SMA;79
7953;15;JAMBI;1509;150910;PESERTA DIDIK;JIWA;2022/2023 GANJIL;L;SMK;0
7954;15;JAMBI;1509;150910;PESERTA DIDIK;JIWA;2022/2023 GANJIL;L;SLB;0
7955;15;JAMBI;1509;150910;PESERTA DIDIK;JIWA;2022/2023 GANJIL;P;TK;88
7956;15;JAMBI;1509;150910;PESERTA DIDIK;JIWA;2022/2023 GANJIL;P;KB;100
7957;15;JAMBI;1509;150910;PESERTA DIDIK;JIWA;2022/2023 GANJIL;P;TPA;0
7958;15;JAMBI;1509;150910;PESERTA DIDIK;JIWA;2022/2023 GANJIL;P;SPS;0
7959;15;JAMBI;1509;150910;PESERTA DIDIK;JIWA;2022/2023 GANJIL;P;PKBM;0
7960;15;JAMBI;1509;150910;PESERTA DIDIK;JIWA;2022/2023 GANJIL;P;SKB;0
7961;15;JAMBI;1509;150910;PESERTA DIDIK;JIWA;2022/2023 GANJIL;P;SD;556
7962;15;JAMBI;1509;150910;PESERTA DIDIK;JIWA;2022/2023 GANJIL;P;SMP;81
7963;15;JAMBI;1509;150910;PESERTA DIDIK;JIWA;2022/2023 GANJIL;P;SMA;56
7964;15;JAMBI;1509;150910;PESERTA DIDIK;JIWA;2022/2023 GANJIL;P;SMK;0
7965;15;JAMBI;1509;150910;PESERTA DIDIK;JIWA;2022/2023 GANJIL;P;SLB;0
7966;15;JAMBI;1503;150309;PESERTA DIDIK;JIWA;2022/2023 GENAP;L;TK;460
7967;15;JAMBI;1503;150309;PESERTA DIDIK;JIWA;2022/2023 GENAP;L;KB;306
7968;15;JAMBI;1503;150309;PESERTA DIDIK;JIWA;2022/2023 GENAP;L;TPA;14
7969;15;JAMBI;1503;150309;PESERTA DIDIK;JIWA;2022/2023 GENAP;L;SPS;26
7970;15;JAMBI;1503;150309;PESERTA DIDIK;JIWA;2022/2023 GENAP;L;PKBM;160
7971;15;JAMBI;1503;150309;PESERTA DIDIK;JIWA;2022/2023 GENAP;L;SKB;0
7972;15;JAMBI;1503;150309;PESERTA DIDIK;JIWA;2022/2023 GENAP;L;SD;2.135
7973;15;JAMBI;1503;150309;PESERTA DIDIK;JIWA;2022/2023 GENAP;L;SMP;1.126
7974;15;JAMBI;1503;150309;PESERTA DIDIK;JIWA;2022/2023 GENAP;L;SMA;471
7975;15;JAMBI;1503;150309;PESERTA DIDIK;JIWA;2022/2023 GENAP;L;SMK;678
7976;15;JAMBI;1503;150309;PESERTA DIDIK;JIWA;2022/2023 GENAP;L;SLB;0
7977;15;JAMBI;1503;150309;PESERTA DIDIK;JIWA;2022/2023 GENAP;P;TK;408
7978;15;JAMBI;1503;150309;PESERTA DIDIK;JIWA;2022/2023 GENAP;P;KB;336
7979;15;JAMBI;1503;150309;PESERTA DIDIK;JIWA;2022/2023 GENAP;P;TPA;21
7980;15;JAMBI;1503;150309;PESERTA DIDIK;JIWA;2022/2023 GENAP;P;SPS;24
7981;15;JAMBI;1503;150309;PESERTA DIDIK;JIWA;2022/2023 GENAP;P;PKBM;46
7982;15;JAMBI;1503;150309;PESERTA DIDIK;JIWA;2022/2023 GENAP;P;SKB;0
7983;15;JAMBI;1503;150309;PESERTA DIDIK;JIWA;2022/2023 GENAP;P;SD;1.968
7984;15;JAMBI;1503;150309;PESERTA DIDIK;JIWA;2022/2023 GENAP;P;SMP;1.095
7985;15;JAMBI;1503;150309;PESERTA DIDIK;JIWA;2022/2023 GENAP;P;SMA;731
7986;15;JAMBI;1503;150309;PESERTA DIDIK;JIWA;2022/2023 GENAP;P;SMK;376
7987;15;JAMBI;1503;150309;PESERTA DIDIK;JIWA;2022/2023 GENAP;P;SLB;0
7988;15;JAMBI;1503;150309;PESERTA DIDIK;JIWA;2022/2023 GANJIL;L;TK;454
7989;15;JAMBI;1503;150309;PESERTA DIDIK;JIWA;2022/2023 GANJIL;L;KB;315
7990;15;JAMBI;1503;150309;PESERTA DIDIK;JIWA;2022/2023 GANJIL;L;TPA;14
7991;15;JAMBI;1503;150309;PESERTA DIDIK;JIWA;2022/2023 GANJIL;L;SPS;26
7992;15;JAMBI;1503;150309;PESERTA DIDIK;JIWA;2022/2023 GANJIL;L;PKBM;339
7993;15;JAMBI;1503;150309;PESERTA DIDIK;JIWA;2022/2023 GANJIL;L;SKB;0
7994;15;JAMBI;1503;150309;PESERTA DIDIK;JIWA;2022/2023 GANJIL;L;SD;2125
7995;15;JAMBI;1503;150309;PESERTA DIDIK;JIWA;2022/2023 GANJIL;L;SMP;1135
7996;15;JAMBI;1503;150309;PESERTA DIDIK;JIWA;2022/2023 GANJIL;L;SMA;465
7997;15;JAMBI;1503;150309;PESERTA DIDIK;JIWA;2022/2023 GANJIL;L;SMK;682
7998;15;JAMBI;1503;150309;PESERTA DIDIK;JIWA;2022/2023 GANJIL;L;SLB;0
7999;15;JAMBI;1503;150309;PESERTA DIDIK;JIWA;2022/2023 GANJIL;P;TK;407
8000;15;JAMBI;1503;150309;PESERTA DIDIK;JIWA;2022/2023 GANJIL;P;KB;344
8001;15;JAMBI;1503;150309;PESERTA DIDIK;JIWA;2022/2023 GANJIL;P;TPA;21
8002;15;JAMBI;1503;150309;PESERTA DIDIK;JIWA;2022/2023 GANJIL;P;SPS;24
8003;15;JAMBI;1503;150309;PESERTA DIDIK;JIWA;2022/2023 GANJIL;P;PKBM;184
8004;15;JAMBI;1503;150309;PESERTA DIDIK;JIWA;2022/2023 GANJIL;P;SKB;0
8005;15;JAMBI;1503;150309;PESERTA DIDIK;JIWA;2022/2023 GANJIL;P;SD;1964
8006;15;JAMBI;1503;150309;PESERTA DIDIK;JIWA;2022/2023 GANJIL;P;SMP;1095
8007;15;JAMBI;1503;150309;PESERTA DIDIK;JIWA;2022/2023 GANJIL;P;SMA;721
8008;15;JAMBI;1503;150309;PESERTA DIDIK;JIWA;2022/2023 GANJIL;P;SMK;376
8009;15;JAMBI;1503;150309;PESERTA DIDIK;JIWA;2022/2023 GANJIL;P;SLB;0
8010;15;JAMBI;1501;150104;PESERTA DIDIK;JIWA;2022/2023 GENAP;L;TK;60
8011;15;JAMBI;1501;150104;PESERTA DIDIK;JIWA;2022/2023 GENAP;L;KB;222
8012;15;JAMBI;1501;150104;PESERTA DIDIK;JIWA;2022/2023 GENAP;L;TPA;0
8013;15;JAMBI;1501;150104;PESERTA DIDIK;JIWA;2022/2023 GENAP;L;SPS;0
8014;15;JAMBI;1501;150104;PESERTA DIDIK;JIWA;2022/2023 GENAP;L;PKBM;79
8015;15;JAMBI;1501;150104;PESERTA DIDIK;JIWA;2022/2023 GENAP;L;SKB;0
8016;15;JAMBI;1501;150104;PESERTA DIDIK;JIWA;2022/2023 GENAP;L;SD;458
8017;15;JAMBI;1501;150104;PESERTA DIDIK;JIWA;2022/2023 GENAP;L;SMP;110
8018;15;JAMBI;1501;150104;PESERTA DIDIK;JIWA;2022/2023 GENAP;L;SMA;164
8019;15;JAMBI;1501;150104;PESERTA DIDIK;JIWA;2022/2023 GENAP;L;SMK;0
8020;15;JAMBI;1501;150104;PESERTA DIDIK;JIWA;2022/2023 GENAP;L;SLB;0
8021;15;JAMBI;1501;150104;PESERTA DIDIK;JIWA;2022/2023 GENAP;P;TK;46
8022;15;JAMBI;1501;150104;PESERTA DIDIK;JIWA;2022/2023 GENAP;P;KB;196
8023;15;JAMBI;1501;150104;PESERTA DIDIK;JIWA;2022/2023 GENAP;P;TPA;0
8024;15;JAMBI;1501;150104;PESERTA DIDIK;JIWA;2022/2023 GENAP;P;SPS;0
8025;15;JAMBI;1501;150104;PESERTA DIDIK;JIWA;2022/2023 GENAP;P;PKBM;34
8026;15;JAMBI;1501;150104;PESERTA DIDIK;JIWA;2022/2023 GENAP;P;SKB;0
8027;15;JAMBI;1501;150104;PESERTA DIDIK;JIWA;2022/2023 GENAP;P;SD;413
8028;15;JAMBI;1501;150104;PESERTA DIDIK;JIWA;2022/2023 GENAP;P;SMP;100
8029;15;JAMBI;1501;150104;PESERTA DIDIK;JIWA;2022/2023 GENAP;P;SMA;167
8030;15;JAMBI;1501;150104;PESERTA DIDIK;JIWA;2022/2023 GENAP;P;SMK;0
8031;15;JAMBI;1501;150104;PESERTA DIDIK;JIWA;2022/2023 GENAP;P;SLB;0
8032;15;JAMBI;1501;150104;PESERTA DIDIK;JIWA;2022/2023 GANJIL;L;TK;70
8033;15;JAMBI;1501;150104;PESERTA DIDIK;JIWA;2022/2023 GANJIL;L;KB;221
8034;15;JAMBI;1501;150104;PESERTA DIDIK;JIWA;2022/2023 GANJIL;L;TPA;0
8035;15;JAMBI;1501;150104;PESERTA DIDIK;JIWA;2022/2023 GANJIL;L;SPS;16
8036;15;JAMBI;1501;150104;PESERTA DIDIK;JIWA;2022/2023 GANJIL;L;PKBM;85
8037;15;JAMBI;1501;150104;PESERTA DIDIK;JIWA;2022/2023 GANJIL;L;SKB;0
8038;15;JAMBI;1501;150104;PESERTA DIDIK;JIWA;2022/2023 GANJIL;L;SD;447
8039;15;JAMBI;1501;150104;PESERTA DIDIK;JIWA;2022/2023 GANJIL;L;SMP;126
8040;15;JAMBI;1501;150104;PESERTA DIDIK;JIWA;2022/2023 GANJIL;L;SMA;168
8041;15;JAMBI;1501;150104;PESERTA DIDIK;JIWA;2022/2023 GANJIL;L;SMK;0
8042;15;JAMBI;1501;150104;PESERTA DIDIK;JIWA;2022/2023 GANJIL;L;SLB;0
8043;15;JAMBI;1501;150104;PESERTA DIDIK;JIWA;2022/2023 GANJIL;P;TK;59
8044;15;JAMBI;1501;150104;PESERTA DIDIK;JIWA;2022/2023 GANJIL;P;KB;196
8045;15;JAMBI;1501;150104;PESERTA DIDIK;JIWA;2022/2023 GANJIL;P;TPA;0
8046;15;JAMBI;1501;150104;PESERTA DIDIK;JIWA;2022/2023 GANJIL;P;SPS;15
8047;15;JAMBI;1501;150104;PESERTA DIDIK;JIWA;2022/2023 GANJIL;P;PKBM;44
8048;15;JAMBI;1501;150104;PESERTA DIDIK;JIWA;2022/2023 GANJIL;P;SKB;0
8049;15;JAMBI;1501;150104;PESERTA DIDIK;JIWA;2022/2023 GANJIL;P;SD;403
8050;15;JAMBI;1501;150104;PESERTA DIDIK;JIWA;2022/2023 GANJIL;P;SMP;102
8051;15;JAMBI;1501;150104;PESERTA DIDIK;JIWA;2022/2023 GANJIL;P;SMA;161
8052;15;JAMBI;1501;150104;PESERTA DIDIK;JIWA;2022/2023 GANJIL;P;SMK;0
8053;15;JAMBI;1501;150104;PESERTA DIDIK;JIWA;2022/2023 GANJIL;P;SLB;0
8054;15;JAMBI;1501;150116;PESERTA DIDIK;JIWA;2022/2023 GENAP;L;TK;161
8055;15;JAMBI;1501;150116;PESERTA DIDIK;JIWA;2022/2023 GENAP;L;KB;560
8056;15;JAMBI;1501;150116;PESERTA DIDIK;JIWA;2022/2023 GENAP;L;TPA;0
8057;15;JAMBI;1501;150116;PESERTA DIDIK;JIWA;2022/2023 GENAP;L;SPS;59
8058;15;JAMBI;1501;150116;PESERTA DIDIK;JIWA;2022/2023 GENAP;L;PKBM;225
8059;15;JAMBI;1501;150116;PESERTA DIDIK;JIWA;2022/2023 GENAP;L;SKB;0
8060;15;JAMBI;1501;150116;PESERTA DIDIK;JIWA;2022/2023 GENAP;L;SD;951
8061;15;JAMBI;1501;150116;PESERTA DIDIK;JIWA;2022/2023 GENAP;L;SMP;306
8062;15;JAMBI;1501;150116;PESERTA DIDIK;JIWA;2022/2023 GENAP;L;SMA;299
8063;15;JAMBI;1501;150116;PESERTA DIDIK;JIWA;2022/2023 GENAP;L;SMK;0
8064;15;JAMBI;1501;150116;PESERTA DIDIK;JIWA;2022/2023 GENAP;L;SLB;0
8065;15;JAMBI;1501;150116;PESERTA DIDIK;JIWA;2022/2023 GENAP;P;TK;175
8066;15;JAMBI;1501;150116;PESERTA DIDIK;JIWA;2022/2023 GENAP;P;KB;524
8067;15;JAMBI;1501;150116;PESERTA DIDIK;JIWA;2022/2023 GENAP;P;TPA;0
8068;15;JAMBI;1501;150116;PESERTA DIDIK;JIWA;2022/2023 GENAP;P;SPS;66
8069;15;JAMBI;1501;150116;PESERTA DIDIK;JIWA;2022/2023 GENAP;P;PKBM;332
8070;15;JAMBI;1501;150116;PESERTA DIDIK;JIWA;2022/2023 GENAP;P;SKB;0
8071;15;JAMBI;1501;150116;PESERTA DIDIK;JIWA;2022/2023 GENAP;P;SD;973
8072;15;JAMBI;1501;150116;PESERTA DIDIK;JIWA;2022/2023 GENAP;P;SMP;295
8073;15;JAMBI;1501;150116;PESERTA DIDIK;JIWA;2022/2023 GENAP;P;SMA;382
8074;15;JAMBI;1501;150116;PESERTA DIDIK;JIWA;2022/2023 GENAP;P;SMK;0
8075;15;JAMBI;1501;150116;PESERTA DIDIK;JIWA;2022/2023 GENAP;P;SLB;0
8076;15;JAMBI;1501;150116;PESERTA DIDIK;JIWA;2022/2023 GANJIL;L;TK;161
8077;15;JAMBI;1501;150116;PESERTA DIDIK;JIWA;2022/2023 GANJIL;L;KB;637
8078;15;JAMBI;1501;150116;PESERTA DIDIK;JIWA;2022/2023 GANJIL;L;TPA;0
8079;15;JAMBI;1501;150116;PESERTA DIDIK;JIWA;2022/2023 GANJIL;L;SPS;111
8080;15;JAMBI;1501;150116;PESERTA DIDIK;JIWA;2022/2023 GANJIL;L;PKBM;228
8081;15;JAMBI;1501;150116;PESERTA DIDIK;JIWA;2022/2023 GANJIL;L;SKB;0
8082;15;JAMBI;1501;150116;PESERTA DIDIK;JIWA;2022/2023 GANJIL;L;SD;948
8083;15;JAMBI;1501;150116;PESERTA DIDIK;JIWA;2022/2023 GANJIL;L;SMP;300
8084;15;JAMBI;1501;150116;PESERTA DIDIK;JIWA;2022/2023 GANJIL;L;SMA;315
8085;15;JAMBI;1501;150116;PESERTA DIDIK;JIWA;2022/2023 GANJIL;L;SMK;0
8086;15;JAMBI;1501;150116;PESERTA DIDIK;JIWA;2022/2023 GANJIL;L;SLB;0
8087;15;JAMBI;1501;150116;PESERTA DIDIK;JIWA;2022/2023 GANJIL;P;TK;184
8088;15;JAMBI;1501;150116;PESERTA DIDIK;JIWA;2022/2023 GANJIL;P;KB;572
8089;15;JAMBI;1501;150116;PESERTA DIDIK;JIWA;2022/2023 GANJIL;P;TPA;0
8090;15;JAMBI;1501;150116;PESERTA DIDIK;JIWA;2022/2023 GANJIL;P;SPS;125
8091;15;JAMBI;1501;150116;PESERTA DIDIK;JIWA;2022/2023 GANJIL;P;PKBM;332
8092;15;JAMBI;1501;150116;PESERTA DIDIK;JIWA;2022/2023 GANJIL;P;SKB;0
8093;15;JAMBI;1501;150116;PESERTA DIDIK;JIWA;2022/2023 GANJIL;P;SD;964
8094;15;JAMBI;1501;150116;PESERTA DIDIK;JIWA;2022/2023 GANJIL;P;SMP;285
8095;15;JAMBI;1501;150116;PESERTA DIDIK;JIWA;2022/2023 GANJIL;P;SMA;385
8096;15;JAMBI;1501;150116;PESERTA DIDIK;JIWA;2022/2023 GANJIL;P;SMK;0
8097;15;JAMBI;1501;150116;PESERTA DIDIK;JIWA;2022/2023 GANJIL;P;SLB;0
8098;15;JAMBI;1501;150118;PESERTA DIDIK;JIWA;2022/2023 GENAP;L;TK;129
8099;15;JAMBI;1501;150118;PESERTA DIDIK;JIWA;2022/2023 GENAP;L;KB;321
8100;15;JAMBI;1501;150118;PESERTA DIDIK;JIWA;2022/2023 GENAP;L;TPA;18
8101;15;JAMBI;1501;150118;PESERTA DIDIK;JIWA;2022/2023 GENAP;L;SPS;0
8102;15;JAMBI;1501;150118;PESERTA DIDIK;JIWA;2022/2023 GENAP;L;PKBM;155
8103;15;JAMBI;1501;150118;PESERTA DIDIK;JIWA;2022/2023 GENAP;L;SKB;0
8104;15;JAMBI;1501;150118;PESERTA DIDIK;JIWA;2022/2023 GENAP;L;SD;471
8105;15;JAMBI;1501;150118;PESERTA DIDIK;JIWA;2022/2023 GENAP;L;SMP;175
8106;15;JAMBI;1501;150118;PESERTA DIDIK;JIWA;2022/2023 GENAP;L;SMA;33
8107;15;JAMBI;1501;150118;PESERTA DIDIK;JIWA;2022/2023 GENAP;L;SMK;172
8108;15;JAMBI;1501;150118;PESERTA DIDIK;JIWA;2022/2023 GENAP;L;SLB;0
8109;15;JAMBI;1501;150118;PESERTA DIDIK;JIWA;2022/2023 GENAP;P;TK;136
8110;15;JAMBI;1501;150118;PESERTA DIDIK;JIWA;2022/2023 GENAP;P;KB;300
8111;15;JAMBI;1501;150118;PESERTA DIDIK;JIWA;2022/2023 GENAP;P;TPA;20
8112;15;JAMBI;1501;150118;PESERTA DIDIK;JIWA;2022/2023 GENAP;P;SPS;0
8113;15;JAMBI;1501;150118;PESERTA DIDIK;JIWA;2022/2023 GENAP;P;PKBM;149
8114;15;JAMBI;1501;150118;PESERTA DIDIK;JIWA;2022/2023 GENAP;P;SKB;0
8115;15;JAMBI;1501;150118;PESERTA DIDIK;JIWA;2022/2023 GENAP;P;SD;450
8116;15;JAMBI;1501;150118;PESERTA DIDIK;JIWA;2022/2023 GENAP;P;SMP;150
8117;15;JAMBI;1501;150118;PESERTA DIDIK;JIWA;2022/2023 GENAP;P;SMA;36
8118;15;JAMBI;1501;150118;PESERTA DIDIK;JIWA;2022/2023 GENAP;P;SMK;35
8119;15;JAMBI;1501;150118;PESERTA DIDIK;JIWA;2022/2023 GENAP;P;SLB;0
8120;15;JAMBI;1501;150118;PESERTA DIDIK;JIWA;2022/2023 GANJIL;L;TK;131
8121;15;JAMBI;1501;150118;PESERTA DIDIK;JIWA;2022/2023 GANJIL;L;KB;326
8122;15;JAMBI;1501;150118;PESERTA DIDIK;JIWA;2022/2023 GANJIL;L;TPA;18
8123;15;JAMBI;1501;150118;PESERTA DIDIK;JIWA;2022/2023 GANJIL;L;SPS;0
8124;15;JAMBI;1501;150118;PESERTA DIDIK;JIWA;2022/2023 GANJIL;L;PKBM;164
8125;15;JAMBI;1501;150118;PESERTA DIDIK;JIWA;2022/2023 GANJIL;L;SKB;0
8126;15;JAMBI;1501;150118;PESERTA DIDIK;JIWA;2022/2023 GANJIL;L;SD;474
8127;15;JAMBI;1501;150118;PESERTA DIDIK;JIWA;2022/2023 GANJIL;L;SMP;172
8128;15;JAMBI;1501;150118;PESERTA DIDIK;JIWA;2022/2023 GANJIL;L;SMA;32
8129;15;JAMBI;1501;150118;PESERTA DIDIK;JIWA;2022/2023 GANJIL;L;SMK;172
8130;15;JAMBI;1501;150118;PESERTA DIDIK;JIWA;2022/2023 GANJIL;L;SLB;0
8131;15;JAMBI;1501;150118;PESERTA DIDIK;JIWA;2022/2023 GANJIL;P;TK;134
8132;15;JAMBI;1501;150118;PESERTA DIDIK;JIWA;2022/2023 GANJIL;P;KB;308
8133;15;JAMBI;1501;150118;PESERTA DIDIK;JIWA;2022/2023 GANJIL;P;TPA;20
8134;15;JAMBI;1501;150118;PESERTA DIDIK;JIWA;2022/2023 GANJIL;P;SPS;0
8135;15;JAMBI;1501;150118;PESERTA DIDIK;JIWA;2022/2023 GANJIL;P;PKBM;156
8136;15;JAMBI;1501;150118;PESERTA DIDIK;JIWA;2022/2023 GANJIL;P;SKB;0
8137;15;JAMBI;1501;150118;PESERTA DIDIK;JIWA;2022/2023 GANJIL;P;SD;446
8138;15;JAMBI;1501;150118;PESERTA DIDIK;JIWA;2022/2023 GANJIL;P;SMP;146
8139;15;JAMBI;1501;150118;PESERTA DIDIK;JIWA;2022/2023 GANJIL;P;SMA;35
8140;15;JAMBI;1501;150118;PESERTA DIDIK;JIWA;2022/2023 GANJIL;P;SMK;35
8141;15;JAMBI;1501;150118;PESERTA DIDIK;JIWA;2022/2023 GANJIL;P;SLB;0
8142;15;JAMBI;1509;150905;PESERTA DIDIK;JIWA;2022/2023 GENAP;L;TK;126
8143;15;JAMBI;1509;150905;PESERTA DIDIK;JIWA;2022/2023 GENAP;L;KB;180
8144;15;JAMBI;1509;150905;PESERTA DIDIK;JIWA;2022/2023 GENAP;L;TPA;0
8145;15;JAMBI;1509;150905;PESERTA DIDIK;JIWA;2022/2023 GENAP;L;SPS;2
8146;15;JAMBI;1509;150905;PESERTA DIDIK;JIWA;2022/2023 GENAP;L;PKBM;329
8147;15;JAMBI;1509;150905;PESERTA DIDIK;JIWA;2022/2023 GENAP;L;SKB;0
8148;15;JAMBI;1509;150905;PESERTA DIDIK;JIWA;2022/2023 GENAP;L;SD;1.617
8149;15;JAMBI;1509;150905;PESERTA DIDIK;JIWA;2022/2023 GENAP;L;SMP;305
8150;15;JAMBI;1509;150905;PESERTA DIDIK;JIWA;2022/2023 GENAP;L;SMA;145
8151;15;JAMBI;1509;150905;PESERTA DIDIK;JIWA;2022/2023 GENAP;L;SMK;54
8152;15;JAMBI;1509;150905;PESERTA DIDIK;JIWA;2022/2023 GENAP;L;SLB;0
8153;15;JAMBI;1509;150905;PESERTA DIDIK;JIWA;2022/2023 GENAP;P;TK;129
8154;15;JAMBI;1509;150905;PESERTA DIDIK;JIWA;2022/2023 GENAP;P;KB;171
8155;15;JAMBI;1509;150905;PESERTA DIDIK;JIWA;2022/2023 GENAP;P;TPA;0
8156;15;JAMBI;1509;150905;PESERTA DIDIK;JIWA;2022/2023 GENAP;P;SPS;4
8157;15;JAMBI;1509;150905;PESERTA DIDIK;JIWA;2022/2023 GENAP;P;PKBM;173
8158;15;JAMBI;1509;150905;PESERTA DIDIK;JIWA;2022/2023 GENAP;P;SKB;0
8159;15;JAMBI;1509;150905;PESERTA DIDIK;JIWA;2022/2023 GENAP;P;SD;1.459
8160;15;JAMBI;1509;150905;PESERTA DIDIK;JIWA;2022/2023 GENAP;P;SMP;298
8161;15;JAMBI;1509;150905;PESERTA DIDIK;JIWA;2022/2023 GENAP;P;SMA;165
8162;15;JAMBI;1509;150905;PESERTA DIDIK;JIWA;2022/2023 GENAP;P;SMK;21
8163;15;JAMBI;1509;150905;PESERTA DIDIK;JIWA;2022/2023 GENAP;P;SLB;0
8164;15;JAMBI;1509;150905;PESERTA DIDIK;JIWA;2022/2023 GANJIL;L;TK;125
8165;15;JAMBI;1509;150905;PESERTA DIDIK;JIWA;2022/2023 GANJIL;L;KB;180
8166;15;JAMBI;1509;150905;PESERTA DIDIK;JIWA;2022/2023 GANJIL;L;TPA;0
8167;15;JAMBI;1509;150905;PESERTA DIDIK;JIWA;2022/2023 GANJIL;L;SPS;2
8168;15;JAMBI;1509;150905;PESERTA DIDIK;JIWA;2022/2023 GANJIL;L;PKBM;324
8169;15;JAMBI;1509;150905;PESERTA DIDIK;JIWA;2022/2023 GANJIL;L;SKB;0
8170;15;JAMBI;1509;150905;PESERTA DIDIK;JIWA;2022/2023 GANJIL;L;SD;1,603
8171;15;JAMBI;1509;150905;PESERTA DIDIK;JIWA;2022/2023 GANJIL;L;SMP;288
8172;15;JAMBI;1509;150905;PESERTA DIDIK;JIWA;2022/2023 GANJIL;L;SMA;144
8173;15;JAMBI;1509;150905;PESERTA DIDIK;JIWA;2022/2023 GANJIL;L;SMK;53
8174;15;JAMBI;1509;150905;PESERTA DIDIK;JIWA;2022/2023 GANJIL;L;SLB;0
8175;15;JAMBI;1509;150905;PESERTA DIDIK;JIWA;2022/2023 GANJIL;P;TK;126
8176;15;JAMBI;1509;150905;PESERTA DIDIK;JIWA;2022/2023 GANJIL;P;KB;171
8177;15;JAMBI;1509;150905;PESERTA DIDIK;JIWA;2022/2023 GANJIL;P;TPA;0
8178;15;JAMBI;1509;150905;PESERTA DIDIK;JIWA;2022/2023 GANJIL;P;SPS;4
8179;15;JAMBI;1509;150905;PESERTA DIDIK;JIWA;2022/2023 GANJIL;P;PKBM;174
8180;15;JAMBI;1509;150905;PESERTA DIDIK;JIWA;2022/2023 GANJIL;P;SKB;0
8181;15;JAMBI;1509;150905;PESERTA DIDIK;JIWA;2022/2023 GANJIL;P;SD;1,434
8182;15;JAMBI;1509;150905;PESERTA DIDIK;JIWA;2022/2023 GANJIL;P;SMP;284
8183;15;JAMBI;1509;150905;PESERTA DIDIK;JIWA;2022/2023 GANJIL;P;SMA;160
8184;15;JAMBI;1509;150905;PESERTA DIDIK;JIWA;2022/2023 GANJIL;P;SMK;20
8185;15;JAMBI;1509;150905;PESERTA DIDIK;JIWA;2022/2023 GANJIL;P;SLB;0
8186;15;JAMBI;1505;150507;PESERTA DIDIK;JIWA;2022/2023 GENAP;L;TK;389
8187;15;JAMBI;1505;150507;PESERTA DIDIK;JIWA;2022/2023 GENAP;L;KB;39
8188;15;JAMBI;1505;150507;PESERTA DIDIK;JIWA;2022/2023 GENAP;L;TPA;0
8189;15;JAMBI;1505;150507;PESERTA DIDIK;JIWA;2022/2023 GENAP;L;SPS;0
8190;15;JAMBI;1505;150507;PESERTA DIDIK;JIWA;2022/2023 GENAP;L;PKBM;0
8191;15;JAMBI;1505;150507;PESERTA DIDIK;JIWA;2022/2023 GENAP;L;SKB;0
8192;15;JAMBI;1505;150507;PESERTA DIDIK;JIWA;2022/2023 GENAP;L;SD;1.875
8193;15;JAMBI;1505;150507;PESERTA DIDIK;JIWA;2022/2023 GENAP;L;SMP;683
8194;15;JAMBI;1505;150507;PESERTA DIDIK;JIWA;2022/2023 GENAP;L;SMA;269
8195;15;JAMBI;1505;150507;PESERTA DIDIK;JIWA;2022/2023 GENAP;L;SMK;850
8196;15;JAMBI;1505;150507;PESERTA DIDIK;JIWA;2022/2023 GENAP;L;SLB;0
8197;15;JAMBI;1505;150507;PESERTA DIDIK;JIWA;2022/2023 GENAP;P;TK;320
8198;15;JAMBI;1505;150507;PESERTA DIDIK;JIWA;2022/2023 GENAP;P;KB;53
8199;15;JAMBI;1505;150507;PESERTA DIDIK;JIWA;2022/2023 GENAP;P;TPA;0
8200;15;JAMBI;1505;150507;PESERTA DIDIK;JIWA;2022/2023 GENAP;P;SPS;0
8201;15;JAMBI;1505;150507;PESERTA DIDIK;JIWA;2022/2023 GENAP;P;PKBM;0
8202;15;JAMBI;1505;150507;PESERTA DIDIK;JIWA;2022/2023 GENAP;P;SKB;0
8203;15;JAMBI;1505;150507;PESERTA DIDIK;JIWA;2022/2023 GENAP;P;SD;1.744
8204;15;JAMBI;1505;150507;PESERTA DIDIK;JIWA;2022/2023 GENAP;P;SMP;673
8205;15;JAMBI;1505;150507;PESERTA DIDIK;JIWA;2022/2023 GENAP;P;SMA;444
8206;15;JAMBI;1505;150507;PESERTA DIDIK;JIWA;2022/2023 GENAP;P;SMK;630
8207;15;JAMBI;1505;150507;PESERTA DIDIK;JIWA;2022/2023 GENAP;P;SLB;0
8208;15;JAMBI;1505;150507;PESERTA DIDIK;JIWA;2022/2023 GANJIL;L;TK;412
8209;15;JAMBI;1505;150507;PESERTA DIDIK;JIWA;2022/2023 GANJIL;L;KB;45
8210;15;JAMBI;1505;150507;PESERTA DIDIK;JIWA;2022/2023 GANJIL;L;TPA;0
8211;15;JAMBI;1505;150507;PESERTA DIDIK;JIWA;2022/2023 GANJIL;L;SPS;0
8212;15;JAMBI;1505;150507;PESERTA DIDIK;JIWA;2022/2023 GANJIL;L;PKBM;0
8213;15;JAMBI;1505;150507;PESERTA DIDIK;JIWA;2022/2023 GANJIL;L;SKB;0
8214;15;JAMBI;1505;150507;PESERTA DIDIK;JIWA;2022/2023 GANJIL;L;SD;1,875
8215;15;JAMBI;1505;150507;PESERTA DIDIK;JIWA;2022/2023 GANJIL;L;SMP;690
8216;15;JAMBI;1505;150507;PESERTA DIDIK;JIWA;2022/2023 GANJIL;L;SMA;274
8217;15;JAMBI;1505;150507;PESERTA DIDIK;JIWA;2022/2023 GANJIL;L;SMK;864
8218;15;JAMBI;1505;150507;PESERTA DIDIK;JIWA;2022/2023 GANJIL;L;SLB;0
8219;15;JAMBI;1505;150507;PESERTA DIDIK;JIWA;2022/2023 GANJIL;P;TK;334
8220;15;JAMBI;1505;150507;PESERTA DIDIK;JIWA;2022/2023 GANJIL;P;KB;62
8221;15;JAMBI;1505;150507;PESERTA DIDIK;JIWA;2022/2023 GANJIL;P;TPA;0
8222;15;JAMBI;1505;150507;PESERTA DIDIK;JIWA;2022/2023 GANJIL;P;SPS;0
8223;15;JAMBI;1505;150507;PESERTA DIDIK;JIWA;2022/2023 GANJIL;P;PKBM;0
8224;15;JAMBI;1505;150507;PESERTA DIDIK;JIWA;2022/2023 GANJIL;P;SKB;0
8225;15;JAMBI;1505;150507;PESERTA DIDIK;JIWA;2022/2023 GANJIL;P;SD;1,738
8226;15;JAMBI;1505;150507;PESERTA DIDIK;JIWA;2022/2023 GANJIL;P;SMP;676
8227;15;JAMBI;1505;150507;PESERTA DIDIK;JIWA;2022/2023 GANJIL;P;SMA;439
8228;15;JAMBI;1505;150507;PESERTA DIDIK;JIWA;2022/2023 GANJIL;P;SMK;631
8229;15;JAMBI;1505;150507;PESERTA DIDIK;JIWA;2022/2023 GANJIL;P;SLB;0
8230;15;JAMBI;1572;157208;PESERTA DIDIK;JIWA;2022/2023 GENAP;L;TK;114
8231;15;JAMBI;1572;157208;PESERTA DIDIK;JIWA;2022/2023 GENAP;L;KB;24
8232;15;JAMBI;1572;157208;PESERTA DIDIK;JIWA;2022/2023 GENAP;L;TPA;3
8233;15;JAMBI;1572;157208;PESERTA DIDIK;JIWA;2022/2023 GENAP;L;SPS;25
8234;15;JAMBI;1572;157208;PESERTA DIDIK;JIWA;2022/2023 GENAP;L;PKBM;84
8235;15;JAMBI;1572;157208;PESERTA DIDIK;JIWA;2022/2023 GENAP;L;SKB;0
8236;15;JAMBI;1572;157208;PESERTA DIDIK;JIWA;2022/2023 GENAP;L;SD;670
8237;15;JAMBI;1572;157208;PESERTA DIDIK;JIWA;2022/2023 GENAP;L;SMP;421
8238;15;JAMBI;1572;157208;PESERTA DIDIK;JIWA;2022/2023 GENAP;L;SMA;0
8239;15;JAMBI;1572;157208;PESERTA DIDIK;JIWA;2022/2023 GENAP;L;SMK;0
8240;15;JAMBI;1572;157208;PESERTA DIDIK;JIWA;2022/2023 GENAP;L;SLB;0
8241;15;JAMBI;1572;157208;PESERTA DIDIK;JIWA;2022/2023 GENAP;P;TK;113
8242;15;JAMBI;1572;157208;PESERTA DIDIK;JIWA;2022/2023 GENAP;P;KB;24
8243;15;JAMBI;1572;157208;PESERTA DIDIK;JIWA;2022/2023 GENAP;P;TPA;1
8244;15;JAMBI;1572;157208;PESERTA DIDIK;JIWA;2022/2023 GENAP;P;SPS;39
8245;15;JAMBI;1572;157208;PESERTA DIDIK;JIWA;2022/2023 GENAP;P;PKBM;46
8246;15;JAMBI;1572;157208;PESERTA DIDIK;JIWA;2022/2023 GENAP;P;SKB;0
8247;15;JAMBI;1572;157208;PESERTA DIDIK;JIWA;2022/2023 GENAP;P;SD;612
8248;15;JAMBI;1572;157208;PESERTA DIDIK;JIWA;2022/2023 GENAP;P;SMP;351
8249;15;JAMBI;1572;157208;PESERTA DIDIK;JIWA;2022/2023 GENAP;P;SMA;0
8250;15;JAMBI;1572;157208;PESERTA DIDIK;JIWA;2022/2023 GENAP;P;SMK;0
8251;15;JAMBI;1572;157208;PESERTA DIDIK;JIWA;2022/2023 GENAP;P;SLB;0
8252;15;JAMBI;1572;157208;PESERTA DIDIK;JIWA;2022/2023 GANJIL;L;TK;113
8253;15;JAMBI;1572;157208;PESERTA DIDIK;JIWA;2022/2023 GANJIL;L;KB;23
8254;15;JAMBI;1572;157208;PESERTA DIDIK;JIWA;2022/2023 GANJIL;L;TPA;3
8255;15;JAMBI;1572;157208;PESERTA DIDIK;JIWA;2022/2023 GANJIL;L;SPS;32
8256;15;JAMBI;1572;157208;PESERTA DIDIK;JIWA;2022/2023 GANJIL;L;PKBM;83
8257;15;JAMBI;1572;157208;PESERTA DIDIK;JIWA;2022/2023 GANJIL;L;SKB;0
8258;15;JAMBI;1572;157208;PESERTA DIDIK;JIWA;2022/2023 GANJIL;L;SD;676
8259;15;JAMBI;1572;157208;PESERTA DIDIK;JIWA;2022/2023 GANJIL;L;SMP;417
8260;15;JAMBI;1572;157208;PESERTA DIDIK;JIWA;2022/2023 GANJIL;L;SMA;1
8261;15;JAMBI;1572;157208;PESERTA DIDIK;JIWA;2022/2023 GANJIL;L;SMK;0
8262;15;JAMBI;1572;157208;PESERTA DIDIK;JIWA;2022/2023 GANJIL;L;SLB;0
8263;15;JAMBI;1572;157208;PESERTA DIDIK;JIWA;2022/2023 GANJIL;P;TK;113
8264;15;JAMBI;1572;157208;PESERTA DIDIK;JIWA;2022/2023 GANJIL;P;KB;23
8265;15;JAMBI;1572;157208;PESERTA DIDIK;JIWA;2022/2023 GANJIL;P;TPA;1
8266;15;JAMBI;1572;157208;PESERTA DIDIK;JIWA;2022/2023 GANJIL;P;SPS;45
8267;15;JAMBI;1572;157208;PESERTA DIDIK;JIWA;2022/2023 GANJIL;P;PKBM;47
8268;15;JAMBI;1572;157208;PESERTA DIDIK;JIWA;2022/2023 GANJIL;P;SKB;0
8269;15;JAMBI;1572;157208;PESERTA DIDIK;JIWA;2022/2023 GANJIL;P;SD;613
8270;15;JAMBI;1572;157208;PESERTA DIDIK;JIWA;2022/2023 GANJIL;P;SMP;350
8271;15;JAMBI;1572;157208;PESERTA DIDIK;JIWA;2022/2023 GANJIL;P;SMA;2
8272;15;JAMBI;1572;157208;PESERTA DIDIK;JIWA;2022/2023 GANJIL;P;SMK;0
8273;15;JAMBI;1572;157208;PESERTA DIDIK;JIWA;2022/2023 GANJIL;P;SLB;0
8274;15;JAMBI;1505;150508;PESERTA DIDIK;JIWA;2022/2023 GENAP;L;TK;470
8275;15;JAMBI;1505;150508;PESERTA DIDIK;JIWA;2022/2023 GENAP;L;KB;15
8276;15;JAMBI;1505;150508;PESERTA DIDIK;JIWA;2022/2023 GENAP;L;TPA;0
8277;15;JAMBI;1505;150508;PESERTA DIDIK;JIWA;2022/2023 GENAP;L;SPS;0
8278;15;JAMBI;1505;150508;PESERTA DIDIK;JIWA;2022/2023 GENAP;L;PKBM;0
8279;15;JAMBI;1505;150508;PESERTA DIDIK;JIWA;2022/2023 GENAP;L;SKB;0
8280;15;JAMBI;1505;150508;PESERTA DIDIK;JIWA;2022/2023 GENAP;L;SD;3.314
8281;15;JAMBI;1505;150508;PESERTA DIDIK;JIWA;2022/2023 GENAP;L;SMP;989
8282;15;JAMBI;1505;150508;PESERTA DIDIK;JIWA;2022/2023 GENAP;L;SMA;474
8283;15;JAMBI;1505;150508;PESERTA DIDIK;JIWA;2022/2023 GENAP;L;SMK;289
8284;15;JAMBI;1505;150508;PESERTA DIDIK;JIWA;2022/2023 GENAP;L;SLB;0
8285;15;JAMBI;1505;150508;PESERTA DIDIK;JIWA;2022/2023 GENAP;P;TK;463
8286;15;JAMBI;1505;150508;PESERTA DIDIK;JIWA;2022/2023 GENAP;P;KB;9
8287;15;JAMBI;1505;150508;PESERTA DIDIK;JIWA;2022/2023 GENAP;P;TPA;0
8288;15;JAMBI;1505;150508;PESERTA DIDIK;JIWA;2022/2023 GENAP;P;SPS;0
8289;15;JAMBI;1505;150508;PESERTA DIDIK;JIWA;2022/2023 GENAP;P;PKBM;0
8290;15;JAMBI;1505;150508;PESERTA DIDIK;JIWA;2022/2023 GENAP;P;SKB;0
8291;15;JAMBI;1505;150508;PESERTA DIDIK;JIWA;2022/2023 GENAP;P;SD;3.158
8292;15;JAMBI;1505;150508;PESERTA DIDIK;JIWA;2022/2023 GENAP;P;SMP;932
8293;15;JAMBI;1505;150508;PESERTA DIDIK;JIWA;2022/2023 GENAP;P;SMA;502
8294;15;JAMBI;1505;150508;PESERTA DIDIK;JIWA;2022/2023 GENAP;P;SMK;141
8295;15;JAMBI;1505;150508;PESERTA DIDIK;JIWA;2022/2023 GENAP;P;SLB;0
8296;15;JAMBI;1505;150508;PESERTA DIDIK;JIWA;2022/2023 GANJIL;L;TK;477
8297;15;JAMBI;1505;150508;PESERTA DIDIK;JIWA;2022/2023 GANJIL;L;KB;26
8298;15;JAMBI;1505;150508;PESERTA DIDIK;JIWA;2022/2023 GANJIL;L;TPA;0
8299;15;JAMBI;1505;150508;PESERTA DIDIK;JIWA;2022/2023 GANJIL;L;SPS;0
8300;15;JAMBI;1505;150508;PESERTA DIDIK;JIWA;2022/2023 GANJIL;L;PKBM;0
8301;15;JAMBI;1505;150508;PESERTA DIDIK;JIWA;2022/2023 GANJIL;L;SKB;0
8302;15;JAMBI;1505;150508;PESERTA DIDIK;JIWA;2022/2023 GANJIL;L;SD;3,306
8303;15;JAMBI;1505;150508;PESERTA DIDIK;JIWA;2022/2023 GANJIL;L;SMP;996
8304;15;JAMBI;1505;150508;PESERTA DIDIK;JIWA;2022/2023 GANJIL;L;SMA;471
8305;15;JAMBI;1505;150508;PESERTA DIDIK;JIWA;2022/2023 GANJIL;L;SMK;280
8306;15;JAMBI;1505;150508;PESERTA DIDIK;JIWA;2022/2023 GANJIL;L;SLB;0
8307;15;JAMBI;1505;150508;PESERTA DIDIK;JIWA;2022/2023 GANJIL;P;TK;464
8308;15;JAMBI;1505;150508;PESERTA DIDIK;JIWA;2022/2023 GANJIL;P;KB;14
8309;15;JAMBI;1505;150508;PESERTA DIDIK;JIWA;2022/2023 GANJIL;P;TPA;0
8310;15;JAMBI;1505;150508;PESERTA DIDIK;JIWA;2022/2023 GANJIL;P;SPS;0
8311;15;JAMBI;1505;150508;PESERTA DIDIK;JIWA;2022/2023 GANJIL;P;PKBM;0
8312;15;JAMBI;1505;150508;PESERTA DIDIK;JIWA;2022/2023 GANJIL;P;SKB;0
8313;15;JAMBI;1505;150508;PESERTA DIDIK;JIWA;2022/2023 GANJIL;P;SD;3,15
8314;15;JAMBI;1505;150508;PESERTA DIDIK;JIWA;2022/2023 GANJIL;P;SMP;921
8315;15;JAMBI;1505;150508;PESERTA DIDIK;JIWA;2022/2023 GANJIL;P;SMA;494
8316;15;JAMBI;1505;150508;PESERTA DIDIK;JIWA;2022/2023 GANJIL;P;SMK;142
8317;15;JAMBI;1505;150508;PESERTA DIDIK;JIWA;2022/2023 GANJIL;P;SLB;0
8318;15;JAMBI;1502;150204;PESERTA DIDIK;JIWA;2022/2023 GENAP;L;TK;140
8319;15;JAMBI;1502;150204;PESERTA DIDIK;JIWA;2022/2023 GENAP;L;KB;377
8320;15;JAMBI;1502;150204;PESERTA DIDIK;JIWA;2022/2023 GENAP;L;TPA;0
8321;15;JAMBI;1502;150204;PESERTA DIDIK;JIWA;2022/2023 GENAP;L;SPS;170
8322;15;JAMBI;1502;150204;PESERTA DIDIK;JIWA;2022/2023 GENAP;L;PKBM;163
8323;15;JAMBI;1502;150204;PESERTA DIDIK;JIWA;2022/2023 GENAP;L;SKB;0
8324;15;JAMBI;1502;150204;PESERTA DIDIK;JIWA;2022/2023 GENAP;L;SD;693
8325;15;JAMBI;1502;150204;PESERTA DIDIK;JIWA;2022/2023 GENAP;L;SMP;99
8326;15;JAMBI;1502;150204;PESERTA DIDIK;JIWA;2022/2023 GENAP;L;SMA;122
8327;15;JAMBI;1502;150204;PESERTA DIDIK;JIWA;2022/2023 GENAP;L;SMK;0
8328;15;JAMBI;1502;150204;PESERTA DIDIK;JIWA;2022/2023 GENAP;L;SLB;0
8329;15;JAMBI;1502;150204;PESERTA DIDIK;JIWA;2022/2023 GENAP;P;TK;148
8330;15;JAMBI;1502;150204;PESERTA DIDIK;JIWA;2022/2023 GENAP;P;KB;367
8331;15;JAMBI;1502;150204;PESERTA DIDIK;JIWA;2022/2023 GENAP;P;TPA;0
8332;15;JAMBI;1502;150204;PESERTA DIDIK;JIWA;2022/2023 GENAP;P;SPS;199
8333;15;JAMBI;1502;150204;PESERTA DIDIK;JIWA;2022/2023 GENAP;P;PKBM;91
8334;15;JAMBI;1502;150204;PESERTA DIDIK;JIWA;2022/2023 GENAP;P;SKB;0
8335;15;JAMBI;1502;150204;PESERTA DIDIK;JIWA;2022/2023 GENAP;P;SD;671
8336;15;JAMBI;1502;150204;PESERTA DIDIK;JIWA;2022/2023 GENAP;P;SMP;72
8337;15;JAMBI;1502;150204;PESERTA DIDIK;JIWA;2022/2023 GENAP;P;SMA;106
8338;15;JAMBI;1502;150204;PESERTA DIDIK;JIWA;2022/2023 GENAP;P;SMK;0
8339;15;JAMBI;1502;150204;PESERTA DIDIK;JIWA;2022/2023 GENAP;P;SLB;0
8340;15;JAMBI;1502;150204;PESERTA DIDIK;JIWA;2022/2023 GANJIL;L;TK;136
8341;15;JAMBI;1502;150204;PESERTA DIDIK;JIWA;2022/2023 GANJIL;L;KB;346
8342;15;JAMBI;1502;150204;PESERTA DIDIK;JIWA;2022/2023 GANJIL;L;TPA;0
8343;15;JAMBI;1502;150204;PESERTA DIDIK;JIWA;2022/2023 GANJIL;L;SPS;170
8344;15;JAMBI;1502;150204;PESERTA DIDIK;JIWA;2022/2023 GANJIL;L;PKBM;153
8345;15;JAMBI;1502;150204;PESERTA DIDIK;JIWA;2022/2023 GANJIL;L;SKB;0
8346;15;JAMBI;1502;150204;PESERTA DIDIK;JIWA;2022/2023 GANJIL;L;SD;698
8347;15;JAMBI;1502;150204;PESERTA DIDIK;JIWA;2022/2023 GANJIL;L;SMP;94
8348;15;JAMBI;1502;150204;PESERTA DIDIK;JIWA;2022/2023 GANJIL;L;SMA;114
8349;15;JAMBI;1502;150204;PESERTA DIDIK;JIWA;2022/2023 GANJIL;L;SMK;0
8350;15;JAMBI;1502;150204;PESERTA DIDIK;JIWA;2022/2023 GANJIL;L;SLB;0
8351;15;JAMBI;1502;150204;PESERTA DIDIK;JIWA;2022/2023 GANJIL;P;TK;147
8352;15;JAMBI;1502;150204;PESERTA DIDIK;JIWA;2022/2023 GANJIL;P;KB;352
8353;15;JAMBI;1502;150204;PESERTA DIDIK;JIWA;2022/2023 GANJIL;P;TPA;0
8354;15;JAMBI;1502;150204;PESERTA DIDIK;JIWA;2022/2023 GANJIL;P;SPS;199
8355;15;JAMBI;1502;150204;PESERTA DIDIK;JIWA;2022/2023 GANJIL;P;PKBM;83
8356;15;JAMBI;1502;150204;PESERTA DIDIK;JIWA;2022/2023 GANJIL;P;SKB;0
8357;15;JAMBI;1502;150204;PESERTA DIDIK;JIWA;2022/2023 GANJIL;P;SD;668
8358;15;JAMBI;1502;150204;PESERTA DIDIK;JIWA;2022/2023 GANJIL;P;SMP;72
8359;15;JAMBI;1502;150204;PESERTA DIDIK;JIWA;2022/2023 GANJIL;P;SMA;102
8360;15;JAMBI;1502;150204;PESERTA DIDIK;JIWA;2022/2023 GANJIL;P;SMK;0
8361;15;JAMBI;1502;150204;PESERTA DIDIK;JIWA;2022/2023 GANJIL;P;SLB;0
8362;15;JAMBI;1572;157201;PESERTA DIDIK;JIWA;2022/2023 GENAP;L;TK;210
8363;15;JAMBI;1572;157201;PESERTA DIDIK;JIWA;2022/2023 GENAP;L;KB;16
8364;15;JAMBI;1572;157201;PESERTA DIDIK;JIWA;2022/2023 GENAP;L;TPA;0
8365;15;JAMBI;1572;157201;PESERTA DIDIK;JIWA;2022/2023 GENAP;L;SPS;0
8366;15;JAMBI;1572;157201;PESERTA DIDIK;JIWA;2022/2023 GENAP;L;PKBM;0
8367;15;JAMBI;1572;157201;PESERTA DIDIK;JIWA;2022/2023 GENAP;L;SKB;0
8368;15;JAMBI;1572;157201;PESERTA DIDIK;JIWA;2022/2023 GENAP;L;SD;1.219
8369;15;JAMBI;1572;157201;PESERTA DIDIK;JIWA;2022/2023 GENAP;L;SMP;883
8370;15;JAMBI;1572;157201;PESERTA DIDIK;JIWA;2022/2023 GENAP;L;SMA;873
8371;15;JAMBI;1572;157201;PESERTA DIDIK;JIWA;2022/2023 GENAP;L;SMK;0
8372;15;JAMBI;1572;157201;PESERTA DIDIK;JIWA;2022/2023 GENAP;L;SLB;0
8373;15;JAMBI;1572;157201;PESERTA DIDIK;JIWA;2022/2023 GENAP;P;TK;163
8374;15;JAMBI;1572;157201;PESERTA DIDIK;JIWA;2022/2023 GENAP;P;KB;17
8375;15;JAMBI;1572;157201;PESERTA DIDIK;JIWA;2022/2023 GENAP;P;TPA;0
8376;15;JAMBI;1572;157201;PESERTA DIDIK;JIWA;2022/2023 GENAP;P;SPS;0
8377;15;JAMBI;1572;157201;PESERTA DIDIK;JIWA;2022/2023 GENAP;P;PKBM;0
8378;15;JAMBI;1572;157201;PESERTA DIDIK;JIWA;2022/2023 GENAP;P;SKB;0
8379;15;JAMBI;1572;157201;PESERTA DIDIK;JIWA;2022/2023 GENAP;P;SD;1.145
8380;15;JAMBI;1572;157201;PESERTA DIDIK;JIWA;2022/2023 GENAP;P;SMP;819
8381;15;JAMBI;1572;157201;PESERTA DIDIK;JIWA;2022/2023 GENAP;P;SMA;1.154
8382;15;JAMBI;1572;157201;PESERTA DIDIK;JIWA;2022/2023 GENAP;P;SMK;0
8383;15;JAMBI;1572;157201;PESERTA DIDIK;JIWA;2022/2023 GENAP;P;SLB;0
8384;15;JAMBI;1572;157201;PESERTA DIDIK;JIWA;2022/2023 GANJIL;L;TK;209
8385;15;JAMBI;1572;157201;PESERTA DIDIK;JIWA;2022/2023 GANJIL;L;KB;12
8386;15;JAMBI;1572;157201;PESERTA DIDIK;JIWA;2022/2023 GANJIL;L;TPA;0
8387;15;JAMBI;1572;157201;PESERTA DIDIK;JIWA;2022/2023 GANJIL;L;SPS;0
8388;15;JAMBI;1572;157201;PESERTA DIDIK;JIWA;2022/2023 GANJIL;L;PKBM;0
8389;15;JAMBI;1572;157201;PESERTA DIDIK;JIWA;2022/2023 GANJIL;L;SKB;0
8390;15;JAMBI;1572;157201;PESERTA DIDIK;JIWA;2022/2023 GANJIL;L;SD;1131
8391;15;JAMBI;1572;157201;PESERTA DIDIK;JIWA;2022/2023 GANJIL;L;SMP;868
8392;15;JAMBI;1572;157201;PESERTA DIDIK;JIWA;2022/2023 GANJIL;L;SMA;871
8393;15;JAMBI;1572;157201;PESERTA DIDIK;JIWA;2022/2023 GANJIL;L;SMK;0
8394;15;JAMBI;1572;157201;PESERTA DIDIK;JIWA;2022/2023 GANJIL;L;SLB;0
8395;15;JAMBI;1572;157201;PESERTA DIDIK;JIWA;2022/2023 GANJIL;P;TK;161
8396;15;JAMBI;1572;157201;PESERTA DIDIK;JIWA;2022/2023 GANJIL;P;KB;14
8397;15;JAMBI;1572;157201;PESERTA DIDIK;JIWA;2022/2023 GANJIL;P;TPA;0
8398;15;JAMBI;1572;157201;PESERTA DIDIK;JIWA;2022/2023 GANJIL;P;SPS;0
8399;15;JAMBI;1572;157201;PESERTA DIDIK;JIWA;2022/2023 GANJIL;P;PKBM;0
8400;15;JAMBI;1572;157201;PESERTA DIDIK;JIWA;2022/2023 GANJIL;P;SKB;0
8401;15;JAMBI;1572;157201;PESERTA DIDIK;JIWA;2022/2023 GANJIL;P;SD;1064
8402;15;JAMBI;1572;157201;PESERTA DIDIK;JIWA;2022/2023 GANJIL;P;SMP;805
8403;15;JAMBI;1572;157201;PESERTA DIDIK;JIWA;2022/2023 GANJIL;P;SMA;1152
8404;15;JAMBI;1572;157201;PESERTA DIDIK;JIWA;2022/2023 GANJIL;P;SMK;0
8405;15;JAMBI;1572;157201;PESERTA DIDIK;JIWA;2022/2023 GANJIL;P;SLB;0
8406;15;JAMBI;1502;150205;PESERTA DIDIK;JIWA;2022/2023 GENAP;L;TK;134
8407;15;JAMBI;1502;150205;PESERTA DIDIK;JIWA;2022/2023 GENAP;L;KB;12
8408;15;JAMBI;1502;150205;PESERTA DIDIK;JIWA;2022/2023 GENAP;L;TPA;0
8409;15;JAMBI;1502;150205;PESERTA DIDIK;JIWA;2022/2023 GENAP;L;SPS;0
8410;15;JAMBI;1502;150205;PESERTA DIDIK;JIWA;2022/2023 GENAP;L;PKBM;0
8411;15;JAMBI;1502;150205;PESERTA DIDIK;JIWA;2022/2023 GENAP;L;SKB;359
8412;15;JAMBI;1502;150205;PESERTA DIDIK;JIWA;2022/2023 GENAP;L;SD;2.154
8413;15;JAMBI;1502;150205;PESERTA DIDIK;JIWA;2022/2023 GENAP;L;SMP;317
8414;15;JAMBI;1502;150205;PESERTA DIDIK;JIWA;2022/2023 GENAP;L;SMA;196
8415;15;JAMBI;1502;150205;PESERTA DIDIK;JIWA;2022/2023 GENAP;L;SMK;0
8416;15;JAMBI;1502;150205;PESERTA DIDIK;JIWA;2022/2023 GENAP;L;SLB;0
8417;15;JAMBI;1502;150205;PESERTA DIDIK;JIWA;2022/2023 GENAP;P;TK;107
8418;15;JAMBI;1502;150205;PESERTA DIDIK;JIWA;2022/2023 GENAP;P;KB;16
8419;15;JAMBI;1502;150205;PESERTA DIDIK;JIWA;2022/2023 GENAP;P;TPA;0
8420;15;JAMBI;1502;150205;PESERTA DIDIK;JIWA;2022/2023 GENAP;P;SPS;0
8421;15;JAMBI;1502;150205;PESERTA DIDIK;JIWA;2022/2023 GENAP;P;PKBM;0
8422;15;JAMBI;1502;150205;PESERTA DIDIK;JIWA;2022/2023 GENAP;P;SKB;224
8423;15;JAMBI;1502;150205;PESERTA DIDIK;JIWA;2022/2023 GENAP;P;SD;1.944
8424;15;JAMBI;1502;150205;PESERTA DIDIK;JIWA;2022/2023 GENAP;P;SMP;245
8425;15;JAMBI;1502;150205;PESERTA DIDIK;JIWA;2022/2023 GENAP;P;SMA;237
8426;15;JAMBI;1502;150205;PESERTA DIDIK;JIWA;2022/2023 GENAP;P;SMK;0
8427;15;JAMBI;1502;150205;PESERTA DIDIK;JIWA;2022/2023 GENAP;P;SLB;0
8428;15;JAMBI;1502;150205;PESERTA DIDIK;JIWA;2022/2023 GANJIL;L;TK;134
8429;15;JAMBI;1502;150205;PESERTA DIDIK;JIWA;2022/2023 GANJIL;L;KB;12
8430;15;JAMBI;1502;150205;PESERTA DIDIK;JIWA;2022/2023 GANJIL;L;TPA;0
8431;15;JAMBI;1502;150205;PESERTA DIDIK;JIWA;2022/2023 GANJIL;L;SPS;0
8432;15;JAMBI;1502;150205;PESERTA DIDIK;JIWA;2022/2023 GANJIL;L;PKBM;0
8433;15;JAMBI;1502;150205;PESERTA DIDIK;JIWA;2022/2023 GANJIL;L;SKB;364
8434;15;JAMBI;1502;150205;PESERTA DIDIK;JIWA;2022/2023 GANJIL;L;SD;2,157
8435;15;JAMBI;1502;150205;PESERTA DIDIK;JIWA;2022/2023 GANJIL;L;SMP;287
8436;15;JAMBI;1502;150205;PESERTA DIDIK;JIWA;2022/2023 GANJIL;L;SMA;189
8437;15;JAMBI;1502;150205;PESERTA DIDIK;JIWA;2022/2023 GANJIL;L;SMK;0
8438;15;JAMBI;1502;150205;PESERTA DIDIK;JIWA;2022/2023 GANJIL;L;SLB;0
8439;15;JAMBI;1502;150205;PESERTA DIDIK;JIWA;2022/2023 GANJIL;P;TK;107
8440;15;JAMBI;1502;150205;PESERTA DIDIK;JIWA;2022/2023 GANJIL;P;KB;16
8441;15;JAMBI;1502;150205;PESERTA DIDIK;JIWA;2022/2023 GANJIL;P;TPA;0
8442;15;JAMBI;1502;150205;PESERTA DIDIK;JIWA;2022/2023 GANJIL;P;SPS;0
8443;15;JAMBI;1502;150205;PESERTA DIDIK;JIWA;2022/2023 GANJIL;P;PKBM;0
8444;15;JAMBI;1502;150205;PESERTA DIDIK;JIWA;2022/2023 GANJIL;P;SKB;223
8445;15;JAMBI;1502;150205;PESERTA DIDIK;JIWA;2022/2023 GANJIL;P;SD;1,939
8446;15;JAMBI;1502;150205;PESERTA DIDIK;JIWA;2022/2023 GANJIL;P;SMP;235
8447;15;JAMBI;1502;150205;PESERTA DIDIK;JIWA;2022/2023 GANJIL;P;SMA;234
8448;15;JAMBI;1502;150205;PESERTA DIDIK;JIWA;2022/2023 GANJIL;P;SMK;0
8449;15;JAMBI;1502;150205;PESERTA DIDIK;JIWA;2022/2023 GANJIL;P;SLB;0
8450;15;JAMBI;1502;150223;PESERTA DIDIK;JIWA;2022/2023 GENAP;L;TK;108
8451;15;JAMBI;1502;150223;PESERTA DIDIK;JIWA;2022/2023 GENAP;L;KB;42
8452;15;JAMBI;1502;150223;PESERTA DIDIK;JIWA;2022/2023 GENAP;L;TPA;0
8453;15;JAMBI;1502;150223;PESERTA DIDIK;JIWA;2022/2023 GENAP;L;SPS;0
8454;15;JAMBI;1502;150223;PESERTA DIDIK;JIWA;2022/2023 GENAP;L;PKBM;0
8455;15;JAMBI;1502;150223;PESERTA DIDIK;JIWA;2022/2023 GENAP;L;SKB;0
8456;15;JAMBI;1502;150223;PESERTA DIDIK;JIWA;2022/2023 GENAP;L;SD;619
8457;15;JAMBI;1502;150223;PESERTA DIDIK;JIWA;2022/2023 GENAP;L;SMP;94
8458;15;JAMBI;1502;150223;PESERTA DIDIK;JIWA;2022/2023 GENAP;L;SMA;14
8459;15;JAMBI;1502;150223;PESERTA DIDIK;JIWA;2022/2023 GENAP;L;SMK;50
8460;15;JAMBI;1502;150223;PESERTA DIDIK;JIWA;2022/2023 GENAP;L;SLB;0
8461;15;JAMBI;1502;150223;PESERTA DIDIK;JIWA;2022/2023 GENAP;P;TK;103
8462;15;JAMBI;1502;150223;PESERTA DIDIK;JIWA;2022/2023 GENAP;P;KB;42
8463;15;JAMBI;1502;150223;PESERTA DIDIK;JIWA;2022/2023 GENAP;P;TPA;0
8464;15;JAMBI;1502;150223;PESERTA DIDIK;JIWA;2022/2023 GENAP;P;SPS;0
8465;15;JAMBI;1502;150223;PESERTA DIDIK;JIWA;2022/2023 GENAP;P;PKBM;0
8466;15;JAMBI;1502;150223;PESERTA DIDIK;JIWA;2022/2023 GENAP;P;SKB;0
8467;15;JAMBI;1502;150223;PESERTA DIDIK;JIWA;2022/2023 GENAP;P;SD;544
8468;15;JAMBI;1502;150223;PESERTA DIDIK;JIWA;2022/2023 GENAP;P;SMP;78
8469;15;JAMBI;1502;150223;PESERTA DIDIK;JIWA;2022/2023 GENAP;P;SMA;18
8470;15;JAMBI;1502;150223;PESERTA DIDIK;JIWA;2022/2023 GENAP;P;SMK;48
8471;15;JAMBI;1502;150223;PESERTA DIDIK;JIWA;2022/2023 GENAP;P;SLB;0
8472;15;JAMBI;1502;150223;PESERTA DIDIK;JIWA;2022/2023 GANJIL;L;TK;143
8473;15;JAMBI;1502;150223;PESERTA DIDIK;JIWA;2022/2023 GANJIL;L;KB;50
8474;15;JAMBI;1502;150223;PESERTA DIDIK;JIWA;2022/2023 GANJIL;L;TPA;0
8475;15;JAMBI;1502;150223;PESERTA DIDIK;JIWA;2022/2023 GANJIL;L;SPS;0
8476;15;JAMBI;1502;150223;PESERTA DIDIK;JIWA;2022/2023 GANJIL;L;PKBM;0
8477;15;JAMBI;1502;150223;PESERTA DIDIK;JIWA;2022/2023 GANJIL;L;SKB;0
8478;15;JAMBI;1502;150223;PESERTA DIDIK;JIWA;2022/2023 GANJIL;L;SD;583
8479;15;JAMBI;1502;150223;PESERTA DIDIK;JIWA;2022/2023 GANJIL;L;SMP;80
8480;15;JAMBI;1502;150223;PESERTA DIDIK;JIWA;2022/2023 GANJIL;L;SMA;15
8481;15;JAMBI;1502;150223;PESERTA DIDIK;JIWA;2022/2023 GANJIL;L;SMK;48
8482;15;JAMBI;1502;150223;PESERTA DIDIK;JIWA;2022/2023 GANJIL;L;SLB;0
8483;15;JAMBI;1502;150223;PESERTA DIDIK;JIWA;2022/2023 GANJIL;P;TK;122
8484;15;JAMBI;1502;150223;PESERTA DIDIK;JIWA;2022/2023 GANJIL;P;KB;45
8485;15;JAMBI;1502;150223;PESERTA DIDIK;JIWA;2022/2023 GANJIL;P;TPA;0
8486;15;JAMBI;1502;150223;PESERTA DIDIK;JIWA;2022/2023 GANJIL;P;SPS;0
8487;15;JAMBI;1502;150223;PESERTA DIDIK;JIWA;2022/2023 GANJIL;P;PKBM;0
8488;15;JAMBI;1502;150223;PESERTA DIDIK;JIWA;2022/2023 GANJIL;P;SKB;0
8489;15;JAMBI;1502;150223;PESERTA DIDIK;JIWA;2022/2023 GANJIL;P;SD;509
8490;15;JAMBI;1502;150223;PESERTA DIDIK;JIWA;2022/2023 GANJIL;P;SMP;74
8491;15;JAMBI;1502;150223;PESERTA DIDIK;JIWA;2022/2023 GANJIL;P;SMA;19
8492;15;JAMBI;1502;150223;PESERTA DIDIK;JIWA;2022/2023 GANJIL;P;SMK;46
8493;15;JAMBI;1502;150223;PESERTA DIDIK;JIWA;2022/2023 GANJIL;P;SLB;0
8494;15;JAMBI;1502;150214;PESERTA DIDIK;JIWA;2022/2023 GENAP;L;TK;55
8495;15;JAMBI;1502;150214;PESERTA DIDIK;JIWA;2022/2023 GENAP;L;KB;115
8496;15;JAMBI;1502;150214;PESERTA DIDIK;JIWA;2022/2023 GENAP;L;TPA;0
8497;15;JAMBI;1502;150214;PESERTA DIDIK;JIWA;2022/2023 GENAP;L;SPS;63
8498;15;JAMBI;1502;150214;PESERTA DIDIK;JIWA;2022/2023 GENAP;L;PKBM;184
8499;15;JAMBI;1502;150214;PESERTA DIDIK;JIWA;2022/2023 GENAP;L;SKB;0
8500;15;JAMBI;1502;150214;PESERTA DIDIK;JIWA;2022/2023 GENAP;L;SD;549
8501;15;JAMBI;1502;150214;PESERTA DIDIK;JIWA;2022/2023 GENAP;L;SMP;126
8502;15;JAMBI;1502;150214;PESERTA DIDIK;JIWA;2022/2023 GENAP;L;SMA;0
8503;15;JAMBI;1502;150214;PESERTA DIDIK;JIWA;2022/2023 GENAP;L;SMK;43
8504;15;JAMBI;1502;150214;PESERTA DIDIK;JIWA;2022/2023 GENAP;L;SLB;0
8505;15;JAMBI;1502;150214;PESERTA DIDIK;JIWA;2022/2023 GENAP;P;TK;58
8506;15;JAMBI;1502;150214;PESERTA DIDIK;JIWA;2022/2023 GENAP;P;KB;112
8507;15;JAMBI;1502;150214;PESERTA DIDIK;JIWA;2022/2023 GENAP;P;TPA;0
8508;15;JAMBI;1502;150214;PESERTA DIDIK;JIWA;2022/2023 GENAP;P;SPS;72
8509;15;JAMBI;1502;150214;PESERTA DIDIK;JIWA;2022/2023 GENAP;P;PKBM;130
8510;15;JAMBI;1502;150214;PESERTA DIDIK;JIWA;2022/2023 GENAP;P;SKB;0
8511;15;JAMBI;1502;150214;PESERTA DIDIK;JIWA;2022/2023 GENAP;P;SD;546
8512;15;JAMBI;1502;150214;PESERTA DIDIK;JIWA;2022/2023 GENAP;P;SMP;120
8513;15;JAMBI;1502;150214;PESERTA DIDIK;JIWA;2022/2023 GENAP;P;SMA;0
8514;15;JAMBI;1502;150214;PESERTA DIDIK;JIWA;2022/2023 GENAP;P;SMK;27
8515;15;JAMBI;1502;150214;PESERTA DIDIK;JIWA;2022/2023 GENAP;P;SLB;0
8516;15;JAMBI;1502;150214;PESERTA DIDIK;JIWA;2022/2023 GANJIL;L;TK;55
8517;15;JAMBI;1502;150214;PESERTA DIDIK;JIWA;2022/2023 GANJIL;L;KB;115
8518;15;JAMBI;1502;150214;PESERTA DIDIK;JIWA;2022/2023 GANJIL;L;TPA;0
8519;15;JAMBI;1502;150214;PESERTA DIDIK;JIWA;2022/2023 GANJIL;L;SPS;63
8520;15;JAMBI;1502;150214;PESERTA DIDIK;JIWA;2022/2023 GANJIL;L;PKBM;191
8521;15;JAMBI;1502;150214;PESERTA DIDIK;JIWA;2022/2023 GANJIL;L;SKB;0
8522;15;JAMBI;1502;150214;PESERTA DIDIK;JIWA;2022/2023 GANJIL;L;SD;548
8523;15;JAMBI;1502;150214;PESERTA DIDIK;JIWA;2022/2023 GANJIL;L;SMP;127
8524;15;JAMBI;1502;150214;PESERTA DIDIK;JIWA;2022/2023 GANJIL;L;SMA;0
8525;15;JAMBI;1502;150214;PESERTA DIDIK;JIWA;2022/2023 GANJIL;L;SMK;42
8526;15;JAMBI;1502;150214;PESERTA DIDIK;JIWA;2022/2023 GANJIL;L;SLB;0
8527;15;JAMBI;1502;150214;PESERTA DIDIK;JIWA;2022/2023 GANJIL;P;TK;56
8528;15;JAMBI;1502;150214;PESERTA DIDIK;JIWA;2022/2023 GANJIL;P;KB;113
8529;15;JAMBI;1502;150214;PESERTA DIDIK;JIWA;2022/2023 GANJIL;P;TPA;0
8530;15;JAMBI;1502;150214;PESERTA DIDIK;JIWA;2022/2023 GANJIL;P;SPS;72
8531;15;JAMBI;1502;150214;PESERTA DIDIK;JIWA;2022/2023 GANJIL;P;PKBM;129
8532;15;JAMBI;1502;150214;PESERTA DIDIK;JIWA;2022/2023 GANJIL;P;SKB;0
8533;15;JAMBI;1502;150214;PESERTA DIDIK;JIWA;2022/2023 GANJIL;P;SD;544
8534;15;JAMBI;1502;150214;PESERTA DIDIK;JIWA;2022/2023 GANJIL;P;SMP;118
8535;15;JAMBI;1502;150214;PESERTA DIDIK;JIWA;2022/2023 GANJIL;P;SMA;0
8536;15;JAMBI;1502;150214;PESERTA DIDIK;JIWA;2022/2023 GANJIL;P;SMK;29
8537;15;JAMBI;1502;150214;PESERTA DIDIK;JIWA;2022/2023 GANJIL;P;SLB;0
8538;15;JAMBI;1502;150222;PESERTA DIDIK;JIWA;2022/2023 GENAP;L;TK;77
8539;15;JAMBI;1502;150222;PESERTA DIDIK;JIWA;2022/2023 GENAP;L;KB;16
8540;15;JAMBI;1502;150222;PESERTA DIDIK;JIWA;2022/2023 GENAP;L;TPA;0
8541;15;JAMBI;1502;150222;PESERTA DIDIK;JIWA;2022/2023 GENAP;L;SPS;0
8542;15;JAMBI;1502;150222;PESERTA DIDIK;JIWA;2022/2023 GENAP;L;PKBM;0
8543;15;JAMBI;1502;150222;PESERTA DIDIK;JIWA;2022/2023 GENAP;L;SKB;0
8544;15;JAMBI;1502;150222;PESERTA DIDIK;JIWA;2022/2023 GENAP;L;SD;501
8545;15;JAMBI;1502;150222;PESERTA DIDIK;JIWA;2022/2023 GENAP;L;SMP;95
8546;15;JAMBI;1502;150222;PESERTA DIDIK;JIWA;2022/2023 GENAP;L;SMA;48
8547;15;JAMBI;1502;150222;PESERTA DIDIK;JIWA;2022/2023 GENAP;L;SMK;158
8548;15;JAMBI;1502;150222;PESERTA DIDIK;JIWA;2022/2023 GENAP;L;SLB;0
8549;15;JAMBI;1502;150222;PESERTA DIDIK;JIWA;2022/2023 GENAP;P;TK;59
8550;15;JAMBI;1502;150222;PESERTA DIDIK;JIWA;2022/2023 GENAP;P;KB;15
8551;15;JAMBI;1502;150222;PESERTA DIDIK;JIWA;2022/2023 GENAP;P;TPA;0
8552;15;JAMBI;1502;150222;PESERTA DIDIK;JIWA;2022/2023 GENAP;P;SPS;0
8553;15;JAMBI;1502;150222;PESERTA DIDIK;JIWA;2022/2023 GENAP;P;PKBM;0
8554;15;JAMBI;1502;150222;PESERTA DIDIK;JIWA;2022/2023 GENAP;P;SKB;0
8555;15;JAMBI;1502;150222;PESERTA DIDIK;JIWA;2022/2023 GENAP;P;SD;463
8556;15;JAMBI;1502;150222;PESERTA DIDIK;JIWA;2022/2023 GENAP;P;SMP;60
8557;15;JAMBI;1502;150222;PESERTA DIDIK;JIWA;2022/2023 GENAP;P;SMA;31
8558;15;JAMBI;1502;150222;PESERTA DIDIK;JIWA;2022/2023 GENAP;P;SMK;98
8559;15;JAMBI;1502;150222;PESERTA DIDIK;JIWA;2022/2023 GENAP;P;SLB;0
8560;15;JAMBI;1502;150222;PESERTA DIDIK;JIWA;2022/2023 GANJIL;L;TK;78
8561;15;JAMBI;1502;150222;PESERTA DIDIK;JIWA;2022/2023 GANJIL;L;KB;16
8562;15;JAMBI;1502;150222;PESERTA DIDIK;JIWA;2022/2023 GANJIL;L;TPA;0
8563;15;JAMBI;1502;150222;PESERTA DIDIK;JIWA;2022/2023 GANJIL;L;SPS;0
8564;15;JAMBI;1502;150222;PESERTA DIDIK;JIWA;2022/2023 GANJIL;L;PKBM;0
8565;15;JAMBI;1502;150222;PESERTA DIDIK;JIWA;2022/2023 GANJIL;L;SKB;0
8566;15;JAMBI;1502;150222;PESERTA DIDIK;JIWA;2022/2023 GANJIL;L;SD;499
8567;15;JAMBI;1502;150222;PESERTA DIDIK;JIWA;2022/2023 GANJIL;L;SMP;98
8568;15;JAMBI;1502;150222;PESERTA DIDIK;JIWA;2022/2023 GANJIL;L;SMA;50
8569;15;JAMBI;1502;150222;PESERTA DIDIK;JIWA;2022/2023 GANJIL;L;SMK;158
8570;15;JAMBI;1502;150222;PESERTA DIDIK;JIWA;2022/2023 GANJIL;L;SLB;0
8571;15;JAMBI;1502;150222;PESERTA DIDIK;JIWA;2022/2023 GANJIL;P;TK;58
8572;15;JAMBI;1502;150222;PESERTA DIDIK;JIWA;2022/2023 GANJIL;P;KB;15
8573;15;JAMBI;1502;150222;PESERTA DIDIK;JIWA;2022/2023 GANJIL;P;TPA;0
8574;15;JAMBI;1502;150222;PESERTA DIDIK;JIWA;2022/2023 GANJIL;P;SPS;0
8575;15;JAMBI;1502;150222;PESERTA DIDIK;JIWA;2022/2023 GANJIL;P;PKBM;0
8576;15;JAMBI;1502;150222;PESERTA DIDIK;JIWA;2022/2023 GANJIL;P;SKB;0
8577;15;JAMBI;1502;150222;PESERTA DIDIK;JIWA;2022/2023 GANJIL;P;SD;463
8578;15;JAMBI;1502;150222;PESERTA DIDIK;JIWA;2022/2023 GANJIL;P;SMP;64
8579;15;JAMBI;1502;150222;PESERTA DIDIK;JIWA;2022/2023 GANJIL;P;SMA;33
8580;15;JAMBI;1502;150222;PESERTA DIDIK;JIWA;2022/2023 GANJIL;P;SMK;98
8581;15;JAMBI;1502;150222;PESERTA DIDIK;JIWA;2022/2023 GANJIL;P;SLB;0
8582;15;JAMBI;1502;150208;PESERTA DIDIK;JIWA;2022/2023 GENAP;L;TK;344
8583;15;JAMBI;1502;150208;PESERTA DIDIK;JIWA;2022/2023 GENAP;L;KB;48
8584;15;JAMBI;1502;150208;PESERTA DIDIK;JIWA;2022/2023 GENAP;L;TPA;0
8585;15;JAMBI;1502;150208;PESERTA DIDIK;JIWA;2022/2023 GENAP;L;SPS;0
8586;15;JAMBI;1502;150208;PESERTA DIDIK;JIWA;2022/2023 GENAP;L;PKBM;103
8587;15;JAMBI;1502;150208;PESERTA DIDIK;JIWA;2022/2023 GENAP;L;SKB;0
8588;15;JAMBI;1502;150208;PESERTA DIDIK;JIWA;2022/2023 GENAP;L;SD;1.865
8589;15;JAMBI;1502;150208;PESERTA DIDIK;JIWA;2022/2023 GENAP;L;SMP;478
8590;15;JAMBI;1502;150208;PESERTA DIDIK;JIWA;2022/2023 GENAP;L;SMA;262
8591;15;JAMBI;1502;150208;PESERTA DIDIK;JIWA;2022/2023 GENAP;L;SMK;318
8592;15;JAMBI;1502;150208;PESERTA DIDIK;JIWA;2022/2023 GENAP;L;SLB;0
8593;15;JAMBI;1502;150208;PESERTA DIDIK;JIWA;2022/2023 GENAP;P;TK;328
8594;15;JAMBI;1502;150208;PESERTA DIDIK;JIWA;2022/2023 GENAP;P;KB;64
8595;15;JAMBI;1502;150208;PESERTA DIDIK;JIWA;2022/2023 GENAP;P;TPA;0
8596;15;JAMBI;1502;150208;PESERTA DIDIK;JIWA;2022/2023 GENAP;P;SPS;0
8597;15;JAMBI;1502;150208;PESERTA DIDIK;JIWA;2022/2023 GENAP;P;PKBM;46
8598;15;JAMBI;1502;150208;PESERTA DIDIK;JIWA;2022/2023 GENAP;P;SKB;0
8599;15;JAMBI;1502;150208;PESERTA DIDIK;JIWA;2022/2023 GENAP;P;SD;1.715
8600;15;JAMBI;1502;150208;PESERTA DIDIK;JIWA;2022/2023 GENAP;P;SMP;415
8601;15;JAMBI;1502;150208;PESERTA DIDIK;JIWA;2022/2023 GENAP;P;SMA;398
8602;15;JAMBI;1502;150208;PESERTA DIDIK;JIWA;2022/2023 GENAP;P;SMK;180
8603;15;JAMBI;1502;150208;PESERTA DIDIK;JIWA;2022/2023 GENAP;P;SLB;0
8604;15;JAMBI;1502;150208;PESERTA DIDIK;JIWA;2022/2023 GANJIL;L;TK;347
8605;15;JAMBI;1502;150208;PESERTA DIDIK;JIWA;2022/2023 GANJIL;L;KB;49
8606;15;JAMBI;1502;150208;PESERTA DIDIK;JIWA;2022/2023 GANJIL;L;TPA;0
8607;15;JAMBI;1502;150208;PESERTA DIDIK;JIWA;2022/2023 GANJIL;L;SPS;0
8608;15;JAMBI;1502;150208;PESERTA DIDIK;JIWA;2022/2023 GANJIL;L;PKBM;102
8609;15;JAMBI;1502;150208;PESERTA DIDIK;JIWA;2022/2023 GANJIL;L;SKB;0
8610;15;JAMBI;1502;150208;PESERTA DIDIK;JIWA;2022/2023 GANJIL;L;SD;1,861
8611;15;JAMBI;1502;150208;PESERTA DIDIK;JIWA;2022/2023 GANJIL;L;SMP;479
8612;15;JAMBI;1502;150208;PESERTA DIDIK;JIWA;2022/2023 GANJIL;L;SMA;259
8613;15;JAMBI;1502;150208;PESERTA DIDIK;JIWA;2022/2023 GANJIL;L;SMK;304
8614;15;JAMBI;1502;150208;PESERTA DIDIK;JIWA;2022/2023 GANJIL;L;SLB;0
8615;15;JAMBI;1502;150208;PESERTA DIDIK;JIWA;2022/2023 GANJIL;P;TK;325
8616;15;JAMBI;1502;150208;PESERTA DIDIK;JIWA;2022/2023 GANJIL;P;KB;69
8617;15;JAMBI;1502;150208;PESERTA DIDIK;JIWA;2022/2023 GANJIL;P;TPA;0
8618;15;JAMBI;1502;150208;PESERTA DIDIK;JIWA;2022/2023 GANJIL;P;SPS;0
8619;15;JAMBI;1502;150208;PESERTA DIDIK;JIWA;2022/2023 GANJIL;P;PKBM;46
8620;15;JAMBI;1502;150208;PESERTA DIDIK;JIWA;2022/2023 GANJIL;P;SKB;0
8621;15;JAMBI;1502;150208;PESERTA DIDIK;JIWA;2022/2023 GANJIL;P;SD;1,709
8622;15;JAMBI;1502;150208;PESERTA DIDIK;JIWA;2022/2023 GANJIL;P;SMP;411
8623;15;JAMBI;1502;150208;PESERTA DIDIK;JIWA;2022/2023 GANJIL;P;SMA;395
8624;15;JAMBI;1502;150208;PESERTA DIDIK;JIWA;2022/2023 GANJIL;P;SMK;174
8625;15;JAMBI;1502;150208;PESERTA DIDIK;JIWA;2022/2023 GANJIL;P;SLB;0
8626;15;JAMBI;1502;150215;PESERTA DIDIK;JIWA;2022/2023 GENAP;L;TK;32
8627;15;JAMBI;1502;150215;PESERTA DIDIK;JIWA;2022/2023 GENAP;L;KB;76
8628;15;JAMBI;1502;150215;PESERTA DIDIK;JIWA;2022/2023 GENAP;L;TPA;0
8629;15;JAMBI;1502;150215;PESERTA DIDIK;JIWA;2022/2023 GENAP;L;SPS;0
8630;15;JAMBI;1502;150215;PESERTA DIDIK;JIWA;2022/2023 GENAP;L;PKBM;0
8631;15;JAMBI;1502;150215;PESERTA DIDIK;JIWA;2022/2023 GENAP;L;SKB;0
8632;15;JAMBI;1502;150215;PESERTA DIDIK;JIWA;2022/2023 GENAP;L;SD;491
8633;15;JAMBI;1502;150215;PESERTA DIDIK;JIWA;2022/2023 GENAP;L;SMP;87
8634;15;JAMBI;1502;150215;PESERTA DIDIK;JIWA;2022/2023 GENAP;L;SMA;0
8635;15;JAMBI;1502;150215;PESERTA DIDIK;JIWA;2022/2023 GENAP;L;SMK;109
8636;15;JAMBI;1502;150215;PESERTA DIDIK;JIWA;2022/2023 GENAP;L;SLB;0
8637;15;JAMBI;1502;150215;PESERTA DIDIK;JIWA;2022/2023 GENAP;P;TK;46
8638;15;JAMBI;1502;150215;PESERTA DIDIK;JIWA;2022/2023 GENAP;P;KB;81
8639;15;JAMBI;1502;150215;PESERTA DIDIK;JIWA;2022/2023 GENAP;P;TPA;0
8640;15;JAMBI;1502;150215;PESERTA DIDIK;JIWA;2022/2023 GENAP;P;SPS;0
8641;15;JAMBI;1502;150215;PESERTA DIDIK;JIWA;2022/2023 GENAP;P;PKBM;0
8642;15;JAMBI;1502;150215;PESERTA DIDIK;JIWA;2022/2023 GENAP;P;SKB;0
8643;15;JAMBI;1502;150215;PESERTA DIDIK;JIWA;2022/2023 GENAP;P;SD;425
8644;15;JAMBI;1502;150215;PESERTA DIDIK;JIWA;2022/2023 GENAP;P;SMP;74
8645;15;JAMBI;1502;150215;PESERTA DIDIK;JIWA;2022/2023 GENAP;P;SMA;0
8646;15;JAMBI;1502;150215;PESERTA DIDIK;JIWA;2022/2023 GENAP;P;SMK;114
8647;15;JAMBI;1502;150215;PESERTA DIDIK;JIWA;2022/2023 GENAP;P;SLB;0
8648;15;JAMBI;1502;150215;PESERTA DIDIK;JIWA;2022/2023 GANJIL;L;TK;32
8649;15;JAMBI;1502;150215;PESERTA DIDIK;JIWA;2022/2023 GANJIL;L;KB;76
8650;15;JAMBI;1502;150215;PESERTA DIDIK;JIWA;2022/2023 GANJIL;L;TPA;0
8651;15;JAMBI;1502;150215;PESERTA DIDIK;JIWA;2022/2023 GANJIL;L;SPS;0
8652;15;JAMBI;1502;150215;PESERTA DIDIK;JIWA;2022/2023 GANJIL;L;PKBM;0
8653;15;JAMBI;1502;150215;PESERTA DIDIK;JIWA;2022/2023 GANJIL;L;SKB;0
8654;15;JAMBI;1502;150215;PESERTA DIDIK;JIWA;2022/2023 GANJIL;L;SD;493
8655;15;JAMBI;1502;150215;PESERTA DIDIK;JIWA;2022/2023 GANJIL;L;SMP;88
8656;15;JAMBI;1502;150215;PESERTA DIDIK;JIWA;2022/2023 GANJIL;L;SMA;0
8657;15;JAMBI;1502;150215;PESERTA DIDIK;JIWA;2022/2023 GANJIL;L;SMK;116
8658;15;JAMBI;1502;150215;PESERTA DIDIK;JIWA;2022/2023 GANJIL;L;SLB;0
8659;15;JAMBI;1502;150215;PESERTA DIDIK;JIWA;2022/2023 GANJIL;P;TK;47
8660;15;JAMBI;1502;150215;PESERTA DIDIK;JIWA;2022/2023 GANJIL;P;KB;85
8661;15;JAMBI;1502;150215;PESERTA DIDIK;JIWA;2022/2023 GANJIL;P;TPA;0
8662;15;JAMBI;1502;150215;PESERTA DIDIK;JIWA;2022/2023 GANJIL;P;SPS;0
8663;15;JAMBI;1502;150215;PESERTA DIDIK;JIWA;2022/2023 GANJIL;P;PKBM;0
8664;15;JAMBI;1502;150215;PESERTA DIDIK;JIWA;2022/2023 GANJIL;P;SKB;0
8665;15;JAMBI;1502;150215;PESERTA DIDIK;JIWA;2022/2023 GANJIL;P;SD;428
8666;15;JAMBI;1502;150215;PESERTA DIDIK;JIWA;2022/2023 GANJIL;P;SMP;75
8667;15;JAMBI;1502;150215;PESERTA DIDIK;JIWA;2022/2023 GANJIL;P;SMA;0
8668;15;JAMBI;1502;150215;PESERTA DIDIK;JIWA;2022/2023 GANJIL;P;SMK;114
8669;15;JAMBI;1502;150215;PESERTA DIDIK;JIWA;2022/2023 GANJIL;P;SLB;0
8670;15;JAMBI;1502;150207;PESERTA DIDIK;JIWA;2022/2023 GENAP;L;TK;71
8671;15;JAMBI;1502;150207;PESERTA DIDIK;JIWA;2022/2023 GENAP;L;KB;42
8672;15;JAMBI;1502;150207;PESERTA DIDIK;JIWA;2022/2023 GENAP;L;TPA;0
8673;15;JAMBI;1502;150207;PESERTA DIDIK;JIWA;2022/2023 GENAP;L;SPS;0
8674;15;JAMBI;1502;150207;PESERTA DIDIK;JIWA;2022/2023 GENAP;L;PKBM;0
8675;15;JAMBI;1502;150207;PESERTA DIDIK;JIWA;2022/2023 GENAP;L;SKB;0
8676;15;JAMBI;1502;150207;PESERTA DIDIK;JIWA;2022/2023 GENAP;L;SD;449
8677;15;JAMBI;1502;150207;PESERTA DIDIK;JIWA;2022/2023 GENAP;L;SMP;67
8678;15;JAMBI;1502;150207;PESERTA DIDIK;JIWA;2022/2023 GENAP;L;SMA;87
8679;15;JAMBI;1502;150207;PESERTA DIDIK;JIWA;2022/2023 GENAP;L;SMK;0
8680;15;JAMBI;1502;150207;PESERTA DIDIK;JIWA;2022/2023 GENAP;L;SLB;0
8681;15;JAMBI;1502;150207;PESERTA DIDIK;JIWA;2022/2023 GENAP;P;TK;86
8682;15;JAMBI;1502;150207;PESERTA DIDIK;JIWA;2022/2023 GENAP;P;KB;55
8683;15;JAMBI;1502;150207;PESERTA DIDIK;JIWA;2022/2023 GENAP;P;TPA;0
8684;15;JAMBI;1502;150207;PESERTA DIDIK;JIWA;2022/2023 GENAP;P;SPS;0
8685;15;JAMBI;1502;150207;PESERTA DIDIK;JIWA;2022/2023 GENAP;P;PKBM;0
8686;15;JAMBI;1502;150207;PESERTA DIDIK;JIWA;2022/2023 GENAP;P;SKB;0
8687;15;JAMBI;1502;150207;PESERTA DIDIK;JIWA;2022/2023 GENAP;P;SD;394
8688;15;JAMBI;1502;150207;PESERTA DIDIK;JIWA;2022/2023 GENAP;P;SMP;103
8689;15;JAMBI;1502;150207;PESERTA DIDIK;JIWA;2022/2023 GENAP;P;SMA;98
8690;15;JAMBI;1502;150207;PESERTA DIDIK;JIWA;2022/2023 GENAP;P;SMK;0
8691;15;JAMBI;1502;150207;PESERTA DIDIK;JIWA;2022/2023 GENAP;P;SLB;0
8692;15;JAMBI;1502;150207;PESERTA DIDIK;JIWA;2022/2023 GANJIL;L;TK;70
8693;15;JAMBI;1502;150207;PESERTA DIDIK;JIWA;2022/2023 GANJIL;L;KB;42
8694;15;JAMBI;1502;150207;PESERTA DIDIK;JIWA;2022/2023 GANJIL;L;TPA;0
8695;15;JAMBI;1502;150207;PESERTA DIDIK;JIWA;2022/2023 GANJIL;L;SPS;0
8696;15;JAMBI;1502;150207;PESERTA DIDIK;JIWA;2022/2023 GANJIL;L;PKBM;0
8697;15;JAMBI;1502;150207;PESERTA DIDIK;JIWA;2022/2023 GANJIL;L;SKB;0
8698;15;JAMBI;1502;150207;PESERTA DIDIK;JIWA;2022/2023 GANJIL;L;SD;446
8699;15;JAMBI;1502;150207;PESERTA DIDIK;JIWA;2022/2023 GANJIL;L;SMP;64
8700;15;JAMBI;1502;150207;PESERTA DIDIK;JIWA;2022/2023 GANJIL;L;SMA;87
8701;15;JAMBI;1502;150207;PESERTA DIDIK;JIWA;2022/2023 GANJIL;L;SMK;0
8702;15;JAMBI;1502;150207;PESERTA DIDIK;JIWA;2022/2023 GANJIL;L;SLB;0
8703;15;JAMBI;1502;150207;PESERTA DIDIK;JIWA;2022/2023 GANJIL;P;TK;84
8704;15;JAMBI;1502;150207;PESERTA DIDIK;JIWA;2022/2023 GANJIL;P;KB;55
8705;15;JAMBI;1502;150207;PESERTA DIDIK;JIWA;2022/2023 GANJIL;P;TPA;0
8706;15;JAMBI;1502;150207;PESERTA DIDIK;JIWA;2022/2023 GANJIL;P;SPS;0
8707;15;JAMBI;1502;150207;PESERTA DIDIK;JIWA;2022/2023 GANJIL;P;PKBM;0
8708;15;JAMBI;1502;150207;PESERTA DIDIK;JIWA;2022/2023 GANJIL;P;SKB;0
8709;15;JAMBI;1502;150207;PESERTA DIDIK;JIWA;2022/2023 GANJIL;P;SD;392
8710;15;JAMBI;1502;150207;PESERTA DIDIK;JIWA;2022/2023 GANJIL;P;SMP;104
8711;15;JAMBI;1502;150207;PESERTA DIDIK;JIWA;2022/2023 GANJIL;P;SMA;98
8712;15;JAMBI;1502;150207;PESERTA DIDIK;JIWA;2022/2023 GANJIL;P;SMK;0
8713;15;JAMBI;1502;150207;PESERTA DIDIK;JIWA;2022/2023 GANJIL;P;SLB;0
8714;15;JAMBI;1505;150511;PESERTA DIDIK;JIWA;2022/2023 GENAP;L;TK;102
8715;15;JAMBI;1505;150511;PESERTA DIDIK;JIWA;2022/2023 GENAP;L;KB;59
8716;15;JAMBI;1505;150511;PESERTA DIDIK;JIWA;2022/2023 GENAP;L;TPA;0
8717;15;JAMBI;1505;150511;PESERTA DIDIK;JIWA;2022/2023 GENAP;L;SPS;0
8718;15;JAMBI;1505;150511;PESERTA DIDIK;JIWA;2022/2023 GENAP;L;PKBM;0
8719;15;JAMBI;1505;150511;PESERTA DIDIK;JIWA;2022/2023 GENAP;L;SKB;0
8720;15;JAMBI;1505;150511;PESERTA DIDIK;JIWA;2022/2023 GENAP;L;SD;718
8721;15;JAMBI;1505;150511;PESERTA DIDIK;JIWA;2022/2023 GENAP;L;SMP;146
8722;15;JAMBI;1505;150511;PESERTA DIDIK;JIWA;2022/2023 GENAP;L;SMA;0
8723;15;JAMBI;1505;150511;PESERTA DIDIK;JIWA;2022/2023 GENAP;L;SMK;133
8724;15;JAMBI;1505;150511;PESERTA DIDIK;JIWA;2022/2023 GENAP;L;SLB;0
8725;15;JAMBI;1505;150511;PESERTA DIDIK;JIWA;2022/2023 GENAP;P;TK;89
8726;15;JAMBI;1505;150511;PESERTA DIDIK;JIWA;2022/2023 GENAP;P;KB;52
8727;15;JAMBI;1505;150511;PESERTA DIDIK;JIWA;2022/2023 GENAP;P;TPA;0
8728;15;JAMBI;1505;150511;PESERTA DIDIK;JIWA;2022/2023 GENAP;P;SPS;0
8729;15;JAMBI;1505;150511;PESERTA DIDIK;JIWA;2022/2023 GENAP;P;PKBM;0
8730;15;JAMBI;1505;150511;PESERTA DIDIK;JIWA;2022/2023 GENAP;P;SKB;0
8731;15;JAMBI;1505;150511;PESERTA DIDIK;JIWA;2022/2023 GENAP;P;SD;728
8732;15;JAMBI;1505;150511;PESERTA DIDIK;JIWA;2022/2023 GENAP;P;SMP;120
8733;15;JAMBI;1505;150511;PESERTA DIDIK;JIWA;2022/2023 GENAP;P;SMA;0
8734;15;JAMBI;1505;150511;PESERTA DIDIK;JIWA;2022/2023 GENAP;P;SMK;109
8735;15;JAMBI;1505;150511;PESERTA DIDIK;JIWA;2022/2023 GENAP;P;SLB;0
8736;15;JAMBI;1505;150511;PESERTA DIDIK;JIWA;2022/2023 GANJIL;L;TK;102
8737;15;JAMBI;1505;150511;PESERTA DIDIK;JIWA;2022/2023 GANJIL;L;KB;71
8738;15;JAMBI;1505;150511;PESERTA DIDIK;JIWA;2022/2023 GANJIL;L;TPA;0
8739;15;JAMBI;1505;150511;PESERTA DIDIK;JIWA;2022/2023 GANJIL;L;SPS;0
8740;15;JAMBI;1505;150511;PESERTA DIDIK;JIWA;2022/2023 GANJIL;L;PKBM;0
8741;15;JAMBI;1505;150511;PESERTA DIDIK;JIWA;2022/2023 GANJIL;L;SKB;0
8742;15;JAMBI;1505;150511;PESERTA DIDIK;JIWA;2022/2023 GANJIL;L;SD;717
8743;15;JAMBI;1505;150511;PESERTA DIDIK;JIWA;2022/2023 GANJIL;L;SMP;140
8744;15;JAMBI;1505;150511;PESERTA DIDIK;JIWA;2022/2023 GANJIL;L;SMA;0
8745;15;JAMBI;1505;150511;PESERTA DIDIK;JIWA;2022/2023 GANJIL;L;SMK;132
8746;15;JAMBI;1505;150511;PESERTA DIDIK;JIWA;2022/2023 GANJIL;L;SLB;0
8747;15;JAMBI;1505;150511;PESERTA DIDIK;JIWA;2022/2023 GANJIL;P;TK;88
8748;15;JAMBI;1505;150511;PESERTA DIDIK;JIWA;2022/2023 GANJIL;P;KB;62
8749;15;JAMBI;1505;150511;PESERTA DIDIK;JIWA;2022/2023 GANJIL;P;TPA;0
8750;15;JAMBI;1505;150511;PESERTA DIDIK;JIWA;2022/2023 GANJIL;P;SPS;0
8751;15;JAMBI;1505;150511;PESERTA DIDIK;JIWA;2022/2023 GANJIL;P;PKBM;0
8752;15;JAMBI;1505;150511;PESERTA DIDIK;JIWA;2022/2023 GANJIL;P;SKB;0
8753;15;JAMBI;1505;150511;PESERTA DIDIK;JIWA;2022/2023 GANJIL;P;SD;725
8754;15;JAMBI;1505;150511;PESERTA DIDIK;JIWA;2022/2023 GANJIL;P;SMP;108
8755;15;JAMBI;1505;150511;PESERTA DIDIK;JIWA;2022/2023 GANJIL;P;SMA;0
8756;15;JAMBI;1505;150511;PESERTA DIDIK;JIWA;2022/2023 GANJIL;P;SMK;109
8757;15;JAMBI;1505;150511;PESERTA DIDIK;JIWA;2022/2023 GANJIL;P;SLB;0
8758;15;JAMBI;1501;150122;PESERTA DIDIK;JIWA;2022/2023 GENAP;L;TK;0
8759;15;JAMBI;1501;150122;PESERTA DIDIK;JIWA;2022/2023 GENAP;L;KB;147
8760;15;JAMBI;1501;150122;PESERTA DIDIK;JIWA;2022/2023 GENAP;L;TPA;0
8761;15;JAMBI;1501;150122;PESERTA DIDIK;JIWA;2022/2023 GENAP;L;SPS;0
8762;15;JAMBI;1501;150122;PESERTA DIDIK;JIWA;2022/2023 GENAP;L;PKBM;0
8763;15;JAMBI;1501;150122;PESERTA DIDIK;JIWA;2022/2023 GENAP;L;SKB;0
8764;15;JAMBI;1501;150122;PESERTA DIDIK;JIWA;2022/2023 GENAP;L;SD;0
8765;15;JAMBI;1501;150122;PESERTA DIDIK;JIWA;2022/2023 GENAP;L;SMP;0
8766;15;JAMBI;1501;150122;PESERTA DIDIK;JIWA;2022/2023 GENAP;L;SMA;0
8767;15;JAMBI;1501;150122;PESERTA DIDIK;JIWA;2022/2023 GENAP;L;SMK;0
8768;15;JAMBI;1501;150122;PESERTA DIDIK;JIWA;2022/2023 GENAP;L;SLB;0
8769;15;JAMBI;1501;150122;PESERTA DIDIK;JIWA;2022/2023 GENAP;P;TK;0
8770;15;JAMBI;1501;150122;PESERTA DIDIK;JIWA;2022/2023 GENAP;P;KB;110
8771;15;JAMBI;1501;150122;PESERTA DIDIK;JIWA;2022/2023 GENAP;P;TPA;0
8772;15;JAMBI;1501;150122;PESERTA DIDIK;JIWA;2022/2023 GENAP;P;SPS;0
8773;15;JAMBI;1501;150122;PESERTA DIDIK;JIWA;2022/2023 GENAP;P;PKBM;0
8774;15;JAMBI;1501;150122;PESERTA DIDIK;JIWA;2022/2023 GENAP;P;SKB;0
8775;15;JAMBI;1501;150122;PESERTA DIDIK;JIWA;2022/2023 GENAP;P;SD;0
8776;15;JAMBI;1501;150122;PESERTA DIDIK;JIWA;2022/2023 GENAP;P;SMP;0
8777;15;JAMBI;1501;150122;PESERTA DIDIK;JIWA;2022/2023 GENAP;P;SMA;0
8778;15;JAMBI;1501;150122;PESERTA DIDIK;JIWA;2022/2023 GENAP;P;SMK;0
8779;15;JAMBI;1501;150122;PESERTA DIDIK;JIWA;2022/2023 GENAP;P;SLB;0
8780;15;JAMBI;1501;150122;PESERTA DIDIK;JIWA;2022/2023 GANJIL;L;TK;0
8781;15;JAMBI;1501;150122;PESERTA DIDIK;JIWA;2022/2023 GANJIL;L;KB;197
8782;15;JAMBI;1501;150122;PESERTA DIDIK;JIWA;2022/2023 GANJIL;L;TPA;0
8783;15;JAMBI;1501;150122;PESERTA DIDIK;JIWA;2022/2023 GANJIL;L;SPS;0
8784;15;JAMBI;1501;150122;PESERTA DIDIK;JIWA;2022/2023 GANJIL;L;PKBM;0
8785;15;JAMBI;1501;150122;PESERTA DIDIK;JIWA;2022/2023 GANJIL;L;SKB;0
8786;15;JAMBI;1501;150122;PESERTA DIDIK;JIWA;2022/2023 GANJIL;L;SD;0
8787;15;JAMBI;1501;150122;PESERTA DIDIK;JIWA;2022/2023 GANJIL;L;SMP;0
8788;15;JAMBI;1501;150122;PESERTA DIDIK;JIWA;2022/2023 GANJIL;L;SMA;0
8789;15;JAMBI;1501;150122;PESERTA DIDIK;JIWA;2022/2023 GANJIL;L;SMK;0
8790;15;JAMBI;1501;150122;PESERTA DIDIK;JIWA;2022/2023 GANJIL;L;SLB;0
8791;15;JAMBI;1501;150122;PESERTA DIDIK;JIWA;2022/2023 GANJIL;P;TK;0
8792;15;JAMBI;1501;150122;PESERTA DIDIK;JIWA;2022/2023 GANJIL;P;KB;144
8793;15;JAMBI;1501;150122;PESERTA DIDIK;JIWA;2022/2023 GANJIL;P;TPA;0
8794;15;JAMBI;1501;150122;PESERTA DIDIK;JIWA;2022/2023 GANJIL;P;SPS;0
8795;15;JAMBI;1501;150122;PESERTA DIDIK;JIWA;2022/2023 GANJIL;P;PKBM;0
8796;15;JAMBI;1501;150122;PESERTA DIDIK;JIWA;2022/2023 GANJIL;P;SKB;0
8797;15;JAMBI;1501;150122;PESERTA DIDIK;JIWA;2022/2023 GANJIL;P;SD;0
8798;15;JAMBI;1501;150122;PESERTA DIDIK;JIWA;2022/2023 GANJIL;P;SMP;0
8799;15;JAMBI;1501;150122;PESERTA DIDIK;JIWA;2022/2023 GANJIL;P;SMA;0
8800;15;JAMBI;1501;150122;PESERTA DIDIK;JIWA;2022/2023 GANJIL;P;SMK;0
8801;15;JAMBI;1501;150122;PESERTA DIDIK;JIWA;2022/2023 GANJIL;P;SLB;0
8802;15;JAMBI;1572;157204;PESERTA DIDIK;JIWA;2022/2023 GENAP;L;TK;38
8803;15;JAMBI;1572;157204;PESERTA DIDIK;JIWA;2022/2023 GENAP;L;KB;193
8804;15;JAMBI;1572;157204;PESERTA DIDIK;JIWA;2022/2023 GENAP;L;TPA;0
8805;15;JAMBI;1572;157204;PESERTA DIDIK;JIWA;2022/2023 GENAP;L;SPS;0
8806;15;JAMBI;1572;157204;PESERTA DIDIK;JIWA;2022/2023 GENAP;L;PKBM;38
8807;15;JAMBI;1572;157204;PESERTA DIDIK;JIWA;2022/2023 GENAP;L;SKB;0
8808;15;JAMBI;1572;157204;PESERTA DIDIK;JIWA;2022/2023 GENAP;L;SD;353
8809;15;JAMBI;1572;157204;PESERTA DIDIK;JIWA;2022/2023 GENAP;L;SMP;133
8810;15;JAMBI;1572;157204;PESERTA DIDIK;JIWA;2022/2023 GENAP;L;SMA;0
8811;15;JAMBI;1572;157204;PESERTA DIDIK;JIWA;2022/2023 GENAP;L;SMK;230
8812;15;JAMBI;1572;157204;PESERTA DIDIK;JIWA;2022/2023 GENAP;L;SLB;0
8813;15;JAMBI;1572;157204;PESERTA DIDIK;JIWA;2022/2023 GENAP;P;TK;40
8814;15;JAMBI;1572;157204;PESERTA DIDIK;JIWA;2022/2023 GENAP;P;KB;181
8815;15;JAMBI;1572;157204;PESERTA DIDIK;JIWA;2022/2023 GENAP;P;TPA;0
8816;15;JAMBI;1572;157204;PESERTA DIDIK;JIWA;2022/2023 GENAP;P;SPS;0
8817;15;JAMBI;1572;157204;PESERTA DIDIK;JIWA;2022/2023 GENAP;P;PKBM;15
8818;15;JAMBI;1572;157204;PESERTA DIDIK;JIWA;2022/2023 GENAP;P;SKB;0
8819;15;JAMBI;1572;157204;PESERTA DIDIK;JIWA;2022/2023 GENAP;P;SD;308
8820;15;JAMBI;1572;157204;PESERTA DIDIK;JIWA;2022/2023 GENAP;P;SMP;99
8821;15;JAMBI;1572;157204;PESERTA DIDIK;JIWA;2022/2023 GENAP;P;SMA;0
8822;15;JAMBI;1572;157204;PESERTA DIDIK;JIWA;2022/2023 GENAP;P;SMK;55
8823;15;JAMBI;1572;157204;PESERTA DIDIK;JIWA;2022/2023 GENAP;P;SLB;0
8824;15;JAMBI;1572;157204;PESERTA DIDIK;JIWA;2022/2023 GANJIL;L;TK;38
8825;15;JAMBI;1572;157204;PESERTA DIDIK;JIWA;2022/2023 GANJIL;L;KB;191
8826;15;JAMBI;1572;157204;PESERTA DIDIK;JIWA;2022/2023 GANJIL;L;TPA;0
8827;15;JAMBI;1572;157204;PESERTA DIDIK;JIWA;2022/2023 GANJIL;L;SPS;0
8828;15;JAMBI;1572;157204;PESERTA DIDIK;JIWA;2022/2023 GANJIL;L;PKBM;38
8829;15;JAMBI;1572;157204;PESERTA DIDIK;JIWA;2022/2023 GANJIL;L;SKB;0
8830;15;JAMBI;1572;157204;PESERTA DIDIK;JIWA;2022/2023 GANJIL;L;SD;353
8831;15;JAMBI;1572;157204;PESERTA DIDIK;JIWA;2022/2023 GANJIL;L;SMP;131
8832;15;JAMBI;1572;157204;PESERTA DIDIK;JIWA;2022/2023 GANJIL;L;SMA;0
8833;15;JAMBI;1572;157204;PESERTA DIDIK;JIWA;2022/2023 GANJIL;L;SMK;241
8834;15;JAMBI;1572;157204;PESERTA DIDIK;JIWA;2022/2023 GANJIL;L;SLB;0
8835;15;JAMBI;1572;157204;PESERTA DIDIK;JIWA;2022/2023 GANJIL;P;TK;40
8836;15;JAMBI;1572;157204;PESERTA DIDIK;JIWA;2022/2023 GANJIL;P;KB;187
8837;15;JAMBI;1572;157204;PESERTA DIDIK;JIWA;2022/2023 GANJIL;P;TPA;0
8838;15;JAMBI;1572;157204;PESERTA DIDIK;JIWA;2022/2023 GANJIL;P;SPS;0
8839;15;JAMBI;1572;157204;PESERTA DIDIK;JIWA;2022/2023 GANJIL;P;PKBM;15
8840;15;JAMBI;1572;157204;PESERTA DIDIK;JIWA;2022/2023 GANJIL;P;SKB;0
8841;15;JAMBI;1572;157204;PESERTA DIDIK;JIWA;2022/2023 GANJIL;P;SD;311
8842;15;JAMBI;1572;157204;PESERTA DIDIK;JIWA;2022/2023 GANJIL;P;SMP;99
8843;15;JAMBI;1572;157204;PESERTA DIDIK;JIWA;2022/2023 GANJIL;P;SMA;0
8844;15;JAMBI;1572;157204;PESERTA DIDIK;JIWA;2022/2023 GANJIL;P;SMK;58
8845;15;JAMBI;1572;157204;PESERTA DIDIK;JIWA;2022/2023 GANJIL;P;SLB;0
8846;15;JAMBI;1508;150805;PESERTA DIDIK;JIWA;2022/2023 GENAP;L;TK;101
8847;15;JAMBI;1508;150805;PESERTA DIDIK;JIWA;2022/2023 GENAP;L;KB;106
8848;15;JAMBI;1508;150805;PESERTA DIDIK;JIWA;2022/2023 GENAP;L;TPA;0
8849;15;JAMBI;1508;150805;PESERTA DIDIK;JIWA;2022/2023 GENAP;L;SPS;0
8850;15;JAMBI;1508;150805;PESERTA DIDIK;JIWA;2022/2023 GENAP;L;PKBM;52
8851;15;JAMBI;1508;150805;PESERTA DIDIK;JIWA;2022/2023 GENAP;L;SKB;0
8852;15;JAMBI;1508;150805;PESERTA DIDIK;JIWA;2022/2023 GENAP;L;SD;1.136
8853;15;JAMBI;1508;150805;PESERTA DIDIK;JIWA;2022/2023 GENAP;L;SMP;276
8854;15;JAMBI;1508;150805;PESERTA DIDIK;JIWA;2022/2023 GENAP;L;SMA;120
8855;15;JAMBI;1508;150805;PESERTA DIDIK;JIWA;2022/2023 GENAP;L;SMK;320
8856;15;JAMBI;1508;150805;PESERTA DIDIK;JIWA;2022/2023 GENAP;L;SLB;0
8857;15;JAMBI;1508;150805;PESERTA DIDIK;JIWA;2022/2023 GENAP;P;TK;103
8858;15;JAMBI;1508;150805;PESERTA DIDIK;JIWA;2022/2023 GENAP;P;KB;111
8859;15;JAMBI;1508;150805;PESERTA DIDIK;JIWA;2022/2023 GENAP;P;TPA;0
8860;15;JAMBI;1508;150805;PESERTA DIDIK;JIWA;2022/2023 GENAP;P;SPS;0
8861;15;JAMBI;1508;150805;PESERTA DIDIK;JIWA;2022/2023 GENAP;P;PKBM;50
8862;15;JAMBI;1508;150805;PESERTA DIDIK;JIWA;2022/2023 GENAP;P;SKB;0
8863;15;JAMBI;1508;150805;PESERTA DIDIK;JIWA;2022/2023 GENAP;P;SD;1.008
8864;15;JAMBI;1508;150805;PESERTA DIDIK;JIWA;2022/2023 GENAP;P;SMP;291
8865;15;JAMBI;1508;150805;PESERTA DIDIK;JIWA;2022/2023 GENAP;P;SMA;82
8866;15;JAMBI;1508;150805;PESERTA DIDIK;JIWA;2022/2023 GENAP;P;SMK;141
8867;15;JAMBI;1508;150805;PESERTA DIDIK;JIWA;2022/2023 GENAP;P;SLB;0
8868;15;JAMBI;1508;150805;PESERTA DIDIK;JIWA;2022/2023 GANJIL;L;TK;103
8869;15;JAMBI;1508;150805;PESERTA DIDIK;JIWA;2022/2023 GANJIL;L;KB;119
8870;15;JAMBI;1508;150805;PESERTA DIDIK;JIWA;2022/2023 GANJIL;L;TPA;0
8871;15;JAMBI;1508;150805;PESERTA DIDIK;JIWA;2022/2023 GANJIL;L;SPS;0
8872;15;JAMBI;1508;150805;PESERTA DIDIK;JIWA;2022/2023 GANJIL;L;PKBM;47
8873;15;JAMBI;1508;150805;PESERTA DIDIK;JIWA;2022/2023 GANJIL;L;SKB;0
8874;15;JAMBI;1508;150805;PESERTA DIDIK;JIWA;2022/2023 GANJIL;L;SD;1,135
8875;15;JAMBI;1508;150805;PESERTA DIDIK;JIWA;2022/2023 GANJIL;L;SMP;273
8876;15;JAMBI;1508;150805;PESERTA DIDIK;JIWA;2022/2023 GANJIL;L;SMA;118
8877;15;JAMBI;1508;150805;PESERTA DIDIK;JIWA;2022/2023 GANJIL;L;SMK;328
8878;15;JAMBI;1508;150805;PESERTA DIDIK;JIWA;2022/2023 GANJIL;L;SLB;0
8879;15;JAMBI;1508;150805;PESERTA DIDIK;JIWA;2022/2023 GANJIL;P;TK;104
8880;15;JAMBI;1508;150805;PESERTA DIDIK;JIWA;2022/2023 GANJIL;P;KB;125
8881;15;JAMBI;1508;150805;PESERTA DIDIK;JIWA;2022/2023 GANJIL;P;TPA;0
8882;15;JAMBI;1508;150805;PESERTA DIDIK;JIWA;2022/2023 GANJIL;P;SPS;0
8883;15;JAMBI;1508;150805;PESERTA DIDIK;JIWA;2022/2023 GANJIL;P;PKBM;50
8884;15;JAMBI;1508;150805;PESERTA DIDIK;JIWA;2022/2023 GANJIL;P;SKB;0
8885;15;JAMBI;1508;150805;PESERTA DIDIK;JIWA;2022/2023 GANJIL;P;SD;1,017
8886;15;JAMBI;1508;150805;PESERTA DIDIK;JIWA;2022/2023 GANJIL;P;SMP;279
8887;15;JAMBI;1508;150805;PESERTA DIDIK;JIWA;2022/2023 GANJIL;P;SMA;82
8888;15;JAMBI;1508;150805;PESERTA DIDIK;JIWA;2022/2023 GANJIL;P;SMK;143
8889;15;JAMBI;1508;150805;PESERTA DIDIK;JIWA;2022/2023 GANJIL;P;SLB;0
8890;15;JAMBI;1508;150817;PESERTA DIDIK;JIWA;2022/2023 GENAP;L;TK;32
8891;15;JAMBI;1508;150817;PESERTA DIDIK;JIWA;2022/2023 GENAP;L;KB;418
8892;15;JAMBI;1508;150817;PESERTA DIDIK;JIWA;2022/2023 GENAP;L;TPA;0
8893;15;JAMBI;1508;150817;PESERTA DIDIK;JIWA;2022/2023 GENAP;L;SPS;29
8894;15;JAMBI;1508;150817;PESERTA DIDIK;JIWA;2022/2023 GENAP;L;PKBM;200
8895;15;JAMBI;1508;150817;PESERTA DIDIK;JIWA;2022/2023 GENAP;L;SKB;0
8896;15;JAMBI;1508;150817;PESERTA DIDIK;JIWA;2022/2023 GENAP;L;SD;1.237
8897;15;JAMBI;1508;150817;PESERTA DIDIK;JIWA;2022/2023 GENAP;L;SMP;320
8898;15;JAMBI;1508;150817;PESERTA DIDIK;JIWA;2022/2023 GENAP;L;SMA;376
8899;15;JAMBI;1508;150817;PESERTA DIDIK;JIWA;2022/2023 GENAP;L;SMK;19
8900;15;JAMBI;1508;150817;PESERTA DIDIK;JIWA;2022/2023 GENAP;L;SLB;0
8901;15;JAMBI;1508;150817;PESERTA DIDIK;JIWA;2022/2023 GENAP;P;TK;26
8902;15;JAMBI;1508;150817;PESERTA DIDIK;JIWA;2022/2023 GENAP;P;KB;353
8903;15;JAMBI;1508;150817;PESERTA DIDIK;JIWA;2022/2023 GENAP;P;TPA;0
8904;15;JAMBI;1508;150817;PESERTA DIDIK;JIWA;2022/2023 GENAP;P;SPS;27
8905;15;JAMBI;1508;150817;PESERTA DIDIK;JIWA;2022/2023 GENAP;P;PKBM;184
8906;15;JAMBI;1508;150817;PESERTA DIDIK;JIWA;2022/2023 GENAP;P;SKB;0
8907;15;JAMBI;1508;150817;PESERTA DIDIK;JIWA;2022/2023 GENAP;P;SD;1.080
8908;15;JAMBI;1508;150817;PESERTA DIDIK;JIWA;2022/2023 GENAP;P;SMP;332
8909;15;JAMBI;1508;150817;PESERTA DIDIK;JIWA;2022/2023 GENAP;P;SMA;414
8910;15;JAMBI;1508;150817;PESERTA DIDIK;JIWA;2022/2023 GENAP;P;SMK;48
8911;15;JAMBI;1508;150817;PESERTA DIDIK;JIWA;2022/2023 GENAP;P;SLB;0
8912;15;JAMBI;1508;150817;PESERTA DIDIK;JIWA;2022/2023 GANJIL;L;TK;33
8913;15;JAMBI;1508;150817;PESERTA DIDIK;JIWA;2022/2023 GANJIL;L;KB;421
8914;15;JAMBI;1508;150817;PESERTA DIDIK;JIWA;2022/2023 GANJIL;L;TPA;0
8915;15;JAMBI;1508;150817;PESERTA DIDIK;JIWA;2022/2023 GANJIL;L;SPS;29
8916;15;JAMBI;1508;150817;PESERTA DIDIK;JIWA;2022/2023 GANJIL;L;PKBM;210
8917;15;JAMBI;1508;150817;PESERTA DIDIK;JIWA;2022/2023 GANJIL;L;SKB;0
8918;15;JAMBI;1508;150817;PESERTA DIDIK;JIWA;2022/2023 GANJIL;L;SD;1,24
8919;15;JAMBI;1508;150817;PESERTA DIDIK;JIWA;2022/2023 GANJIL;L;SMP;310
8920;15;JAMBI;1508;150817;PESERTA DIDIK;JIWA;2022/2023 GANJIL;L;SMA;378
8921;15;JAMBI;1508;150817;PESERTA DIDIK;JIWA;2022/2023 GANJIL;L;SMK;20
8922;15;JAMBI;1508;150817;PESERTA DIDIK;JIWA;2022/2023 GANJIL;L;SLB;0
8923;15;JAMBI;1508;150817;PESERTA DIDIK;JIWA;2022/2023 GANJIL;P;TK;26
8924;15;JAMBI;1508;150817;PESERTA DIDIK;JIWA;2022/2023 GANJIL;P;KB;359
8925;15;JAMBI;1508;150817;PESERTA DIDIK;JIWA;2022/2023 GANJIL;P;TPA;0
8926;15;JAMBI;1508;150817;PESERTA DIDIK;JIWA;2022/2023 GANJIL;P;SPS;27
8927;15;JAMBI;1508;150817;PESERTA DIDIK;JIWA;2022/2023 GANJIL;P;PKBM;192
8928;15;JAMBI;1508;150817;PESERTA DIDIK;JIWA;2022/2023 GANJIL;P;SKB;0
8929;15;JAMBI;1508;150817;PESERTA DIDIK;JIWA;2022/2023 GANJIL;P;SD;1,078
8930;15;JAMBI;1508;150817;PESERTA DIDIK;JIWA;2022/2023 GANJIL;P;SMP;327
8931;15;JAMBI;1508;150817;PESERTA DIDIK;JIWA;2022/2023 GANJIL;P;SMA;414
8932;15;JAMBI;1508;150817;PESERTA DIDIK;JIWA;2022/2023 GANJIL;P;SMK;44
8933;15;JAMBI;1508;150817;PESERTA DIDIK;JIWA;2022/2023 GANJIL;P;SLB;0
8934;15;JAMBI;1508;150801;PESERTA DIDIK;JIWA;2022/2023 GENAP;L;TK;35
8935;15;JAMBI;1508;150801;PESERTA DIDIK;JIWA;2022/2023 GENAP;L;KB;301
8936;15;JAMBI;1508;150801;PESERTA DIDIK;JIWA;2022/2023 GENAP;L;TPA;0
8937;15;JAMBI;1508;150801;PESERTA DIDIK;JIWA;2022/2023 GENAP;L;SPS;0
8938;15;JAMBI;1508;150801;PESERTA DIDIK;JIWA;2022/2023 GENAP;L;PKBM;52
8939;15;JAMBI;1508;150801;PESERTA DIDIK;JIWA;2022/2023 GENAP;L;SKB;0
8940;15;JAMBI;1508;150801;PESERTA DIDIK;JIWA;2022/2023 GENAP;L;SD;828
8941;15;JAMBI;1508;150801;PESERTA DIDIK;JIWA;2022/2023 GENAP;L;SMP;145
8942;15;JAMBI;1508;150801;PESERTA DIDIK;JIWA;2022/2023 GENAP;L;SMA;205
8943;15;JAMBI;1508;150801;PESERTA DIDIK;JIWA;2022/2023 GENAP;L;SMK;0
8944;15;JAMBI;1508;150801;PESERTA DIDIK;JIWA;2022/2023 GENAP;L;SLB;0
8945;15;JAMBI;1508;150801;PESERTA DIDIK;JIWA;2022/2023 GENAP;P;TK;42
8946;15;JAMBI;1508;150801;PESERTA DIDIK;JIWA;2022/2023 GENAP;P;KB;265
8947;15;JAMBI;1508;150801;PESERTA DIDIK;JIWA;2022/2023 GENAP;P;TPA;0
8948;15;JAMBI;1508;150801;PESERTA DIDIK;JIWA;2022/2023 GENAP;P;SPS;0
8949;15;JAMBI;1508;150801;PESERTA DIDIK;JIWA;2022/2023 GENAP;P;PKBM;44
8950;15;JAMBI;1508;150801;PESERTA DIDIK;JIWA;2022/2023 GENAP;P;SKB;0
8951;15;JAMBI;1508;150801;PESERTA DIDIK;JIWA;2022/2023 GENAP;P;SD;751
8952;15;JAMBI;1508;150801;PESERTA DIDIK;JIWA;2022/2023 GENAP;P;SMP;136
8953;15;JAMBI;1508;150801;PESERTA DIDIK;JIWA;2022/2023 GENAP;P;SMA;232
8954;15;JAMBI;1508;150801;PESERTA DIDIK;JIWA;2022/2023 GENAP;P;SMK;0
8955;15;JAMBI;1508;150801;PESERTA DIDIK;JIWA;2022/2023 GENAP;P;SLB;0
8956;15;JAMBI;1508;150801;PESERTA DIDIK;JIWA;2022/2023 GANJIL;L;TK;36
8957;15;JAMBI;1508;150801;PESERTA DIDIK;JIWA;2022/2023 GANJIL;L;KB;309
8958;15;JAMBI;1508;150801;PESERTA DIDIK;JIWA;2022/2023 GANJIL;L;TPA;0
8959;15;JAMBI;1508;150801;PESERTA DIDIK;JIWA;2022/2023 GANJIL;L;SPS;0
8960;15;JAMBI;1508;150801;PESERTA DIDIK;JIWA;2022/2023 GANJIL;L;PKBM;52
8961;15;JAMBI;1508;150801;PESERTA DIDIK;JIWA;2022/2023 GANJIL;L;SKB;0
8962;15;JAMBI;1508;150801;PESERTA DIDIK;JIWA;2022/2023 GANJIL;L;SD;834
8963;15;JAMBI;1508;150801;PESERTA DIDIK;JIWA;2022/2023 GANJIL;L;SMP;136
8964;15;JAMBI;1508;150801;PESERTA DIDIK;JIWA;2022/2023 GANJIL;L;SMA;207
8965;15;JAMBI;1508;150801;PESERTA DIDIK;JIWA;2022/2023 GANJIL;L;SMK;0
8966;15;JAMBI;1508;150801;PESERTA DIDIK;JIWA;2022/2023 GANJIL;L;SLB;0
8967;15;JAMBI;1508;150801;PESERTA DIDIK;JIWA;2022/2023 GANJIL;P;TK;42
8968;15;JAMBI;1508;150801;PESERTA DIDIK;JIWA;2022/2023 GANJIL;P;KB;272
8969;15;JAMBI;1508;150801;PESERTA DIDIK;JIWA;2022/2023 GANJIL;P;TPA;0
8970;15;JAMBI;1508;150801;PESERTA DIDIK;JIWA;2022/2023 GANJIL;P;SPS;0
8971;15;JAMBI;1508;150801;PESERTA DIDIK;JIWA;2022/2023 GANJIL;P;PKBM;45
8972;15;JAMBI;1508;150801;PESERTA DIDIK;JIWA;2022/2023 GANJIL;P;SKB;0
8973;15;JAMBI;1508;150801;PESERTA DIDIK;JIWA;2022/2023 GANJIL;P;SD;758
8974;15;JAMBI;1508;150801;PESERTA DIDIK;JIWA;2022/2023 GANJIL;P;SMP;135
8975;15;JAMBI;1508;150801;PESERTA DIDIK;JIWA;2022/2023 GANJIL;P;SMA;235
8976;15;JAMBI;1508;150801;PESERTA DIDIK;JIWA;2022/2023 GANJIL;P;SMK;0
8977;15;JAMBI;1508;150801;PESERTA DIDIK;JIWA;2022/2023 GANJIL;P;SLB;0
8978;15;JAMBI;1506;150606;PESERTA DIDIK;JIWA;2022/2023 GENAP;L;TK;337
8979;15;JAMBI;1506;150606;PESERTA DIDIK;JIWA;2022/2023 GENAP;L;KB;138
8980;15;JAMBI;1506;150606;PESERTA DIDIK;JIWA;2022/2023 GENAP;L;TPA;12
8981;15;JAMBI;1506;150606;PESERTA DIDIK;JIWA;2022/2023 GENAP;L;SPS;0
8982;15;JAMBI;1506;150606;PESERTA DIDIK;JIWA;2022/2023 GENAP;L;PKBM;0
8983;15;JAMBI;1506;150606;PESERTA DIDIK;JIWA;2022/2023 GENAP;L;SKB;0
8984;15;JAMBI;1506;150606;PESERTA DIDIK;JIWA;2022/2023 GENAP;L;SD;2.101
8985;15;JAMBI;1506;150606;PESERTA DIDIK;JIWA;2022/2023 GENAP;L;SMP;742
8986;15;JAMBI;1506;150606;PESERTA DIDIK;JIWA;2022/2023 GENAP;L;SMA;403
8987;15;JAMBI;1506;150606;PESERTA DIDIK;JIWA;2022/2023 GENAP;L;SMK;332
8988;15;JAMBI;1506;150606;PESERTA DIDIK;JIWA;2022/2023 GENAP;L;SLB;0
8989;15;JAMBI;1506;150606;PESERTA DIDIK;JIWA;2022/2023 GENAP;P;TK;287
8990;15;JAMBI;1506;150606;PESERTA DIDIK;JIWA;2022/2023 GENAP;P;KB;140
8991;15;JAMBI;1506;150606;PESERTA DIDIK;JIWA;2022/2023 GENAP;P;TPA;14
8992;15;JAMBI;1506;150606;PESERTA DIDIK;JIWA;2022/2023 GENAP;P;SPS;0
8993;15;JAMBI;1506;150606;PESERTA DIDIK;JIWA;2022/2023 GENAP;P;PKBM;0
8994;15;JAMBI;1506;150606;PESERTA DIDIK;JIWA;2022/2023 GENAP;P;SKB;0
8995;15;JAMBI;1506;150606;PESERTA DIDIK;JIWA;2022/2023 GENAP;P;SD;1.749
8996;15;JAMBI;1506;150606;PESERTA DIDIK;JIWA;2022/2023 GENAP;P;SMP;732
8997;15;JAMBI;1506;150606;PESERTA DIDIK;JIWA;2022/2023 GENAP;P;SMA;485
8998;15;JAMBI;1506;150606;PESERTA DIDIK;JIWA;2022/2023 GENAP;P;SMK;246
8999;15;JAMBI;1506;150606;PESERTA DIDIK;JIWA;2022/2023 GENAP;P;SLB;0
9000;15;JAMBI;1506;150606;PESERTA DIDIK;JIWA;2022/2023 GANJIL;L;TK;361
9001;15;JAMBI;1506;150606;PESERTA DIDIK;JIWA;2022/2023 GANJIL;L;KB;116
9002;15;JAMBI;1506;150606;PESERTA DIDIK;JIWA;2022/2023 GANJIL;L;TPA;12
9003;15;JAMBI;1506;150606;PESERTA DIDIK;JIWA;2022/2023 GANJIL;L;SPS;0
9004;15;JAMBI;1506;150606;PESERTA DIDIK;JIWA;2022/2023 GANJIL;L;PKBM;0
9005;15;JAMBI;1506;150606;PESERTA DIDIK;JIWA;2022/2023 GANJIL;L;SKB;0
9006;15;JAMBI;1506;150606;PESERTA DIDIK;JIWA;2022/2023 GANJIL;L;SD;2,095
9007;15;JAMBI;1506;150606;PESERTA DIDIK;JIWA;2022/2023 GANJIL;L;SMP;745
9008;15;JAMBI;1506;150606;PESERTA DIDIK;JIWA;2022/2023 GANJIL;L;SMA;399
9009;15;JAMBI;1506;150606;PESERTA DIDIK;JIWA;2022/2023 GANJIL;L;SMK;343
9010;15;JAMBI;1506;150606;PESERTA DIDIK;JIWA;2022/2023 GANJIL;L;SLB;0
9011;15;JAMBI;1506;150606;PESERTA DIDIK;JIWA;2022/2023 GANJIL;P;TK;308
9012;15;JAMBI;1506;150606;PESERTA DIDIK;JIWA;2022/2023 GANJIL;P;KB;118
9013;15;JAMBI;1506;150606;PESERTA DIDIK;JIWA;2022/2023 GANJIL;P;TPA;14
9014;15;JAMBI;1506;150606;PESERTA DIDIK;JIWA;2022/2023 GANJIL;P;SPS;0
9015;15;JAMBI;1506;150606;PESERTA DIDIK;JIWA;2022/2023 GANJIL;P;PKBM;0
9016;15;JAMBI;1506;150606;PESERTA DIDIK;JIWA;2022/2023 GANJIL;P;SKB;0
9017;15;JAMBI;1506;150606;PESERTA DIDIK;JIWA;2022/2023 GANJIL;P;SD;1,758
9018;15;JAMBI;1506;150606;PESERTA DIDIK;JIWA;2022/2023 GANJIL;P;SMP;728
9019;15;JAMBI;1506;150606;PESERTA DIDIK;JIWA;2022/2023 GANJIL;P;SMA;486
9020;15;JAMBI;1506;150606;PESERTA DIDIK;JIWA;2022/2023 GANJIL;P;SMK;246
9021;15;JAMBI;1506;150606;PESERTA DIDIK;JIWA;2022/2023 GANJIL;P;SLB;0
9022;15;JAMBI;1509;150902;PESERTA DIDIK;JIWA;2022/2023 GENAP;L;TK;221
9023;15;JAMBI;1509;150902;PESERTA DIDIK;JIWA;2022/2023 GENAP;L;KB;145
9024;15;JAMBI;1509;150902;PESERTA DIDIK;JIWA;2022/2023 GENAP;L;TPA;0
9025;15;JAMBI;1509;150902;PESERTA DIDIK;JIWA;2022/2023 GENAP;L;SPS;49
9026;15;JAMBI;1509;150902;PESERTA DIDIK;JIWA;2022/2023 GENAP;L;PKBM;0
9027;15;JAMBI;1509;150902;PESERTA DIDIK;JIWA;2022/2023 GENAP;L;SKB;0
9028;15;JAMBI;1509;150902;PESERTA DIDIK;JIWA;2022/2023 GENAP;L;SD;1.696
9029;15;JAMBI;1509;150902;PESERTA DIDIK;JIWA;2022/2023 GENAP;L;SMP;314
9030;15;JAMBI;1509;150902;PESERTA DIDIK;JIWA;2022/2023 GENAP;L;SMA;268
9031;15;JAMBI;1509;150902;PESERTA DIDIK;JIWA;2022/2023 GENAP;L;SMK;22
9032;15;JAMBI;1509;150902;PESERTA DIDIK;JIWA;2022/2023 GENAP;L;SLB;0
9033;15;JAMBI;1509;150902;PESERTA DIDIK;JIWA;2022/2023 GENAP;P;TK;203
9034;15;JAMBI;1509;150902;PESERTA DIDIK;JIWA;2022/2023 GENAP;P;KB;136
9035;15;JAMBI;1509;150902;PESERTA DIDIK;JIWA;2022/2023 GENAP;P;TPA;0
9036;15;JAMBI;1509;150902;PESERTA DIDIK;JIWA;2022/2023 GENAP;P;SPS;38
9037;15;JAMBI;1509;150902;PESERTA DIDIK;JIWA;2022/2023 GENAP;P;PKBM;0
9038;15;JAMBI;1509;150902;PESERTA DIDIK;JIWA;2022/2023 GENAP;P;SKB;0
9039;15;JAMBI;1509;150902;PESERTA DIDIK;JIWA;2022/2023 GENAP;P;SD;1.504
9040;15;JAMBI;1509;150902;PESERTA DIDIK;JIWA;2022/2023 GENAP;P;SMP;323
9041;15;JAMBI;1509;150902;PESERTA DIDIK;JIWA;2022/2023 GENAP;P;SMA;253
9042;15;JAMBI;1509;150902;PESERTA DIDIK;JIWA;2022/2023 GENAP;P;SMK;32
9043;15;JAMBI;1509;150902;PESERTA DIDIK;JIWA;2022/2023 GENAP;P;SLB;0
9044;15;JAMBI;1509;150902;PESERTA DIDIK;JIWA;2022/2023 GANJIL;L;TK;223
9045;15;JAMBI;1509;150902;PESERTA DIDIK;JIWA;2022/2023 GANJIL;L;KB;140
9046;15;JAMBI;1509;150902;PESERTA DIDIK;JIWA;2022/2023 GANJIL;L;TPA;0
9047;15;JAMBI;1509;150902;PESERTA DIDIK;JIWA;2022/2023 GANJIL;L;SPS;48
9048;15;JAMBI;1509;150902;PESERTA DIDIK;JIWA;2022/2023 GANJIL;L;PKBM;0
9049;15;JAMBI;1509;150902;PESERTA DIDIK;JIWA;2022/2023 GANJIL;L;SKB;0
9050;15;JAMBI;1509;150902;PESERTA DIDIK;JIWA;2022/2023 GANJIL;L;SD;1,692
9051;15;JAMBI;1509;150902;PESERTA DIDIK;JIWA;2022/2023 GANJIL;L;SMP;308
9052;15;JAMBI;1509;150902;PESERTA DIDIK;JIWA;2022/2023 GANJIL;L;SMA;273
9053;15;JAMBI;1509;150902;PESERTA DIDIK;JIWA;2022/2023 GANJIL;L;SMK;24
9054;15;JAMBI;1509;150902;PESERTA DIDIK;JIWA;2022/2023 GANJIL;L;SLB;0
9055;15;JAMBI;1509;150902;PESERTA DIDIK;JIWA;2022/2023 GANJIL;P;TK;202
9056;15;JAMBI;1509;150902;PESERTA DIDIK;JIWA;2022/2023 GANJIL;P;KB;133
9057;15;JAMBI;1509;150902;PESERTA DIDIK;JIWA;2022/2023 GANJIL;P;TPA;0
9058;15;JAMBI;1509;150902;PESERTA DIDIK;JIWA;2022/2023 GANJIL;P;SPS;38
9059;15;JAMBI;1509;150902;PESERTA DIDIK;JIWA;2022/2023 GANJIL;P;PKBM;0
9060;15;JAMBI;1509;150902;PESERTA DIDIK;JIWA;2022/2023 GANJIL;P;SKB;0
9061;15;JAMBI;1509;150902;PESERTA DIDIK;JIWA;2022/2023 GANJIL;P;SD;1,501
9062;15;JAMBI;1509;150902;PESERTA DIDIK;JIWA;2022/2023 GANJIL;P;SMP;321
9063;15;JAMBI;1509;150902;PESERTA DIDIK;JIWA;2022/2023 GANJIL;P;SMA;249
9064;15;JAMBI;1509;150902;PESERTA DIDIK;JIWA;2022/2023 GANJIL;P;SMK;32
9065;15;JAMBI;1509;150902;PESERTA DIDIK;JIWA;2022/2023 GANJIL;P;SLB;0
9066;15;JAMBI;1509;150901;PESERTA DIDIK;JIWA;2022/2023 GENAP;L;TK;275
9067;15;JAMBI;1509;150901;PESERTA DIDIK;JIWA;2022/2023 GENAP;L;KB;186
9068;15;JAMBI;1509;150901;PESERTA DIDIK;JIWA;2022/2023 GENAP;L;TPA;56
9069;15;JAMBI;1509;150901;PESERTA DIDIK;JIWA;2022/2023 GENAP;L;SPS;0
9070;15;JAMBI;1509;150901;PESERTA DIDIK;JIWA;2022/2023 GENAP;L;PKBM;36
9071;15;JAMBI;1509;150901;PESERTA DIDIK;JIWA;2022/2023 GENAP;L;SKB;31
9072;15;JAMBI;1509;150901;PESERTA DIDIK;JIWA;2022/2023 GENAP;L;SD;2.200
9073;15;JAMBI;1509;150901;PESERTA DIDIK;JIWA;2022/2023 GENAP;L;SMP;693
9074;15;JAMBI;1509;150901;PESERTA DIDIK;JIWA;2022/2023 GENAP;L;SMA;413
9075;15;JAMBI;1509;150901;PESERTA DIDIK;JIWA;2022/2023 GENAP;L;SMK;435
9076;15;JAMBI;1509;150901;PESERTA DIDIK;JIWA;2022/2023 GENAP;L;SLB;0
9077;15;JAMBI;1509;150901;PESERTA DIDIK;JIWA;2022/2023 GENAP;P;TK;265
9078;15;JAMBI;1509;150901;PESERTA DIDIK;JIWA;2022/2023 GENAP;P;KB;213
9079;15;JAMBI;1509;150901;PESERTA DIDIK;JIWA;2022/2023 GENAP;P;TPA;37
9080;15;JAMBI;1509;150901;PESERTA DIDIK;JIWA;2022/2023 GENAP;P;SPS;0
9081;15;JAMBI;1509;150901;PESERTA DIDIK;JIWA;2022/2023 GENAP;P;PKBM;25
9082;15;JAMBI;1509;150901;PESERTA DIDIK;JIWA;2022/2023 GENAP;P;SKB;25
9083;15;JAMBI;1509;150901;PESERTA DIDIK;JIWA;2022/2023 GENAP;P;SD;1.952
9084;15;JAMBI;1509;150901;PESERTA DIDIK;JIWA;2022/2023 GENAP;P;SMP;673
9085;15;JAMBI;1509;150901;PESERTA DIDIK;JIWA;2022/2023 GENAP;P;SMA;512
9086;15;JAMBI;1509;150901;PESERTA DIDIK;JIWA;2022/2023 GENAP;P;SMK;357
9087;15;JAMBI;1509;150901;PESERTA DIDIK;JIWA;2022/2023 GENAP;P;SLB;0
9088;15;JAMBI;1509;150901;PESERTA DIDIK;JIWA;2022/2023 GANJIL;L;TK;274
9089;15;JAMBI;1509;150901;PESERTA DIDIK;JIWA;2022/2023 GANJIL;L;KB;189
9090;15;JAMBI;1509;150901;PESERTA DIDIK;JIWA;2022/2023 GANJIL;L;TPA;69
9091;15;JAMBI;1509;150901;PESERTA DIDIK;JIWA;2022/2023 GANJIL;L;SPS;0
9092;15;JAMBI;1509;150901;PESERTA DIDIK;JIWA;2022/2023 GANJIL;L;PKBM;35
9093;15;JAMBI;1509;150901;PESERTA DIDIK;JIWA;2022/2023 GANJIL;L;SKB;30
9094;15;JAMBI;1509;150901;PESERTA DIDIK;JIWA;2022/2023 GANJIL;L;SD;2,197
9095;15;JAMBI;1509;150901;PESERTA DIDIK;JIWA;2022/2023 GANJIL;L;SMP;707
9096;15;JAMBI;1509;150901;PESERTA DIDIK;JIWA;2022/2023 GANJIL;L;SMA;411
9097;15;JAMBI;1509;150901;PESERTA DIDIK;JIWA;2022/2023 GANJIL;L;SMK;447
9098;15;JAMBI;1509;150901;PESERTA DIDIK;JIWA;2022/2023 GANJIL;L;SLB;0
9099;15;JAMBI;1509;150901;PESERTA DIDIK;JIWA;2022/2023 GANJIL;P;TK;269
9100;15;JAMBI;1509;150901;PESERTA DIDIK;JIWA;2022/2023 GANJIL;P;KB;214
9101;15;JAMBI;1509;150901;PESERTA DIDIK;JIWA;2022/2023 GANJIL;P;TPA;42
9102;15;JAMBI;1509;150901;PESERTA DIDIK;JIWA;2022/2023 GANJIL;P;SPS;0
9103;15;JAMBI;1509;150901;PESERTA DIDIK;JIWA;2022/2023 GANJIL;P;PKBM;28
9104;15;JAMBI;1509;150901;PESERTA DIDIK;JIWA;2022/2023 GANJIL;P;SKB;24
9105;15;JAMBI;1509;150901;PESERTA DIDIK;JIWA;2022/2023 GANJIL;P;SD;1,939
9106;15;JAMBI;1509;150901;PESERTA DIDIK;JIWA;2022/2023 GANJIL;P;SMP;667
9107;15;JAMBI;1509;150901;PESERTA DIDIK;JIWA;2022/2023 GANJIL;P;SMA;516
9108;15;JAMBI;1509;150901;PESERTA DIDIK;JIWA;2022/2023 GANJIL;P;SMK;369
9109;15;JAMBI;1509;150901;PESERTA DIDIK;JIWA;2022/2023 GANJIL;P;SLB;0
9110;15;JAMBI;1509;150903;PESERTA DIDIK;JIWA;2022/2023 GENAP;L;TK;131
9111;15;JAMBI;1509;150903;PESERTA DIDIK;JIWA;2022/2023 GENAP;L;KB;179
9112;15;JAMBI;1509;150903;PESERTA DIDIK;JIWA;2022/2023 GENAP;L;TPA;0
9113;15;JAMBI;1509;150903;PESERTA DIDIK;JIWA;2022/2023 GENAP;L;SPS;0
9114;15;JAMBI;1509;150903;PESERTA DIDIK;JIWA;2022/2023 GENAP;L;PKBM;320
9115;15;JAMBI;1509;150903;PESERTA DIDIK;JIWA;2022/2023 GENAP;L;SKB;0
9116;15;JAMBI;1509;150903;PESERTA DIDIK;JIWA;2022/2023 GENAP;L;SD;1.647
9117;15;JAMBI;1509;150903;PESERTA DIDIK;JIWA;2022/2023 GENAP;L;SMP;427
9118;15;JAMBI;1509;150903;PESERTA DIDIK;JIWA;2022/2023 GENAP;L;SMA;396
9119;15;JAMBI;1509;150903;PESERTA DIDIK;JIWA;2022/2023 GENAP;L;SMK;96
9120;15;JAMBI;1509;150903;PESERTA DIDIK;JIWA;2022/2023 GENAP;L;SLB;0
9121;15;JAMBI;1509;150903;PESERTA DIDIK;JIWA;2022/2023 GENAP;P;TK;123
9122;15;JAMBI;1509;150903;PESERTA DIDIK;JIWA;2022/2023 GENAP;P;KB;158
9123;15;JAMBI;1509;150903;PESERTA DIDIK;JIWA;2022/2023 GENAP;P;TPA;0
9124;15;JAMBI;1509;150903;PESERTA DIDIK;JIWA;2022/2023 GENAP;P;SPS;0
9125;15;JAMBI;1509;150903;PESERTA DIDIK;JIWA;2022/2023 GENAP;P;PKBM;209
9126;15;JAMBI;1509;150903;PESERTA DIDIK;JIWA;2022/2023 GENAP;P;SKB;0
9127;15;JAMBI;1509;150903;PESERTA DIDIK;JIWA;2022/2023 GENAP;P;SD;1.503
9128;15;JAMBI;1509;150903;PESERTA DIDIK;JIWA;2022/2023 GENAP;P;SMP;435
9129;15;JAMBI;1509;150903;PESERTA DIDIK;JIWA;2022/2023 GENAP;P;SMA;414
9130;15;JAMBI;1509;150903;PESERTA DIDIK;JIWA;2022/2023 GENAP;P;SMK;44
9131;15;JAMBI;1509;150903;PESERTA DIDIK;JIWA;2022/2023 GENAP;P;SLB;0
9132;15;JAMBI;1509;150903;PESERTA DIDIK;JIWA;2022/2023 GANJIL;L;TK;131
9133;15;JAMBI;1509;150903;PESERTA DIDIK;JIWA;2022/2023 GANJIL;L;KB;178
9134;15;JAMBI;1509;150903;PESERTA DIDIK;JIWA;2022/2023 GANJIL;L;TPA;0
9135;15;JAMBI;1509;150903;PESERTA DIDIK;JIWA;2022/2023 GANJIL;L;SPS;0
9136;15;JAMBI;1509;150903;PESERTA DIDIK;JIWA;2022/2023 GANJIL;L;PKBM;313
9137;15;JAMBI;1509;150903;PESERTA DIDIK;JIWA;2022/2023 GANJIL;L;SKB;0
9138;15;JAMBI;1509;150903;PESERTA DIDIK;JIWA;2022/2023 GANJIL;L;SD;1,65
9139;15;JAMBI;1509;150903;PESERTA DIDIK;JIWA;2022/2023 GANJIL;L;SMP;419
9140;15;JAMBI;1509;150903;PESERTA DIDIK;JIWA;2022/2023 GANJIL;L;SMA;399
9141;15;JAMBI;1509;150903;PESERTA DIDIK;JIWA;2022/2023 GANJIL;L;SMK;103
9142;15;JAMBI;1509;150903;PESERTA DIDIK;JIWA;2022/2023 GANJIL;L;SLB;0
9143;15;JAMBI;1509;150903;PESERTA DIDIK;JIWA;2022/2023 GANJIL;P;TK;124
9144;15;JAMBI;1509;150903;PESERTA DIDIK;JIWA;2022/2023 GANJIL;P;KB;158
9145;15;JAMBI;1509;150903;PESERTA DIDIK;JIWA;2022/2023 GANJIL;P;TPA;0
9146;15;JAMBI;1509;150903;PESERTA DIDIK;JIWA;2022/2023 GANJIL;P;SPS;0
9147;15;JAMBI;1509;150903;PESERTA DIDIK;JIWA;2022/2023 GANJIL;P;PKBM;206
9148;15;JAMBI;1509;150903;PESERTA DIDIK;JIWA;2022/2023 GANJIL;P;SKB;0
9149;15;JAMBI;1509;150903;PESERTA DIDIK;JIWA;2022/2023 GANJIL;P;SD;1,506
9150;15;JAMBI;1509;150903;PESERTA DIDIK;JIWA;2022/2023 GANJIL;P;SMP;437
9151;15;JAMBI;1509;150903;PESERTA DIDIK;JIWA;2022/2023 GANJIL;P;SMA;416
9152;15;JAMBI;1509;150903;PESERTA DIDIK;JIWA;2022/2023 GANJIL;P;SMK;46
9153;15;JAMBI;1509;150903;PESERTA DIDIK;JIWA;2022/2023 GANJIL;P;SLB;0
9154;15;JAMBI;1571;157101;PESERTA DIDIK;JIWA;2022/2023 GENAP;L;TK;425
9155;15;JAMBI;1571;157101;PESERTA DIDIK;JIWA;2022/2023 GENAP;L;KB;103
9156;15;JAMBI;1571;157101;PESERTA DIDIK;JIWA;2022/2023 GENAP;L;TPA;90
9157;15;JAMBI;1571;157101;PESERTA DIDIK;JIWA;2022/2023 GENAP;L;SPS;17
9158;15;JAMBI;1571;157101;PESERTA DIDIK;JIWA;2022/2023 GENAP;L;PKBM;133
9159;15;JAMBI;1571;157101;PESERTA DIDIK;JIWA;2022/2023 GENAP;L;SKB;0
9160;15;JAMBI;1571;157101;PESERTA DIDIK;JIWA;2022/2023 GENAP;L;SD;3.836
9161;15;JAMBI;1571;157101;PESERTA DIDIK;JIWA;2022/2023 GENAP;L;SMP;2.117
9162;15;JAMBI;1571;157101;PESERTA DIDIK;JIWA;2022/2023 GENAP;L;SMA;1.101
9163;15;JAMBI;1571;157101;PESERTA DIDIK;JIWA;2022/2023 GENAP;L;SMK;878
9164;15;JAMBI;1571;157101;PESERTA DIDIK;JIWA;2022/2023 GENAP;L;SLB;223
9165;15;JAMBI;1571;157101;PESERTA DIDIK;JIWA;2022/2023 GENAP;P;TK;378
9166;15;JAMBI;1571;157101;PESERTA DIDIK;JIWA;2022/2023 GENAP;P;KB;89
9167;15;JAMBI;1571;157101;PESERTA DIDIK;JIWA;2022/2023 GENAP;P;TPA;75
9168;15;JAMBI;1571;157101;PESERTA DIDIK;JIWA;2022/2023 GENAP;P;SPS;13
9169;15;JAMBI;1571;157101;PESERTA DIDIK;JIWA;2022/2023 GENAP;P;PKBM;54
9170;15;JAMBI;1571;157101;PESERTA DIDIK;JIWA;2022/2023 GENAP;P;SKB;0
9171;15;JAMBI;1571;157101;PESERTA DIDIK;JIWA;2022/2023 GENAP;P;SD;3.576
9172;15;JAMBI;1571;157101;PESERTA DIDIK;JIWA;2022/2023 GENAP;P;SMP;2.050
9173;15;JAMBI;1571;157101;PESERTA DIDIK;JIWA;2022/2023 GENAP;P;SMA;1.353
9174;15;JAMBI;1571;157101;PESERTA DIDIK;JIWA;2022/2023 GENAP;P;SMK;970
9175;15;JAMBI;1571;157101;PESERTA DIDIK;JIWA;2022/2023 GENAP;P;SLB;131
9176;15;JAMBI;1571;157101;PESERTA DIDIK;JIWA;2022/2023 GANJIL;L;TK;424
9177;15;JAMBI;1571;157101;PESERTA DIDIK;JIWA;2022/2023 GANJIL;L;KB;113
9178;15;JAMBI;1571;157101;PESERTA DIDIK;JIWA;2022/2023 GANJIL;L;TPA;91
9179;15;JAMBI;1571;157101;PESERTA DIDIK;JIWA;2022/2023 GANJIL;L;SPS;17
9180;15;JAMBI;1571;157101;PESERTA DIDIK;JIWA;2022/2023 GANJIL;L;PKBM;133
9181;15;JAMBI;1571;157101;PESERTA DIDIK;JIWA;2022/2023 GANJIL;L;SKB;0
9182;15;JAMBI;1571;157101;PESERTA DIDIK;JIWA;2022/2023 GANJIL;L;SD;3,836
9183;15;JAMBI;1571;157101;PESERTA DIDIK;JIWA;2022/2023 GANJIL;L;SMP;2,111
9184;15;JAMBI;1571;157101;PESERTA DIDIK;JIWA;2022/2023 GANJIL;L;SMA;1,116
9185;15;JAMBI;1571;157101;PESERTA DIDIK;JIWA;2022/2023 GANJIL;L;SMK;895
9186;15;JAMBI;1571;157101;PESERTA DIDIK;JIWA;2022/2023 GANJIL;L;SLB;226
9187;15;JAMBI;1571;157101;PESERTA DIDIK;JIWA;2022/2023 GANJIL;P;TK;373
9188;15;JAMBI;1571;157101;PESERTA DIDIK;JIWA;2022/2023 GANJIL;P;KB;95
9189;15;JAMBI;1571;157101;PESERTA DIDIK;JIWA;2022/2023 GANJIL;P;TPA;75
9190;15;JAMBI;1571;157101;PESERTA DIDIK;JIWA;2022/2023 GANJIL;P;SPS;13
9191;15;JAMBI;1571;157101;PESERTA DIDIK;JIWA;2022/2023 GANJIL;P;PKBM;54
9192;15;JAMBI;1571;157101;PESERTA DIDIK;JIWA;2022/2023 GANJIL;P;SKB;0
9193;15;JAMBI;1571;157101;PESERTA DIDIK;JIWA;2022/2023 GANJIL;P;SD;3,58
9194;15;JAMBI;1571;157101;PESERTA DIDIK;JIWA;2022/2023 GANJIL;P;SMP;2,054
9195;15;JAMBI;1571;157101;PESERTA DIDIK;JIWA;2022/2023 GANJIL;P;SMA;1,352
9196;15;JAMBI;1571;157101;PESERTA DIDIK;JIWA;2022/2023 GANJIL;P;SMK;980
9197;15;JAMBI;1571;157101;PESERTA DIDIK;JIWA;2022/2023 GANJIL;P;SLB;132
9198;15;JAMBI;1509;150909;PESERTA DIDIK;JIWA;2022/2023 GENAP;L;TK;184
9199;15;JAMBI;1509;150909;PESERTA DIDIK;JIWA;2022/2023 GENAP;L;KB;179
9200;15;JAMBI;1509;150909;PESERTA DIDIK;JIWA;2022/2023 GENAP;L;TPA;0
9201;15;JAMBI;1509;150909;PESERTA DIDIK;JIWA;2022/2023 GENAP;L;SPS;9
9202;15;JAMBI;1509;150909;PESERTA DIDIK;JIWA;2022/2023 GENAP;L;PKBM;140
9203;15;JAMBI;1509;150909;PESERTA DIDIK;JIWA;2022/2023 GENAP;L;SKB;0
9204;15;JAMBI;1509;150909;PESERTA DIDIK;JIWA;2022/2023 GENAP;L;SD;2.077
9205;15;JAMBI;1509;150909;PESERTA DIDIK;JIWA;2022/2023 GENAP;L;SMP;442
9206;15;JAMBI;1509;150909;PESERTA DIDIK;JIWA;2022/2023 GENAP;L;SMA;163
9207;15;JAMBI;1509;150909;PESERTA DIDIK;JIWA;2022/2023 GENAP;L;SMK;255
9208;15;JAMBI;1509;150909;PESERTA DIDIK;JIWA;2022/2023 GENAP;L;SLB;0
9209;15;JAMBI;1509;150909;PESERTA DIDIK;JIWA;2022/2023 GENAP;P;TK;181
9210;15;JAMBI;1509;150909;PESERTA DIDIK;JIWA;2022/2023 GENAP;P;KB;157
9211;15;JAMBI;1509;150909;PESERTA DIDIK;JIWA;2022/2023 GENAP;P;TPA;0
9212;15;JAMBI;1509;150909;PESERTA DIDIK;JIWA;2022/2023 GENAP;P;SPS;7
9213;15;JAMBI;1509;150909;PESERTA DIDIK;JIWA;2022/2023 GENAP;P;PKBM;84
9214;15;JAMBI;1509;150909;PESERTA DIDIK;JIWA;2022/2023 GENAP;P;SKB;0
9215;15;JAMBI;1509;150909;PESERTA DIDIK;JIWA;2022/2023 GENAP;P;SD;1.837
9216;15;JAMBI;1509;150909;PESERTA DIDIK;JIWA;2022/2023 GENAP;P;SMP;402
9217;15;JAMBI;1509;150909;PESERTA DIDIK;JIWA;2022/2023 GENAP;P;SMA;171
9218;15;JAMBI;1509;150909;PESERTA DIDIK;JIWA;2022/2023 GENAP;P;SMK;142
9219;15;JAMBI;1509;150909;PESERTA DIDIK;JIWA;2022/2023 GENAP;P;SLB;0
9220;15;JAMBI;1509;150909;PESERTA DIDIK;JIWA;2022/2023 GANJIL;L;TK;183
9221;15;JAMBI;1509;150909;PESERTA DIDIK;JIWA;2022/2023 GANJIL;L;KB;186
9222;15;JAMBI;1509;150909;PESERTA DIDIK;JIWA;2022/2023 GANJIL;L;TPA;0
9223;15;JAMBI;1509;150909;PESERTA DIDIK;JIWA;2022/2023 GANJIL;L;SPS;9
9224;15;JAMBI;1509;150909;PESERTA DIDIK;JIWA;2022/2023 GANJIL;L;PKBM;100
9225;15;JAMBI;1509;150909;PESERTA DIDIK;JIWA;2022/2023 GANJIL;L;SKB;0
9226;15;JAMBI;1509;150909;PESERTA DIDIK;JIWA;2022/2023 GANJIL;L;SD;2,067
9227;15;JAMBI;1509;150909;PESERTA DIDIK;JIWA;2022/2023 GANJIL;L;SMP;427
9228;15;JAMBI;1509;150909;PESERTA DIDIK;JIWA;2022/2023 GANJIL;L;SMA;171
9229;15;JAMBI;1509;150909;PESERTA DIDIK;JIWA;2022/2023 GANJIL;L;SMK;263
9230;15;JAMBI;1509;150909;PESERTA DIDIK;JIWA;2022/2023 GANJIL;L;SLB;0
9231;15;JAMBI;1509;150909;PESERTA DIDIK;JIWA;2022/2023 GANJIL;P;TK;176
9232;15;JAMBI;1509;150909;PESERTA DIDIK;JIWA;2022/2023 GANJIL;P;KB;160
9233;15;JAMBI;1509;150909;PESERTA DIDIK;JIWA;2022/2023 GANJIL;P;TPA;0
9234;15;JAMBI;1509;150909;PESERTA DIDIK;JIWA;2022/2023 GANJIL;P;SPS;7
9235;15;JAMBI;1509;150909;PESERTA DIDIK;JIWA;2022/2023 GANJIL;P;PKBM;68
9236;15;JAMBI;1509;150909;PESERTA DIDIK;JIWA;2022/2023 GANJIL;P;SKB;0
9237;15;JAMBI;1509;150909;PESERTA DIDIK;JIWA;2022/2023 GANJIL;P;SD;1,837
9238;15;JAMBI;1509;150909;PESERTA DIDIK;JIWA;2022/2023 GANJIL;P;SMP;396
9239;15;JAMBI;1509;150909;PESERTA DIDIK;JIWA;2022/2023 GANJIL;P;SMA;176
9240;15;JAMBI;1509;150909;PESERTA DIDIK;JIWA;2022/2023 GANJIL;P;SMK;145
9241;15;JAMBI;1509;150909;PESERTA DIDIK;JIWA;2022/2023 GANJIL;P;SLB;0
9242;15;JAMBI;1502;150224;PESERTA DIDIK;JIWA;2022/2023 GENAP;L;TK;0
9243;15;JAMBI;1502;150224;PESERTA DIDIK;JIWA;2022/2023 GENAP;L;KB;65
9244;15;JAMBI;1502;150224;PESERTA DIDIK;JIWA;2022/2023 GENAP;L;TPA;0
9245;15;JAMBI;1502;150224;PESERTA DIDIK;JIWA;2022/2023 GENAP;L;SPS;0
9246;15;JAMBI;1502;150224;PESERTA DIDIK;JIWA;2022/2023 GENAP;L;PKBM;0
9247;15;JAMBI;1502;150224;PESERTA DIDIK;JIWA;2022/2023 GENAP;L;SKB;0
9248;15;JAMBI;1502;150224;PESERTA DIDIK;JIWA;2022/2023 GENAP;L;SD;246
9249;15;JAMBI;1502;150224;PESERTA DIDIK;JIWA;2022/2023 GENAP;L;SMP;41
9250;15;JAMBI;1502;150224;PESERTA DIDIK;JIWA;2022/2023 GENAP;L;SMA;44
9251;15;JAMBI;1502;150224;PESERTA DIDIK;JIWA;2022/2023 GENAP;L;SMK;0
9252;15;JAMBI;1502;150224;PESERTA DIDIK;JIWA;2022/2023 GENAP;L;SLB;0
9253;15;JAMBI;1502;150224;PESERTA DIDIK;JIWA;2022/2023 GENAP;P;TK;0
9254;15;JAMBI;1502;150224;PESERTA DIDIK;JIWA;2022/2023 GENAP;P;KB;72
9255;15;JAMBI;1502;150224;PESERTA DIDIK;JIWA;2022/2023 GENAP;P;TPA;0
9256;15;JAMBI;1502;150224;PESERTA DIDIK;JIWA;2022/2023 GENAP;P;SPS;0
9257;15;JAMBI;1502;150224;PESERTA DIDIK;JIWA;2022/2023 GENAP;P;PKBM;0
9258;15;JAMBI;1502;150224;PESERTA DIDIK;JIWA;2022/2023 GENAP;P;SKB;0
9259;15;JAMBI;1502;150224;PESERTA DIDIK;JIWA;2022/2023 GENAP;P;SD;235
9260;15;JAMBI;1502;150224;PESERTA DIDIK;JIWA;2022/2023 GENAP;P;SMP;47
9261;15;JAMBI;1502;150224;PESERTA DIDIK;JIWA;2022/2023 GENAP;P;SMA;36
9262;15;JAMBI;1502;150224;PESERTA DIDIK;JIWA;2022/2023 GENAP;P;SMK;0
9263;15;JAMBI;1502;150224;PESERTA DIDIK;JIWA;2022/2023 GENAP;P;SLB;0
9264;15;JAMBI;1502;150224;PESERTA DIDIK;JIWA;2022/2023 GANJIL;L;TK;0
9265;15;JAMBI;1502;150224;PESERTA DIDIK;JIWA;2022/2023 GANJIL;L;KB;65
9266;15;JAMBI;1502;150224;PESERTA DIDIK;JIWA;2022/2023 GANJIL;L;TPA;0
9267;15;JAMBI;1502;150224;PESERTA DIDIK;JIWA;2022/2023 GANJIL;L;SPS;0
9268;15;JAMBI;1502;150224;PESERTA DIDIK;JIWA;2022/2023 GANJIL;L;PKBM;0
9269;15;JAMBI;1502;150224;PESERTA DIDIK;JIWA;2022/2023 GANJIL;L;SKB;0
9270;15;JAMBI;1502;150224;PESERTA DIDIK;JIWA;2022/2023 GANJIL;L;SD;245
9271;15;JAMBI;1502;150224;PESERTA DIDIK;JIWA;2022/2023 GANJIL;L;SMP;40
9272;15;JAMBI;1502;150224;PESERTA DIDIK;JIWA;2022/2023 GANJIL;L;SMA;42
9273;15;JAMBI;1502;150224;PESERTA DIDIK;JIWA;2022/2023 GANJIL;L;SMK;0
9274;15;JAMBI;1502;150224;PESERTA DIDIK;JIWA;2022/2023 GANJIL;L;SLB;0
9275;15;JAMBI;1502;150224;PESERTA DIDIK;JIWA;2022/2023 GANJIL;P;TK;0
9276;15;JAMBI;1502;150224;PESERTA DIDIK;JIWA;2022/2023 GANJIL;P;KB;72
9277;15;JAMBI;1502;150224;PESERTA DIDIK;JIWA;2022/2023 GANJIL;P;TPA;0
9278;15;JAMBI;1502;150224;PESERTA DIDIK;JIWA;2022/2023 GANJIL;P;SPS;0
9279;15;JAMBI;1502;150224;PESERTA DIDIK;JIWA;2022/2023 GANJIL;P;PKBM;0
9280;15;JAMBI;1502;150224;PESERTA DIDIK;JIWA;2022/2023 GANJIL;P;SKB;0
9281;15;JAMBI;1502;150224;PESERTA DIDIK;JIWA;2022/2023 GANJIL;P;SD;238
9282;15;JAMBI;1502;150224;PESERTA DIDIK;JIWA;2022/2023 GANJIL;P;SMP;44
9283;15;JAMBI;1502;150224;PESERTA DIDIK;JIWA;2022/2023 GANJIL;P;SMA;39
9284;15;JAMBI;1502;150224;PESERTA DIDIK;JIWA;2022/2023 GANJIL;P;SMK;0
9285;15;JAMBI;1502;150224;PESERTA DIDIK;JIWA;2022/2023 GANJIL;P;SLB;0
9286;15;JAMBI;1506;150602;PESERTA DIDIK;JIWA;2022/2023 GENAP;L;TK;411
9287;15;JAMBI;1506;150602;PESERTA DIDIK;JIWA;2022/2023 GENAP;L;KB;317
9288;15;JAMBI;1506;150602;PESERTA DIDIK;JIWA;2022/2023 GENAP;L;TPA;67
9289;15;JAMBI;1506;150602;PESERTA DIDIK;JIWA;2022/2023 GENAP;L;SPS;167
9290;15;JAMBI;1506;150602;PESERTA DIDIK;JIWA;2022/2023 GENAP;L;PKBM;681
9291;15;JAMBI;1506;150602;PESERTA DIDIK;JIWA;2022/2023 GENAP;L;SKB;0
9292;15;JAMBI;1506;150602;PESERTA DIDIK;JIWA;2022/2023 GENAP;L;SD;3.721
9293;15;JAMBI;1506;150602;PESERTA DIDIK;JIWA;2022/2023 GENAP;L;SMP;981
9294;15;JAMBI;1506;150602;PESERTA DIDIK;JIWA;2022/2023 GENAP;L;SMA;820
9295;15;JAMBI;1506;150602;PESERTA DIDIK;JIWA;2022/2023 GENAP;L;SMK;429
9296;15;JAMBI;1506;150602;PESERTA DIDIK;JIWA;2022/2023 GENAP;L;SLB;79
9297;15;JAMBI;1506;150602;PESERTA DIDIK;JIWA;2022/2023 GENAP;P;TK;340
9298;15;JAMBI;1506;150602;PESERTA DIDIK;JIWA;2022/2023 GENAP;P;KB;308
9299;15;JAMBI;1506;150602;PESERTA DIDIK;JIWA;2022/2023 GENAP;P;TPA;39
9300;15;JAMBI;1506;150602;PESERTA DIDIK;JIWA;2022/2023 GENAP;P;SPS;154
9301;15;JAMBI;1506;150602;PESERTA DIDIK;JIWA;2022/2023 GENAP;P;PKBM;366
9302;15;JAMBI;1506;150602;PESERTA DIDIK;JIWA;2022/2023 GENAP;P;SKB;0
9303;15;JAMBI;1506;150602;PESERTA DIDIK;JIWA;2022/2023 GENAP;P;SD;3.440
9304;15;JAMBI;1506;150602;PESERTA DIDIK;JIWA;2022/2023 GENAP;P;SMP;1.041
9305;15;JAMBI;1506;150602;PESERTA DIDIK;JIWA;2022/2023 GENAP;P;SMA;889
9306;15;JAMBI;1506;150602;PESERTA DIDIK;JIWA;2022/2023 GENAP;P;SMK;511
9307;15;JAMBI;1506;150602;PESERTA DIDIK;JIWA;2022/2023 GENAP;P;SLB;38
9308;15;JAMBI;1506;150602;PESERTA DIDIK;JIWA;2022/2023 GANJIL;L;TK;410
9309;15;JAMBI;1506;150602;PESERTA DIDIK;JIWA;2022/2023 GANJIL;L;KB;313
9310;15;JAMBI;1506;150602;PESERTA DIDIK;JIWA;2022/2023 GANJIL;L;TPA;78
9311;15;JAMBI;1506;150602;PESERTA DIDIK;JIWA;2022/2023 GANJIL;L;SPS;166
9312;15;JAMBI;1506;150602;PESERTA DIDIK;JIWA;2022/2023 GANJIL;L;PKBM;667
9313;15;JAMBI;1506;150602;PESERTA DIDIK;JIWA;2022/2023 GANJIL;L;SKB;0
9314;15;JAMBI;1506;150602;PESERTA DIDIK;JIWA;2022/2023 GANJIL;L;SD;3,752
9315;15;JAMBI;1506;150602;PESERTA DIDIK;JIWA;2022/2023 GANJIL;L;SMP;987
9316;15;JAMBI;1506;150602;PESERTA DIDIK;JIWA;2022/2023 GANJIL;L;SMA;831
9317;15;JAMBI;1506;150602;PESERTA DIDIK;JIWA;2022/2023 GANJIL;L;SMK;451
9318;15;JAMBI;1506;150602;PESERTA DIDIK;JIWA;2022/2023 GANJIL;L;SLB;80
9319;15;JAMBI;1506;150602;PESERTA DIDIK;JIWA;2022/2023 GANJIL;P;TK;344
9320;15;JAMBI;1506;150602;PESERTA DIDIK;JIWA;2022/2023 GANJIL;P;KB;289
9321;15;JAMBI;1506;150602;PESERTA DIDIK;JIWA;2022/2023 GANJIL;P;TPA;46
9322;15;JAMBI;1506;150602;PESERTA DIDIK;JIWA;2022/2023 GANJIL;P;SPS;154
9323;15;JAMBI;1506;150602;PESERTA DIDIK;JIWA;2022/2023 GANJIL;P;PKBM;354
9324;15;JAMBI;1506;150602;PESERTA DIDIK;JIWA;2022/2023 GANJIL;P;SKB;0
9325;15;JAMBI;1506;150602;PESERTA DIDIK;JIWA;2022/2023 GANJIL;P;SD;3,459
9326;15;JAMBI;1506;150602;PESERTA DIDIK;JIWA;2022/2023 GANJIL;P;SMP;1,046
9327;15;JAMBI;1506;150602;PESERTA DIDIK;JIWA;2022/2023 GANJIL;P;SMA;889
9328;15;JAMBI;1506;150602;PESERTA DIDIK;JIWA;2022/2023 GANJIL;P;SMK;523
9329;15;JAMBI;1506;150602;PESERTA DIDIK;JIWA;2022/2023 GANJIL;P;SLB;37
9330;15;JAMBI;1506;150601;PESERTA DIDIK;JIWA;2022/2023 GENAP;L;TK;125
9331;15;JAMBI;1506;150601;PESERTA DIDIK;JIWA;2022/2023 GENAP;L;KB;161
9332;15;JAMBI;1506;150601;PESERTA DIDIK;JIWA;2022/2023 GENAP;L;TPA;0
9333;15;JAMBI;1506;150601;PESERTA DIDIK;JIWA;2022/2023 GENAP;L;SPS;0
9334;15;JAMBI;1506;150601;PESERTA DIDIK;JIWA;2022/2023 GENAP;L;PKBM;117
9335;15;JAMBI;1506;150601;PESERTA DIDIK;JIWA;2022/2023 GENAP;L;SKB;74
9336;15;JAMBI;1506;150601;PESERTA DIDIK;JIWA;2022/2023 GENAP;L;SD;870
9337;15;JAMBI;1506;150601;PESERTA DIDIK;JIWA;2022/2023 GENAP;L;SMP;197
9338;15;JAMBI;1506;150601;PESERTA DIDIK;JIWA;2022/2023 GENAP;L;SMA;125
9339;15;JAMBI;1506;150601;PESERTA DIDIK;JIWA;2022/2023 GENAP;L;SMK;269
9340;15;JAMBI;1506;150601;PESERTA DIDIK;JIWA;2022/2023 GENAP;L;SLB;0
9341;15;JAMBI;1506;150601;PESERTA DIDIK;JIWA;2022/2023 GENAP;P;TK;103
9342;15;JAMBI;1506;150601;PESERTA DIDIK;JIWA;2022/2023 GENAP;P;KB;144
9343;15;JAMBI;1506;150601;PESERTA DIDIK;JIWA;2022/2023 GENAP;P;TPA;0
9344;15;JAMBI;1506;150601;PESERTA DIDIK;JIWA;2022/2023 GENAP;P;SPS;0
9345;15;JAMBI;1506;150601;PESERTA DIDIK;JIWA;2022/2023 GENAP;P;PKBM;51
9346;15;JAMBI;1506;150601;PESERTA DIDIK;JIWA;2022/2023 GENAP;P;SKB;38
9347;15;JAMBI;1506;150601;PESERTA DIDIK;JIWA;2022/2023 GENAP;P;SD;831
9348;15;JAMBI;1506;150601;PESERTA DIDIK;JIWA;2022/2023 GENAP;P;SMP;219
9349;15;JAMBI;1506;150601;PESERTA DIDIK;JIWA;2022/2023 GENAP;P;SMA;134
9350;15;JAMBI;1506;150601;PESERTA DIDIK;JIWA;2022/2023 GENAP;P;SMK;172
9351;15;JAMBI;1506;150601;PESERTA DIDIK;JIWA;2022/2023 GENAP;P;SLB;0
9352;15;JAMBI;1506;150601;PESERTA DIDIK;JIWA;2022/2023 GANJIL;L;TK;137
9353;15;JAMBI;1506;150601;PESERTA DIDIK;JIWA;2022/2023 GANJIL;L;KB;167
9354;15;JAMBI;1506;150601;PESERTA DIDIK;JIWA;2022/2023 GANJIL;L;TPA;0
9355;15;JAMBI;1506;150601;PESERTA DIDIK;JIWA;2022/2023 GANJIL;L;SPS;0
9356;15;JAMBI;1506;150601;PESERTA DIDIK;JIWA;2022/2023 GANJIL;L;PKBM;115
9357;15;JAMBI;1506;150601;PESERTA DIDIK;JIWA;2022/2023 GANJIL;L;SKB;55
9358;15;JAMBI;1506;150601;PESERTA DIDIK;JIWA;2022/2023 GANJIL;L;SD;868
9359;15;JAMBI;1506;150601;PESERTA DIDIK;JIWA;2022/2023 GANJIL;L;SMP;198
9360;15;JAMBI;1506;150601;PESERTA DIDIK;JIWA;2022/2023 GANJIL;L;SMA;129
9361;15;JAMBI;1506;150601;PESERTA DIDIK;JIWA;2022/2023 GANJIL;L;SMK;281
9362;15;JAMBI;1506;150601;PESERTA DIDIK;JIWA;2022/2023 GANJIL;L;SLB;0
9363;15;JAMBI;1506;150601;PESERTA DIDIK;JIWA;2022/2023 GANJIL;P;TK;107
9364;15;JAMBI;1506;150601;PESERTA DIDIK;JIWA;2022/2023 GANJIL;P;KB;162
9365;15;JAMBI;1506;150601;PESERTA DIDIK;JIWA;2022/2023 GANJIL;P;TPA;0
9366;15;JAMBI;1506;150601;PESERTA DIDIK;JIWA;2022/2023 GANJIL;P;SPS;0
9367;15;JAMBI;1506;150601;PESERTA DIDIK;JIWA;2022/2023 GANJIL;P;PKBM;51
9368;15;JAMBI;1506;150601;PESERTA DIDIK;JIWA;2022/2023 GANJIL;P;SKB;19
9369;15;JAMBI;1506;150601;PESERTA DIDIK;JIWA;2022/2023 GANJIL;P;SD;830
9370;15;JAMBI;1506;150601;PESERTA DIDIK;JIWA;2022/2023 GANJIL;P;SMP;220
9371;15;JAMBI;1506;150601;PESERTA DIDIK;JIWA;2022/2023 GANJIL;P;SMA;131
9372;15;JAMBI;1506;150601;PESERTA DIDIK;JIWA;2022/2023 GANJIL;P;SMK;176
9373;15;JAMBI;1506;150601;PESERTA DIDIK;JIWA;2022/2023 GANJIL;P;SLB;0
9374;15;JAMBI;1509;150906;PESERTA DIDIK;JIWA;2022/2023 GENAP;L;TK;96
9375;15;JAMBI;1509;150906;PESERTA DIDIK;JIWA;2022/2023 GENAP;L;KB;162
9376;15;JAMBI;1509;150906;PESERTA DIDIK;JIWA;2022/2023 GENAP;L;TPA;0
9377;15;JAMBI;1509;150906;PESERTA DIDIK;JIWA;2022/2023 GENAP;L;SPS;0
9378;15;JAMBI;1509;150906;PESERTA DIDIK;JIWA;2022/2023 GENAP;L;PKBM;0
9379;15;JAMBI;1509;150906;PESERTA DIDIK;JIWA;2022/2023 GENAP;L;SKB;0
9380;15;JAMBI;1509;150906;PESERTA DIDIK;JIWA;2022/2023 GENAP;L;SD;1.470
9381;15;JAMBI;1509;150906;PESERTA DIDIK;JIWA;2022/2023 GENAP;L;SMP;218
9382;15;JAMBI;1509;150906;PESERTA DIDIK;JIWA;2022/2023 GENAP;L;SMA;154
9383;15;JAMBI;1509;150906;PESERTA DIDIK;JIWA;2022/2023 GENAP;L;SMK;0
9384;15;JAMBI;1509;150906;PESERTA DIDIK;JIWA;2022/2023 GENAP;L;SLB;0
9385;15;JAMBI;1509;150906;PESERTA DIDIK;JIWA;2022/2023 GENAP;P;TK;84
9386;15;JAMBI;1509;150906;PESERTA DIDIK;JIWA;2022/2023 GENAP;P;KB;187
9387;15;JAMBI;1509;150906;PESERTA DIDIK;JIWA;2022/2023 GENAP;P;TPA;0
9388;15;JAMBI;1509;150906;PESERTA DIDIK;JIWA;2022/2023 GENAP;P;SPS;0
9389;15;JAMBI;1509;150906;PESERTA DIDIK;JIWA;2022/2023 GENAP;P;PKBM;0
9390;15;JAMBI;1509;150906;PESERTA DIDIK;JIWA;2022/2023 GENAP;P;SKB;0
9391;15;JAMBI;1509;150906;PESERTA DIDIK;JIWA;2022/2023 GENAP;P;SD;1.369
9392;15;JAMBI;1509;150906;PESERTA DIDIK;JIWA;2022/2023 GENAP;P;SMP;256
9393;15;JAMBI;1509;150906;PESERTA DIDIK;JIWA;2022/2023 GENAP;P;SMA;155
9394;15;JAMBI;1509;150906;PESERTA DIDIK;JIWA;2022/2023 GENAP;P;SMK;0
9395;15;JAMBI;1509;150906;PESERTA DIDIK;JIWA;2022/2023 GENAP;P;SLB;0
9396;15;JAMBI;1509;150906;PESERTA DIDIK;JIWA;2022/2023 GANJIL;L;TK;92
9397;15;JAMBI;1509;150906;PESERTA DIDIK;JIWA;2022/2023 GANJIL;L;KB;163
9398;15;JAMBI;1509;150906;PESERTA DIDIK;JIWA;2022/2023 GANJIL;L;TPA;0
9399;15;JAMBI;1509;150906;PESERTA DIDIK;JIWA;2022/2023 GANJIL;L;SPS;0
9400;15;JAMBI;1509;150906;PESERTA DIDIK;JIWA;2022/2023 GANJIL;L;PKBM;0
9401;15;JAMBI;1509;150906;PESERTA DIDIK;JIWA;2022/2023 GANJIL;L;SKB;0
9402;15;JAMBI;1509;150906;PESERTA DIDIK;JIWA;2022/2023 GANJIL;L;SD;1,438
9403;15;JAMBI;1509;150906;PESERTA DIDIK;JIWA;2022/2023 GANJIL;L;SMP;219
9404;15;JAMBI;1509;150906;PESERTA DIDIK;JIWA;2022/2023 GANJIL;L;SMA;155
9405;15;JAMBI;1509;150906;PESERTA DIDIK;JIWA;2022/2023 GANJIL;L;SMK;0
9406;15;JAMBI;1509;150906;PESERTA DIDIK;JIWA;2022/2023 GANJIL;L;SLB;0
9407;15;JAMBI;1509;150906;PESERTA DIDIK;JIWA;2022/2023 GANJIL;P;TK;80
9408;15;JAMBI;1509;150906;PESERTA DIDIK;JIWA;2022/2023 GANJIL;P;KB;188
9409;15;JAMBI;1509;150906;PESERTA DIDIK;JIWA;2022/2023 GANJIL;P;TPA;0
9410;15;JAMBI;1509;150906;PESERTA DIDIK;JIWA;2022/2023 GANJIL;P;SPS;0
9411;15;JAMBI;1509;150906;PESERTA DIDIK;JIWA;2022/2023 GANJIL;P;PKBM;0
9412;15;JAMBI;1509;150906;PESERTA DIDIK;JIWA;2022/2023 GANJIL;P;SKB;0
9413;15;JAMBI;1509;150906;PESERTA DIDIK;JIWA;2022/2023 GANJIL;P;SD;1,359
9414;15;JAMBI;1509;150906;PESERTA DIDIK;JIWA;2022/2023 GANJIL;P;SMP;254
9415;15;JAMBI;1509;150906;PESERTA DIDIK;JIWA;2022/2023 GANJIL;P;SMA;157
9416;15;JAMBI;1509;150906;PESERTA DIDIK;JIWA;2022/2023 GANJIL;P;SMK;0
9417;15;JAMBI;1509;150906;PESERTA DIDIK;JIWA;2022/2023 GANJIL;P;SLB;0
9418;15;JAMBI;1509;150911;PESERTA DIDIK;JIWA;2022/2023 GENAP;L;TK;201
9419;15;JAMBI;1509;150911;PESERTA DIDIK;JIWA;2022/2023 GENAP;L;KB;95
9420;15;JAMBI;1509;150911;PESERTA DIDIK;JIWA;2022/2023 GENAP;L;TPA;0
9421;15;JAMBI;1509;150911;PESERTA DIDIK;JIWA;2022/2023 GENAP;L;SPS;0
9422;15;JAMBI;1509;150911;PESERTA DIDIK;JIWA;2022/2023 GENAP;L;PKBM;0
9423;15;JAMBI;1509;150911;PESERTA DIDIK;JIWA;2022/2023 GENAP;L;SKB;0
9424;15;JAMBI;1509;150911;PESERTA DIDIK;JIWA;2022/2023 GENAP;L;SD;1.249
9425;15;JAMBI;1509;150911;PESERTA DIDIK;JIWA;2022/2023 GENAP;L;SMP;291
9426;15;JAMBI;1509;150911;PESERTA DIDIK;JIWA;2022/2023 GENAP;L;SMA;0
9427;15;JAMBI;1509;150911;PESERTA DIDIK;JIWA;2022/2023 GENAP;L;SMK;147
9428;15;JAMBI;1509;150911;PESERTA DIDIK;JIWA;2022/2023 GENAP;L;SLB;0
9429;15;JAMBI;1509;150911;PESERTA DIDIK;JIWA;2022/2023 GENAP;P;TK;183
9430;15;JAMBI;1509;150911;PESERTA DIDIK;JIWA;2022/2023 GENAP;P;KB;101
9431;15;JAMBI;1509;150911;PESERTA DIDIK;JIWA;2022/2023 GENAP;P;TPA;0
9432;15;JAMBI;1509;150911;PESERTA DIDIK;JIWA;2022/2023 GENAP;P;SPS;0
9433;15;JAMBI;1509;150911;PESERTA DIDIK;JIWA;2022/2023 GENAP;P;PKBM;0
9434;15;JAMBI;1509;150911;PESERTA DIDIK;JIWA;2022/2023 GENAP;P;SKB;0
9435;15;JAMBI;1509;150911;PESERTA DIDIK;JIWA;2022/2023 GENAP;P;SD;1.175
9436;15;JAMBI;1509;150911;PESERTA DIDIK;JIWA;2022/2023 GENAP;P;SMP;315
9437;15;JAMBI;1509;150911;PESERTA DIDIK;JIWA;2022/2023 GENAP;P;SMA;0
9438;15;JAMBI;1509;150911;PESERTA DIDIK;JIWA;2022/2023 GENAP;P;SMK;177
9439;15;JAMBI;1509;150911;PESERTA DIDIK;JIWA;2022/2023 GENAP;P;SLB;0
9440;15;JAMBI;1509;150911;PESERTA DIDIK;JIWA;2022/2023 GANJIL;L;TK;202
9441;15;JAMBI;1509;150911;PESERTA DIDIK;JIWA;2022/2023 GANJIL;L;KB;95
9442;15;JAMBI;1509;150911;PESERTA DIDIK;JIWA;2022/2023 GANJIL;L;TPA;0
9443;15;JAMBI;1509;150911;PESERTA DIDIK;JIWA;2022/2023 GANJIL;L;SPS;0
9444;15;JAMBI;1509;150911;PESERTA DIDIK;JIWA;2022/2023 GANJIL;L;PKBM;0
9445;15;JAMBI;1509;150911;PESERTA DIDIK;JIWA;2022/2023 GANJIL;L;SKB;0
9446;15;JAMBI;1509;150911;PESERTA DIDIK;JIWA;2022/2023 GANJIL;L;SD;1,246
9447;15;JAMBI;1509;150911;PESERTA DIDIK;JIWA;2022/2023 GANJIL;L;SMP;287
9448;15;JAMBI;1509;150911;PESERTA DIDIK;JIWA;2022/2023 GANJIL;L;SMA;0
9449;15;JAMBI;1509;150911;PESERTA DIDIK;JIWA;2022/2023 GANJIL;L;SMK;153
9450;15;JAMBI;1509;150911;PESERTA DIDIK;JIWA;2022/2023 GANJIL;L;SLB;0
9451;15;JAMBI;1509;150911;PESERTA DIDIK;JIWA;2022/2023 GANJIL;P;TK;186
9452;15;JAMBI;1509;150911;PESERTA DIDIK;JIWA;2022/2023 GANJIL;P;KB;101
9453;15;JAMBI;1509;150911;PESERTA DIDIK;JIWA;2022/2023 GANJIL;P;TPA;0
9454;15;JAMBI;1509;150911;PESERTA DIDIK;JIWA;2022/2023 GANJIL;P;SPS;0
9455;15;JAMBI;1509;150911;PESERTA DIDIK;JIWA;2022/2023 GANJIL;P;PKBM;0
9456;15;JAMBI;1509;150911;PESERTA DIDIK;JIWA;2022/2023 GANJIL;P;SKB;0
9457;15;JAMBI;1509;150911;PESERTA DIDIK;JIWA;2022/2023 GANJIL;P;SD;1,165
9458;15;JAMBI;1509;150911;PESERTA DIDIK;JIWA;2022/2023 GANJIL;P;SMP;316
9459;15;JAMBI;1509;150911;PESERTA DIDIK;JIWA;2022/2023 GANJIL;P;SMA;0
9460;15;JAMBI;1509;150911;PESERTA DIDIK;JIWA;2022/2023 GANJIL;P;SMK;179
9461;15;JAMBI;1509;150911;PESERTA DIDIK;JIWA;2022/2023 GANJIL;P;SLB;0
